mmsi,name,flag,pred_activity,activity_confidence,pred_vessel_type,vessel_confidence,prob_anchored,prob_bunkering,prob_dredging,prob_fishing,prob_loiter,prob_patrol_sweep,prob_sts,prob_transit,prob_transshipment,dark_vessel_risk,iuu_fishing_risk,sts_evasion_risk,overall_anomaly_score,pred_activity_label,pred_vessel_label
500057503,MV_BRA_CARGO_000,BR,transit,0.9980555555555556,bulk_carrier,0.9999999729290644,0.0011111111111111111,0.0,0.0,0.0008333333333333334,0.0,0.0,0.0,0.9980555555555556,0.0,0.002430555555555555,0.0,0.0,0.002430555555555555,Transit,Bulk Carrier
500057503,MV_BRA_CARGO_000,BR,transit,0.9979999999999999,bulk_carrier,0.9999999729290644,0.0,0.0,0.0,0.0,0.0,0.0,0.002,0.9979999999999999,0.0,0.002430555555555555,0.0,0.0,0.002430555555555555,Transit,Bulk Carrier
500057503,MV_BRA_CARGO_000,BR,transit,1.0,bulk_carrier,0.9999999729290644,0.0,0.0,0.0,0.0,0.0,0.0,0.0,1.0,0.0,0.002430555555555555,0.0,0.0,0.002430555555555555,Transit,Bulk Carrier
500057503,MV_BRA_CARGO_000,BR,transit,0.9997411003236247,bulk_carrier,0.9999999729290644,0.0,0.0,0.0,0.0001941747572815534,0.0,3.2362459546925564e-05,0.0,0.9997411003236247,3.2362459546925564e-05,0.002430555555555555,0.0,0.0,0.002430555555555555,Transit,Bulk Carrier
500057503,MV_BRA_CARGO_000,BR,transit,0.9988888888888887,bulk_carrier,0.9999999729290644,0.0011111111111111111,0.0,0.0,0.0,0.0,0.0,0.0,0.9988888888888887,0.0,0.002430555555555555,0.0,0.0,0.002430555555555555,Transit,Bulk Carrier
500057503,MV_BRA_CARGO_000,BR,transit,0.9997411003236247,bulk_carrier,0.9999999729290644,0.0,0.0,0.0,0.0001941747572815534,0.0,3.2362459546925564e-05,0.0,0.9997411003236247,3.2362459546925564e-05,0.002430555555555555,0.0,0.0,0.002430555555555555,Transit,Bulk Carrier
500057503,MV_BRA_CARGO_000,BR,transit,1.0,bulk_carrier,0.9999999729290644,0.0,0.0,0.0,0.0,0.0,0.0,0.0,1.0,0.0,0.002430555555555555,0.0,0.0,0.002430555555555555,Transit,Bulk Carrier
500057503,MV_BRA_CARGO_000,BR,transit,1.0,bulk_carrier,0.9999999729290644,0.0,0.0,0.0,0.0,0.0,0.0,0.0,1.0,0.0,0.002430555555555555,0.0,0.0,0.002430555555555555,Transit,Bulk Carrier
500057503,MV_BRA_CARGO_000,BR,transit,1.0,bulk_carrier,0.9999999729290644,0.0,0.0,0.0,0.0,0.0,0.0,0.0,1.0,0.0,0.002430555555555555,0.0,0.0,0.002430555555555555,Transit,Bulk Carrier
500057503,MV_BRA_CARGO_000,BR,transit,1.0,bulk_carrier,0.9999999729290644,0.0,0.0,0.0,0.0,0.0,0.0,0.0,1.0,0.0,0.002430555555555555,0.0,0.0,0.002430555555555555,Transit,Bulk Carrier
500057503,MV_BRA_CARGO_000,BR,transit,1.0,bulk_carrier,0.9999999729290644,0.0,0.0,0.0,0.0,0.0,0.0,0.0,1.0,0.0,0.002430555555555555,0.0,0.0,0.002430555555555555,Transit,Bulk Carrier
500057503,MV_BRA_CARGO_000,BR,transit,1.0,bulk_carrier,0.9999999729290644,0.0,0.0,0.0,0.0,0.0,0.0,0.0,1.0,0.0,0.002430555555555555,0.0,0.0,0.002430555555555555,Transit,Bulk Carrier
500057503,MV_BRA_CARGO_000,BR,transit,1.0,bulk_carrier,0.9999999729290644,0.0,0.0,0.0,0.0,0.0,0.0,0.0,1.0,0.0,0.002430555555555555,0.0,0.0,0.002430555555555555,Transit,Bulk Carrier
500057503,MV_BRA_CARGO_000,BR,transit,1.0,bulk_carrier,0.9999999729290644,0.0,0.0,0.0,0.0,0.0,0.0,0.0,1.0,0.0,0.002430555555555555,0.0,0.0,0.002430555555555555,Transit,Bulk Carrier
500057503,MV_BRA_CARGO_000,BR,transit,1.0,bulk_carrier,0.9999999729290644,0.0,0.0,0.0,0.0,0.0,0.0,0.0,1.0,0.0,0.002430555555555555,0.0,0.0,0.002430555555555555,Transit,Bulk Carrier
500057503,MV_BRA_CARGO_000,BR,transit,1.0,bulk_carrier,0.9999999729290644,0.0,0.0,0.0,0.0,0.0,0.0,0.0,1.0,0.0,0.002430555555555555,0.0,0.0,0.002430555555555555,Transit,Bulk Carrier
500057503,MV_BRA_CARGO_000,BR,transit,1.0,bulk_carrier,0.9999999729290644,0.0,0.0,0.0,0.0,0.0,0.0,0.0,1.0,0.0,0.002430555555555555,0.0,0.0,0.002430555555555555,Transit,Bulk Carrier
500057503,MV_BRA_CARGO_000,BR,transit,1.0,bulk_carrier,0.9999999729290644,0.0,0.0,0.0,0.0,0.0,0.0,0.0,1.0,0.0,0.002430555555555555,0.0,0.0,0.002430555555555555,Transit,Bulk Carrier
500057503,MV_BRA_CARGO_000,BR,transit,0.9977777777777779,bulk_carrier,0.9999999729290644,0.0,0.0,0.0,0.0,0.0,0.0,0.0022222222222222222,0.9977777777777779,0.0,0.002430555555555555,0.0,0.0,0.002430555555555555,Transit,Bulk Carrier
500057503,MV_BRA_CARGO_000,BR,transit,1.0,bulk_carrier,0.9999999729290644,0.0,0.0,0.0,0.0,0.0,0.0,0.0,1.0,0.0,0.002430555555555555,0.0,0.0,0.002430555555555555,Transit,Bulk Carrier
500057503,MV_BRA_CARGO_000,BR,transit,1.0,bulk_carrier,0.9999999729290644,0.0,0.0,0.0,0.0,0.0,0.0,0.0,1.0,0.0,0.002430555555555555,0.0,0.0,0.002430555555555555,Transit,Bulk Carrier
500057503,MV_BRA_CARGO_000,BR,transit,0.9975,bulk_carrier,0.9999999729290644,0.0,0.0,0.0,0.0,0.0,0.0,0.0025,0.9975,0.0,0.002430555555555555,0.0,0.0,0.002430555555555555,Transit,Bulk Carrier
500057503,MV_BRA_CARGO_000,BR,transit,1.0,bulk_carrier,0.9999999731959284,0.0,0.0,0.0,0.0,0.0,0.0,0.0,1.0,0.0,0.002430555555555555,0.0,0.0,0.002430555555555555,Transit,Bulk Carrier
500057503,MV_BRA_CARGO_000,BR,transit,1.0,bulk_carrier,0.9999999731959284,0.0,0.0,0.0,0.0,0.0,0.0,0.0,1.0,0.0,0.002430555555555555,0.0,0.0,0.002430555555555555,Transit,Bulk Carrier
500057503,MV_BRA_CARGO_000,BR,transit,1.0,bulk_carrier,0.9999999729290644,0.0,0.0,0.0,0.0,0.0,0.0,0.0,1.0,0.0,0.002430555555555555,0.0,0.0,0.002430555555555555,Transit,Bulk Carrier
500057503,MV_BRA_CARGO_000,BR,transit,1.0,bulk_carrier,0.9999999729290644,0.0,0.0,0.0,0.0,0.0,0.0,0.0,1.0,0.0,0.002430555555555555,0.0,0.0,0.002430555555555555,Transit,Bulk Carrier
500057503,MV_BRA_CARGO_000,BR,transit,1.0,bulk_carrier,0.9999999729290644,0.0,0.0,0.0,0.0,0.0,0.0,0.0,1.0,0.0,0.002430555555555555,0.0,0.0,0.002430555555555555,Transit,Bulk Carrier
500057503,MV_BRA_CARGO_000,BR,transit,1.0,bulk_carrier,0.9999999729290644,0.0,0.0,0.0,0.0,0.0,0.0,0.0,1.0,0.0,0.002430555555555555,0.0,0.0,0.002430555555555555,Transit,Bulk Carrier
500057503,MV_BRA_CARGO_000,BR,transit,0.9997411003236247,bulk_carrier,0.9999999729290644,0.0,0.0,0.0,0.0001941747572815534,0.0,3.2362459546925564e-05,0.0,0.9997411003236247,3.2362459546925564e-05,0.002430555555555555,0.0,0.0,0.002430555555555555,Transit,Bulk Carrier
500057503,MV_BRA_CARGO_000,BR,transit,1.0,bulk_carrier,0.9999999729290644,0.0,0.0,0.0,0.0,0.0,0.0,0.0,1.0,0.0,0.002430555555555555,0.0,0.0,0.002430555555555555,Transit,Bulk Carrier
500057503,MV_BRA_CARGO_000,BR,transit,0.9997411003236247,bulk_carrier,0.9999999729290644,0.0,0.0,0.0,0.0001941747572815534,0.0,3.2362459546925564e-05,0.0,0.9997411003236247,3.2362459546925564e-05,0.002430555555555555,0.0,0.0,0.002430555555555555,Transit,Bulk Carrier
500057503,MV_BRA_CARGO_000,BR,transit,1.0,bulk_carrier,0.9999999729290644,0.0,0.0,0.0,0.0,0.0,0.0,0.0,1.0,0.0,0.002430555555555555,0.0,0.0,0.002430555555555555,Transit,Bulk Carrier
500057503,MV_BRA_CARGO_000,BR,transit,1.0,bulk_carrier,0.9999999729290644,0.0,0.0,0.0,0.0,0.0,0.0,0.0,1.0,0.0,0.002430555555555555,0.0,0.0,0.002430555555555555,Transit,Bulk Carrier
500057503,MV_BRA_CARGO_000,BR,transit,1.0,bulk_carrier,0.9999999729290644,0.0,0.0,0.0,0.0,0.0,0.0,0.0,1.0,0.0,0.002430555555555555,0.0,0.0,0.002430555555555555,Transit,Bulk Carrier
500057503,MV_BRA_CARGO_000,BR,transit,0.9997411003236247,bulk_carrier,0.9999999731959284,0.0,0.0,0.0,0.0001941747572815534,0.0,3.2362459546925564e-05,0.0,0.9997411003236247,3.2362459546925564e-05,0.002430555555555555,0.0,0.0,0.002430555555555555,Transit,Bulk Carrier
500057503,MV_BRA_CARGO_000,BR,transit,1.0,bulk_carrier,0.9999999731959284,0.0,0.0,0.0,0.0,0.0,0.0,0.0,1.0,0.0,0.002430555555555555,0.0,0.0,0.002430555555555555,Transit,Bulk Carrier
500057503,MV_BRA_CARGO_000,BR,transit,1.0,bulk_carrier,0.9999999729290644,0.0,0.0,0.0,0.0,0.0,0.0,0.0,1.0,0.0,0.002430555555555555,0.0,0.0,0.002430555555555555,Transit,Bulk Carrier
500057503,MV_BRA_CARGO_000,BR,transit,1.0,bulk_carrier,0.9999999729290644,0.0,0.0,0.0,0.0,0.0,0.0,0.0,1.0,0.0,0.002430555555555555,0.0,0.0,0.002430555555555555,Transit,Bulk Carrier
500057503,MV_BRA_CARGO_000,BR,transit,1.0,bulk_carrier,0.9999999729290644,0.0,0.0,0.0,0.0,0.0,0.0,0.0,1.0,0.0,0.002430555555555555,0.0,0.0,0.002430555555555555,Transit,Bulk Carrier
500057503,MV_BRA_CARGO_000,BR,transit,1.0,bulk_carrier,0.9999999729290644,0.0,0.0,0.0,0.0,0.0,0.0,0.0,1.0,0.0,0.002430555555555555,0.0,0.0,0.002430555555555555,Transit,Bulk Carrier
500057503,MV_BRA_CARGO_000,BR,transit,1.0,bulk_carrier,0.9999999731959284,0.0,0.0,0.0,0.0,0.0,0.0,0.0,1.0,0.0,0.002430555555555555,0.0,0.0,0.002430555555555555,Transit,Bulk Carrier
500057503,MV_BRA_CARGO_000,BR,transit,1.0,bulk_carrier,0.9999999729290644,0.0,0.0,0.0,0.0,0.0,0.0,0.0,1.0,0.0,0.002430555555555555,0.0,0.0,0.002430555555555555,Transit,Bulk Carrier
500057503,MV_BRA_CARGO_000,BR,transit,1.0,bulk_carrier,0.9999999729290644,0.0,0.0,0.0,0.0,0.0,0.0,0.0,1.0,0.0,0.002430555555555555,0.0,0.0,0.002430555555555555,Transit,Bulk Carrier
500057503,MV_BRA_CARGO_000,BR,transit,1.0,bulk_carrier,0.9999999731959284,0.0,0.0,0.0,0.0,0.0,0.0,0.0,1.0,0.0,0.002430555555555555,0.0,0.0,0.002430555555555555,Transit,Bulk Carrier
500057503,MV_BRA_CARGO_000,BR,transit,1.0,bulk_carrier,0.9999999729290644,0.0,0.0,0.0,0.0,0.0,0.0,0.0,1.0,0.0,0.002430555555555555,0.0,0.0,0.002430555555555555,Transit,Bulk Carrier
500057503,MV_BRA_CARGO_000,BR,transit,1.0,bulk_carrier,0.9999999729290644,0.0,0.0,0.0,0.0,0.0,0.0,0.0,1.0,0.0,0.002430555555555555,0.0,0.0,0.002430555555555555,Transit,Bulk Carrier
500057503,MV_BRA_CARGO_000,BR,transit,1.0,bulk_carrier,0.9999999729290644,0.0,0.0,0.0,0.0,0.0,0.0,0.0,1.0,0.0,0.002430555555555555,0.0,0.0,0.002430555555555555,Transit,Bulk Carrier
500057503,MV_BRA_CARGO_000,BR,transit,1.0,bulk_carrier,0.9999999729290644,0.0,0.0,0.0,0.0,0.0,0.0,0.0,1.0,0.0,0.002430555555555555,0.0,0.0,0.002430555555555555,Transit,Bulk Carrier
500057503,MV_BRA_CARGO_000,BR,transit,1.0,bulk_carrier,0.9999999729290644,0.0,0.0,0.0,0.0,0.0,0.0,0.0,1.0,0.0,0.002430555555555555,0.0,0.0,0.002430555555555555,Transit,Bulk Carrier
500057503,MV_BRA_CARGO_000,BR,transit,0.9979999999999999,bulk_carrier,0.9999999729290644,0.002,0.0,0.0,0.0,0.0,0.0,0.0,0.9979999999999999,0.0,0.002430555555555555,0.0,0.0,0.002430555555555555,Transit,Bulk Carrier
500057503,MV_BRA_CARGO_000,BR,transit,0.9979999999999999,bulk_carrier,0.9999999729290644,0.002,0.0,0.0,0.0,0.0,0.0,0.0,0.9979999999999999,0.0,0.002430555555555555,0.0,0.0,0.002430555555555555,Transit,Bulk Carrier
500057503,MV_BRA_CARGO_000,BR,transit,1.0,bulk_carrier,0.9999999729290644,0.0,0.0,0.0,0.0,0.0,0.0,0.0,1.0,0.0,0.002430555555555555,0.0,0.0,0.002430555555555555,Transit,Bulk Carrier
500057503,MV_BRA_CARGO_000,BR,transit,1.0,bulk_carrier,0.9999999729290644,0.0,0.0,0.0,0.0,0.0,0.0,0.0,1.0,0.0,0.002430555555555555,0.0,0.0,0.002430555555555555,Transit,Bulk Carrier
500057503,MV_BRA_CARGO_000,BR,transit,0.9903968253968255,bulk_carrier,0.9999999729290644,0.005555555555555555,0.002380952380952381,0.0,0.0,0.0,0.0,0.0016666666666666668,0.9903968253968255,0.0,0.002430555555555555,0.0,0.0,0.002430555555555555,Transit,Bulk Carrier
500057503,MV_BRA_CARGO_000,BR,transit,1.0,bulk_carrier,0.9999999729290644,0.0,0.0,0.0,0.0,0.0,0.0,0.0,1.0,0.0,0.002430555555555555,0.0,0.0,0.002430555555555555,Transit,Bulk Carrier
500057503,MV_BRA_CARGO_000,BR,transit,1.0,bulk_carrier,0.9999999729290644,0.0,0.0,0.0,0.0,0.0,0.0,0.0,1.0,0.0,0.002430555555555555,0.0,0.0,0.002430555555555555,Transit,Bulk Carrier
500057504,MV_BRA_CARGO_001,BR,transit,0.9905555555555554,cargo,0.8975931498946379,0.009444444444444443,0.0,0.0,0.0,0.0,0.0,0.0,0.9905555555555554,0.0,0.002430555555555555,0.0,0.0,0.002430555555555555,Transit,Cargo
500057504,MV_BRA_CARGO_001,BR,transit,0.995,cargo,0.8984606853066797,0.005,0.0,0.0,0.0,0.0,0.0,0.0,0.995,0.0,0.002430555555555555,0.0,0.0,0.002430555555555555,Transit,Cargo
500057504,MV_BRA_CARGO_001,BR,transit,0.995,cargo,0.8984606853066797,0.005,0.0,0.0,0.0,0.0,0.0,0.0,0.995,0.0,0.002430555555555555,0.0,0.0,0.002430555555555555,Transit,Cargo
500057504,MV_BRA_CARGO_001,BR,transit,0.995,cargo,0.8984573507200817,0.005,0.0,0.0,0.0,0.0,0.0,0.0,0.995,0.0,0.002430555555555555,0.0,0.0,0.002430555555555555,Transit,Cargo
500057504,MV_BRA_CARGO_001,BR,transit,0.9972222222222221,cargo,0.8984606853066797,0.0027777777777777775,0.0,0.0,0.0,0.0,0.0,0.0,0.9972222222222221,0.0,0.002430555555555555,0.0,0.0,0.002430555555555555,Transit,Cargo
500057504,MV_BRA_CARGO_001,BR,transit,0.9972222222222221,cargo,0.8975965096263248,0.0027777777777777775,0.0,0.0,0.0,0.0,0.0,0.0,0.9972222222222221,0.0,0.002430555555555555,0.0,0.0,0.002430555555555555,Transit,Cargo
500057504,MV_BRA_CARGO_001,BR,transit,0.9955555555555554,cargo,0.8975965096263248,0.0044444444444444444,0.0,0.0,0.0,0.0,0.0,0.0,0.9955555555555554,0.0,0.002430555555555555,0.0,0.0,0.002430555555555555,Transit,Cargo
500057504,MV_BRA_CARGO_001,BR,transit,0.9933333333333333,cargo,0.8975965096263248,0.006666666666666666,0.0,0.0,0.0,0.0,0.0,0.0,0.9933333333333333,0.0,0.002430555555555555,0.0,0.0,0.002430555555555555,Transit,Cargo
500057504,MV_BRA_CARGO_001,BR,transit,0.995,cargo,0.8975965096263248,0.005,0.0,0.0,0.0,0.0,0.0,0.0,0.995,0.0,0.002430555555555555,0.0,0.0,0.002430555555555555,Transit,Cargo
500057504,MV_BRA_CARGO_001,BR,transit,0.9897222222222221,cargo,0.8975931498946379,0.006944444444444443,0.0,0.0,0.0,0.0033333333333333335,0.0,0.0,0.9897222222222221,0.0,0.002430555555555555,0.0,0.0,0.002430555555555555,Transit,Cargo
500057504,MV_BRA_CARGO_001,BR,transit,0.9877777777777778,cargo,0.8975965096263248,0.01138888888888889,0.0,0.0,0.0008333333333333334,0.0,0.0,0.0,0.9877777777777778,0.0,0.002430555555555555,0.0,0.0,0.002430555555555555,Transit,Cargo
500057504,MV_BRA_CARGO_001,BR,transit,0.9913888888888888,cargo,0.8975965096263248,0.008611111111111111,0.0,0.0,0.0,0.0,0.0,0.0,0.9913888888888888,0.0,0.002430555555555555,0.0,0.0,0.002430555555555555,Transit,Cargo
500057504,MV_BRA_CARGO_001,BR,transit,0.9972222222222221,cargo,0.8975931498946379,0.0027777777777777775,0.0,0.0,0.0,0.0,0.0,0.0,0.9972222222222221,0.0,0.002430555555555555,0.0,0.0,0.002430555555555555,Transit,Cargo
500057504,MV_BRA_CARGO_001,BR,transit,0.9927777777777779,cargo,0.8975965096263248,0.005,0.0,0.0,0.0,0.0,0.0,0.0022222222222222222,0.9927777777777779,0.0,0.002430555555555555,0.0,0.0,0.002430555555555555,Transit,Cargo
500057504,MV_BRA_CARGO_001,BR,transit,0.9927777777777779,cargo,0.8975965096263248,0.005,0.0,0.0,0.0,0.0,0.0,0.0022222222222222222,0.9927777777777779,0.0,0.002430555555555555,0.0,0.0,0.002430555555555555,Transit,Cargo
500057504,MV_BRA_CARGO_001,BR,transit,0.9908333333333333,cargo,0.8975965096263248,0.009166666666666667,0.0,0.0,0.0,0.0,0.0,0.0,0.9908333333333333,0.0,0.002430555555555555,0.0,0.0,0.002430555555555555,Transit,Cargo
500057504,MV_BRA_CARGO_001,BR,transit,0.9863888888888888,cargo,0.8975965096263248,0.013611111111111114,0.0,0.0,0.0,0.0,0.0,0.0,0.9863888888888888,0.0,0.002430555555555555,0.0,0.0,0.002430555555555555,Transit,Cargo
500057504,MV_BRA_CARGO_001,BR,transit,0.9908333333333333,cargo,0.8975965096263248,0.009166666666666667,0.0,0.0,0.0,0.0,0.0,0.0,0.9908333333333333,0.0,0.002430555555555555,0.0,0.0,0.002430555555555555,Transit,Cargo
500057504,MV_BRA_CARGO_001,BR,transit,0.9877777777777778,cargo,0.8975965096263248,0.012222222222222223,0.0,0.0,0.0,0.0,0.0,0.0,0.9877777777777778,0.0,0.002430555555555555,0.0,0.0,0.002430555555555555,Transit,Cargo
500057504,MV_BRA_CARGO_001,BR,transit,0.9905555555555554,cargo,0.8975965096263248,0.009444444444444443,0.0,0.0,0.0,0.0,0.0,0.0,0.9905555555555554,0.0,0.002430555555555555,0.0,0.0,0.002430555555555555,Transit,Cargo
500057504,MV_BRA_CARGO_001,BR,transit,0.9925,cargo,0.8975931498946379,0.0075,0.0,0.0,0.0,0.0,0.0,0.0,0.9925,0.0,0.002430555555555555,0.0,0.0,0.002430555555555555,Transit,Cargo
500057504,MV_BRA_CARGO_001,BR,transit,0.9972222222222221,cargo,0.8975965096263248,0.0027777777777777775,0.0,0.0,0.0,0.0,0.0,0.0,0.9972222222222221,0.0,0.002430555555555555,0.0,0.0,0.002430555555555555,Transit,Cargo
500057504,MV_BRA_CARGO_001,BR,transit,0.9972222222222221,cargo,0.8984606853066797,0.0027777777777777775,0.0,0.0,0.0,0.0,0.0,0.0,0.9972222222222221,0.0,0.002430555555555555,0.0,0.0,0.002430555555555555,Transit,Cargo
500057504,MV_BRA_CARGO_001,BR,transit,0.995,cargo,0.8984606853066797,0.005,0.0,0.0,0.0,0.0,0.0,0.0,0.995,0.0,0.002430555555555555,0.0,0.0,0.002430555555555555,Transit,Cargo
500057504,MV_BRA_CARGO_001,BR,transit,0.995,cargo,0.8975965096263248,0.005,0.0,0.0,0.0,0.0,0.0,0.0,0.995,0.0,0.002430555555555555,0.0,0.0,0.002430555555555555,Transit,Cargo
500057504,MV_BRA_CARGO_001,BR,transit,0.9863888888888888,cargo,0.8975965092371367,0.013611111111111114,0.0,0.0,0.0,0.0,0.0,0.0,0.9863888888888888,0.0,0.002430555555555555,0.0,0.0,0.002430555555555555,Transit,Cargo
500057504,MV_BRA_CARGO_001,BR,transit,0.9922222222222221,cargo,0.8984606853066797,0.007777777777777777,0.0,0.0,0.0,0.0,0.0,0.0,0.9922222222222221,0.0,0.002430555555555555,0.0,0.0,0.002430555555555555,Transit,Cargo
500057504,MV_BRA_CARGO_001,BR,transit,0.995,cargo,0.8984606853066797,0.005,0.0,0.0,0.0,0.0,0.0,0.0,0.995,0.0,0.002430555555555555,0.0,0.0,0.002430555555555555,Transit,Cargo
500057504,MV_BRA_CARGO_001,BR,transit,0.9922222222222221,cargo,0.8984606853066797,0.007777777777777777,0.0,0.0,0.0,0.0,0.0,0.0,0.9922222222222221,0.0,0.002430555555555555,0.0,0.0,0.002430555555555555,Transit,Cargo
500057504,MV_BRA_CARGO_001,BR,transit,0.9905744336569581,cargo,0.8984606853066797,0.009166666666666667,0.0,0.0,0.0001941747572815534,0.0,3.2362459546925564e-05,0.0,0.9905744336569581,3.2362459546925564e-05,0.002430555555555555,0.0,0.0,0.002430555555555555,Transit,Cargo
500057504,MV_BRA_CARGO_001,BR,transit,0.9908333333333333,cargo,0.8975965096263248,0.009166666666666667,0.0,0.0,0.0,0.0,0.0,0.0,0.9908333333333333,0.0,0.002430555555555555,0.0,0.0,0.002430555555555555,Transit,Cargo
500057504,MV_BRA_CARGO_001,BR,transit,0.9908333333333333,cargo,0.8984606853066797,0.009166666666666667,0.0,0.0,0.0,0.0,0.0,0.0,0.9908333333333333,0.0,0.002430555555555555,0.0,0.0,0.002430555555555555,Transit,Cargo
500057504,MV_BRA_CARGO_001,BR,transit,0.9913888888888888,cargo,0.8975965096263248,0.008611111111111111,0.0,0.0,0.0,0.0,0.0,0.0,0.9913888888888888,0.0,0.002430555555555555,0.0,0.0,0.002430555555555555,Transit,Cargo
500057504,MV_BRA_CARGO_001,BR,transit,0.9972222222222221,cargo,0.8975965096263248,0.0027777777777777775,0.0,0.0,0.0,0.0,0.0,0.0,0.9972222222222221,0.0,0.002430555555555555,0.0,0.0,0.002430555555555555,Transit,Cargo
500057504,MV_BRA_CARGO_001,BR,transit,0.9972222222222221,cargo,0.8975965096263248,0.0027777777777777775,0.0,0.0,0.0,0.0,0.0,0.0,0.9972222222222221,0.0,0.002430555555555555,0.0,0.0,0.002430555555555555,Transit,Cargo
500057504,MV_BRA_CARGO_001,BR,transit,0.995,cargo,0.8975965096263248,0.005,0.0,0.0,0.0,0.0,0.0,0.0,0.995,0.0,0.002430555555555555,0.0,0.0,0.002430555555555555,Transit,Cargo
500057504,MV_BRA_CARGO_001,BR,transit,0.9888888888888888,cargo,0.8975965096263248,0.011111111111111112,0.0,0.0,0.0,0.0,0.0,0.0,0.9888888888888888,0.0,0.002430555555555555,0.0,0.0,0.002430555555555555,Transit,Cargo
500057504,MV_BRA_CARGO_001,BR,transit,0.9955555555555554,cargo,0.8975965096263248,0.0044444444444444444,0.0,0.0,0.0,0.0,0.0,0.0,0.9955555555555554,0.0,0.002430555555555555,0.0,0.0,0.002430555555555555,Transit,Cargo
500057504,MV_BRA_CARGO_001,BR,transit,0.9902777777777777,cargo,0.8975965096263248,0.009722222222222222,0.0,0.0,0.0,0.0,0.0,0.0,0.9902777777777777,0.0,0.002430555555555555,0.0,0.0,0.002430555555555555,Transit,Cargo
500057504,MV_BRA_CARGO_001,BR,transit,0.9891666666666666,cargo,0.8975965096263248,0.010833333333333334,0.0,0.0,0.0,0.0,0.0,0.0,0.9891666666666666,0.0,0.002430555555555555,0.0,0.0,0.002430555555555555,Transit,Cargo
500057504,MV_BRA_CARGO_001,BR,transit,0.9905744336569581,cargo,0.8984606853066797,0.009166666666666667,0.0,0.0,0.0001941747572815534,0.0,3.2362459546925564e-05,0.0,0.9905744336569581,3.2362459546925564e-05,0.002430555555555555,0.0,0.0,0.002430555555555555,Transit,Cargo
500057504,MV_BRA_CARGO_001,BR,transit,0.995,cargo,0.8984606853066797,0.005,0.0,0.0,0.0,0.0,0.0,0.0,0.995,0.0,0.002430555555555555,0.0,0.0,0.002430555555555555,Transit,Cargo
500057504,MV_BRA_CARGO_001,BR,transit,0.9933333333333333,cargo,0.8975965096263248,0.006666666666666666,0.0,0.0,0.0,0.0,0.0,0.0,0.9933333333333333,0.0,0.002430555555555555,0.0,0.0,0.002430555555555555,Transit,Cargo
500057504,MV_BRA_CARGO_001,BR,transit,0.9883333333333333,cargo,0.8975964925240896,0.011666666666666667,0.0,0.0,0.0,0.0,0.0,0.0,0.9883333333333333,0.0,0.002430555555555555,0.0,0.0,0.002430555555555555,Transit,Cargo
500057504,MV_BRA_CARGO_001,BR,transit,0.9916666666666667,cargo,0.8975965096263248,0.008333333333333333,0.0,0.0,0.0,0.0,0.0,0.0,0.9916666666666667,0.0,0.002430555555555555,0.0,0.0,0.002430555555555555,Transit,Cargo
500057504,MV_BRA_CARGO_001,BR,transit,0.9900744336569579,cargo,0.8975965096263248,0.008333333333333333,0.0,0.0,0.0001941747572815534,0.0013333333333333335,3.2362459546925564e-05,0.0,0.9900744336569579,3.2362459546925564e-05,0.002430555555555555,0.0,0.0,0.002430555555555555,Transit,Cargo
500057504,MV_BRA_CARGO_001,BR,transit,0.9936666666666667,cargo,0.8975965096263248,0.005,0.0,0.0,0.0,0.0013333333333333335,0.0,0.0,0.9936666666666667,0.0,0.002430555555555555,0.0,0.0,0.002430555555555555,Transit,Cargo
500057504,MV_BRA_CARGO_001,BR,transit,0.995,cargo,0.8975931498946379,0.005,0.0,0.0,0.0,0.0,0.0,0.0,0.995,0.0,0.002430555555555555,0.0,0.0,0.002430555555555555,Transit,Cargo
500057504,MV_BRA_CARGO_001,BR,transit,0.995,cargo,0.8975965096263248,0.0027777777777777775,0.0,0.0,0.0022222222222222222,0.0,0.0,0.0,0.995,0.0,0.002430555555555555,0.0,0.0,0.002430555555555555,Transit,Cargo
500057504,MV_BRA_CARGO_001,BR,transit,0.995,cargo,0.8975965096263248,0.005,0.0,0.0,0.0,0.0,0.0,0.0,0.995,0.0,0.002430555555555555,0.0,0.0,0.002430555555555555,Transit,Cargo
500057504,MV_BRA_CARGO_001,BR,transit,0.9850555555555555,cargo,0.8975965096263248,0.013611111111111114,0.0,0.0,0.0,0.0013333333333333335,0.0,0.0,0.9850555555555555,0.0,0.002430555555555555,0.0,0.0,0.002430555555555555,Transit,Cargo
500057504,MV_BRA_CARGO_001,BR,transit,0.9817222222222222,cargo,0.8984606853066797,0.016944444444444443,0.0,0.0,0.0,0.0013333333333333335,0.0,0.0,0.9817222222222222,0.0,0.002430555555555555,0.0,0.0,0.002430555555555555,Transit,Cargo
500057504,MV_BRA_CARGO_001,BR,transit,0.995,cargo,0.8984606853066797,0.005,0.0,0.0,0.0,0.0,0.0,0.0,0.995,0.0,0.002430555555555555,0.0,0.0,0.002430555555555555,Transit,Cargo
500057504,MV_BRA_CARGO_001,BR,transit,0.995,cargo,0.8984606853066797,0.005,0.0,0.0,0.0,0.0,0.0,0.0,0.995,0.0,0.002430555555555555,0.0,0.0,0.002430555555555555,Transit,Cargo
500057504,MV_BRA_CARGO_001,BR,transit,0.9895,cargo,0.8975965096263248,0.009166666666666667,0.0,0.0,0.0,0.0013333333333333335,0.0,0.0,0.9895,0.0,0.002430555555555555,0.0,0.0,0.002430555555555555,Transit,Cargo
500057504,MV_BRA_CARGO_001,BR,transit,0.9972222222222221,cargo,0.8975965096263248,0.0027777777777777775,0.0,0.0,0.0,0.0,0.0,0.0,0.9972222222222221,0.0,0.002430555555555555,0.0,0.0,0.002430555555555555,Transit,Cargo
500057505,MV_BRA_CARGO_002,PA,transit,0.9875,cargo,0.9999999874259206,0.0125,0.0,0.0,0.0,0.0,0.0,0.0,0.9875,0.0,0.002430555555555555,0.3,0.0,0.3,Transit,Cargo
500057505,MV_BRA_CARGO_002,PA,transit,0.9905555555555554,cargo,0.9999999862718094,0.009444444444444443,0.0,0.0,0.0,0.0,0.0,0.0,0.9905555555555554,0.0,0.002430555555555555,0.3,0.0,0.3,Transit,Cargo
500057505,MV_BRA_CARGO_002,PA,transit,0.986111111111111,cargo,0.9999999874532154,0.012222222222222221,0.0,0.0,0.0,0.0,0.0,0.0016666666666666668,0.986111111111111,0.0,0.002430555555555555,0.3,0.0,0.3,Transit,Cargo
500057505,MV_BRA_CARGO_002,PA,transit,0.9877777777777778,cargo,0.9999999864030975,0.012222222222222221,0.0,0.0,0.0,0.0,0.0,0.0,0.9877777777777778,0.0,0.002430555555555555,0.3,0.0,0.3,Transit,Cargo
500057505,MV_BRA_CARGO_002,PA,transit,0.9863888888888888,cargo,0.9999999874259206,0.013611111111111114,0.0,0.0,0.0,0.0,0.0,0.0,0.9863888888888888,0.0,0.002430555555555555,0.3,0.0,0.3,Transit,Cargo
500057505,MV_BRA_CARGO_002,PA,transit,0.984722222222222,cargo,0.9999999862308682,0.015277777777777779,0.0,0.0,0.0,0.0,0.0,0.0,0.984722222222222,0.0,0.002430555555555555,0.3,0.0,0.3,Transit,Cargo
500057505,MV_BRA_CARGO_002,PA,transit,0.9852777777777777,cargo,0.9999999862308631,0.014722222222222223,0.0,0.0,0.0,0.0,0.0,0.0,0.9852777777777777,0.0,0.002430555555555555,0.3,0.0,0.3,Transit,Cargo
500057505,MV_BRA_CARGO_002,PA,transit,0.9791666666666666,cargo,0.9999999862308631,0.02083333333333333,0.0,0.0,0.0,0.0,0.0,0.0,0.9791666666666666,0.0,0.002430555555555555,0.3,0.0,0.3,Transit,Cargo
500057505,MV_BRA_CARGO_002,PA,transit,0.984722222222222,cargo,0.9999999862718094,0.015277777777777779,0.0,0.0,0.0,0.0,0.0,0.0,0.984722222222222,0.0,0.002430555555555555,0.3,0.0,0.3,Transit,Cargo
500057505,MV_BRA_CARGO_002,PA,transit,0.9875,cargo,0.9999999862723112,0.0125,0.0,0.0,0.0,0.0,0.0,0.0,0.9875,0.0,0.002430555555555555,0.3,0.0,0.3,Transit,Cargo
500057505,MV_BRA_CARGO_002,PA,transit,0.99,cargo,0.9999999862723061,0.01,0.0,0.0,0.0,0.0,0.0,0.0,0.99,0.0,0.002430555555555555,0.3,0.0,0.3,Transit,Cargo
500057505,MV_BRA_CARGO_002,PA,transit,0.99,cargo,0.9999999862723112,0.01,0.0,0.0,0.0,0.0,0.0,0.0,0.99,0.0,0.002430555555555555,0.3,0.0,0.3,Transit,Cargo
500057505,MV_BRA_CARGO_002,PA,transit,0.9875,cargo,0.9999999862723061,0.0125,0.0,0.0,0.0,0.0,0.0,0.0,0.9875,0.0,0.002430555555555555,0.3,0.0,0.3,Transit,Cargo
500057505,MV_BRA_CARGO_002,PA,transit,0.9802777777777777,cargo,0.9999999862723061,0.01972222222222222,0.0,0.0,0.0,0.0,0.0,0.0,0.9802777777777777,0.0,0.002430555555555555,0.3,0.0,0.3,Transit,Cargo
500057505,MV_BRA_CARGO_002,PA,transit,0.9819444444444444,cargo,0.9999999862723061,0.018055555555555557,0.0,0.0,0.0,0.0,0.0,0.0,0.9819444444444444,0.0,0.002430555555555555,0.3,0.0,0.3,Transit,Cargo
500057505,MV_BRA_CARGO_002,PA,transit,0.9888888888888888,cargo,0.9999999862723035,0.01111111111111111,0.0,0.0,0.0,0.0,0.0,0.0,0.9888888888888888,0.0,0.002430555555555555,0.3,0.0,0.3,Transit,Cargo
500057505,MV_BRA_CARGO_002,PA,transit,0.9888888888888888,cargo,0.9999999862723061,0.01111111111111111,0.0,0.0,0.0,0.0,0.0,0.0,0.9888888888888888,0.0,0.002430555555555555,0.3,0.0,0.3,Transit,Cargo
500057505,MV_BRA_CARGO_002,PA,transit,0.9836111111111111,cargo,0.9999999864030924,0.015277777777777779,0.0,0.0,0.0011111111111111111,0.0,0.0,0.0,0.9836111111111111,0.0,0.002430555555555555,0.3,0.0,0.3,Transit,Cargo
500057505,MV_BRA_CARGO_002,PA,transit,0.9866666666666667,cargo,0.9999999862718094,0.006666666666666667,0.0,0.0,0.0,0.0033333333333333335,0.0033333333333333335,0.0,0.9866666666666667,0.0,0.002430555555555555,0.3,0.0,0.3,Transit,Cargo
500057505,MV_BRA_CARGO_002,PA,transit,0.9911111111111113,cargo,0.999999986230365,0.005,0.0,0.0,0.0,0.0,0.0016666666666666668,0.0022222222222222222,0.9911111111111113,0.0,0.002430555555555555,0.3,0.0,0.3,Transit,Cargo
500057505,MV_BRA_CARGO_002,PA,transit,0.9927777777777779,cargo,0.9999999862308682,0.005,0.0,0.0,0.0,0.0,0.0,0.0022222222222222222,0.9927777777777779,0.0,0.002430555555555555,0.3,0.0,0.3,Transit,Cargo
500057505,MV_BRA_CARGO_002,PA,transit,0.9891666666666666,cargo,0.9999999873879536,0.010833333333333334,0.0,0.0,0.0,0.0,0.0,0.0,0.9891666666666666,0.0,0.002430555555555555,0.3,0.0,0.3,Transit,Cargo
500057505,MV_BRA_CARGO_002,PA,transit,0.9933333333333333,cargo,0.9999999873879536,0.006666666666666666,0.0,0.0,0.0,0.0,0.0,0.0,0.9933333333333333,0.0,0.002430555555555555,0.3,0.0,0.3,Transit,Cargo
500057505,MV_BRA_CARGO_002,PA,transit,0.995,cargo,0.9999999862723112,0.005,0.0,0.0,0.0,0.0,0.0,0.0,0.995,0.0,0.002430555555555555,0.3,0.0,0.3,Transit,Cargo
500057505,MV_BRA_CARGO_002,PA,transit,0.9869444444444444,cargo,0.9999999862723061,0.013055555555555556,0.0,0.0,0.0,0.0,0.0,0.0,0.9869444444444444,0.0,0.002430555555555555,0.3,0.0,0.3,Transit,Cargo
500057505,MV_BRA_CARGO_002,PA,transit,0.9819444444444444,cargo,0.9999999862723061,0.018055555555555557,0.0,0.0,0.0,0.0,0.0,0.0,0.9819444444444444,0.0,0.002430555555555555,0.3,0.0,0.3,Transit,Cargo
500057505,MV_BRA_CARGO_002,PA,transit,0.9916666666666667,cargo,0.9999999874259157,0.008333333333333333,0.0,0.0,0.0,0.0,0.0,0.0,0.9916666666666667,0.0,0.002430555555555555,0.3,0.0,0.3,Transit,Cargo
500057505,MV_BRA_CARGO_002,PA,transit,0.995,cargo,0.9999999862723112,0.005,0.0,0.0,0.0,0.0,0.0,0.0,0.995,0.0,0.002430555555555555,0.3,0.0,0.3,Transit,Cargo
500057505,MV_BRA_CARGO_002,PA,transit,0.995,cargo,0.9999999862723112,0.005,0.0,0.0,0.0,0.0,0.0,0.0,0.995,0.0,0.002430555555555555,0.3,0.0,0.3,Transit,Cargo
500057505,MV_BRA_CARGO_002,PA,transit,0.9836111111111111,cargo,0.9999999862723061,0.016388888888888887,0.0,0.0,0.0,0.0,0.0,0.0,0.9836111111111111,0.0,0.002430555555555555,0.3,0.0,0.3,Transit,Cargo
500057505,MV_BRA_CARGO_002,PA,transit,0.9852777777777777,cargo,0.9999999862723061,0.014722222222222223,0.0,0.0,0.0,0.0,0.0,0.0,0.9852777777777777,0.0,0.002430555555555555,0.3,0.0,0.3,Transit,Cargo
500057505,MV_BRA_CARGO_002,PA,transit,0.9891666666666666,cargo,0.9999999864030924,0.010833333333333334,0.0,0.0,0.0,0.0,0.0,0.0,0.9891666666666666,0.0,0.002430555555555555,0.3,0.0,0.3,Transit,Cargo
500057505,MV_BRA_CARGO_002,PA,transit,0.9891666666666666,cargo,0.9999999875457081,0.010833333333333334,0.0,0.0,0.0,0.0,0.0,0.0,0.9891666666666666,0.0,0.002430555555555555,0.3,0.0,0.3,Transit,Cargo
500057505,MV_BRA_CARGO_002,PA,transit,0.9922222222222221,cargo,0.9999999862723061,0.007777777777777777,0.0,0.0,0.0,0.0,0.0,0.0,0.9922222222222221,0.0,0.002430555555555555,0.3,0.0,0.3,Transit,Cargo
500057505,MV_BRA_CARGO_002,PA,transit,0.9894444444444446,cargo,0.9999999862723112,0.008333333333333333,0.0,0.0,0.0,0.0,0.0,0.0022222222222222222,0.9894444444444446,0.0,0.002430555555555555,0.3,0.0,0.3,Transit,Cargo
500057505,MV_BRA_CARGO_002,PA,transit,0.993074433656958,cargo,0.9999999862718043,0.006666666666666667,0.0,0.0,0.0001941747572815534,0.0,3.2362459546925564e-05,0.0,0.993074433656958,3.2362459546925564e-05,0.002430555555555555,0.3,0.0,0.3,Transit,Cargo
500057505,MV_BRA_CARGO_002,PA,transit,0.9905555555555554,cargo,0.9999999862723112,0.009444444444444443,0.0,0.0,0.0,0.0,0.0,0.0,0.9905555555555554,0.0,0.002430555555555555,0.3,0.0,0.3,Transit,Cargo
500057505,MV_BRA_CARGO_002,PA,transit,0.9836111111111111,cargo,0.9999999862723061,0.01638888888888889,0.0,0.0,0.0,0.0,0.0,0.0,0.9836111111111111,0.0,0.002430555555555555,0.3,0.0,0.3,Transit,Cargo
500057505,MV_BRA_CARGO_002,PA,transit,0.9894444444444443,cargo,0.9999999862723112,0.009444444444444443,0.0,0.0,0.0,0.0,0.0,0.0011111111111111111,0.9894444444444443,0.0,0.002430555555555555,0.3,0.0,0.3,Transit,Cargo
500057505,MV_BRA_CARGO_002,PA,transit,0.9927777777777778,cargo,0.9999999862308682,0.007222222222222222,0.0,0.0,0.0,0.0,0.0,0.0,0.9927777777777778,0.0,0.002430555555555555,0.3,0.0,0.3,Transit,Cargo
500057505,MV_BRA_CARGO_002,PA,transit,0.9894444444444443,cargo,0.9999999862308631,0.010555555555555556,0.0,0.0,0.0,0.0,0.0,0.0,0.9894444444444443,0.0,0.002430555555555555,0.3,0.0,0.3,Transit,Cargo
500057505,MV_BRA_CARGO_002,PA,transit,0.9894444444444443,cargo,0.9999999862308631,0.010555555555555556,0.0,0.0,0.0,0.0,0.0,0.0,0.9894444444444443,0.0,0.002430555555555555,0.3,0.0,0.3,Transit,Cargo
500057505,MV_BRA_CARGO_002,PA,transit,0.991111111111111,cargo,0.9999999862308682,0.007222222222222222,0.0,0.0,0.0,0.0,0.0,0.0,0.991111111111111,0.0016666666666666668,0.002430555555555555,0.3,0.0,0.3,Transit,Cargo
500057505,MV_BRA_CARGO_002,PA,transit,0.9171666666666666,cargo,0.999999986231672,0.016666666666666666,0.002,0.0,0.0,0.0011111111111111111,0.0,0.06305555555555556,0.9171666666666666,0.0,0.002430555555555555,0.3,0.0,0.3,Transit,Cargo
500057505,MV_BRA_CARGO_002,PA,transit,0.981111111111111,cargo,0.9999999862308604,0.013055555555555556,0.0,0.0,0.0,0.0011111111111111111,0.0,0.004722222222222221,0.981111111111111,0.0,0.002430555555555555,0.3,0.0,0.3,Transit,Cargo
500057505,MV_BRA_CARGO_002,PA,transit,0.9869444444444444,cargo,0.9999999862308631,0.013055555555555556,0.0,0.0,0.0,0.0,0.0,0.0,0.9869444444444444,0.0,0.002430555555555555,0.3,0.0,0.3,Transit,Cargo
500057505,MV_BRA_CARGO_002,PA,transit,0.9852777777777777,cargo,0.9999999862308631,0.014722222222222223,0.0,0.0,0.0,0.0,0.0,0.0,0.9852777777777777,0.0,0.002430555555555555,0.3,0.0,0.3,Transit,Cargo
500057505,MV_BRA_CARGO_002,PA,transit,0.9869444444444444,cargo,0.9999999862308682,0.013055555555555556,0.0,0.0,0.0,0.0,0.0,0.0,0.9869444444444444,0.0,0.002430555555555555,0.3,0.0,0.3,Transit,Cargo
500057505,MV_BRA_CARGO_002,PA,transit,0.9869444444444444,cargo,0.9999999862308682,0.013055555555555556,0.0,0.0,0.0,0.0,0.0,0.0,0.9869444444444444,0.0,0.002430555555555555,0.3,0.0,0.3,Transit,Cargo
500057505,MV_BRA_CARGO_002,PA,transit,0.9888888888888888,cargo,0.9999999862308682,0.01111111111111111,0.0,0.0,0.0,0.0,0.0,0.0,0.9888888888888888,0.0,0.002430555555555555,0.3,0.0,0.3,Transit,Cargo
500057505,MV_BRA_CARGO_002,PA,transit,0.9888888888888888,cargo,0.9999999862723112,0.01111111111111111,0.0,0.0,0.0,0.0,0.0,0.0,0.9888888888888888,0.0,0.002430555555555555,0.3,0.0,0.3,Transit,Cargo
500057505,MV_BRA_CARGO_002,PA,transit,0.991111111111111,cargo,0.999999986230365,0.007222222222222222,0.0,0.0,0.0,0.0,0.0,0.0016666666666666668,0.991111111111111,0.0,0.002430555555555555,0.3,0.0,0.3,Transit,Cargo
500057505,MV_BRA_CARGO_002,PA,transit,0.9888888888888888,cargo,0.999999986230365,0.009444444444444443,0.0,0.0,0.0,0.0,0.0,0.0016666666666666668,0.9888888888888888,0.0,0.002430555555555555,0.3,0.0,0.3,Transit,Cargo
500057505,MV_BRA_CARGO_002,PA,transit,0.9888888888888888,cargo,0.9999999862723112,0.01111111111111111,0.0,0.0,0.0,0.0,0.0,0.0,0.9888888888888888,0.0,0.002430555555555555,0.3,0.0,0.3,Transit,Cargo
500057505,MV_BRA_CARGO_002,PA,transit,0.9863888888888888,cargo,0.9999999864031028,0.013611111111111114,0.0,0.0,0.0,0.0,0.0,0.0,0.9863888888888888,0.0,0.002430555555555555,0.3,0.0,0.3,Transit,Cargo
500057505,MV_BRA_CARGO_002,PA,transit,0.9808333333333333,cargo,0.9999999864030975,0.019166666666666665,0.0,0.0,0.0,0.0,0.0,0.0,0.9808333333333333,0.0,0.002430555555555555,0.3,0.0,0.3,Transit,Cargo
500057506,MV_BRA_CARGO_003,PT,transit,1.0,bulk_carrier,0.9999979034332169,0.0,0.0,0.0,0.0,0.0,0.0,0.0,1.0,0.0,0.002430555555555555,0.0,0.0,0.002430555555555555,Transit,Bulk Carrier
500057506,MV_BRA_CARGO_003,PT,transit,1.0,bulk_carrier,0.9999979034332169,0.0,0.0,0.0,0.0,0.0,0.0,0.0,1.0,0.0,0.002430555555555555,0.0,0.0,0.002430555555555555,Transit,Bulk Carrier
500057506,MV_BRA_CARGO_003,PT,transit,1.0,bulk_carrier,0.9999979034332169,0.0,0.0,0.0,0.0,0.0,0.0,0.0,1.0,0.0,0.002430555555555555,0.0,0.0,0.002430555555555555,Transit,Bulk Carrier
500057506,MV_BRA_CARGO_003,PT,transit,1.0,bulk_carrier,0.9999979034332169,0.0,0.0,0.0,0.0,0.0,0.0,0.0,1.0,0.0,0.002430555555555555,0.0,0.0,0.002430555555555555,Transit,Bulk Carrier
500057506,MV_BRA_CARGO_003,PT,transit,1.0,bulk_carrier,0.9999979017425944,0.0,0.0,0.0,0.0,0.0,0.0,0.0,1.0,0.0,0.002430555555555555,0.0,0.0,0.002430555555555555,Transit,Bulk Carrier
500057506,MV_BRA_CARGO_003,PT,transit,1.0,bulk_carrier,0.9999979017425944,0.0,0.0,0.0,0.0,0.0,0.0,0.0,1.0,0.0,0.002430555555555555,0.0,0.0,0.002430555555555555,Transit,Bulk Carrier
500057506,MV_BRA_CARGO_003,PT,transit,1.0,bulk_carrier,0.9999979034332169,0.0,0.0,0.0,0.0,0.0,0.0,0.0,1.0,0.0,0.002430555555555555,0.0,0.0,0.002430555555555555,Transit,Bulk Carrier
500057506,MV_BRA_CARGO_003,PT,transit,0.998074433656958,bulk_carrier,0.9999979034332169,0.0016666666666666668,0.0,0.0,0.0001941747572815534,0.0,3.2362459546925564e-05,0.0,0.998074433656958,3.2362459546925564e-05,0.002430555555555555,0.0,0.0,0.002430555555555555,Transit,Bulk Carrier
500057506,MV_BRA_CARGO_003,PT,transit,1.0,bulk_carrier,0.9999979034332169,0.0,0.0,0.0,0.0,0.0,0.0,0.0,1.0,0.0,0.002430555555555555,0.0,0.0,0.002430555555555555,Transit,Bulk Carrier
500057506,MV_BRA_CARGO_003,PT,transit,1.0,bulk_carrier,0.9999979034332169,0.0,0.0,0.0,0.0,0.0,0.0,0.0,1.0,0.0,0.002430555555555555,0.0,0.0,0.002430555555555555,Transit,Bulk Carrier
500057506,MV_BRA_CARGO_003,PT,transit,1.0,bulk_carrier,0.9999979034332169,0.0,0.0,0.0,0.0,0.0,0.0,0.0,1.0,0.0,0.002430555555555555,0.0,0.0,0.002430555555555555,Transit,Bulk Carrier
500057506,MV_BRA_CARGO_003,PT,transit,1.0,bulk_carrier,0.9999979034332169,0.0,0.0,0.0,0.0,0.0,0.0,0.0,1.0,0.0,0.002430555555555555,0.0,0.0,0.002430555555555555,Transit,Bulk Carrier
500057506,MV_BRA_CARGO_003,PT,transit,1.0,bulk_carrier,0.9999979017425944,0.0,0.0,0.0,0.0,0.0,0.0,0.0,1.0,0.0,0.002430555555555555,0.0,0.0,0.002430555555555555,Transit,Bulk Carrier
500057506,MV_BRA_CARGO_003,PT,transit,1.0,bulk_carrier,0.9999979034332169,0.0,0.0,0.0,0.0,0.0,0.0,0.0,1.0,0.0,0.002430555555555555,0.0,0.0,0.002430555555555555,Transit,Bulk Carrier
500057506,MV_BRA_CARGO_003,PT,transit,1.0,bulk_carrier,0.9999979041351474,0.0,0.0,0.0,0.0,0.0,0.0,0.0,1.0,0.0,0.002430555555555555,0.0,0.0,0.002430555555555555,Transit,Bulk Carrier
500057506,MV_BRA_CARGO_003,PT,transit,1.0,bulk_carrier,0.9999979034332169,0.0,0.0,0.0,0.0,0.0,0.0,0.0,1.0,0.0,0.002430555555555555,0.0,0.0,0.002430555555555555,Transit,Bulk Carrier
500057506,MV_BRA_CARGO_003,PT,transit,1.0,bulk_carrier,0.9999979034332169,0.0,0.0,0.0,0.0,0.0,0.0,0.0,1.0,0.0,0.002430555555555555,0.0,0.0,0.002430555555555555,Transit,Bulk Carrier
500057506,MV_BRA_CARGO_003,PT,transit,1.0,bulk_carrier,0.9999979034332169,0.0,0.0,0.0,0.0,0.0,0.0,0.0,1.0,0.0,0.002430555555555555,0.0,0.0,0.002430555555555555,Transit,Bulk Carrier
500057506,MV_BRA_CARGO_003,PT,transit,1.0,bulk_carrier,0.9999979024389176,0.0,0.0,0.0,0.0,0.0,0.0,0.0,1.0,0.0,0.002430555555555555,0.0,0.0,0.002430555555555555,Transit,Bulk Carrier
500057506,MV_BRA_CARGO_003,PT,transit,1.0,bulk_carrier,0.9999979041351474,0.0,0.0,0.0,0.0,0.0,0.0,0.0,1.0,0.0,0.002430555555555555,0.0,0.0,0.002430555555555555,Transit,Bulk Carrier
500057506,MV_BRA_CARGO_003,PT,transit,1.0,bulk_carrier,0.9999979022625933,0.0,0.0,0.0,0.0,0.0,0.0,0.0,1.0,0.0,0.002430555555555555,0.0,0.0,0.002430555555555555,Transit,Bulk Carrier
500057506,MV_BRA_CARGO_003,PT,transit,1.0,bulk_carrier,0.9999979037532583,0.0,0.0,0.0,0.0,0.0,0.0,0.0,1.0,0.0,0.002430555555555555,0.0,0.0,0.002430555555555555,Transit,Bulk Carrier
500057506,MV_BRA_CARGO_003,PT,transit,1.0,bulk_carrier,0.9999979037532583,0.0,0.0,0.0,0.0,0.0,0.0,0.0,1.0,0.0,0.002430555555555555,0.0,0.0,0.002430555555555555,Transit,Bulk Carrier
500057506,MV_BRA_CARGO_003,PT,transit,1.0,bulk_carrier,0.9999979037532583,0.0,0.0,0.0,0.0,0.0,0.0,0.0,1.0,0.0,0.002430555555555555,0.0,0.0,0.002430555555555555,Transit,Bulk Carrier
500057506,MV_BRA_CARGO_003,PT,transit,1.0,bulk_carrier,0.9999979037532583,0.0,0.0,0.0,0.0,0.0,0.0,0.0,1.0,0.0,0.002430555555555555,0.0,0.0,0.002430555555555555,Transit,Bulk Carrier
500057506,MV_BRA_CARGO_003,PT,transit,1.0,bulk_carrier,0.9999979041351474,0.0,0.0,0.0,0.0,0.0,0.0,0.0,1.0,0.0,0.002430555555555555,0.0,0.0,0.002430555555555555,Transit,Bulk Carrier
500057506,MV_BRA_CARGO_003,PT,transit,1.0,bulk_carrier,0.9999979041351474,0.0,0.0,0.0,0.0,0.0,0.0,0.0,1.0,0.0,0.002430555555555555,0.0,0.0,0.002430555555555555,Transit,Bulk Carrier
500057506,MV_BRA_CARGO_003,PT,transit,1.0,bulk_carrier,0.9999979034332169,0.0,0.0,0.0,0.0,0.0,0.0,0.0,1.0,0.0,0.002430555555555555,0.0,0.0,0.002430555555555555,Transit,Bulk Carrier
500057506,MV_BRA_CARGO_003,PT,transit,1.0,bulk_carrier,0.9999979017364129,0.0,0.0,0.0,0.0,0.0,0.0,0.0,1.0,0.0,0.002430555555555555,0.0,0.0,0.002430555555555555,Transit,Bulk Carrier
500057506,MV_BRA_CARGO_003,PT,transit,1.0,bulk_carrier,0.9999979018145487,0.0,0.0,0.0,0.0,0.0,0.0,0.0,1.0,0.0,0.002430555555555555,0.0,0.0,0.002430555555555555,Transit,Bulk Carrier
500057506,MV_BRA_CARGO_003,PT,transit,0.9997411003236247,bulk_carrier,0.9999979025170512,0.0,0.0,0.0,0.0001941747572815534,0.0,3.2362459546925564e-05,0.0,0.9997411003236247,3.2362459546925564e-05,0.002430555555555555,0.0,0.0,0.002430555555555555,Transit,Bulk Carrier
500057506,MV_BRA_CARGO_003,PT,transit,1.0,bulk_carrier,0.9999979025170512,0.0,0.0,0.0,0.0,0.0,0.0,0.0,1.0,0.0,0.002430555555555555,0.0,0.0,0.002430555555555555,Transit,Bulk Carrier
500057506,MV_BRA_CARGO_003,PT,transit,1.0,bulk_carrier,0.9999979041351474,0.0,0.0,0.0,0.0,0.0,0.0,0.0,1.0,0.0,0.002430555555555555,0.0,0.0,0.002430555555555555,Transit,Bulk Carrier
500057506,MV_BRA_CARGO_003,PT,transit,1.0,bulk_carrier,0.9999979041351474,0.0,0.0,0.0,0.0,0.0,0.0,0.0,1.0,0.0,0.002430555555555555,0.0,0.0,0.002430555555555555,Transit,Bulk Carrier
500057506,MV_BRA_CARGO_003,PT,transit,1.0,bulk_carrier,0.9999979017425944,0.0,0.0,0.0,0.0,0.0,0.0,0.0,1.0,0.0,0.002430555555555555,0.0,0.0,0.002430555555555555,Transit,Bulk Carrier
500057506,MV_BRA_CARGO_003,PT,transit,1.0,bulk_carrier,0.9999979017425944,0.0,0.0,0.0,0.0,0.0,0.0,0.0,1.0,0.0,0.002430555555555555,0.0,0.0,0.002430555555555555,Transit,Bulk Carrier
500057506,MV_BRA_CARGO_003,PT,transit,1.0,bulk_carrier,0.9999979034332169,0.0,0.0,0.0,0.0,0.0,0.0,0.0,1.0,0.0,0.002430555555555555,0.0,0.0,0.002430555555555555,Transit,Bulk Carrier
500057506,MV_BRA_CARGO_003,PT,transit,1.0,bulk_carrier,0.9999979017425944,0.0,0.0,0.0,0.0,0.0,0.0,0.0,1.0,0.0,0.002430555555555555,0.0,0.0,0.002430555555555555,Transit,Bulk Carrier
500057506,MV_BRA_CARGO_003,PT,transit,1.0,bulk_carrier,0.9999979041351474,0.0,0.0,0.0,0.0,0.0,0.0,0.0,1.0,0.0,0.002430555555555555,0.0,0.0,0.002430555555555555,Transit,Bulk Carrier
500057506,MV_BRA_CARGO_003,PT,transit,0.9997411003236247,bulk_carrier,0.9999979024389176,0.0,0.0,0.0,0.0001941747572815534,0.0,3.2362459546925564e-05,0.0,0.9997411003236247,3.2362459546925564e-05,0.002430555555555555,0.0,0.0,0.002430555555555555,Transit,Bulk Carrier
500057506,MV_BRA_CARGO_003,PT,transit,1.0,bulk_carrier,0.9999979017425944,0.0,0.0,0.0,0.0,0.0,0.0,0.0,1.0,0.0,0.002430555555555555,0.0,0.0,0.002430555555555555,Transit,Bulk Carrier
500057506,MV_BRA_CARGO_003,PT,transit,1.0,bulk_carrier,0.9999977597354116,0.0,0.0,0.0,0.0,0.0,0.0,0.0,1.0,0.0,0.002430555555555555,0.0,0.0,0.002430555555555555,Transit,Bulk Carrier
500057506,MV_BRA_CARGO_003,PT,transit,1.0,bulk_carrier,0.9999979034332169,0.0,0.0,0.0,0.0,0.0,0.0,0.0,1.0,0.0,0.002430555555555555,0.0,0.0,0.002430555555555555,Transit,Bulk Carrier
500057506,MV_BRA_CARGO_003,PT,transit,1.0,bulk_carrier,0.9999979034332169,0.0,0.0,0.0,0.0,0.0,0.0,0.0,1.0,0.0,0.002430555555555555,0.0,0.0,0.002430555555555555,Transit,Bulk Carrier
500057506,MV_BRA_CARGO_003,PT,transit,1.0,bulk_carrier,0.9999979034332169,0.0,0.0,0.0,0.0,0.0,0.0,0.0,1.0,0.0,0.002430555555555555,0.0,0.0,0.002430555555555555,Transit,Bulk Carrier
500057506,MV_BRA_CARGO_003,PT,transit,1.0,bulk_carrier,0.9999979024450968,0.0,0.0,0.0,0.0,0.0,0.0,0.0,1.0,0.0,0.002430555555555555,0.0,0.0,0.002430555555555555,Transit,Bulk Carrier
500057506,MV_BRA_CARGO_003,PT,transit,1.0,bulk_carrier,0.9999979041351474,0.0,0.0,0.0,0.0,0.0,0.0,0.0,1.0,0.0,0.002430555555555555,0.0,0.0,0.002430555555555555,Transit,Bulk Carrier
500057506,MV_BRA_CARGO_003,PT,transit,1.0,bulk_carrier,0.9999979034332169,0.0,0.0,0.0,0.0,0.0,0.0,0.0,1.0,0.0,0.002430555555555555,0.0,0.0,0.002430555555555555,Transit,Bulk Carrier
500057506,MV_BRA_CARGO_003,PT,transit,1.0,bulk_carrier,0.9999979041351474,0.0,0.0,0.0,0.0,0.0,0.0,0.0,1.0,0.0,0.002430555555555555,0.0,0.0,0.002430555555555555,Transit,Bulk Carrier
500057506,MV_BRA_CARGO_003,PT,transit,1.0,bulk_carrier,0.9999979018145487,0.0,0.0,0.0,0.0,0.0,0.0,0.0,1.0,0.0,0.002430555555555555,0.0,0.0,0.002430555555555555,Transit,Bulk Carrier
500057506,MV_BRA_CARGO_003,PT,transit,1.0,bulk_carrier,0.9999979034332169,0.0,0.0,0.0,0.0,0.0,0.0,0.0,1.0,0.0,0.002430555555555555,0.0,0.0,0.002430555555555555,Transit,Bulk Carrier
500057506,MV_BRA_CARGO_003,PT,transit,0.9966666666666667,bulk_carrier,0.9999979034330186,0.0,0.0,0.0,0.0,0.0022222222222222222,0.0,0.0,0.9966666666666667,0.0011111111111111111,0.002430555555555555,0.0,0.0,0.002430555555555555,Transit,Bulk Carrier
500057506,MV_BRA_CARGO_003,PT,transit,1.0,bulk_carrier,0.9999979034332169,0.0,0.0,0.0,0.0,0.0,0.0,0.0,1.0,0.0,0.002430555555555555,0.0,0.0,0.002430555555555555,Transit,Bulk Carrier
500057506,MV_BRA_CARGO_003,PT,transit,0.9997411003236247,bulk_carrier,0.9999979034332169,0.0,0.0,0.0,0.0001941747572815534,0.0,3.2362459546925564e-05,0.0,0.9997411003236247,3.2362459546925564e-05,0.002430555555555555,0.0,0.0,0.002430555555555555,Transit,Bulk Carrier
500057506,MV_BRA_CARGO_003,PT,transit,1.0,bulk_carrier,0.9999979017364129,0.0,0.0,0.0,0.0,0.0,0.0,0.0,1.0,0.0,0.002430555555555555,0.0,0.0,0.002430555555555555,Transit,Bulk Carrier
500057506,MV_BRA_CARGO_003,PT,transit,1.0,bulk_carrier,0.9999979017425944,0.0,0.0,0.0,0.0,0.0,0.0,0.0,1.0,0.0,0.002430555555555555,0.0,0.0,0.002430555555555555,Transit,Bulk Carrier
500057507,MV_BRA_CARGO_004,PT,transit,1.0,bulk_carrier,0.9999999717111377,0.0,0.0,0.0,0.0,0.0,0.0,0.0,1.0,0.0,0.002430555555555555,0.0,0.0,0.002430555555555555,Transit,Bulk Carrier
500057507,MV_BRA_CARGO_004,PT,transit,1.0,bulk_carrier,0.9999999717112603,0.0,0.0,0.0,0.0,0.0,0.0,0.0,1.0,0.0,0.002430555555555555,0.0,0.0,0.002430555555555555,Transit,Bulk Carrier
500057507,MV_BRA_CARGO_004,PT,transit,1.0,bulk_carrier,0.9999999717112603,0.0,0.0,0.0,0.0,0.0,0.0,0.0,1.0,0.0,0.002430555555555555,0.0,0.0,0.002430555555555555,Transit,Bulk Carrier
500057507,MV_BRA_CARGO_004,PT,transit,0.9997411003236247,bulk_carrier,0.9999999717112603,0.0,0.0,0.0,0.0001941747572815534,0.0,3.2362459546925564e-05,0.0,0.9997411003236247,3.2362459546925564e-05,0.002430555555555555,0.0,0.0,0.002430555555555555,Transit,Bulk Carrier
500057507,MV_BRA_CARGO_004,PT,transit,1.0,bulk_carrier,0.9999999717112603,0.0,0.0,0.0,0.0,0.0,0.0,0.0,1.0,0.0,0.002430555555555555,0.0,0.0,0.002430555555555555,Transit,Bulk Carrier
500057507,MV_BRA_CARGO_004,PT,transit,1.0,bulk_carrier,0.9999999717112603,0.0,0.0,0.0,0.0,0.0,0.0,0.0,1.0,0.0,0.002430555555555555,0.0,0.0,0.002430555555555555,Transit,Bulk Carrier
500057507,MV_BRA_CARGO_004,PT,transit,1.0,bulk_carrier,0.9999999717112603,0.0,0.0,0.0,0.0,0.0,0.0,0.0,1.0,0.0,0.002430555555555555,0.0,0.0,0.002430555555555555,Transit,Bulk Carrier
500057507,MV_BRA_CARGO_004,PT,transit,1.0,bulk_carrier,0.9999999717112603,0.0,0.0,0.0,0.0,0.0,0.0,0.0,1.0,0.0,0.002430555555555555,0.0,0.0,0.002430555555555555,Transit,Bulk Carrier
500057507,MV_BRA_CARGO_004,PT,transit,0.9983333333333333,bulk_carrier,0.9999999717112603,0.0016666666666666668,0.0,0.0,0.0,0.0,0.0,0.0,0.9983333333333333,0.0,0.002430555555555555,0.0,0.0,0.002430555555555555,Transit,Bulk Carrier
500057507,MV_BRA_CARGO_004,PT,transit,1.0,bulk_carrier,0.9999999717112603,0.0,0.0,0.0,0.0,0.0,0.0,0.0,1.0,0.0,0.002430555555555555,0.0,0.0,0.002430555555555555,Transit,Bulk Carrier
500057507,MV_BRA_CARGO_004,PT,transit,1.0,bulk_carrier,0.9999999717112603,0.0,0.0,0.0,0.0,0.0,0.0,0.0,1.0,0.0,0.002430555555555555,0.0,0.0,0.002430555555555555,Transit,Bulk Carrier
500057507,MV_BRA_CARGO_004,PT,transit,1.0,bulk_carrier,0.9999999717112603,0.0,0.0,0.0,0.0,0.0,0.0,0.0,1.0,0.0,0.002430555555555555,0.0,0.0,0.002430555555555555,Transit,Bulk Carrier
500057507,MV_BRA_CARGO_004,PT,transit,1.0,bulk_carrier,0.9999999719771518,0.0,0.0,0.0,0.0,0.0,0.0,0.0,1.0,0.0,0.002430555555555555,0.0,0.0,0.002430555555555555,Transit,Bulk Carrier
500057507,MV_BRA_CARGO_004,PT,transit,1.0,bulk_carrier,0.9999999717106339,0.0,0.0,0.0,0.0,0.0,0.0,0.0,1.0,0.0,0.002430555555555555,0.0,0.0,0.002430555555555555,Transit,Bulk Carrier
500057507,MV_BRA_CARGO_004,PT,transit,1.0,bulk_carrier,0.9999999717112603,0.0,0.0,0.0,0.0,0.0,0.0,0.0,1.0,0.0,0.002430555555555555,0.0,0.0,0.002430555555555555,Transit,Bulk Carrier
500057507,MV_BRA_CARGO_004,PT,transit,1.0,bulk_carrier,0.9999999717112603,0.0,0.0,0.0,0.0,0.0,0.0,0.0,1.0,0.0,0.002430555555555555,0.0,0.0,0.002430555555555555,Transit,Bulk Carrier
500057507,MV_BRA_CARGO_004,PT,transit,1.0,bulk_carrier,0.9999999717112603,0.0,0.0,0.0,0.0,0.0,0.0,0.0,1.0,0.0,0.002430555555555555,0.0,0.0,0.002430555555555555,Transit,Bulk Carrier
500057507,MV_BRA_CARGO_004,PT,transit,1.0,bulk_carrier,0.9999999717112603,0.0,0.0,0.0,0.0,0.0,0.0,0.0,1.0,0.0,0.002430555555555555,0.0,0.0,0.002430555555555555,Transit,Bulk Carrier
500057507,MV_BRA_CARGO_004,PT,transit,0.9991666666666666,bulk_carrier,0.9999999717112603,0.0,0.0,0.0,0.0008333333333333334,0.0,0.0,0.0,0.9991666666666666,0.0,0.002430555555555555,0.0,0.0,0.002430555555555555,Transit,Bulk Carrier
500057507,MV_BRA_CARGO_004,PT,transit,1.0,bulk_carrier,0.9999999717112603,0.0,0.0,0.0,0.0,0.0,0.0,0.0,1.0,0.0,0.002430555555555555,0.0,0.0,0.002430555555555555,Transit,Bulk Carrier
500057507,MV_BRA_CARGO_004,PT,transit,1.0,bulk_carrier,0.9999999717106339,0.0,0.0,0.0,0.0,0.0,0.0,0.0,1.0,0.0,0.002430555555555555,0.0,0.0,0.002430555555555555,Transit,Bulk Carrier
500057507,MV_BRA_CARGO_004,PT,transit,1.0,bulk_carrier,0.9999999717106339,0.0,0.0,0.0,0.0,0.0,0.0,0.0,1.0,0.0,0.002430555555555555,0.0,0.0,0.002430555555555555,Transit,Bulk Carrier
500057507,MV_BRA_CARGO_004,PT,transit,0.9983333333333333,bulk_carrier,0.9999999717112603,0.0,0.0,0.0,0.0,0.0,0.0,0.0016666666666666668,0.9983333333333333,0.0,0.002430555555555555,0.0,0.0,0.002430555555555555,Transit,Bulk Carrier
500057507,MV_BRA_CARGO_004,PT,transit,0.9997411003236247,bulk_carrier,0.9999999717112603,0.0,0.0,0.0,0.0001941747572815534,0.0,3.2362459546925564e-05,0.0,0.9997411003236247,3.2362459546925564e-05,0.002430555555555555,0.0,0.0,0.002430555555555555,Transit,Bulk Carrier
500057507,MV_BRA_CARGO_004,PT,transit,1.0,bulk_carrier,0.9999999717112603,0.0,0.0,0.0,0.0,0.0,0.0,0.0,1.0,0.0,0.002430555555555555,0.0,0.0,0.002430555555555555,Transit,Bulk Carrier
500057507,MV_BRA_CARGO_004,PT,transit,1.0,bulk_carrier,0.9999999717112603,0.0,0.0,0.0,0.0,0.0,0.0,0.0,1.0,0.0,0.002430555555555555,0.0,0.0,0.002430555555555555,Transit,Bulk Carrier
500057507,MV_BRA_CARGO_004,PT,transit,1.0,bulk_carrier,0.9999999717112603,0.0,0.0,0.0,0.0,0.0,0.0,0.0,1.0,0.0,0.002430555555555555,0.0,0.0,0.002430555555555555,Transit,Bulk Carrier
500057507,MV_BRA_CARGO_004,PT,transit,1.0,bulk_carrier,0.9999999717112603,0.0,0.0,0.0,0.0,0.0,0.0,0.0,1.0,0.0,0.002430555555555555,0.0,0.0,0.002430555555555555,Transit,Bulk Carrier
500057507,MV_BRA_CARGO_004,PT,transit,1.0,bulk_carrier,0.9999999717112603,0.0,0.0,0.0,0.0,0.0,0.0,0.0,1.0,0.0,0.002430555555555555,0.0,0.0,0.002430555555555555,Transit,Bulk Carrier
500057507,MV_BRA_CARGO_004,PT,transit,1.0,bulk_carrier,0.9999999717112603,0.0,0.0,0.0,0.0,0.0,0.0,0.0,1.0,0.0,0.002430555555555555,0.0,0.0,0.002430555555555555,Transit,Bulk Carrier
500057507,MV_BRA_CARGO_004,PT,transit,1.0,bulk_carrier,0.9999999717112603,0.0,0.0,0.0,0.0,0.0,0.0,0.0,1.0,0.0,0.002430555555555555,0.0,0.0,0.002430555555555555,Transit,Bulk Carrier
500057507,MV_BRA_CARGO_004,PT,transit,1.0,bulk_carrier,0.9999999717112603,0.0,0.0,0.0,0.0,0.0,0.0,0.0,1.0,0.0,0.002430555555555555,0.0,0.0,0.002430555555555555,Transit,Bulk Carrier
500057507,MV_BRA_CARGO_004,PT,transit,1.0,bulk_carrier,0.9999999717112603,0.0,0.0,0.0,0.0,0.0,0.0,0.0,1.0,0.0,0.002430555555555555,0.0,0.0,0.002430555555555555,Transit,Bulk Carrier
500057507,MV_BRA_CARGO_004,PT,transit,1.0,bulk_carrier,0.9999999717112603,0.0,0.0,0.0,0.0,0.0,0.0,0.0,1.0,0.0,0.002430555555555555,0.0,0.0,0.002430555555555555,Transit,Bulk Carrier
500057507,MV_BRA_CARGO_004,PT,transit,0.9983333333333333,bulk_carrier,0.9999999717112603,0.0,0.0,0.0,0.0016666666666666668,0.0,0.0,0.0,0.9983333333333333,0.0,0.002430555555555555,0.0,0.0,0.002430555555555555,Transit,Bulk Carrier
500057507,MV_BRA_CARGO_004,PT,transit,1.0,bulk_carrier,0.9999999717112603,0.0,0.0,0.0,0.0,0.0,0.0,0.0,1.0,0.0,0.002430555555555555,0.0,0.0,0.002430555555555555,Transit,Bulk Carrier
500057507,MV_BRA_CARGO_004,PT,transit,1.0,bulk_carrier,0.9999999717112603,0.0,0.0,0.0,0.0,0.0,0.0,0.0,1.0,0.0,0.002430555555555555,0.0,0.0,0.002430555555555555,Transit,Bulk Carrier
500057507,MV_BRA_CARGO_004,PT,transit,0.9983333333333333,bulk_carrier,0.9999999717112603,0.0016666666666666668,0.0,0.0,0.0,0.0,0.0,0.0,0.9983333333333333,0.0,0.002430555555555555,0.0,0.0,0.002430555555555555,Transit,Bulk Carrier
500057507,MV_BRA_CARGO_004,PT,transit,1.0,bulk_carrier,0.9999999717112603,0.0,0.0,0.0,0.0,0.0,0.0,0.0,1.0,0.0,0.002430555555555555,0.0,0.0,0.002430555555555555,Transit,Bulk Carrier
500057507,MV_BRA_CARGO_004,PT,transit,1.0,bulk_carrier,0.9999999717112603,0.0,0.0,0.0,0.0,0.0,0.0,0.0,1.0,0.0,0.002430555555555555,0.0,0.0,0.002430555555555555,Transit,Bulk Carrier
500057507,MV_BRA_CARGO_004,PT,transit,1.0,bulk_carrier,0.9999999717106339,0.0,0.0,0.0,0.0,0.0,0.0,0.0,1.0,0.0,0.002430555555555555,0.0,0.0,0.002430555555555555,Transit,Bulk Carrier
500057507,MV_BRA_CARGO_004,PT,transit,1.0,bulk_carrier,0.9999999719771518,0.0,0.0,0.0,0.0,0.0,0.0,0.0,1.0,0.0,0.002430555555555555,0.0,0.0,0.002430555555555555,Transit,Bulk Carrier
500057507,MV_BRA_CARGO_004,PT,transit,1.0,bulk_carrier,0.9999999717112603,0.0,0.0,0.0,0.0,0.0,0.0,0.0,1.0,0.0,0.002430555555555555,0.0,0.0,0.002430555555555555,Transit,Bulk Carrier
500057507,MV_BRA_CARGO_004,PT,transit,1.0,bulk_carrier,0.9999999717106339,0.0,0.0,0.0,0.0,0.0,0.0,0.0,1.0,0.0,0.002430555555555555,0.0,0.0,0.002430555555555555,Transit,Bulk Carrier
500057507,MV_BRA_CARGO_004,PT,transit,1.0,bulk_carrier,0.9999999717106339,0.0,0.0,0.0,0.0,0.0,0.0,0.0,1.0,0.0,0.002430555555555555,0.0,0.0,0.002430555555555555,Transit,Bulk Carrier
500057507,MV_BRA_CARGO_004,PT,transit,1.0,bulk_carrier,0.9999999717112603,0.0,0.0,0.0,0.0,0.0,0.0,0.0,1.0,0.0,0.002430555555555555,0.0,0.0,0.002430555555555555,Transit,Bulk Carrier
500057507,MV_BRA_CARGO_004,PT,transit,1.0,bulk_carrier,0.9999999717112603,0.0,0.0,0.0,0.0,0.0,0.0,0.0,1.0,0.0,0.002430555555555555,0.0,0.0,0.002430555555555555,Transit,Bulk Carrier
500057507,MV_BRA_CARGO_004,PT,transit,1.0,bulk_carrier,0.9999999717112603,0.0,0.0,0.0,0.0,0.0,0.0,0.0,1.0,0.0,0.002430555555555555,0.0,0.0,0.002430555555555555,Transit,Bulk Carrier
500057507,MV_BRA_CARGO_004,PT,transit,0.9983333333333333,bulk_carrier,0.9999999717112603,0.0,0.0,0.0,0.0,0.0,0.0,0.0016666666666666668,0.9983333333333333,0.0,0.002430555555555555,0.0,0.0,0.002430555555555555,Transit,Bulk Carrier
500057507,MV_BRA_CARGO_004,PT,transit,1.0,bulk_carrier,0.9999999717112603,0.0,0.0,0.0,0.0,0.0,0.0,0.0,1.0,0.0,0.002430555555555555,0.0,0.0,0.002430555555555555,Transit,Bulk Carrier
500057507,MV_BRA_CARGO_004,PT,transit,1.0,bulk_carrier,0.9999999717112603,0.0,0.0,0.0,0.0,0.0,0.0,0.0,1.0,0.0,0.002430555555555555,0.0,0.0,0.002430555555555555,Transit,Bulk Carrier
500057507,MV_BRA_CARGO_004,PT,transit,1.0,bulk_carrier,0.9999999717112603,0.0,0.0,0.0,0.0,0.0,0.0,0.0,1.0,0.0,0.002430555555555555,0.0,0.0,0.002430555555555555,Transit,Bulk Carrier
500057507,MV_BRA_CARGO_004,PT,transit,1.0,bulk_carrier,0.9999999717112603,0.0,0.0,0.0,0.0,0.0,0.0,0.0,1.0,0.0,0.002430555555555555,0.0,0.0,0.002430555555555555,Transit,Bulk Carrier
500057507,MV_BRA_CARGO_004,PT,transit,1.0,bulk_carrier,0.9999999717112603,0.0,0.0,0.0,0.0,0.0,0.0,0.0,1.0,0.0,0.002430555555555555,0.0,0.0,0.002430555555555555,Transit,Bulk Carrier
500057507,MV_BRA_CARGO_004,PT,transit,1.0,bulk_carrier,0.9999999717112603,0.0,0.0,0.0,0.0,0.0,0.0,0.0,1.0,0.0,0.002430555555555555,0.0,0.0,0.002430555555555555,Transit,Bulk Carrier
500057507,MV_BRA_CARGO_004,PT,transit,1.0,bulk_carrier,0.9999999717112603,0.0,0.0,0.0,0.0,0.0,0.0,0.0,1.0,0.0,0.002430555555555555,0.0,0.0,0.002430555555555555,Transit,Bulk Carrier
500057508,MV_BRA_CARGO_005,BR,transit,0.9932222222222223,bulk_carrier,0.999999972930342,0.002444444444444445,0.0,0.0,0.0,0.0,0.0,0.004333333333333333,0.9932222222222223,0.0,0.002430555555555555,0.0,0.0,0.002430555555555555,Transit,Bulk Carrier
500057508,MV_BRA_CARGO_005,BR,transit,0.9988888888888887,bulk_carrier,0.999999972930342,0.0011111111111111111,0.0,0.0,0.0,0.0,0.0,0.0,0.9988888888888887,0.0,0.002430555555555555,0.0,0.0,0.002430555555555555,Transit,Bulk Carrier
500057508,MV_BRA_CARGO_005,BR,transit,1.0,bulk_carrier,0.999999972930342,0.0,0.0,0.0,0.0,0.0,0.0,0.0,1.0,0.0,0.002430555555555555,0.0,0.0,0.002430555555555555,Transit,Bulk Carrier
500057508,MV_BRA_CARGO_005,BR,transit,1.0,bulk_carrier,0.999999972930342,0.0,0.0,0.0,0.0,0.0,0.0,0.0,1.0,0.0,0.002430555555555555,0.0,0.0,0.002430555555555555,Transit,Bulk Carrier
500057508,MV_BRA_CARGO_005,BR,transit,1.0,bulk_carrier,0.999999973197206,0.0,0.0,0.0,0.0,0.0,0.0,0.0,1.0,0.0,0.002430555555555555,0.0,0.0,0.002430555555555555,Transit,Bulk Carrier
500057508,MV_BRA_CARGO_005,BR,transit,1.0,bulk_carrier,0.999999972930342,0.0,0.0,0.0,0.0,0.0,0.0,0.0,1.0,0.0,0.002430555555555555,0.0,0.0,0.002430555555555555,Transit,Bulk Carrier
500057508,MV_BRA_CARGO_005,BR,transit,1.0,bulk_carrier,0.999999972930342,0.0,0.0,0.0,0.0,0.0,0.0,0.0,1.0,0.0,0.002430555555555555,0.0,0.0,0.002430555555555555,Transit,Bulk Carrier
500057508,MV_BRA_CARGO_005,BR,transit,1.0,bulk_carrier,0.999999972930342,0.0,0.0,0.0,0.0,0.0,0.0,0.0,1.0,0.0,0.002430555555555555,0.0,0.0,0.002430555555555555,Transit,Bulk Carrier
500057508,MV_BRA_CARGO_005,BR,transit,1.0,bulk_carrier,0.999999972930342,0.0,0.0,0.0,0.0,0.0,0.0,0.0,1.0,0.0,0.002430555555555555,0.0,0.0,0.002430555555555555,Transit,Bulk Carrier
500057508,MV_BRA_CARGO_005,BR,transit,1.0,bulk_carrier,0.999999972930342,0.0,0.0,0.0,0.0,0.0,0.0,0.0,1.0,0.0,0.002430555555555555,0.0,0.0,0.002430555555555555,Transit,Bulk Carrier
500057508,MV_BRA_CARGO_005,BR,transit,1.0,bulk_carrier,0.999999972930342,0.0,0.0,0.0,0.0,0.0,0.0,0.0,1.0,0.0,0.002430555555555555,0.0,0.0,0.002430555555555555,Transit,Bulk Carrier
500057508,MV_BRA_CARGO_005,BR,transit,1.0,bulk_carrier,0.999999972930342,0.0,0.0,0.0,0.0,0.0,0.0,0.0,1.0,0.0,0.002430555555555555,0.0,0.0,0.002430555555555555,Transit,Bulk Carrier
500057508,MV_BRA_CARGO_005,BR,transit,1.0,bulk_carrier,0.999999972930342,0.0,0.0,0.0,0.0,0.0,0.0,0.0,1.0,0.0,0.002430555555555555,0.0,0.0,0.002430555555555555,Transit,Bulk Carrier
500057508,MV_BRA_CARGO_005,BR,transit,1.0,bulk_carrier,0.999999972930342,0.0,0.0,0.0,0.0,0.0,0.0,0.0,1.0,0.0,0.002430555555555555,0.0,0.0,0.002430555555555555,Transit,Bulk Carrier
500057508,MV_BRA_CARGO_005,BR,transit,1.0,bulk_carrier,0.999999972930342,0.0,0.0,0.0,0.0,0.0,0.0,0.0,1.0,0.0,0.002430555555555555,0.0,0.0,0.002430555555555555,Transit,Bulk Carrier
500057508,MV_BRA_CARGO_005,BR,transit,1.0,bulk_carrier,0.999999972930342,0.0,0.0,0.0,0.0,0.0,0.0,0.0,1.0,0.0,0.002430555555555555,0.0,0.0,0.002430555555555555,Transit,Bulk Carrier
500057508,MV_BRA_CARGO_005,BR,transit,1.0,bulk_carrier,0.999999972930342,0.0,0.0,0.0,0.0,0.0,0.0,0.0,1.0,0.0,0.002430555555555555,0.0,0.0,0.002430555555555555,Transit,Bulk Carrier
500057508,MV_BRA_CARGO_005,BR,transit,0.9970000000000001,bulk_carrier,0.999999972930342,0.0,0.0,0.0,0.0,0.0,0.0,0.003,0.9970000000000001,0.0,0.002430555555555555,0.0,0.0,0.002430555555555555,Transit,Bulk Carrier
500057508,MV_BRA_CARGO_005,BR,transit,1.0,bulk_carrier,0.999999972930342,0.0,0.0,0.0,0.0,0.0,0.0,0.0,1.0,0.0,0.002430555555555555,0.0,0.0,0.002430555555555555,Transit,Bulk Carrier
500057508,MV_BRA_CARGO_005,BR,transit,1.0,bulk_carrier,0.999999972930342,0.0,0.0,0.0,0.0,0.0,0.0,0.0,1.0,0.0,0.002430555555555555,0.0,0.0,0.002430555555555555,Transit,Bulk Carrier
500057508,MV_BRA_CARGO_005,BR,transit,0.9991666666666666,bulk_carrier,0.999999972930342,0.0,0.0,0.0,0.0,0.0,0.0,0.0008333333333333334,0.9991666666666666,0.0,0.002430555555555555,0.0,0.0,0.002430555555555555,Transit,Bulk Carrier
500057508,MV_BRA_CARGO_005,BR,transit,1.0,bulk_carrier,0.999999972930342,0.0,0.0,0.0,0.0,0.0,0.0,0.0,1.0,0.0,0.002430555555555555,0.0,0.0,0.002430555555555555,Transit,Bulk Carrier
500057508,MV_BRA_CARGO_005,BR,transit,0.9983333333333333,bulk_carrier,0.999999972930342,0.0016666666666666668,0.0,0.0,0.0,0.0,0.0,0.0,0.9983333333333333,0.0,0.002430555555555555,0.0,0.0,0.002430555555555555,Transit,Bulk Carrier
500057508,MV_BRA_CARGO_005,BR,transit,0.9966666666666667,bulk_carrier,0.999999972930342,0.0,0.0016666666666666668,0.0,0.0,0.0,0.0,0.0016666666666666668,0.9966666666666667,0.0,0.002430555555555555,0.0,0.0,0.002430555555555555,Transit,Bulk Carrier
500057508,MV_BRA_CARGO_005,BR,transit,0.9983333333333333,bulk_carrier,0.999999972930342,0.0,0.0,0.0,0.0,0.0,0.0,0.0,0.9983333333333333,0.0016666666666666668,0.002430555555555555,0.0,0.0,0.002430555555555555,Transit,Bulk Carrier
500057508,MV_BRA_CARGO_005,BR,transit,1.0,bulk_carrier,0.999999973197206,0.0,0.0,0.0,0.0,0.0,0.0,0.0,1.0,0.0,0.002430555555555555,0.0,0.0,0.002430555555555555,Transit,Bulk Carrier
500057508,MV_BRA_CARGO_005,BR,transit,1.0,bulk_carrier,0.999999972930342,0.0,0.0,0.0,0.0,0.0,0.0,0.0,1.0,0.0,0.002430555555555555,0.0,0.0,0.002430555555555555,Transit,Bulk Carrier
500057508,MV_BRA_CARGO_005,BR,transit,1.0,bulk_carrier,0.999999972930342,0.0,0.0,0.0,0.0,0.0,0.0,0.0,1.0,0.0,0.002430555555555555,0.0,0.0,0.002430555555555555,Transit,Bulk Carrier
500057508,MV_BRA_CARGO_005,BR,transit,1.0,bulk_carrier,0.999999972930342,0.0,0.0,0.0,0.0,0.0,0.0,0.0,1.0,0.0,0.002430555555555555,0.0,0.0,0.002430555555555555,Transit,Bulk Carrier
500057508,MV_BRA_CARGO_005,BR,transit,1.0,bulk_carrier,0.999999972930342,0.0,0.0,0.0,0.0,0.0,0.0,0.0,1.0,0.0,0.002430555555555555,0.0,0.0,0.002430555555555555,Transit,Bulk Carrier
500057508,MV_BRA_CARGO_005,BR,transit,0.9977777777777779,bulk_carrier,0.999999972930342,0.0,0.0,0.0,0.0,0.0,0.0,0.0022222222222222222,0.9977777777777779,0.0,0.002430555555555555,0.0,0.0,0.002430555555555555,Transit,Bulk Carrier
500057508,MV_BRA_CARGO_005,BR,transit,1.0,bulk_carrier,0.999999972930342,0.0,0.0,0.0,0.0,0.0,0.0,0.0,1.0,0.0,0.002430555555555555,0.0,0.0,0.002430555555555555,Transit,Bulk Carrier
500057508,MV_BRA_CARGO_005,BR,transit,1.0,bulk_carrier,0.999999972930342,0.0,0.0,0.0,0.0,0.0,0.0,0.0,1.0,0.0,0.002430555555555555,0.0,0.0,0.002430555555555555,Transit,Bulk Carrier
500057508,MV_BRA_CARGO_005,BR,transit,1.0,bulk_carrier,0.999999972930342,0.0,0.0,0.0,0.0,0.0,0.0,0.0,1.0,0.0,0.002430555555555555,0.0,0.0,0.002430555555555555,Transit,Bulk Carrier
500057508,MV_BRA_CARGO_005,BR,transit,0.9988888888888887,bulk_carrier,0.999999972930342,0.0011111111111111111,0.0,0.0,0.0,0.0,0.0,0.0,0.9988888888888887,0.0,0.002430555555555555,0.0,0.0,0.002430555555555555,Transit,Bulk Carrier
500057508,MV_BRA_CARGO_005,BR,transit,1.0,bulk_carrier,0.999999972930342,0.0,0.0,0.0,0.0,0.0,0.0,0.0,1.0,0.0,0.002430555555555555,0.0,0.0,0.002430555555555555,Transit,Bulk Carrier
500057508,MV_BRA_CARGO_005,BR,transit,1.0,bulk_carrier,0.999999972930342,0.0,0.0,0.0,0.0,0.0,0.0,0.0,1.0,0.0,0.002430555555555555,0.0,0.0,0.002430555555555555,Transit,Bulk Carrier
500057508,MV_BRA_CARGO_005,BR,transit,0.9997411003236247,bulk_carrier,0.999999972930342,0.0,0.0,0.0,0.0001941747572815534,0.0,3.2362459546925564e-05,0.0,0.9997411003236247,3.2362459546925564e-05,0.002430555555555555,0.0,0.0,0.002430555555555555,Transit,Bulk Carrier
500057508,MV_BRA_CARGO_005,BR,transit,1.0,bulk_carrier,0.999999972930342,0.0,0.0,0.0,0.0,0.0,0.0,0.0,1.0,0.0,0.002430555555555555,0.0,0.0,0.002430555555555555,Transit,Bulk Carrier
500057508,MV_BRA_CARGO_005,BR,transit,0.9997411003236247,bulk_carrier,0.999999972930342,0.0,0.0,0.0,0.0001941747572815534,0.0,3.2362459546925564e-05,0.0,0.9997411003236247,3.2362459546925564e-05,0.002430555555555555,0.0,0.0,0.002430555555555555,Transit,Bulk Carrier
500057508,MV_BRA_CARGO_005,BR,transit,1.0,bulk_carrier,0.999999973197206,0.0,0.0,0.0,0.0,0.0,0.0,0.0,1.0,0.0,0.002430555555555555,0.0,0.0,0.002430555555555555,Transit,Bulk Carrier
500057508,MV_BRA_CARGO_005,BR,transit,1.0,bulk_carrier,0.999999972930342,0.0,0.0,0.0,0.0,0.0,0.0,0.0,1.0,0.0,0.002430555555555555,0.0,0.0,0.002430555555555555,Transit,Bulk Carrier
500057508,MV_BRA_CARGO_005,BR,transit,0.9997411003236247,bulk_carrier,0.999999972930342,0.0,0.0,0.0,0.0001941747572815534,0.0,3.2362459546925564e-05,0.0,0.9997411003236247,3.2362459546925564e-05,0.002430555555555555,0.0,0.0,0.002430555555555555,Transit,Bulk Carrier
500057508,MV_BRA_CARGO_005,BR,transit,1.0,bulk_carrier,0.999999972930342,0.0,0.0,0.0,0.0,0.0,0.0,0.0,1.0,0.0,0.002430555555555555,0.0,0.0,0.002430555555555555,Transit,Bulk Carrier
500057508,MV_BRA_CARGO_005,BR,transit,1.0,bulk_carrier,0.999999973197206,0.0,0.0,0.0,0.0,0.0,0.0,0.0,1.0,0.0,0.002430555555555555,0.0,0.0,0.002430555555555555,Transit,Bulk Carrier
500057508,MV_BRA_CARGO_005,BR,transit,1.0,bulk_carrier,0.999999972930342,0.0,0.0,0.0,0.0,0.0,0.0,0.0,1.0,0.0,0.002430555555555555,0.0,0.0,0.002430555555555555,Transit,Bulk Carrier
500057508,MV_BRA_CARGO_005,BR,transit,0.995,bulk_carrier,0.999999972930342,0.0033333333333333335,0.0,0.0,0.0,0.0,0.0,0.0016666666666666668,0.995,0.0,0.002430555555555555,0.0,0.0,0.002430555555555555,Transit,Bulk Carrier
500057508,MV_BRA_CARGO_005,BR,transit,0.9997411003236247,bulk_carrier,0.999999972930342,0.0,0.0,0.0,0.0001941747572815534,0.0,3.2362459546925564e-05,0.0,0.9997411003236247,3.2362459546925564e-05,0.002430555555555555,0.0,0.0,0.002430555555555555,Transit,Bulk Carrier
500057508,MV_BRA_CARGO_005,BR,transit,1.0,bulk_carrier,0.999999972930342,0.0,0.0,0.0,0.0,0.0,0.0,0.0,1.0,0.0,0.002430555555555555,0.0,0.0,0.002430555555555555,Transit,Bulk Carrier
500057508,MV_BRA_CARGO_005,BR,transit,1.0,bulk_carrier,0.999999972930342,0.0,0.0,0.0,0.0,0.0,0.0,0.0,1.0,0.0,0.002430555555555555,0.0,0.0,0.002430555555555555,Transit,Bulk Carrier
500057508,MV_BRA_CARGO_005,BR,transit,1.0,bulk_carrier,0.999999972930342,0.0,0.0,0.0,0.0,0.0,0.0,0.0,1.0,0.0,0.002430555555555555,0.0,0.0,0.002430555555555555,Transit,Bulk Carrier
500057508,MV_BRA_CARGO_005,BR,transit,1.0,bulk_carrier,0.999999972930342,0.0,0.0,0.0,0.0,0.0,0.0,0.0,1.0,0.0,0.002430555555555555,0.0,0.0,0.002430555555555555,Transit,Bulk Carrier
500057508,MV_BRA_CARGO_005,BR,transit,1.0,bulk_carrier,0.999999972930342,0.0,0.0,0.0,0.0,0.0,0.0,0.0,1.0,0.0,0.002430555555555555,0.0,0.0,0.002430555555555555,Transit,Bulk Carrier
500057508,MV_BRA_CARGO_005,BR,transit,1.0,bulk_carrier,0.999999972930342,0.0,0.0,0.0,0.0,0.0,0.0,0.0,1.0,0.0,0.002430555555555555,0.0,0.0,0.002430555555555555,Transit,Bulk Carrier
500057508,MV_BRA_CARGO_005,BR,transit,1.0,bulk_carrier,0.999999972930342,0.0,0.0,0.0,0.0,0.0,0.0,0.0,1.0,0.0,0.002430555555555555,0.0,0.0,0.002430555555555555,Transit,Bulk Carrier
500057508,MV_BRA_CARGO_005,BR,transit,1.0,bulk_carrier,0.999999972930342,0.0,0.0,0.0,0.0,0.0,0.0,0.0,1.0,0.0,0.002430555555555555,0.0,0.0,0.002430555555555555,Transit,Bulk Carrier
500057509,MV_BRA_CARGO_006,ES,transit,0.9997411003236247,cargo,0.9999999852605268,0.0,0.0,0.0,0.0001941747572815534,0.0,3.2362459546925564e-05,0.0,0.9997411003236247,3.2362459546925564e-05,0.002430555555555555,0.0,0.0,0.002430555555555555,Transit,Cargo
500057509,MV_BRA_CARGO_006,ES,transit,0.9997411003236247,cargo,0.9999999852605268,0.0,0.0,0.0,0.0001941747572815534,0.0,3.2362459546925564e-05,0.0,0.9997411003236247,3.2362459546925564e-05,0.002430555555555555,0.0,0.0,0.002430555555555555,Transit,Cargo
500057509,MV_BRA_CARGO_006,ES,transit,1.0,cargo,0.9999999852605268,0.0,0.0,0.0,0.0,0.0,0.0,0.0,1.0,0.0,0.002430555555555555,0.0,0.0,0.002430555555555555,Transit,Cargo
500057509,MV_BRA_CARGO_006,ES,transit,1.0,cargo,0.9999999852605268,0.0,0.0,0.0,0.0,0.0,0.0,0.0,1.0,0.0,0.002430555555555555,0.0,0.0,0.002430555555555555,Transit,Cargo
500057509,MV_BRA_CARGO_006,ES,transit,0.9983333333333333,cargo,0.9999999852605268,0.0,0.0,0.0,0.0016666666666666668,0.0,0.0,0.0,0.9983333333333333,0.0,0.002430555555555555,0.0,0.0,0.002430555555555555,Transit,Cargo
500057509,MV_BRA_CARGO_006,ES,transit,0.9997411003236247,cargo,0.9999999852605268,0.0,0.0,0.0,0.0001941747572815534,0.0,3.2362459546925564e-05,0.0,0.9997411003236247,3.2362459546925564e-05,0.002430555555555555,0.0,0.0,0.002430555555555555,Transit,Cargo
500057509,MV_BRA_CARGO_006,ES,transit,1.0,cargo,0.9999999852605268,0.0,0.0,0.0,0.0,0.0,0.0,0.0,1.0,0.0,0.002430555555555555,0.0,0.0,0.002430555555555555,Transit,Cargo
500057509,MV_BRA_CARGO_006,ES,transit,1.0,cargo,0.9999999852605268,0.0,0.0,0.0,0.0,0.0,0.0,0.0,1.0,0.0,0.002430555555555555,0.0,0.0,0.002430555555555555,Transit,Cargo
500057509,MV_BRA_CARGO_006,ES,transit,0.8972433862433866,cargo,0.9999999852605268,0.0,0.0,0.0,0.0033333333333333335,0.01638888888888889,0.08081216931216932,0.0,0.8972433862433866,0.0022222222222222222,0.002430555555555555,0.0,0.0,0.002430555555555555,Transit,Cargo
500057509,MV_BRA_CARGO_006,ES,transit,0.996185544768069,cargo,0.9999999852605268,0.0,0.0,0.0,0.003749730312837109,0.0,3.2362459546925564e-05,0.0,0.996185544768069,3.2362459546925564e-05,0.002430555555555555,0.0,0.0,0.002430555555555555,Transit,Cargo
500057509,MV_BRA_CARGO_006,ES,transit,1.0,cargo,0.9999999852605268,0.0,0.0,0.0,0.0,0.0,0.0,0.0,1.0,0.0,0.002430555555555555,0.0,0.0,0.002430555555555555,Transit,Cargo
500057509,MV_BRA_CARGO_006,ES,transit,1.0,cargo,0.9999999852605268,0.0,0.0,0.0,0.0,0.0,0.0,0.0,1.0,0.0,0.002430555555555555,0.0,0.0,0.002430555555555555,Transit,Cargo
500057509,MV_BRA_CARGO_006,ES,transit,1.0,cargo,0.9999999852605268,0.0,0.0,0.0,0.0,0.0,0.0,0.0,1.0,0.0,0.002430555555555555,0.0,0.0,0.002430555555555555,Transit,Cargo
500057509,MV_BRA_CARGO_006,ES,transit,1.0,cargo,0.9999999852605268,0.0,0.0,0.0,0.0,0.0,0.0,0.0,1.0,0.0,0.002430555555555555,0.0,0.0,0.002430555555555555,Transit,Cargo
500057509,MV_BRA_CARGO_006,ES,transit,0.9956666666666666,cargo,0.9999999852605268,0.002333333333333333,0.002,0.0,0.0,0.0,0.0,0.0,0.9956666666666666,0.0,0.002430555555555555,0.0,0.0,0.002430555555555555,Transit,Cargo
500057509,MV_BRA_CARGO_006,ES,transit,1.0,cargo,0.9999999852605268,0.0,0.0,0.0,0.0,0.0,0.0,0.0,1.0,0.0,0.002430555555555555,0.0,0.0,0.002430555555555555,Transit,Cargo
500057509,MV_BRA_CARGO_006,ES,transit,1.0,cargo,0.9999999852605268,0.0,0.0,0.0,0.0,0.0,0.0,0.0,1.0,0.0,0.002430555555555555,0.0,0.0,0.002430555555555555,Transit,Cargo
500057509,MV_BRA_CARGO_006,ES,transit,1.0,cargo,0.9999999852605268,0.0,0.0,0.0,0.0,0.0,0.0,0.0,1.0,0.0,0.002430555555555555,0.0,0.0,0.002430555555555555,Transit,Cargo
500057509,MV_BRA_CARGO_006,ES,transit,1.0,cargo,0.9999999852605268,0.0,0.0,0.0,0.0,0.0,0.0,0.0,1.0,0.0,0.002430555555555555,0.0,0.0,0.002430555555555555,Transit,Cargo
500057509,MV_BRA_CARGO_006,ES,transit,1.0,cargo,0.9999999852605268,0.0,0.0,0.0,0.0,0.0,0.0,0.0,1.0,0.0,0.002430555555555555,0.0,0.0,0.002430555555555555,Transit,Cargo
500057509,MV_BRA_CARGO_006,ES,transit,0.9997411003236247,cargo,0.9999999852605268,0.0,0.0,0.0,0.0001941747572815534,0.0,3.2362459546925564e-05,0.0,0.9997411003236247,3.2362459546925564e-05,0.002430555555555555,0.0,0.0,0.002430555555555555,Transit,Cargo
500057509,MV_BRA_CARGO_006,ES,transit,1.0,cargo,0.9999999852605268,0.0,0.0,0.0,0.0,0.0,0.0,0.0,1.0,0.0,0.002430555555555555,0.0,0.0,0.002430555555555555,Transit,Cargo
500057509,MV_BRA_CARGO_006,ES,transit,1.0,cargo,0.9999999852605268,0.0,0.0,0.0,0.0,0.0,0.0,0.0,1.0,0.0,0.002430555555555555,0.0,0.0,0.002430555555555555,Transit,Cargo
500057509,MV_BRA_CARGO_006,ES,transit,0.9997411003236247,cargo,0.9999999852605268,0.0,0.0,0.0,0.0001941747572815534,0.0,3.2362459546925564e-05,0.0,0.9997411003236247,3.2362459546925564e-05,0.002430555555555555,0.0,0.0,0.002430555555555555,Transit,Cargo
500057509,MV_BRA_CARGO_006,ES,transit,0.9983333333333333,cargo,0.9999999852605268,0.0,0.0,0.0,0.0,0.0,0.0,0.0016666666666666668,0.9983333333333333,0.0,0.002430555555555555,0.0,0.0,0.002430555555555555,Transit,Cargo
500057509,MV_BRA_CARGO_006,ES,transit,1.0,cargo,0.9999999852605268,0.0,0.0,0.0,0.0,0.0,0.0,0.0,1.0,0.0,0.002430555555555555,0.0,0.0,0.002430555555555555,Transit,Cargo
500057509,MV_BRA_CARGO_006,ES,transit,0.9983333333333333,cargo,0.9999999852605268,0.0,0.0,0.0,0.0016666666666666668,0.0,0.0,0.0,0.9983333333333333,0.0,0.002430555555555555,0.0,0.0,0.002430555555555555,Transit,Cargo
500057509,MV_BRA_CARGO_006,ES,transit,1.0,cargo,0.9999999852605268,0.0,0.0,0.0,0.0,0.0,0.0,0.0,1.0,0.0,0.002430555555555555,0.0,0.0,0.002430555555555555,Transit,Cargo
500057509,MV_BRA_CARGO_006,ES,transit,0.9972222222222222,cargo,0.9999999852605268,0.0,0.0,0.0,0.0,0.0011111111111111111,0.0,0.0016666666666666668,0.9972222222222222,0.0,0.002430555555555555,0.0,0.0,0.002430555555555555,Transit,Cargo
500057509,MV_BRA_CARGO_006,ES,transit,0.9988888888888889,cargo,0.9999999852605268,0.0,0.0,0.0,0.0,0.0011111111111111111,0.0,0.0,0.9988888888888889,0.0,0.002430555555555555,0.0,0.0,0.002430555555555555,Transit,Cargo
500057509,MV_BRA_CARGO_006,ES,transit,1.0,cargo,0.9999999852605268,0.0,0.0,0.0,0.0,0.0,0.0,0.0,1.0,0.0,0.002430555555555555,0.0,0.0,0.002430555555555555,Transit,Cargo
500057509,MV_BRA_CARGO_006,ES,transit,1.0,cargo,0.9999999852605268,0.0,0.0,0.0,0.0,0.0,0.0,0.0,1.0,0.0,0.002430555555555555,0.0,0.0,0.002430555555555555,Transit,Cargo
500057509,MV_BRA_CARGO_006,ES,transit,1.0,cargo,0.9999999852605268,0.0,0.0,0.0,0.0,0.0,0.0,0.0,1.0,0.0,0.002430555555555555,0.0,0.0,0.002430555555555555,Transit,Cargo
500057509,MV_BRA_CARGO_006,ES,transit,0.9997411003236247,cargo,0.9999999852605268,0.0,0.0,0.0,0.0001941747572815534,0.0,3.2362459546925564e-05,0.0,0.9997411003236247,3.2362459546925564e-05,0.002430555555555555,0.0,0.0,0.002430555555555555,Transit,Cargo
500057509,MV_BRA_CARGO_006,ES,transit,0.9983333333333333,cargo,0.9999999852605268,0.0016666666666666668,0.0,0.0,0.0,0.0,0.0,0.0,0.9983333333333333,0.0,0.002430555555555555,0.0,0.0,0.002430555555555555,Transit,Cargo
500057509,MV_BRA_CARGO_006,ES,transit,0.9997411003236247,cargo,0.9999999852605268,0.0,0.0,0.0,0.0001941747572815534,0.0,3.2362459546925564e-05,0.0,0.9997411003236247,3.2362459546925564e-05,0.002430555555555555,0.0,0.0,0.002430555555555555,Transit,Cargo
500057509,MV_BRA_CARGO_006,ES,transit,1.0,cargo,0.9999999852605268,0.0,0.0,0.0,0.0,0.0,0.0,0.0,1.0,0.0,0.002430555555555555,0.0,0.0,0.002430555555555555,Transit,Cargo
500057509,MV_BRA_CARGO_006,ES,transit,1.0,cargo,0.9999999852605268,0.0,0.0,0.0,0.0,0.0,0.0,0.0,1.0,0.0,0.002430555555555555,0.0,0.0,0.002430555555555555,Transit,Cargo
500057509,MV_BRA_CARGO_006,ES,transit,1.0,cargo,0.9999999852605208,0.0,0.0,0.0,0.0,0.0,0.0,0.0,1.0,0.0,0.002430555555555555,0.0,0.0,0.002430555555555555,Transit,Cargo
500057509,MV_BRA_CARGO_006,ES,transit,1.0,cargo,0.9999999852605208,0.0,0.0,0.0,0.0,0.0,0.0,0.0,1.0,0.0,0.002430555555555555,0.0,0.0,0.002430555555555555,Transit,Cargo
500057509,MV_BRA_CARGO_006,ES,transit,1.0,cargo,0.9999999852605268,0.0,0.0,0.0,0.0,0.0,0.0,0.0,1.0,0.0,0.002430555555555555,0.0,0.0,0.002430555555555555,Transit,Cargo
500057509,MV_BRA_CARGO_006,ES,transit,1.0,cargo,0.9999999852605268,0.0,0.0,0.0,0.0,0.0,0.0,0.0,1.0,0.0,0.002430555555555555,0.0,0.0,0.002430555555555555,Transit,Cargo
500057509,MV_BRA_CARGO_006,ES,transit,0.9997411003236247,cargo,0.9999999852605268,0.0,0.0,0.0,0.0001941747572815534,0.0,3.2362459546925564e-05,0.0,0.9997411003236247,3.2362459546925564e-05,0.002430555555555555,0.0,0.0,0.002430555555555555,Transit,Cargo
500057509,MV_BRA_CARGO_006,ES,transit,1.0,cargo,0.9999999852605268,0.0,0.0,0.0,0.0,0.0,0.0,0.0,1.0,0.0,0.002430555555555555,0.0,0.0,0.002430555555555555,Transit,Cargo
500057509,MV_BRA_CARGO_006,ES,transit,0.9966666666666667,cargo,0.9999999852605268,0.0,0.0,0.0,0.0,0.0,0.0,0.0033333333333333335,0.9966666666666667,0.0,0.002430555555555555,0.0,0.0,0.002430555555555555,Transit,Cargo
500057509,MV_BRA_CARGO_006,ES,transit,1.0,cargo,0.9999999852605268,0.0,0.0,0.0,0.0,0.0,0.0,0.0,1.0,0.0,0.002430555555555555,0.0,0.0,0.002430555555555555,Transit,Cargo
500057509,MV_BRA_CARGO_006,ES,transit,1.0,cargo,0.9999999852605268,0.0,0.0,0.0,0.0,0.0,0.0,0.0,1.0,0.0,0.002430555555555555,0.0,0.0,0.002430555555555555,Transit,Cargo
500057509,MV_BRA_CARGO_006,ES,transit,1.0,cargo,0.9999999852605268,0.0,0.0,0.0,0.0,0.0,0.0,0.0,1.0,0.0,0.002430555555555555,0.0,0.0,0.002430555555555555,Transit,Cargo
500057509,MV_BRA_CARGO_006,ES,transit,1.0,cargo,0.9999999852605268,0.0,0.0,0.0,0.0,0.0,0.0,0.0,1.0,0.0,0.002430555555555555,0.0,0.0,0.002430555555555555,Transit,Cargo
500057509,MV_BRA_CARGO_006,ES,transit,1.0,cargo,0.9999999852605268,0.0,0.0,0.0,0.0,0.0,0.0,0.0,1.0,0.0,0.002430555555555555,0.0,0.0,0.002430555555555555,Transit,Cargo
500057509,MV_BRA_CARGO_006,ES,transit,1.0,cargo,0.9999999852605268,0.0,0.0,0.0,0.0,0.0,0.0,0.0,1.0,0.0,0.002430555555555555,0.0,0.0,0.002430555555555555,Transit,Cargo
500057509,MV_BRA_CARGO_006,ES,transit,1.0,cargo,0.9999999852605268,0.0,0.0,0.0,0.0,0.0,0.0,0.0,1.0,0.0,0.002430555555555555,0.0,0.0,0.002430555555555555,Transit,Cargo
500057509,MV_BRA_CARGO_006,ES,transit,1.0,cargo,0.9999999852605268,0.0,0.0,0.0,0.0,0.0,0.0,0.0,1.0,0.0,0.002430555555555555,0.0,0.0,0.002430555555555555,Transit,Cargo
500057509,MV_BRA_CARGO_006,ES,transit,1.0,cargo,0.9999999852605268,0.0,0.0,0.0,0.0,0.0,0.0,0.0,1.0,0.0,0.002430555555555555,0.0,0.0,0.002430555555555555,Transit,Cargo
500057509,MV_BRA_CARGO_006,ES,transit,1.0,cargo,0.9999999852605268,0.0,0.0,0.0,0.0,0.0,0.0,0.0,1.0,0.0,0.002430555555555555,0.0,0.0,0.002430555555555555,Transit,Cargo
500057509,MV_BRA_CARGO_006,ES,transit,1.0,cargo,0.9999999852605268,0.0,0.0,0.0,0.0,0.0,0.0,0.0,1.0,0.0,0.002430555555555555,0.0,0.0,0.002430555555555555,Transit,Cargo
500057510,MV_BRA_CARGO_007,PA,transit,1.0,bulk_carrier,0.9999999710120429,0.0,0.0,0.0,0.0,0.0,0.0,0.0,1.0,0.0,0.002430555555555555,0.3,0.0,0.3,Transit,Bulk Carrier
500057510,MV_BRA_CARGO_007,PA,transit,1.0,bulk_carrier,0.9999999710120429,0.0,0.0,0.0,0.0,0.0,0.0,0.0,1.0,0.0,0.002430555555555555,0.3,0.0,0.3,Transit,Bulk Carrier
500057510,MV_BRA_CARGO_007,PA,transit,1.0,bulk_carrier,0.9999999710120429,0.0,0.0,0.0,0.0,0.0,0.0,0.0,1.0,0.0,0.002430555555555555,0.3,0.0,0.3,Transit,Bulk Carrier
500057510,MV_BRA_CARGO_007,PA,transit,1.0,bulk_carrier,0.9999999710120429,0.0,0.0,0.0,0.0,0.0,0.0,0.0,1.0,0.0,0.002430555555555555,0.3,0.0,0.3,Transit,Bulk Carrier
500057510,MV_BRA_CARGO_007,PA,transit,0.9991666666666666,bulk_carrier,0.9999999710120429,0.0,0.0,0.0,0.0008333333333333334,0.0,0.0,0.0,0.9991666666666666,0.0,0.002430555555555555,0.3,0.0,0.3,Transit,Bulk Carrier
500057510,MV_BRA_CARGO_007,PA,transit,0.9997411003236247,bulk_carrier,0.9999999710120429,0.0,0.0,0.0,0.0001941747572815534,0.0,3.2362459546925564e-05,0.0,0.9997411003236247,3.2362459546925564e-05,0.002430555555555555,0.3,0.0,0.3,Transit,Bulk Carrier
500057510,MV_BRA_CARGO_007,PA,transit,0.9983333333333333,bulk_carrier,0.9999999710120429,0.0,0.0,0.0,0.0016666666666666668,0.0,0.0,0.0,0.9983333333333333,0.0,0.002430555555555555,0.3,0.0,0.3,Transit,Bulk Carrier
500057510,MV_BRA_CARGO_007,PA,transit,1.0,bulk_carrier,0.9999999710120429,0.0,0.0,0.0,0.0,0.0,0.0,0.0,1.0,0.0,0.002430555555555555,0.3,0.0,0.3,Transit,Bulk Carrier
500057510,MV_BRA_CARGO_007,PA,transit,1.0,bulk_carrier,0.9999999710120429,0.0,0.0,0.0,0.0,0.0,0.0,0.0,1.0,0.0,0.002430555555555555,0.3,0.0,0.3,Transit,Bulk Carrier
500057510,MV_BRA_CARGO_007,PA,transit,1.0,bulk_carrier,0.9999999710120429,0.0,0.0,0.0,0.0,0.0,0.0,0.0,1.0,0.0,0.002430555555555555,0.3,0.0,0.3,Transit,Bulk Carrier
500057510,MV_BRA_CARGO_007,PA,transit,1.0,bulk_carrier,0.9999999710120429,0.0,0.0,0.0,0.0,0.0,0.0,0.0,1.0,0.0,0.002430555555555555,0.3,0.0,0.3,Transit,Bulk Carrier
500057510,MV_BRA_CARGO_007,PA,transit,1.0,bulk_carrier,0.9999999710120429,0.0,0.0,0.0,0.0,0.0,0.0,0.0,1.0,0.0,0.002430555555555555,0.3,0.0,0.3,Transit,Bulk Carrier
500057510,MV_BRA_CARGO_007,PA,transit,1.0,bulk_carrier,0.9999999710120429,0.0,0.0,0.0,0.0,0.0,0.0,0.0,1.0,0.0,0.002430555555555555,0.3,0.0,0.3,Transit,Bulk Carrier
500057510,MV_BRA_CARGO_007,PA,transit,1.0,bulk_carrier,0.9999999710120429,0.0,0.0,0.0,0.0,0.0,0.0,0.0,1.0,0.0,0.002430555555555555,0.3,0.0,0.3,Transit,Bulk Carrier
500057510,MV_BRA_CARGO_007,PA,transit,1.0,bulk_carrier,0.9999999710120429,0.0,0.0,0.0,0.0,0.0,0.0,0.0,1.0,0.0,0.002430555555555555,0.3,0.0,0.3,Transit,Bulk Carrier
500057510,MV_BRA_CARGO_007,PA,transit,1.0,bulk_carrier,0.9999999710114165,0.0,0.0,0.0,0.0,0.0,0.0,0.0,1.0,0.0,0.002430555555555555,0.3,0.0,0.3,Transit,Bulk Carrier
500057510,MV_BRA_CARGO_007,PA,transit,0.9997411003236247,bulk_carrier,0.9999999710114165,0.0,0.0,0.0,0.0001941747572815534,0.0,3.2362459546925564e-05,0.0,0.9997411003236247,3.2362459546925564e-05,0.002430555555555555,0.3,0.0,0.3,Transit,Bulk Carrier
500057510,MV_BRA_CARGO_007,PA,transit,1.0,bulk_carrier,0.9999999710120429,0.0,0.0,0.0,0.0,0.0,0.0,0.0,1.0,0.0,0.002430555555555555,0.3,0.0,0.3,Transit,Bulk Carrier
500057510,MV_BRA_CARGO_007,PA,transit,1.0,bulk_carrier,0.9999999710120429,0.0,0.0,0.0,0.0,0.0,0.0,0.0,1.0,0.0,0.002430555555555555,0.3,0.0,0.3,Transit,Bulk Carrier
500057510,MV_BRA_CARGO_007,PA,transit,1.0,bulk_carrier,0.9999999710120429,0.0,0.0,0.0,0.0,0.0,0.0,0.0,1.0,0.0,0.002430555555555555,0.3,0.0,0.3,Transit,Bulk Carrier
500057510,MV_BRA_CARGO_007,PA,transit,1.0,bulk_carrier,0.9999999710120429,0.0,0.0,0.0,0.0,0.0,0.0,0.0,1.0,0.0,0.002430555555555555,0.3,0.0,0.3,Transit,Bulk Carrier
500057510,MV_BRA_CARGO_007,PA,transit,1.0,bulk_carrier,0.9999999710120429,0.0,0.0,0.0,0.0,0.0,0.0,0.0,1.0,0.0,0.002430555555555555,0.3,0.0,0.3,Transit,Bulk Carrier
500057510,MV_BRA_CARGO_007,PA,transit,1.0,bulk_carrier,0.9999999710120429,0.0,0.0,0.0,0.0,0.0,0.0,0.0,1.0,0.0,0.002430555555555555,0.3,0.0,0.3,Transit,Bulk Carrier
500057510,MV_BRA_CARGO_007,PA,transit,1.0,bulk_carrier,0.9999999710120429,0.0,0.0,0.0,0.0,0.0,0.0,0.0,1.0,0.0,0.002430555555555555,0.3,0.0,0.3,Transit,Bulk Carrier
500057510,MV_BRA_CARGO_007,PA,transit,1.0,bulk_carrier,0.9999999710120429,0.0,0.0,0.0,0.0,0.0,0.0,0.0,1.0,0.0,0.002430555555555555,0.3,0.0,0.3,Transit,Bulk Carrier
500057510,MV_BRA_CARGO_007,PA,transit,1.0,bulk_carrier,0.9999999710120429,0.0,0.0,0.0,0.0,0.0,0.0,0.0,1.0,0.0,0.002430555555555555,0.3,0.0,0.3,Transit,Bulk Carrier
500057510,MV_BRA_CARGO_007,PA,transit,1.0,bulk_carrier,0.9999999710120429,0.0,0.0,0.0,0.0,0.0,0.0,0.0,1.0,0.0,0.002430555555555555,0.3,0.0,0.3,Transit,Bulk Carrier
500057510,MV_BRA_CARGO_007,PA,transit,1.0,bulk_carrier,0.9999999710120429,0.0,0.0,0.0,0.0,0.0,0.0,0.0,1.0,0.0,0.002430555555555555,0.3,0.0,0.3,Transit,Bulk Carrier
500057510,MV_BRA_CARGO_007,PA,transit,1.0,bulk_carrier,0.9999999710120429,0.0,0.0,0.0,0.0,0.0,0.0,0.0,1.0,0.0,0.002430555555555555,0.3,0.0,0.3,Transit,Bulk Carrier
500057510,MV_BRA_CARGO_007,PA,transit,1.0,bulk_carrier,0.9999999710120429,0.0,0.0,0.0,0.0,0.0,0.0,0.0,1.0,0.0,0.002430555555555555,0.3,0.0,0.3,Transit,Bulk Carrier
500057510,MV_BRA_CARGO_007,PA,transit,1.0,bulk_carrier,0.9999999710120429,0.0,0.0,0.0,0.0,0.0,0.0,0.0,1.0,0.0,0.002430555555555555,0.3,0.0,0.3,Transit,Bulk Carrier
500057510,MV_BRA_CARGO_007,PA,transit,0.9997411003236247,bulk_carrier,0.9999999710120429,0.0,0.0,0.0,0.0001941747572815534,0.0,3.2362459546925564e-05,0.0,0.9997411003236247,3.2362459546925564e-05,0.002430555555555555,0.3,0.0,0.3,Transit,Bulk Carrier
500057510,MV_BRA_CARGO_007,PA,transit,1.0,bulk_carrier,0.9999999710120429,0.0,0.0,0.0,0.0,0.0,0.0,0.0,1.0,0.0,0.002430555555555555,0.3,0.0,0.3,Transit,Bulk Carrier
500057510,MV_BRA_CARGO_007,PA,transit,0.9805555555555558,bulk_carrier,0.9999999710120429,0.004722222222222221,0.0,0.0,0.0,0.0,0.0,0.01472222222222222,0.9805555555555558,0.0,0.002430555555555555,0.3,0.0,0.3,Transit,Bulk Carrier
500057510,MV_BRA_CARGO_007,PA,transit,1.0,bulk_carrier,0.9999999710120429,0.0,0.0,0.0,0.0,0.0,0.0,0.0,1.0,0.0,0.002430555555555555,0.3,0.0,0.3,Transit,Bulk Carrier
500057510,MV_BRA_CARGO_007,PA,transit,1.0,bulk_carrier,0.9999999710120429,0.0,0.0,0.0,0.0,0.0,0.0,0.0,1.0,0.0,0.002430555555555555,0.3,0.0,0.3,Transit,Bulk Carrier
500057510,MV_BRA_CARGO_007,PA,transit,1.0,bulk_carrier,0.9999999710120429,0.0,0.0,0.0,0.0,0.0,0.0,0.0,1.0,0.0,0.002430555555555555,0.3,0.0,0.3,Transit,Bulk Carrier
500057510,MV_BRA_CARGO_007,PA,transit,1.0,bulk_carrier,0.9999999710120429,0.0,0.0,0.0,0.0,0.0,0.0,0.0,1.0,0.0,0.002430555555555555,0.3,0.0,0.3,Transit,Bulk Carrier
500057510,MV_BRA_CARGO_007,PA,transit,1.0,bulk_carrier,0.9999999710120429,0.0,0.0,0.0,0.0,0.0,0.0,0.0,1.0,0.0,0.002430555555555555,0.3,0.0,0.3,Transit,Bulk Carrier
500057510,MV_BRA_CARGO_007,PA,transit,1.0,bulk_carrier,0.9999999710120429,0.0,0.0,0.0,0.0,0.0,0.0,0.0,1.0,0.0,0.002430555555555555,0.3,0.0,0.3,Transit,Bulk Carrier
500057510,MV_BRA_CARGO_007,PA,transit,1.0,bulk_carrier,0.9999999710120429,0.0,0.0,0.0,0.0,0.0,0.0,0.0,1.0,0.0,0.002430555555555555,0.3,0.0,0.3,Transit,Bulk Carrier
500057510,MV_BRA_CARGO_007,PA,transit,1.0,bulk_carrier,0.9999999710120429,0.0,0.0,0.0,0.0,0.0,0.0,0.0,1.0,0.0,0.002430555555555555,0.3,0.0,0.3,Transit,Bulk Carrier
500057510,MV_BRA_CARGO_007,PA,transit,1.0,bulk_carrier,0.9999999710120429,0.0,0.0,0.0,0.0,0.0,0.0,0.0,1.0,0.0,0.002430555555555555,0.3,0.0,0.3,Transit,Bulk Carrier
500057510,MV_BRA_CARGO_007,PA,transit,1.0,bulk_carrier,0.9999999710120429,0.0,0.0,0.0,0.0,0.0,0.0,0.0,1.0,0.0,0.002430555555555555,0.3,0.0,0.3,Transit,Bulk Carrier
500057510,MV_BRA_CARGO_007,PA,transit,0.9991666666666666,bulk_carrier,0.9999999710120429,0.0,0.0,0.0,0.0008333333333333334,0.0,0.0,0.0,0.9991666666666666,0.0,0.002430555555555555,0.3,0.0,0.3,Transit,Bulk Carrier
500057510,MV_BRA_CARGO_007,PA,transit,1.0,bulk_carrier,0.9999999710120429,0.0,0.0,0.0,0.0,0.0,0.0,0.0,1.0,0.0,0.002430555555555555,0.3,0.0,0.3,Transit,Bulk Carrier
500057510,MV_BRA_CARGO_007,PA,transit,0.9991666666666666,bulk_carrier,0.9999999710120429,0.0,0.0,0.0,0.0,0.0,0.0,0.0008333333333333334,0.9991666666666666,0.0,0.002430555555555555,0.3,0.0,0.3,Transit,Bulk Carrier
500057510,MV_BRA_CARGO_007,PA,transit,1.0,bulk_carrier,0.9999999710120429,0.0,0.0,0.0,0.0,0.0,0.0,0.0,1.0,0.0,0.002430555555555555,0.3,0.0,0.3,Transit,Bulk Carrier
500057510,MV_BRA_CARGO_007,PA,transit,1.0,bulk_carrier,0.9999999710120429,0.0,0.0,0.0,0.0,0.0,0.0,0.0,1.0,0.0,0.002430555555555555,0.3,0.0,0.3,Transit,Bulk Carrier
500057510,MV_BRA_CARGO_007,PA,transit,0.9997411003236247,bulk_carrier,0.9999999710120429,0.0,0.0,0.0,0.0001941747572815534,0.0,3.2362459546925564e-05,0.0,0.9997411003236247,3.2362459546925564e-05,0.002430555555555555,0.3,0.0,0.3,Transit,Bulk Carrier
500057510,MV_BRA_CARGO_007,PA,transit,1.0,bulk_carrier,0.9999999710120429,0.0,0.0,0.0,0.0,0.0,0.0,0.0,1.0,0.0,0.002430555555555555,0.3,0.0,0.3,Transit,Bulk Carrier
500057510,MV_BRA_CARGO_007,PA,transit,1.0,bulk_carrier,0.9999999710120429,0.0,0.0,0.0,0.0,0.0,0.0,0.0,1.0,0.0,0.002430555555555555,0.3,0.0,0.3,Transit,Bulk Carrier
500057510,MV_BRA_CARGO_007,PA,transit,1.0,bulk_carrier,0.9999999710119223,0.0,0.0,0.0,0.0,0.0,0.0,0.0,1.0,0.0,0.002430555555555555,0.3,0.0,0.3,Transit,Bulk Carrier
500057510,MV_BRA_CARGO_007,PA,transit,1.0,bulk_carrier,0.9999999710120429,0.0,0.0,0.0,0.0,0.0,0.0,0.0,1.0,0.0,0.002430555555555555,0.3,0.0,0.3,Transit,Bulk Carrier
500057510,MV_BRA_CARGO_007,PA,transit,1.0,bulk_carrier,0.9999999710114165,0.0,0.0,0.0,0.0,0.0,0.0,0.0,1.0,0.0,0.002430555555555555,0.3,0.0,0.3,Transit,Bulk Carrier
500057510,MV_BRA_CARGO_007,PA,transit,1.0,bulk_carrier,0.9999999710114165,0.0,0.0,0.0,0.0,0.0,0.0,0.0,1.0,0.0,0.002430555555555555,0.3,0.0,0.3,Transit,Bulk Carrier
500057511,MV_BRA_CARGO_008,KR,transit,1.0,tanker,0.9999999712026088,0.0,0.0,0.0,0.0,0.0,0.0,0.0,1.0,0.0,0.002430555555555555,0.0,0.2,0.2,Transit,Tanker
500057511,MV_BRA_CARGO_008,KR,transit,1.0,tanker,0.9999999714754789,0.0,0.0,0.0,0.0,0.0,0.0,0.0,1.0,0.0,0.002430555555555555,0.0,0.2,0.2,Transit,Tanker
500057511,MV_BRA_CARGO_008,KR,transit,1.0,tanker,0.9999999714754789,0.0,0.0,0.0,0.0,0.0,0.0,0.0,1.0,0.0,0.002430555555555555,0.0,0.2,0.2,Transit,Tanker
500057511,MV_BRA_CARGO_008,KR,transit,1.0,tanker,0.9999999712026088,0.0,0.0,0.0,0.0,0.0,0.0,0.0,1.0,0.0,0.002430555555555555,0.0,0.2,0.2,Transit,Tanker
500057511,MV_BRA_CARGO_008,KR,transit,1.0,tanker,0.9999999712026088,0.0,0.0,0.0,0.0,0.0,0.0,0.0,1.0,0.0,0.002430555555555555,0.0,0.2,0.2,Transit,Tanker
500057511,MV_BRA_CARGO_008,KR,transit,1.0,tanker,0.9999999712026088,0.0,0.0,0.0,0.0,0.0,0.0,0.0,1.0,0.0,0.002430555555555555,0.0,0.2,0.2,Transit,Tanker
500057511,MV_BRA_CARGO_008,KR,transit,0.9986666666666667,tanker,0.9999999712026088,0.0,0.0,0.0,0.0,0.0013333333333333335,0.0,0.0,0.9986666666666667,0.0,0.002430555555555555,0.0,0.2,0.2,Transit,Tanker
500057511,MV_BRA_CARGO_008,KR,transit,1.0,tanker,0.9999999712026088,0.0,0.0,0.0,0.0,0.0,0.0,0.0,1.0,0.0,0.002430555555555555,0.0,0.2,0.2,Transit,Tanker
500057511,MV_BRA_CARGO_008,KR,transit,1.0,tanker,0.9999999712026088,0.0,0.0,0.0,0.0,0.0,0.0,0.0,1.0,0.0,0.002430555555555555,0.0,0.2,0.2,Transit,Tanker
500057511,MV_BRA_CARGO_008,KR,transit,0.9986666666666667,tanker,0.9999999712026088,0.0,0.0,0.0,0.0,0.0013333333333333335,0.0,0.0,0.9986666666666667,0.0,0.002430555555555555,0.0,0.2,0.2,Transit,Tanker
500057511,MV_BRA_CARGO_008,KR,transit,1.0,tanker,0.9999999712026088,0.0,0.0,0.0,0.0,0.0,0.0,0.0,1.0,0.0,0.002430555555555555,0.0,0.2,0.2,Transit,Tanker
500057511,MV_BRA_CARGO_008,KR,transit,0.9986666666666667,tanker,0.9999999712026088,0.0,0.0,0.0,0.0,0.0013333333333333335,0.0,0.0,0.9986666666666667,0.0,0.002430555555555555,0.0,0.2,0.2,Transit,Tanker
500057511,MV_BRA_CARGO_008,KR,transit,1.0,tanker,0.9999999714754789,0.0,0.0,0.0,0.0,0.0,0.0,0.0,1.0,0.0,0.002430555555555555,0.0,0.2,0.2,Transit,Tanker
500057511,MV_BRA_CARGO_008,KR,transit,1.0,tanker,0.9999999710329874,0.0,0.0,0.0,0.0,0.0,0.0,0.0,1.0,0.0,0.002430555555555555,0.0,0.2,0.2,Transit,Tanker
500057511,MV_BRA_CARGO_008,KR,transit,1.0,tanker,0.9999999710329874,0.0,0.0,0.0,0.0,0.0,0.0,0.0,1.0,0.0,0.002430555555555555,0.0,0.2,0.2,Transit,Tanker
500057511,MV_BRA_CARGO_008,KR,transit,1.0,tanker,0.9999999712026088,0.0,0.0,0.0,0.0,0.0,0.0,0.0,1.0,0.0,0.002430555555555555,0.0,0.2,0.2,Transit,Tanker
500057511,MV_BRA_CARGO_008,KR,transit,1.0,tanker,0.9999999712026088,0.0,0.0,0.0,0.0,0.0,0.0,0.0,1.0,0.0,0.002430555555555555,0.0,0.2,0.2,Transit,Tanker
500057511,MV_BRA_CARGO_008,KR,transit,0.9991666666666666,tanker,0.9999999686073165,0.0008333333333333334,0.0,0.0,0.0,0.0,0.0,0.0,0.9991666666666666,0.0,0.002430555555555555,0.0,0.2,0.2,Transit,Tanker
500057511,MV_BRA_CARGO_008,KR,transit,0.9991666666666666,tanker,0.9999999686073165,0.0008333333333333334,0.0,0.0,0.0,0.0,0.0,0.0,0.9991666666666666,0.0,0.002430555555555555,0.0,0.2,0.2,Transit,Tanker
500057511,MV_BRA_CARGO_008,KR,transit,0.9989077669902914,tanker,0.9999999710329874,0.0008333333333333334,0.0,0.0,0.0001941747572815534,0.0,3.2362459546925564e-05,0.0,0.9989077669902914,3.2362459546925564e-05,0.002430555555555555,0.0,0.2,0.2,Transit,Tanker
500057511,MV_BRA_CARGO_008,KR,transit,1.0,tanker,0.9999999710329874,0.0,0.0,0.0,0.0,0.0,0.0,0.0,1.0,0.0,0.002430555555555555,0.0,0.2,0.2,Transit,Tanker
500057511,MV_BRA_CARGO_008,KR,transit,1.0,tanker,0.9999999710329874,0.0,0.0,0.0,0.0,0.0,0.0,0.0,1.0,0.0,0.002430555555555555,0.0,0.2,0.2,Transit,Tanker
500057511,MV_BRA_CARGO_008,KR,transit,1.0,tanker,0.9999999714754789,0.0,0.0,0.0,0.0,0.0,0.0,0.0,1.0,0.0,0.002430555555555555,0.0,0.2,0.2,Transit,Tanker
500057511,MV_BRA_CARGO_008,KR,transit,1.0,tanker,0.9999999714754789,0.0,0.0,0.0,0.0,0.0,0.0,0.0,1.0,0.0,0.002430555555555555,0.0,0.2,0.2,Transit,Tanker
500057511,MV_BRA_CARGO_008,KR,transit,1.0,tanker,0.9999999714754789,0.0,0.0,0.0,0.0,0.0,0.0,0.0,1.0,0.0,0.002430555555555555,0.0,0.2,0.2,Transit,Tanker
500057511,MV_BRA_CARGO_008,KR,transit,0.9983333333333333,tanker,0.9999999714754789,0.0,0.0016666666666666668,0.0,0.0,0.0,0.0,0.0,0.9983333333333333,0.0,0.002430555555555555,0.0,0.2,0.2,Transit,Tanker
500057511,MV_BRA_CARGO_008,KR,transit,0.9986666666666667,tanker,0.9999999712026088,0.0,0.0,0.0,0.0,0.0013333333333333335,0.0,0.0,0.9986666666666667,0.0,0.002430555555555555,0.0,0.2,0.2,Transit,Tanker
500057511,MV_BRA_CARGO_008,KR,transit,0.9986666666666667,tanker,0.9999999712026088,0.0,0.0,0.0,0.0,0.0013333333333333335,0.0,0.0,0.9986666666666667,0.0,0.002430555555555555,0.0,0.2,0.2,Transit,Tanker
500057511,MV_BRA_CARGO_008,KR,transit,0.9986666666666667,tanker,0.9999999712026088,0.0,0.0,0.0,0.0,0.0013333333333333335,0.0,0.0,0.9986666666666667,0.0,0.002430555555555555,0.0,0.2,0.2,Transit,Tanker
500057511,MV_BRA_CARGO_008,KR,transit,0.9988888888888887,tanker,0.9999999712026088,0.0011111111111111111,0.0,0.0,0.0,0.0,0.0,0.0,0.9988888888888887,0.0,0.002430555555555555,0.0,0.2,0.2,Transit,Tanker
500057511,MV_BRA_CARGO_008,KR,transit,1.0,tanker,0.9999999712026088,0.0,0.0,0.0,0.0,0.0,0.0,0.0,1.0,0.0,0.002430555555555555,0.0,0.2,0.2,Transit,Tanker
500057511,MV_BRA_CARGO_008,KR,transit,1.0,tanker,0.9999999712026088,0.0,0.0,0.0,0.0,0.0,0.0,0.0,1.0,0.0,0.002430555555555555,0.0,0.2,0.2,Transit,Tanker
500057511,MV_BRA_CARGO_008,KR,transit,1.0,tanker,0.9999999714754789,0.0,0.0,0.0,0.0,0.0,0.0,0.0,1.0,0.0,0.002430555555555555,0.0,0.2,0.2,Transit,Tanker
500057511,MV_BRA_CARGO_008,KR,transit,0.9997411003236247,tanker,0.9999999714754789,0.0,0.0,0.0,0.0001941747572815534,0.0,3.2362459546925564e-05,0.0,0.9997411003236247,3.2362459546925564e-05,0.002430555555555555,0.0,0.2,0.2,Transit,Tanker
500057511,MV_BRA_CARGO_008,KR,transit,1.0,tanker,0.9999999714754789,0.0,0.0,0.0,0.0,0.0,0.0,0.0,1.0,0.0,0.002430555555555555,0.0,0.2,0.2,Transit,Tanker
500057511,MV_BRA_CARGO_008,KR,transit,0.9925555555555555,tanker,0.9999999714754789,0.0,0.0,0.0,0.0,0.0035555555555555553,0.0016666666666666668,0.0,0.9925555555555555,0.0022222222222222222,0.002430555555555555,0.0,0.2,0.2,Transit,Tanker
500057511,MV_BRA_CARGO_008,KR,transit,1.0,tanker,0.9999999712026088,0.0,0.0,0.0,0.0,0.0,0.0,0.0,1.0,0.0,0.002430555555555555,0.0,0.2,0.2,Transit,Tanker
500057511,MV_BRA_CARGO_008,KR,transit,0.9983333333333333,tanker,0.9999999712026088,0.0016666666666666668,0.0,0.0,0.0,0.0,0.0,0.0,0.9983333333333333,0.0,0.002430555555555555,0.0,0.2,0.2,Transit,Tanker
500057511,MV_BRA_CARGO_008,KR,transit,1.0,tanker,0.9999999712026088,0.0,0.0,0.0,0.0,0.0,0.0,0.0,1.0,0.0,0.002430555555555555,0.0,0.2,0.2,Transit,Tanker
500057511,MV_BRA_CARGO_008,KR,transit,1.0,tanker,0.9999999712026088,0.0,0.0,0.0,0.0,0.0,0.0,0.0,1.0,0.0,0.002430555555555555,0.0,0.2,0.2,Transit,Tanker
500057511,MV_BRA_CARGO_008,KR,transit,1.0,tanker,0.9999999712026088,0.0,0.0,0.0,0.0,0.0,0.0,0.0,1.0,0.0,0.002430555555555555,0.0,0.2,0.2,Transit,Tanker
500057511,MV_BRA_CARGO_008,KR,transit,1.0,tanker,0.9999999714754789,0.0,0.0,0.0,0.0,0.0,0.0,0.0,1.0,0.0,0.002430555555555555,0.0,0.2,0.2,Transit,Tanker
500057511,MV_BRA_CARGO_008,KR,transit,1.0,tanker,0.9999999712026088,0.0,0.0,0.0,0.0,0.0,0.0,0.0,1.0,0.0,0.002430555555555555,0.0,0.2,0.2,Transit,Tanker
500057511,MV_BRA_CARGO_008,KR,transit,1.0,tanker,0.9999999712026088,0.0,0.0,0.0,0.0,0.0,0.0,0.0,1.0,0.0,0.002430555555555555,0.0,0.2,0.2,Transit,Tanker
500057511,MV_BRA_CARGO_008,KR,transit,1.0,tanker,0.9999999712026088,0.0,0.0,0.0,0.0,0.0,0.0,0.0,1.0,0.0,0.002430555555555555,0.0,0.2,0.2,Transit,Tanker
500057511,MV_BRA_CARGO_008,KR,transit,1.0,tanker,0.9999999714754789,0.0,0.0,0.0,0.0,0.0,0.0,0.0,1.0,0.0,0.002430555555555555,0.0,0.2,0.2,Transit,Tanker
500057511,MV_BRA_CARGO_008,KR,transit,1.0,tanker,0.9999999714754789,0.0,0.0,0.0,0.0,0.0,0.0,0.0,1.0,0.0,0.002430555555555555,0.0,0.2,0.2,Transit,Tanker
500057511,MV_BRA_CARGO_008,KR,transit,1.0,tanker,0.9999999714754789,0.0,0.0,0.0,0.0,0.0,0.0,0.0,1.0,0.0,0.002430555555555555,0.0,0.2,0.2,Transit,Tanker
500057511,MV_BRA_CARGO_008,KR,transit,1.0,tanker,0.9999999714754789,0.0,0.0,0.0,0.0,0.0,0.0,0.0,1.0,0.0,0.002430555555555555,0.0,0.2,0.2,Transit,Tanker
500057511,MV_BRA_CARGO_008,KR,transit,1.0,tanker,0.9999999714754789,0.0,0.0,0.0,0.0,0.0,0.0,0.0,1.0,0.0,0.002430555555555555,0.0,0.2,0.2,Transit,Tanker
500057511,MV_BRA_CARGO_008,KR,transit,1.0,tanker,0.9999999712026088,0.0,0.0,0.0,0.0,0.0,0.0,0.0,1.0,0.0,0.002430555555555555,0.0,0.2,0.2,Transit,Tanker
500057511,MV_BRA_CARGO_008,KR,transit,1.0,tanker,0.9999999712026088,0.0,0.0,0.0,0.0,0.0,0.0,0.0,1.0,0.0,0.002430555555555555,0.0,0.2,0.2,Transit,Tanker
500057511,MV_BRA_CARGO_008,KR,transit,0.9988888888888887,tanker,0.9999999712026088,0.0011111111111111111,0.0,0.0,0.0,0.0,0.0,0.0,0.9988888888888887,0.0,0.002430555555555555,0.0,0.2,0.2,Transit,Tanker
500057511,MV_BRA_CARGO_008,KR,transit,0.9997411003236247,tanker,0.9999999712026088,0.0,0.0,0.0,0.0001941747572815534,0.0,3.2362459546925564e-05,0.0,0.9997411003236247,3.2362459546925564e-05,0.002430555555555555,0.0,0.2,0.2,Transit,Tanker
500057511,MV_BRA_CARGO_008,KR,transit,1.0,tanker,0.9999999712026088,0.0,0.0,0.0,0.0,0.0,0.0,0.0,1.0,0.0,0.002430555555555555,0.0,0.2,0.2,Transit,Tanker
500057511,MV_BRA_CARGO_008,KR,transit,0.9988888888888887,tanker,0.9999999712026088,0.0011111111111111111,0.0,0.0,0.0,0.0,0.0,0.0,0.9988888888888887,0.0,0.002430555555555555,0.0,0.2,0.2,Transit,Tanker
500057512,MV_BRA_CARGO_009,ES,transit,0.9997411003236247,cargo,0.9999999863828488,0.0,0.0,0.0,0.0001941747572815534,0.0,3.2362459546925564e-05,0.0,0.9997411003236247,3.2362459546925564e-05,0.002430555555555555,0.0,0.0,0.002430555555555555,Transit,Cargo
500057512,MV_BRA_CARGO_009,ES,transit,1.0,cargo,0.9999999863227171,0.0,0.0,0.0,0.0,0.0,0.0,0.0,1.0,0.0,0.002430555555555555,0.0,0.0,0.002430555555555555,Transit,Cargo
500057512,MV_BRA_CARGO_009,ES,transit,1.0,cargo,0.9999999863227067,0.0,0.0,0.0,0.0,0.0,0.0,0.0,1.0,0.0,0.002430555555555555,0.0,0.0,0.002430555555555555,Transit,Cargo
500057512,MV_BRA_CARGO_009,ES,transit,1.0,cargo,0.9999999863227067,0.0,0.0,0.0,0.0,0.0,0.0,0.0,1.0,0.0,0.002430555555555555,0.0,0.0,0.002430555555555555,Transit,Cargo
500057512,MV_BRA_CARGO_009,ES,transit,1.0,cargo,0.9999999863227067,0.0,0.0,0.0,0.0,0.0,0.0,0.0,1.0,0.0,0.002430555555555555,0.0,0.0,0.002430555555555555,Transit,Cargo
500057512,MV_BRA_CARGO_009,ES,transit,1.0,cargo,0.9999999863227171,0.0,0.0,0.0,0.0,0.0,0.0,0.0,1.0,0.0,0.002430555555555555,0.0,0.0,0.002430555555555555,Transit,Cargo
500057512,MV_BRA_CARGO_009,ES,transit,1.0,cargo,0.9999999863227067,0.0,0.0,0.0,0.0,0.0,0.0,0.0,1.0,0.0,0.002430555555555555,0.0,0.0,0.002430555555555555,Transit,Cargo
500057512,MV_BRA_CARGO_009,ES,transit,1.0,cargo,0.9999999863227067,0.0,0.0,0.0,0.0,0.0,0.0,0.0,1.0,0.0,0.002430555555555555,0.0,0.0,0.002430555555555555,Transit,Cargo
500057512,MV_BRA_CARGO_009,ES,transit,1.0,cargo,0.9999999863227067,0.0,0.0,0.0,0.0,0.0,0.0,0.0,1.0,0.0,0.002430555555555555,0.0,0.0,0.002430555555555555,Transit,Cargo
500057512,MV_BRA_CARGO_009,ES,transit,1.0,cargo,0.9999999863227067,0.0,0.0,0.0,0.0,0.0,0.0,0.0,1.0,0.0,0.002430555555555555,0.0,0.0,0.002430555555555555,Transit,Cargo
500057512,MV_BRA_CARGO_009,ES,transit,1.0,cargo,0.9999999863227067,0.0,0.0,0.0,0.0,0.0,0.0,0.0,1.0,0.0,0.002430555555555555,0.0,0.0,0.002430555555555555,Transit,Cargo
500057512,MV_BRA_CARGO_009,ES,transit,1.0,cargo,0.9999999863227067,0.0,0.0,0.0,0.0,0.0,0.0,0.0,1.0,0.0,0.002430555555555555,0.0,0.0,0.002430555555555555,Transit,Cargo
500057512,MV_BRA_CARGO_009,ES,transit,0.9997411003236247,cargo,0.9999999863227067,0.0,0.0,0.0,0.0001941747572815534,0.0,3.2362459546925564e-05,0.0,0.9997411003236247,3.2362459546925564e-05,0.002430555555555555,0.0,0.0,0.002430555555555555,Transit,Cargo
500057512,MV_BRA_CARGO_009,ES,transit,1.0,cargo,0.9999999863227067,0.0,0.0,0.0,0.0,0.0,0.0,0.0,1.0,0.0,0.002430555555555555,0.0,0.0,0.002430555555555555,Transit,Cargo
500057512,MV_BRA_CARGO_009,ES,transit,1.0,cargo,0.9999999863227067,0.0,0.0,0.0,0.0,0.0,0.0,0.0,1.0,0.0,0.002430555555555555,0.0,0.0,0.002430555555555555,Transit,Cargo
500057512,MV_BRA_CARGO_009,ES,transit,1.0,cargo,0.9999999863227171,0.0,0.0,0.0,0.0,0.0,0.0,0.0,1.0,0.0,0.002430555555555555,0.0,0.0,0.002430555555555555,Transit,Cargo
500057512,MV_BRA_CARGO_009,ES,transit,1.0,cargo,0.9999999863227171,0.0,0.0,0.0,0.0,0.0,0.0,0.0,1.0,0.0,0.002430555555555555,0.0,0.0,0.002430555555555555,Transit,Cargo
500057512,MV_BRA_CARGO_009,ES,transit,1.0,cargo,0.9999999863227067,0.0,0.0,0.0,0.0,0.0,0.0,0.0,1.0,0.0,0.002430555555555555,0.0,0.0,0.002430555555555555,Transit,Cargo
500057512,MV_BRA_CARGO_009,ES,transit,1.0,cargo,0.9999999863227067,0.0,0.0,0.0,0.0,0.0,0.0,0.0,1.0,0.0,0.002430555555555555,0.0,0.0,0.002430555555555555,Transit,Cargo
500057512,MV_BRA_CARGO_009,ES,transit,1.0,cargo,0.9999999863227067,0.0,0.0,0.0,0.0,0.0,0.0,0.0,1.0,0.0,0.002430555555555555,0.0,0.0,0.002430555555555555,Transit,Cargo
500057512,MV_BRA_CARGO_009,ES,transit,1.0,cargo,0.9999999863227067,0.0,0.0,0.0,0.0,0.0,0.0,0.0,1.0,0.0,0.002430555555555555,0.0,0.0,0.002430555555555555,Transit,Cargo
500057512,MV_BRA_CARGO_009,ES,transit,1.0,cargo,0.9999999863227067,0.0,0.0,0.0,0.0,0.0,0.0,0.0,1.0,0.0,0.002430555555555555,0.0,0.0,0.002430555555555555,Transit,Cargo
500057512,MV_BRA_CARGO_009,ES,transit,1.0,cargo,0.9999999863227067,0.0,0.0,0.0,0.0,0.0,0.0,0.0,1.0,0.0,0.002430555555555555,0.0,0.0,0.002430555555555555,Transit,Cargo
500057512,MV_BRA_CARGO_009,ES,transit,1.0,cargo,0.9999999863227171,0.0,0.0,0.0,0.0,0.0,0.0,0.0,1.0,0.0,0.002430555555555555,0.0,0.0,0.002430555555555555,Transit,Cargo
500057512,MV_BRA_CARGO_009,ES,transit,1.0,cargo,0.9999999863227171,0.0,0.0,0.0,0.0,0.0,0.0,0.0,1.0,0.0,0.002430555555555555,0.0,0.0,0.002430555555555555,Transit,Cargo
500057512,MV_BRA_CARGO_009,ES,transit,1.0,cargo,0.9999999863227171,0.0,0.0,0.0,0.0,0.0,0.0,0.0,1.0,0.0,0.002430555555555555,0.0,0.0,0.002430555555555555,Transit,Cargo
500057512,MV_BRA_CARGO_009,ES,transit,1.0,cargo,0.9999999863227171,0.0,0.0,0.0,0.0,0.0,0.0,0.0,1.0,0.0,0.002430555555555555,0.0,0.0,0.002430555555555555,Transit,Cargo
500057512,MV_BRA_CARGO_009,ES,transit,1.0,cargo,0.9999999863227067,0.0,0.0,0.0,0.0,0.0,0.0,0.0,1.0,0.0,0.002430555555555555,0.0,0.0,0.002430555555555555,Transit,Cargo
500057512,MV_BRA_CARGO_009,ES,transit,1.0,cargo,0.9999999863227067,0.0,0.0,0.0,0.0,0.0,0.0,0.0,1.0,0.0,0.002430555555555555,0.0,0.0,0.002430555555555555,Transit,Cargo
500057512,MV_BRA_CARGO_009,ES,transit,1.0,cargo,0.9999999863227171,0.0,0.0,0.0,0.0,0.0,0.0,0.0,1.0,0.0,0.002430555555555555,0.0,0.0,0.002430555555555555,Transit,Cargo
500057512,MV_BRA_CARGO_009,ES,transit,0.9997411003236247,cargo,0.9999999863227171,0.0,0.0,0.0,0.0001941747572815534,0.0,3.2362459546925564e-05,0.0,0.9997411003236247,3.2362459546925564e-05,0.002430555555555555,0.0,0.0,0.002430555555555555,Transit,Cargo
500057512,MV_BRA_CARGO_009,ES,transit,1.0,cargo,0.9999999863227067,0.0,0.0,0.0,0.0,0.0,0.0,0.0,1.0,0.0,0.002430555555555555,0.0,0.0,0.002430555555555555,Transit,Cargo
500057512,MV_BRA_CARGO_009,ES,transit,1.0,cargo,0.9999999863227067,0.0,0.0,0.0,0.0,0.0,0.0,0.0,1.0,0.0,0.002430555555555555,0.0,0.0,0.002430555555555555,Transit,Cargo
500057512,MV_BRA_CARGO_009,ES,transit,1.0,cargo,0.9999999863227067,0.0,0.0,0.0,0.0,0.0,0.0,0.0,1.0,0.0,0.002430555555555555,0.0,0.0,0.002430555555555555,Transit,Cargo
500057512,MV_BRA_CARGO_009,ES,transit,1.0,cargo,0.9999999863227171,0.0,0.0,0.0,0.0,0.0,0.0,0.0,1.0,0.0,0.002430555555555555,0.0,0.0,0.002430555555555555,Transit,Cargo
500057512,MV_BRA_CARGO_009,ES,transit,1.0,cargo,0.9999999863227171,0.0,0.0,0.0,0.0,0.0,0.0,0.0,1.0,0.0,0.002430555555555555,0.0,0.0,0.002430555555555555,Transit,Cargo
500057512,MV_BRA_CARGO_009,ES,transit,1.0,cargo,0.9999999863227171,0.0,0.0,0.0,0.0,0.0,0.0,0.0,1.0,0.0,0.002430555555555555,0.0,0.0,0.002430555555555555,Transit,Cargo
500057512,MV_BRA_CARGO_009,ES,transit,0.9997411003236247,cargo,0.9999999863227067,0.0,0.0,0.0,0.0001941747572815534,0.0,3.2362459546925564e-05,0.0,0.9997411003236247,3.2362459546925564e-05,0.002430555555555555,0.0,0.0,0.002430555555555555,Transit,Cargo
500057512,MV_BRA_CARGO_009,ES,transit,1.0,cargo,0.9999999863227067,0.0,0.0,0.0,0.0,0.0,0.0,0.0,1.0,0.0,0.002430555555555555,0.0,0.0,0.002430555555555555,Transit,Cargo
500057512,MV_BRA_CARGO_009,ES,transit,1.0,cargo,0.9999999863227067,0.0,0.0,0.0,0.0,0.0,0.0,0.0,1.0,0.0,0.002430555555555555,0.0,0.0,0.002430555555555555,Transit,Cargo
500057512,MV_BRA_CARGO_009,ES,transit,1.0,cargo,0.9999999863227067,0.0,0.0,0.0,0.0,0.0,0.0,0.0,1.0,0.0,0.002430555555555555,0.0,0.0,0.002430555555555555,Transit,Cargo
500057512,MV_BRA_CARGO_009,ES,transit,1.0,cargo,0.9999999863227171,0.0,0.0,0.0,0.0,0.0,0.0,0.0,1.0,0.0,0.002430555555555555,0.0,0.0,0.002430555555555555,Transit,Cargo
500057512,MV_BRA_CARGO_009,ES,transit,1.0,cargo,0.9999999863227171,0.0,0.0,0.0,0.0,0.0,0.0,0.0,1.0,0.0,0.002430555555555555,0.0,0.0,0.002430555555555555,Transit,Cargo
500057512,MV_BRA_CARGO_009,ES,transit,1.0,cargo,0.9999999863227171,0.0,0.0,0.0,0.0,0.0,0.0,0.0,1.0,0.0,0.002430555555555555,0.0,0.0,0.002430555555555555,Transit,Cargo
500057512,MV_BRA_CARGO_009,ES,transit,1.0,cargo,0.9999999863227171,0.0,0.0,0.0,0.0,0.0,0.0,0.0,1.0,0.0,0.002430555555555555,0.0,0.0,0.002430555555555555,Transit,Cargo
500057512,MV_BRA_CARGO_009,ES,transit,1.0,cargo,0.9999999863227067,0.0,0.0,0.0,0.0,0.0,0.0,0.0,1.0,0.0,0.002430555555555555,0.0,0.0,0.002430555555555555,Transit,Cargo
500057512,MV_BRA_CARGO_009,ES,transit,1.0,cargo,0.9999999863227067,0.0,0.0,0.0,0.0,0.0,0.0,0.0,1.0,0.0,0.002430555555555555,0.0,0.0,0.002430555555555555,Transit,Cargo
500057512,MV_BRA_CARGO_009,ES,transit,1.0,cargo,0.9999999863227067,0.0,0.0,0.0,0.0,0.0,0.0,0.0,1.0,0.0,0.002430555555555555,0.0,0.0,0.002430555555555555,Transit,Cargo
500057512,MV_BRA_CARGO_009,ES,transit,1.0,cargo,0.9999999863227171,0.0,0.0,0.0,0.0,0.0,0.0,0.0,1.0,0.0,0.002430555555555555,0.0,0.0,0.002430555555555555,Transit,Cargo
500057512,MV_BRA_CARGO_009,ES,transit,1.0,cargo,0.9999999863828495,0.0,0.0,0.0,0.0,0.0,0.0,0.0,1.0,0.0,0.002430555555555555,0.0,0.0,0.002430555555555555,Transit,Cargo
500057512,MV_BRA_CARGO_009,ES,transit,1.0,cargo,0.9999999863227067,0.0,0.0,0.0,0.0,0.0,0.0,0.0,1.0,0.0,0.002430555555555555,0.0,0.0,0.002430555555555555,Transit,Cargo
500057512,MV_BRA_CARGO_009,ES,transit,1.0,cargo,0.9999999863227067,0.0,0.0,0.0,0.0,0.0,0.0,0.0,1.0,0.0,0.002430555555555555,0.0,0.0,0.002430555555555555,Transit,Cargo
500057512,MV_BRA_CARGO_009,ES,transit,1.0,cargo,0.9999999863227067,0.0,0.0,0.0,0.0,0.0,0.0,0.0,1.0,0.0,0.002430555555555555,0.0,0.0,0.002430555555555555,Transit,Cargo
500057512,MV_BRA_CARGO_009,ES,transit,1.0,cargo,0.9999999863227067,0.0,0.0,0.0,0.0,0.0,0.0,0.0,1.0,0.0,0.002430555555555555,0.0,0.0,0.002430555555555555,Transit,Cargo
500057512,MV_BRA_CARGO_009,ES,transit,1.0,cargo,0.9999999863227067,0.0,0.0,0.0,0.0,0.0,0.0,0.0,1.0,0.0,0.002430555555555555,0.0,0.0,0.002430555555555555,Transit,Cargo
500057512,MV_BRA_CARGO_009,ES,transit,1.0,cargo,0.9999999863227067,0.0,0.0,0.0,0.0,0.0,0.0,0.0,1.0,0.0,0.002430555555555555,0.0,0.0,0.002430555555555555,Transit,Cargo
500057513,MV_BRA_CARGO_010,KR,transit,1.0,bulk_carrier,0.9974685947238335,0.0,0.0,0.0,0.0,0.0,0.0,0.0,1.0,0.0,0.002430555555555555,0.0,0.0,0.002430555555555555,Transit,Bulk Carrier
500057513,MV_BRA_CARGO_010,KR,transit,1.0,bulk_carrier,0.9974685947238335,0.0,0.0,0.0,0.0,0.0,0.0,0.0,1.0,0.0,0.002430555555555555,0.0,0.0,0.002430555555555555,Transit,Bulk Carrier
500057513,MV_BRA_CARGO_010,KR,transit,1.0,bulk_carrier,0.9974685947238335,0.0,0.0,0.0,0.0,0.0,0.0,0.0,1.0,0.0,0.002430555555555555,0.0,0.0,0.002430555555555555,Transit,Bulk Carrier
500057513,MV_BRA_CARGO_010,KR,transit,1.0,bulk_carrier,0.9974685947238335,0.0,0.0,0.0,0.0,0.0,0.0,0.0,1.0,0.0,0.002430555555555555,0.0,0.0,0.002430555555555555,Transit,Bulk Carrier
500057513,MV_BRA_CARGO_010,KR,transit,1.0,bulk_carrier,0.9974685947238335,0.0,0.0,0.0,0.0,0.0,0.0,0.0,1.0,0.0,0.002430555555555555,0.0,0.0,0.002430555555555555,Transit,Bulk Carrier
500057513,MV_BRA_CARGO_010,KR,transit,1.0,bulk_carrier,0.997468593859443,0.0,0.0,0.0,0.0,0.0,0.0,0.0,1.0,0.0,0.002430555555555555,0.0,0.0,0.002430555555555555,Transit,Bulk Carrier
500057513,MV_BRA_CARGO_010,KR,transit,0.9977777777777779,bulk_carrier,0.9974685944587,0.0,0.0,0.0,0.0,0.0,0.0,0.0022222222222222222,0.9977777777777779,0.0,0.002430555555555555,0.0,0.0,0.002430555555555555,Transit,Bulk Carrier
500057513,MV_BRA_CARGO_010,KR,transit,0.9977777777777779,bulk_carrier,0.9974685947238335,0.0,0.0,0.0,0.0,0.0,0.0,0.0022222222222222222,0.9977777777777779,0.0,0.002430555555555555,0.0,0.0,0.002430555555555555,Transit,Bulk Carrier
500057513,MV_BRA_CARGO_010,KR,transit,1.0,bulk_carrier,0.9974685947238335,0.0,0.0,0.0,0.0,0.0,0.0,0.0,1.0,0.0,0.002430555555555555,0.0,0.0,0.002430555555555555,Transit,Bulk Carrier
500057513,MV_BRA_CARGO_010,KR,transit,0.9997411003236247,bulk_carrier,0.9974685947238335,0.0,0.0,0.0,0.0001941747572815534,0.0,3.2362459546925564e-05,0.0,0.9997411003236247,3.2362459546925564e-05,0.002430555555555555,0.0,0.0,0.002430555555555555,Transit,Bulk Carrier
500057513,MV_BRA_CARGO_010,KR,transit,1.0,bulk_carrier,0.9974685944587,0.0,0.0,0.0,0.0,0.0,0.0,0.0,1.0,0.0,0.002430555555555555,0.0,0.0,0.002430555555555555,Transit,Bulk Carrier
500057513,MV_BRA_CARGO_010,KR,transit,1.0,bulk_carrier,0.9974685947238335,0.0,0.0,0.0,0.0,0.0,0.0,0.0,1.0,0.0,0.002430555555555555,0.0,0.0,0.002430555555555555,Transit,Bulk Carrier
500057513,MV_BRA_CARGO_010,KR,transit,1.0,bulk_carrier,0.9974686018971239,0.0,0.0,0.0,0.0,0.0,0.0,0.0,1.0,0.0,0.002430555555555555,0.0,0.0,0.002430555555555555,Transit,Bulk Carrier
500057513,MV_BRA_CARGO_010,KR,transit,1.0,bulk_carrier,0.997468593859443,0.0,0.0,0.0,0.0,0.0,0.0,0.0,1.0,0.0,0.002430555555555555,0.0,0.0,0.002430555555555555,Transit,Bulk Carrier
500057513,MV_BRA_CARGO_010,KR,transit,1.0,bulk_carrier,0.9974685941245767,0.0,0.0,0.0,0.0,0.0,0.0,0.0,1.0,0.0,0.002430555555555555,0.0,0.0,0.002430555555555555,Transit,Bulk Carrier
500057513,MV_BRA_CARGO_010,KR,transit,1.0,bulk_carrier,0.9974685947238335,0.0,0.0,0.0,0.0,0.0,0.0,0.0,1.0,0.0,0.002430555555555555,0.0,0.0,0.002430555555555555,Transit,Bulk Carrier
500057513,MV_BRA_CARGO_010,KR,transit,1.0,bulk_carrier,0.9974685944587,0.0,0.0,0.0,0.0,0.0,0.0,0.0,1.0,0.0,0.002430555555555555,0.0,0.0,0.002430555555555555,Transit,Bulk Carrier
500057513,MV_BRA_CARGO_010,KR,transit,1.0,bulk_carrier,0.997468593859443,0.0,0.0,0.0,0.0,0.0,0.0,0.0,1.0,0.0,0.002430555555555555,0.0,0.0,0.002430555555555555,Transit,Bulk Carrier
500057513,MV_BRA_CARGO_010,KR,transit,0.9977777777777779,bulk_carrier,0.9974685944587,0.0,0.0,0.0,0.0,0.0,0.0,0.0022222222222222222,0.9977777777777779,0.0,0.002430555555555555,0.0,0.0,0.002430555555555555,Transit,Bulk Carrier
500057513,MV_BRA_CARGO_010,KR,transit,0.9977777777777779,bulk_carrier,0.997468594458722,0.0,0.0,0.0,0.0,0.0,0.0,0.0022222222222222222,0.9977777777777779,0.0,0.002430555555555555,0.0,0.0,0.002430555555555555,Transit,Bulk Carrier
500057513,MV_BRA_CARGO_010,KR,transit,1.0,bulk_carrier,0.997468593859443,0.0,0.0,0.0,0.0,0.0,0.0,0.0,1.0,0.0,0.002430555555555555,0.0,0.0,0.002430555555555555,Transit,Bulk Carrier
500057513,MV_BRA_CARGO_010,KR,transit,1.0,bulk_carrier,0.997468593859443,0.0,0.0,0.0,0.0,0.0,0.0,0.0,1.0,0.0,0.002430555555555555,0.0,0.0,0.002430555555555555,Transit,Bulk Carrier
500057513,MV_BRA_CARGO_010,KR,transit,1.0,bulk_carrier,0.997468594458722,0.0,0.0,0.0,0.0,0.0,0.0,0.0,1.0,0.0,0.002430555555555555,0.0,0.0,0.002430555555555555,Transit,Bulk Carrier
500057513,MV_BRA_CARGO_010,KR,transit,1.0,bulk_carrier,0.9974685944587,0.0,0.0,0.0,0.0,0.0,0.0,0.0,1.0,0.0,0.002430555555555555,0.0,0.0,0.002430555555555555,Transit,Bulk Carrier
500057513,MV_BRA_CARGO_010,KR,transit,1.0,bulk_carrier,0.997468593859443,0.0,0.0,0.0,0.0,0.0,0.0,0.0,1.0,0.0,0.002430555555555555,0.0,0.0,0.002430555555555555,Transit,Bulk Carrier
500057513,MV_BRA_CARGO_010,KR,transit,1.0,bulk_carrier,0.997468593859443,0.0,0.0,0.0,0.0,0.0,0.0,0.0,1.0,0.0,0.002430555555555555,0.0,0.0,0.002430555555555555,Transit,Bulk Carrier
500057513,MV_BRA_CARGO_010,KR,transit,0.9997411003236247,bulk_carrier,0.997468593859443,0.0,0.0,0.0,0.0001941747572815534,0.0,3.2362459546925564e-05,0.0,0.9997411003236247,3.2362459546925564e-05,0.002430555555555555,0.0,0.0,0.002430555555555555,Transit,Bulk Carrier
500057513,MV_BRA_CARGO_010,KR,transit,1.0,bulk_carrier,0.997468593859443,0.0,0.0,0.0,0.0,0.0,0.0,0.0,1.0,0.0,0.002430555555555555,0.0,0.0,0.002430555555555555,Transit,Bulk Carrier
500057513,MV_BRA_CARGO_010,KR,transit,0.9983333333333333,bulk_carrier,0.997468593859443,0.0,0.0,0.0,0.0,0.0,0.0,0.0016666666666666668,0.9983333333333333,0.0,0.002430555555555555,0.0,0.0,0.002430555555555555,Transit,Bulk Carrier
500057513,MV_BRA_CARGO_010,KR,transit,1.0,bulk_carrier,0.9971850372824574,0.0,0.0,0.0,0.0,0.0,0.0,0.0,1.0,0.0,0.002430555555555555,0.0,0.0,0.002430555555555555,Transit,Bulk Carrier
500057513,MV_BRA_CARGO_010,KR,transit,1.0,bulk_carrier,0.9917831594582404,0.0,0.0,0.0,0.0,0.0,0.0,0.0,1.0,0.0,0.002430555555555555,0.0,0.0,0.002430555555555555,Transit,Bulk Carrier
500057513,MV_BRA_CARGO_010,KR,transit,1.0,bulk_carrier,0.9928206147866161,0.0,0.0,0.0,0.0,0.0,0.0,0.0,1.0,0.0,0.002430555555555555,0.0,0.0,0.002430555555555555,Transit,Bulk Carrier
500057513,MV_BRA_CARGO_010,KR,transit,1.0,bulk_carrier,0.9974685947238545,0.0,0.0,0.0,0.0,0.0,0.0,0.0,1.0,0.0,0.002430555555555555,0.0,0.0,0.002430555555555555,Transit,Bulk Carrier
500057513,MV_BRA_CARGO_010,KR,transit,1.0,bulk_carrier,0.9974685947549025,0.0,0.0,0.0,0.0,0.0,0.0,0.0,1.0,0.0,0.002430555555555555,0.0,0.0,0.002430555555555555,Transit,Bulk Carrier
500057513,MV_BRA_CARGO_010,KR,transit,1.0,bulk_carrier,0.997468593859443,0.0,0.0,0.0,0.0,0.0,0.0,0.0,1.0,0.0,0.002430555555555555,0.0,0.0,0.002430555555555555,Transit,Bulk Carrier
500057513,MV_BRA_CARGO_010,KR,transit,1.0,bulk_carrier,0.9974685941245767,0.0,0.0,0.0,0.0,0.0,0.0,0.0,1.0,0.0,0.002430555555555555,0.0,0.0,0.002430555555555555,Transit,Bulk Carrier
500057513,MV_BRA_CARGO_010,KR,transit,1.0,bulk_carrier,0.997468593859443,0.0,0.0,0.0,0.0,0.0,0.0,0.0,1.0,0.0,0.002430555555555555,0.0,0.0,0.002430555555555555,Transit,Bulk Carrier
500057513,MV_BRA_CARGO_010,KR,transit,1.0,bulk_carrier,0.997468593859443,0.0,0.0,0.0,0.0,0.0,0.0,0.0,1.0,0.0,0.002430555555555555,0.0,0.0,0.002430555555555555,Transit,Bulk Carrier
500057513,MV_BRA_CARGO_010,KR,transit,1.0,bulk_carrier,0.997468593859443,0.0,0.0,0.0,0.0,0.0,0.0,0.0,1.0,0.0,0.002430555555555555,0.0,0.0,0.002430555555555555,Transit,Bulk Carrier
500057513,MV_BRA_CARGO_010,KR,transit,1.0,bulk_carrier,0.9974685947238335,0.0,0.0,0.0,0.0,0.0,0.0,0.0,1.0,0.0,0.002430555555555555,0.0,0.0,0.002430555555555555,Transit,Bulk Carrier
500057513,MV_BRA_CARGO_010,KR,transit,1.0,bulk_carrier,0.9974685947238335,0.0,0.0,0.0,0.0,0.0,0.0,0.0,1.0,0.0,0.002430555555555555,0.0,0.0,0.002430555555555555,Transit,Bulk Carrier
500057513,MV_BRA_CARGO_010,KR,transit,1.0,bulk_carrier,0.9974685947238335,0.0,0.0,0.0,0.0,0.0,0.0,0.0,1.0,0.0,0.002430555555555555,0.0,0.0,0.002430555555555555,Transit,Bulk Carrier
500057513,MV_BRA_CARGO_010,KR,transit,1.0,bulk_carrier,0.997468593859443,0.0,0.0,0.0,0.0,0.0,0.0,0.0,1.0,0.0,0.002430555555555555,0.0,0.0,0.002430555555555555,Transit,Bulk Carrier
500057513,MV_BRA_CARGO_010,KR,transit,0.9997411003236247,bulk_carrier,0.997468593859443,0.0,0.0,0.0,0.0001941747572815534,0.0,3.2362459546925564e-05,0.0,0.9997411003236247,3.2362459546925564e-05,0.002430555555555555,0.0,0.0,0.002430555555555555,Transit,Bulk Carrier
500057513,MV_BRA_CARGO_010,KR,transit,1.0,bulk_carrier,0.997468593859443,0.0,0.0,0.0,0.0,0.0,0.0,0.0,1.0,0.0,0.002430555555555555,0.0,0.0,0.002430555555555555,Transit,Bulk Carrier
500057513,MV_BRA_CARGO_010,KR,transit,1.0,bulk_carrier,0.997468593859443,0.0,0.0,0.0,0.0,0.0,0.0,0.0,1.0,0.0,0.002430555555555555,0.0,0.0,0.002430555555555555,Transit,Bulk Carrier
500057513,MV_BRA_CARGO_010,KR,transit,1.0,bulk_carrier,0.997468593859443,0.0,0.0,0.0,0.0,0.0,0.0,0.0,1.0,0.0,0.002430555555555555,0.0,0.0,0.002430555555555555,Transit,Bulk Carrier
500057513,MV_BRA_CARGO_010,KR,transit,1.0,bulk_carrier,0.9974685947238335,0.0,0.0,0.0,0.0,0.0,0.0,0.0,1.0,0.0,0.002430555555555555,0.0,0.0,0.002430555555555555,Transit,Bulk Carrier
500057513,MV_BRA_CARGO_010,KR,transit,1.0,bulk_carrier,0.9974685947238335,0.0,0.0,0.0,0.0,0.0,0.0,0.0,1.0,0.0,0.002430555555555555,0.0,0.0,0.002430555555555555,Transit,Bulk Carrier
500057513,MV_BRA_CARGO_010,KR,transit,1.0,bulk_carrier,0.9974685947238335,0.0,0.0,0.0,0.0,0.0,0.0,0.0,1.0,0.0,0.002430555555555555,0.0,0.0,0.002430555555555555,Transit,Bulk Carrier
500057513,MV_BRA_CARGO_010,KR,transit,1.0,bulk_carrier,0.997468593859443,0.0,0.0,0.0,0.0,0.0,0.0,0.0,1.0,0.0,0.002430555555555555,0.0,0.0,0.002430555555555555,Transit,Bulk Carrier
500057513,MV_BRA_CARGO_010,KR,transit,0.9990744336569579,bulk_carrier,0.997468593859443,0.0,0.0,0.0,0.0008608414239482202,0.0,3.2362459546925564e-05,0.0,0.9990744336569579,3.2362459546925564e-05,0.002430555555555555,0.0,0.0,0.002430555555555555,Transit,Bulk Carrier
500057513,MV_BRA_CARGO_010,KR,transit,1.0,bulk_carrier,0.997468593859443,0.0,0.0,0.0,0.0,0.0,0.0,0.0,1.0,0.0,0.002430555555555555,0.0,0.0,0.002430555555555555,Transit,Bulk Carrier
500057513,MV_BRA_CARGO_010,KR,transit,0.9991666666666666,bulk_carrier,0.997468593859443,0.0,0.0,0.0,0.0008333333333333334,0.0,0.0,0.0,0.9991666666666666,0.0,0.002430555555555555,0.0,0.0,0.002430555555555555,Transit,Bulk Carrier
500057513,MV_BRA_CARGO_010,KR,transit,0.9975,bulk_carrier,0.997468593859443,0.0,0.0,0.0,0.0008333333333333334,0.0,0.0,0.0016666666666666668,0.9975,0.0,0.002430555555555555,0.0,0.0,0.002430555555555555,Transit,Bulk Carrier
500057513,MV_BRA_CARGO_010,KR,transit,1.0,bulk_carrier,0.997468593859443,0.0,0.0,0.0,0.0,0.0,0.0,0.0,1.0,0.0,0.002430555555555555,0.0,0.0,0.002430555555555555,Transit,Bulk Carrier
500057514,MV_BRA_CARGO_011,VU,transit,1.0,bulk_carrier,0.9999999731972058,0.0,0.0,0.0,0.0,0.0,0.0,0.0,1.0,0.0,0.002430555555555555,0.3,0.0,0.3,Transit,Bulk Carrier
500057514,MV_BRA_CARGO_011,VU,transit,1.0,bulk_carrier,0.9999999729303418,0.0,0.0,0.0,0.0,0.0,0.0,0.0,1.0,0.0,0.002430555555555555,0.3,0.0,0.3,Transit,Bulk Carrier
500057514,MV_BRA_CARGO_011,VU,transit,1.0,bulk_carrier,0.9999999729303418,0.0,0.0,0.0,0.0,0.0,0.0,0.0,1.0,0.0,0.002430555555555555,0.3,0.0,0.3,Transit,Bulk Carrier
500057514,MV_BRA_CARGO_011,VU,transit,0.9983333333333333,bulk_carrier,0.9999999729303418,0.0,0.0016666666666666668,0.0,0.0,0.0,0.0,0.0,0.9983333333333333,0.0,0.002430555555555555,0.3,0.0,0.3,Transit,Bulk Carrier
500057514,MV_BRA_CARGO_011,VU,transit,1.0,bulk_carrier,0.9999999729303418,0.0,0.0,0.0,0.0,0.0,0.0,0.0,1.0,0.0,0.002430555555555555,0.3,0.0,0.3,Transit,Bulk Carrier
500057514,MV_BRA_CARGO_011,VU,transit,1.0,bulk_carrier,0.9999999731972058,0.0,0.0,0.0,0.0,0.0,0.0,0.0,1.0,0.0,0.002430555555555555,0.3,0.0,0.3,Transit,Bulk Carrier
500057514,MV_BRA_CARGO_011,VU,transit,1.0,bulk_carrier,0.9999999731972058,0.0,0.0,0.0,0.0,0.0,0.0,0.0,1.0,0.0,0.002430555555555555,0.3,0.0,0.3,Transit,Bulk Carrier
500057514,MV_BRA_CARGO_011,VU,transit,1.0,bulk_carrier,0.9999999731972058,0.0,0.0,0.0,0.0,0.0,0.0,0.0,1.0,0.0,0.002430555555555555,0.3,0.0,0.3,Transit,Bulk Carrier
500057514,MV_BRA_CARGO_011,VU,transit,1.0,bulk_carrier,0.9999999731972058,0.0,0.0,0.0,0.0,0.0,0.0,0.0,1.0,0.0,0.002430555555555555,0.3,0.0,0.3,Transit,Bulk Carrier
500057514,MV_BRA_CARGO_011,VU,transit,1.0,bulk_carrier,0.9999999731972058,0.0,0.0,0.0,0.0,0.0,0.0,0.0,1.0,0.0,0.002430555555555555,0.3,0.0,0.3,Transit,Bulk Carrier
500057514,MV_BRA_CARGO_011,VU,transit,1.0,bulk_carrier,0.9999999731972058,0.0,0.0,0.0,0.0,0.0,0.0,0.0,1.0,0.0,0.002430555555555555,0.3,0.0,0.3,Transit,Bulk Carrier
500057514,MV_BRA_CARGO_011,VU,transit,1.0,bulk_carrier,0.9999999729303418,0.0,0.0,0.0,0.0,0.0,0.0,0.0,1.0,0.0,0.002430555555555555,0.3,0.0,0.3,Transit,Bulk Carrier
500057514,MV_BRA_CARGO_011,VU,transit,0.9872222222222223,bulk_carrier,0.9999999729303418,0.0,0.0,0.0,0.0,0.0,0.0,0.012777777777777777,0.9872222222222223,0.0,0.002430555555555555,0.3,0.0,0.3,Transit,Bulk Carrier
500057514,MV_BRA_CARGO_011,VU,transit,1.0,bulk_carrier,0.9999999731972058,0.0,0.0,0.0,0.0,0.0,0.0,0.0,1.0,0.0,0.002430555555555555,0.3,0.0,0.3,Transit,Bulk Carrier
500057514,MV_BRA_CARGO_011,VU,transit,1.0,bulk_carrier,0.9999999731972058,0.0,0.0,0.0,0.0,0.0,0.0,0.0,1.0,0.0,0.002430555555555555,0.3,0.0,0.3,Transit,Bulk Carrier
500057514,MV_BRA_CARGO_011,VU,transit,1.0,bulk_carrier,0.9999999731972058,0.0,0.0,0.0,0.0,0.0,0.0,0.0,1.0,0.0,0.002430555555555555,0.3,0.0,0.3,Transit,Bulk Carrier
500057514,MV_BRA_CARGO_011,VU,transit,1.0,bulk_carrier,0.9999999731972058,0.0,0.0,0.0,0.0,0.0,0.0,0.0,1.0,0.0,0.002430555555555555,0.3,0.0,0.3,Transit,Bulk Carrier
500057514,MV_BRA_CARGO_011,VU,transit,0.9997411003236247,bulk_carrier,0.9999999731972058,0.0,0.0,0.0,0.0001941747572815534,0.0,3.2362459546925564e-05,0.0,0.9997411003236247,3.2362459546925564e-05,0.002430555555555555,0.3,0.0,0.3,Transit,Bulk Carrier
500057514,MV_BRA_CARGO_011,VU,transit,1.0,bulk_carrier,0.9999999731972058,0.0,0.0,0.0,0.0,0.0,0.0,0.0,1.0,0.0,0.002430555555555555,0.3,0.0,0.3,Transit,Bulk Carrier
500057514,MV_BRA_CARGO_011,VU,transit,1.0,bulk_carrier,0.9999999731972058,0.0,0.0,0.0,0.0,0.0,0.0,0.0,1.0,0.0,0.002430555555555555,0.3,0.0,0.3,Transit,Bulk Carrier
500057514,MV_BRA_CARGO_011,VU,transit,1.0,bulk_carrier,0.9999999729303418,0.0,0.0,0.0,0.0,0.0,0.0,0.0,1.0,0.0,0.002430555555555555,0.3,0.0,0.3,Transit,Bulk Carrier
500057514,MV_BRA_CARGO_011,VU,transit,1.0,bulk_carrier,0.9999999729303418,0.0,0.0,0.0,0.0,0.0,0.0,0.0,1.0,0.0,0.002430555555555555,0.3,0.0,0.3,Transit,Bulk Carrier
500057514,MV_BRA_CARGO_011,VU,transit,1.0,bulk_carrier,0.9999999729303418,0.0,0.0,0.0,0.0,0.0,0.0,0.0,1.0,0.0,0.002430555555555555,0.3,0.0,0.3,Transit,Bulk Carrier
500057514,MV_BRA_CARGO_011,VU,transit,1.0,bulk_carrier,0.9999999729303418,0.0,0.0,0.0,0.0,0.0,0.0,0.0,1.0,0.0,0.002430555555555555,0.3,0.0,0.3,Transit,Bulk Carrier
500057514,MV_BRA_CARGO_011,VU,transit,1.0,bulk_carrier,0.9999999729303418,0.0,0.0,0.0,0.0,0.0,0.0,0.0,1.0,0.0,0.002430555555555555,0.3,0.0,0.3,Transit,Bulk Carrier
500057514,MV_BRA_CARGO_011,VU,transit,1.0,bulk_carrier,0.9999999729303418,0.0,0.0,0.0,0.0,0.0,0.0,0.0,1.0,0.0,0.002430555555555555,0.3,0.0,0.3,Transit,Bulk Carrier
500057514,MV_BRA_CARGO_011,VU,transit,1.0,bulk_carrier,0.9999999731972058,0.0,0.0,0.0,0.0,0.0,0.0,0.0,1.0,0.0,0.002430555555555555,0.3,0.0,0.3,Transit,Bulk Carrier
500057514,MV_BRA_CARGO_011,VU,transit,1.0,bulk_carrier,0.9999999731972058,0.0,0.0,0.0,0.0,0.0,0.0,0.0,1.0,0.0,0.002430555555555555,0.3,0.0,0.3,Transit,Bulk Carrier
500057514,MV_BRA_CARGO_011,VU,transit,1.0,bulk_carrier,0.9999999731972058,0.0,0.0,0.0,0.0,0.0,0.0,0.0,1.0,0.0,0.002430555555555555,0.3,0.0,0.3,Transit,Bulk Carrier
500057514,MV_BRA_CARGO_011,VU,transit,1.0,bulk_carrier,0.9999999729303418,0.0,0.0,0.0,0.0,0.0,0.0,0.0,1.0,0.0,0.002430555555555555,0.3,0.0,0.3,Transit,Bulk Carrier
500057514,MV_BRA_CARGO_011,VU,transit,1.0,bulk_carrier,0.9999999729303418,0.0,0.0,0.0,0.0,0.0,0.0,0.0,1.0,0.0,0.002430555555555555,0.3,0.0,0.3,Transit,Bulk Carrier
500057514,MV_BRA_CARGO_011,VU,transit,0.9997411003236247,bulk_carrier,0.9999999729303418,0.0,0.0,0.0,0.0001941747572815534,0.0,3.2362459546925564e-05,0.0,0.9997411003236247,3.2362459546925564e-05,0.002430555555555555,0.3,0.0,0.3,Transit,Bulk Carrier
500057514,MV_BRA_CARGO_011,VU,transit,1.0,bulk_carrier,0.9999999729303418,0.0,0.0,0.0,0.0,0.0,0.0,0.0,1.0,0.0,0.002430555555555555,0.3,0.0,0.3,Transit,Bulk Carrier
500057514,MV_BRA_CARGO_011,VU,transit,1.0,bulk_carrier,0.9999999729303418,0.0,0.0,0.0,0.0,0.0,0.0,0.0,1.0,0.0,0.002430555555555555,0.3,0.0,0.3,Transit,Bulk Carrier
500057514,MV_BRA_CARGO_011,VU,transit,1.0,bulk_carrier,0.9999999729303418,0.0,0.0,0.0,0.0,0.0,0.0,0.0,1.0,0.0,0.002430555555555555,0.3,0.0,0.3,Transit,Bulk Carrier
500057514,MV_BRA_CARGO_011,VU,transit,1.0,bulk_carrier,0.9999999729303418,0.0,0.0,0.0,0.0,0.0,0.0,0.0,1.0,0.0,0.002430555555555555,0.3,0.0,0.3,Transit,Bulk Carrier
500057514,MV_BRA_CARGO_011,VU,transit,1.0,bulk_carrier,0.9999999729303418,0.0,0.0,0.0,0.0,0.0,0.0,0.0,1.0,0.0,0.002430555555555555,0.3,0.0,0.3,Transit,Bulk Carrier
500057514,MV_BRA_CARGO_011,VU,transit,1.0,bulk_carrier,0.9999999731972058,0.0,0.0,0.0,0.0,0.0,0.0,0.0,1.0,0.0,0.002430555555555555,0.3,0.0,0.3,Transit,Bulk Carrier
500057514,MV_BRA_CARGO_011,VU,transit,1.0,bulk_carrier,0.9999999731972058,0.0,0.0,0.0,0.0,0.0,0.0,0.0,1.0,0.0,0.002430555555555555,0.3,0.0,0.3,Transit,Bulk Carrier
500057514,MV_BRA_CARGO_011,VU,transit,1.0,bulk_carrier,0.9999999729303418,0.0,0.0,0.0,0.0,0.0,0.0,0.0,1.0,0.0,0.002430555555555555,0.3,0.0,0.3,Transit,Bulk Carrier
500057514,MV_BRA_CARGO_011,VU,transit,1.0,bulk_carrier,0.9999999729303418,0.0,0.0,0.0,0.0,0.0,0.0,0.0,1.0,0.0,0.002430555555555555,0.3,0.0,0.3,Transit,Bulk Carrier
500057514,MV_BRA_CARGO_011,VU,transit,1.0,bulk_carrier,0.9999999731972058,0.0,0.0,0.0,0.0,0.0,0.0,0.0,1.0,0.0,0.002430555555555555,0.3,0.0,0.3,Transit,Bulk Carrier
500057514,MV_BRA_CARGO_011,VU,transit,1.0,bulk_carrier,0.9999999731972058,0.0,0.0,0.0,0.0,0.0,0.0,0.0,1.0,0.0,0.002430555555555555,0.3,0.0,0.3,Transit,Bulk Carrier
500057514,MV_BRA_CARGO_011,VU,transit,1.0,bulk_carrier,0.9999999731972058,0.0,0.0,0.0,0.0,0.0,0.0,0.0,1.0,0.0,0.002430555555555555,0.3,0.0,0.3,Transit,Bulk Carrier
500057514,MV_BRA_CARGO_011,VU,transit,1.0,bulk_carrier,0.9999999729303418,0.0,0.0,0.0,0.0,0.0,0.0,0.0,1.0,0.0,0.002430555555555555,0.3,0.0,0.3,Transit,Bulk Carrier
500057514,MV_BRA_CARGO_011,VU,transit,1.0,bulk_carrier,0.9999999729303418,0.0,0.0,0.0,0.0,0.0,0.0,0.0,1.0,0.0,0.002430555555555555,0.3,0.0,0.3,Transit,Bulk Carrier
500057514,MV_BRA_CARGO_011,VU,transit,1.0,bulk_carrier,0.9999999729303418,0.0,0.0,0.0,0.0,0.0,0.0,0.0,1.0,0.0,0.002430555555555555,0.3,0.0,0.3,Transit,Bulk Carrier
500057514,MV_BRA_CARGO_011,VU,transit,1.0,bulk_carrier,0.9999999729303418,0.0,0.0,0.0,0.0,0.0,0.0,0.0,1.0,0.0,0.002430555555555555,0.3,0.0,0.3,Transit,Bulk Carrier
500057514,MV_BRA_CARGO_011,VU,transit,1.0,bulk_carrier,0.9999999729303418,0.0,0.0,0.0,0.0,0.0,0.0,0.0,1.0,0.0,0.002430555555555555,0.3,0.0,0.3,Transit,Bulk Carrier
500057514,MV_BRA_CARGO_011,VU,transit,1.0,bulk_carrier,0.9999999729303418,0.0,0.0,0.0,0.0,0.0,0.0,0.0,1.0,0.0,0.002430555555555555,0.3,0.0,0.3,Transit,Bulk Carrier
500057514,MV_BRA_CARGO_011,VU,transit,0.9977777777777778,bulk_carrier,0.9999999729303418,0.0,0.0,0.0,0.0022222222222222222,0.0,0.0,0.0,0.9977777777777778,0.0,0.002430555555555555,0.3,0.0,0.3,Transit,Bulk Carrier
500057514,MV_BRA_CARGO_011,VU,transit,1.0,bulk_carrier,0.9999999731972058,0.0,0.0,0.0,0.0,0.0,0.0,0.0,1.0,0.0,0.002430555555555555,0.3,0.0,0.3,Transit,Bulk Carrier
500057514,MV_BRA_CARGO_011,VU,transit,1.0,bulk_carrier,0.9999999731972058,0.0,0.0,0.0,0.0,0.0,0.0,0.0,1.0,0.0,0.002430555555555555,0.3,0.0,0.3,Transit,Bulk Carrier
500057514,MV_BRA_CARGO_011,VU,transit,1.0,bulk_carrier,0.9999999731972058,0.0,0.0,0.0,0.0,0.0,0.0,0.0,1.0,0.0,0.002430555555555555,0.3,0.0,0.3,Transit,Bulk Carrier
500057514,MV_BRA_CARGO_011,VU,transit,1.0,bulk_carrier,0.9999999729303418,0.0,0.0,0.0,0.0,0.0,0.0,0.0,1.0,0.0,0.002430555555555555,0.3,0.0,0.3,Transit,Bulk Carrier
500057514,MV_BRA_CARGO_011,VU,transit,1.0,bulk_carrier,0.9999999729303418,0.0,0.0,0.0,0.0,0.0,0.0,0.0,1.0,0.0,0.002430555555555555,0.3,0.0,0.3,Transit,Bulk Carrier
600007503,ANCHORED_BRA_00,PA,anchored,0.868335403726708,tanker,0.9999999713237814,0.868335403726708,0.0371528640441684,0.006666666666666667,0.0002898550724637681,0.0022877846790890265,0.0,0.021352657004830914,0.06376984126984125,0.00014492753623188405,0.002430555555555555,0.3,0.0,0.3,Anchored/Moored,Tanker
600007503,ANCHORED_BRA_00,PA,anchored,0.9977777777777778,tanker,0.9999999624956742,0.9977777777777778,0.0022222222222222222,0.0,0.0,0.0,0.0,0.0,0.0,0.0,0.002430555555555555,0.3,0.0,0.3,Anchored/Moored,Tanker
600007503,ANCHORED_BRA_00,PA,anchored,1.0,tanker,0.9999999624514472,1.0,0.0,0.0,0.0,0.0,0.0,0.0,0.0,0.0,0.002430555555555555,0.3,0.0,0.3,Anchored/Moored,Tanker
600007503,ANCHORED_BRA_00,PA,anchored,0.9966666666666667,tanker,0.9999999624600403,0.9966666666666667,0.0,0.0,0.0,0.0,0.0,0.0033333333333333335,0.0,0.0,0.002430555555555555,0.3,0.0,0.3,Anchored/Moored,Tanker
600007503,ANCHORED_BRA_00,PA,anchored,1.0,tanker,0.9999999624514472,1.0,0.0,0.0,0.0,0.0,0.0,0.0,0.0,0.0,0.002430555555555555,0.3,0.0,0.3,Anchored/Moored,Tanker
600007503,ANCHORED_BRA_00,PA,anchored,1.0,tanker,0.9999999624514472,1.0,0.0,0.0,0.0,0.0,0.0,0.0,0.0,0.0,0.002430555555555555,0.3,0.0,0.3,Anchored/Moored,Tanker
600007503,ANCHORED_BRA_00,PA,anchored,0.9983333333333333,tanker,0.9999999624514472,0.9983333333333333,0.0,0.0,0.0,0.0,0.0,0.0016666666666666668,0.0,0.0,0.002430555555555555,0.3,0.0,0.3,Anchored/Moored,Tanker
600007503,ANCHORED_BRA_00,PA,anchored,1.0,tanker,0.9999999624514472,1.0,0.0,0.0,0.0,0.0,0.0,0.0,0.0,0.0,0.002430555555555555,0.3,0.0,0.3,Anchored/Moored,Tanker
600007503,ANCHORED_BRA_00,PA,anchored,1.0,tanker,0.9999999624600403,1.0,0.0,0.0,0.0,0.0,0.0,0.0,0.0,0.0,0.002430555555555555,0.3,0.0,0.3,Anchored/Moored,Tanker
600007503,ANCHORED_BRA_00,PA,anchored,0.9425634920634921,tanker,0.9999999624600403,0.9425634920634921,0.017777777777777778,0.0,0.0004761904761904762,0.006349206349206349,0.0,0.028904761904761902,0.0,0.003928571428571429,0.002430555555555555,0.3,0.0,0.3,Anchored/Moored,Tanker
600007503,ANCHORED_BRA_00,PA,anchored,0.9632777777777777,tanker,0.9999999624740138,0.9632777777777777,0.01977777777777778,0.0,0.0,0.0,0.0,0.016944444444444443,0.0,0.0,0.002430555555555555,0.3,0.0,0.3,Anchored/Moored,Tanker
600007503,ANCHORED_BRA_00,PA,anchored,0.9977777777777778,tanker,0.9999999624740138,0.9977777777777778,0.0022222222222222222,0.0,0.0,0.0,0.0,0.0,0.0,0.0,0.002430555555555555,0.3,0.0,0.3,Anchored/Moored,Tanker
600007503,ANCHORED_BRA_00,PA,anchored,0.9983333333333333,tanker,0.9999999624514472,0.9983333333333333,0.0016666666666666668,0.0,0.0,0.0,0.0,0.0,0.0,0.0,0.002430555555555555,0.3,0.0,0.3,Anchored/Moored,Tanker
600007503,ANCHORED_BRA_00,PA,anchored,1.0,tanker,0.9999999624514472,1.0,0.0,0.0,0.0,0.0,0.0,0.0,0.0,0.0,0.002430555555555555,0.3,0.0,0.3,Anchored/Moored,Tanker
600007503,ANCHORED_BRA_00,PA,anchored,1.0,tanker,0.9999999624514472,1.0,0.0,0.0,0.0,0.0,0.0,0.0,0.0,0.0,0.002430555555555555,0.3,0.0,0.3,Anchored/Moored,Tanker
600007503,ANCHORED_BRA_00,PA,anchored,1.0,tanker,0.9999999624514472,1.0,0.0,0.0,0.0,0.0,0.0,0.0,0.0,0.0,0.002430555555555555,0.3,0.0,0.3,Anchored/Moored,Tanker
600007503,ANCHORED_BRA_00,PA,anchored,1.0,tanker,0.9999999624600403,1.0,0.0,0.0,0.0,0.0,0.0,0.0,0.0,0.0,0.002430555555555555,0.3,0.0,0.3,Anchored/Moored,Tanker
600007503,ANCHORED_BRA_00,PA,anchored,0.99,tanker,0.9999999624600403,0.99,0.0044444444444444444,0.0,0.0,0.0,0.0,0.005555555555555555,0.0,0.0,0.002430555555555555,0.3,0.0,0.3,Anchored/Moored,Tanker
600007503,ANCHORED_BRA_00,PA,anchored,0.98,tanker,0.9999999624784527,0.98,0.0044444444444444444,0.0,0.0011111111111111111,0.0,0.0,0.01388888888888889,0.0,0.0005555555555555556,0.002430555555555555,0.3,0.0,0.3,Anchored/Moored,Tanker
600007503,ANCHORED_BRA_00,PA,anchored,0.9565555555555556,tanker,0.9999999624784527,0.9565555555555556,0.008333333333333333,0.0,0.0011111111111111111,0.0,0.0,0.03233333333333333,0.0,0.0016666666666666668,0.002430555555555555,0.3,0.0,0.3,Anchored/Moored,Tanker
600007503,ANCHORED_BRA_00,PA,anchored,0.9983333333333333,tanker,0.9999999624514472,0.9983333333333333,0.0016666666666666668,0.0,0.0,0.0,0.0,0.0,0.0,0.0,0.002430555555555555,0.3,0.0,0.3,Anchored/Moored,Tanker
600007503,ANCHORED_BRA_00,PA,anchored,0.995,tanker,0.9999999624514472,0.995,0.0027777777777777775,0.0,0.0,0.0,0.0,0.0,0.0022222222222222222,0.0,0.002430555555555555,0.3,0.0,0.3,Anchored/Moored,Tanker
600007503,ANCHORED_BRA_00,PA,anchored,0.9983333333333333,tanker,0.9999999624600403,0.9983333333333333,0.0,0.0,0.0,0.0,0.0,0.0016666666666666668,0.0,0.0,0.002430555555555555,0.3,0.0,0.3,Anchored/Moored,Tanker
600007503,ANCHORED_BRA_00,PA,anchored,1.0,tanker,0.9999999624514472,1.0,0.0,0.0,0.0,0.0,0.0,0.0,0.0,0.0,0.002430555555555555,0.3,0.0,0.3,Anchored/Moored,Tanker
600007503,ANCHORED_BRA_00,PA,anchored,0.9944444444444444,tanker,0.9999999624654211,0.9944444444444444,0.005555555555555555,0.0,0.0,0.0,0.0,0.0,0.0,0.0,0.002430555555555555,0.3,0.0,0.3,Anchored/Moored,Tanker
600007503,ANCHORED_BRA_00,PA,anchored,0.9983333333333333,tanker,0.9999999624740138,0.9983333333333333,0.0,0.0,0.0,0.0,0.0,0.0016666666666666668,0.0,0.0,0.002430555555555555,0.3,0.0,0.3,Anchored/Moored,Tanker
600007503,ANCHORED_BRA_00,PA,anchored,1.0,tanker,0.9999999624600403,1.0,0.0,0.0,0.0,0.0,0.0,0.0,0.0,0.0,0.002430555555555555,0.3,0.0,0.3,Anchored/Moored,Tanker
600007504,ANCHORED_BRA_01,CN,anchored,0.8337698412698413,bulk_carrier,0.9999999728621422,0.8337698412698413,0.06578571428571425,0.0,0.0021428571428571425,0.007698412698412697,0.0,0.017777777777777778,0.06893650793650793,0.0038888888888888883,0.002430555555555555,0.0,0.0,0.002430555555555555,Anchored/Moored,Bulk Carrier
600007504,ANCHORED_BRA_01,CN,anchored,0.9233492063492061,bulk_carrier,0.9999999722660439,0.9233492063492061,0.02173015873015873,0.0013333333333333335,0.0,0.0004761904761904762,0.0,0.04700000000000001,0.0061111111111111106,0.0,0.002430555555555555,0.0,0.0,0.002430555555555555,Anchored/Moored,Bulk Carrier
600007504,ANCHORED_BRA_01,CN,anchored,1.0,bulk_carrier,0.9999999722438825,1.0,0.0,0.0,0.0,0.0,0.0,0.0,0.0,0.0,0.002430555555555555,0.0,0.0,0.002430555555555555,Anchored/Moored,Bulk Carrier
600007504,ANCHORED_BRA_01,CN,anchored,0.9906666666666666,bulk_carrier,0.9999999722438825,0.9906666666666666,0.009333333333333332,0.0,0.0,0.0,0.0,0.0,0.0,0.0,0.002430555555555555,0.0,0.0,0.002430555555555555,Anchored/Moored,Bulk Carrier
600007504,ANCHORED_BRA_01,CN,anchored,1.0,bulk_carrier,0.9999999722438825,1.0,0.0,0.0,0.0,0.0,0.0,0.0,0.0,0.0,0.002430555555555555,0.0,0.0,0.002430555555555555,Anchored/Moored,Bulk Carrier
600007504,ANCHORED_BRA_01,CN,anchored,1.0,bulk_carrier,0.9999999722438825,1.0,0.0,0.0,0.0,0.0,0.0,0.0,0.0,0.0,0.002430555555555555,0.0,0.0,0.002430555555555555,Anchored/Moored,Bulk Carrier
600007504,ANCHORED_BRA_01,CN,anchored,0.9951111111111111,bulk_carrier,0.9999999722438825,0.9951111111111111,0.00488888888888889,0.0,0.0,0.0,0.0,0.0,0.0,0.0,0.002430555555555555,0.0,0.0,0.002430555555555555,Anchored/Moored,Bulk Carrier
600007504,ANCHORED_BRA_01,CN,anchored,0.9975,bulk_carrier,0.9999999722438825,0.9975,0.0,0.0,0.0,0.0,0.0,0.0025,0.0,0.0,0.002430555555555555,0.0,0.0,0.002430555555555555,Anchored/Moored,Bulk Carrier
600007504,ANCHORED_BRA_01,CN,anchored,0.9983333333333333,bulk_carrier,0.9999999722438825,0.9983333333333333,0.0016666666666666668,0.0,0.0,0.0,0.0,0.0,0.0,0.0,0.002430555555555555,0.0,0.0,0.002430555555555555,Anchored/Moored,Bulk Carrier
600007504,ANCHORED_BRA_01,CN,anchored,1.0,bulk_carrier,0.9999999722438825,1.0,0.0,0.0,0.0,0.0,0.0,0.0,0.0,0.0,0.002430555555555555,0.0,0.0,0.002430555555555555,Anchored/Moored,Bulk Carrier
600007504,ANCHORED_BRA_01,CN,anchored,0.9766666666666667,bulk_carrier,0.9999999722660439,0.9766666666666667,0.004,0.0,0.0011111111111111111,0.0,0.0,0.01388888888888889,0.0037777777777777775,0.0005555555555555556,0.002430555555555555,0.0,0.0,0.002430555555555555,Anchored/Moored,Bulk Carrier
600007504,ANCHORED_BRA_01,CN,anchored,0.9118650793650793,bulk_carrier,0.9999999722660439,0.9118650793650793,0.018722222222222223,0.0,0.0011111111111111111,0.0008333333333333334,0.0,0.062023809523809516,0.00488888888888889,0.0005555555555555556,0.002430555555555555,0.0,0.0,0.002430555555555555,Anchored/Moored,Bulk Carrier
600007504,ANCHORED_BRA_01,CN,anchored,0.933642857142857,bulk_carrier,0.9999999722438825,0.933642857142857,0.021944444444444444,0.0,0.0011111111111111111,0.0,0.0,0.04107936507936508,0.0022222222222222222,0.0,0.002430555555555555,0.0,0.0,0.002430555555555555,Anchored/Moored,Bulk Carrier
600007504,ANCHORED_BRA_01,CN,anchored,0.9733333333333334,bulk_carrier,0.9999999722660439,0.9733333333333334,0.0033333333333333335,0.0,0.0013333333333333335,0.0011111111111111111,0.0,0.017555555555555557,0.0033333333333333335,0.0,0.002430555555555555,0.0,0.0,0.002430555555555555,Anchored/Moored,Bulk Carrier
600007504,ANCHORED_BRA_01,CN,anchored,1.0,bulk_carrier,0.9999999722660439,1.0,0.0,0.0,0.0,0.0,0.0,0.0,0.0,0.0,0.002430555555555555,0.0,0.0,0.002430555555555555,Anchored/Moored,Bulk Carrier
600007504,ANCHORED_BRA_01,CN,anchored,1.0,bulk_carrier,0.9999999722438825,1.0,0.0,0.0,0.0,0.0,0.0,0.0,0.0,0.0,0.002430555555555555,0.0,0.0,0.002430555555555555,Anchored/Moored,Bulk Carrier
600007504,ANCHORED_BRA_01,CN,anchored,1.0,bulk_carrier,0.9999999722438825,1.0,0.0,0.0,0.0,0.0,0.0,0.0,0.0,0.0,0.002430555555555555,0.0,0.0,0.002430555555555555,Anchored/Moored,Bulk Carrier
600007504,ANCHORED_BRA_01,CN,anchored,0.9991666666666666,bulk_carrier,0.9999999722438825,0.9991666666666666,0.0008333333333333334,0.0,0.0,0.0,0.0,0.0,0.0,0.0,0.002430555555555555,0.0,0.0,0.002430555555555555,Anchored/Moored,Bulk Carrier
600007504,ANCHORED_BRA_01,CN,anchored,0.9885,bulk_carrier,0.9999999722438825,0.9885,0.008166666666666668,0.0,0.0,0.0,0.0,0.0033333333333333335,0.0,0.0,0.002430555555555555,0.0,0.0,0.002430555555555555,Anchored/Moored,Bulk Carrier
600007504,ANCHORED_BRA_01,CN,anchored,1.0,bulk_carrier,0.9999999722438825,1.0,0.0,0.0,0.0,0.0,0.0,0.0,0.0,0.0,0.002430555555555555,0.0,0.0,0.002430555555555555,Anchored/Moored,Bulk Carrier
600007504,ANCHORED_BRA_01,CN,anchored,1.0,bulk_carrier,0.9999999722438825,1.0,0.0,0.0,0.0,0.0,0.0,0.0,0.0,0.0,0.002430555555555555,0.0,0.0,0.002430555555555555,Anchored/Moored,Bulk Carrier
600007504,ANCHORED_BRA_01,CN,anchored,1.0,bulk_carrier,0.9999999722438825,1.0,0.0,0.0,0.0,0.0,0.0,0.0,0.0,0.0,0.002430555555555555,0.0,0.0,0.002430555555555555,Anchored/Moored,Bulk Carrier
600007504,ANCHORED_BRA_01,CN,anchored,0.9759841269841271,bulk_carrier,0.9999999722438825,0.9759841269841271,0.008222222222222223,0.0,0.0004761904761904762,0.005873015873015873,0.0,0.009444444444444443,0.0,0.0,0.002430555555555555,0.0,0.0,0.002430555555555555,Anchored/Moored,Bulk Carrier
600007504,ANCHORED_BRA_01,CN,anchored,0.9983333333333333,bulk_carrier,0.9999999722613321,0.9983333333333333,0.0,0.0,0.0,0.0,0.0,0.0016666666666666668,0.0,0.0,0.002430555555555555,0.0,0.0,0.002430555555555555,Anchored/Moored,Bulk Carrier
600007504,ANCHORED_BRA_01,CN,anchored,0.995,bulk_carrier,0.9999999722613321,0.995,0.0,0.0,0.0,0.0,0.0,0.005,0.0,0.0,0.002430555555555555,0.0,0.0,0.002430555555555555,Anchored/Moored,Bulk Carrier
600007504,ANCHORED_BRA_01,CN,anchored,0.988777777777778,bulk_carrier,0.9999999722438825,0.988777777777778,0.010388888888888888,0.0,0.0,0.0,0.0,0.0008333333333333334,0.0,0.0,0.002430555555555555,0.0,0.0,0.002430555555555555,Anchored/Moored,Bulk Carrier
600007504,ANCHORED_BRA_01,CN,anchored,0.9983333333333333,bulk_carrier,0.9999999722438825,0.9983333333333333,0.0016666666666666668,0.0,0.0,0.0,0.0,0.0,0.0,0.0,0.002430555555555555,0.0,0.0,0.002430555555555555,Anchored/Moored,Bulk Carrier
600007505,ANCHORED_BRA_02,LR,anchored,0.730623015873016,cargo,0.9999999715103992,0.730623015873016,0.009166666666666667,0.0,0.007277777777777779,0.012777777777777777,0.0,0.024999999999999998,0.20491666666666672,0.010238095238095239,0.002430555555555555,0.0,0.0,0.002430555555555555,Anchored/Moored,Cargo
600007505,ANCHORED_BRA_02,LR,anchored,0.911256038647343,cargo,0.9999999849574683,0.911256038647343,0.028867149758454117,0.0013333333333333335,0.0002898550724637681,0.002367149758454106,0.0,0.04790821256038648,0.006166666666666667,0.0018115942028985505,0.002430555555555555,0.0,0.0,0.002430555555555555,Anchored/Moored,Cargo
600007505,ANCHORED_BRA_02,LR,anchored,1.0,cargo,0.9999999796565788,1.0,0.0,0.0,0.0,0.0,0.0,0.0,0.0,0.0,0.002430555555555555,0.0,0.0,0.002430555555555555,Anchored/Moored,Cargo
600007505,ANCHORED_BRA_02,LR,anchored,1.0,cargo,0.9999999796565788,1.0,0.0,0.0,0.0,0.0,0.0,0.0,0.0,0.0,0.002430555555555555,0.0,0.0,0.002430555555555555,Anchored/Moored,Cargo
600007505,ANCHORED_BRA_02,LR,anchored,1.0,cargo,0.9999999796565788,1.0,0.0,0.0,0.0,0.0,0.0,0.0,0.0,0.0,0.002430555555555555,0.0,0.0,0.002430555555555555,Anchored/Moored,Cargo
600007505,ANCHORED_BRA_02,LR,anchored,1.0,cargo,0.9999999796565788,1.0,0.0,0.0,0.0,0.0,0.0,0.0,0.0,0.0,0.002430555555555555,0.0,0.0,0.002430555555555555,Anchored/Moored,Cargo
600007505,ANCHORED_BRA_02,LR,anchored,1.0,cargo,0.9999999796565788,1.0,0.0,0.0,0.0,0.0,0.0,0.0,0.0,0.0,0.002430555555555555,0.0,0.0,0.002430555555555555,Anchored/Moored,Cargo
600007505,ANCHORED_BRA_02,LR,anchored,1.0,cargo,0.9999999796565788,1.0,0.0,0.0,0.0,0.0,0.0,0.0,0.0,0.0,0.002430555555555555,0.0,0.0,0.002430555555555555,Anchored/Moored,Cargo
600007505,ANCHORED_BRA_02,LR,anchored,1.0,cargo,0.9999999796565788,1.0,0.0,0.0,0.0,0.0,0.0,0.0,0.0,0.0,0.002430555555555555,0.0,0.0,0.002430555555555555,Anchored/Moored,Cargo
600007505,ANCHORED_BRA_02,LR,anchored,0.9977777777777779,cargo,0.9999999796565788,0.9977777777777779,0.0,0.0,0.0,0.0,0.0,0.0022222222222222222,0.0,0.0,0.002430555555555555,0.0,0.0,0.002430555555555555,Anchored/Moored,Cargo
600007505,ANCHORED_BRA_02,LR,anchored,1.0,cargo,0.9999999796565788,1.0,0.0,0.0,0.0,0.0,0.0,0.0,0.0,0.0,0.002430555555555555,0.0,0.0,0.002430555555555555,Anchored/Moored,Cargo
600007505,ANCHORED_BRA_02,LR,anchored,1.0,cargo,0.9999999796565788,1.0,0.0,0.0,0.0,0.0,0.0,0.0,0.0,0.0,0.002430555555555555,0.0,0.0,0.002430555555555555,Anchored/Moored,Cargo
600007505,ANCHORED_BRA_02,LR,anchored,1.0,cargo,0.9999999796565788,1.0,0.0,0.0,0.0,0.0,0.0,0.0,0.0,0.0,0.002430555555555555,0.0,0.0,0.002430555555555555,Anchored/Moored,Cargo
600007505,ANCHORED_BRA_02,LR,anchored,0.9934444444444444,cargo,0.9999999796469159,0.9934444444444444,0.002666666666666667,0.0,0.0,0.0,0.0,0.0038888888888888883,0.0,0.0,0.002430555555555555,0.0,0.0,0.002430555555555555,Anchored/Moored,Cargo
600007505,ANCHORED_BRA_02,LR,anchored,0.9977777777777779,cargo,0.9999999796469159,0.9977777777777779,0.0,0.0,0.0,0.0,0.0,0.0022222222222222222,0.0,0.0,0.002430555555555555,0.0,0.0,0.002430555555555555,Anchored/Moored,Cargo
600007505,ANCHORED_BRA_02,LR,anchored,0.9977777777777778,cargo,0.9999999796565788,0.9977777777777778,0.0,0.0,0.0,0.0,0.0,0.0022222222222222222,0.0,0.0,0.002430555555555555,0.0,0.0,0.002430555555555555,Anchored/Moored,Cargo
600007505,ANCHORED_BRA_02,LR,anchored,1.0,cargo,0.9999999796565788,1.0,0.0,0.0,0.0,0.0,0.0,0.0,0.0,0.0,0.002430555555555555,0.0,0.0,0.002430555555555555,Anchored/Moored,Cargo
600007505,ANCHORED_BRA_02,LR,anchored,1.0,cargo,0.9999999796565788,1.0,0.0,0.0,0.0,0.0,0.0,0.0,0.0,0.0,0.002430555555555555,0.0,0.0,0.002430555555555555,Anchored/Moored,Cargo
600007505,ANCHORED_BRA_02,LR,anchored,0.9946666666666666,cargo,0.9999999796565788,0.9946666666666666,0.005333333333333334,0.0,0.0,0.0,0.0,0.0,0.0,0.0,0.002430555555555555,0.0,0.0,0.002430555555555555,Anchored/Moored,Cargo
600007505,ANCHORED_BRA_02,LR,anchored,0.9956666666666666,cargo,0.9999999796565788,0.9956666666666666,0.0016666666666666668,0.0,0.0,0.0,0.0,0.002,0.0006666666666666668,0.0,0.002430555555555555,0.0,0.0,0.002430555555555555,Anchored/Moored,Cargo
600007505,ANCHORED_BRA_02,LR,anchored,1.0,cargo,0.9999999796565788,1.0,0.0,0.0,0.0,0.0,0.0,0.0,0.0,0.0,0.002430555555555555,0.0,0.0,0.002430555555555555,Anchored/Moored,Cargo
600007505,ANCHORED_BRA_02,LR,anchored,1.0,cargo,0.9999999796565788,1.0,0.0,0.0,0.0,0.0,0.0,0.0,0.0,0.0,0.002430555555555555,0.0,0.0,0.002430555555555555,Anchored/Moored,Cargo
600007505,ANCHORED_BRA_02,LR,anchored,1.0,cargo,0.9999999796565788,1.0,0.0,0.0,0.0,0.0,0.0,0.0,0.0,0.0,0.002430555555555555,0.0,0.0,0.002430555555555555,Anchored/Moored,Cargo
600007505,ANCHORED_BRA_02,LR,anchored,0.9988888888888889,cargo,0.9999999796565788,0.9988888888888889,0.0011111111111111111,0.0,0.0,0.0,0.0,0.0,0.0,0.0,0.002430555555555555,0.0,0.0,0.002430555555555555,Anchored/Moored,Cargo
600007505,ANCHORED_BRA_02,LR,anchored,1.0,cargo,0.9999999796565788,1.0,0.0,0.0,0.0,0.0,0.0,0.0,0.0,0.0,0.002430555555555555,0.0,0.0,0.002430555555555555,Anchored/Moored,Cargo
600007505,ANCHORED_BRA_02,LR,anchored,0.9977777777777779,cargo,0.9999999796565788,0.9977777777777779,0.0,0.0,0.0,0.0,0.0,0.0022222222222222222,0.0,0.0,0.002430555555555555,0.0,0.0,0.002430555555555555,Anchored/Moored,Cargo
600007505,ANCHORED_BRA_02,LR,anchored,0.995,cargo,0.9999999796469159,0.995,0.0,0.0,0.0,0.0,0.0,0.004999999999999999,0.0,0.0,0.002430555555555555,0.0,0.0,0.002430555555555555,Anchored/Moored,Cargo
600007506,ANCHORED_BRA_03,PA,anchored,0.7528412698412702,cargo,0.9999999869725047,0.7528412698412702,0.03169841269841269,0.0,0.0016666666666666668,0.014777777777777779,0.0,0.02916666666666666,0.15224999999999997,0.017599206349206347,0.002430555555555555,0.3,0.0,0.3,Anchored/Moored,Cargo
600007506,ANCHORED_BRA_03,PA,anchored,0.9160893719806762,cargo,0.999999977891558,0.9160893719806762,0.03320048309178744,0.0013333333333333335,0.0002898550724637681,0.00570048309178744,0.0,0.02713043478260869,0.01611111111111111,0.00014492753623188405,0.002430555555555555,0.3,0.0,0.3,Anchored/Moored,Cargo
600007506,ANCHORED_BRA_03,PA,anchored,0.9931666666666666,cargo,0.9999999732709954,0.9931666666666666,0.006,0.0,0.0,0.0,0.0,0.0008333333333333334,0.0,0.0,0.002430555555555555,0.3,0.0,0.3,Anchored/Moored,Cargo
600007506,ANCHORED_BRA_03,PA,anchored,0.9983333333333333,cargo,0.9999999732835363,0.9983333333333333,0.0016666666666666668,0.0,0.0,0.0,0.0,0.0,0.0,0.0,0.002430555555555555,0.3,0.0,0.3,Anchored/Moored,Cargo
600007506,ANCHORED_BRA_03,PA,anchored,0.9961111111111113,cargo,0.9999999732835363,0.9961111111111113,0.0016666666666666668,0.0,0.0,0.0,0.0,0.0022222222222222222,0.0,0.0,0.002430555555555555,0.3,0.0,0.3,Anchored/Moored,Cargo
600007506,ANCHORED_BRA_03,PA,anchored,0.9799444444444445,cargo,0.9999999732709954,0.9799444444444445,0.008222222222222223,0.0,0.0,0.0,0.0,0.004166666666666667,0.005,0.002666666666666667,0.002430555555555555,0.3,0.0,0.3,Anchored/Moored,Cargo
600007506,ANCHORED_BRA_03,PA,anchored,0.9917777777777776,cargo,0.9999999732709954,0.9917777777777776,0.006,0.0,0.0,0.0,0.0,0.0022222222222222222,0.0,0.0,0.002430555555555555,0.3,0.0,0.3,Anchored/Moored,Cargo
600007506,ANCHORED_BRA_03,PA,anchored,1.0,cargo,0.9999999732835363,1.0,0.0,0.0,0.0,0.0,0.0,0.0,0.0,0.0,0.002430555555555555,0.3,0.0,0.3,Anchored/Moored,Cargo
600007506,ANCHORED_BRA_03,PA,anchored,0.9916666666666667,cargo,0.9999999732835363,0.9916666666666667,0.0022222222222222222,0.0,0.0,0.0,0.0,0.0022222222222222222,0.0038888888888888883,0.0,0.002430555555555555,0.3,0.0,0.3,Anchored/Moored,Cargo
600007506,ANCHORED_BRA_03,PA,anchored,0.9977777777777779,cargo,0.9999999732835363,0.9977777777777779,0.0,0.0,0.0,0.0,0.0,0.0022222222222222222,0.0,0.0,0.002430555555555555,0.3,0.0,0.3,Anchored/Moored,Cargo
600007506,ANCHORED_BRA_03,PA,anchored,1.0,cargo,0.9999999732835363,1.0,0.0,0.0,0.0,0.0,0.0,0.0,0.0,0.0,0.002430555555555555,0.3,0.0,0.3,Anchored/Moored,Cargo
600007506,ANCHORED_BRA_03,PA,anchored,1.0,cargo,0.9999999732835363,1.0,0.0,0.0,0.0,0.0,0.0,0.0,0.0,0.0,0.002430555555555555,0.3,0.0,0.3,Anchored/Moored,Cargo
600007506,ANCHORED_BRA_03,PA,anchored,0.9789444444444443,cargo,0.9999999732835363,0.9789444444444443,0.014166666666666666,0.0,0.0,0.0,0.0,0.005555555555555555,0.0013333333333333335,0.0,0.002430555555555555,0.3,0.0,0.3,Anchored/Moored,Cargo
600007506,ANCHORED_BRA_03,PA,anchored,0.9596666666666666,cargo,0.9999999732835363,0.9596666666666666,0.013666666666666666,0.0033333333333333335,0.0022222222222222222,0.0,0.0,0.017555555555555557,0.002444444444444445,0.0011111111111111111,0.002430555555555555,0.3,0.0,0.3,Anchored/Moored,Cargo
600007506,ANCHORED_BRA_03,PA,anchored,0.9988888888888889,cargo,0.9999999732835363,0.9988888888888889,0.0,0.0,0.0,0.0,0.0,0.0011111111111111111,0.0,0.0,0.002430555555555555,0.3,0.0,0.3,Anchored/Moored,Cargo
600007506,ANCHORED_BRA_03,PA,anchored,1.0,cargo,0.9999999732835363,1.0,0.0,0.0,0.0,0.0,0.0,0.0,0.0,0.0,0.002430555555555555,0.3,0.0,0.3,Anchored/Moored,Cargo
600007506,ANCHORED_BRA_03,PA,anchored,0.9938888888888889,cargo,0.9999999732709954,0.9938888888888889,0.0,0.0,0.0,0.0,0.0,0.0061111111111111106,0.0,0.0,0.002430555555555555,0.3,0.0,0.3,Anchored/Moored,Cargo
600007506,ANCHORED_BRA_03,PA,anchored,0.9955555555555554,cargo,0.9999999732835363,0.9955555555555554,0.0,0.0,0.0,0.0,0.0,0.0044444444444444444,0.0,0.0,0.002430555555555555,0.3,0.0,0.3,Anchored/Moored,Cargo
600007506,ANCHORED_BRA_03,PA,anchored,1.0,cargo,0.9999999732835363,1.0,0.0,0.0,0.0,0.0,0.0,0.0,0.0,0.0,0.002430555555555555,0.3,0.0,0.3,Anchored/Moored,Cargo
600007506,ANCHORED_BRA_03,PA,anchored,1.0,cargo,0.9999999732835363,1.0,0.0,0.0,0.0,0.0,0.0,0.0,0.0,0.0,0.002430555555555555,0.3,0.0,0.3,Anchored/Moored,Cargo
600007506,ANCHORED_BRA_03,PA,anchored,1.0,cargo,0.9999999732835363,1.0,0.0,0.0,0.0,0.0,0.0,0.0,0.0,0.0,0.002430555555555555,0.3,0.0,0.3,Anchored/Moored,Cargo
600007506,ANCHORED_BRA_03,PA,anchored,0.9988888888888887,cargo,0.9999999732835363,0.9988888888888887,0.0011111111111111111,0.0,0.0,0.0,0.0,0.0,0.0,0.0,0.002430555555555555,0.3,0.0,0.3,Anchored/Moored,Cargo
600007506,ANCHORED_BRA_03,PA,anchored,1.0,cargo,0.9999999732835363,1.0,0.0,0.0,0.0,0.0,0.0,0.0,0.0,0.0,0.002430555555555555,0.3,0.0,0.3,Anchored/Moored,Cargo
600007506,ANCHORED_BRA_03,PA,anchored,0.9955555555555554,cargo,0.9999999732835363,0.9955555555555554,0.0,0.0,0.0,0.0,0.0,0.0044444444444444444,0.0,0.0,0.002430555555555555,0.3,0.0,0.3,Anchored/Moored,Cargo
600007506,ANCHORED_BRA_03,PA,anchored,0.9966666666666667,cargo,0.9999999732835363,0.9966666666666667,0.0,0.0,0.0,0.0,0.0,0.0011111111111111111,0.0,0.0022222222222222222,0.002430555555555555,0.3,0.0,0.3,Anchored/Moored,Cargo
600007506,ANCHORED_BRA_03,PA,anchored,1.0,cargo,0.9999999732835363,1.0,0.0,0.0,0.0,0.0,0.0,0.0,0.0,0.0,0.002430555555555555,0.3,0.0,0.3,Anchored/Moored,Cargo
600007506,ANCHORED_BRA_03,PA,anchored,1.0,cargo,0.9999999732835363,1.0,0.0,0.0,0.0,0.0,0.0,0.0,0.0,0.0,0.002430555555555555,0.3,0.0,0.3,Anchored/Moored,Cargo
600007507,ANCHORED_BRA_04,MH,anchored,0.8947738095238096,bulk_carrier,0.9999999717233433,0.8947738095238096,0.027341269841269836,0.0,0.0,0.0016984126984126984,0.0,0.011666666666666665,0.05729761904761904,0.007222222222222222,0.002430555555555555,0.0,0.0,0.002430555555555555,Anchored/Moored,Bulk Carrier
600007507,ANCHORED_BRA_04,MH,anchored,0.9952777777777779,bulk_carrier,0.9999999553442454,0.9952777777777779,0.003611111111111111,0.0,0.0,0.0,0.0,0.0011111111111111111,0.0,0.0,0.002430555555555555,0.0,0.0,0.002430555555555555,Anchored/Moored,Bulk Carrier
600007507,ANCHORED_BRA_04,MH,anchored,0.9977777777777778,bulk_carrier,0.9999999553442454,0.9977777777777778,0.0022222222222222222,0.0,0.0,0.0,0.0,0.0,0.0,0.0,0.002430555555555555,0.0,0.0,0.002430555555555555,Anchored/Moored,Bulk Carrier
600007507,ANCHORED_BRA_04,MH,anchored,0.9944444444444444,bulk_carrier,0.9999999553442454,0.9944444444444444,0.0038888888888888883,0.0,0.0,0.0,0.0,0.0016666666666666668,0.0,0.0,0.002430555555555555,0.0,0.0,0.002430555555555555,Anchored/Moored,Bulk Carrier
600007507,ANCHORED_BRA_04,MH,anchored,1.0,bulk_carrier,0.9999999553442454,1.0,0.0,0.0,0.0,0.0,0.0,0.0,0.0,0.0,0.002430555555555555,0.0,0.0,0.002430555555555555,Anchored/Moored,Bulk Carrier
600007507,ANCHORED_BRA_04,MH,anchored,1.0,bulk_carrier,0.9999999553442454,1.0,0.0,0.0,0.0,0.0,0.0,0.0,0.0,0.0,0.002430555555555555,0.0,0.0,0.002430555555555555,Anchored/Moored,Bulk Carrier
600007507,ANCHORED_BRA_04,MH,anchored,0.995,bulk_carrier,0.9999999553442454,0.995,0.005,0.0,0.0,0.0,0.0,0.0,0.0,0.0,0.002430555555555555,0.0,0.0,0.002430555555555555,Anchored/Moored,Bulk Carrier
600007507,ANCHORED_BRA_04,MH,anchored,0.9983333333333333,bulk_carrier,0.9999999553442454,0.9983333333333333,0.0016666666666666668,0.0,0.0,0.0,0.0,0.0,0.0,0.0,0.002430555555555555,0.0,0.0,0.002430555555555555,Anchored/Moored,Bulk Carrier
600007507,ANCHORED_BRA_04,MH,anchored,0.9983333333333333,bulk_carrier,0.9999999553442454,0.9983333333333333,0.0016666666666666668,0.0,0.0,0.0,0.0,0.0,0.0,0.0,0.002430555555555555,0.0,0.0,0.002430555555555555,Anchored/Moored,Bulk Carrier
600007507,ANCHORED_BRA_04,MH,anchored,1.0,bulk_carrier,0.9999999553442454,1.0,0.0,0.0,0.0,0.0,0.0,0.0,0.0,0.0,0.002430555555555555,0.0,0.0,0.002430555555555555,Anchored/Moored,Bulk Carrier
600007507,ANCHORED_BRA_04,MH,anchored,0.983984126984127,bulk_carrier,0.9999999553442454,0.983984126984127,0.011888888888888888,0.0,0.0004761904761904762,0.0036507936507936506,0.0,0.0,0.0,0.0,0.002430555555555555,0.0,0.0,0.002430555555555555,Anchored/Moored,Bulk Carrier
600007507,ANCHORED_BRA_04,MH,anchored,1.0,bulk_carrier,0.9999999553442454,1.0,0.0,0.0,0.0,0.0,0.0,0.0,0.0,0.0,0.002430555555555555,0.0,0.0,0.002430555555555555,Anchored/Moored,Bulk Carrier
600007507,ANCHORED_BRA_04,MH,anchored,1.0,bulk_carrier,0.9999999553442454,1.0,0.0,0.0,0.0,0.0,0.0,0.0,0.0,0.0,0.002430555555555555,0.0,0.0,0.002430555555555555,Anchored/Moored,Bulk Carrier
600007507,ANCHORED_BRA_04,MH,anchored,1.0,bulk_carrier,0.9999999553442454,1.0,0.0,0.0,0.0,0.0,0.0,0.0,0.0,0.0,0.002430555555555555,0.0,0.0,0.002430555555555555,Anchored/Moored,Bulk Carrier
600007507,ANCHORED_BRA_04,MH,anchored,0.9800000000000002,bulk_carrier,0.9999999553442454,0.9800000000000002,0.012,0.0,0.0011111111111111111,0.0,0.0,0.004666666666666666,0.0011111111111111111,0.0011111111111111111,0.002430555555555555,0.0,0.0,0.002430555555555555,Anchored/Moored,Bulk Carrier
600007507,ANCHORED_BRA_04,MH,anchored,0.995,bulk_carrier,0.9999999553442454,0.995,0.0016666666666666668,0.0,0.0,0.0,0.0,0.0033333333333333335,0.0,0.0,0.002430555555555555,0.0,0.0,0.002430555555555555,Anchored/Moored,Bulk Carrier
600007507,ANCHORED_BRA_04,MH,anchored,0.9977777777777778,bulk_carrier,0.9999999553442454,0.9977777777777778,0.0,0.0,0.0,0.0,0.0,0.0022222222222222222,0.0,0.0,0.002430555555555555,0.0,0.0,0.002430555555555555,Anchored/Moored,Bulk Carrier
600007507,ANCHORED_BRA_04,MH,anchored,1.0,bulk_carrier,0.9999999553442454,1.0,0.0,0.0,0.0,0.0,0.0,0.0,0.0,0.0,0.002430555555555555,0.0,0.0,0.002430555555555555,Anchored/Moored,Bulk Carrier
600007507,ANCHORED_BRA_04,MH,anchored,1.0,bulk_carrier,0.9999999553442454,1.0,0.0,0.0,0.0,0.0,0.0,0.0,0.0,0.0,0.002430555555555555,0.0,0.0,0.002430555555555555,Anchored/Moored,Bulk Carrier
600007507,ANCHORED_BRA_04,MH,anchored,1.0,bulk_carrier,0.9999999553442454,1.0,0.0,0.0,0.0,0.0,0.0,0.0,0.0,0.0,0.002430555555555555,0.0,0.0,0.002430555555555555,Anchored/Moored,Bulk Carrier
600007507,ANCHORED_BRA_04,MH,anchored,1.0,bulk_carrier,0.9999999553442454,1.0,0.0,0.0,0.0,0.0,0.0,0.0,0.0,0.0,0.002430555555555555,0.0,0.0,0.002430555555555555,Anchored/Moored,Bulk Carrier
600007507,ANCHORED_BRA_04,MH,anchored,1.0,bulk_carrier,0.9999999553442454,1.0,0.0,0.0,0.0,0.0,0.0,0.0,0.0,0.0,0.002430555555555555,0.0,0.0,0.002430555555555555,Anchored/Moored,Bulk Carrier
600007507,ANCHORED_BRA_04,MH,anchored,1.0,bulk_carrier,0.9999999553442454,1.0,0.0,0.0,0.0,0.0,0.0,0.0,0.0,0.0,0.002430555555555555,0.0,0.0,0.002430555555555555,Anchored/Moored,Bulk Carrier
600007507,ANCHORED_BRA_04,MH,anchored,1.0,bulk_carrier,0.9999999553442454,1.0,0.0,0.0,0.0,0.0,0.0,0.0,0.0,0.0,0.002430555555555555,0.0,0.0,0.002430555555555555,Anchored/Moored,Bulk Carrier
600007507,ANCHORED_BRA_04,MH,anchored,0.9947222222222221,bulk_carrier,0.9999999553442454,0.9947222222222221,0.003611111111111111,0.0,0.0,0.0,0.0,0.0016666666666666668,0.0,0.0,0.002430555555555555,0.0,0.0,0.002430555555555555,Anchored/Moored,Bulk Carrier
600007507,ANCHORED_BRA_04,MH,anchored,0.9826666666666667,bulk_carrier,0.9999999553442454,0.9826666666666667,0.0165,0.0,0.0,0.0,0.0,0.0008333333333333334,0.0,0.0,0.002430555555555555,0.0,0.0,0.002430555555555555,Anchored/Moored,Bulk Carrier
600007507,ANCHORED_BRA_04,MH,anchored,1.0,bulk_carrier,0.9999999553442454,1.0,0.0,0.0,0.0,0.0,0.0,0.0,0.0,0.0,0.002430555555555555,0.0,0.0,0.002430555555555555,Anchored/Moored,Bulk Carrier
700057503,VESSEL_BRA_000,BR,transit,1.0,trawler,0.9999999745354666,0.0,0.0,0.0,0.0,0.0,0.0,0.0,1.0,0.0,0.002430555555555555,0.0,0.0,0.002430555555555555,Transit,Fishing - Trawler
700057503,VESSEL_BRA_000,BR,transit,1.0,trawler,0.9999999745354666,0.0,0.0,0.0,0.0,0.0,0.0,0.0,1.0,0.0,0.002430555555555555,0.0,0.0,0.002430555555555555,Transit,Fishing - Trawler
700057503,VESSEL_BRA_000,BR,transit,1.0,trawler,0.9999999745354666,0.0,0.0,0.0,0.0,0.0,0.0,0.0,1.0,0.0,0.002430555555555555,0.0,0.0,0.002430555555555555,Transit,Fishing - Trawler
700057503,VESSEL_BRA_000,BR,transit,0.9969444444444445,trawler,0.9999999745354666,0.0,0.0,0.0,0.0008333333333333334,0.0,0.0022222222222222222,0.0,0.9969444444444445,0.0,0.002430555555555555,0.0,0.0,0.002430555555555555,Transit,Fishing - Trawler
700057503,VESSEL_BRA_000,BR,transit,1.0,trawler,0.9999999745354666,0.0,0.0,0.0,0.0,0.0,0.0,0.0,1.0,0.0,0.002430555555555555,0.0,0.0,0.002430555555555555,Transit,Fishing - Trawler
700057503,VESSEL_BRA_000,BR,transit,0.9983333333333333,trawler,0.9999999745354666,0.0016666666666666668,0.0,0.0,0.0,0.0,0.0,0.0,0.9983333333333333,0.0,0.002430555555555555,0.0,0.0,0.002430555555555555,Transit,Fishing - Trawler
700057503,VESSEL_BRA_000,BR,transit,1.0,trawler,0.9999999735410379,0.0,0.0,0.0,0.0,0.0,0.0,0.0,1.0,0.0,0.002430555555555555,0.0,0.0,0.002430555555555555,Transit,Fishing - Trawler
700057503,VESSEL_BRA_000,BR,transit,1.0,trawler,0.9999999745354666,0.0,0.0,0.0,0.0,0.0,0.0,0.0,1.0,0.0,0.002430555555555555,0.0,0.0,0.002430555555555555,Transit,Fishing - Trawler
700057503,VESSEL_BRA_000,BR,transit,1.0,trawler,0.9999999745354666,0.0,0.0,0.0,0.0,0.0,0.0,0.0,1.0,0.0,0.002430555555555555,0.0,0.0,0.002430555555555555,Transit,Fishing - Trawler
700057503,VESSEL_BRA_000,BR,transit,1.0,trawler,0.9999999745354666,0.0,0.0,0.0,0.0,0.0,0.0,0.0,1.0,0.0,0.002430555555555555,0.0,0.0,0.002430555555555555,Transit,Fishing - Trawler
700057503,VESSEL_BRA_000,BR,transit,1.0,trawler,0.9999999745354666,0.0,0.0,0.0,0.0,0.0,0.0,0.0,1.0,0.0,0.002430555555555555,0.0,0.0,0.002430555555555555,Transit,Fishing - Trawler
700057503,VESSEL_BRA_000,BR,transit,1.0,trawler,0.9999999745354666,0.0,0.0,0.0,0.0,0.0,0.0,0.0,1.0,0.0,0.002430555555555555,0.0,0.0,0.002430555555555555,Transit,Fishing - Trawler
700057503,VESSEL_BRA_000,BR,transit,0.9646666666666666,trawler,0.9999999745354666,0.0,0.0,0.0,0.021166666666666667,0.0,0.014166666666666666,0.0,0.9646666666666666,0.0,0.002430555555555555,0.0,0.0,0.002430555555555555,Transit,Fishing - Trawler
700057503,VESSEL_BRA_000,BR,fishing,0.9409999999999998,trawler,0.999999963906649,0.0,0.0,0.0,0.9409999999999998,0.0,0.0,0.0,0.059,0.0,0.002430555555555555,0.4430748890012446,0.0,0.4430748890012446,Fishing,Fishing - Trawler
700057503,VESSEL_BRA_000,BR,fishing,1.0,trawler,0.9999999745354666,0.0,0.0,0.0,1.0,0.0,0.0,0.0,0.0,0.0,0.002430555555555555,0.4470205223559436,0.0,0.4470205223559436,Fishing,Fishing - Trawler
700057503,VESSEL_BRA_000,BR,fishing,1.0,trawler,0.9999999745354666,0.0,0.0,0.0,1.0,0.0,0.0,0.0,0.0,0.0,0.002430555555555555,0.44914741189856083,0.0,0.44914741189856083,Fishing,Fishing - Trawler
700057503,VESSEL_BRA_000,BR,fishing,1.0,trawler,0.9999999745354666,0.0,0.0,0.0,1.0,0.0,0.0,0.0,0.0,0.0,0.002430555555555555,0.45158413099859973,0.0,0.45158413099859973,Fishing,Fishing - Trawler
700057503,VESSEL_BRA_000,BR,fishing,1.0,trawler,0.9999999745354666,0.0,0.0,0.0,1.0,0.0,0.0,0.0,0.0,0.0,0.002430555555555555,0.45341684230577006,0.0,0.45341684230577006,Fishing,Fishing - Trawler
700057503,VESSEL_BRA_000,BR,fishing,1.0,trawler,0.9999999745354666,0.0,0.0,0.0,1.0,0.0,0.0,0.0,0.0,0.0,0.002430555555555555,0.45335357572076174,0.0,0.45335357572076174,Fishing,Fishing - Trawler
700057503,VESSEL_BRA_000,BR,fishing,1.0,trawler,0.9999999745354666,0.0,0.0,0.0,1.0,0.0,0.0,0.0,0.0,0.0,0.002430555555555555,0.45390310045526694,0.0,0.45390310045526694,Fishing,Fishing - Trawler
700057503,VESSEL_BRA_000,BR,fishing,1.0,trawler,0.9999999745354666,0.0,0.0,0.0,1.0,0.0,0.0,0.0,0.0,0.0,0.002430555555555555,0.4562748869834635,0.0,0.4562748869834635,Fishing,Fishing - Trawler
700057503,VESSEL_BRA_000,BR,fishing,1.0,trawler,0.9999999745354666,0.0,0.0,0.0,1.0,0.0,0.0,0.0,0.0,0.0,0.002430555555555555,0.45853510628046446,0.0,0.45853510628046446,Fishing,Fishing - Trawler
700057503,VESSEL_BRA_000,BR,fishing,1.0,trawler,0.9999999745354666,0.0,0.0,0.0,1.0,0.0,0.0,0.0,0.0,0.0,0.002430555555555555,0.45862992832435756,0.0,0.45862992832435756,Fishing,Fishing - Trawler
700057503,VESSEL_BRA_000,BR,fishing,1.0,trawler,0.9999999745354666,0.0,0.0,0.0,1.0,0.0,0.0,0.0,0.0,0.0,0.002430555555555555,0.45610485575123194,0.0,0.45610485575123194,Fishing,Fishing - Trawler
700057503,VESSEL_BRA_000,BR,fishing,1.0,trawler,0.9999999745354666,0.0,0.0,0.0,1.0,0.0,0.0,0.0,0.0,0.0,0.002430555555555555,0.45304777971894583,0.0,0.45304777971894583,Fishing,Fishing - Trawler
700057503,VESSEL_BRA_000,BR,fishing,1.0,trawler,0.9999999745354666,0.0,0.0,0.0,1.0,0.0,0.0,0.0,0.0,0.0,0.002430555555555555,0.44991267304874033,0.0,0.44991267304874033,Fishing,Fishing - Trawler
700057503,VESSEL_BRA_000,BR,fishing,1.0,trawler,0.9999999745354666,0.0,0.0,0.0,1.0,0.0,0.0,0.0,0.0,0.0,0.002430555555555555,0.44636663859123515,0.0,0.44636663859123515,Fishing,Fishing - Trawler
700057503,VESSEL_BRA_000,BR,fishing,1.0,trawler,0.9999999745354666,0.0,0.0,0.0,1.0,0.0,0.0,0.0,0.0,0.0,0.002430555555555555,0.44437979533972544,0.0,0.44437979533972544,Fishing,Fishing - Trawler
700057503,VESSEL_BRA_000,BR,fishing,1.0,trawler,0.9999999745354666,0.0,0.0,0.0,1.0,0.0,0.0,0.0,0.0,0.0,0.002430555555555555,0.4433905797976153,0.0,0.4433905797976153,Fishing,Fishing - Trawler
700057503,VESSEL_BRA_000,BR,fishing,1.0,trawler,0.9999999745354666,0.0,0.0,0.0,1.0,0.0,0.0,0.0,0.0,0.0,0.002430555555555555,0.4424260618796292,0.0,0.4424260618796292,Fishing,Fishing - Trawler
700057503,VESSEL_BRA_000,BR,fishing,1.0,trawler,0.9999999745354666,0.0,0.0,0.0,1.0,0.0,0.0,0.0,0.0,0.0,0.002430555555555555,0.44270442660949244,0.0,0.44270442660949244,Fishing,Fishing - Trawler
700057503,VESSEL_BRA_000,BR,fishing,0.9829999999999999,trawler,0.9999999745354666,0.0015,0.0,0.0011111111111111111,0.9829999999999999,0.0006666666666666668,0.0,0.0,0.0115,0.0022222222222222222,0.002430555555555555,0.4431265517466435,0.0,0.4431265517466435,Fishing,Fishing - Trawler
700057503,VESSEL_BRA_000,BR,fishing,1.0,trawler,0.9999999745354666,0.0,0.0,0.0,1.0,0.0,0.0,0.0,0.0,0.0,0.002430555555555555,0.442144795914998,0.0,0.442144795914998,Fishing,Fishing - Trawler
700057503,VESSEL_BRA_000,BR,fishing,1.0,trawler,0.9999999745354666,0.0,0.0,0.0,1.0,0.0,0.0,0.0,0.0,0.0,0.002430555555555555,0.4395518952157112,0.0,0.4395518952157112,Fishing,Fishing - Trawler
700057503,VESSEL_BRA_000,BR,fishing,1.0,trawler,0.9999999745354666,0.0,0.0,0.0,1.0,0.0,0.0,0.0,0.0,0.0,0.002430555555555555,0.43655552330895864,0.0,0.43655552330895864,Fishing,Fishing - Trawler
700057503,VESSEL_BRA_000,BR,fishing,1.0,trawler,0.9999999745354666,0.0,0.0,0.0,1.0,0.0,0.0,0.0,0.0,0.0,0.002430555555555555,0.436527504341109,0.0,0.436527504341109,Fishing,Fishing - Trawler
700057503,VESSEL_BRA_000,BR,transit,0.9170555555555556,trawler,0.9999999709375489,0.0008333333333333334,0.012055555555555554,0.005,0.04533333333333334,0.0,0.005833333333333334,0.005555555555555555,0.9170555555555556,0.008333333333333333,0.002430555555555555,0.0,0.0,0.002430555555555555,Transit,Fishing - Trawler
700057503,VESSEL_BRA_000,BR,transit,0.9686111111111112,trawler,0.9999999745354666,0.004666666666666666,0.011222222222222222,0.0,0.011111111111111112,0.0,0.0,0.0013333333333333335,0.9686111111111112,0.0030555555555555553,0.002430555555555555,0.0,0.0,0.002430555555555555,Transit,Fishing - Trawler
700057503,VESSEL_BRA_000,BR,transit,1.0,trawler,0.9999999745354666,0.0,0.0,0.0,0.0,0.0,0.0,0.0,1.0,0.0,0.002430555555555555,0.0,0.0,0.002430555555555555,Transit,Fishing - Trawler
700057503,VESSEL_BRA_000,BR,transit,1.0,trawler,0.9999999745354666,0.0,0.0,0.0,0.0,0.0,0.0,0.0,1.0,0.0,0.002430555555555555,0.0,0.0,0.002430555555555555,Transit,Fishing - Trawler
700057503,VESSEL_BRA_000,BR,transit,0.9795555555555556,trawler,0.9999999745354666,0.0006666666666666668,0.0016666666666666668,0.0,0.007777777777777778,0.0025,0.004166666666666667,0.003666666666666667,0.9795555555555556,0.0,0.002430555555555555,0.0,0.0,0.002430555555555555,Transit,Fishing - Trawler
700057503,VESSEL_BRA_000,BR,fishing,0.928249730312837,trawler,0.9999999709375489,0.0,0.0,0.0,0.928249730312837,0.002,0.005032362459546926,0.0,0.06179665587918015,0.0029212513484358146,0.002430555555555555,0.49241729054252187,0.0,0.49241729054252187,Fishing,Fishing - Trawler
700057503,VESSEL_BRA_000,BR,fishing,0.9786111111111112,trawler,0.9999999745354666,0.0022222222222222222,0.004722222222222221,0.0,0.9786111111111112,0.0,0.004166666666666667,0.0,0.010277777777777776,0.0,0.002430555555555555,0.498319813048841,0.0,0.498319813048841,Fishing,Fishing - Trawler
700057503,VESSEL_BRA_000,BR,fishing,0.9888888888888889,trawler,0.9999999745354666,0.0,0.0008333333333333334,0.0033333333333333335,0.9888888888888889,0.0,0.0,0.0,0.006944444444444443,0.0,0.002430555555555555,0.5001117147808576,0.0,0.5001117147808576,Fishing,Fishing - Trawler
700057503,VESSEL_BRA_000,BR,fishing,1.0,trawler,0.9999999745354666,0.0,0.0,0.0,1.0,0.0,0.0,0.0,0.0,0.0,0.002430555555555555,0.5018008408545169,0.0,0.5018008408545169,Fishing,Fishing - Trawler
700057503,VESSEL_BRA_000,BR,fishing,1.0,trawler,0.9999999745354666,0.0,0.0,0.0,1.0,0.0,0.0,0.0,0.0,0.0,0.002430555555555555,0.5045781516996152,0.0,0.5045781516996152,Fishing,Fishing - Trawler
700057503,VESSEL_BRA_000,BR,fishing,1.0,trawler,0.9999999745354666,0.0,0.0,0.0,1.0,0.0,0.0,0.0,0.0,0.0,0.002430555555555555,0.5071886933517851,0.0,0.5071886933517851,Fishing,Fishing - Trawler
700057503,VESSEL_BRA_000,BR,fishing,1.0,trawler,0.9999999745354666,0.0,0.0,0.0,1.0,0.0,0.0,0.0,0.0,0.0,0.002430555555555555,0.5093456469603258,0.0,0.5093456469603258,Fishing,Fishing - Trawler
700057503,VESSEL_BRA_000,BR,fishing,0.9988888888888887,trawler,0.9999999745354666,0.0,0.0,0.0,0.9988888888888887,0.0,0.0,0.0,0.0011111111111111111,0.0,0.002430555555555555,0.5116688136734323,0.0,0.5116688136734323,Fishing,Fishing - Trawler
700057503,VESSEL_BRA_000,BR,transit,0.9308333333333335,trawler,0.9999999709375489,0.0016666666666666668,0.0019444444444444442,0.0,0.049444444444444444,0.0,0.0033333333333333335,0.005833333333333334,0.9308333333333335,0.006944444444444445,0.002430555555555555,0.0,0.0,0.002430555555555555,Transit,Fishing - Trawler
700057503,VESSEL_BRA_000,BR,transit,1.0,trawler,0.9999999745354666,0.0,0.0,0.0,0.0,0.0,0.0,0.0,1.0,0.0,0.002430555555555555,0.0,0.0,0.002430555555555555,Transit,Fishing - Trawler
700057503,VESSEL_BRA_000,BR,transit,1.0,trawler,0.9999999745354666,0.0,0.0,0.0,0.0,0.0,0.0,0.0,1.0,0.0,0.002430555555555555,0.0,0.0,0.002430555555555555,Transit,Fishing - Trawler
700057503,VESSEL_BRA_000,BR,transit,1.0,trawler,0.9999999745354666,0.0,0.0,0.0,0.0,0.0,0.0,0.0,1.0,0.0,0.002430555555555555,0.0,0.0,0.002430555555555555,Transit,Fishing - Trawler
700057503,VESSEL_BRA_000,BR,transit,1.0,trawler,0.9999999745354666,0.0,0.0,0.0,0.0,0.0,0.0,0.0,1.0,0.0,0.002430555555555555,0.0,0.0,0.002430555555555555,Transit,Fishing - Trawler
700057503,VESSEL_BRA_000,BR,transit,0.9894444444444446,trawler,0.9999999745354666,0.0,0.0,0.0,0.0,0.0,0.010555555555555556,0.0,0.9894444444444446,0.0,0.002430555555555555,0.0,0.0,0.002430555555555555,Transit,Fishing - Trawler
700057503,VESSEL_BRA_000,BR,transit,1.0,trawler,0.9999999745354666,0.0,0.0,0.0,0.0,0.0,0.0,0.0,1.0,0.0,0.002430555555555555,0.0,0.0,0.002430555555555555,Transit,Fishing - Trawler
700057503,VESSEL_BRA_000,BR,transit,1.0,trawler,0.9999999745354666,0.0,0.0,0.0,0.0,0.0,0.0,0.0,1.0,0.0,0.002430555555555555,0.0,0.0,0.002430555555555555,Transit,Fishing - Trawler
700057503,VESSEL_BRA_000,BR,transit,1.0,trawler,0.9999999759802695,0.0,0.0,0.0,0.0,0.0,0.0,0.0,1.0,0.0,0.002430555555555555,0.0,0.0,0.002430555555555555,Transit,Fishing - Trawler
700057503,VESSEL_BRA_000,BR,transit,1.0,trawler,0.9999999745354666,0.0,0.0,0.0,0.0,0.0,0.0,0.0,1.0,0.0,0.002430555555555555,0.0,0.0,0.002430555555555555,Transit,Fishing - Trawler
700057503,VESSEL_BRA_000,BR,transit,0.9988888888888887,trawler,0.9999999745354666,0.0,0.0,0.0,0.0,0.0,0.0011111111111111111,0.0,0.9988888888888887,0.0,0.002430555555555555,0.0,0.0,0.002430555555555555,Transit,Fishing - Trawler
700057503,VESSEL_BRA_000,BR,transit,1.0,trawler,0.9999999745354666,0.0,0.0,0.0,0.0,0.0,0.0,0.0,1.0,0.0,0.002430555555555555,0.0,0.0,0.002430555555555555,Transit,Fishing - Trawler
700057503,VESSEL_BRA_000,BR,transit,1.0,trawler,0.9999999745354666,0.0,0.0,0.0,0.0,0.0,0.0,0.0,1.0,0.0,0.002430555555555555,0.0,0.0,0.002430555555555555,Transit,Fishing - Trawler
700057503,VESSEL_BRA_000,BR,transit,1.0,trawler,0.9999999759802695,0.0,0.0,0.0,0.0,0.0,0.0,0.0,1.0,0.0,0.002430555555555555,0.0,0.0,0.002430555555555555,Transit,Fishing - Trawler
700057503,VESSEL_BRA_000,BR,transit,1.0,trawler,0.9999999759802695,0.0,0.0,0.0,0.0,0.0,0.0,0.0,1.0,0.0,0.002430555555555555,0.0,0.0,0.002430555555555555,Transit,Fishing - Trawler
700057503,VESSEL_BRA_000,BR,transit,1.0,trawler,0.9999999745354666,0.0,0.0,0.0,0.0,0.0,0.0,0.0,1.0,0.0,0.002430555555555555,0.0,0.0,0.002430555555555555,Transit,Fishing - Trawler
700057503,VESSEL_BRA_000,BR,transit,1.0,trawler,0.9999999745354666,0.0,0.0,0.0,0.0,0.0,0.0,0.0,1.0,0.0,0.002430555555555555,0.0,0.0,0.002430555555555555,Transit,Fishing - Trawler
700057503,VESSEL_BRA_000,BR,transit,1.0,trawler,0.9999999745354666,0.0,0.0,0.0,0.0,0.0,0.0,0.0,1.0,0.0,0.002430555555555555,0.0,0.0,0.002430555555555555,Transit,Fishing - Trawler
700057503,VESSEL_BRA_000,BR,transit,1.0,trawler,0.9999999745354666,0.0,0.0,0.0,0.0,0.0,0.0,0.0,1.0,0.0,0.002430555555555555,0.0,0.0,0.002430555555555555,Transit,Fishing - Trawler
700057503,VESSEL_BRA_000,BR,transit,1.0,trawler,0.9999999745354666,0.0,0.0,0.0,0.0,0.0,0.0,0.0,1.0,0.0,0.002430555555555555,0.0,0.0,0.002430555555555555,Transit,Fishing - Trawler
700057503,VESSEL_BRA_000,BR,transit,0.9988888888888889,trawler,0.9999999745354666,0.0,0.0,0.0,0.0,0.0,0.0011111111111111111,0.0,0.9988888888888889,0.0,0.002430555555555555,0.0,0.0,0.002430555555555555,Transit,Fishing - Trawler
700057503,VESSEL_BRA_000,BR,transit,1.0,trawler,0.9999999745354666,0.0,0.0,0.0,0.0,0.0,0.0,0.0,1.0,0.0,0.002430555555555555,0.0,0.0,0.002430555555555555,Transit,Fishing - Trawler
700057503,VESSEL_BRA_000,BR,transit,1.0,trawler,0.9999999745354666,0.0,0.0,0.0,0.0,0.0,0.0,0.0,1.0,0.0,0.002430555555555555,0.0,0.0,0.002430555555555555,Transit,Fishing - Trawler
700057503,VESSEL_BRA_000,BR,transit,1.0,trawler,0.9999999745354666,0.0,0.0,0.0,0.0,0.0,0.0,0.0,1.0,0.0,0.002430555555555555,0.0,0.0,0.002430555555555555,Transit,Fishing - Trawler
700057503,VESSEL_BRA_000,BR,transit,1.0,trawler,0.9999999745354666,0.0,0.0,0.0,0.0,0.0,0.0,0.0,1.0,0.0,0.002430555555555555,0.0,0.0,0.002430555555555555,Transit,Fishing - Trawler
700057503,VESSEL_BRA_000,BR,transit,1.0,trawler,0.9999999745354666,0.0,0.0,0.0,0.0,0.0,0.0,0.0,1.0,0.0,0.002430555555555555,0.0,0.0,0.002430555555555555,Transit,Fishing - Trawler
700057503,VESSEL_BRA_000,BR,transit,1.0,trawler,0.9999999745354666,0.0,0.0,0.0,0.0,0.0,0.0,0.0,1.0,0.0,0.002430555555555555,0.0,0.0,0.002430555555555555,Transit,Fishing - Trawler
700057503,VESSEL_BRA_000,BR,transit,0.9986299892125134,trawler,0.9999999745354666,0.0,0.0,0.0,0.0001941747572815534,0.0,0.0011434735706580366,0.0,0.9986299892125134,3.2362459546925564e-05,0.002430555555555555,0.0,0.0,0.002430555555555555,Transit,Fishing - Trawler
700057503,VESSEL_BRA_000,BR,transit,1.0,trawler,0.9999999745354666,0.0,0.0,0.0,0.0,0.0,0.0,0.0,1.0,0.0,0.002430555555555555,0.0,0.0,0.002430555555555555,Transit,Fishing - Trawler
700057503,VESSEL_BRA_000,BR,transit,1.0,trawler,0.9999999745354666,0.0,0.0,0.0,0.0,0.0,0.0,0.0,1.0,0.0,0.002430555555555555,0.0,0.0,0.002430555555555555,Transit,Fishing - Trawler
700057503,VESSEL_BRA_000,BR,transit,0.9983333333333333,trawler,0.9999999745354666,0.0,0.0,0.0,0.0,0.0,0.0,0.0016666666666666668,0.9983333333333333,0.0,0.002430555555555555,0.0,0.0,0.002430555555555555,Transit,Fishing - Trawler
700057503,VESSEL_BRA_000,BR,transit,0.9988888888888887,trawler,0.9999999745354666,0.0,0.0,0.0,0.0,0.0,0.0011111111111111111,0.0,0.9988888888888887,0.0,0.002430555555555555,0.0,0.0,0.002430555555555555,Transit,Fishing - Trawler
700057503,VESSEL_BRA_000,BR,transit,1.0,trawler,0.9999999745354666,0.0,0.0,0.0,0.0,0.0,0.0,0.0,1.0,0.0,0.002430555555555555,0.0,0.0,0.002430555555555555,Transit,Fishing - Trawler
700057503,VESSEL_BRA_000,BR,transit,1.0,trawler,0.9999999745354666,0.0,0.0,0.0,0.0,0.0,0.0,0.0,1.0,0.0,0.002430555555555555,0.0,0.0,0.002430555555555555,Transit,Fishing - Trawler
700057503,VESSEL_BRA_000,BR,transit,1.0,trawler,0.9999999745354666,0.0,0.0,0.0,0.0,0.0,0.0,0.0,1.0,0.0,0.002430555555555555,0.0,0.0,0.002430555555555555,Transit,Fishing - Trawler
700057503,VESSEL_BRA_000,BR,transit,1.0,trawler,0.9999999745354666,0.0,0.0,0.0,0.0,0.0,0.0,0.0,1.0,0.0,0.002430555555555555,0.0,0.0,0.002430555555555555,Transit,Fishing - Trawler
700057504,VESSEL_BRA_001,CN,transit,1.0,trawler,0.9999999746995514,0.0,0.0,0.0,0.0,0.0,0.0,0.0,1.0,0.0,0.002430555555555555,0.0,0.0,0.002430555555555555,Transit,Fishing - Trawler
700057504,VESSEL_BRA_001,CN,transit,1.0,trawler,0.9999999746995514,0.0,0.0,0.0,0.0,0.0,0.0,0.0,1.0,0.0,0.002430555555555555,0.0,0.0,0.002430555555555555,Transit,Fishing - Trawler
700057504,VESSEL_BRA_001,CN,transit,1.0,trawler,0.9999999746995514,0.0,0.0,0.0,0.0,0.0,0.0,0.0,1.0,0.0,0.002430555555555555,0.0,0.0,0.002430555555555555,Transit,Fishing - Trawler
700057504,VESSEL_BRA_001,CN,transit,1.0,trawler,0.9999999746995514,0.0,0.0,0.0,0.0,0.0,0.0,0.0,1.0,0.0,0.002430555555555555,0.0,0.0,0.002430555555555555,Transit,Fishing - Trawler
700057504,VESSEL_BRA_001,CN,transit,1.0,trawler,0.9999999746995514,0.0,0.0,0.0,0.0,0.0,0.0,0.0,1.0,0.0,0.002430555555555555,0.0,0.0,0.002430555555555555,Transit,Fishing - Trawler
700057504,VESSEL_BRA_001,CN,transit,1.0,trawler,0.9999999736555656,0.0,0.0,0.0,0.0,0.0,0.0,0.0,1.0,0.0,0.002430555555555555,0.0,0.0,0.002430555555555555,Transit,Fishing - Trawler
700057504,VESSEL_BRA_001,CN,transit,1.0,trawler,0.9999999746995514,0.0,0.0,0.0,0.0,0.0,0.0,0.0,1.0,0.0,0.002430555555555555,0.0,0.0,0.002430555555555555,Transit,Fishing - Trawler
700057504,VESSEL_BRA_001,CN,fishing,0.8587222222222223,trawler,0.9999999718981366,0.0,0.0,0.0,0.8587222222222223,0.0,0.0,0.0,0.1396111111111111,0.0016666666666666668,0.002430555555555555,0.46176403225120105,0.0,0.46176403225120105,Fishing,Fishing - Trawler
700057504,VESSEL_BRA_001,CN,fishing,0.9926666666666665,trawler,0.9999999746995514,0.0,0.0,0.0,0.9926666666666665,0.0,0.0033333333333333335,0.0,0.004,0.0,0.002430555555555555,0.46803290264222985,0.0,0.46803290264222985,Fishing,Fishing - Trawler
700057504,VESSEL_BRA_001,CN,fishing,1.0,trawler,0.9999999746995514,0.0,0.0,0.0,1.0,0.0,0.0,0.0,0.0,0.0,0.002430555555555555,0.46856702070018924,0.0,0.46856702070018924,Fishing,Fishing - Trawler
700057504,VESSEL_BRA_001,CN,fishing,1.0,trawler,0.9999999746995514,0.0,0.0,0.0,1.0,0.0,0.0,0.0,0.0,0.0,0.002430555555555555,0.4658921726645877,0.0,0.4658921726645877,Fishing,Fishing - Trawler
700057504,VESSEL_BRA_001,CN,fishing,1.0,trawler,0.9999999746995514,0.0,0.0,0.0,1.0,0.0,0.0,0.0,0.0,0.0,0.002430555555555555,0.4638825967803031,0.0,0.4638825967803031,Fishing,Fishing - Trawler
700057504,VESSEL_BRA_001,CN,fishing,1.0,trawler,0.9999999746995514,0.0,0.0,0.0,1.0,0.0,0.0,0.0,0.0,0.0,0.002430555555555555,0.463521648174039,0.0,0.463521648174039,Fishing,Fishing - Trawler
700057504,VESSEL_BRA_001,CN,fishing,1.0,trawler,0.9999999746995514,0.0,0.0,0.0,1.0,0.0,0.0,0.0,0.0,0.0,0.002430555555555555,0.4648063328324999,0.0,0.4648063328324999,Fishing,Fishing - Trawler
700057504,VESSEL_BRA_001,CN,fishing,1.0,trawler,0.9999999739803225,0.0,0.0,0.0,1.0,0.0,0.0,0.0,0.0,0.0,0.002430555555555555,0.4665039462951417,0.0,0.4665039462951417,Fishing,Fishing - Trawler
700057504,VESSEL_BRA_001,CN,fishing,1.0,trawler,0.9999999746995514,0.0,0.0,0.0,1.0,0.0,0.0,0.0,0.0,0.0,0.002430555555555555,0.4679019203136355,0.0,0.4679019203136355,Fishing,Fishing - Trawler
700057504,VESSEL_BRA_001,CN,fishing,1.0,trawler,0.9999999746995514,0.0,0.0,0.0,1.0,0.0,0.0,0.0,0.0,0.0,0.002430555555555555,0.4696983308160976,0.0,0.4696983308160976,Fishing,Fishing - Trawler
700057504,VESSEL_BRA_001,CN,fishing,1.0,trawler,0.9999999746995514,0.0,0.0,0.0,1.0,0.0,0.0,0.0,0.0,0.0,0.002430555555555555,0.4718225966343758,0.0,0.4718225966343758,Fishing,Fishing - Trawler
700057504,VESSEL_BRA_001,CN,fishing,1.0,trawler,0.9999999746995514,0.0,0.0,0.0,1.0,0.0,0.0,0.0,0.0,0.0,0.002430555555555555,0.47289310059329837,0.0,0.47289310059329837,Fishing,Fishing - Trawler
700057504,VESSEL_BRA_001,CN,fishing,1.0,trawler,0.9999999746995514,0.0,0.0,0.0,1.0,0.0,0.0,0.0,0.0,0.0,0.002430555555555555,0.4728781383467535,0.0,0.4728781383467535,Fishing,Fishing - Trawler
700057504,VESSEL_BRA_001,CN,fishing,1.0,trawler,0.9999999746995514,0.0,0.0,0.0,1.0,0.0,0.0,0.0,0.0,0.0,0.002430555555555555,0.47435699919206314,0.0,0.47435699919206314,Fishing,Fishing - Trawler
700057504,VESSEL_BRA_001,CN,fishing,0.9719565217391304,trawler,0.999999974389916,0.0009782608695652173,0.005144927536231884,0.0,0.9719565217391304,0.0029227053140096614,0.0,0.002463768115942029,0.009722222222222222,0.006811594202898551,0.002430555555555555,0.4767187591607641,0.0,0.4767187591607641,Fishing,Fishing - Trawler
700057504,VESSEL_BRA_001,CN,fishing,1.0,trawler,0.9999999746995514,0.0,0.0,0.0,1.0,0.0,0.0,0.0,0.0,0.0,0.002430555555555555,0.4786412711202548,0.0,0.4786412711202548,Fishing,Fishing - Trawler
700057504,VESSEL_BRA_001,CN,fishing,1.0,trawler,0.9999999746995514,0.0,0.0,0.0,1.0,0.0,0.0,0.0,0.0,0.0,0.002430555555555555,0.48153665149325575,0.0,0.48153665149325575,Fishing,Fishing - Trawler
700057504,VESSEL_BRA_001,CN,transit,0.9738888888888888,trawler,0.9999999718981366,0.0011111111111111111,0.005555555555555555,0.0,0.011944444444444443,0.0,0.0,0.005166666666666667,0.9738888888888888,0.002333333333333333,0.002430555555555555,0.0,0.0,0.002430555555555555,Transit,Fishing - Trawler
700057504,VESSEL_BRA_001,CN,transit,1.0,trawler,0.9999999746995514,0.0,0.0,0.0,0.0,0.0,0.0,0.0,1.0,0.0,0.002430555555555555,0.0,0.0,0.002430555555555555,Transit,Fishing - Trawler
700057504,VESSEL_BRA_001,CN,transit,1.0,trawler,0.9999999746995514,0.0,0.0,0.0,0.0,0.0,0.0,0.0,1.0,0.0,0.002430555555555555,0.0,0.0,0.002430555555555555,Transit,Fishing - Trawler
700057504,VESSEL_BRA_001,CN,transit,1.0,trawler,0.9999999746995514,0.0,0.0,0.0,0.0,0.0,0.0,0.0,1.0,0.0,0.002430555555555555,0.0,0.0,0.002430555555555555,Transit,Fishing - Trawler
700057504,VESSEL_BRA_001,CN,transit,0.9997411003236247,trawler,0.9999999746995514,0.0,0.0,0.0,0.0001941747572815534,0.0,3.2362459546925564e-05,0.0,0.9997411003236247,3.2362459546925564e-05,0.002430555555555555,0.0,0.0,0.002430555555555555,Transit,Fishing - Trawler
700057504,VESSEL_BRA_001,CN,transit,1.0,trawler,0.9999999746995514,0.0,0.0,0.0,0.0,0.0,0.0,0.0,1.0,0.0,0.002430555555555555,0.0,0.0,0.002430555555555555,Transit,Fishing - Trawler
700057504,VESSEL_BRA_001,CN,transit,0.9997411003236247,trawler,0.9999999746995514,0.0,0.0,0.0,0.0001941747572815534,0.0,3.2362459546925564e-05,0.0,0.9997411003236247,3.2362459546925564e-05,0.002430555555555555,0.0,0.0,0.002430555555555555,Transit,Fishing - Trawler
700057504,VESSEL_BRA_001,CN,fishing,0.8155275080906149,trawler,0.9999999718981366,0.0,0.0,0.0,0.8155275080906149,0.0022222222222222222,0.0041990291262135925,0.0,0.17468554476806905,0.003365695792880259,0.002430555555555555,0.5594912134767571,0.0,0.5594912134767571,Fishing,Fishing - Trawler
700057504,VESSEL_BRA_001,CN,fishing,0.9970000000000001,trawler,0.9999999746995514,0.0,0.0,0.0,0.9970000000000001,0.0,0.0,0.0,0.003,0.0,0.002430555555555555,0.5640340139698786,0.0,0.5640340139698786,Fishing,Fishing - Trawler
700057504,VESSEL_BRA_001,CN,fishing,0.9966666666666667,trawler,0.9999999746995514,0.0,0.0,0.0,0.9966666666666667,0.0033333333333333335,0.0,0.0,0.0,0.0,0.002430555555555555,0.5645970212487806,0.0,0.5645970212487806,Fishing,Fishing - Trawler
700057504,VESSEL_BRA_001,CN,fishing,1.0,trawler,0.9999999739803225,0.0,0.0,0.0,1.0,0.0,0.0,0.0,0.0,0.0,0.002430555555555555,0.5637209523093702,0.0,0.5637209523093702,Fishing,Fishing - Trawler
700057504,VESSEL_BRA_001,CN,fishing,1.0,trawler,0.999999974389916,0.0,0.0,0.0,1.0,0.0,0.0,0.0,0.0,0.0,0.002430555555555555,0.5641172431752327,0.0,0.5641172431752327,Fishing,Fishing - Trawler
700057504,VESSEL_BRA_001,CN,fishing,1.0,trawler,0.999999974389916,0.0,0.0,0.0,1.0,0.0,0.0,0.0,0.0,0.0,0.002430555555555555,0.5642622133740407,0.0,0.5642622133740407,Fishing,Fishing - Trawler
700057504,VESSEL_BRA_001,CN,fishing,1.0,trawler,0.999999974389916,0.0,0.0,0.0,1.0,0.0,0.0,0.0,0.0,0.0,0.002430555555555555,0.5638212464953818,0.0,0.5638212464953818,Fishing,Fishing - Trawler
700057504,VESSEL_BRA_001,CN,fishing,0.9983333333333333,trawler,0.999999974389916,0.0,0.0,0.0,0.9983333333333333,0.0,0.0016666666666666668,0.0,0.0,0.0,0.002430555555555555,0.5640711348183457,0.0,0.5640711348183457,Fishing,Fishing - Trawler
700057504,VESSEL_BRA_001,CN,fishing,1.0,trawler,0.999999974390519,0.0,0.0,0.0,1.0,0.0,0.0,0.0,0.0,0.0,0.002430555555555555,0.5633339075441315,0.0,0.5633339075441315,Fishing,Fishing - Trawler
700057504,VESSEL_BRA_001,CN,fishing,1.0,trawler,0.999999974389916,0.0,0.0,0.0,1.0,0.0,0.0,0.0,0.0,0.0,0.002430555555555555,0.5610280864915953,0.0,0.5610280864915953,Fishing,Fishing - Trawler
700057504,VESSEL_BRA_001,CN,fishing,1.0,trawler,0.9999999746995514,0.0,0.0,0.0,1.0,0.0,0.0,0.0,0.0,0.0,0.002430555555555555,0.5582373707246102,0.0,0.5582373707246102,Fishing,Fishing - Trawler
700057504,VESSEL_BRA_001,CN,fishing,0.9983333333333333,trawler,0.9999999746995514,0.0,0.0,0.0,0.9983333333333333,0.0,0.0,0.0,0.0016666666666666668,0.0,0.002430555555555555,0.5565631470066035,0.0,0.5565631470066035,Fishing,Fishing - Trawler
700057504,VESSEL_BRA_001,CN,transit,0.8903702489527731,trawler,0.9999999718981366,0.0,0.0022222222222222222,0.0033333333333333335,0.07029734936045616,0.011944444444444445,0.010032362459546926,0.004545454545454545,0.8903702489527731,0.007254584681769147,0.002430555555555555,0.0,0.0,0.002430555555555555,Transit,Fishing - Trawler
700057504,VESSEL_BRA_001,CN,transit,1.0,trawler,0.9999999746995514,0.0,0.0,0.0,0.0,0.0,0.0,0.0,1.0,0.0,0.002430555555555555,0.0,0.0,0.002430555555555555,Transit,Fishing - Trawler
700057504,VESSEL_BRA_001,CN,transit,1.0,trawler,0.9999999746995514,0.0,0.0,0.0,0.0,0.0,0.0,0.0,1.0,0.0,0.002430555555555555,0.0,0.0,0.002430555555555555,Transit,Fishing - Trawler
700057504,VESSEL_BRA_001,CN,transit,1.0,trawler,0.9999999746995514,0.0,0.0,0.0,0.0,0.0,0.0,0.0,1.0,0.0,0.002430555555555555,0.0,0.0,0.002430555555555555,Transit,Fishing - Trawler
700057504,VESSEL_BRA_001,CN,transit,1.0,trawler,0.9999999746995514,0.0,0.0,0.0,0.0,0.0,0.0,0.0,1.0,0.0,0.002430555555555555,0.0,0.0,0.002430555555555555,Transit,Fishing - Trawler
700057504,VESSEL_BRA_001,CN,transit,1.0,trawler,0.9999999746995514,0.0,0.0,0.0,0.0,0.0,0.0,0.0,1.0,0.0,0.002430555555555555,0.0,0.0,0.002430555555555555,Transit,Fishing - Trawler
700057504,VESSEL_BRA_001,CN,transit,1.0,trawler,0.9999999746995514,0.0,0.0,0.0,0.0,0.0,0.0,0.0,1.0,0.0,0.002430555555555555,0.0,0.0,0.002430555555555555,Transit,Fishing - Trawler
700057504,VESSEL_BRA_001,CN,transit,1.0,trawler,0.9999999746995514,0.0,0.0,0.0,0.0,0.0,0.0,0.0,1.0,0.0,0.002430555555555555,0.0,0.0,0.002430555555555555,Transit,Fishing - Trawler
700057504,VESSEL_BRA_001,CN,transit,1.0,trawler,0.9999999746995514,0.0,0.0,0.0,0.0,0.0,0.0,0.0,1.0,0.0,0.002430555555555555,0.0,0.0,0.002430555555555555,Transit,Fishing - Trawler
700057504,VESSEL_BRA_001,CN,transit,0.9989077669902914,trawler,0.9999999746995514,0.0008333333333333334,0.0,0.0,0.0001941747572815534,0.0,3.2362459546925564e-05,0.0,0.9989077669902914,3.2362459546925564e-05,0.002430555555555555,0.0,0.0,0.002430555555555555,Transit,Fishing - Trawler
700057504,VESSEL_BRA_001,CN,transit,1.0,trawler,0.9999999746995514,0.0,0.0,0.0,0.0,0.0,0.0,0.0,1.0,0.0,0.002430555555555555,0.0,0.0,0.002430555555555555,Transit,Fishing - Trawler
700057504,VESSEL_BRA_001,CN,transit,0.9997411003236247,trawler,0.9999999746995514,0.0,0.0,0.0,0.0001941747572815534,0.0,3.2362459546925564e-05,0.0,0.9997411003236247,3.2362459546925564e-05,0.002430555555555555,0.0,0.0,0.002430555555555555,Transit,Fishing - Trawler
700057504,VESSEL_BRA_001,CN,transit,0.9997411003236247,trawler,0.9999999746995514,0.0,0.0,0.0,0.0001941747572815534,0.0,3.2362459546925564e-05,0.0,0.9997411003236247,3.2362459546925564e-05,0.002430555555555555,0.0,0.0,0.002430555555555555,Transit,Fishing - Trawler
700057504,VESSEL_BRA_001,CN,transit,1.0,trawler,0.9999999736555656,0.0,0.0,0.0,0.0,0.0,0.0,0.0,1.0,0.0,0.002430555555555555,0.0,0.0,0.002430555555555555,Transit,Fishing - Trawler
700057504,VESSEL_BRA_001,CN,transit,0.9923333333333333,trawler,0.9999999746995514,0.002333333333333333,0.0,0.0,0.0033333333333333335,0.0,0.0,0.002,0.9923333333333333,0.0,0.002430555555555555,0.0,0.0,0.002430555555555555,Transit,Fishing - Trawler
700057504,VESSEL_BRA_001,CN,transit,1.0,trawler,0.9999999746995514,0.0,0.0,0.0,0.0,0.0,0.0,0.0,1.0,0.0,0.002430555555555555,0.0,0.0,0.002430555555555555,Transit,Fishing - Trawler
700057504,VESSEL_BRA_001,CN,transit,1.0,trawler,0.9999999746995514,0.0,0.0,0.0,0.0,0.0,0.0,0.0,1.0,0.0,0.002430555555555555,0.0,0.0,0.002430555555555555,Transit,Fishing - Trawler
700057504,VESSEL_BRA_001,CN,transit,1.0,trawler,0.9999999746995514,0.0,0.0,0.0,0.0,0.0,0.0,0.0,1.0,0.0,0.002430555555555555,0.0,0.0,0.002430555555555555,Transit,Fishing - Trawler
700057504,VESSEL_BRA_001,CN,transit,1.0,trawler,0.9999999746995514,0.0,0.0,0.0,0.0,0.0,0.0,0.0,1.0,0.0,0.002430555555555555,0.0,0.0,0.002430555555555555,Transit,Fishing - Trawler
700057504,VESSEL_BRA_001,CN,transit,1.0,trawler,0.9999999746995514,0.0,0.0,0.0,0.0,0.0,0.0,0.0,1.0,0.0,0.002430555555555555,0.0,0.0,0.002430555555555555,Transit,Fishing - Trawler
700057504,VESSEL_BRA_001,CN,transit,1.0,trawler,0.9999999746995514,0.0,0.0,0.0,0.0,0.0,0.0,0.0,1.0,0.0,0.002430555555555555,0.0,0.0,0.002430555555555555,Transit,Fishing - Trawler
700057504,VESSEL_BRA_001,CN,transit,1.0,trawler,0.9999999746995514,0.0,0.0,0.0,0.0,0.0,0.0,0.0,1.0,0.0,0.002430555555555555,0.0,0.0,0.002430555555555555,Transit,Fishing - Trawler
700057504,VESSEL_BRA_001,CN,transit,1.0,trawler,0.9999999746995514,0.0,0.0,0.0,0.0,0.0,0.0,0.0,1.0,0.0,0.002430555555555555,0.0,0.0,0.002430555555555555,Transit,Fishing - Trawler
700057504,VESSEL_BRA_001,CN,transit,1.0,trawler,0.9999999736555656,0.0,0.0,0.0,0.0,0.0,0.0,0.0,1.0,0.0,0.002430555555555555,0.0,0.0,0.002430555555555555,Transit,Fishing - Trawler
700057504,VESSEL_BRA_001,CN,transit,1.0,trawler,0.9999999736555656,0.0,0.0,0.0,0.0,0.0,0.0,0.0,1.0,0.0,0.002430555555555555,0.0,0.0,0.002430555555555555,Transit,Fishing - Trawler
700057504,VESSEL_BRA_001,CN,transit,1.0,trawler,0.9999999746995514,0.0,0.0,0.0,0.0,0.0,0.0,0.0,1.0,0.0,0.002430555555555555,0.0,0.0,0.002430555555555555,Transit,Fishing - Trawler
700057504,VESSEL_BRA_001,CN,transit,0.9997411003236247,trawler,0.9999999746995514,0.0,0.0,0.0,0.0001941747572815534,0.0,3.2362459546925564e-05,0.0,0.9997411003236247,3.2362459546925564e-05,0.002430555555555555,0.0,0.0,0.002430555555555555,Transit,Fishing - Trawler
700057504,VESSEL_BRA_001,CN,transit,1.0,trawler,0.9999999746995514,0.0,0.0,0.0,0.0,0.0,0.0,0.0,1.0,0.0,0.002430555555555555,0.0,0.0,0.002430555555555555,Transit,Fishing - Trawler
700057504,VESSEL_BRA_001,CN,transit,1.0,trawler,0.9999999746995514,0.0,0.0,0.0,0.0,0.0,0.0,0.0,1.0,0.0,0.002430555555555555,0.0,0.0,0.002430555555555555,Transit,Fishing - Trawler
700057504,VESSEL_BRA_001,CN,transit,1.0,trawler,0.9999999746995514,0.0,0.0,0.0,0.0,0.0,0.0,0.0,1.0,0.0,0.002430555555555555,0.0,0.0,0.002430555555555555,Transit,Fishing - Trawler
700057504,VESSEL_BRA_001,CN,transit,1.0,trawler,0.9999999746995514,0.0,0.0,0.0,0.0,0.0,0.0,0.0,1.0,0.0,0.002430555555555555,0.0,0.0,0.002430555555555555,Transit,Fishing - Trawler
700057504,VESSEL_BRA_001,CN,transit,0.9997411003236247,trawler,0.9999999746995514,0.0,0.0,0.0,0.0001941747572815534,0.0,3.2362459546925564e-05,0.0,0.9997411003236247,3.2362459546925564e-05,0.002430555555555555,0.0,0.0,0.002430555555555555,Transit,Fishing - Trawler
700057504,VESSEL_BRA_001,CN,transit,0.9986299892125134,trawler,0.9999999746995514,0.0,0.0,0.0,0.0001941747572815534,0.0,0.0011434735706580366,0.0,0.9986299892125134,3.2362459546925564e-05,0.002430555555555555,0.0,0.0,0.002430555555555555,Transit,Fishing - Trawler
700057504,VESSEL_BRA_001,CN,transit,1.0,trawler,0.9999999746995514,0.0,0.0,0.0,0.0,0.0,0.0,0.0,1.0,0.0,0.002430555555555555,0.0,0.0,0.002430555555555555,Transit,Fishing - Trawler
700057504,VESSEL_BRA_001,CN,transit,0.9988888888888887,trawler,0.9999999746995514,0.0,0.0,0.0,0.0011111111111111111,0.0,0.0,0.0,0.9988888888888887,0.0,0.002430555555555555,0.0,0.0,0.002430555555555555,Transit,Fishing - Trawler
700057504,VESSEL_BRA_001,CN,transit,1.0,trawler,0.9999999746995514,0.0,0.0,0.0,0.0,0.0,0.0,0.0,1.0,0.0,0.002430555555555555,0.0,0.0,0.002430555555555555,Transit,Fishing - Trawler
700057504,VESSEL_BRA_001,CN,transit,1.0,trawler,0.9999999746995514,0.0,0.0,0.0,0.0,0.0,0.0,0.0,1.0,0.0,0.002430555555555555,0.0,0.0,0.002430555555555555,Transit,Fishing - Trawler
700057504,VESSEL_BRA_001,CN,transit,1.0,trawler,0.9999999746995514,0.0,0.0,0.0,0.0,0.0,0.0,0.0,1.0,0.0,0.002430555555555555,0.0,0.0,0.002430555555555555,Transit,Fishing - Trawler
700057504,VESSEL_BRA_001,CN,transit,1.0,trawler,0.9999999746995514,0.0,0.0,0.0,0.0,0.0,0.0,0.0,1.0,0.0,0.002430555555555555,0.0,0.0,0.002430555555555555,Transit,Fishing - Trawler
700057504,VESSEL_BRA_001,CN,transit,1.0,trawler,0.9999999746995514,0.0,0.0,0.0,0.0,0.0,0.0,0.0,1.0,0.0,0.002430555555555555,0.0,0.0,0.002430555555555555,Transit,Fishing - Trawler
700057504,VESSEL_BRA_001,CN,transit,1.0,trawler,0.9999999746995514,0.0,0.0,0.0,0.0,0.0,0.0,0.0,1.0,0.0,0.002430555555555555,0.0,0.0,0.002430555555555555,Transit,Fishing - Trawler
700057504,VESSEL_BRA_001,CN,transit,0.9977777777777779,trawler,0.9999999746995514,0.0,0.0,0.0,0.0,0.0,0.0022222222222222222,0.0,0.9977777777777779,0.0,0.002430555555555555,0.0,0.0,0.002430555555555555,Transit,Fishing - Trawler
700057505,VESSEL_BRA_002,PA,transit,1.0,longliner,0.999999979874288,0.0,0.0,0.0,0.0,0.0,0.0,0.0,1.0,0.0,0.002430555555555555,0.3,0.0,0.3,Transit,Fishing - Longliner
700057505,VESSEL_BRA_002,PA,transit,1.0,longliner,0.999999979874288,0.0,0.0,0.0,0.0,0.0,0.0,0.0,1.0,0.0,0.002430555555555555,0.3,0.0,0.3,Transit,Fishing - Longliner
700057505,VESSEL_BRA_002,PA,transit,1.0,longliner,0.999999979874288,0.0,0.0,0.0,0.0,0.0,0.0,0.0,1.0,0.0,0.002430555555555555,0.3,0.0,0.3,Transit,Fishing - Longliner
700057505,VESSEL_BRA_002,PA,transit,1.0,longliner,0.999999979874288,0.0,0.0,0.0,0.0,0.0,0.0,0.0,1.0,0.0,0.002430555555555555,0.3,0.0,0.3,Transit,Fishing - Longliner
700057505,VESSEL_BRA_002,PA,transit,1.0,longliner,0.999999979874288,0.0,0.0,0.0,0.0,0.0,0.0,0.0,1.0,0.0,0.002430555555555555,0.3,0.0,0.3,Transit,Fishing - Longliner
700057505,VESSEL_BRA_002,PA,transit,1.0,longliner,0.999999979874288,0.0,0.0,0.0,0.0,0.0,0.0,0.0,1.0,0.0,0.002430555555555555,0.3,0.0,0.3,Transit,Fishing - Longliner
700057505,VESSEL_BRA_002,PA,transit,1.0,longliner,0.999999979874288,0.0,0.0,0.0,0.0,0.0,0.0,0.0,1.0,0.0,0.002430555555555555,0.3,0.0,0.3,Transit,Fishing - Longliner
700057505,VESSEL_BRA_002,PA,transit,1.0,longliner,0.999999979874288,0.0,0.0,0.0,0.0,0.0,0.0,0.0,1.0,0.0,0.002430555555555555,0.3,0.0,0.3,Transit,Fishing - Longliner
700057505,VESSEL_BRA_002,PA,transit,0.9761111111111113,longliner,0.999999979874288,0.0,0.0,0.0,0.011666666666666667,0.0,0.012222222222222221,0.0,0.9761111111111113,0.0,0.002430555555555555,0.3,0.0,0.3,Transit,Fishing - Longliner
700057505,VESSEL_BRA_002,PA,fishing,0.7855396825396823,longliner,0.9999999758270649,0.0,0.0,0.0,0.7855396825396823,0.0,0.0,0.0039047619047619044,0.2105555555555556,0.0,0.002430555555555555,0.6927920376216954,0.0,0.6927920376216954,Fishing,Fishing - Longliner
700057505,VESSEL_BRA_002,PA,fishing,1.0,longliner,0.9999999584647667,0.0,0.0,0.0,1.0,0.0,0.0,0.0,0.0,0.0,0.002430555555555555,0.6870801801407431,0.0,0.6870801801407431,Fishing,Fishing - Longliner
700057505,VESSEL_BRA_002,PA,fishing,0.9977777777777779,longliner,0.999999975382239,0.0,0.0,0.0,0.9977777777777779,0.0,0.0,0.0,0.0022222222222222222,0.0,0.002430555555555555,0.6848925417380263,0.0,0.6848925417380263,Fishing,Fishing - Longliner
700057505,VESSEL_BRA_002,PA,fishing,1.0,longliner,0.999999975382239,0.0,0.0,0.0,1.0,0.0,0.0,0.0,0.0,0.0,0.002430555555555555,0.6834249912029695,0.0,0.6834249912029695,Fishing,Fishing - Longliner
700057505,VESSEL_BRA_002,PA,fishing,1.0,longliner,0.9999999796483061,0.0,0.0,0.0,1.0,0.0,0.0,0.0,0.0,0.0,0.002430555555555555,0.683189100279873,0.0,0.683189100279873,Fishing,Fishing - Longliner
700057505,VESSEL_BRA_002,PA,fishing,0.9944444444444446,longliner,0.9999999796483061,0.0,0.0022222222222222222,0.0033333333333333335,0.9944444444444446,0.0,0.0,0.0,0.0,0.0,0.002430555555555555,0.6845537748402228,0.0,0.6845537748402228,Fishing,Fishing - Longliner
700057505,VESSEL_BRA_002,PA,fishing,0.9966666666666667,longliner,0.9999999796483061,0.0,0.0,0.0,0.9966666666666667,0.0033333333333333335,0.0,0.0,0.0,0.0,0.002430555555555555,0.6862852529582655,0.0,0.6862852529582655,Fishing,Fishing - Longliner
700057505,VESSEL_BRA_002,PA,fishing,1.0,longliner,0.9999999796483061,0.0,0.0,0.0,1.0,0.0,0.0,0.0,0.0,0.0,0.002430555555555555,0.687712066739223,0.0,0.687712066739223,Fishing,Fishing - Longliner
700057505,VESSEL_BRA_002,PA,fishing,1.0,longliner,0.9999999796483061,0.0,0.0,0.0,1.0,0.0,0.0,0.0,0.0,0.0,0.002430555555555555,0.6890887627177094,0.0,0.6890887627177094,Fishing,Fishing - Longliner
700057505,VESSEL_BRA_002,PA,fishing,0.9966666666666667,longliner,0.9999999796483061,0.0,0.0,0.0,0.9966666666666667,0.0033333333333333335,0.0,0.0,0.0,0.0,0.002430555555555555,0.6899272415080719,0.0,0.6899272415080719,Fishing,Fishing - Longliner
700057505,VESSEL_BRA_002,PA,fishing,1.0,longliner,0.9999999796483061,0.0,0.0,0.0,1.0,0.0,0.0,0.0,0.0,0.0,0.002430555555555555,0.6893261364666896,0.0,0.6893261364666896,Fishing,Fishing - Longliner
700057505,VESSEL_BRA_002,PA,fishing,0.9988888888888887,longliner,0.9999999796483061,0.0,0.0,0.0,0.9988888888888887,0.0011111111111111111,0.0,0.0,0.0,0.0,0.002430555555555555,0.6878505919920632,0.0,0.6878505919920632,Fishing,Fishing - Longliner
700057505,VESSEL_BRA_002,PA,fishing,1.0,longliner,0.9999999796483061,0.0,0.0,0.0,1.0,0.0,0.0,0.0,0.0,0.0,0.002430555555555555,0.6865303207705408,0.0,0.6865303207705408,Fishing,Fishing - Longliner
700057505,VESSEL_BRA_002,PA,fishing,1.0,longliner,0.9999999796483061,0.0,0.0,0.0,1.0,0.0,0.0,0.0,0.0,0.0,0.002430555555555555,0.6857663779422349,0.0,0.6857663779422349,Fishing,Fishing - Longliner
700057505,VESSEL_BRA_002,PA,fishing,0.9966666666666667,longliner,0.9999999796483061,0.0,0.0,0.0,0.9966666666666667,0.0033333333333333335,0.0,0.0,0.0,0.0,0.002430555555555555,0.6848309527615473,0.0,0.6848309527615473,Fishing,Fishing - Longliner
700057505,VESSEL_BRA_002,PA,fishing,1.0,longliner,0.9999999796483061,0.0,0.0,0.0,1.0,0.0,0.0,0.0,0.0,0.0,0.002430555555555555,0.6833064398498774,0.0,0.6833064398498774,Fishing,Fishing - Longliner
700057505,VESSEL_BRA_002,PA,fishing,0.9902777777777779,longliner,0.9999999796483061,0.0,0.0011111111111111111,0.0,0.9902777777777779,0.003611111111111111,0.0,0.0033333333333333335,0.0016666666666666668,0.0,0.002430555555555555,0.6819042039761913,0.0,0.6819042039761913,Fishing,Fishing - Longliner
700057505,VESSEL_BRA_002,PA,fishing,1.0,longliner,0.9999999796483061,0.0,0.0,0.0,1.0,0.0,0.0,0.0,0.0,0.0,0.002430555555555555,0.6804950695035252,0.0,0.6804950695035252,Fishing,Fishing - Longliner
700057505,VESSEL_BRA_002,PA,fishing,1.0,longliner,0.9999999796483061,0.0,0.0,0.0,1.0,0.0,0.0,0.0,0.0,0.0,0.002430555555555555,0.6796200896600755,0.0,0.6796200896600755,Fishing,Fishing - Longliner
700057505,VESSEL_BRA_002,PA,transit,0.8949722222222223,longliner,0.9999999758270649,0.0033333333333333335,0.005555555555555555,0.0006666666666666668,0.07397222222222222,0.00788888888888889,0.0016666666666666668,0.0,0.8949722222222223,0.011944444444444445,0.002430555555555555,0.3,0.0,0.3,Transit,Fishing - Longliner
700057505,VESSEL_BRA_002,PA,transit,0.9986299892125134,longliner,0.9999999584647667,0.0,0.0,0.0,0.0001941747572815534,0.0,0.0011434735706580366,0.0,0.9986299892125134,3.2362459546925564e-05,0.002430555555555555,0.3,0.0,0.3,Transit,Fishing - Longliner
700057505,VESSEL_BRA_002,PA,transit,1.0,longliner,0.9999999709320944,0.0,0.0,0.0,0.0,0.0,0.0,0.0,1.0,0.0,0.002430555555555555,0.3,0.0,0.3,Transit,Fishing - Longliner
700057505,VESSEL_BRA_002,PA,transit,0.9983333333333333,longliner,0.9999999727456218,0.0,0.0,0.0,0.0016666666666666668,0.0,0.0,0.0,0.9983333333333333,0.0,0.002430555555555555,0.3,0.0,0.3,Transit,Fishing - Longliner
700057505,VESSEL_BRA_002,PA,transit,1.0,longliner,0.999999976439841,0.0,0.0,0.0,0.0,0.0,0.0,0.0,1.0,0.0,0.002430555555555555,0.3,0.0,0.3,Transit,Fishing - Longliner
700057505,VESSEL_BRA_002,PA,transit,1.0,longliner,0.999999976439841,0.0,0.0,0.0,0.0,0.0,0.0,0.0,1.0,0.0,0.002430555555555555,0.3,0.0,0.3,Transit,Fishing - Longliner
700057505,VESSEL_BRA_002,PA,transit,0.9411776082601325,longliner,0.9999999542866383,0.0,0.0,0.0,0.026591000154106946,0.0011111111111111111,0.025532362459546924,0.0,0.9411776082601325,0.005587918015102481,0.002430555555555555,0.3,0.0,0.3,Transit,Fishing - Longliner
700057505,VESSEL_BRA_002,PA,fishing,0.98875,longliner,0.9999999758270649,0.0,0.0,0.0,0.98875,0.0,0.0,0.0,0.008333333333333333,0.002916666666666667,0.002430555555555555,0.7370583013558636,0.0,0.7370583013558636,Fishing,Fishing - Longliner
700057505,VESSEL_BRA_002,PA,fishing,0.9983333333333333,longliner,0.9999999540017391,0.0,0.0,0.0,0.9983333333333333,0.0016666666666666668,0.0,0.0,0.0,0.0,0.002430555555555555,0.7409420603047703,0.0,0.7409420603047703,Fishing,Fishing - Longliner
700057505,VESSEL_BRA_002,PA,fishing,1.0,longliner,0.9999999796483061,0.0,0.0,0.0,1.0,0.0,0.0,0.0,0.0,0.0,0.002430555555555555,0.7415488311177751,0.0,0.7415488311177751,Fishing,Fishing - Longliner
700057505,VESSEL_BRA_002,PA,fishing,1.0,longliner,0.9999999796483061,0.0,0.0,0.0,1.0,0.0,0.0,0.0,0.0,0.0,0.002430555555555555,0.741031722925603,0.0,0.741031722925603,Fishing,Fishing - Longliner
700057505,VESSEL_BRA_002,PA,fishing,0.9972222222222221,longliner,0.9999999796483061,0.0,0.0,0.0,0.9972222222222221,0.0011111111111111111,0.0,0.0,0.0,0.0016666666666666668,0.002430555555555555,0.7397477539490153,0.0,0.7397477539490153,Fishing,Fishing - Longliner
700057505,VESSEL_BRA_002,PA,fishing,0.9927777777777779,longliner,0.9999999796483061,0.0033333333333333335,0.0,0.0,0.9927777777777779,0.0,0.0,0.0016666666666666668,0.0,0.0022222222222222222,0.002430555555555555,0.7383811105724538,0.0,0.7383811105724538,Fishing,Fishing - Longliner
700057505,VESSEL_BRA_002,PA,fishing,0.9891666666666666,longliner,0.9999999796483061,0.0,0.0016666666666666668,0.0,0.9891666666666666,0.0022222222222222222,0.0,0.0,0.0,0.006944444444444443,0.002430555555555555,0.7374211257420504,0.0,0.7374211257420504,Fishing,Fishing - Longliner
700057505,VESSEL_BRA_002,PA,fishing,1.0,longliner,0.9999999796483061,0.0,0.0,0.0,1.0,0.0,0.0,0.0,0.0,0.0,0.002430555555555555,0.7368142106163228,0.0,0.7368142106163228,Fishing,Fishing - Longliner
700057505,VESSEL_BRA_002,PA,fishing,1.0,longliner,0.9999999796483061,0.0,0.0,0.0,1.0,0.0,0.0,0.0,0.0,0.0,0.002430555555555555,0.737152877965203,0.0,0.737152877965203,Fishing,Fishing - Longliner
700057505,VESSEL_BRA_002,PA,fishing,1.0,longliner,0.9999999796483061,0.0,0.0,0.0,1.0,0.0,0.0,0.0,0.0,0.0,0.002430555555555555,0.7385434329878122,0.0,0.7385434329878122,Fishing,Fishing - Longliner
700057505,VESSEL_BRA_002,PA,fishing,0.9983333333333333,longliner,0.9999999796441366,0.0,0.0,0.0,0.9983333333333333,0.0,0.0,0.0,0.0016666666666666668,0.0,0.002430555555555555,0.7400116221074662,0.0,0.7400116221074662,Fishing,Fishing - Longliner
700057505,VESSEL_BRA_002,PA,fishing,1.0,longliner,0.9999999796441366,0.0,0.0,0.0,1.0,0.0,0.0,0.0,0.0,0.0,0.002430555555555555,0.7415296924025685,0.0,0.7415296924025685,Fishing,Fishing - Longliner
700057505,VESSEL_BRA_002,PA,fishing,1.0,longliner,0.9999999796483061,0.0,0.0,0.0,1.0,0.0,0.0,0.0,0.0,0.0,0.002430555555555555,0.7428395102627975,0.0,0.7428395102627975,Fishing,Fishing - Longliner
700057505,VESSEL_BRA_002,PA,fishing,0.9959523809523809,longliner,0.9999999796483061,0.0,0.0,0.0,0.9959523809523809,0.0,0.0,0.0,0.0,0.004047619047619048,0.002430555555555555,0.7434487936397817,0.0,0.7434487936397817,Fishing,Fishing - Longliner
700057505,VESSEL_BRA_002,PA,fishing,1.0,longliner,0.9999999796483061,0.0,0.0,0.0,1.0,0.0,0.0,0.0,0.0,0.0,0.002430555555555555,0.74326521205863,0.0,0.74326521205863,Fishing,Fishing - Longliner
700057505,VESSEL_BRA_002,PA,fishing,0.9927777777777778,longliner,0.9999999796483061,0.0,0.0,0.0022222222222222222,0.9927777777777778,0.0,0.0,0.0,0.0,0.005,0.002430555555555555,0.7428218972716789,0.0,0.7428218972716789,Fishing,Fishing - Longliner
700057505,VESSEL_BRA_002,PA,transit,0.877015873015873,longliner,0.9999999658209177,0.005833333333333334,0.005,0.004873015873015873,0.07583333333333332,0.007055555555555555,0.0025,0.0011111111111111111,0.877015873015873,0.020777777777777777,0.002430555555555555,0.3,0.0,0.3,Transit,Fishing - Longliner
700057505,VESSEL_BRA_002,PA,transit,0.9988888888888887,longliner,0.9999999584647667,0.0,0.0,0.0,0.0011111111111111111,0.0,0.0,0.0,0.9988888888888887,0.0,0.002430555555555555,0.3,0.0,0.3,Transit,Fishing - Longliner
700057505,VESSEL_BRA_002,PA,transit,1.0,longliner,0.999999979874288,0.0,0.0,0.0,0.0,0.0,0.0,0.0,1.0,0.0,0.002430555555555555,0.3,0.0,0.3,Transit,Fishing - Longliner
700057505,VESSEL_BRA_002,PA,transit,1.0,longliner,0.999999979874288,0.0,0.0,0.0,0.0,0.0,0.0,0.0,1.0,0.0,0.002430555555555555,0.3,0.0,0.3,Transit,Fishing - Longliner
700057505,VESSEL_BRA_002,PA,transit,1.0,longliner,0.999999979874288,0.0,0.0,0.0,0.0,0.0,0.0,0.0,1.0,0.0,0.002430555555555555,0.3,0.0,0.3,Transit,Fishing - Longliner
700057505,VESSEL_BRA_002,PA,transit,1.0,longliner,0.999999979874288,0.0,0.0,0.0,0.0,0.0,0.0,0.0,1.0,0.0,0.002430555555555555,0.3,0.0,0.3,Transit,Fishing - Longliner
700057505,VESSEL_BRA_002,PA,transit,0.9911111111111113,longliner,0.999999979874288,0.0,0.0,0.0,0.0,0.0,0.008888888888888889,0.0,0.9911111111111113,0.0,0.002430555555555555,0.3,0.0,0.3,Transit,Fishing - Longliner
700057505,VESSEL_BRA_002,PA,transit,0.9791111111111112,longliner,0.999999979874288,0.0,0.0,0.0,0.0,0.003,0.016222222222222225,0.0,0.9791111111111112,0.0016666666666666668,0.002430555555555555,0.3,0.0,0.3,Transit,Fishing - Longliner
700057505,VESSEL_BRA_002,PA,transit,1.0,longliner,0.999999979874288,0.0,0.0,0.0,0.0,0.0,0.0,0.0,1.0,0.0,0.002430555555555555,0.3,0.0,0.3,Transit,Fishing - Longliner
700057505,VESSEL_BRA_002,PA,transit,1.0,longliner,0.999999979874288,0.0,0.0,0.0,0.0,0.0,0.0,0.0,1.0,0.0,0.002430555555555555,0.3,0.0,0.3,Transit,Fishing - Longliner
700057505,VESSEL_BRA_002,PA,transit,1.0,longliner,0.999999979874288,0.0,0.0,0.0,0.0,0.0,0.0,0.0,1.0,0.0,0.002430555555555555,0.3,0.0,0.3,Transit,Fishing - Longliner
700057505,VESSEL_BRA_002,PA,transit,1.0,longliner,0.999999979874288,0.0,0.0,0.0,0.0,0.0,0.0,0.0,1.0,0.0,0.002430555555555555,0.3,0.0,0.3,Transit,Fishing - Longliner
700057505,VESSEL_BRA_002,PA,transit,0.9983333333333333,longliner,0.999999979874288,0.0,0.0,0.0,0.0016666666666666668,0.0,0.0,0.0,0.9983333333333333,0.0,0.002430555555555555,0.3,0.0,0.3,Transit,Fishing - Longliner
700057505,VESSEL_BRA_002,PA,transit,0.9983333333333333,longliner,0.999999979874288,0.0,0.0,0.0,0.0016666666666666668,0.0,0.0,0.0,0.9983333333333333,0.0,0.002430555555555555,0.3,0.0,0.3,Transit,Fishing - Longliner
700057505,VESSEL_BRA_002,PA,transit,0.998074433656958,longliner,0.999999979874288,0.0,0.0,0.0,0.00186084142394822,0.0,3.2362459546925564e-05,0.0,0.998074433656958,3.2362459546925564e-05,0.002430555555555555,0.3,0.0,0.3,Transit,Fishing - Longliner
700057505,VESSEL_BRA_002,PA,transit,1.0,longliner,0.9999999441681149,0.0,0.0,0.0,0.0,0.0,0.0,0.0,1.0,0.0,0.002430555555555555,0.3,0.0,0.3,Transit,Fishing - Longliner
700057505,VESSEL_BRA_002,PA,transit,1.0,longliner,0.9999999727456218,0.0,0.0,0.0,0.0,0.0,0.0,0.0,1.0,0.0,0.002430555555555555,0.3,0.0,0.3,Transit,Fishing - Longliner
700057505,VESSEL_BRA_002,PA,transit,1.0,longliner,0.9999999727456218,0.0,0.0,0.0,0.0,0.0,0.0,0.0,1.0,0.0,0.002430555555555555,0.3,0.0,0.3,Transit,Fishing - Longliner
700057505,VESSEL_BRA_002,PA,transit,1.0,longliner,0.999999979874288,0.0,0.0,0.0,0.0,0.0,0.0,0.0,1.0,0.0,0.002430555555555555,0.3,0.0,0.3,Transit,Fishing - Longliner
700057505,VESSEL_BRA_002,PA,transit,1.0,longliner,0.999999979874288,0.0,0.0,0.0,0.0,0.0,0.0,0.0,1.0,0.0,0.002430555555555555,0.3,0.0,0.3,Transit,Fishing - Longliner
700057505,VESSEL_BRA_002,PA,transit,0.9983333333333333,longliner,0.9999999517358976,0.0,0.0,0.0,0.0,0.0,0.0,0.0016666666666666668,0.9983333333333333,0.0,0.002430555555555555,0.3,0.0,0.3,Transit,Fishing - Longliner
700057505,VESSEL_BRA_002,PA,transit,1.0,longliner,0.999999979874288,0.0,0.0,0.0,0.0,0.0,0.0,0.0,1.0,0.0,0.002430555555555555,0.3,0.0,0.3,Transit,Fishing - Longliner
700057505,VESSEL_BRA_002,PA,transit,0.9983333333333333,longliner,0.999999979874288,0.0,0.0016666666666666668,0.0,0.0,0.0,0.0,0.0,0.9983333333333333,0.0,0.002430555555555555,0.3,0.0,0.3,Transit,Fishing - Longliner
700057505,VESSEL_BRA_002,PA,transit,0.9726904761904762,longliner,0.999999976439841,0.02730952380952381,0.0,0.0,0.0,0.0,0.0,0.0,0.9726904761904762,0.0,0.002430555555555555,0.3,0.0,0.3,Transit,Fishing - Longliner
700057505,VESSEL_BRA_002,PA,transit,1.0,longliner,0.9999999727456218,0.0,0.0,0.0,0.0,0.0,0.0,0.0,1.0,0.0,0.002430555555555555,0.3,0.0,0.3,Transit,Fishing - Longliner
700057505,VESSEL_BRA_002,PA,transit,1.0,longliner,0.999999976439841,0.0,0.0,0.0,0.0,0.0,0.0,0.0,1.0,0.0,0.002430555555555555,0.3,0.0,0.3,Transit,Fishing - Longliner
700057505,VESSEL_BRA_002,PA,transit,1.0,longliner,0.999999979874288,0.0,0.0,0.0,0.0,0.0,0.0,0.0,1.0,0.0,0.002430555555555555,0.3,0.0,0.3,Transit,Fishing - Longliner
700057505,VESSEL_BRA_002,PA,transit,0.9654682539682542,longliner,0.99999995607201,0.03230952380952381,0.0,0.0,0.0,0.0,0.0022222222222222222,0.0,0.9654682539682542,0.0,0.002430555555555555,0.3,0.0,0.3,Transit,Fishing - Longliner
700057505,VESSEL_BRA_002,PA,transit,0.9988888888888887,longliner,0.9999999458504147,0.0011111111111111111,0.0,0.0,0.0,0.0,0.0,0.0,0.9988888888888887,0.0,0.002430555555555555,0.3,0.0,0.3,Transit,Fishing - Longliner
700057505,VESSEL_BRA_002,PA,transit,1.0,longliner,0.999999976439841,0.0,0.0,0.0,0.0,0.0,0.0,0.0,1.0,0.0,0.002430555555555555,0.3,0.0,0.3,Transit,Fishing - Longliner
700057505,VESSEL_BRA_002,PA,transit,1.0,longliner,0.999999979874288,0.0,0.0,0.0,0.0,0.0,0.0,0.0,1.0,0.0,0.002430555555555555,0.3,0.0,0.3,Transit,Fishing - Longliner
700057505,VESSEL_BRA_002,PA,transit,1.0,longliner,0.999999979874288,0.0,0.0,0.0,0.0,0.0,0.0,0.0,1.0,0.0,0.002430555555555555,0.3,0.0,0.3,Transit,Fishing - Longliner
700057505,VESSEL_BRA_002,PA,transit,1.0,longliner,0.999999979874288,0.0,0.0,0.0,0.0,0.0,0.0,0.0,1.0,0.0,0.002430555555555555,0.3,0.0,0.3,Transit,Fishing - Longliner
700057505,VESSEL_BRA_002,PA,transit,1.0,longliner,0.9999999517358976,0.0,0.0,0.0,0.0,0.0,0.0,0.0,1.0,0.0,0.002430555555555555,0.3,0.0,0.3,Transit,Fishing - Longliner
700057506,VESSEL_BRA_003,TW,transit,1.0,purse_seiner,0.9999999710166441,0.0,0.0,0.0,0.0,0.0,0.0,0.0,1.0,0.0,0.002430555555555555,0.0,0.0,0.002430555555555555,Transit,Fishing - Purse Seiner
700057506,VESSEL_BRA_003,TW,transit,1.0,purse_seiner,0.9999999710166441,0.0,0.0,0.0,0.0,0.0,0.0,0.0,1.0,0.0,0.002430555555555555,0.0,0.0,0.002430555555555555,Transit,Fishing - Purse Seiner
700057506,VESSEL_BRA_003,TW,transit,1.0,purse_seiner,0.9999999710166441,0.0,0.0,0.0,0.0,0.0,0.0,0.0,1.0,0.0,0.002430555555555555,0.0,0.0,0.002430555555555555,Transit,Fishing - Purse Seiner
700057506,VESSEL_BRA_003,TW,transit,1.0,purse_seiner,0.9999999710166441,0.0,0.0,0.0,0.0,0.0,0.0,0.0,1.0,0.0,0.002430555555555555,0.0,0.0,0.002430555555555555,Transit,Fishing - Purse Seiner
700057506,VESSEL_BRA_003,TW,transit,1.0,purse_seiner,0.9999999710166441,0.0,0.0,0.0,0.0,0.0,0.0,0.0,1.0,0.0,0.002430555555555555,0.0,0.0,0.002430555555555555,Transit,Fishing - Purse Seiner
700057506,VESSEL_BRA_003,TW,transit,1.0,purse_seiner,0.9999999705154832,0.0,0.0,0.0,0.0,0.0,0.0,0.0,1.0,0.0,0.002430555555555555,0.0,0.0,0.002430555555555555,Transit,Fishing - Purse Seiner
700057506,VESSEL_BRA_003,TW,transit,1.0,purse_seiner,0.9999999705154832,0.0,0.0,0.0,0.0,0.0,0.0,0.0,1.0,0.0,0.002430555555555555,0.0,0.0,0.002430555555555555,Transit,Fishing - Purse Seiner
700057506,VESSEL_BRA_003,TW,transit,0.9738888888888889,purse_seiner,0.9999999712788962,0.0,0.0,0.0,0.026111111111111113,0.0,0.0,0.0,0.9738888888888889,0.0,0.43,0.0,0.0,0.43,Transit,Fishing - Purse Seiner
700057506,VESSEL_BRA_003,TW,fishing,0.5855079365079365,purse_seiner,0.9999999712788962,0.0,0.0,0.006666666666666667,0.5855079365079365,0.017555555555555557,0.11144444444444442,0.0,0.27815873015873016,0.0006666666666666668,0.43,0.6,0.0,0.6,Fishing,Fishing - Purse Seiner
700057506,VESSEL_BRA_003,TW,fishing,0.9267222222222222,purse_seiner,0.9999999682126931,0.0,0.0,0.0,0.9267222222222222,0.04027777777777778,0.011666666666666667,0.0,0.021333333333333336,0.0,0.002430555555555555,0.6,0.0,0.6,Fishing,Fishing - Purse Seiner
700057506,VESSEL_BRA_003,TW,fishing,0.95,purse_seiner,0.9999999682126931,0.0,0.0,0.0,0.95,0.043333333333333335,0.006666666666666667,0.0,0.0,0.0,0.002430555555555555,0.6,0.0,0.6,Fishing,Fishing - Purse Seiner
700057506,VESSEL_BRA_003,TW,fishing,0.9555555555555556,purse_seiner,0.9999999677942121,0.0,0.0,0.0,0.9555555555555556,0.03777777777777778,0.006666666666666667,0.0,0.0,0.0,0.002430555555555555,0.6,0.0,0.6,Fishing,Fishing - Purse Seiner
700057506,VESSEL_BRA_003,TW,fishing,0.9426666666666667,purse_seiner,0.9999999677942121,0.0016666666666666668,0.0022222222222222222,0.0011111111111111111,0.9426666666666667,0.043444444444444445,0.006666666666666667,0.0,0.0,0.0022222222222222222,0.002430555555555555,0.6,0.0,0.6,Fishing,Fishing - Purse Seiner
700057506,VESSEL_BRA_003,TW,fishing,0.9256666666666669,purse_seiner,0.9999999680307768,0.0,0.0,0.0016666666666666668,0.9256666666666669,0.03666666666666667,0.011666666666666667,0.0,0.024333333333333335,0.0,0.002430555555555555,0.6,0.0,0.6,Fishing,Fishing - Purse Seiner
700057506,VESSEL_BRA_003,TW,transit,0.9911111111111113,purse_seiner,0.9999999682126931,0.0,0.0,0.0,0.0033333333333333335,0.0033333333333333335,0.0,0.0022222222222222222,0.9911111111111113,0.0,0.002430555555555555,0.0,0.0,0.002430555555555555,Transit,Fishing - Purse Seiner
700057506,VESSEL_BRA_003,TW,transit,1.0,purse_seiner,0.9999999710166441,0.0,0.0,0.0,0.0,0.0,0.0,0.0,1.0,0.0,0.002430555555555555,0.0,0.0,0.002430555555555555,Transit,Fishing - Purse Seiner
700057506,VESSEL_BRA_003,TW,transit,1.0,purse_seiner,0.9999999710166441,0.0,0.0,0.0,0.0,0.0,0.0,0.0,1.0,0.0,0.002430555555555555,0.0,0.0,0.002430555555555555,Transit,Fishing - Purse Seiner
700057506,VESSEL_BRA_003,TW,transit,1.0,purse_seiner,0.9999999710166441,0.0,0.0,0.0,0.0,0.0,0.0,0.0,1.0,0.0,0.002430555555555555,0.0,0.0,0.002430555555555555,Transit,Fishing - Purse Seiner
700057506,VESSEL_BRA_003,TW,transit,1.0,purse_seiner,0.9999999673832516,0.0,0.0,0.0,0.0,0.0,0.0,0.0,1.0,0.0,0.002430555555555555,0.0,0.0,0.002430555555555555,Transit,Fishing - Purse Seiner
700057506,VESSEL_BRA_003,TW,transit,1.0,purse_seiner,0.9999999673832516,0.0,0.0,0.0,0.0,0.0,0.0,0.0,1.0,0.0,0.002430555555555555,0.0,0.0,0.002430555555555555,Transit,Fishing - Purse Seiner
700057506,VESSEL_BRA_003,TW,transit,0.9509444444444445,purse_seiner,0.9999999676630716,0.0,0.0,0.0,0.028277777777777777,0.0044444444444444444,0.006666666666666667,0.0022222222222222222,0.9509444444444445,0.0074444444444444445,0.002430555555555555,0.0,0.0,0.002430555555555555,Transit,Fishing - Purse Seiner
700057506,VESSEL_BRA_003,TW,fishing,0.9161111111111112,purse_seiner,0.9999999680307768,0.0,0.0,0.0,0.9161111111111112,0.04694444444444444,0.010833333333333334,0.0,0.026111111111111113,0.0,0.002430555555555555,0.6,0.0,0.6,Fishing,Fishing - Purse Seiner
700057506,VESSEL_BRA_003,TW,fishing,0.9542222222222224,purse_seiner,0.9999999682126931,0.0,0.0,0.0,0.9542222222222224,0.035777777777777776,0.008333333333333333,0.0,0.0016666666666666668,0.0,0.002430555555555555,0.6,0.0,0.6,Fishing,Fishing - Purse Seiner
700057506,VESSEL_BRA_003,TW,fishing,0.9588888888888889,purse_seiner,0.9999999682126931,0.0,0.0,0.0,0.9588888888888889,0.03444444444444444,0.006666666666666667,0.0,0.0,0.0,0.002430555555555555,0.6,0.0,0.6,Fishing,Fishing - Purse Seiner
700057506,VESSEL_BRA_003,TW,fishing,0.9588888888888889,purse_seiner,0.9999999682126931,0.0,0.0,0.0,0.9588888888888889,0.032777777777777774,0.006666666666666667,0.0016666666666666668,0.0,0.0,0.002430555555555555,0.6,0.0,0.6,Fishing,Fishing - Purse Seiner
700057506,VESSEL_BRA_003,TW,fishing,0.9522222222222223,purse_seiner,0.9999999682126931,0.0,0.0,0.0,0.9522222222222223,0.03777777777777777,0.008333333333333333,0.0,0.0016666666666666668,0.0,0.002430555555555555,0.6,0.0,0.6,Fishing,Fishing - Purse Seiner
700057506,VESSEL_BRA_003,TW,fishing,0.9688888888888889,purse_seiner,0.9999999682126931,0.0,0.0,0.0,0.9688888888888889,0.024444444444444442,0.006666666666666667,0.0,0.0,0.0,0.002430555555555555,0.6,0.0,0.6,Fishing,Fishing - Purse Seiner
700057506,VESSEL_BRA_003,TW,fishing,0.9755555555555556,purse_seiner,0.9999999682126931,0.0,0.0,0.0,0.9755555555555556,0.017777777777777778,0.006666666666666667,0.0,0.0,0.0,0.002430555555555555,0.6,0.0,0.6,Fishing,Fishing - Purse Seiner
700057506,VESSEL_BRA_003,TW,fishing,0.9588888888888889,purse_seiner,0.9999999682126931,0.0,0.0,0.0,0.9588888888888889,0.031111111111111107,0.008333333333333333,0.0,0.0016666666666666668,0.0,0.002430555555555555,0.6,0.0,0.6,Fishing,Fishing - Purse Seiner
700057506,VESSEL_BRA_003,TW,fishing,0.9622222222222223,purse_seiner,0.9999999682126931,0.0,0.0,0.0,0.9622222222222223,0.02611111111111111,0.008333333333333333,0.0016666666666666668,0.0016666666666666668,0.0,0.002430555555555555,0.6,0.0,0.6,Fishing,Fishing - Purse Seiner
700057506,VESSEL_BRA_003,TW,fishing,0.9622222222222223,purse_seiner,0.9999999682126931,0.0,0.0,0.0,0.9622222222222223,0.02611111111111111,0.008333333333333333,0.0016666666666666668,0.0016666666666666668,0.0,0.002430555555555555,0.6,0.0,0.6,Fishing,Fishing - Purse Seiner
700057506,VESSEL_BRA_003,TW,fishing,0.9555555555555556,purse_seiner,0.9999999682126931,0.0,0.0,0.0,0.9555555555555556,0.032777777777777774,0.008333333333333333,0.0016666666666666668,0.0016666666666666668,0.0,0.002430555555555555,0.6,0.0,0.6,Fishing,Fishing - Purse Seiner
700057506,VESSEL_BRA_003,TW,fishing,0.9555555555555556,purse_seiner,0.9999999682126931,0.0,0.0,0.0,0.9555555555555556,0.03611111111111111,0.006666666666666667,0.0016666666666666668,0.0,0.0,0.002430555555555555,0.6,0.0,0.6,Fishing,Fishing - Purse Seiner
700057506,VESSEL_BRA_003,TW,fishing,0.948888888888889,purse_seiner,0.9999999682126931,0.0,0.0,0.0,0.948888888888889,0.04277777777777778,0.006666666666666667,0.0016666666666666668,0.0,0.0,0.002430555555555555,0.6,0.0,0.6,Fishing,Fishing - Purse Seiner
700057506,VESSEL_BRA_003,TW,fishing,0.9522222222222223,purse_seiner,0.9999999682126931,0.0,0.0,0.0,0.9522222222222223,0.03611111111111111,0.008333333333333333,0.0016666666666666668,0.0016666666666666668,0.0,0.002430555555555555,0.6,0.0,0.6,Fishing,Fishing - Purse Seiner
700057506,VESSEL_BRA_003,TW,fishing,0.9588888888888889,purse_seiner,0.9999999682126931,0.0,0.0,0.0,0.9588888888888889,0.031111111111111107,0.008333333333333333,0.0,0.0016666666666666668,0.0,0.002430555555555555,0.6,0.0,0.6,Fishing,Fishing - Purse Seiner
700057506,VESSEL_BRA_003,TW,fishing,0.9588888888888889,purse_seiner,0.9999999682126931,0.0,0.0,0.0,0.9588888888888889,0.03444444444444444,0.006666666666666667,0.0,0.0,0.0,0.002430555555555555,0.6,0.0,0.6,Fishing,Fishing - Purse Seiner
700057506,VESSEL_BRA_003,TW,fishing,0.7254444444444446,purse_seiner,0.9999999680307768,0.0008333333333333334,0.0,0.0006666666666666668,0.7254444444444446,0.06772222222222221,0.01,0.006,0.18766666666666665,0.0016666666666666668,0.002430555555555555,0.6,0.0,0.6,Fishing,Fishing - Purse Seiner
700057506,VESSEL_BRA_003,TW,transit,0.9966666666666667,purse_seiner,0.9999999682126931,0.0,0.0,0.0,0.0,0.0033333333333333335,0.0,0.0,0.9966666666666667,0.0,0.002430555555555555,0.0,0.0,0.002430555555555555,Transit,Fishing - Purse Seiner
700057506,VESSEL_BRA_003,TW,transit,1.0,purse_seiner,0.9999999682127164,0.0,0.0,0.0,0.0,0.0,0.0,0.0,1.0,0.0,0.002430555555555555,0.0,0.0,0.002430555555555555,Transit,Fishing - Purse Seiner
700057506,VESSEL_BRA_003,TW,transit,0.9826666666666669,purse_seiner,0.9999999710166441,0.0033333333333333335,0.002333333333333333,0.0,0.0,0.0,0.0,0.011666666666666665,0.9826666666666669,0.0,0.002430555555555555,0.0,0.0,0.002430555555555555,Transit,Fishing - Purse Seiner
700057506,VESSEL_BRA_003,TW,transit,0.9955555555555556,purse_seiner,0.9999999710166441,0.0,0.0,0.0,0.0,0.0,0.0,0.0044444444444444444,0.9955555555555556,0.0,0.002430555555555555,0.0,0.0,0.002430555555555555,Transit,Fishing - Purse Seiner
700057506,VESSEL_BRA_003,TW,transit,1.0,purse_seiner,0.9999999682127164,0.0,0.0,0.0,0.0,0.0,0.0,0.0,1.0,0.0,0.002430555555555555,0.0,0.0,0.002430555555555555,Transit,Fishing - Purse Seiner
700057506,VESSEL_BRA_003,TW,transit,1.0,purse_seiner,0.9999999710166441,0.0,0.0,0.0,0.0,0.0,0.0,0.0,1.0,0.0,0.002430555555555555,0.0,0.0,0.002430555555555555,Transit,Fishing - Purse Seiner
700057506,VESSEL_BRA_003,TW,transit,1.0,purse_seiner,0.9999999710166441,0.0,0.0,0.0,0.0,0.0,0.0,0.0,1.0,0.0,0.002430555555555555,0.0,0.0,0.002430555555555555,Transit,Fishing - Purse Seiner
700057506,VESSEL_BRA_003,TW,transit,1.0,purse_seiner,0.9999999705154832,0.0,0.0,0.0,0.0,0.0,0.0,0.0,1.0,0.0,0.002430555555555555,0.0,0.0,0.002430555555555555,Transit,Fishing - Purse Seiner
700057506,VESSEL_BRA_003,TW,transit,1.0,purse_seiner,0.9999999673338791,0.0,0.0,0.0,0.0,0.0,0.0,0.0,1.0,0.0,0.002430555555555555,0.0,0.0,0.002430555555555555,Transit,Fishing - Purse Seiner
700057506,VESSEL_BRA_003,TW,transit,1.0,purse_seiner,0.9999999705154832,0.0,0.0,0.0,0.0,0.0,0.0,0.0,1.0,0.0,0.002430555555555555,0.0,0.0,0.002430555555555555,Transit,Fishing - Purse Seiner
700057506,VESSEL_BRA_003,TW,transit,1.0,purse_seiner,0.9999999710166441,0.0,0.0,0.0,0.0,0.0,0.0,0.0,1.0,0.0,0.002430555555555555,0.0,0.0,0.002430555555555555,Transit,Fishing - Purse Seiner
700057506,VESSEL_BRA_003,TW,transit,1.0,purse_seiner,0.9999999710166441,0.0,0.0,0.0,0.0,0.0,0.0,0.0,1.0,0.0,0.002430555555555555,0.0,0.0,0.002430555555555555,Transit,Fishing - Purse Seiner
700057506,VESSEL_BRA_003,TW,transit,1.0,purse_seiner,0.9999999710166441,0.0,0.0,0.0,0.0,0.0,0.0,0.0,1.0,0.0,0.002430555555555555,0.0,0.0,0.002430555555555555,Transit,Fishing - Purse Seiner
700057506,VESSEL_BRA_003,TW,transit,1.0,purse_seiner,0.9999999710166441,0.0,0.0,0.0,0.0,0.0,0.0,0.0,1.0,0.0,0.002430555555555555,0.0,0.0,0.002430555555555555,Transit,Fishing - Purse Seiner
700057506,VESSEL_BRA_003,TW,transit,1.0,purse_seiner,0.9999999710166441,0.0,0.0,0.0,0.0,0.0,0.0,0.0,1.0,0.0,0.002430555555555555,0.0,0.0,0.002430555555555555,Transit,Fishing - Purse Seiner
700057506,VESSEL_BRA_003,TW,transit,1.0,purse_seiner,0.9999999710166441,0.0,0.0,0.0,0.0,0.0,0.0,0.0,1.0,0.0,0.002430555555555555,0.0,0.0,0.002430555555555555,Transit,Fishing - Purse Seiner
700057506,VESSEL_BRA_003,TW,transit,1.0,purse_seiner,0.9999999710166441,0.0,0.0,0.0,0.0,0.0,0.0,0.0,1.0,0.0,0.002430555555555555,0.0,0.0,0.002430555555555555,Transit,Fishing - Purse Seiner
700057506,VESSEL_BRA_003,TW,transit,0.9997411003236247,purse_seiner,0.9999999710166441,0.0,0.0,0.0,0.0001941747572815534,0.0,3.2362459546925564e-05,0.0,0.9997411003236247,3.2362459546925564e-05,0.002430555555555555,0.0,0.0,0.002430555555555555,Transit,Fishing - Purse Seiner
700057506,VESSEL_BRA_003,TW,transit,1.0,purse_seiner,0.9999999710166441,0.0,0.0,0.0,0.0,0.0,0.0,0.0,1.0,0.0,0.002430555555555555,0.0,0.0,0.002430555555555555,Transit,Fishing - Purse Seiner
700057506,VESSEL_BRA_003,TW,transit,1.0,purse_seiner,0.9999999710166441,0.0,0.0,0.0,0.0,0.0,0.0,0.0,1.0,0.0,0.002430555555555555,0.0,0.0,0.002430555555555555,Transit,Fishing - Purse Seiner
700057506,VESSEL_BRA_003,TW,transit,0.9997411003236247,purse_seiner,0.9999999710166441,0.0,0.0,0.0,0.0001941747572815534,0.0,3.2362459546925564e-05,0.0,0.9997411003236247,3.2362459546925564e-05,0.002430555555555555,0.0,0.0,0.002430555555555555,Transit,Fishing - Purse Seiner
700057506,VESSEL_BRA_003,TW,transit,1.0,purse_seiner,0.9999999710166441,0.0,0.0,0.0,0.0,0.0,0.0,0.0,1.0,0.0,0.002430555555555555,0.0,0.0,0.002430555555555555,Transit,Fishing - Purse Seiner
700057506,VESSEL_BRA_003,TW,transit,1.0,purse_seiner,0.9999999710166441,0.0,0.0,0.0,0.0,0.0,0.0,0.0,1.0,0.0,0.002430555555555555,0.0,0.0,0.002430555555555555,Transit,Fishing - Purse Seiner
700057506,VESSEL_BRA_003,TW,transit,1.0,purse_seiner,0.9999999710166441,0.0,0.0,0.0,0.0,0.0,0.0,0.0,1.0,0.0,0.002430555555555555,0.0,0.0,0.002430555555555555,Transit,Fishing - Purse Seiner
700057506,VESSEL_BRA_003,TW,transit,1.0,purse_seiner,0.9999999710166441,0.0,0.0,0.0,0.0,0.0,0.0,0.0,1.0,0.0,0.002430555555555555,0.0,0.0,0.002430555555555555,Transit,Fishing - Purse Seiner
700057506,VESSEL_BRA_003,TW,transit,1.0,purse_seiner,0.9999999710166441,0.0,0.0,0.0,0.0,0.0,0.0,0.0,1.0,0.0,0.002430555555555555,0.0,0.0,0.002430555555555555,Transit,Fishing - Purse Seiner
700057506,VESSEL_BRA_003,TW,transit,1.0,purse_seiner,0.9999999710166441,0.0,0.0,0.0,0.0,0.0,0.0,0.0,1.0,0.0,0.002430555555555555,0.0,0.0,0.002430555555555555,Transit,Fishing - Purse Seiner
700057507,VESSEL_BRA_004,CN,transit,0.9977777777777778,trawler,0.9999999754318355,0.0022222222222222222,0.0,0.0,0.0,0.0,0.0,0.0,0.9977777777777778,0.0,0.002430555555555555,0.0,0.0,0.002430555555555555,Transit,Fishing - Trawler
700057507,VESSEL_BRA_004,CN,transit,1.0,trawler,0.9999999754318355,0.0,0.0,0.0,0.0,0.0,0.0,0.0,1.0,0.0,0.002430555555555555,0.0,0.0,0.002430555555555555,Transit,Fishing - Trawler
700057507,VESSEL_BRA_004,CN,transit,1.0,trawler,0.9999999765843147,0.0,0.0,0.0,0.0,0.0,0.0,0.0,1.0,0.0,0.002430555555555555,0.0,0.0,0.002430555555555555,Transit,Fishing - Trawler
700057507,VESSEL_BRA_004,CN,transit,1.0,trawler,0.9999999754318355,0.0,0.0,0.0,0.0,0.0,0.0,0.0,1.0,0.0,0.002430555555555555,0.0,0.0,0.002430555555555555,Transit,Fishing - Trawler
700057507,VESSEL_BRA_004,CN,fishing,0.8676507936507936,trawler,0.9999999727431411,0.0,0.0,0.0,0.8676507936507936,0.008611111111111111,0.007222222222222222,0.005,0.10407142857142859,0.0074444444444444445,0.002430555555555555,0.4242097294759913,0.0,0.4242097294759913,Fishing,Fishing - Trawler
700057507,VESSEL_BRA_004,CN,fishing,0.9492857142857143,trawler,0.9999999754318355,0.0022222222222222222,0.0,0.0,0.9492857142857143,0.00611111111111111,0.0,0.0033333333333333335,0.02904761904761905,0.01,0.002430555555555555,0.4178331898334172,0.0,0.4178331898334172,Fishing,Fishing - Trawler
700057507,VESSEL_BRA_004,CN,fishing,0.9988888888888889,trawler,0.9999999754318355,0.0,0.0,0.0,0.9988888888888889,0.0,0.0,0.0,0.0011111111111111111,0.0,0.002430555555555555,0.4134218736973066,0.0,0.4134218736973066,Fishing,Fishing - Trawler
700057507,VESSEL_BRA_004,CN,fishing,1.0,trawler,0.9999999754318355,0.0,0.0,0.0,1.0,0.0,0.0,0.0,0.0,0.0,0.002430555555555555,0.41022823676819187,0.0,0.41022823676819187,Fishing,Fishing - Trawler
700057507,VESSEL_BRA_004,CN,fishing,1.0,trawler,0.9999999754318355,0.0,0.0,0.0,1.0,0.0,0.0,0.0,0.0,0.0,0.002430555555555555,0.4072310576777868,0.0,0.4072310576777868,Fishing,Fishing - Trawler
700057507,VESSEL_BRA_004,CN,fishing,1.0,trawler,0.9999999751194104,0.0,0.0,0.0,1.0,0.0,0.0,0.0,0.0,0.0,0.002430555555555555,0.40422094389360863,0.0,0.40422094389360863,Fishing,Fishing - Trawler
700057507,VESSEL_BRA_004,CN,fishing,1.0,trawler,0.9999999751194104,0.0,0.0,0.0,1.0,0.0,0.0,0.0,0.0,0.0,0.002430555555555555,0.4024311455584528,0.0,0.4024311455584528,Fishing,Fishing - Trawler
700057507,VESSEL_BRA_004,CN,fishing,1.0,trawler,0.9999999754318355,0.0,0.0,0.0,1.0,0.0,0.0,0.0,0.0,0.0,0.002430555555555555,0.4034122531503461,0.0,0.4034122531503461,Fishing,Fishing - Trawler
700057507,VESSEL_BRA_004,CN,fishing,1.0,trawler,0.9999999754318355,0.0,0.0,0.0,1.0,0.0,0.0,0.0,0.0,0.0,0.002430555555555555,0.40615942848887077,0.0,0.40615942848887077,Fishing,Fishing - Trawler
700057507,VESSEL_BRA_004,CN,fishing,1.0,trawler,0.9999999754318355,0.0,0.0,0.0,1.0,0.0,0.0,0.0,0.0,0.0,0.002430555555555555,0.40748924737183123,0.0,0.40748924737183123,Fishing,Fishing - Trawler
700057507,VESSEL_BRA_004,CN,fishing,0.9883333333333333,trawler,0.9999999754318355,0.0,0.005555555555555555,0.0,0.9883333333333333,0.002777777777777778,0.0,0.0,0.0033333333333333335,0.0,0.002430555555555555,0.40618547768153884,0.0,0.40618547768153884,Fishing,Fishing - Trawler
700057507,VESSEL_BRA_004,CN,fishing,1.0,trawler,0.9999999754318355,0.0,0.0,0.0,1.0,0.0,0.0,0.0,0.0,0.0,0.002430555555555555,0.4035134824755539,0.0,0.4035134824755539,Fishing,Fishing - Trawler
700057507,VESSEL_BRA_004,CN,fishing,1.0,trawler,0.9999999754318355,0.0,0.0,0.0,1.0,0.0,0.0,0.0,0.0,0.0,0.002430555555555555,0.4009823482173054,0.0,0.4009823482173054,Fishing,Fishing - Trawler
700057507,VESSEL_BRA_004,CN,fishing,1.0,trawler,0.9999999754318355,0.0,0.0,0.0,1.0,0.0,0.0,0.0,0.0,0.0,0.002430555555555555,0.3990770862701551,0.0,0.3990770862701551,Fishing,Fishing - Trawler
700057507,VESSEL_BRA_004,CN,fishing,1.0,trawler,0.9999999754318355,0.0,0.0,0.0,1.0,0.0,0.0,0.0,0.0,0.0,0.002430555555555555,0.3979221055520965,0.0,0.3979221055520965,Fishing,Fishing - Trawler
700057507,VESSEL_BRA_004,CN,fishing,1.0,trawler,0.9999999754318355,0.0,0.0,0.0,1.0,0.0,0.0,0.0,0.0,0.0,0.002430555555555555,0.39638935160165123,0.0,0.39638935160165123,Fishing,Fishing - Trawler
700057507,VESSEL_BRA_004,CN,fishing,1.0,trawler,0.9999999754318355,0.0,0.0,0.0,1.0,0.0,0.0,0.0,0.0,0.0,0.002430555555555555,0.3956945538836677,0.0,0.3956945538836677,Fishing,Fishing - Trawler
700057507,VESSEL_BRA_004,CN,fishing,0.9988888888888887,trawler,0.9999999751194104,0.0,0.0,0.0,0.9988888888888887,0.0011111111111111111,0.0,0.0,0.0,0.0,0.002430555555555555,0.3970858218220561,0.0,0.3970858218220561,Fishing,Fishing - Trawler
700057507,VESSEL_BRA_004,CN,fishing,0.9983333333333333,trawler,0.9999999727431411,0.0,0.0,0.0,0.9983333333333333,0.0,0.0,0.0,0.0016666666666666668,0.0,0.002430555555555555,0.3977793472650105,0.0,0.3977793472650105,Fishing,Fishing - Trawler
700057507,VESSEL_BRA_004,CN,transit,0.9467222222222221,trawler,0.9999999664491437,0.005555555555555555,0.0011111111111111111,0.0,0.028944444444444446,0.0,0.0,0.017666666666666667,0.9467222222222221,0.0,0.002430555555555555,0.0,0.0,0.002430555555555555,Transit,Fishing - Trawler
700057507,VESSEL_BRA_004,CN,transit,1.0,trawler,0.9999999754318355,0.0,0.0,0.0,0.0,0.0,0.0,0.0,1.0,0.0,0.002430555555555555,0.0,0.0,0.002430555555555555,Transit,Fishing - Trawler
700057507,VESSEL_BRA_004,CN,transit,0.9997411003236247,trawler,0.9999999754318355,0.0,0.0,0.0,0.0001941747572815534,0.0,3.2362459546925564e-05,0.0,0.9997411003236247,3.2362459546925564e-05,0.002430555555555555,0.0,0.0,0.002430555555555555,Transit,Fishing - Trawler
700057507,VESSEL_BRA_004,CN,transit,0.9936111111111112,trawler,0.9999999754318355,0.0,0.0,0.0,0.006388888888888888,0.0,0.0,0.0,0.9936111111111112,0.0,0.002430555555555555,0.0,0.0,0.002430555555555555,Transit,Fishing - Trawler
700057507,VESSEL_BRA_004,CN,fishing,0.9530555555555554,trawler,0.9999999727431411,0.0,0.0,0.0,0.9530555555555554,0.0022222222222222222,0.013333333333333334,0.0,0.02972222222222222,0.0016666666666666668,0.002430555555555555,0.37836553719600236,0.0,0.37836553719600236,Fishing,Fishing - Trawler
700057507,VESSEL_BRA_004,CN,fishing,1.0,trawler,0.9999999754318355,0.0,0.0,0.0,1.0,0.0,0.0,0.0,0.0,0.0,0.002430555555555555,0.3761972547802768,0.0,0.3761972547802768,Fishing,Fishing - Trawler
700057507,VESSEL_BRA_004,CN,fishing,1.0,trawler,0.9999999754318355,0.0,0.0,0.0,1.0,0.0,0.0,0.0,0.0,0.0,0.002430555555555555,0.37360134830554115,0.0,0.37360134830554115,Fishing,Fishing - Trawler
700057507,VESSEL_BRA_004,CN,fishing,1.0,trawler,0.9999999754318355,0.0,0.0,0.0,1.0,0.0,0.0,0.0,0.0,0.0,0.002430555555555555,0.37327003257525787,0.0,0.37327003257525787,Fishing,Fishing - Trawler
700057507,VESSEL_BRA_004,CN,fishing,1.0,trawler,0.9999999751194104,0.0,0.0,0.0,1.0,0.0,0.0,0.0,0.0,0.0,0.002430555555555555,0.37489279031602746,0.0,0.37489279031602746,Fishing,Fishing - Trawler
700057507,VESSEL_BRA_004,CN,fishing,1.0,trawler,0.9999999754318355,0.0,0.0,0.0,1.0,0.0,0.0,0.0,0.0,0.0,0.002430555555555555,0.3758814018191318,0.0,0.3758814018191318,Fishing,Fishing - Trawler
700057507,VESSEL_BRA_004,CN,fishing,1.0,trawler,0.9999999754318355,0.0,0.0,0.0,1.0,0.0,0.0,0.0,0.0,0.0,0.002430555555555555,0.3749026142326964,0.0,0.3749026142326964,Fishing,Fishing - Trawler
700057507,VESSEL_BRA_004,CN,fishing,1.0,trawler,0.9999999754318355,0.0,0.0,0.0,1.0,0.0,0.0,0.0,0.0,0.0,0.002430555555555555,0.3719777746107355,0.0,0.3719777746107355,Fishing,Fishing - Trawler
700057507,VESSEL_BRA_004,CN,fishing,1.0,trawler,0.9999999754318355,0.0,0.0,0.0,1.0,0.0,0.0,0.0,0.0,0.0,0.002430555555555555,0.3696981280349224,0.0,0.3696981280349224,Fishing,Fishing - Trawler
700057507,VESSEL_BRA_004,CN,fishing,1.0,trawler,0.9999999754318355,0.0,0.0,0.0,1.0,0.0,0.0,0.0,0.0,0.0,0.002430555555555555,0.36980949204382657,0.0,0.36980949204382657,Fishing,Fishing - Trawler
700057507,VESSEL_BRA_004,CN,fishing,1.0,trawler,0.9999999754318355,0.0,0.0,0.0,1.0,0.0,0.0,0.0,0.0,0.0,0.002430555555555555,0.37027887146002747,0.0,0.37027887146002747,Fishing,Fishing - Trawler
700057507,VESSEL_BRA_004,CN,fishing,1.0,trawler,0.9999999754318355,0.0,0.0,0.0,1.0,0.0,0.0,0.0,0.0,0.0,0.002430555555555555,0.3695225228042836,0.0,0.3695225228042836,Fishing,Fishing - Trawler
700057507,VESSEL_BRA_004,CN,fishing,1.0,trawler,0.9999999754318355,0.0,0.0,0.0,1.0,0.0,0.0,0.0,0.0,0.0,0.002430555555555555,0.369448920221732,0.0,0.369448920221732,Fishing,Fishing - Trawler
700057507,VESSEL_BRA_004,CN,fishing,0.9768333333333333,trawler,0.9999999727431411,0.0008333333333333334,0.0,0.0,0.9768333333333333,0.0011111111111111111,0.0,0.0,0.021222222222222222,0.0,0.002430555555555555,0.37199283184222315,0.0,0.37199283184222315,Fishing,Fishing - Trawler
700057507,VESSEL_BRA_004,CN,transit,0.979010101010101,trawler,0.9999999727431411,0.0,0.0,0.0,0.008,0.0,0.0016666666666666668,0.011323232323232322,0.979010101010101,0.0,0.002430555555555555,0.0,0.0,0.002430555555555555,Transit,Fishing - Trawler
700057507,VESSEL_BRA_004,CN,transit,1.0,trawler,0.9999999754318355,0.0,0.0,0.0,0.0,0.0,0.0,0.0,1.0,0.0,0.002430555555555555,0.0,0.0,0.002430555555555555,Transit,Fishing - Trawler
700057507,VESSEL_BRA_004,CN,transit,1.0,trawler,0.9999999754318355,0.0,0.0,0.0,0.0,0.0,0.0,0.0,1.0,0.0,0.002430555555555555,0.0,0.0,0.002430555555555555,Transit,Fishing - Trawler
700057507,VESSEL_BRA_004,CN,transit,1.0,trawler,0.9999999754318355,0.0,0.0,0.0,0.0,0.0,0.0,0.0,1.0,0.0,0.002430555555555555,0.0,0.0,0.002430555555555555,Transit,Fishing - Trawler
700057507,VESSEL_BRA_004,CN,transit,1.0,trawler,0.9999999754318355,0.0,0.0,0.0,0.0,0.0,0.0,0.0,1.0,0.0,0.002430555555555555,0.0,0.0,0.002430555555555555,Transit,Fishing - Trawler
700057507,VESSEL_BRA_004,CN,transit,1.0,trawler,0.9999999754318355,0.0,0.0,0.0,0.0,0.0,0.0,0.0,1.0,0.0,0.002430555555555555,0.0,0.0,0.002430555555555555,Transit,Fishing - Trawler
700057507,VESSEL_BRA_004,CN,transit,1.0,trawler,0.9999999754318355,0.0,0.0,0.0,0.0,0.0,0.0,0.0,1.0,0.0,0.002430555555555555,0.0,0.0,0.002430555555555555,Transit,Fishing - Trawler
700057507,VESSEL_BRA_004,CN,transit,0.9997411003236247,trawler,0.9999999754318355,0.0,0.0,0.0,0.0001941747572815534,0.0,3.2362459546925564e-05,0.0,0.9997411003236247,3.2362459546925564e-05,0.002430555555555555,0.0,0.0,0.002430555555555555,Transit,Fishing - Trawler
700057507,VESSEL_BRA_004,CN,transit,1.0,trawler,0.9999999754318355,0.0,0.0,0.0,0.0,0.0,0.0,0.0,1.0,0.0,0.002430555555555555,0.0,0.0,0.002430555555555555,Transit,Fishing - Trawler
700057507,VESSEL_BRA_004,CN,transit,1.0,trawler,0.9999999754318355,0.0,0.0,0.0,0.0,0.0,0.0,0.0,1.0,0.0,0.002430555555555555,0.0,0.0,0.002430555555555555,Transit,Fishing - Trawler
700057507,VESSEL_BRA_004,CN,transit,1.0,trawler,0.9999999754318355,0.0,0.0,0.0,0.0,0.0,0.0,0.0,1.0,0.0,0.002430555555555555,0.0,0.0,0.002430555555555555,Transit,Fishing - Trawler
700057507,VESSEL_BRA_004,CN,transit,1.0,trawler,0.9999999754318355,0.0,0.0,0.0,0.0,0.0,0.0,0.0,1.0,0.0,0.002430555555555555,0.0,0.0,0.002430555555555555,Transit,Fishing - Trawler
700057507,VESSEL_BRA_004,CN,transit,1.0,trawler,0.9999999754318355,0.0,0.0,0.0,0.0,0.0,0.0,0.0,1.0,0.0,0.002430555555555555,0.0,0.0,0.002430555555555555,Transit,Fishing - Trawler
700057507,VESSEL_BRA_004,CN,transit,1.0,trawler,0.9999999754318355,0.0,0.0,0.0,0.0,0.0,0.0,0.0,1.0,0.0,0.002430555555555555,0.0,0.0,0.002430555555555555,Transit,Fishing - Trawler
700057507,VESSEL_BRA_004,CN,transit,0.9919444444444445,trawler,0.9999999754318355,0.006388888888888888,0.0016666666666666668,0.0,0.0,0.0,0.0,0.0,0.9919444444444445,0.0,0.002430555555555555,0.0,0.0,0.002430555555555555,Transit,Fishing - Trawler
700057507,VESSEL_BRA_004,CN,transit,1.0,trawler,0.9999999754318355,0.0,0.0,0.0,0.0,0.0,0.0,0.0,1.0,0.0,0.002430555555555555,0.0,0.0,0.002430555555555555,Transit,Fishing - Trawler
700057507,VESSEL_BRA_004,CN,transit,0.9997411003236247,trawler,0.9999999754318355,0.0,0.0,0.0,0.0001941747572815534,0.0,3.2362459546925564e-05,0.0,0.9997411003236247,3.2362459546925564e-05,0.002430555555555555,0.0,0.0,0.002430555555555555,Transit,Fishing - Trawler
700057507,VESSEL_BRA_004,CN,transit,1.0,trawler,0.9999999754318355,0.0,0.0,0.0,0.0,0.0,0.0,0.0,1.0,0.0,0.002430555555555555,0.0,0.0,0.002430555555555555,Transit,Fishing - Trawler
700057507,VESSEL_BRA_004,CN,transit,1.0,trawler,0.9999999754318355,0.0,0.0,0.0,0.0,0.0,0.0,0.0,1.0,0.0,0.002430555555555555,0.0,0.0,0.002430555555555555,Transit,Fishing - Trawler
700057507,VESSEL_BRA_004,CN,transit,1.0,trawler,0.9999999754318355,0.0,0.0,0.0,0.0,0.0,0.0,0.0,1.0,0.0,0.002430555555555555,0.0,0.0,0.002430555555555555,Transit,Fishing - Trawler
700057507,VESSEL_BRA_004,CN,transit,1.0,trawler,0.9999999754318355,0.0,0.0,0.0,0.0,0.0,0.0,0.0,1.0,0.0,0.002430555555555555,0.0,0.0,0.002430555555555555,Transit,Fishing - Trawler
700057507,VESSEL_BRA_004,CN,transit,0.9983333333333333,trawler,0.9999999754318355,0.0016666666666666668,0.0,0.0,0.0,0.0,0.0,0.0,0.9983333333333333,0.0,0.002430555555555555,0.0,0.0,0.002430555555555555,Transit,Fishing - Trawler
700057507,VESSEL_BRA_004,CN,transit,1.0,trawler,0.9999999754318355,0.0,0.0,0.0,0.0,0.0,0.0,0.0,1.0,0.0,0.002430555555555555,0.0,0.0,0.002430555555555555,Transit,Fishing - Trawler
700057507,VESSEL_BRA_004,CN,transit,1.0,trawler,0.9999999754318355,0.0,0.0,0.0,0.0,0.0,0.0,0.0,1.0,0.0,0.002430555555555555,0.0,0.0,0.002430555555555555,Transit,Fishing - Trawler
700057507,VESSEL_BRA_004,CN,transit,1.0,trawler,0.9999999698460269,0.0,0.0,0.0,0.0,0.0,0.0,0.0,1.0,0.0,0.002430555555555555,0.0,0.0,0.002430555555555555,Transit,Fishing - Trawler
700057507,VESSEL_BRA_004,CN,transit,1.0,trawler,0.9999999754318355,0.0,0.0,0.0,0.0,0.0,0.0,0.0,1.0,0.0,0.002430555555555555,0.0,0.0,0.002430555555555555,Transit,Fishing - Trawler
700057507,VESSEL_BRA_004,CN,transit,1.0,trawler,0.9999999754318355,0.0,0.0,0.0,0.0,0.0,0.0,0.0,1.0,0.0,0.002430555555555555,0.0,0.0,0.002430555555555555,Transit,Fishing - Trawler
700057507,VESSEL_BRA_004,CN,transit,1.0,trawler,0.9999999765886999,0.0,0.0,0.0,0.0,0.0,0.0,0.0,1.0,0.0,0.002430555555555555,0.0,0.0,0.002430555555555555,Transit,Fishing - Trawler
700057507,VESSEL_BRA_004,CN,transit,1.0,trawler,0.9999999754318355,0.0,0.0,0.0,0.0,0.0,0.0,0.0,1.0,0.0,0.002430555555555555,0.0,0.0,0.002430555555555555,Transit,Fishing - Trawler
700057507,VESSEL_BRA_004,CN,transit,0.9966666666666667,trawler,0.9999999754318355,0.002666666666666667,0.0006666666666666668,0.0,0.0,0.0,0.0,0.0,0.9966666666666667,0.0,0.002430555555555555,0.0,0.0,0.002430555555555555,Transit,Fishing - Trawler
700057507,VESSEL_BRA_004,CN,transit,0.9883333333333333,trawler,0.9999999754318355,0.011,0.0006666666666666668,0.0,0.0,0.0,0.0,0.0,0.9883333333333333,0.0,0.002430555555555555,0.0,0.0,0.002430555555555555,Transit,Fishing - Trawler
700057507,VESSEL_BRA_004,CN,transit,1.0,trawler,0.9999999705601181,0.0,0.0,0.0,0.0,0.0,0.0,0.0,1.0,0.0,0.002430555555555555,0.0,0.0,0.002430555555555555,Transit,Fishing - Trawler
700057507,VESSEL_BRA_004,CN,transit,1.0,trawler,0.9999999754318355,0.0,0.0,0.0,0.0,0.0,0.0,0.0,1.0,0.0,0.002430555555555555,0.0,0.0,0.002430555555555555,Transit,Fishing - Trawler
700057507,VESSEL_BRA_004,CN,transit,1.0,trawler,0.9999999754318355,0.0,0.0,0.0,0.0,0.0,0.0,0.0,1.0,0.0,0.002430555555555555,0.0,0.0,0.002430555555555555,Transit,Fishing - Trawler
700057507,VESSEL_BRA_004,CN,transit,1.0,trawler,0.9999999754318355,0.0,0.0,0.0,0.0,0.0,0.0,0.0,1.0,0.0,0.002430555555555555,0.0,0.0,0.002430555555555555,Transit,Fishing - Trawler
700057507,VESSEL_BRA_004,CN,transit,1.0,trawler,0.9999999754318355,0.0,0.0,0.0,0.0,0.0,0.0,0.0,1.0,0.0,0.002430555555555555,0.0,0.0,0.002430555555555555,Transit,Fishing - Trawler
700057507,VESSEL_BRA_004,CN,transit,1.0,trawler,0.9999999754318355,0.0,0.0,0.0,0.0,0.0,0.0,0.0,1.0,0.0,0.002430555555555555,0.0,0.0,0.002430555555555555,Transit,Fishing - Trawler
700057507,VESSEL_BRA_004,CN,transit,1.0,trawler,0.9999999754318355,0.0,0.0,0.0,0.0,0.0,0.0,0.0,1.0,0.0,0.002430555555555555,0.0,0.0,0.002430555555555555,Transit,Fishing - Trawler
700057507,VESSEL_BRA_004,CN,transit,0.9988888888888887,trawler,0.9999999754318355,0.0011111111111111111,0.0,0.0,0.0,0.0,0.0,0.0,0.9988888888888887,0.0,0.002430555555555555,0.0,0.0,0.002430555555555555,Transit,Fishing - Trawler
700057507,VESSEL_BRA_004,CN,transit,1.0,trawler,0.9999999754318355,0.0,0.0,0.0,0.0,0.0,0.0,0.0,1.0,0.0,0.002430555555555555,0.0,0.0,0.002430555555555555,Transit,Fishing - Trawler
700057507,VESSEL_BRA_004,CN,transit,1.0,trawler,0.9999999754318355,0.0,0.0,0.0,0.0,0.0,0.0,0.0,1.0,0.0,0.002430555555555555,0.0,0.0,0.002430555555555555,Transit,Fishing - Trawler
700057507,VESSEL_BRA_004,CN,transit,1.0,trawler,0.9999999754318355,0.0,0.0,0.0,0.0,0.0,0.0,0.0,1.0,0.0,0.002430555555555555,0.0,0.0,0.002430555555555555,Transit,Fishing - Trawler
700057507,VESSEL_BRA_004,CN,transit,1.0,trawler,0.9999999754318355,0.0,0.0,0.0,0.0,0.0,0.0,0.0,1.0,0.0,0.002430555555555555,0.0,0.0,0.002430555555555555,Transit,Fishing - Trawler
700057507,VESSEL_BRA_004,CN,transit,0.9997411003236247,trawler,0.9999999754318355,0.0,0.0,0.0,0.0001941747572815534,0.0,3.2362459546925564e-05,0.0,0.9997411003236247,3.2362459546925564e-05,0.002430555555555555,0.0,0.0,0.002430555555555555,Transit,Fishing - Trawler
700057508,VESSEL_BRA_005,TW,transit,1.0,purse_seiner,0.999999977928816,0.0,0.0,0.0,0.0,0.0,0.0,0.0,1.0,0.0,0.002430555555555555,0.0,0.0,0.002430555555555555,Transit,Fishing - Purse Seiner
700057508,VESSEL_BRA_005,TW,transit,1.0,purse_seiner,0.999999977928816,0.0,0.0,0.0,0.0,0.0,0.0,0.0,1.0,0.0,0.002430555555555555,0.0,0.0,0.002430555555555555,Transit,Fishing - Purse Seiner
700057508,VESSEL_BRA_005,TW,transit,1.0,purse_seiner,0.999999977928816,0.0,0.0,0.0,0.0,0.0,0.0,0.0,1.0,0.0,0.002430555555555555,0.0,0.0,0.002430555555555555,Transit,Fishing - Purse Seiner
700057508,VESSEL_BRA_005,TW,transit,1.0,purse_seiner,0.999999977928816,0.0,0.0,0.0,0.0,0.0,0.0,0.0,1.0,0.0,0.002430555555555555,0.0,0.0,0.002430555555555555,Transit,Fishing - Purse Seiner
700057508,VESSEL_BRA_005,TW,transit,1.0,purse_seiner,0.999999977928816,0.0,0.0,0.0,0.0,0.0,0.0,0.0,1.0,0.0,0.002430555555555555,0.0,0.0,0.002430555555555555,Transit,Fishing - Purse Seiner
700057508,VESSEL_BRA_005,TW,transit,0.9700555555555556,purse_seiner,0.999999977928816,0.0,0.0,0.0,0.016055555555555556,0.0,0.013888888888888886,0.0,0.9700555555555556,0.0,0.002430555555555555,0.0,0.0,0.002430555555555555,Transit,Fishing - Purse Seiner
700057508,VESSEL_BRA_005,TW,fishing,0.7656984126984127,purse_seiner,0.999999975655106,0.0,0.0,0.0,0.7656984126984127,0.002666666666666667,0.02753968253968254,0.0,0.20409523809523808,0.0,0.002430555555555555,0.5069188058939188,0.0,0.5069188058939188,Fishing,Fishing - Purse Seiner
700057508,VESSEL_BRA_005,TW,fishing,0.9570751271382341,purse_seiner,0.9999999757935726,0.0,0.0,0.0,0.9570751271382341,0.0,3.2362459546925564e-05,0.0,0.03869348127600555,0.0041990291262135925,0.002430555555555555,0.5145630359348041,0.0,0.5145630359348041,Fishing,Fishing - Purse Seiner
700057508,VESSEL_BRA_005,TW,fishing,1.0,purse_seiner,0.9999999757935726,0.0,0.0,0.0,1.0,0.0,0.0,0.0,0.0,0.0,0.002430555555555555,0.5187996949413318,0.0,0.5187996949413318,Fishing,Fishing - Purse Seiner
700057508,VESSEL_BRA_005,TW,fishing,1.0,purse_seiner,0.9999999757935726,0.0,0.0,0.0,1.0,0.0,0.0,0.0,0.0,0.0,0.002430555555555555,0.5219354572236818,0.0,0.5219354572236818,Fishing,Fishing - Purse Seiner
700057508,VESSEL_BRA_005,TW,fishing,1.0,purse_seiner,0.9999999757935726,0.0,0.0,0.0,1.0,0.0,0.0,0.0,0.0,0.0,0.002430555555555555,0.5240411232195972,0.0,0.5240411232195972,Fishing,Fishing - Purse Seiner
700057508,VESSEL_BRA_005,TW,fishing,1.0,purse_seiner,0.9999999757935726,0.0,0.0,0.0,1.0,0.0,0.0,0.0,0.0,0.0,0.002430555555555555,0.5265350060616213,0.0,0.5265350060616213,Fishing,Fishing - Purse Seiner
700057508,VESSEL_BRA_005,TW,fishing,1.0,purse_seiner,0.9999999757935726,0.0,0.0,0.0,1.0,0.0,0.0,0.0,0.0,0.0,0.002430555555555555,0.5292638507894123,0.0,0.5292638507894123,Fishing,Fishing - Purse Seiner
700057508,VESSEL_BRA_005,TW,fishing,1.0,purse_seiner,0.9999999757935726,0.0,0.0,0.0,1.0,0.0,0.0,0.0,0.0,0.0,0.002430555555555555,0.5317922750635473,0.0,0.5317922750635473,Fishing,Fishing - Purse Seiner
700057508,VESSEL_BRA_005,TW,fishing,1.0,purse_seiner,0.9999999757935726,0.0,0.0,0.0,1.0,0.0,0.0,0.0,0.0,0.0,0.002430555555555555,0.532310773766725,0.0,0.532310773766725,Fishing,Fishing - Purse Seiner
700057508,VESSEL_BRA_005,TW,fishing,1.0,purse_seiner,0.9999999757935726,0.0,0.0,0.0,1.0,0.0,0.0,0.0,0.0,0.0,0.002430555555555555,0.5296787556092282,0.0,0.5296787556092282,Fishing,Fishing - Purse Seiner
700057508,VESSEL_BRA_005,TW,fishing,1.0,purse_seiner,0.9999999757935726,0.0,0.0,0.0,1.0,0.0,0.0,0.0,0.0,0.0,0.002430555555555555,0.5261078674701694,0.0,0.5261078674701694,Fishing,Fishing - Purse Seiner
700057508,VESSEL_BRA_005,TW,fishing,1.0,purse_seiner,0.9999999757935726,0.0,0.0,0.0,1.0,0.0,0.0,0.0,0.0,0.0,0.002430555555555555,0.5227894091317132,0.0,0.5227894091317132,Fishing,Fishing - Purse Seiner
700057508,VESSEL_BRA_005,TW,fishing,1.0,purse_seiner,0.9999999757935726,0.0,0.0,0.0,1.0,0.0,0.0,0.0,0.0,0.0,0.002430555555555555,0.5193243033069046,0.0,0.5193243033069046,Fishing,Fishing - Purse Seiner
700057508,VESSEL_BRA_005,TW,fishing,1.0,purse_seiner,0.9999999757935726,0.0,0.0,0.0,1.0,0.0,0.0,0.0,0.0,0.0,0.002430555555555555,0.5169529520833755,0.0,0.5169529520833755,Fishing,Fishing - Purse Seiner
700057508,VESSEL_BRA_005,TW,fishing,1.0,purse_seiner,0.9999999757935726,0.0,0.0,0.0,1.0,0.0,0.0,0.0,0.0,0.0,0.002430555555555555,0.5179119479308061,0.0,0.5179119479308061,Fishing,Fishing - Purse Seiner
700057508,VESSEL_BRA_005,TW,fishing,0.9961111111111113,purse_seiner,0.9999999757935726,0.0,0.0,0.0,0.9961111111111113,0.0027777777777777775,0.0,0.0,0.0011111111111111111,0.0,0.002430555555555555,0.5192189685729592,0.0,0.5192189685729592,Fishing,Fishing - Purse Seiner
700057508,VESSEL_BRA_005,TW,transit,0.944,purse_seiner,0.9999999756562931,0.02622222222222222,0.0,0.0,0.023388888888888886,0.0,0.0,0.006388888888888888,0.944,0.0,0.002430555555555555,0.0,0.0,0.002430555555555555,Transit,Fishing - Purse Seiner
700057508,VESSEL_BRA_005,TW,transit,1.0,purse_seiner,0.999999977928816,0.0,0.0,0.0,0.0,0.0,0.0,0.0,1.0,0.0,0.002430555555555555,0.0,0.0,0.002430555555555555,Transit,Fishing - Purse Seiner
700057508,VESSEL_BRA_005,TW,transit,1.0,purse_seiner,0.999999977928816,0.0,0.0,0.0,0.0,0.0,0.0,0.0,1.0,0.0,0.002430555555555555,0.0,0.0,0.002430555555555555,Transit,Fishing - Purse Seiner
700057508,VESSEL_BRA_005,TW,transit,1.0,purse_seiner,0.9999999751636386,0.0,0.0,0.0,0.0,0.0,0.0,0.0,1.0,0.0,0.002430555555555555,0.0,0.0,0.002430555555555555,Transit,Fishing - Purse Seiner
700057508,VESSEL_BRA_005,TW,transit,0.9839444444444445,purse_seiner,0.9999999774328373,0.0,0.0,0.0,0.008833333333333334,0.0,0.005555555555555555,0.0,0.9839444444444445,0.0016666666666666668,0.002430555555555555,0.0,0.0,0.002430555555555555,Transit,Fishing - Purse Seiner
700057508,VESSEL_BRA_005,TW,fishing,0.94375,purse_seiner,0.9999999756562931,0.0,0.0,0.0,0.94375,0.018055555555555554,0.0,0.0033333333333333335,0.011777777777777778,0.02308333333333333,0.002430555555555555,0.48972189770476865,0.0,0.48972189770476865,Fishing,Fishing - Purse Seiner
700057508,VESSEL_BRA_005,TW,fishing,1.0,purse_seiner,0.9999999757935726,0.0,0.0,0.0,1.0,0.0,0.0,0.0,0.0,0.0,0.002430555555555555,0.49109078288405994,0.0,0.49109078288405994,Fishing,Fishing - Purse Seiner
700057508,VESSEL_BRA_005,TW,fishing,0.9927777777777778,purse_seiner,0.9999999754981183,0.0,0.0,0.0,0.9927777777777778,0.0016666666666666668,0.0,0.0,0.0038888888888888883,0.0016666666666666668,0.002430555555555555,0.49400966739309815,0.0,0.49400966739309815,Fishing,Fishing - Purse Seiner
700057508,VESSEL_BRA_005,TW,fishing,0.99,purse_seiner,0.9999999750750697,0.0,0.0,0.0016666666666666668,0.99,0.0,0.0,0.0,0.0,0.008333333333333333,0.002430555555555555,0.49629687735369127,0.0,0.49629687735369127,Fishing,Fishing - Purse Seiner
700057508,VESSEL_BRA_005,TW,fishing,1.0,purse_seiner,0.9999999757935726,0.0,0.0,0.0,1.0,0.0,0.0,0.0,0.0,0.0,0.002430555555555555,0.49801117001324235,0.0,0.49801117001324235,Fishing,Fishing - Purse Seiner
700057508,VESSEL_BRA_005,TW,fishing,0.9983333333333333,purse_seiner,0.9999999757935726,0.0,0.0,0.0,0.9983333333333333,0.0016666666666666668,0.0,0.0,0.0,0.0,0.002430555555555555,0.4992341444215215,0.0,0.4992341444215215,Fishing,Fishing - Purse Seiner
700057508,VESSEL_BRA_005,TW,fishing,1.0,purse_seiner,0.9999999757935726,0.0,0.0,0.0,1.0,0.0,0.0,0.0,0.0,0.0,0.002430555555555555,0.49846591648244015,0.0,0.49846591648244015,Fishing,Fishing - Purse Seiner
700057508,VESSEL_BRA_005,TW,fishing,0.9424563492063491,purse_seiner,0.9999999757935726,0.0037777777777777775,0.01122222222222222,0.016626984126984126,0.9424563492063491,0.008373015873015872,0.0016666666666666668,0.002833333333333333,0.013043650793650793,0.0,0.002430555555555555,0.49562894490191506,0.0,0.49562894490191506,Fishing,Fishing - Purse Seiner
700057508,VESSEL_BRA_005,TW,fishing,1.0,purse_seiner,0.9999999757935726,0.0,0.0,0.0,1.0,0.0,0.0,0.0,0.0,0.0,0.002430555555555555,0.4924443771095035,0.0,0.4924443771095035,Fishing,Fishing - Purse Seiner
700057508,VESSEL_BRA_005,TW,fishing,1.0,purse_seiner,0.9999999757935726,0.0,0.0,0.0,1.0,0.0,0.0,0.0,0.0,0.0,0.002430555555555555,0.4911287076077696,0.0,0.4911287076077696,Fishing,Fishing - Purse Seiner
700057508,VESSEL_BRA_005,TW,fishing,1.0,purse_seiner,0.9999999757935726,0.0,0.0,0.0,1.0,0.0,0.0,0.0,0.0,0.0,0.002430555555555555,0.4930451062630071,0.0,0.4930451062630071,Fishing,Fishing - Purse Seiner
700057508,VESSEL_BRA_005,TW,fishing,0.8150277777777777,purse_seiner,0.9999999756550885,0.0016666666666666668,0.0,0.0,0.8150277777777777,0.012111111111111112,0.0008333333333333334,0.0022222222222222222,0.16216666666666668,0.005972222222222222,0.002430555555555555,0.4974411412447374,0.0,0.4974411412447374,Fishing,Fishing - Purse Seiner
700057508,VESSEL_BRA_005,TW,transit,0.9966666666666667,purse_seiner,0.9999999757935903,0.0,0.0,0.0,0.0011111111111111111,0.0022222222222222222,0.0,0.0,0.9966666666666667,0.0,0.002430555555555555,0.0,0.0,0.002430555555555555,Transit,Fishing - Purse Seiner
700057508,VESSEL_BRA_005,TW,transit,0.9997411003236247,purse_seiner,0.9999999782970401,0.0,0.0,0.0,0.0001941747572815534,0.0,3.2362459546925564e-05,0.0,0.9997411003236247,3.2362459546925564e-05,0.002430555555555555,0.0,0.0,0.002430555555555555,Transit,Fishing - Purse Seiner
700057508,VESSEL_BRA_005,TW,transit,1.0,purse_seiner,0.9999999781958007,0.0,0.0,0.0,0.0,0.0,0.0,0.0,1.0,0.0,0.002430555555555555,0.0,0.0,0.002430555555555555,Transit,Fishing - Purse Seiner
700057508,VESSEL_BRA_005,TW,transit,1.0,purse_seiner,0.9999999782970401,0.0,0.0,0.0,0.0,0.0,0.0,0.0,1.0,0.0,0.002430555555555555,0.0,0.0,0.002430555555555555,Transit,Fishing - Purse Seiner
700057508,VESSEL_BRA_005,TW,transit,1.0,purse_seiner,0.999999977928816,0.0,0.0,0.0,0.0,0.0,0.0,0.0,1.0,0.0,0.002430555555555555,0.0,0.0,0.002430555555555555,Transit,Fishing - Purse Seiner
700057508,VESSEL_BRA_005,TW,transit,1.0,purse_seiner,0.999999977928816,0.0,0.0,0.0,0.0,0.0,0.0,0.0,1.0,0.0,0.002430555555555555,0.0,0.0,0.002430555555555555,Transit,Fishing - Purse Seiner
700057508,VESSEL_BRA_005,TW,transit,1.0,purse_seiner,0.999999977928816,0.0,0.0,0.0,0.0,0.0,0.0,0.0,1.0,0.0,0.002430555555555555,0.0,0.0,0.002430555555555555,Transit,Fishing - Purse Seiner
700057508,VESSEL_BRA_005,TW,transit,1.0,purse_seiner,0.9999999775766378,0.0,0.0,0.0,0.0,0.0,0.0,0.0,1.0,0.0,0.002430555555555555,0.0,0.0,0.002430555555555555,Transit,Fishing - Purse Seiner
700057508,VESSEL_BRA_005,TW,transit,1.0,purse_seiner,0.9999999775766378,0.0,0.0,0.0,0.0,0.0,0.0,0.0,1.0,0.0,0.002430555555555555,0.0,0.0,0.002430555555555555,Transit,Fishing - Purse Seiner
700057508,VESSEL_BRA_005,TW,transit,1.0,purse_seiner,0.999999977928816,0.0,0.0,0.0,0.0,0.0,0.0,0.0,1.0,0.0,0.002430555555555555,0.0,0.0,0.002430555555555555,Transit,Fishing - Purse Seiner
700057508,VESSEL_BRA_005,TW,transit,1.0,purse_seiner,0.999999977928816,0.0,0.0,0.0,0.0,0.0,0.0,0.0,1.0,0.0,0.002430555555555555,0.0,0.0,0.002430555555555555,Transit,Fishing - Purse Seiner
700057508,VESSEL_BRA_005,TW,transit,1.0,purse_seiner,0.999999977928816,0.0,0.0,0.0,0.0,0.0,0.0,0.0,1.0,0.0,0.002430555555555555,0.0,0.0,0.002430555555555555,Transit,Fishing - Purse Seiner
700057508,VESSEL_BRA_005,TW,transit,1.0,purse_seiner,0.999999977928816,0.0,0.0,0.0,0.0,0.0,0.0,0.0,1.0,0.0,0.002430555555555555,0.0,0.0,0.002430555555555555,Transit,Fishing - Purse Seiner
700057508,VESSEL_BRA_005,TW,transit,1.0,purse_seiner,0.999999977928816,0.0,0.0,0.0,0.0,0.0,0.0,0.0,1.0,0.0,0.002430555555555555,0.0,0.0,0.002430555555555555,Transit,Fishing - Purse Seiner
700057508,VESSEL_BRA_005,TW,transit,1.0,purse_seiner,0.999999977928816,0.0,0.0,0.0,0.0,0.0,0.0,0.0,1.0,0.0,0.002430555555555555,0.0,0.0,0.002430555555555555,Transit,Fishing - Purse Seiner
700057508,VESSEL_BRA_005,TW,transit,0.9997411003236247,purse_seiner,0.999999977928816,0.0,0.0,0.0,0.0001941747572815534,0.0,3.2362459546925564e-05,0.0,0.9997411003236247,3.2362459546925564e-05,0.002430555555555555,0.0,0.0,0.002430555555555555,Transit,Fishing - Purse Seiner
700057508,VESSEL_BRA_005,TW,transit,0.9997411003236247,purse_seiner,0.9999999775766378,0.0,0.0,0.0,0.0001941747572815534,0.0,3.2362459546925564e-05,0.0,0.9997411003236247,3.2362459546925564e-05,0.002430555555555555,0.0,0.0,0.002430555555555555,Transit,Fishing - Purse Seiner
700057508,VESSEL_BRA_005,TW,transit,1.0,purse_seiner,0.9999999775766378,0.0,0.0,0.0,0.0,0.0,0.0,0.0,1.0,0.0,0.002430555555555555,0.0,0.0,0.002430555555555555,Transit,Fishing - Purse Seiner
700057508,VESSEL_BRA_005,TW,transit,0.9997411003236247,purse_seiner,0.999999977928816,0.0,0.0,0.0,0.0001941747572815534,0.0,3.2362459546925564e-05,0.0,0.9997411003236247,3.2362459546925564e-05,0.002430555555555555,0.0,0.0,0.002430555555555555,Transit,Fishing - Purse Seiner
700057508,VESSEL_BRA_005,TW,transit,1.0,purse_seiner,0.999999977928816,0.0,0.0,0.0,0.0,0.0,0.0,0.0,1.0,0.0,0.002430555555555555,0.0,0.0,0.002430555555555555,Transit,Fishing - Purse Seiner
700057508,VESSEL_BRA_005,TW,transit,1.0,purse_seiner,0.999999977928816,0.0,0.0,0.0,0.0,0.0,0.0,0.0,1.0,0.0,0.002430555555555555,0.0,0.0,0.002430555555555555,Transit,Fishing - Purse Seiner
700057508,VESSEL_BRA_005,TW,transit,1.0,purse_seiner,0.999999977928816,0.0,0.0,0.0,0.0,0.0,0.0,0.0,1.0,0.0,0.002430555555555555,0.0,0.0,0.002430555555555555,Transit,Fishing - Purse Seiner
700057508,VESSEL_BRA_005,TW,transit,1.0,purse_seiner,0.999999977928816,0.0,0.0,0.0,0.0,0.0,0.0,0.0,1.0,0.0,0.002430555555555555,0.0,0.0,0.002430555555555555,Transit,Fishing - Purse Seiner
700057508,VESSEL_BRA_005,TW,transit,1.0,purse_seiner,0.999999977928816,0.0,0.0,0.0,0.0,0.0,0.0,0.0,1.0,0.0,0.002430555555555555,0.0,0.0,0.002430555555555555,Transit,Fishing - Purse Seiner
700057508,VESSEL_BRA_005,TW,transit,0.9983333333333333,purse_seiner,0.999999977928816,0.0,0.0,0.0,0.0,0.0,0.0,0.0016666666666666668,0.9983333333333333,0.0,0.002430555555555555,0.0,0.0,0.002430555555555555,Transit,Fishing - Purse Seiner
700057508,VESSEL_BRA_005,TW,transit,1.0,purse_seiner,0.999999977928816,0.0,0.0,0.0,0.0,0.0,0.0,0.0,1.0,0.0,0.002430555555555555,0.0,0.0,0.002430555555555555,Transit,Fishing - Purse Seiner
700057508,VESSEL_BRA_005,TW,transit,1.0,purse_seiner,0.999999977928816,0.0,0.0,0.0,0.0,0.0,0.0,0.0,1.0,0.0,0.002430555555555555,0.0,0.0,0.002430555555555555,Transit,Fishing - Purse Seiner
700057508,VESSEL_BRA_005,TW,transit,0.9997411003236247,purse_seiner,0.999999977928816,0.0,0.0,0.0,0.0001941747572815534,0.0,3.2362459546925564e-05,0.0,0.9997411003236247,3.2362459546925564e-05,0.002430555555555555,0.0,0.0,0.002430555555555555,Transit,Fishing - Purse Seiner
700057508,VESSEL_BRA_005,TW,transit,0.9975,purse_seiner,0.999999977928816,0.0,0.0,0.0,0.0,0.0,0.0025,0.0,0.9975,0.0,0.002430555555555555,0.0,0.0,0.002430555555555555,Transit,Fishing - Purse Seiner
700057508,VESSEL_BRA_005,TW,transit,1.0,purse_seiner,0.999999977928816,0.0,0.0,0.0,0.0,0.0,0.0,0.0,1.0,0.0,0.002430555555555555,0.0,0.0,0.002430555555555555,Transit,Fishing - Purse Seiner
700057508,VESSEL_BRA_005,TW,transit,0.9997411003236247,purse_seiner,0.9999999757935903,0.0,0.0,0.0,0.0001941747572815534,0.0,3.2362459546925564e-05,0.0,0.9997411003236247,3.2362459546925564e-05,0.002430555555555555,0.0,0.0,0.002430555555555555,Transit,Fishing - Purse Seiner
700057508,VESSEL_BRA_005,TW,transit,1.0,purse_seiner,0.999999977928816,0.0,0.0,0.0,0.0,0.0,0.0,0.0,1.0,0.0,0.002430555555555555,0.0,0.0,0.002430555555555555,Transit,Fishing - Purse Seiner
700057508,VESSEL_BRA_005,TW,transit,1.0,purse_seiner,0.999999977928816,0.0,0.0,0.0,0.0,0.0,0.0,0.0,1.0,0.0,0.002430555555555555,0.0,0.0,0.002430555555555555,Transit,Fishing - Purse Seiner
700057508,VESSEL_BRA_005,TW,transit,1.0,purse_seiner,0.999999977928816,0.0,0.0,0.0,0.0,0.0,0.0,0.0,1.0,0.0,0.002430555555555555,0.0,0.0,0.002430555555555555,Transit,Fishing - Purse Seiner
700057508,VESSEL_BRA_005,TW,transit,1.0,purse_seiner,0.999999977928816,0.0,0.0,0.0,0.0,0.0,0.0,0.0,1.0,0.0,0.002430555555555555,0.0,0.0,0.002430555555555555,Transit,Fishing - Purse Seiner
700057508,VESSEL_BRA_005,TW,transit,1.0,purse_seiner,0.999999977928816,0.0,0.0,0.0,0.0,0.0,0.0,0.0,1.0,0.0,0.002430555555555555,0.0,0.0,0.002430555555555555,Transit,Fishing - Purse Seiner
700057508,VESSEL_BRA_005,TW,transit,1.0,purse_seiner,0.999999977928816,0.0,0.0,0.0,0.0,0.0,0.0,0.0,1.0,0.0,0.002430555555555555,0.0,0.0,0.002430555555555555,Transit,Fishing - Purse Seiner
700057508,VESSEL_BRA_005,TW,transit,1.0,purse_seiner,0.999999977928816,0.0,0.0,0.0,0.0,0.0,0.0,0.0,1.0,0.0,0.002430555555555555,0.0,0.0,0.002430555555555555,Transit,Fishing - Purse Seiner
700057508,VESSEL_BRA_005,TW,transit,1.0,purse_seiner,0.999999977928816,0.0,0.0,0.0,0.0,0.0,0.0,0.0,1.0,0.0,0.002430555555555555,0.0,0.0,0.002430555555555555,Transit,Fishing - Purse Seiner
700057508,VESSEL_BRA_005,TW,transit,1.0,purse_seiner,0.999999977928816,0.0,0.0,0.0,0.0,0.0,0.0,0.0,1.0,0.0,0.002430555555555555,0.0,0.0,0.002430555555555555,Transit,Fishing - Purse Seiner
700057508,VESSEL_BRA_005,TW,transit,1.0,purse_seiner,0.999999977928816,0.0,0.0,0.0,0.0,0.0,0.0,0.0,1.0,0.0,0.002430555555555555,0.0,0.0,0.002430555555555555,Transit,Fishing - Purse Seiner
700057508,VESSEL_BRA_005,TW,transit,1.0,purse_seiner,0.999999977928816,0.0,0.0,0.0,0.0,0.0,0.0,0.0,1.0,0.0,0.002430555555555555,0.0,0.0,0.002430555555555555,Transit,Fishing - Purse Seiner
700057508,VESSEL_BRA_005,TW,transit,0.9944444444444446,purse_seiner,0.999999977928816,0.0,0.0,0.0,0.0,0.0016666666666666668,0.0038888888888888883,0.0,0.9944444444444446,0.0,0.002430555555555555,0.0,0.0,0.002430555555555555,Transit,Fishing - Purse Seiner
700057508,VESSEL_BRA_005,TW,transit,1.0,purse_seiner,0.999999977928816,0.0,0.0,0.0,0.0,0.0,0.0,0.0,1.0,0.0,0.002430555555555555,0.0,0.0,0.002430555555555555,Transit,Fishing - Purse Seiner
700057508,VESSEL_BRA_005,TW,transit,1.0,purse_seiner,0.999999977928816,0.0,0.0,0.0,0.0,0.0,0.0,0.0,1.0,0.0,0.002430555555555555,0.0,0.0,0.002430555555555555,Transit,Fishing - Purse Seiner
700057508,VESSEL_BRA_005,TW,transit,1.0,purse_seiner,0.999999977928816,0.0,0.0,0.0,0.0,0.0,0.0,0.0,1.0,0.0,0.002430555555555555,0.0,0.0,0.002430555555555555,Transit,Fishing - Purse Seiner
700057509,VESSEL_BRA_006,BR,transit,1.0,purse_seiner,0.999999977928816,0.0,0.0,0.0,0.0,0.0,0.0,0.0,1.0,0.0,0.002430555555555555,0.0,0.0,0.002430555555555555,Transit,Fishing - Purse Seiner
700057509,VESSEL_BRA_006,BR,transit,1.0,purse_seiner,0.999999977928816,0.0,0.0,0.0,0.0,0.0,0.0,0.0,1.0,0.0,0.002430555555555555,0.0,0.0,0.002430555555555555,Transit,Fishing - Purse Seiner
700057509,VESSEL_BRA_006,BR,transit,1.0,purse_seiner,0.999999977928816,0.0,0.0,0.0,0.0,0.0,0.0,0.0,1.0,0.0,0.002430555555555555,0.0,0.0,0.002430555555555555,Transit,Fishing - Purse Seiner
700057509,VESSEL_BRA_006,BR,transit,1.0,purse_seiner,0.999999977928816,0.0,0.0,0.0,0.0,0.0,0.0,0.0,1.0,0.0,0.002430555555555555,0.0,0.0,0.002430555555555555,Transit,Fishing - Purse Seiner
700057509,VESSEL_BRA_006,BR,transit,1.0,purse_seiner,0.999999977928816,0.0,0.0,0.0,0.0,0.0,0.0,0.0,1.0,0.0,0.002430555555555555,0.0,0.0,0.002430555555555555,Transit,Fishing - Purse Seiner
700057509,VESSEL_BRA_006,BR,transit,1.0,purse_seiner,0.999999977928816,0.0,0.0,0.0,0.0,0.0,0.0,0.0,1.0,0.0,0.002430555555555555,0.0,0.0,0.002430555555555555,Transit,Fishing - Purse Seiner
700057509,VESSEL_BRA_006,BR,transit,1.0,purse_seiner,0.999999977928816,0.0,0.0,0.0,0.0,0.0,0.0,0.0,1.0,0.0,0.002430555555555555,0.0,0.0,0.002430555555555555,Transit,Fishing - Purse Seiner
700057509,VESSEL_BRA_006,BR,transit,0.9997411003236247,purse_seiner,0.9999999775766378,0.0,0.0,0.0,0.0001941747572815534,0.0,3.2362459546925564e-05,0.0,0.9997411003236247,3.2362459546925564e-05,0.002430555555555555,0.0,0.0,0.002430555555555555,Transit,Fishing - Purse Seiner
700057509,VESSEL_BRA_006,BR,transit,0.9386299892125135,purse_seiner,0.9999999775766378,0.0033333333333333335,0.0,0.0,0.03352750809061489,0.0011111111111111111,0.017810140237324704,0.0,0.9386299892125135,0.005587918015102481,0.002430555555555555,0.0,0.0,0.002430555555555555,Transit,Fishing - Purse Seiner
700057509,VESSEL_BRA_006,BR,fishing,0.9372002583979329,purse_seiner,0.9999999756562931,0.0,0.0,0.0,0.9372002583979329,0.01335529715762274,0.0022222222222222222,0.0,0.04027777777777778,0.006944444444444443,0.002430555555555555,0.6,0.0,0.6,Fishing,Fishing - Purse Seiner
700057509,VESSEL_BRA_006,BR,fishing,0.9969224806201551,purse_seiner,0.9999999757935726,0.0,0.0,0.0,0.9969224806201551,0.0014108527131782946,0.0,0.0,0.0,0.0016666666666666668,0.002430555555555555,0.6,0.0,0.6,Fishing,Fishing - Purse Seiner
700057509,VESSEL_BRA_006,BR,fishing,0.9725,purse_seiner,0.9999999750660546,0.0,0.0,0.0,0.9725,0.020833333333333332,0.0,0.0,0.0,0.006666666666666667,0.002430555555555555,0.6,0.0,0.6,Fishing,Fishing - Purse Seiner
700057509,VESSEL_BRA_006,BR,fishing,0.9737222222222223,purse_seiner,0.999999975075057,0.0,0.0,0.0,0.9737222222222223,0.02311111111111111,0.0,0.0016666666666666668,0.0,0.0015,0.002430555555555555,0.6,0.0,0.6,Fishing,Fishing - Purse Seiner
700057509,VESSEL_BRA_006,BR,fishing,0.9999224806201551,purse_seiner,0.9999999757935726,0.0,0.0,0.0,0.9999224806201551,7.751937984496124e-05,0.0,0.0,0.0,0.0,0.002430555555555555,0.6,0.0,0.6,Fishing,Fishing - Purse Seiner
700057509,VESSEL_BRA_006,BR,fishing,0.9999224806201551,purse_seiner,0.9999999757935726,0.0,0.0,0.0,0.9999224806201551,7.751937984496124e-05,0.0,0.0,0.0,0.0,0.002430555555555555,0.6,0.0,0.6,Fishing,Fishing - Purse Seiner
700057509,VESSEL_BRA_006,BR,fishing,0.9999224806201551,purse_seiner,0.9999999757935726,0.0,0.0,0.0,0.9999224806201551,7.751937984496124e-05,0.0,0.0,0.0,0.0,0.002430555555555555,0.6,0.0,0.6,Fishing,Fishing - Purse Seiner
700057509,VESSEL_BRA_006,BR,fishing,0.9999224806201551,purse_seiner,0.9999999757935726,0.0,0.0,0.0,0.9999224806201551,7.751937984496124e-05,0.0,0.0,0.0,0.0,0.002430555555555555,0.6,0.0,0.6,Fishing,Fishing - Purse Seiner
700057509,VESSEL_BRA_006,BR,fishing,0.9999224806201551,purse_seiner,0.9999999757935726,0.0,0.0,0.0,0.9999224806201551,7.751937984496124e-05,0.0,0.0,0.0,0.0,0.002430555555555555,0.6,0.0,0.6,Fishing,Fishing - Purse Seiner
700057509,VESSEL_BRA_006,BR,fishing,0.997422480620155,purse_seiner,0.9999999754981183,0.0,0.0,0.0,0.997422480620155,7.751937984496124e-05,0.0,0.0016666666666666668,0.0,0.0008333333333333334,0.002430555555555555,0.6,0.0,0.6,Fishing,Fishing - Purse Seiner
700057509,VESSEL_BRA_006,BR,fishing,0.9882558139534884,purse_seiner,0.9999999754981183,0.0,0.0,0.0,0.9882558139534884,0.008410852713178294,0.0,0.0,0.0,0.0033333333333333335,0.002430555555555555,0.6,0.0,0.6,Fishing,Fishing - Purse Seiner
700057509,VESSEL_BRA_006,BR,fishing,0.9807558139534884,purse_seiner,0.9999999750660546,0.0,0.0,0.0,0.9807558139534884,0.012577519379844962,0.0,0.0,0.0033333333333333335,0.0033333333333333335,0.002430555555555555,0.6,0.0,0.6,Fishing,Fishing - Purse Seiner
700057509,VESSEL_BRA_006,BR,fishing,0.9812558139534883,purse_seiner,0.999999975075057,0.0,0.0,0.0,0.9812558139534883,0.018744186046511627,0.0,0.0,0.0,0.0,0.002430555555555555,0.6,0.0,0.6,Fishing,Fishing - Purse Seiner
700057509,VESSEL_BRA_006,BR,fishing,0.9999224806201551,purse_seiner,0.9999999754981183,0.0,0.0,0.0,0.9999224806201551,7.751937984496124e-05,0.0,0.0,0.0,0.0,0.002430555555555555,0.6,0.0,0.6,Fishing,Fishing - Purse Seiner
700057509,VESSEL_BRA_006,BR,fishing,0.9999224806201551,purse_seiner,0.9999999757935726,0.0,0.0,0.0,0.9999224806201551,7.751937984496124e-05,0.0,0.0,0.0,0.0,0.002430555555555555,0.6,0.0,0.6,Fishing,Fishing - Purse Seiner
700057509,VESSEL_BRA_006,BR,fishing,0.9999224806201551,purse_seiner,0.9999999757935726,0.0,0.0,0.0,0.9999224806201551,7.751937984496124e-05,0.0,0.0,0.0,0.0,0.002430555555555555,0.6,0.0,0.6,Fishing,Fishing - Purse Seiner
700057509,VESSEL_BRA_006,BR,fishing,0.9999224806201551,purse_seiner,0.9999999757935726,0.0,0.0,0.0,0.9999224806201551,7.751937984496124e-05,0.0,0.0,0.0,0.0,0.002430555555555555,0.6,0.0,0.6,Fishing,Fishing - Purse Seiner
700057509,VESSEL_BRA_006,BR,fishing,0.9915891472868217,purse_seiner,0.9999999757935726,0.0,0.0,0.0011111111111111111,0.9915891472868217,0.003410852713178295,0.0,0.0,0.0,0.0038888888888888883,0.002430555555555555,0.6,0.0,0.6,Fishing,Fishing - Purse Seiner
700057509,VESSEL_BRA_006,BR,fishing,0.9999224806201551,purse_seiner,0.9999999757935726,0.0,0.0,0.0,0.9999224806201551,7.751937984496124e-05,0.0,0.0,0.0,0.0,0.002430555555555555,0.6,0.0,0.6,Fishing,Fishing - Purse Seiner
700057509,VESSEL_BRA_006,BR,fishing,0.9854780361757107,purse_seiner,0.9999999757935726,0.0,0.0016666666666666668,0.0,0.9854780361757107,7.751937984496124e-05,0.0,0.0033333333333333335,0.0016666666666666668,0.007777777777777777,0.002430555555555555,0.6,0.0,0.6,Fishing,Fishing - Purse Seiner
700057509,VESSEL_BRA_006,BR,fishing,0.9823388775996589,purse_seiner,0.9999999757935726,0.0008333333333333334,0.0022222222222222222,0.0,0.9823388775996589,0.001744186046511628,3.2362459546925564e-05,0.0,0.0069633225458468175,0.005865695792880259,0.002430555555555555,0.6,0.0,0.6,Fishing,Fishing - Purse Seiner
700057509,VESSEL_BRA_006,BR,fishing,0.9999224806201551,purse_seiner,0.9999999754981183,0.0,0.0,0.0,0.9999224806201551,7.751937984496124e-05,0.0,0.0,0.0,0.0,0.002430555555555555,0.6,0.0,0.6,Fishing,Fishing - Purse Seiner
700057509,VESSEL_BRA_006,BR,fishing,0.9853333333333334,purse_seiner,0.9999999754981183,0.0,0.0,0.0,0.9853333333333334,0.0,0.011666666666666667,0.0,0.003,0.0,0.002430555555555555,0.6,0.0,0.6,Fishing,Fishing - Purse Seiner
700057509,VESSEL_BRA_006,BR,fishing,0.9854780361757105,purse_seiner,0.9999999754981183,0.0,0.0,0.0,0.9854780361757105,0.012855297157622738,0.0,0.0,0.0,0.0016666666666666668,0.002430555555555555,0.6,0.0,0.6,Fishing,Fishing - Purse Seiner
700057509,VESSEL_BRA_006,BR,fishing,0.9965891472868217,purse_seiner,0.9999999757935726,0.0,0.0,0.0,0.9965891472868217,0.003410852713178295,0.0,0.0,0.0,0.0,0.002430555555555555,0.6,0.0,0.6,Fishing,Fishing - Purse Seiner
700057509,VESSEL_BRA_006,BR,fishing,0.9935891472868218,purse_seiner,0.9999999757935726,0.0,0.0,0.0,0.9935891472868218,0.004744186046511628,0.0,0.0,0.0,0.0016666666666666668,0.002430555555555555,0.6,0.0,0.6,Fishing,Fishing - Purse Seiner
700057509,VESSEL_BRA_006,BR,fishing,0.9807558139534884,purse_seiner,0.9999999757935726,0.0,0.0,0.0,0.9807558139534884,0.0036886304909560723,0.0033333333333333335,0.0,0.009722222222222222,0.0025,0.002430555555555555,0.6,0.0,0.6,Fishing,Fishing - Purse Seiner
700057509,VESSEL_BRA_006,BR,transit,0.8263965970902325,purse_seiner,0.9999999756550885,0.006213991769547325,0.007,0.0067619047619047615,0.09021982998061118,0.031865585223466365,3.2362459546925564e-05,0.017111111111111108,0.8263965970902325,0.014398617603579848,0.002430555555555555,0.0,0.0,0.002430555555555555,Transit,Fishing - Purse Seiner
700057509,VESSEL_BRA_006,BR,transit,1.0,purse_seiner,0.9999999757935903,0.0,0.0,0.0,0.0,0.0,0.0,0.0,1.0,0.0,0.002430555555555555,0.0,0.0,0.002430555555555555,Transit,Fishing - Purse Seiner
700057509,VESSEL_BRA_006,BR,transit,0.9764999999999999,purse_seiner,0.999999975655106,0.0,0.0,0.0,0.02127777777777778,0.0022222222222222222,0.0,0.0,0.9764999999999999,0.0,0.002430555555555555,0.0,0.0,0.002430555555555555,Transit,Fishing - Purse Seiner
700057509,VESSEL_BRA_006,BR,fishing,0.9399780361757105,purse_seiner,0.9999999756550885,0.0,0.0,0.0,0.9399780361757105,0.00846640826873385,0.0022222222222222222,0.006666666666666667,0.03472222222222222,0.007944444444444445,0.002430555555555555,0.6,0.0,0.6,Fishing,Fishing - Purse Seiner
700057509,VESSEL_BRA_006,BR,fishing,0.9999224806201551,purse_seiner,0.9999999757935726,0.0,0.0,0.0,0.9999224806201551,7.751937984496124e-05,0.0,0.0,0.0,0.0,0.002430555555555555,0.6,0.0,0.6,Fishing,Fishing - Purse Seiner
700057509,VESSEL_BRA_006,BR,fishing,0.9999224806201551,purse_seiner,0.9999999757935726,0.0,0.0,0.0,0.9999224806201551,7.751937984496124e-05,0.0,0.0,0.0,0.0,0.002430555555555555,0.6,0.0,0.6,Fishing,Fishing - Purse Seiner
700057509,VESSEL_BRA_006,BR,fishing,0.9999224806201551,purse_seiner,0.9999999757935726,0.0,0.0,0.0,0.9999224806201551,7.751937984496124e-05,0.0,0.0,0.0,0.0,0.002430555555555555,0.6,0.0,0.6,Fishing,Fishing - Purse Seiner
700057509,VESSEL_BRA_006,BR,fishing,0.9932558139534884,purse_seiner,0.9999999757935726,0.0,0.0,0.0,0.9932558139534884,7.751937984496124e-05,0.0,0.0,0.0,0.006666666666666667,0.002430555555555555,0.6,0.0,0.6,Fishing,Fishing - Purse Seiner
700057509,VESSEL_BRA_006,BR,fishing,0.9999224806201551,purse_seiner,0.9999999754981183,0.0,0.0,0.0,0.9999224806201551,7.751937984496124e-05,0.0,0.0,0.0,0.0,0.002430555555555555,0.6,0.0,0.6,Fishing,Fishing - Purse Seiner
700057509,VESSEL_BRA_006,BR,fishing,0.9999224806201551,purse_seiner,0.9999999757935726,0.0,0.0,0.0,0.9999224806201551,7.751937984496124e-05,0.0,0.0,0.0,0.0,0.002430555555555555,0.6,0.0,0.6,Fishing,Fishing - Purse Seiner
700057509,VESSEL_BRA_006,BR,fishing,0.9999224806201551,purse_seiner,0.9999999757935726,0.0,0.0,0.0,0.9999224806201551,7.751937984496124e-05,0.0,0.0,0.0,0.0,0.002430555555555555,0.6,0.0,0.6,Fishing,Fishing - Purse Seiner
700057509,VESSEL_BRA_006,BR,fishing,0.9999224806201551,purse_seiner,0.9999999757935726,0.0,0.0,0.0,0.9999224806201551,7.751937984496124e-05,0.0,0.0,0.0,0.0,0.002430555555555555,0.6,0.0,0.6,Fishing,Fishing - Purse Seiner
700057509,VESSEL_BRA_006,BR,fishing,0.9999224806201551,purse_seiner,0.9999999757935726,0.0,0.0,0.0,0.9999224806201551,7.751937984496124e-05,0.0,0.0,0.0,0.0,0.002430555555555555,0.6,0.0,0.6,Fishing,Fishing - Purse Seiner
700057509,VESSEL_BRA_006,BR,fishing,0.9999224806201551,purse_seiner,0.9999999757935726,0.0,0.0,0.0,0.9999224806201551,7.751937984496124e-05,0.0,0.0,0.0,0.0,0.002430555555555555,0.6,0.0,0.6,Fishing,Fishing - Purse Seiner
700057509,VESSEL_BRA_006,BR,fishing,0.9999224806201551,purse_seiner,0.9999999757935726,0.0,0.0,0.0,0.9999224806201551,7.751937984496124e-05,0.0,0.0,0.0,0.0,0.002430555555555555,0.6,0.0,0.6,Fishing,Fishing - Purse Seiner
700057509,VESSEL_BRA_006,BR,fishing,0.9999224806201551,purse_seiner,0.9999999757935726,0.0,0.0,0.0,0.9999224806201551,7.751937984496124e-05,0.0,0.0,0.0,0.0,0.002430555555555555,0.6,0.0,0.6,Fishing,Fishing - Purse Seiner
700057509,VESSEL_BRA_006,BR,fishing,0.9999224806201551,purse_seiner,0.9999999757935726,0.0,0.0,0.0,0.9999224806201551,7.751937984496124e-05,0.0,0.0,0.0,0.0,0.002430555555555555,0.6,0.0,0.6,Fishing,Fishing - Purse Seiner
700057509,VESSEL_BRA_006,BR,fishing,0.9999224806201551,purse_seiner,0.9999999757935726,0.0,0.0,0.0,0.9999224806201551,7.751937984496124e-05,0.0,0.0,0.0,0.0,0.002430555555555555,0.6,0.0,0.6,Fishing,Fishing - Purse Seiner
700057509,VESSEL_BRA_006,BR,fishing,0.9899224806201551,purse_seiner,0.9999999757935726,0.0,0.0,0.0,0.9899224806201551,0.008410852713178294,0.0,0.0,0.0016666666666666668,0.0,0.002430555555555555,0.6,0.0,0.6,Fishing,Fishing - Purse Seiner
700057509,VESSEL_BRA_006,BR,fishing,0.9573333333333335,purse_seiner,0.9999999757935726,0.0,0.0,0.0,0.9573333333333335,0.024666666666666667,0.01,0.0,0.006333333333333333,0.0016666666666666668,0.002430555555555555,0.6,0.0,0.6,Fishing,Fishing - Purse Seiner
700057509,VESSEL_BRA_006,BR,transit,0.7273697824808936,purse_seiner,0.9999999756550885,0.002602880658436214,0.002,0.0051111111111111105,0.0875952380952381,0.09917695473251029,0.05027777777777778,0.008333333333333333,0.7273697824808936,0.017532921810699587,0.002430555555555555,0.0,0.0,0.002430555555555555,Transit,Fishing - Purse Seiner
700057509,VESSEL_BRA_006,BR,transit,1.0,purse_seiner,0.9999999757935903,0.0,0.0,0.0,0.0,0.0,0.0,0.0,1.0,0.0,0.002430555555555555,0.0,0.0,0.002430555555555555,Transit,Fishing - Purse Seiner
700057509,VESSEL_BRA_006,BR,transit,1.0,purse_seiner,0.999999977928816,0.0,0.0,0.0,0.0,0.0,0.0,0.0,1.0,0.0,0.002430555555555555,0.0,0.0,0.002430555555555555,Transit,Fishing - Purse Seiner
700057509,VESSEL_BRA_006,BR,transit,1.0,purse_seiner,0.999999977928816,0.0,0.0,0.0,0.0,0.0,0.0,0.0,1.0,0.0,0.002430555555555555,0.0,0.0,0.002430555555555555,Transit,Fishing - Purse Seiner
700057509,VESSEL_BRA_006,BR,transit,1.0,purse_seiner,0.999999977928816,0.0,0.0,0.0,0.0,0.0,0.0,0.0,1.0,0.0,0.002430555555555555,0.0,0.0,0.002430555555555555,Transit,Fishing - Purse Seiner
700057509,VESSEL_BRA_006,BR,transit,0.9997411003236247,purse_seiner,0.999999977928816,0.0,0.0,0.0,0.0001941747572815534,0.0,3.2362459546925564e-05,0.0,0.9997411003236247,3.2362459546925564e-05,0.002430555555555555,0.0,0.0,0.002430555555555555,Transit,Fishing - Purse Seiner
700057509,VESSEL_BRA_006,BR,transit,1.0,purse_seiner,0.9999999775766378,0.0,0.0,0.0,0.0,0.0,0.0,0.0,1.0,0.0,0.002430555555555555,0.0,0.0,0.002430555555555555,Transit,Fishing - Purse Seiner
700057509,VESSEL_BRA_006,BR,transit,1.0,purse_seiner,0.9999999775766378,0.0,0.0,0.0,0.0,0.0,0.0,0.0,1.0,0.0,0.002430555555555555,0.0,0.0,0.002430555555555555,Transit,Fishing - Purse Seiner
700057509,VESSEL_BRA_006,BR,transit,1.0,purse_seiner,0.999999977928816,0.0,0.0,0.0,0.0,0.0,0.0,0.0,1.0,0.0,0.002430555555555555,0.0,0.0,0.002430555555555555,Transit,Fishing - Purse Seiner
700057509,VESSEL_BRA_006,BR,transit,1.0,purse_seiner,0.999999977928816,0.0,0.0,0.0,0.0,0.0,0.0,0.0,1.0,0.0,0.002430555555555555,0.0,0.0,0.002430555555555555,Transit,Fishing - Purse Seiner
700057509,VESSEL_BRA_006,BR,transit,0.9997411003236247,purse_seiner,0.9999999757935903,0.0,0.0,0.0,0.0001941747572815534,0.0,3.2362459546925564e-05,0.0,0.9997411003236247,3.2362459546925564e-05,0.002430555555555555,0.0,0.0,0.002430555555555555,Transit,Fishing - Purse Seiner
700057509,VESSEL_BRA_006,BR,transit,1.0,purse_seiner,0.999999977928816,0.0,0.0,0.0,0.0,0.0,0.0,0.0,1.0,0.0,0.002430555555555555,0.0,0.0,0.002430555555555555,Transit,Fishing - Purse Seiner
700057509,VESSEL_BRA_006,BR,transit,1.0,purse_seiner,0.999999977928816,0.0,0.0,0.0,0.0,0.0,0.0,0.0,1.0,0.0,0.002430555555555555,0.0,0.0,0.002430555555555555,Transit,Fishing - Purse Seiner
700057509,VESSEL_BRA_006,BR,transit,1.0,purse_seiner,0.999999977928816,0.0,0.0,0.0,0.0,0.0,0.0,0.0,1.0,0.0,0.002430555555555555,0.0,0.0,0.002430555555555555,Transit,Fishing - Purse Seiner
700057509,VESSEL_BRA_006,BR,transit,1.0,purse_seiner,0.999999977928816,0.0,0.0,0.0,0.0,0.0,0.0,0.0,1.0,0.0,0.002430555555555555,0.0,0.0,0.002430555555555555,Transit,Fishing - Purse Seiner
700057509,VESSEL_BRA_006,BR,transit,1.0,purse_seiner,0.999999977928816,0.0,0.0,0.0,0.0,0.0,0.0,0.0,1.0,0.0,0.002430555555555555,0.0,0.0,0.002430555555555555,Transit,Fishing - Purse Seiner
700057509,VESSEL_BRA_006,BR,transit,1.0,purse_seiner,0.999999977928816,0.0,0.0,0.0,0.0,0.0,0.0,0.0,1.0,0.0,0.002430555555555555,0.0,0.0,0.002430555555555555,Transit,Fishing - Purse Seiner
700057509,VESSEL_BRA_006,BR,transit,1.0,purse_seiner,0.9999999757935903,0.0,0.0,0.0,0.0,0.0,0.0,0.0,1.0,0.0,0.002430555555555555,0.0,0.0,0.002430555555555555,Transit,Fishing - Purse Seiner
700057509,VESSEL_BRA_006,BR,transit,1.0,purse_seiner,0.9999999757935903,0.0,0.0,0.0,0.0,0.0,0.0,0.0,1.0,0.0,0.002430555555555555,0.0,0.0,0.002430555555555555,Transit,Fishing - Purse Seiner
700057509,VESSEL_BRA_006,BR,transit,1.0,purse_seiner,0.999999977928816,0.0,0.0,0.0,0.0,0.0,0.0,0.0,1.0,0.0,0.002430555555555555,0.0,0.0,0.002430555555555555,Transit,Fishing - Purse Seiner
700057509,VESSEL_BRA_006,BR,transit,1.0,purse_seiner,0.9999999757665489,0.0,0.0,0.0,0.0,0.0,0.0,0.0,1.0,0.0,0.002430555555555555,0.0,0.0,0.002430555555555555,Transit,Fishing - Purse Seiner
700057509,VESSEL_BRA_006,BR,transit,1.0,purse_seiner,0.9999999722830221,0.0,0.0,0.0,0.0,0.0,0.0,0.0,1.0,0.0,0.002430555555555555,0.0,0.0,0.002430555555555555,Transit,Fishing - Purse Seiner
700057509,VESSEL_BRA_006,BR,transit,1.0,purse_seiner,0.9999999775766378,0.0,0.0,0.0,0.0,0.0,0.0,0.0,1.0,0.0,0.002430555555555555,0.0,0.0,0.002430555555555555,Transit,Fishing - Purse Seiner
700057509,VESSEL_BRA_006,BR,transit,0.9977777777777778,purse_seiner,0.9999999775766378,0.0,0.0,0.0,0.0022222222222222222,0.0,0.0,0.0,0.9977777777777778,0.0,0.002430555555555555,0.0,0.0,0.002430555555555555,Transit,Fishing - Purse Seiner
700057509,VESSEL_BRA_006,BR,transit,1.0,purse_seiner,0.999999977928816,0.0,0.0,0.0,0.0,0.0,0.0,0.0,1.0,0.0,0.002430555555555555,0.0,0.0,0.002430555555555555,Transit,Fishing - Purse Seiner
700057509,VESSEL_BRA_006,BR,transit,1.0,purse_seiner,0.999999977928816,0.0,0.0,0.0,0.0,0.0,0.0,0.0,1.0,0.0,0.002430555555555555,0.0,0.0,0.002430555555555555,Transit,Fishing - Purse Seiner
700057509,VESSEL_BRA_006,BR,transit,1.0,purse_seiner,0.999999977928816,0.0,0.0,0.0,0.0,0.0,0.0,0.0,1.0,0.0,0.002430555555555555,0.0,0.0,0.002430555555555555,Transit,Fishing - Purse Seiner
700057509,VESSEL_BRA_006,BR,transit,1.0,purse_seiner,0.999999977928816,0.0,0.0,0.0,0.0,0.0,0.0,0.0,1.0,0.0,0.002430555555555555,0.0,0.0,0.002430555555555555,Transit,Fishing - Purse Seiner
700057509,VESSEL_BRA_006,BR,transit,1.0,purse_seiner,0.9999999775766378,0.0,0.0,0.0,0.0,0.0,0.0,0.0,1.0,0.0,0.002430555555555555,0.0,0.0,0.002430555555555555,Transit,Fishing - Purse Seiner
700057510,VESSEL_BRA_007,CN,transit,0.9983333333333333,trawler,0.999999974753081,0.0,0.0,0.0,0.0,0.0,0.0,0.0016666666666666668,0.9983333333333333,0.0,0.002430555555555555,0.0,0.0,0.002430555555555555,Transit,Fishing - Trawler
700057510,VESSEL_BRA_007,CN,transit,1.0,trawler,0.9999999737090952,0.0,0.0,0.0,0.0,0.0,0.0,0.0,1.0,0.0,0.002430555555555555,0.0,0.0,0.002430555555555555,Transit,Fishing - Trawler
700057510,VESSEL_BRA_007,CN,transit,1.0,trawler,0.9999999737090952,0.0,0.0,0.0,0.0,0.0,0.0,0.0,1.0,0.0,0.002430555555555555,0.0,0.0,0.002430555555555555,Transit,Fishing - Trawler
700057510,VESSEL_BRA_007,CN,transit,0.9964077669902913,trawler,0.999999974753081,0.0,0.0,0.0,0.0001941747572815534,0.0,0.003365695792880259,0.0,0.9964077669902913,3.2362459546925564e-05,0.002430555555555555,0.0,0.0,0.002430555555555555,Transit,Fishing - Trawler
700057510,VESSEL_BRA_007,CN,transit,1.0,trawler,0.999999974753081,0.0,0.0,0.0,0.0,0.0,0.0,0.0,1.0,0.0,0.002430555555555555,0.0,0.0,0.002430555555555555,Transit,Fishing - Trawler
700057510,VESSEL_BRA_007,CN,fishing,0.6648452380952381,trawler,0.9999999202181579,0.0016666666666666668,0.0022222222222222222,0.0,0.6648452380952381,0.03333333333333333,0.006666666666666667,0.017460317460317457,0.2738055555555556,0.0,0.002430555555555555,0.6,0.0,0.6,Fishing,Fishing - Trawler
700057510,VESSEL_BRA_007,CN,fishing,0.936111111111111,trawler,0.999999974753081,0.0,0.0,0.0,0.936111111111111,0.055,0.006666666666666667,0.0,0.0022222222222222222,0.0,0.002430555555555555,0.6,0.0,0.6,Fishing,Fishing - Trawler
700057510,VESSEL_BRA_007,CN,fishing,0.9116666666666666,trawler,0.9999998975256114,0.0,0.0,0.0,0.9116666666666666,0.085,0.0033333333333333335,0.0,0.0,0.0,0.002430555555555555,0.6,0.0,0.6,Fishing,Fishing - Trawler
700057510,VESSEL_BRA_007,CN,fishing,0.8933333333333333,trawler,0.9999997792467062,0.0,0.0,0.0,0.8933333333333333,0.1,0.0033333333333333335,0.0,0.0,0.0033333333333333335,0.002430555555555555,0.6,0.0,0.6,Fishing,Fishing - Trawler
700057510,VESSEL_BRA_007,CN,fishing,0.7724999999999999,trawler,0.9999997792467062,0.026055555555555554,0.008222222222222223,0.0475,0.7724999999999999,0.12294444444444443,0.0033333333333333335,0.007777777777777777,0.0033333333333333335,0.008333333333333333,0.002430555555555555,0.6,0.0,0.6,Fishing,Fishing - Trawler
700057510,VESSEL_BRA_007,CN,fishing,0.866,trawler,0.9999997792467062,0.008333333333333333,0.0,0.0033333333333333335,0.866,0.11816666666666667,0.0033333333333333335,0.0,0.0,0.0008333333333333334,0.002430555555555555,0.6,0.0,0.6,Fishing,Fishing - Trawler
700057510,VESSEL_BRA_007,CN,fishing,0.8833333333333333,trawler,0.9999997792467062,0.0,0.0022222222222222222,0.0033333333333333335,0.8833333333333333,0.10777777777777776,0.0033333333333333335,0.0,0.0,0.0,0.002430555555555555,0.6,0.0,0.6,Fishing,Fishing - Trawler
700057510,VESSEL_BRA_007,CN,fishing,0.8873333333333333,trawler,0.9999997792467062,0.0,0.0,0.0,0.8873333333333333,0.10933333333333332,0.0033333333333333335,0.0,0.0,0.0,0.002430555555555555,0.6,0.0,0.6,Fishing,Fishing - Trawler
700057510,VESSEL_BRA_007,CN,fishing,0.89,trawler,0.9999997792467062,0.0,0.0,0.0,0.89,0.10666666666666667,0.0033333333333333335,0.0,0.0,0.0,0.002430555555555555,0.6,0.0,0.6,Fishing,Fishing - Trawler
700057510,VESSEL_BRA_007,CN,fishing,0.879,trawler,0.9999997792467062,0.0016666666666666668,0.0,0.0033333333333333335,0.879,0.11266666666666665,0.0033333333333333335,0.0,0.0,0.0,0.002430555555555555,0.6,0.0,0.6,Fishing,Fishing - Trawler
700057510,VESSEL_BRA_007,CN,fishing,0.89,trawler,0.9999997792467062,0.0,0.0,0.0,0.89,0.10666666666666667,0.0033333333333333335,0.0,0.0,0.0,0.002430555555555555,0.6,0.0,0.6,Fishing,Fishing - Trawler
700057510,VESSEL_BRA_007,CN,fishing,0.9104444444444446,trawler,0.999999963848853,0.0,0.0022222222222222222,0.0,0.9104444444444446,0.051333333333333335,0.01,0.002666666666666667,0.021666666666666667,0.0016666666666666668,0.002430555555555555,0.6,0.0,0.6,Fishing,Fishing - Trawler
700057510,VESSEL_BRA_007,CN,transit,0.8833888888888889,trawler,0.9999999202071791,0.012777777777777777,0.002666666666666667,0.0,0.01838888888888889,0.0225,0.0,0.05861111111111111,0.8833888888888889,0.0016666666666666668,0.002430555555555555,0.0,0.0,0.002430555555555555,Transit,Fishing - Trawler
700057510,VESSEL_BRA_007,CN,transit,1.0,trawler,0.999999974753081,0.0,0.0,0.0,0.0,0.0,0.0,0.0,1.0,0.0,0.002430555555555555,0.0,0.0,0.002430555555555555,Transit,Fishing - Trawler
700057510,VESSEL_BRA_007,CN,fishing,0.7511386192017262,trawler,0.9999999640146844,0.0,0.0,0.0,0.7511386192017262,0.04963888888888889,0.035310140237324705,0.0016666666666666668,0.1588799892125135,0.003365695792880259,0.002430555555555555,0.6,0.0,0.6,Fishing,Fishing - Trawler
700057510,VESSEL_BRA_007,CN,fishing,0.9143333333333333,trawler,0.9999999720064102,0.0,0.0,0.0,0.9143333333333333,0.06133333333333333,0.018333333333333333,0.004333333333333333,0.0016666666666666668,0.0,0.002430555555555555,0.6,0.0,0.6,Fishing,Fishing - Trawler
700057510,VESSEL_BRA_007,CN,fishing,0.9,trawler,0.9999998917126018,0.0,0.0,0.0,0.9,0.08833333333333333,0.011666666666666667,0.0,0.0,0.0,0.002430555555555555,0.6,0.0,0.6,Fishing,Fishing - Trawler
700057510,VESSEL_BRA_007,CN,fishing,0.8683333333333333,trawler,0.9999997792467062,0.0016666666666666668,0.0,0.0011111111111111111,0.8683333333333333,0.11833333333333333,0.008333333333333333,0.0,0.0,0.0022222222222222222,0.002430555555555555,0.6,0.0,0.6,Fishing,Fishing - Trawler
700057510,VESSEL_BRA_007,CN,fishing,0.8716666666666667,trawler,0.9999997792467062,0.0,0.0,0.0,0.8716666666666667,0.12,0.008333333333333333,0.0,0.0,0.0,0.002430555555555555,0.6,0.0,0.6,Fishing,Fishing - Trawler
700057510,VESSEL_BRA_007,CN,fishing,0.875,trawler,0.9999997792467062,0.0,0.0,0.0,0.875,0.11666666666666667,0.008333333333333333,0.0,0.0,0.0,0.002430555555555555,0.6,0.0,0.6,Fishing,Fishing - Trawler
700057510,VESSEL_BRA_007,CN,fishing,0.865,trawler,0.9999997792467062,0.0016666666666666668,0.0,0.0,0.865,0.125,0.008333333333333333,0.0,0.0,0.0,0.002430555555555555,0.6,0.0,0.6,Fishing,Fishing - Trawler
700057510,VESSEL_BRA_007,CN,fishing,0.8716666666666667,trawler,0.9999997792467062,0.0,0.0,0.0,0.8716666666666667,0.12,0.008333333333333333,0.0,0.0,0.0,0.002430555555555555,0.6,0.0,0.6,Fishing,Fishing - Trawler
700057510,VESSEL_BRA_007,CN,fishing,0.8683333333333333,trawler,0.9999997792467062,0.0,0.0,0.0,0.8683333333333333,0.12333333333333334,0.008333333333333333,0.0,0.0,0.0,0.002430555555555555,0.6,0.0,0.6,Fishing,Fishing - Trawler
700057510,VESSEL_BRA_007,CN,fishing,0.8483333333333334,trawler,0.9999997792467062,0.01111111111111111,0.0075,0.0,0.8483333333333334,0.12333333333333334,0.005,0.0022222222222222222,0.0025,0.0,0.002430555555555555,0.6,0.0,0.6,Fishing,Fishing - Trawler
700057510,VESSEL_BRA_007,CN,fishing,0.8716666666666667,trawler,0.9999997792467062,0.0,0.0,0.0,0.8716666666666667,0.12333333333333334,0.005,0.0,0.0,0.0,0.002430555555555555,0.6,0.0,0.6,Fishing,Fishing - Trawler
700057510,VESSEL_BRA_007,CN,fishing,0.8833333333333333,trawler,0.9999997792467062,0.0,0.0,0.0033333333333333335,0.8833333333333333,0.10333333333333333,0.005,0.0,0.0,0.005,0.002430555555555555,0.6,0.0,0.6,Fishing,Fishing - Trawler
700057510,VESSEL_BRA_007,CN,transit,0.48102910052910064,trawler,0.9999998826628762,0.005277777777777778,0.004222222222222222,0.007730158730158731,0.19677777777777783,0.22525396825396826,0.05407407407407407,0.0019444444444444442,0.48102910052910064,0.02369047619047619,0.002430555555555555,0.0,0.0,0.002430555555555555,Transit,Fishing - Trawler
700057510,VESSEL_BRA_007,CN,transit,1.0,trawler,0.999999974753081,0.0,0.0,0.0,0.0,0.0,0.0,0.0,1.0,0.0,0.002430555555555555,0.0,0.0,0.002430555555555555,Transit,Fishing - Trawler
700057510,VESSEL_BRA_007,CN,transit,0.9997411003236247,trawler,0.9999999752568329,0.0,0.0,0.0,0.0001941747572815534,0.0,3.2362459546925564e-05,0.0,0.9997411003236247,3.2362459546925564e-05,0.002430555555555555,0.0,0.0,0.002430555555555555,Transit,Fishing - Trawler
700057510,VESSEL_BRA_007,CN,transit,1.0,trawler,0.9999999749422177,0.0,0.0,0.0,0.0,0.0,0.0,0.0,1.0,0.0,0.002430555555555555,0.0,0.0,0.002430555555555555,Transit,Fishing - Trawler
700057510,VESSEL_BRA_007,CN,transit,1.0,trawler,0.9999999757854267,0.0,0.0,0.0,0.0,0.0,0.0,0.0,1.0,0.0,0.002430555555555555,0.0,0.0,0.002430555555555555,Transit,Fishing - Trawler
700057510,VESSEL_BRA_007,CN,transit,1.0,trawler,0.9999999737090952,0.0,0.0,0.0,0.0,0.0,0.0,0.0,1.0,0.0,0.002430555555555555,0.0,0.0,0.002430555555555555,Transit,Fishing - Trawler
700057510,VESSEL_BRA_007,CN,transit,1.0,trawler,0.9999999737090952,0.0,0.0,0.0,0.0,0.0,0.0,0.0,1.0,0.0,0.002430555555555555,0.0,0.0,0.002430555555555555,Transit,Fishing - Trawler
700057510,VESSEL_BRA_007,CN,transit,0.9977777777777779,trawler,0.999999974753081,0.0,0.0,0.0,0.0,0.0,0.0022222222222222222,0.0,0.9977777777777779,0.0,0.002430555555555555,0.0,0.0,0.002430555555555555,Transit,Fishing - Trawler
700057510,VESSEL_BRA_007,CN,transit,1.0,trawler,0.999999974753081,0.0,0.0,0.0,0.0,0.0,0.0,0.0,1.0,0.0,0.002430555555555555,0.0,0.0,0.002430555555555555,Transit,Fishing - Trawler
700057510,VESSEL_BRA_007,CN,transit,1.0,trawler,0.999999974753081,0.0,0.0,0.0,0.0,0.0,0.0,0.0,1.0,0.0,0.002430555555555555,0.0,0.0,0.002430555555555555,Transit,Fishing - Trawler
700057510,VESSEL_BRA_007,CN,transit,1.0,trawler,0.9999999737090952,0.0,0.0,0.0,0.0,0.0,0.0,0.0,1.0,0.0,0.002430555555555555,0.0,0.0,0.002430555555555555,Transit,Fishing - Trawler
700057510,VESSEL_BRA_007,CN,transit,1.0,trawler,0.9999999737090952,0.0,0.0,0.0,0.0,0.0,0.0,0.0,1.0,0.0,0.002430555555555555,0.0,0.0,0.002430555555555555,Transit,Fishing - Trawler
700057510,VESSEL_BRA_007,CN,transit,0.9966666666666667,trawler,0.9999999737090952,0.0,0.0,0.0,0.0,0.0,0.0033333333333333335,0.0,0.9966666666666667,0.0,0.002430555555555555,0.0,0.0,0.002430555555555555,Transit,Fishing - Trawler
700057510,VESSEL_BRA_007,CN,transit,1.0,trawler,0.999999974753081,0.0,0.0,0.0,0.0,0.0,0.0,0.0,1.0,0.0,0.002430555555555555,0.0,0.0,0.002430555555555555,Transit,Fishing - Trawler
700057510,VESSEL_BRA_007,CN,transit,0.9997411003236247,trawler,0.9999999737090952,0.0,0.0,0.0,0.0001941747572815534,0.0,3.2362459546925564e-05,0.0,0.9997411003236247,3.2362459546925564e-05,0.002430555555555555,0.0,0.0,0.002430555555555555,Transit,Fishing - Trawler
700057510,VESSEL_BRA_007,CN,transit,0.9997411003236247,trawler,0.9999999749422177,0.0,0.0,0.0,0.0001941747572815534,0.0,3.2362459546925564e-05,0.0,0.9997411003236247,3.2362459546925564e-05,0.002430555555555555,0.0,0.0,0.002430555555555555,Transit,Fishing - Trawler
700057510,VESSEL_BRA_007,CN,transit,1.0,trawler,0.9999999749422177,0.0,0.0,0.0,0.0,0.0,0.0,0.0,1.0,0.0,0.002430555555555555,0.0,0.0,0.002430555555555555,Transit,Fishing - Trawler
700057510,VESSEL_BRA_007,CN,transit,1.0,trawler,0.9999999749422177,0.0,0.0,0.0,0.0,0.0,0.0,0.0,1.0,0.0,0.002430555555555555,0.0,0.0,0.002430555555555555,Transit,Fishing - Trawler
700057510,VESSEL_BRA_007,CN,transit,1.0,trawler,0.9999999749419983,0.0,0.0,0.0,0.0,0.0,0.0,0.0,1.0,0.0,0.002430555555555555,0.0,0.0,0.002430555555555555,Transit,Fishing - Trawler
700057510,VESSEL_BRA_007,CN,transit,1.0,trawler,0.9999999749419983,0.0,0.0,0.0,0.0,0.0,0.0,0.0,1.0,0.0,0.002430555555555555,0.0,0.0,0.002430555555555555,Transit,Fishing - Trawler
700057510,VESSEL_BRA_007,CN,transit,1.0,trawler,0.9999999757854267,0.0,0.0,0.0,0.0,0.0,0.0,0.0,1.0,0.0,0.002430555555555555,0.0,0.0,0.002430555555555555,Transit,Fishing - Trawler
700057510,VESSEL_BRA_007,CN,transit,1.0,trawler,0.9999999751295545,0.0,0.0,0.0,0.0,0.0,0.0,0.0,1.0,0.0,0.002430555555555555,0.0,0.0,0.002430555555555555,Transit,Fishing - Trawler
700057510,VESSEL_BRA_007,CN,transit,0.9983333333333333,trawler,0.999999974753081,0.0,0.0,0.0,0.0,0.0,0.0,0.0016666666666666668,0.9983333333333333,0.0,0.002430555555555555,0.0,0.0,0.002430555555555555,Transit,Fishing - Trawler
700057510,VESSEL_BRA_007,CN,transit,0.9983333333333333,trawler,0.999999974753081,0.0,0.0,0.0,0.0,0.0,0.0,0.0016666666666666668,0.9983333333333333,0.0,0.002430555555555555,0.0,0.0,0.002430555555555555,Transit,Fishing - Trawler
700057510,VESSEL_BRA_007,CN,transit,1.0,trawler,0.999999974753081,0.0,0.0,0.0,0.0,0.0,0.0,0.0,1.0,0.0,0.002430555555555555,0.0,0.0,0.002430555555555555,Transit,Fishing - Trawler
700057510,VESSEL_BRA_007,CN,transit,0.9997411003236247,trawler,0.9999999752567448,0.0,0.0,0.0,0.0001941747572815534,0.0,3.2362459546925564e-05,0.0,0.9997411003236247,3.2362459546925564e-05,0.002430555555555555,0.0,0.0,0.002430555555555555,Transit,Fishing - Trawler
700057510,VESSEL_BRA_007,CN,transit,0.985111111111111,trawler,0.999999974753081,0.0006666666666666668,0.005333333333333334,0.0,0.0033333333333333335,0.0,0.0,0.005555555555555555,0.985111111111111,0.0,0.002430555555555555,0.0,0.0,0.002430555555555555,Transit,Fishing - Trawler
700057510,VESSEL_BRA_007,CN,transit,0.9983333333333333,trawler,0.999999974753081,0.0,0.0,0.0,0.0,0.0,0.0,0.0016666666666666668,0.9983333333333333,0.0,0.002430555555555555,0.0,0.0,0.002430555555555555,Transit,Fishing - Trawler
700057510,VESSEL_BRA_007,CN,transit,1.0,trawler,0.9999999749423478,0.0,0.0,0.0,0.0,0.0,0.0,0.0,1.0,0.0,0.002430555555555555,0.0,0.0,0.002430555555555555,Transit,Fishing - Trawler
700057510,VESSEL_BRA_007,CN,transit,1.0,trawler,0.9999999749421284,0.0,0.0,0.0,0.0,0.0,0.0,0.0,1.0,0.0,0.002430555555555555,0.0,0.0,0.002430555555555555,Transit,Fishing - Trawler
700057510,VESSEL_BRA_007,CN,transit,1.0,trawler,0.9999999751296835,0.0,0.0,0.0,0.0,0.0,0.0,0.0,1.0,0.0,0.002430555555555555,0.0,0.0,0.002430555555555555,Transit,Fishing - Trawler
700057510,VESSEL_BRA_007,CN,transit,1.0,trawler,0.9999999752567448,0.0,0.0,0.0,0.0,0.0,0.0,0.0,1.0,0.0,0.002430555555555555,0.0,0.0,0.002430555555555555,Transit,Fishing - Trawler
700057510,VESSEL_BRA_007,CN,transit,1.0,trawler,0.9999999749422177,0.0,0.0,0.0,0.0,0.0,0.0,0.0,1.0,0.0,0.002430555555555555,0.0,0.0,0.002430555555555555,Transit,Fishing - Trawler
700057510,VESSEL_BRA_007,CN,transit,0.9983333333333333,trawler,0.9999999749422177,0.0,0.0,0.0,0.0,0.0,0.0,0.0016666666666666668,0.9983333333333333,0.0,0.002430555555555555,0.0,0.0,0.002430555555555555,Transit,Fishing - Trawler
700057510,VESSEL_BRA_007,CN,transit,0.995,trawler,0.999999974753081,0.0,0.0,0.0,0.0,0.0,0.0033333333333333335,0.0016666666666666668,0.995,0.0,0.002430555555555555,0.0,0.0,0.002430555555555555,Transit,Fishing - Trawler
700057510,VESSEL_BRA_007,CN,transit,1.0,trawler,0.9999999737090952,0.0,0.0,0.0,0.0,0.0,0.0,0.0,1.0,0.0,0.002430555555555555,0.0,0.0,0.002430555555555555,Transit,Fishing - Trawler
700057510,VESSEL_BRA_007,CN,transit,1.0,trawler,0.9999999752566162,0.0,0.0,0.0,0.0,0.0,0.0,0.0,1.0,0.0,0.002430555555555555,0.0,0.0,0.002430555555555555,Transit,Fishing - Trawler
700057510,VESSEL_BRA_007,CN,transit,0.9927777777777779,trawler,0.999999974753081,0.0,0.0,0.0,0.0,0.0,0.005555555555555555,0.0016666666666666668,0.9927777777777779,0.0,0.002430555555555555,0.0,0.0,0.002430555555555555,Transit,Fishing - Trawler
700057510,VESSEL_BRA_007,CN,transit,0.995,trawler,0.999999974753081,0.0,0.0,0.0,0.0,0.0,0.0033333333333333335,0.0016666666666666668,0.995,0.0,0.002430555555555555,0.0,0.0,0.002430555555555555,Transit,Fishing - Trawler
700057510,VESSEL_BRA_007,CN,transit,0.9925188781014024,trawler,0.9999999751296835,0.0,0.0,0.0,0.0001941747572815534,0.0016666666666666668,0.005587918015102481,0.0,0.9925188781014024,3.2362459546925564e-05,0.002430555555555555,0.0,0.0,0.002430555555555555,Transit,Fishing - Trawler
700057510,VESSEL_BRA_007,CN,transit,1.0,trawler,0.9999999737090952,0.0,0.0,0.0,0.0,0.0,0.0,0.0,1.0,0.0,0.002430555555555555,0.0,0.0,0.002430555555555555,Transit,Fishing - Trawler
700057510,VESSEL_BRA_007,CN,transit,0.9983333333333333,trawler,0.999999974753081,0.0,0.0,0.0,0.0,0.0,0.0,0.0016666666666666668,0.9983333333333333,0.0,0.002430555555555555,0.0,0.0,0.002430555555555555,Transit,Fishing - Trawler
700057510,VESSEL_BRA_007,CN,transit,0.9983333333333333,trawler,0.999999974753081,0.0,0.0,0.0,0.0,0.0,0.0,0.0016666666666666668,0.9983333333333333,0.0,0.002430555555555555,0.0,0.0,0.002430555555555555,Transit,Fishing - Trawler
700057510,VESSEL_BRA_007,CN,transit,0.9983333333333333,trawler,0.999999974753081,0.0,0.0,0.0,0.0,0.0,0.0,0.0016666666666666668,0.9983333333333333,0.0,0.002430555555555555,0.0,0.0,0.002430555555555555,Transit,Fishing - Trawler
700057510,VESSEL_BRA_007,CN,transit,1.0,trawler,0.9999999749422177,0.0,0.0,0.0,0.0,0.0,0.0,0.0,1.0,0.0,0.002430555555555555,0.0,0.0,0.002430555555555555,Transit,Fishing - Trawler
700057510,VESSEL_BRA_007,CN,transit,1.0,trawler,0.9999999749573276,0.0,0.0,0.0,0.0,0.0,0.0,0.0,1.0,0.0,0.002430555555555555,0.0,0.0,0.002430555555555555,Transit,Fishing - Trawler
700057510,VESSEL_BRA_007,CN,transit,1.0,trawler,0.9999999749573276,0.0,0.0,0.0,0.0,0.0,0.0,0.0,1.0,0.0,0.002430555555555555,0.0,0.0,0.002430555555555555,Transit,Fishing - Trawler
700057510,VESSEL_BRA_007,CN,transit,0.9988888888888887,trawler,0.9999999755187009,0.0,0.0,0.0,0.0011111111111111111,0.0,0.0,0.0,0.9988888888888887,0.0,0.002430555555555555,0.0,0.0,0.002430555555555555,Transit,Fishing - Trawler
700057510,VESSEL_BRA_007,CN,transit,0.9722460317460319,trawler,0.9999999749675414,0.02575396825396825,0.002,0.0,0.0,0.0,0.0,0.0,0.9722460317460319,0.0,0.002430555555555555,0.0,0.0,0.002430555555555555,Transit,Fishing - Trawler
700057510,VESSEL_BRA_007,CN,transit,1.0,trawler,0.9999999755187009,0.0,0.0,0.0,0.0,0.0,0.0,0.0,1.0,0.0,0.002430555555555555,0.0,0.0,0.002430555555555555,Transit,Fishing - Trawler
700057510,VESSEL_BRA_007,CN,transit,1.0,trawler,0.999999974753081,0.0,0.0,0.0,0.0,0.0,0.0,0.0,1.0,0.0,0.002430555555555555,0.0,0.0,0.002430555555555555,Transit,Fishing - Trawler
700057510,VESSEL_BRA_007,CN,transit,1.0,trawler,0.9999999751295545,0.0,0.0,0.0,0.0,0.0,0.0,0.0,1.0,0.0,0.002430555555555555,0.0,0.0,0.002430555555555555,Transit,Fishing - Trawler
700057510,VESSEL_BRA_007,CN,transit,1.0,trawler,0.9999999751295545,0.0,0.0,0.0,0.0,0.0,0.0,0.0,1.0,0.0,0.002430555555555555,0.0,0.0,0.002430555555555555,Transit,Fishing - Trawler
700057510,VESSEL_BRA_007,CN,transit,0.995,trawler,0.9999999749419983,0.0,0.0,0.0,0.0,0.0033333333333333335,0.0,0.0016666666666666668,0.995,0.0,0.002430555555555555,0.0,0.0,0.002430555555555555,Transit,Fishing - Trawler
700057511,VESSEL_BRA_008,PA,transit,0.9983333333333333,longliner,0.9998456164505667,0.0,0.0,0.0,0.0016666666666666668,0.0,0.0,0.0,0.9983333333333333,0.0,0.002430555555555555,0.3,0.0,0.3,Transit,Fishing - Longliner
700057511,VESSEL_BRA_008,PA,transit,0.9983333333333333,longliner,0.9998456170811805,0.0,0.0,0.0,0.0016666666666666668,0.0,0.0,0.0,0.9983333333333333,0.0,0.002430555555555555,0.3,0.0,0.3,Transit,Fishing - Longliner
700057511,VESSEL_BRA_008,PA,transit,0.9983333333333333,longliner,0.9998456170811805,0.0,0.0,0.0,0.0016666666666666668,0.0,0.0,0.0,0.9983333333333333,0.0,0.002430555555555555,0.3,0.0,0.3,Transit,Fishing - Longliner
700057511,VESSEL_BRA_008,PA,transit,0.9991666666666666,longliner,0.9998456170811805,0.0008333333333333334,0.0,0.0,0.0,0.0,0.0,0.0,0.9991666666666666,0.0,0.002430555555555555,0.3,0.0,0.3,Transit,Fishing - Longliner
700057511,VESSEL_BRA_008,PA,transit,1.0,longliner,0.9998456164505667,0.0,0.0,0.0,0.0,0.0,0.0,0.0,1.0,0.0,0.002430555555555555,0.3,0.0,0.3,Transit,Fishing - Longliner
700057511,VESSEL_BRA_008,PA,transit,0.9953333333333334,longliner,0.9998456164505667,0.0,0.0,0.0,0.003,0.0,0.0016666666666666668,0.0,0.9953333333333334,0.0,0.002430555555555555,0.3,0.0,0.3,Transit,Fishing - Longliner
700057511,VESSEL_BRA_008,PA,transit,0.9970000000000001,longliner,0.9998456164505667,0.0,0.0,0.0,0.003,0.0,0.0,0.0,0.9970000000000001,0.0,0.002430555555555555,0.3,0.0,0.3,Transit,Fishing - Longliner
700057511,VESSEL_BRA_008,PA,fishing,0.6773015873015873,longliner,0.9998597590545973,0.009666666666666667,0.0,0.0,0.6773015873015873,0.03822222222222222,0.06605555555555555,0.005555555555555555,0.17886507936507937,0.02433333333333333,0.002430555555555555,0.7555967652189719,0.0,0.7555967652189719,Fishing,Fishing - Longliner
700057511,VESSEL_BRA_008,PA,fishing,1.0,longliner,0.9998592307631969,0.0,0.0,0.0,1.0,0.0,0.0,0.0,0.0,0.0,0.002430555555555555,0.7565490588467554,0.0,0.7565490588467554,Fishing,Fishing - Longliner
700057511,VESSEL_BRA_008,PA,fishing,1.0,longliner,0.9998592307631969,0.0,0.0,0.0,1.0,0.0,0.0,0.0,0.0,0.0,0.002430555555555555,0.7532903058361216,0.0,0.7532903058361216,Fishing,Fishing - Longliner
700057511,VESSEL_BRA_008,PA,fishing,1.0,longliner,0.9998592307631969,0.0,0.0,0.0,1.0,0.0,0.0,0.0,0.0,0.0,0.002430555555555555,0.7502465358275142,0.0,0.7502465358275142,Fishing,Fishing - Longliner
700057511,VESSEL_BRA_008,PA,fishing,1.0,longliner,0.9998592307631969,0.0,0.0,0.0,1.0,0.0,0.0,0.0,0.0,0.0,0.002430555555555555,0.747831104239002,0.0,0.747831104239002,Fishing,Fishing - Longliner
700057511,VESSEL_BRA_008,PA,fishing,1.0,longliner,0.9998592307631969,0.0,0.0,0.0,1.0,0.0,0.0,0.0,0.0,0.0,0.002430555555555555,0.7455969617868643,0.0,0.7455969617868643,Fishing,Fishing - Longliner
700057511,VESSEL_BRA_008,PA,fishing,1.0,longliner,0.9998592307631969,0.0,0.0,0.0,1.0,0.0,0.0,0.0,0.0,0.0,0.002430555555555555,0.7430844508593626,0.0,0.7430844508593626,Fishing,Fishing - Longliner
700057511,VESSEL_BRA_008,PA,fishing,0.9886666666666667,longliner,0.999859296664852,0.0,0.0,0.0,0.9886666666666667,0.0,0.01,0.0,0.0013333333333333335,0.0,0.002430555555555555,0.7408296768839004,0.0,0.7408296768839004,Fishing,Fishing - Longliner
700057511,VESSEL_BRA_008,PA,fishing,0.9886666666666667,longliner,0.9998592307631969,0.0,0.0,0.0,0.9886666666666667,0.0,0.01,0.0,0.0013333333333333335,0.0,0.002430555555555555,0.7397870225022851,0.0,0.7397870225022851,Fishing,Fishing - Longliner
700057511,VESSEL_BRA_008,PA,fishing,1.0,longliner,0.9998592307631969,0.0,0.0,0.0,1.0,0.0,0.0,0.0,0.0,0.0,0.002430555555555555,0.7409889497096942,0.0,0.7409889497096942,Fishing,Fishing - Longliner
700057511,VESSEL_BRA_008,PA,fishing,1.0,longliner,0.9998592307631969,0.0,0.0,0.0,1.0,0.0,0.0,0.0,0.0,0.0,0.002430555555555555,0.7442246166877036,0.0,0.7442246166877036,Fishing,Fishing - Longliner
700057511,VESSEL_BRA_008,PA,fishing,1.0,longliner,0.9998592307631969,0.0,0.0,0.0,1.0,0.0,0.0,0.0,0.0,0.0,0.002430555555555555,0.7476649802679975,0.0,0.7476649802679975,Fishing,Fishing - Longliner
700057511,VESSEL_BRA_008,PA,fishing,1.0,longliner,0.9998592307631969,0.0,0.0,0.0,1.0,0.0,0.0,0.0,0.0,0.0,0.002430555555555555,0.7490114402672985,0.0,0.7490114402672985,Fishing,Fishing - Longliner
700057511,VESSEL_BRA_008,PA,fishing,1.0,longliner,0.9998592307631969,0.0,0.0,0.0,1.0,0.0,0.0,0.0,0.0,0.0,0.002430555555555555,0.7489918056366727,0.0,0.7489918056366727,Fishing,Fishing - Longliner
700057511,VESSEL_BRA_008,PA,fishing,1.0,longliner,0.9998592307631969,0.0,0.0,0.0,1.0,0.0,0.0,0.0,0.0,0.0,0.002430555555555555,0.7479229764456576,0.0,0.7479229764456576,Fishing,Fishing - Longliner
700057511,VESSEL_BRA_008,PA,fishing,0.9966666666666667,longliner,0.9998592307631969,0.0022222222222222222,0.0,0.0,0.9966666666666667,0.0,0.0,0.0,0.0011111111111111111,0.0,0.002430555555555555,0.7455837132391596,0.0,0.7455837132391596,Fishing,Fishing - Longliner
700057511,VESSEL_BRA_008,PA,fishing,0.9853333333333334,longliner,0.9998592307631969,0.002888888888888889,0.0,0.0033333333333333335,0.9853333333333334,0.0,0.0,0.0,0.008444444444444444,0.0,0.002430555555555555,0.7434435188191306,0.0,0.7434435188191306,Fishing,Fishing - Longliner
700057511,VESSEL_BRA_008,PA,fishing,0.9866666666666667,longliner,0.9998592302352632,0.0022222222222222222,0.0,0.0033333333333333335,0.9866666666666667,0.0,0.0,0.0,0.007777777777777777,0.0,0.002430555555555555,0.7411792174970323,0.0,0.7411792174970323,Fishing,Fishing - Longliner
700057511,VESSEL_BRA_008,PA,fishing,1.0,longliner,0.9998592307631969,0.0,0.0,0.0,1.0,0.0,0.0,0.0,0.0,0.0,0.002430555555555555,0.7387159009165862,0.0,0.7387159009165862,Fishing,Fishing - Longliner
700057511,VESSEL_BRA_008,PA,fishing,1.0,longliner,0.9998592307631969,0.0,0.0,0.0,1.0,0.0,0.0,0.0,0.0,0.0,0.002430555555555555,0.7377085813767712,0.0,0.7377085813767712,Fishing,Fishing - Longliner
700057511,VESSEL_BRA_008,PA,fishing,1.0,longliner,0.9998592307631969,0.0,0.0,0.0,1.0,0.0,0.0,0.0,0.0,0.0,0.002430555555555555,0.7390881412197239,0.0,0.7390881412197239,Fishing,Fishing - Longliner
700057511,VESSEL_BRA_008,PA,fishing,1.0,longliner,0.9998592307631969,0.0,0.0,0.0,1.0,0.0,0.0,0.0,0.0,0.0,0.002430555555555555,0.7403010897326809,0.0,0.7403010897326809,Fishing,Fishing - Longliner
700057511,VESSEL_BRA_008,PA,fishing,1.0,longliner,0.9998592307631969,0.0,0.0,0.0,1.0,0.0,0.0,0.0,0.0,0.0,0.002430555555555555,0.7392500968355507,0.0,0.7392500968355507,Fishing,Fishing - Longliner
700057511,VESSEL_BRA_008,PA,transit,0.586706349206349,longliner,0.999859952554468,0.005833333333333334,0.0027777777777777775,0.013095238095238094,0.2861984126984127,0.036138888888888894,0.005833333333333334,0.010277777777777778,0.586706349206349,0.053138888888888895,0.002430555555555555,0.3,0.0,0.3,Transit,Fishing - Longliner
700057511,VESSEL_BRA_008,PA,transit,0.9983333333333333,longliner,0.9998599023533737,0.0016666666666666668,0.0,0.0,0.0,0.0,0.0,0.0,0.9983333333333333,0.0,0.002430555555555555,0.3,0.0,0.3,Transit,Fishing - Longliner
700057511,VESSEL_BRA_008,PA,transit,1.0,longliner,0.9998456170811805,0.0,0.0,0.0,0.0,0.0,0.0,0.0,1.0,0.0,0.002430555555555555,0.3,0.0,0.3,Transit,Fishing - Longliner
700057511,VESSEL_BRA_008,PA,transit,1.0,longliner,0.9998456170811805,0.0,0.0,0.0,0.0,0.0,0.0,0.0,1.0,0.0,0.002430555555555555,0.3,0.0,0.3,Transit,Fishing - Longliner
700057511,VESSEL_BRA_008,PA,transit,1.0,longliner,0.9998456170811805,0.0,0.0,0.0,0.0,0.0,0.0,0.0,1.0,0.0,0.002430555555555555,0.3,0.0,0.3,Transit,Fishing - Longliner
700057511,VESSEL_BRA_008,PA,fishing,0.7125036985668054,longliner,0.999859952554468,0.008277777777777778,0.0,0.0,0.7125036985668054,0.014111111111111114,0.02303236245954693,0.0,0.2328760209585452,0.009199029126213593,0.002430555555555555,0.7934326043090913,0.0,0.7934326043090913,Fishing,Fishing - Longliner
700057511,VESSEL_BRA_008,PA,fishing,0.9944444444444444,longliner,0.9998599023533737,0.0,0.0,0.0,0.9944444444444444,0.0,0.0,0.0,0.005555555555555555,0.0,0.002430555555555555,0.7999904443632546,0.0,0.7999904443632546,Fishing,Fishing - Longliner
700057511,VESSEL_BRA_008,PA,fishing,1.0,longliner,0.999859296664852,0.0,0.0,0.0,1.0,0.0,0.0,0.0,0.0,0.0,0.002430555555555555,0.80135616401107,0.0,0.80135616401107,Fishing,Fishing - Longliner
700057511,VESSEL_BRA_008,PA,fishing,1.0,longliner,0.9998592307631969,0.0,0.0,0.0,1.0,0.0,0.0,0.0,0.0,0.0,0.002430555555555555,0.8023176069033493,0.0,0.8023176069033493,Fishing,Fishing - Longliner
700057511,VESSEL_BRA_008,PA,fishing,1.0,longliner,0.9998592307631969,0.0,0.0,0.0,1.0,0.0,0.0,0.0,0.0,0.0,0.002430555555555555,0.8032068124853924,0.0,0.8032068124853924,Fishing,Fishing - Longliner
700057511,VESSEL_BRA_008,PA,fishing,1.0,longliner,0.999859296664852,0.0,0.0,0.0,1.0,0.0,0.0,0.0,0.0,0.0,0.002430555555555555,0.8031389738355126,0.0,0.8031389738355126,Fishing,Fishing - Longliner
700057511,VESSEL_BRA_008,PA,fishing,1.0,longliner,0.999859296137165,0.0,0.0,0.0,1.0,0.0,0.0,0.0,0.0,0.0,0.002430555555555555,0.8037190587903769,0.0,0.8037190587903769,Fishing,Fishing - Longliner
700057511,VESSEL_BRA_008,PA,fishing,1.0,longliner,0.999859296664852,0.0,0.0,0.0,1.0,0.0,0.0,0.0,0.0,0.0,0.002430555555555555,0.8050725938707273,0.0,0.8050725938707273,Fishing,Fishing - Longliner
700057511,VESSEL_BRA_008,PA,fishing,1.0,longliner,0.9998592307631969,0.0,0.0,0.0,1.0,0.0,0.0,0.0,0.0,0.0,0.002430555555555555,0.8041840031077578,0.0,0.8041840031077578,Fishing,Fishing - Longliner
700057511,VESSEL_BRA_008,PA,fishing,1.0,longliner,0.9998592307631969,0.0,0.0,0.0,1.0,0.0,0.0,0.0,0.0,0.0,0.002430555555555555,0.8011805519655626,0.0,0.8011805519655626,Fishing,Fishing - Longliner
700057511,VESSEL_BRA_008,PA,fishing,0.9988888888888889,longliner,0.9998592307631969,0.0,0.0,0.0,0.9988888888888889,0.0,0.0,0.0,0.0011111111111111111,0.0,0.002430555555555555,0.7983092253299422,0.0,0.7983092253299422,Fishing,Fishing - Longliner
700057511,VESSEL_BRA_008,PA,transit,0.8709444444444445,longliner,0.9998599525860868,0.0016666666666666668,0.0016666666666666668,0.0017777777777777776,0.09783333333333333,0.003611111111111111,0.0038888888888888883,0.008888888888888889,0.8709444444444445,0.009722222222222222,0.002430555555555555,0.3,0.0,0.3,Transit,Fishing - Longliner
700057511,VESSEL_BRA_008,PA,transit,1.0,longliner,0.9998592307631969,0.0,0.0,0.0,0.0,0.0,0.0,0.0,1.0,0.0,0.002430555555555555,0.3,0.0,0.3,Transit,Fishing - Longliner
700057511,VESSEL_BRA_008,PA,transit,1.0,longliner,0.9998456170811805,0.0,0.0,0.0,0.0,0.0,0.0,0.0,1.0,0.0,0.002430555555555555,0.3,0.0,0.3,Transit,Fishing - Longliner
700057511,VESSEL_BRA_008,PA,transit,1.0,longliner,0.9998456170811805,0.0,0.0,0.0,0.0,0.0,0.0,0.0,1.0,0.0,0.002430555555555555,0.3,0.0,0.3,Transit,Fishing - Longliner
700057511,VESSEL_BRA_008,PA,transit,1.0,longliner,0.9998456170811805,0.0,0.0,0.0,0.0,0.0,0.0,0.0,1.0,0.0,0.002430555555555555,0.3,0.0,0.3,Transit,Fishing - Longliner
700057511,VESSEL_BRA_008,PA,transit,1.0,longliner,0.9998456170811805,0.0,0.0,0.0,0.0,0.0,0.0,0.0,1.0,0.0,0.002430555555555555,0.3,0.0,0.3,Transit,Fishing - Longliner
700057511,VESSEL_BRA_008,PA,transit,1.0,longliner,0.9998456170811805,0.0,0.0,0.0,0.0,0.0,0.0,0.0,1.0,0.0,0.002430555555555555,0.3,0.0,0.3,Transit,Fishing - Longliner
700057511,VESSEL_BRA_008,PA,transit,1.0,longliner,0.9998456170811805,0.0,0.0,0.0,0.0,0.0,0.0,0.0,1.0,0.0,0.002430555555555555,0.3,0.0,0.3,Transit,Fishing - Longliner
700057511,VESSEL_BRA_008,PA,transit,1.0,longliner,0.9998456170811805,0.0,0.0,0.0,0.0,0.0,0.0,0.0,1.0,0.0,0.002430555555555555,0.3,0.0,0.3,Transit,Fishing - Longliner
700057511,VESSEL_BRA_008,PA,transit,1.0,longliner,0.9998592307631969,0.0,0.0,0.0,0.0,0.0,0.0,0.0,1.0,0.0,0.002430555555555555,0.3,0.0,0.3,Transit,Fishing - Longliner
700057511,VESSEL_BRA_008,PA,transit,0.9997411003236247,longliner,0.9998456170811805,0.0,0.0,0.0,0.0001941747572815534,0.0,3.2362459546925564e-05,0.0,0.9997411003236247,3.2362459546925564e-05,0.002430555555555555,0.3,0.0,0.3,Transit,Fishing - Longliner
700057511,VESSEL_BRA_008,PA,transit,1.0,longliner,0.9998456170811805,0.0,0.0,0.0,0.0,0.0,0.0,0.0,1.0,0.0,0.002430555555555555,0.3,0.0,0.3,Transit,Fishing - Longliner
700057511,VESSEL_BRA_008,PA,transit,0.9997411003236247,longliner,0.9998456170811805,0.0,0.0,0.0,0.0001941747572815534,0.0,3.2362459546925564e-05,0.0,0.9997411003236247,3.2362459546925564e-05,0.002430555555555555,0.3,0.0,0.3,Transit,Fishing - Longliner
700057511,VESSEL_BRA_008,PA,transit,1.0,longliner,0.9998456170811805,0.0,0.0,0.0,0.0,0.0,0.0,0.0,1.0,0.0,0.002430555555555555,0.3,0.0,0.3,Transit,Fishing - Longliner
700057511,VESSEL_BRA_008,PA,transit,1.0,longliner,0.9998456170811805,0.0,0.0,0.0,0.0,0.0,0.0,0.0,1.0,0.0,0.002430555555555555,0.3,0.0,0.3,Transit,Fishing - Longliner
700057511,VESSEL_BRA_008,PA,transit,1.0,longliner,0.9998456170811805,0.0,0.0,0.0,0.0,0.0,0.0,0.0,1.0,0.0,0.002430555555555555,0.3,0.0,0.3,Transit,Fishing - Longliner
700057511,VESSEL_BRA_008,PA,transit,1.0,longliner,0.9998456170811805,0.0,0.0,0.0,0.0,0.0,0.0,0.0,1.0,0.0,0.002430555555555555,0.3,0.0,0.3,Transit,Fishing - Longliner
700057511,VESSEL_BRA_008,PA,transit,1.0,longliner,0.9998456170811805,0.0,0.0,0.0,0.0,0.0,0.0,0.0,1.0,0.0,0.002430555555555555,0.3,0.0,0.3,Transit,Fishing - Longliner
700057511,VESSEL_BRA_008,PA,transit,1.0,longliner,0.9998456164505667,0.0,0.0,0.0,0.0,0.0,0.0,0.0,1.0,0.0,0.002430555555555555,0.3,0.0,0.3,Transit,Fishing - Longliner
700057511,VESSEL_BRA_008,PA,transit,1.0,longliner,0.9998456164505667,0.0,0.0,0.0,0.0,0.0,0.0,0.0,1.0,0.0,0.002430555555555555,0.3,0.0,0.3,Transit,Fishing - Longliner
700057511,VESSEL_BRA_008,PA,transit,1.0,longliner,0.9998456170811805,0.0,0.0,0.0,0.0,0.0,0.0,0.0,1.0,0.0,0.002430555555555555,0.3,0.0,0.3,Transit,Fishing - Longliner
700057511,VESSEL_BRA_008,PA,transit,1.0,longliner,0.9998456170811805,0.0,0.0,0.0,0.0,0.0,0.0,0.0,1.0,0.0,0.002430555555555555,0.3,0.0,0.3,Transit,Fishing - Longliner
700057511,VESSEL_BRA_008,PA,transit,1.0,longliner,0.9998456170811805,0.0,0.0,0.0,0.0,0.0,0.0,0.0,1.0,0.0,0.002430555555555555,0.3,0.0,0.3,Transit,Fishing - Longliner
700057511,VESSEL_BRA_008,PA,transit,1.0,longliner,0.9998456170811805,0.0,0.0,0.0,0.0,0.0,0.0,0.0,1.0,0.0,0.002430555555555555,0.3,0.0,0.3,Transit,Fishing - Longliner
700057511,VESSEL_BRA_008,PA,transit,1.0,longliner,0.9998456170811805,0.0,0.0,0.0,0.0,0.0,0.0,0.0,1.0,0.0,0.002430555555555555,0.3,0.0,0.3,Transit,Fishing - Longliner
700057511,VESSEL_BRA_008,PA,transit,1.0,longliner,0.9998456170811805,0.0,0.0,0.0,0.0,0.0,0.0,0.0,1.0,0.0,0.002430555555555555,0.3,0.0,0.3,Transit,Fishing - Longliner
700057511,VESSEL_BRA_008,PA,transit,0.9997411003236247,longliner,0.9998456170811805,0.0,0.0,0.0,0.0001941747572815534,0.0,3.2362459546925564e-05,0.0,0.9997411003236247,3.2362459546925564e-05,0.002430555555555555,0.3,0.0,0.3,Transit,Fishing - Longliner
700057511,VESSEL_BRA_008,PA,transit,1.0,longliner,0.9998456170811805,0.0,0.0,0.0,0.0,0.0,0.0,0.0,1.0,0.0,0.002430555555555555,0.3,0.0,0.3,Transit,Fishing - Longliner
700057511,VESSEL_BRA_008,PA,transit,1.0,longliner,0.9998456170811805,0.0,0.0,0.0,0.0,0.0,0.0,0.0,1.0,0.0,0.002430555555555555,0.3,0.0,0.3,Transit,Fishing - Longliner
700057511,VESSEL_BRA_008,PA,transit,1.0,longliner,0.9998456170811805,0.0,0.0,0.0,0.0,0.0,0.0,0.0,1.0,0.0,0.002430555555555555,0.3,0.0,0.3,Transit,Fishing - Longliner
700057511,VESSEL_BRA_008,PA,transit,1.0,longliner,0.9998456170811805,0.0,0.0,0.0,0.0,0.0,0.0,0.0,1.0,0.0,0.002430555555555555,0.3,0.0,0.3,Transit,Fishing - Longliner
700057511,VESSEL_BRA_008,PA,transit,1.0,longliner,0.9998456170811805,0.0,0.0,0.0,0.0,0.0,0.0,0.0,1.0,0.0,0.002430555555555555,0.3,0.0,0.3,Transit,Fishing - Longliner
700057511,VESSEL_BRA_008,PA,transit,0.9880555555555556,longliner,0.9998456170811805,0.0,0.0,0.0,0.0,0.0,0.0,0.011944444444444443,0.9880555555555556,0.0,0.002430555555555555,0.3,0.0,0.3,Transit,Fishing - Longliner
700057511,VESSEL_BRA_008,PA,transit,1.0,longliner,0.9998456129936387,0.0,0.0,0.0,0.0,0.0,0.0,0.0,1.0,0.0,0.002430555555555555,0.3,0.0,0.3,Transit,Fishing - Longliner
700057511,VESSEL_BRA_008,PA,transit,1.0,longliner,0.9998442526879251,0.0,0.0,0.0,0.0,0.0,0.0,0.0,1.0,0.0,0.002430555555555555,0.3,0.0,0.3,Transit,Fishing - Longliner
700057511,VESSEL_BRA_008,PA,transit,1.0,longliner,0.9998442587168254,0.0,0.0,0.0,0.0,0.0,0.0,0.0,1.0,0.0,0.002430555555555555,0.3,0.0,0.3,Transit,Fishing - Longliner
700057511,VESSEL_BRA_008,PA,transit,1.0,longliner,0.9998456164505667,0.0,0.0,0.0,0.0,0.0,0.0,0.0,1.0,0.0,0.002430555555555555,0.3,0.0,0.3,Transit,Fishing - Longliner
700057511,VESSEL_BRA_008,PA,transit,1.0,longliner,0.9998456164505667,0.0,0.0,0.0,0.0,0.0,0.0,0.0,1.0,0.0,0.002430555555555555,0.3,0.0,0.3,Transit,Fishing - Longliner
700057511,VESSEL_BRA_008,PA,transit,1.0,longliner,0.9998456164505667,0.0,0.0,0.0,0.0,0.0,0.0,0.0,1.0,0.0,0.002430555555555555,0.3,0.0,0.3,Transit,Fishing - Longliner
700057512,VESSEL_BRA_009,KR,transit,0.9983333333333333,longliner,0.9999999791728817,0.0,0.0,0.0,0.0016666666666666668,0.0,0.0,0.0,0.9983333333333333,0.0,0.002430555555555555,0.0,0.0,0.002430555555555555,Transit,Fishing - Longliner
700057512,VESSEL_BRA_009,KR,transit,1.0,longliner,0.9999999791728817,0.0,0.0,0.0,0.0,0.0,0.0,0.0,1.0,0.0,0.002430555555555555,0.0,0.0,0.002430555555555555,Transit,Fishing - Longliner
700057512,VESSEL_BRA_009,KR,transit,1.0,longliner,0.9999999791728817,0.0,0.0,0.0,0.0,0.0,0.0,0.0,1.0,0.0,0.002430555555555555,0.0,0.0,0.002430555555555555,Transit,Fishing - Longliner
700057512,VESSEL_BRA_009,KR,transit,1.0,longliner,0.9999999792926657,0.0,0.0,0.0,0.0,0.0,0.0,0.0,1.0,0.0,0.002430555555555555,0.0,0.0,0.002430555555555555,Transit,Fishing - Longliner
700057512,VESSEL_BRA_009,KR,transit,1.0,longliner,0.9999999792926657,0.0,0.0,0.0,0.0,0.0,0.0,0.0,1.0,0.0,0.002430555555555555,0.0,0.0,0.002430555555555555,Transit,Fishing - Longliner
700057512,VESSEL_BRA_009,KR,transit,1.0,longliner,0.9999999792926657,0.0,0.0,0.0,0.0,0.0,0.0,0.0,1.0,0.0,0.002430555555555555,0.0,0.0,0.002430555555555555,Transit,Fishing - Longliner
700057512,VESSEL_BRA_009,KR,transit,1.0,longliner,0.9999999791728817,0.0,0.0,0.0,0.0,0.0,0.0,0.0,1.0,0.0,0.002430555555555555,0.0,0.0,0.002430555555555555,Transit,Fishing - Longliner
700057512,VESSEL_BRA_009,KR,transit,1.0,longliner,0.9999999791728817,0.0,0.0,0.0,0.0,0.0,0.0,0.0,1.0,0.0,0.002430555555555555,0.0,0.0,0.002430555555555555,Transit,Fishing - Longliner
700057512,VESSEL_BRA_009,KR,fishing,0.9276507936507937,longliner,0.9999999795635042,0.0,0.0,0.0,0.9276507936507937,0.004999999999999999,0.0016666666666666668,0.0,0.06401587301587301,0.0016666666666666668,0.002430555555555555,0.35,0.0,0.35,Fishing,Fishing - Longliner
700057512,VESSEL_BRA_009,KR,fishing,1.0,longliner,0.9999999797030921,0.0,0.0,0.0,1.0,0.0,0.0,0.0,0.0,0.0,0.002430555555555555,0.35,0.0,0.35,Fishing,Fishing - Longliner
700057512,VESSEL_BRA_009,KR,fishing,1.0,longliner,0.9999999786484288,0.0,0.0,0.0,1.0,0.0,0.0,0.0,0.0,0.0,0.002430555555555555,0.35,0.0,0.35,Fishing,Fishing - Longliner
700057512,VESSEL_BRA_009,KR,fishing,1.0,longliner,0.9999999786484288,0.0,0.0,0.0,1.0,0.0,0.0,0.0,0.0,0.0,0.002430555555555555,0.35,0.0,0.35,Fishing,Fishing - Longliner
700057512,VESSEL_BRA_009,KR,fishing,0.9966666666666667,longliner,0.9999999786542775,0.0,0.0,0.0,0.9966666666666667,0.0033333333333333335,0.0,0.0,0.0,0.0,0.002430555555555555,0.35,0.0,0.35,Fishing,Fishing - Longliner
700057512,VESSEL_BRA_009,KR,fishing,0.9993333333333334,longliner,0.9999999786542775,0.0,0.0,0.0,0.9993333333333334,0.0006666666666666668,0.0,0.0,0.0,0.0,0.002430555555555555,0.35,0.0,0.35,Fishing,Fishing - Longliner
700057512,VESSEL_BRA_009,KR,fishing,0.9955555555555554,longliner,0.9999999786542775,0.0,0.0,0.0,0.9955555555555554,0.0044444444444444444,0.0,0.0,0.0,0.0,0.002430555555555555,0.35,0.0,0.35,Fishing,Fishing - Longliner
700057512,VESSEL_BRA_009,KR,fishing,1.0,longliner,0.9999999786542775,0.0,0.0,0.0,1.0,0.0,0.0,0.0,0.0,0.0,0.002430555555555555,0.35,0.0,0.35,Fishing,Fishing - Longliner
700057512,VESSEL_BRA_009,KR,fishing,1.0,longliner,0.9999999786542775,0.0,0.0,0.0,1.0,0.0,0.0,0.0,0.0,0.0,0.002430555555555555,0.35,0.0,0.35,Fishing,Fishing - Longliner
700057512,VESSEL_BRA_009,KR,fishing,1.0,longliner,0.9999999786542775,0.0,0.0,0.0,1.0,0.0,0.0,0.0,0.0,0.0,0.002430555555555555,0.35,0.0,0.35,Fishing,Fishing - Longliner
700057512,VESSEL_BRA_009,KR,fishing,0.9966666666666667,longliner,0.9999999786542775,0.0,0.0,0.0,0.9966666666666667,0.0033333333333333335,0.0,0.0,0.0,0.0,0.002430555555555555,0.35,0.0,0.35,Fishing,Fishing - Longliner
700057512,VESSEL_BRA_009,KR,fishing,1.0,longliner,0.9999999786542775,0.0,0.0,0.0,1.0,0.0,0.0,0.0,0.0,0.0,0.002430555555555555,0.35,0.0,0.35,Fishing,Fishing - Longliner
700057512,VESSEL_BRA_009,KR,fishing,1.0,longliner,0.9999999786542775,0.0,0.0,0.0,1.0,0.0,0.0,0.0,0.0,0.0,0.002430555555555555,0.35,0.0,0.35,Fishing,Fishing - Longliner
700057512,VESSEL_BRA_009,KR,fishing,0.9944444444444446,longliner,0.9999999786542775,0.0,0.0022222222222222222,0.0,0.9944444444444446,0.0033333333333333335,0.0,0.0,0.0,0.0,0.002430555555555555,0.35,0.0,0.35,Fishing,Fishing - Longliner
700057512,VESSEL_BRA_009,KR,fishing,1.0,longliner,0.9999999786542775,0.0,0.0,0.0,1.0,0.0,0.0,0.0,0.0,0.0,0.002430555555555555,0.35,0.0,0.35,Fishing,Fishing - Longliner
700057512,VESSEL_BRA_009,KR,fishing,1.0,longliner,0.9999999786542775,0.0,0.0,0.0,1.0,0.0,0.0,0.0,0.0,0.0,0.002430555555555555,0.35,0.0,0.35,Fishing,Fishing - Longliner
700057512,VESSEL_BRA_009,KR,fishing,0.9887301587301588,longliner,0.9999999786542775,0.005555555555555555,0.0,0.0,0.9887301587301588,0.0,0.0,0.0,0.0016666666666666668,0.004047619047619048,0.002430555555555555,0.35,0.0,0.35,Fishing,Fishing - Longliner
700057512,VESSEL_BRA_009,KR,fishing,0.9944444444444444,longliner,0.9999999786542775,0.0,0.0,0.0022222222222222222,0.9944444444444444,0.0,0.0,0.0,0.0033333333333333335,0.0,0.002430555555555555,0.35,0.0,0.35,Fishing,Fishing - Longliner
700057512,VESSEL_BRA_009,KR,transit,0.6814355447680689,longliner,0.9999999795635042,0.0022222222222222222,0.0027777777777777775,0.008452380952380953,0.19516639697950375,0.024761904761904763,0.028643473570658044,0.0,0.6814355447680689,0.05654029896748343,0.002430555555555555,0.0,0.0,0.002430555555555555,Transit,Fishing - Longliner
700057512,VESSEL_BRA_009,KR,transit,1.0,longliner,0.9999999797030921,0.0,0.0,0.0,0.0,0.0,0.0,0.0,1.0,0.0,0.002430555555555555,0.0,0.0,0.002430555555555555,Transit,Fishing - Longliner
700057512,VESSEL_BRA_009,KR,transit,1.0,longliner,0.9999999797030921,0.0,0.0,0.0,0.0,0.0,0.0,0.0,1.0,0.0,0.002430555555555555,0.0,0.0,0.002430555555555555,Transit,Fishing - Longliner
700057512,VESSEL_BRA_009,KR,fishing,0.9794444444444443,longliner,0.9999999795635042,0.0,0.0,0.0,0.9794444444444443,0.0,0.0016666666666666668,0.0,0.018888888888888886,0.0,0.002430555555555555,0.35,0.0,0.35,Fishing,Fishing - Longliner
700057512,VESSEL_BRA_009,KR,fishing,0.9966666666666667,longliner,0.9999999792926657,0.0,0.0,0.0,0.9966666666666667,0.0033333333333333335,0.0,0.0,0.0,0.0,0.002430555555555555,0.35,0.0,0.35,Fishing,Fishing - Longliner
700057512,VESSEL_BRA_009,KR,fishing,1.0,longliner,0.9999999786542775,0.0,0.0,0.0,1.0,0.0,0.0,0.0,0.0,0.0,0.002430555555555555,0.35,0.0,0.35,Fishing,Fishing - Longliner
700057512,VESSEL_BRA_009,KR,fishing,1.0,longliner,0.9999999786542775,0.0,0.0,0.0,1.0,0.0,0.0,0.0,0.0,0.0,0.002430555555555555,0.35,0.0,0.35,Fishing,Fishing - Longliner
700057512,VESSEL_BRA_009,KR,fishing,0.9419761904761905,longliner,0.9999999786542775,0.002761904761904762,0.010111111111111112,0.0,0.9419761904761905,0.009984126984126984,0.0,0.0,0.007833333333333333,0.027333333333333338,0.002430555555555555,0.35,0.0,0.35,Fishing,Fishing - Longliner
700057512,VESSEL_BRA_009,KR,fishing,0.997142857142857,longliner,0.9999999786542775,0.0014285714285714286,0.0,0.0,0.997142857142857,0.0014285714285714286,0.0,0.0,0.0,0.0,0.002430555555555555,0.35,0.0,0.35,Fishing,Fishing - Longliner
700057512,VESSEL_BRA_009,KR,fishing,1.0,longliner,0.9999999786542775,0.0,0.0,0.0,1.0,0.0,0.0,0.0,0.0,0.0,0.002430555555555555,0.35,0.0,0.35,Fishing,Fishing - Longliner
700057512,VESSEL_BRA_009,KR,fishing,1.0,longliner,0.9999999786542775,0.0,0.0,0.0,1.0,0.0,0.0,0.0,0.0,0.0,0.002430555555555555,0.35,0.0,0.35,Fishing,Fishing - Longliner
700057512,VESSEL_BRA_009,KR,fishing,1.0,longliner,0.9999999786542775,0.0,0.0,0.0,1.0,0.0,0.0,0.0,0.0,0.0,0.002430555555555555,0.35,0.0,0.35,Fishing,Fishing - Longliner
700057512,VESSEL_BRA_009,KR,fishing,0.9960317460317459,longliner,0.9999999786542775,0.0014285714285714286,0.0,0.0,0.9960317460317459,0.0014285714285714286,0.0,0.0,0.0,0.0011111111111111111,0.002430555555555555,0.35,0.0,0.35,Fishing,Fishing - Longliner
700057512,VESSEL_BRA_009,KR,fishing,1.0,longliner,0.9999999786542775,0.0,0.0,0.0,1.0,0.0,0.0,0.0,0.0,0.0,0.002430555555555555,0.35,0.0,0.35,Fishing,Fishing - Longliner
700057512,VESSEL_BRA_009,KR,fishing,0.9927777777777778,longliner,0.9999999786542775,0.0033333333333333335,0.0,0.0,0.9927777777777778,0.0022222222222222222,0.0,0.0,0.0,0.0016666666666666668,0.002430555555555555,0.35,0.0,0.35,Fishing,Fishing - Longliner
700057512,VESSEL_BRA_009,KR,fishing,0.8729744651483782,longliner,0.9999999786542775,0.002444444444444445,0.006666666666666667,0.07233091787439613,0.8729744651483782,0.025111111111111112,0.0,0.0011111111111111111,0.0075,0.011861283643892339,0.002430555555555555,0.35,0.0,0.35,Fishing,Fishing - Longliner
700057512,VESSEL_BRA_009,KR,fishing,0.9966666666666667,longliner,0.9999999786542775,0.0,0.0,0.0,0.9966666666666667,0.0033333333333333335,0.0,0.0,0.0,0.0,0.002430555555555555,0.35,0.0,0.35,Fishing,Fishing - Longliner
700057512,VESSEL_BRA_009,KR,fishing,1.0,longliner,0.9999999786542775,0.0,0.0,0.0,1.0,0.0,0.0,0.0,0.0,0.0,0.002430555555555555,0.35,0.0,0.35,Fishing,Fishing - Longliner
700057512,VESSEL_BRA_009,KR,fishing,0.9966666666666667,longliner,0.9999999786542775,0.0,0.0,0.0,0.9966666666666667,0.0033333333333333335,0.0,0.0,0.0,0.0,0.002430555555555555,0.35,0.0,0.35,Fishing,Fishing - Longliner
700057512,VESSEL_BRA_009,KR,fishing,0.9906666666666666,longliner,0.9999999786484415,0.0,0.0,0.0,0.9906666666666666,0.0033333333333333335,0.0,0.0,0.0,0.006,0.002430555555555555,0.35,0.0,0.35,Fishing,Fishing - Longliner
700057512,VESSEL_BRA_009,KR,fishing,0.9411388888888887,longliner,0.9999999797030921,0.0,0.011666666666666665,0.006388888888888888,0.9411388888888887,0.004722222222222221,0.0,0.0008333333333333334,0.03525,0.0,0.002430555555555555,0.35,0.0,0.35,Fishing,Fishing - Longliner
700057512,VESSEL_BRA_009,KR,transit,0.897611111111111,longliner,0.9999999795635042,0.009166666666666665,0.0,0.0,0.08187301587301586,0.0,0.0044444444444444444,0.006904761904761904,0.897611111111111,0.0,0.002430555555555555,0.0,0.0,0.002430555555555555,Transit,Fishing - Longliner
700057512,VESSEL_BRA_009,KR,transit,1.0,longliner,0.9999999792926657,0.0,0.0,0.0,0.0,0.0,0.0,0.0,1.0,0.0,0.002430555555555555,0.0,0.0,0.002430555555555555,Transit,Fishing - Longliner
700057512,VESSEL_BRA_009,KR,transit,1.0,longliner,0.9999999791728817,0.0,0.0,0.0,0.0,0.0,0.0,0.0,1.0,0.0,0.002430555555555555,0.0,0.0,0.002430555555555555,Transit,Fishing - Longliner
700057512,VESSEL_BRA_009,KR,transit,1.0,longliner,0.9999999791728817,0.0,0.0,0.0,0.0,0.0,0.0,0.0,1.0,0.0,0.002430555555555555,0.0,0.0,0.002430555555555555,Transit,Fishing - Longliner
700057512,VESSEL_BRA_009,KR,transit,1.0,longliner,0.9999999791728817,0.0,0.0,0.0,0.0,0.0,0.0,0.0,1.0,0.0,0.002430555555555555,0.0,0.0,0.002430555555555555,Transit,Fishing - Longliner
700057512,VESSEL_BRA_009,KR,transit,1.0,longliner,0.9999999791728817,0.0,0.0,0.0,0.0,0.0,0.0,0.0,1.0,0.0,0.002430555555555555,0.0,0.0,0.002430555555555555,Transit,Fishing - Longliner
700057512,VESSEL_BRA_009,KR,transit,1.0,longliner,0.9999999791728817,0.0,0.0,0.0,0.0,0.0,0.0,0.0,1.0,0.0,0.002430555555555555,0.0,0.0,0.002430555555555555,Transit,Fishing - Longliner
700057512,VESSEL_BRA_009,KR,transit,1.0,longliner,0.9999999791728817,0.0,0.0,0.0,0.0,0.0,0.0,0.0,1.0,0.0,0.002430555555555555,0.0,0.0,0.002430555555555555,Transit,Fishing - Longliner
700057512,VESSEL_BRA_009,KR,transit,1.0,longliner,0.9999999791728817,0.0,0.0,0.0,0.0,0.0,0.0,0.0,1.0,0.0,0.002430555555555555,0.0,0.0,0.002430555555555555,Transit,Fishing - Longliner
700057512,VESSEL_BRA_009,KR,transit,1.0,longliner,0.9999999791728817,0.0,0.0,0.0,0.0,0.0,0.0,0.0,1.0,0.0,0.002430555555555555,0.0,0.0,0.002430555555555555,Transit,Fishing - Longliner
700057512,VESSEL_BRA_009,KR,transit,1.0,longliner,0.9999999791728817,0.0,0.0,0.0,0.0,0.0,0.0,0.0,1.0,0.0,0.002430555555555555,0.0,0.0,0.002430555555555555,Transit,Fishing - Longliner
700057512,VESSEL_BRA_009,KR,transit,1.0,longliner,0.9999999791728817,0.0,0.0,0.0,0.0,0.0,0.0,0.0,1.0,0.0,0.002430555555555555,0.0,0.0,0.002430555555555555,Transit,Fishing - Longliner
700057512,VESSEL_BRA_009,KR,transit,1.0,longliner,0.9999999791728817,0.0,0.0,0.0,0.0,0.0,0.0,0.0,1.0,0.0,0.002430555555555555,0.0,0.0,0.002430555555555555,Transit,Fishing - Longliner
700057512,VESSEL_BRA_009,KR,transit,1.0,longliner,0.9999999792926657,0.0,0.0,0.0,0.0,0.0,0.0,0.0,1.0,0.0,0.002430555555555555,0.0,0.0,0.002430555555555555,Transit,Fishing - Longliner
700057512,VESSEL_BRA_009,KR,transit,1.0,longliner,0.9999999791728817,0.0,0.0,0.0,0.0,0.0,0.0,0.0,1.0,0.0,0.002430555555555555,0.0,0.0,0.002430555555555555,Transit,Fishing - Longliner
700057512,VESSEL_BRA_009,KR,transit,1.0,longliner,0.9999999791728817,0.0,0.0,0.0,0.0,0.0,0.0,0.0,1.0,0.0,0.002430555555555555,0.0,0.0,0.002430555555555555,Transit,Fishing - Longliner
700057512,VESSEL_BRA_009,KR,transit,1.0,longliner,0.9999999791728817,0.0,0.0,0.0,0.0,0.0,0.0,0.0,1.0,0.0,0.002430555555555555,0.0,0.0,0.002430555555555555,Transit,Fishing - Longliner
700057512,VESSEL_BRA_009,KR,transit,1.0,longliner,0.9999999791728817,0.0,0.0,0.0,0.0,0.0,0.0,0.0,1.0,0.0,0.002430555555555555,0.0,0.0,0.002430555555555555,Transit,Fishing - Longliner
700057512,VESSEL_BRA_009,KR,transit,1.0,longliner,0.9999999791728817,0.0,0.0,0.0,0.0,0.0,0.0,0.0,1.0,0.0,0.002430555555555555,0.0,0.0,0.002430555555555555,Transit,Fishing - Longliner
700057512,VESSEL_BRA_009,KR,transit,1.0,longliner,0.9999999791728817,0.0,0.0,0.0,0.0,0.0,0.0,0.0,1.0,0.0,0.002430555555555555,0.0,0.0,0.002430555555555555,Transit,Fishing - Longliner
700057512,VESSEL_BRA_009,KR,transit,1.0,longliner,0.9999999791728817,0.0,0.0,0.0,0.0,0.0,0.0,0.0,1.0,0.0,0.002430555555555555,0.0,0.0,0.002430555555555555,Transit,Fishing - Longliner
700057512,VESSEL_BRA_009,KR,transit,1.0,longliner,0.9999999791728817,0.0,0.0,0.0,0.0,0.0,0.0,0.0,1.0,0.0,0.002430555555555555,0.0,0.0,0.002430555555555555,Transit,Fishing - Longliner
700057512,VESSEL_BRA_009,KR,transit,1.0,longliner,0.9999999791728817,0.0,0.0,0.0,0.0,0.0,0.0,0.0,1.0,0.0,0.002430555555555555,0.0,0.0,0.002430555555555555,Transit,Fishing - Longliner
700057512,VESSEL_BRA_009,KR,transit,1.0,longliner,0.9999999791728817,0.0,0.0,0.0,0.0,0.0,0.0,0.0,1.0,0.0,0.002430555555555555,0.0,0.0,0.002430555555555555,Transit,Fishing - Longliner
700057512,VESSEL_BRA_009,KR,transit,1.0,longliner,0.9999999791728817,0.0,0.0,0.0,0.0,0.0,0.0,0.0,1.0,0.0,0.002430555555555555,0.0,0.0,0.002430555555555555,Transit,Fishing - Longliner
700057512,VESSEL_BRA_009,KR,transit,1.0,longliner,0.9999999791728817,0.0,0.0,0.0,0.0,0.0,0.0,0.0,1.0,0.0,0.002430555555555555,0.0,0.0,0.002430555555555555,Transit,Fishing - Longliner
700057512,VESSEL_BRA_009,KR,transit,0.9997411003236247,longliner,0.9999999791728817,0.0,0.0,0.0,0.0001941747572815534,0.0,3.2362459546925564e-05,0.0,0.9997411003236247,3.2362459546925564e-05,0.002430555555555555,0.0,0.0,0.002430555555555555,Transit,Fishing - Longliner
700057512,VESSEL_BRA_009,KR,transit,1.0,longliner,0.9999999791728817,0.0,0.0,0.0,0.0,0.0,0.0,0.0,1.0,0.0,0.002430555555555555,0.0,0.0,0.002430555555555555,Transit,Fishing - Longliner
700057512,VESSEL_BRA_009,KR,transit,1.0,longliner,0.9999999791728817,0.0,0.0,0.0,0.0,0.0,0.0,0.0,1.0,0.0,0.002430555555555555,0.0,0.0,0.002430555555555555,Transit,Fishing - Longliner
700057512,VESSEL_BRA_009,KR,transit,0.9997411003236247,longliner,0.9999999791728817,0.0,0.0,0.0,0.0001941747572815534,0.0,3.2362459546925564e-05,0.0,0.9997411003236247,3.2362459546925564e-05,0.002430555555555555,0.0,0.0,0.002430555555555555,Transit,Fishing - Longliner
700057512,VESSEL_BRA_009,KR,transit,0.9997411003236247,longliner,0.9999999791728817,0.0,0.0,0.0,0.0001941747572815534,0.0,3.2362459546925564e-05,0.0,0.9997411003236247,3.2362459546925564e-05,0.002430555555555555,0.0,0.0,0.002430555555555555,Transit,Fishing - Longliner
700057512,VESSEL_BRA_009,KR,transit,0.9966666666666667,longliner,0.9999999791728817,0.0,0.0,0.0,0.0,0.0,0.0033333333333333335,0.0,0.9966666666666667,0.0,0.002430555555555555,0.0,0.0,0.002430555555555555,Transit,Fishing - Longliner
700057512,VESSEL_BRA_009,KR,transit,1.0,longliner,0.9999999791728817,0.0,0.0,0.0,0.0,0.0,0.0,0.0,1.0,0.0,0.002430555555555555,0.0,0.0,0.002430555555555555,Transit,Fishing - Longliner
700057512,VESSEL_BRA_009,KR,transit,0.9997411003236247,longliner,0.9999999791728817,0.0,0.0,0.0,0.0001941747572815534,0.0,3.2362459546925564e-05,0.0,0.9997411003236247,3.2362459546925564e-05,0.002430555555555555,0.0,0.0,0.002430555555555555,Transit,Fishing - Longliner
700057512,VESSEL_BRA_009,KR,transit,1.0,longliner,0.9999999791728817,0.0,0.0,0.0,0.0,0.0,0.0,0.0,1.0,0.0,0.002430555555555555,0.0,0.0,0.002430555555555555,Transit,Fishing - Longliner
700057512,VESSEL_BRA_009,KR,transit,1.0,longliner,0.9999999791728817,0.0,0.0,0.0,0.0,0.0,0.0,0.0,1.0,0.0,0.002430555555555555,0.0,0.0,0.002430555555555555,Transit,Fishing - Longliner
700057512,VESSEL_BRA_009,KR,transit,1.0,longliner,0.9999999791728817,0.0,0.0,0.0,0.0,0.0,0.0,0.0,1.0,0.0,0.002430555555555555,0.0,0.0,0.002430555555555555,Transit,Fishing - Longliner
700057512,VESSEL_BRA_009,KR,transit,1.0,longliner,0.9999999791728817,0.0,0.0,0.0,0.0,0.0,0.0,0.0,1.0,0.0,0.002430555555555555,0.0,0.0,0.002430555555555555,Transit,Fishing - Longliner
700057513,VESSEL_BRA_010,CN,transit,1.0,longliner,0.5062420114167345,0.0,0.0,0.0,0.0,0.0,0.0,0.0,1.0,0.0,0.002430555555555555,0.0,0.0,0.002430555555555555,Transit,Fishing - Longliner
700057513,VESSEL_BRA_010,CN,transit,1.0,longliner,0.5062420114167345,0.0,0.0,0.0,0.0,0.0,0.0,0.0,1.0,0.0,0.002430555555555555,0.0,0.0,0.002430555555555555,Transit,Fishing - Longliner
700057513,VESSEL_BRA_010,CN,transit,0.9966666666666667,longliner,0.5062420114167345,0.0,0.0,0.0,0.0,0.0,0.0033333333333333335,0.0,0.9966666666666667,0.0,0.002430555555555555,0.0,0.0,0.002430555555555555,Transit,Fishing - Longliner
700057513,VESSEL_BRA_010,CN,transit,0.9964077669902913,longliner,0.5062420114167345,0.0,0.0,0.0,0.0001941747572815534,0.0,0.003365695792880259,0.0,0.9964077669902913,3.2362459546925564e-05,0.002430555555555555,0.0,0.0,0.002430555555555555,Transit,Fishing - Longliner
700057513,VESSEL_BRA_010,CN,transit,1.0,longliner,0.5062420114167345,0.0,0.0,0.0,0.0,0.0,0.0,0.0,1.0,0.0,0.002430555555555555,0.0,0.0,0.002430555555555555,Transit,Fishing - Longliner
700057513,VESSEL_BRA_010,CN,transit,0.9997411003236247,longliner,0.5425534135251782,0.0,0.0,0.0,0.0001941747572815534,0.0,3.2362459546925564e-05,0.0,0.9997411003236247,3.2362459546925564e-05,0.002430555555555555,0.0,0.0,0.002430555555555555,Transit,Fishing - Longliner
700057513,VESSEL_BRA_010,CN,transit,0.6379603174603173,longliner,0.5523082091196803,0.0011111111111111111,0.0,0.0,0.24315079365079362,0.007166666666666667,0.10061111111111111,0.0,0.6379603174603173,0.01,0.002430555555555555,0.0,0.0,0.002430555555555555,Transit,Fishing - Longliner
700057513,VESSEL_BRA_010,CN,fishing,0.9573888888888888,longliner,0.6351543892315428,0.0,0.0,0.0,0.9573888888888888,0.005,0.0008333333333333334,0.0,0.031222222222222224,0.005555555555555555,0.002430555555555555,0.5572228647775977,0.0,0.5572228647775977,Fishing,Fishing - Longliner
700057513,VESSEL_BRA_010,CN,fishing,0.986111111111111,longliner,0.7063629052395014,0.0,0.0,0.005555555555555555,0.986111111111111,0.0,0.0,0.0,0.0016666666666666668,0.006666666666666667,0.002430555555555555,0.5569576949542244,0.0,0.5569576949542244,Fishing,Fishing - Longliner
700057513,VESSEL_BRA_010,CN,fishing,0.995,longliner,0.7063629052416339,0.0,0.0,0.0,0.995,0.0033333333333333335,0.0,0.0,0.0,0.0016666666666666668,0.002430555555555555,0.5567342867552365,0.0,0.5567342867552365,Fishing,Fishing - Longliner
700057513,VESSEL_BRA_010,CN,fishing,0.9966666666666667,longliner,0.7063629052416339,0.0,0.0,0.0,0.9966666666666667,0.0033333333333333335,0.0,0.0,0.0,0.0,0.002430555555555555,0.5555329064748855,0.0,0.5555329064748855,Fishing,Fishing - Longliner
700057513,VESSEL_BRA_010,CN,fishing,0.9916666666666667,longliner,0.7063629052416339,0.0,0.0,0.0033333333333333335,0.9916666666666667,0.0033333333333333335,0.0,0.0,0.0,0.0016666666666666668,0.002430555555555555,0.5542154026465582,0.0,0.5542154026465582,Fishing,Fishing - Longliner
700057513,VESSEL_BRA_010,CN,fishing,0.980111111111111,longliner,0.7063629052416339,0.0,0.0022222222222222222,0.0044444444444444444,0.980111111111111,0.005,0.0,0.0,0.0,0.008222222222222223,0.002430555555555555,0.5529643561009725,0.0,0.5529643561009725,Fishing,Fishing - Longliner
700057513,VESSEL_BRA_010,CN,fishing,0.995,longliner,0.7063629052416339,0.0,0.0,0.0,0.995,0.0033333333333333335,0.0,0.0,0.0,0.0016666666666666668,0.002430555555555555,0.5520013851883561,0.0,0.5520013851883561,Fishing,Fishing - Longliner
700057513,VESSEL_BRA_010,CN,fishing,0.9872222222222221,longliner,0.7063629052416339,0.0,0.0,0.0033333333333333335,0.9872222222222221,0.005873015873015873,0.0,0.0,0.0,0.0035714285714285713,0.002430555555555555,0.551084642225842,0.0,0.551084642225842,Fishing,Fishing - Longliner
700057513,VESSEL_BRA_010,CN,fishing,0.9975,longliner,0.7063629052416339,0.0,0.0,0.0,0.9975,0.0,0.0,0.0,0.0,0.0025,0.002430555555555555,0.5496256091723456,0.0,0.5496256091723456,Fishing,Fishing - Longliner
700057513,VESSEL_BRA_010,CN,fishing,1.0,longliner,0.7063629052416339,0.0,0.0,0.0,1.0,0.0,0.0,0.0,0.0,0.0,0.002430555555555555,0.5481011726068644,0.0,0.5481011726068644,Fishing,Fishing - Longliner
700057513,VESSEL_BRA_010,CN,fishing,1.0,longliner,0.7063629052416339,0.0,0.0,0.0,1.0,0.0,0.0,0.0,0.0,0.0,0.002430555555555555,0.5477377476881834,0.0,0.5477377476881834,Fishing,Fishing - Longliner
700057513,VESSEL_BRA_010,CN,fishing,0.9916666666666667,longliner,0.7063629052416339,0.0,0.0,0.0,0.9916666666666667,0.006666666666666667,0.0,0.0,0.0,0.0016666666666666668,0.002430555555555555,0.5484226319807282,0.0,0.5484226319807282,Fishing,Fishing - Longliner
700057513,VESSEL_BRA_010,CN,fishing,0.9933333333333333,longliner,0.7063629052416339,0.0,0.0,0.0,0.9933333333333333,0.004761904761904762,0.0,0.0,0.0,0.0019047619047619048,0.002430555555555555,0.5493767503195794,0.0,0.5493767503195794,Fishing,Fishing - Longliner
700057513,VESSEL_BRA_010,CN,fishing,1.0,longliner,0.7063629052416339,0.0,0.0,0.0,1.0,0.0,0.0,0.0,0.0,0.0,0.002430555555555555,0.5505511547178213,0.0,0.5505511547178213,Fishing,Fishing - Longliner
700057513,VESSEL_BRA_010,CN,fishing,1.0,longliner,0.7063629052416339,0.0,0.0,0.0,1.0,0.0,0.0,0.0,0.0,0.0,0.002430555555555555,0.5518797248489093,0.0,0.5518797248489093,Fishing,Fishing - Longliner
700057513,VESSEL_BRA_010,CN,fishing,1.0,longliner,0.5274744748153896,0.0,0.0,0.0,1.0,0.0,0.0,0.0,0.0,0.0,0.002430555555555555,0.5523847398214213,0.0,0.5523847398214213,Fishing,Fishing - Longliner
700057513,VESSEL_BRA_010,CN,fishing,0.7244485852311942,longliner,0.5523082091196803,0.043644927536231885,0.0365576259489303,0.01607142857142857,0.7244485852311942,0.014517943409247757,0.0,0.02701932367149758,0.11987301587301587,0.017867149758454107,0.002430555555555555,0.5511390285540667,0.0,0.5511390285540667,Fishing,Fishing - Longliner
700057513,VESSEL_BRA_010,CN,transit,0.8915,longliner,0.7941837889257759,0.004722222222222221,0.013777777777777776,0.0,0.03211111111111111,0.006666666666666667,0.0,0.04427777777777778,0.8915,0.006944444444444445,0.002430555555555555,0.0,0.0,0.002430555555555555,Transit,Fishing - Longliner
700057513,VESSEL_BRA_010,CN,transit,1.0,longliner,0.5062420114167345,0.0,0.0,0.0,0.0,0.0,0.0,0.0,1.0,0.0,0.002430555555555555,0.0,0.0,0.002430555555555555,Transit,Fishing - Longliner
700057513,VESSEL_BRA_010,CN,transit,1.0,longliner,0.516411463728279,0.0,0.0,0.0,0.0,0.0,0.0,0.0,1.0,0.0,0.002430555555555555,0.0,0.0,0.002430555555555555,Transit,Fishing - Longliner
700057513,VESSEL_BRA_010,CN,transit,0.9986299892125134,longliner,0.516411463728279,0.0,0.0,0.0,0.0001941747572815534,0.0,0.0011434735706580366,0.0,0.9986299892125134,3.2362459546925564e-05,0.002430555555555555,0.0,0.0,0.002430555555555555,Transit,Fishing - Longliner
700057513,VESSEL_BRA_010,CN,fishing,0.9482777777777778,longliner,0.7941837889257759,0.0,0.0,0.0,0.9482777777777778,0.005555555555555555,0.015888888888888886,0.0,0.02777777777777778,0.0025,0.002430555555555555,0.5170369792605949,0.0,0.5170369792605949,Fishing,Fishing - Longliner
700057513,VESSEL_BRA_010,CN,fishing,0.9966666666666667,longliner,0.5249733955480813,0.0,0.0,0.0,0.9966666666666667,0.0033333333333333335,0.0,0.0,0.0,0.0,0.002430555555555555,0.5166696180495857,0.0,0.5166696180495857,Fishing,Fishing - Longliner
700057513,VESSEL_BRA_010,CN,fishing,0.991111111111111,longliner,0.7063629052416339,0.0,0.0,0.005555555555555555,0.991111111111111,0.0,0.0,0.0,0.0,0.0033333333333333335,0.002430555555555555,0.5179133499493715,0.0,0.5179133499493715,Fishing,Fishing - Longliner
700057513,VESSEL_BRA_010,CN,fishing,0.9966666666666667,longliner,0.7063629052416339,0.0,0.0,0.0033333333333333335,0.9966666666666667,0.0,0.0,0.0,0.0,0.0,0.002430555555555555,0.5182028513097536,0.0,0.5182028513097536,Fishing,Fishing - Longliner
700057513,VESSEL_BRA_010,CN,fishing,0.9911111111111113,longliner,0.7063629052416339,0.0,0.0,0.0033333333333333335,0.9911111111111113,0.0033333333333333335,0.0,0.0,0.0022222222222222222,0.0,0.002430555555555555,0.5187080156122901,0.0,0.5187080156122901,Fishing,Fishing - Longliner
700057513,VESSEL_BRA_010,CN,fishing,1.0,longliner,0.7063629052416339,0.0,0.0,0.0,1.0,0.0,0.0,0.0,0.0,0.0,0.002430555555555555,0.5187188749336538,0.0,0.5187188749336538,Fishing,Fishing - Longliner
700057513,VESSEL_BRA_010,CN,fishing,1.0,longliner,0.7063629052416339,0.0,0.0,0.0,1.0,0.0,0.0,0.0,0.0,0.0,0.002430555555555555,0.5190761300051898,0.0,0.5190761300051898,Fishing,Fishing - Longliner
700057513,VESSEL_BRA_010,CN,fishing,1.0,longliner,0.7063629052416339,0.0,0.0,0.0,1.0,0.0,0.0,0.0,0.0,0.0,0.002430555555555555,0.5201270407395346,0.0,0.5201270407395346,Fishing,Fishing - Longliner
700057513,VESSEL_BRA_010,CN,fishing,0.99,longliner,0.7063629052416339,0.0,0.0,0.006666666666666667,0.99,0.0033333333333333335,0.0,0.0,0.0,0.0,0.002430555555555555,0.5213463097276789,0.0,0.5213463097276789,Fishing,Fishing - Longliner
700057513,VESSEL_BRA_010,CN,fishing,0.9944444444444446,longliner,0.7063629052416339,0.0,0.0,0.0,0.9944444444444446,0.0033333333333333335,0.0,0.0,0.0022222222222222222,0.0,0.002430555555555555,0.522874716936038,0.0,0.522874716936038,Fishing,Fishing - Longliner
700057513,VESSEL_BRA_010,CN,fishing,0.987142857142857,longliner,0.7063629052416339,0.0014285714285714286,0.0,0.0033333333333333335,0.987142857142857,0.004761904761904762,0.0,0.0,0.0,0.0033333333333333335,0.002430555555555555,0.5243161329635545,0.0,0.5243161329635545,Fishing,Fishing - Longliner
700057513,VESSEL_BRA_010,CN,fishing,0.9883333333333333,longliner,0.7063629052416339,0.0,0.0,0.0,0.9883333333333333,0.0033333333333333335,0.0,0.0,0.0,0.008333333333333333,0.002430555555555555,0.5243652589975027,0.0,0.5243652589975027,Fishing,Fishing - Longliner
700057513,VESSEL_BRA_010,CN,fishing,0.994,longliner,0.7063629052416339,0.0,0.0,0.0,0.994,0.006,0.0,0.0,0.0,0.0,0.002430555555555555,0.523370688243082,0.0,0.523370688243082,Fishing,Fishing - Longliner
700057513,VESSEL_BRA_010,CN,fishing,0.7517619047619047,longliner,0.6351543887104601,0.0175,0.0173015873015873,0.011111111111111112,0.7517619047619047,0.014499999999999999,0.0,0.03161111111111112,0.14482539682539686,0.011388888888888888,0.002430555555555555,0.5241932233996301,0.0,0.5241932233996301,Fishing,Fishing - Longliner
700057513,VESSEL_BRA_010,CN,transit,0.9073333333333334,longliner,0.5523082091196803,0.012777777777777777,0.012,0.0011111111111111111,0.01472222222222222,0.0,0.0,0.049,0.9073333333333334,0.0030555555555555553,0.002430555555555555,0.0,0.0,0.002430555555555555,Transit,Fishing - Longliner
700057513,VESSEL_BRA_010,CN,transit,0.9966666666666667,longliner,0.5062420114167345,0.0,0.0,0.0,0.0,0.0,0.0033333333333333335,0.0,0.9966666666666667,0.0,0.002430555555555555,0.0,0.0,0.002430555555555555,Transit,Fishing - Longliner
700057513,VESSEL_BRA_010,CN,transit,1.0,longliner,0.516411463728279,0.0,0.0,0.0,0.0,0.0,0.0,0.0,1.0,0.0,0.002430555555555555,0.0,0.0,0.002430555555555555,Transit,Fishing - Longliner
700057513,VESSEL_BRA_010,CN,transit,0.9466666666666667,longliner,0.516411463728279,0.004666666666666666,0.0006666666666666668,0.0033333333333333335,0.0,0.0,0.0,0.04466666666666666,0.9466666666666667,0.0,0.002430555555555555,0.0,0.0,0.002430555555555555,Transit,Fishing - Longliner
700057513,VESSEL_BRA_010,CN,transit,1.0,longliner,0.516411463728279,0.0,0.0,0.0,0.0,0.0,0.0,0.0,1.0,0.0,0.002430555555555555,0.0,0.0,0.002430555555555555,Transit,Fishing - Longliner
700057513,VESSEL_BRA_010,CN,transit,0.9977777777777778,longliner,0.516411463728279,0.0,0.0,0.0,0.0022222222222222222,0.0,0.0,0.0,0.9977777777777778,0.0,0.002430555555555555,0.0,0.0,0.002430555555555555,Transit,Fishing - Longliner
700057513,VESSEL_BRA_010,CN,transit,0.9977777777777778,longliner,0.516411463728279,0.0,0.0,0.0,0.0022222222222222222,0.0,0.0,0.0,0.9977777777777778,0.0,0.002430555555555555,0.0,0.0,0.002430555555555555,Transit,Fishing - Longliner
700057513,VESSEL_BRA_010,CN,transit,0.9966666666666667,longliner,0.5164184057929215,0.0,0.0,0.0,0.0,0.0,0.0033333333333333335,0.0,0.9966666666666667,0.0,0.002430555555555555,0.0,0.0,0.002430555555555555,Transit,Fishing - Longliner
700057513,VESSEL_BRA_010,CN,transit,0.9966666666666667,longliner,0.516411463728279,0.0,0.0,0.0,0.0,0.0,0.0033333333333333335,0.0,0.9966666666666667,0.0,0.002430555555555555,0.0,0.0,0.002430555555555555,Transit,Fishing - Longliner
700057513,VESSEL_BRA_010,CN,transit,0.9966666666666667,longliner,0.516411463728279,0.0,0.0,0.0,0.0,0.0,0.0033333333333333335,0.0,0.9966666666666667,0.0,0.002430555555555555,0.0,0.0,0.002430555555555555,Transit,Fishing - Longliner
700057513,VESSEL_BRA_010,CN,transit,0.9933333333333333,longliner,0.5164174137427808,0.0,0.0,0.0,0.0,0.0,0.006666666666666667,0.0,0.9933333333333333,0.0,0.002430555555555555,0.0,0.0,0.002430555555555555,Transit,Fishing - Longliner
700057513,VESSEL_BRA_010,CN,transit,0.9933333333333333,longliner,0.5220511010704316,0.0,0.0,0.0,0.0,0.0,0.006666666666666667,0.0,0.9933333333333333,0.0,0.002430555555555555,0.0,0.0,0.002430555555555555,Transit,Fishing - Longliner
700057513,VESSEL_BRA_010,CN,transit,0.9966666666666667,longliner,0.516411463728279,0.0,0.0,0.0,0.0,0.0,0.0033333333333333335,0.0,0.9966666666666667,0.0,0.002430555555555555,0.0,0.0,0.002430555555555555,Transit,Fishing - Longliner
700057513,VESSEL_BRA_010,CN,transit,0.9966666666666667,longliner,0.516411463728279,0.0,0.0,0.0,0.0,0.0,0.0033333333333333335,0.0,0.9966666666666667,0.0,0.002430555555555555,0.0,0.0,0.002430555555555555,Transit,Fishing - Longliner
700057513,VESSEL_BRA_010,CN,transit,0.9966666666666667,longliner,0.516411463728279,0.0,0.0,0.0,0.0,0.0,0.0033333333333333335,0.0,0.9966666666666667,0.0,0.002430555555555555,0.0,0.0,0.002430555555555555,Transit,Fishing - Longliner
700057513,VESSEL_BRA_010,CN,transit,0.9966666666666667,longliner,0.5425534135251782,0.0,0.0,0.0,0.0,0.0,0.0033333333333333335,0.0,0.9966666666666667,0.0,0.002430555555555555,0.0,0.0,0.002430555555555555,Transit,Fishing - Longliner
700057513,VESSEL_BRA_010,CN,transit,0.9966666666666667,longliner,0.5062420114167345,0.0,0.0,0.0,0.0,0.0,0.0033333333333333335,0.0,0.9966666666666667,0.0,0.002430555555555555,0.0,0.0,0.002430555555555555,Transit,Fishing - Longliner
700057513,VESSEL_BRA_010,CN,transit,0.9933333333333333,longliner,0.5062420114167345,0.0,0.0,0.0,0.0,0.0,0.006666666666666667,0.0,0.9933333333333333,0.0,0.002430555555555555,0.0,0.0,0.002430555555555555,Transit,Fishing - Longliner
700057513,VESSEL_BRA_010,CN,transit,0.9619999999999999,longliner,0.516411463728279,0.0,0.0,0.0033333333333333335,0.0,0.0,0.0033333333333333335,0.03133333333333333,0.9619999999999999,0.0,0.002430555555555555,0.0,0.0,0.002430555555555555,Transit,Fishing - Longliner
700057513,VESSEL_BRA_010,CN,transit,0.9780555555555556,longliner,0.516411463728279,0.0,0.0,0.0,0.0,0.0,0.006666666666666667,0.015277777777777777,0.9780555555555556,0.0,0.002430555555555555,0.0,0.0,0.002430555555555555,Transit,Fishing - Longliner
700057513,VESSEL_BRA_010,CN,transit,0.9933333333333333,longliner,0.516411463728279,0.0,0.0,0.0,0.0,0.0,0.006666666666666667,0.0,0.9933333333333333,0.0,0.002430555555555555,0.0,0.0,0.002430555555555555,Transit,Fishing - Longliner
700057513,VESSEL_BRA_010,CN,transit,0.9966666666666667,longliner,0.516411463728279,0.0,0.0,0.0,0.0,0.0,0.0033333333333333335,0.0,0.9966666666666667,0.0,0.002430555555555555,0.0,0.0,0.002430555555555555,Transit,Fishing - Longliner
700057513,VESSEL_BRA_010,CN,transit,0.99,longliner,0.516411463728279,0.0,0.0,0.0,0.0,0.0,0.01,0.0,0.99,0.0,0.002430555555555555,0.0,0.0,0.002430555555555555,Transit,Fishing - Longliner
700057513,VESSEL_BRA_010,CN,transit,0.9866666666666667,longliner,0.516411463728279,0.0,0.0,0.0,0.0,0.0,0.013333333333333334,0.0,0.9866666666666667,0.0,0.002430555555555555,0.0,0.0,0.002430555555555555,Transit,Fishing - Longliner
700057513,VESSEL_BRA_010,CN,transit,0.9852966558791801,longliner,0.5164174137427808,0.0,0.0,0.0,0.0001941747572815534,0.0,0.01447680690399137,0.0,0.9852966558791801,3.2362459546925564e-05,0.002430555555555555,0.0,0.0,0.002430555555555555,Transit,Fishing - Longliner
700057513,VESSEL_BRA_010,CN,transit,0.993074433656958,longliner,0.5220511010704316,0.0,0.0,0.0,0.0001941747572815534,0.0,0.006699029126213592,0.0,0.993074433656958,3.2362459546925564e-05,0.002430555555555555,0.0,0.0,0.002430555555555555,Transit,Fishing - Longliner
700057513,VESSEL_BRA_010,CN,transit,0.9919633225458468,longliner,0.5164174137427808,0.0,0.0,0.0,0.0001941747572815534,0.0,0.007810140237324703,0.0,0.9919633225458468,3.2362459546925564e-05,0.002430555555555555,0.0,0.0,0.002430555555555555,Transit,Fishing - Longliner
700057513,VESSEL_BRA_010,CN,transit,0.993074433656958,longliner,0.516411463728279,0.0,0.0,0.0,0.0001941747572815534,0.0,0.006699029126213592,0.0,0.993074433656958,3.2362459546925564e-05,0.002430555555555555,0.0,0.0,0.002430555555555555,Transit,Fishing - Longliner
700057513,VESSEL_BRA_010,CN,transit,0.9933333333333333,longliner,0.516411463728279,0.0,0.0,0.0,0.0,0.0,0.006666666666666667,0.0,0.9933333333333333,0.0,0.002430555555555555,0.0,0.0,0.002430555555555555,Transit,Fishing - Longliner
700057513,VESSEL_BRA_010,CN,transit,0.9933333333333333,longliner,0.516411463728279,0.0,0.0,0.0,0.0,0.0,0.006666666666666667,0.0,0.9933333333333333,0.0,0.002430555555555555,0.0,0.0,0.002430555555555555,Transit,Fishing - Longliner
700057513,VESSEL_BRA_010,CN,transit,0.9933333333333333,longliner,0.516411463728279,0.0,0.0,0.0,0.0,0.0,0.006666666666666667,0.0,0.9933333333333333,0.0,0.002430555555555555,0.0,0.0,0.002430555555555555,Transit,Fishing - Longliner
700057513,VESSEL_BRA_010,CN,transit,0.9933333333333333,longliner,0.516411463728279,0.0,0.0,0.0,0.0,0.0,0.006666666666666667,0.0,0.9933333333333333,0.0,0.002430555555555555,0.0,0.0,0.002430555555555555,Transit,Fishing - Longliner
700057513,VESSEL_BRA_010,CN,transit,0.9933333333333333,longliner,0.516411463728279,0.0,0.0,0.0,0.0,0.0,0.006666666666666667,0.0,0.9933333333333333,0.0,0.002430555555555555,0.0,0.0,0.002430555555555555,Transit,Fishing - Longliner
700057513,VESSEL_BRA_010,CN,transit,0.9933333333333333,longliner,0.516411463728279,0.0,0.0,0.0,0.0,0.0,0.006666666666666667,0.0,0.9933333333333333,0.0,0.002430555555555555,0.0,0.0,0.002430555555555555,Transit,Fishing - Longliner
700057513,VESSEL_BRA_010,CN,transit,0.9919633225458468,longliner,0.5425534135251782,0.0,0.0,0.0,0.0001941747572815534,0.0,0.007810140237324703,0.0,0.9919633225458468,3.2362459546925564e-05,0.002430555555555555,0.0,0.0,0.002430555555555555,Transit,Fishing - Longliner
700057513,VESSEL_BRA_010,CN,transit,0.9933333333333333,longliner,0.5425534135251782,0.0,0.0,0.0,0.0,0.0,0.006666666666666667,0.0,0.9933333333333333,0.0,0.002430555555555555,0.0,0.0,0.002430555555555555,Transit,Fishing - Longliner
700057513,VESSEL_BRA_010,CN,transit,0.9933333333333333,longliner,0.5425534135251782,0.0,0.0,0.0,0.0,0.0,0.006666666666666667,0.0,0.9933333333333333,0.0,0.002430555555555555,0.0,0.0,0.002430555555555555,Transit,Fishing - Longliner
700057513,VESSEL_BRA_010,CN,transit,0.99,longliner,0.5062420114167345,0.0,0.0,0.0,0.0,0.0,0.01,0.0,0.99,0.0,0.002430555555555555,0.0,0.0,0.002430555555555555,Transit,Fishing - Longliner
700057513,VESSEL_BRA_010,CN,transit,0.9933333333333333,longliner,0.5425534135251782,0.0,0.0,0.0,0.0,0.0,0.006666666666666667,0.0,0.9933333333333333,0.0,0.002430555555555555,0.0,0.0,0.002430555555555555,Transit,Fishing - Longliner
700057513,VESSEL_BRA_010,CN,transit,0.9933333333333333,longliner,0.516411463728279,0.0,0.0,0.0,0.0,0.0,0.006666666666666667,0.0,0.9933333333333333,0.0,0.002430555555555555,0.0,0.0,0.002430555555555555,Transit,Fishing - Longliner
700057513,VESSEL_BRA_010,CN,transit,0.9933333333333333,longliner,0.516411463728279,0.0,0.0,0.0,0.0,0.0,0.006666666666666667,0.0,0.9933333333333333,0.0,0.002430555555555555,0.0,0.0,0.002430555555555555,Transit,Fishing - Longliner
700057513,VESSEL_BRA_010,CN,transit,0.9933333333333333,longliner,0.516411463728279,0.0,0.0,0.0,0.0,0.0,0.006666666666666667,0.0,0.9933333333333333,0.0,0.002430555555555555,0.0,0.0,0.002430555555555555,Transit,Fishing - Longliner
700057513,VESSEL_BRA_010,CN,transit,0.993074433656958,longliner,0.5164174137427808,0.0,0.0,0.0,0.0001941747572815534,0.0,0.006699029126213592,0.0,0.993074433656958,3.2362459546925564e-05,0.002430555555555555,0.0,0.0,0.002430555555555555,Transit,Fishing - Longliner
700057514,VESSEL_BRA_011,BR,transit,1.0,longliner,0.9999999711570767,0.0,0.0,0.0,0.0,0.0,0.0,0.0,1.0,0.0,0.002430555555555555,0.0,0.0,0.002430555555555555,Transit,Fishing - Longliner
700057514,VESSEL_BRA_011,BR,transit,1.0,longliner,0.9999999711570767,0.0,0.0,0.0,0.0,0.0,0.0,0.0,1.0,0.0,0.002430555555555555,0.0,0.0,0.002430555555555555,Transit,Fishing - Longliner
700057514,VESSEL_BRA_011,BR,transit,1.0,longliner,0.9999999711570767,0.0,0.0,0.0,0.0,0.0,0.0,0.0,1.0,0.0,0.002430555555555555,0.0,0.0,0.002430555555555555,Transit,Fishing - Longliner
700057514,VESSEL_BRA_011,BR,transit,1.0,longliner,0.9999999711570767,0.0,0.0,0.0,0.0,0.0,0.0,0.0,1.0,0.0,0.002430555555555555,0.0,0.0,0.002430555555555555,Transit,Fishing - Longliner
700057514,VESSEL_BRA_011,BR,transit,0.9983333333333333,longliner,0.9999999711570767,0.0,0.0,0.0,0.0016666666666666668,0.0,0.0,0.0,0.9983333333333333,0.0,0.002430555555555555,0.0,0.0,0.002430555555555555,Transit,Fishing - Longliner
700057514,VESSEL_BRA_011,BR,transit,1.0,longliner,0.9999999711570767,0.0,0.0,0.0,0.0,0.0,0.0,0.0,1.0,0.0,0.002430555555555555,0.0,0.0,0.002430555555555555,Transit,Fishing - Longliner
700057514,VESSEL_BRA_011,BR,transit,1.0,longliner,0.9999999711570767,0.0,0.0,0.0,0.0,0.0,0.0,0.0,1.0,0.0,0.002430555555555555,0.0,0.0,0.002430555555555555,Transit,Fishing - Longliner
700057514,VESSEL_BRA_011,BR,transit,0.7527698412698414,longliner,0.999999970968777,0.008888888888888889,0.0,0.011428571428571429,0.1838015873015873,0.010944444444444446,0.015,0.0,0.7527698412698414,0.017166666666666667,0.002430555555555555,0.0,0.0,0.002430555555555555,Transit,Fishing - Longliner
700057514,VESSEL_BRA_011,BR,fishing,0.9938888888888889,longliner,0.9999999711570767,0.0,0.0,0.0,0.9938888888888889,0.0,0.0,0.0,0.0061111111111111106,0.0,0.002430555555555555,0.41835493713638694,0.0,0.41835493713638694,Fishing,Fishing - Longliner
700057514,VESSEL_BRA_011,BR,fishing,1.0,longliner,0.9999999702927973,0.0,0.0,0.0,1.0,0.0,0.0,0.0,0.0,0.0,0.002430555555555555,0.42013162731680354,0.0,0.42013162731680354,Fishing,Fishing - Longliner
700057514,VESSEL_BRA_011,BR,fishing,0.995,longliner,0.9999999702927973,0.0,0.0,0.0,0.995,0.0033333333333333335,0.0,0.0,0.0,0.0016666666666666668,0.002430555555555555,0.420939684352152,0.0,0.420939684352152,Fishing,Fishing - Longliner
700057514,VESSEL_BRA_011,BR,fishing,1.0,longliner,0.9999999702927973,0.0,0.0,0.0,1.0,0.0,0.0,0.0,0.0,0.0,0.002430555555555555,0.4212780436512151,0.0,0.4212780436512151,Fishing,Fishing - Longliner
700057514,VESSEL_BRA_011,BR,fishing,1.0,longliner,0.9999999702927973,0.0,0.0,0.0,1.0,0.0,0.0,0.0,0.0,0.0,0.002430555555555555,0.42041861635921257,0.0,0.42041861635921257,Fishing,Fishing - Longliner
700057514,VESSEL_BRA_011,BR,fishing,0.9973333333333333,longliner,0.9999999702900146,0.0,0.0,0.0,0.9973333333333333,0.0,0.0,0.0,0.0,0.002666666666666667,0.002430555555555555,0.4188948140294806,0.0,0.4188948140294806,Fishing,Fishing - Longliner
700057514,VESSEL_BRA_011,BR,fishing,0.9966666666666667,longliner,0.9999999702927973,0.0,0.0,0.0,0.9966666666666667,0.0033333333333333335,0.0,0.0,0.0,0.0,0.002430555555555555,0.41864108168468855,0.0,0.41864108168468855,Fishing,Fishing - Longliner
700057514,VESSEL_BRA_011,BR,fishing,0.9983333333333333,longliner,0.9999999702927973,0.0,0.0,0.0,0.9983333333333333,0.0,0.0,0.0,0.0,0.0016666666666666668,0.002430555555555555,0.4196612654901867,0.0,0.4196612654901867,Fishing,Fishing - Longliner
700057514,VESSEL_BRA_011,BR,fishing,1.0,longliner,0.9999999702927973,0.0,0.0,0.0,1.0,0.0,0.0,0.0,0.0,0.0,0.002430555555555555,0.4200582712783253,0.0,0.4200582712783253,Fishing,Fishing - Longliner
700057514,VESSEL_BRA_011,BR,fishing,0.9844444444444443,longliner,0.9999999702927973,0.0,0.0,0.0022222222222222222,0.9844444444444443,0.0016666666666666668,0.0,0.0,0.0,0.011666666666666667,0.002430555555555555,0.4199259711624826,0.0,0.4199259711624826,Fishing,Fishing - Longliner
700057514,VESSEL_BRA_011,BR,transit,0.9597777777777778,longliner,0.9999999709699476,0.0025,0.0033333333333333335,0.0,0.022444444444444444,0.0027777777777777775,0.0025,0.0033333333333333335,0.9597777777777778,0.0033333333333333335,0.002430555555555555,0.0,0.0,0.002430555555555555,Transit,Fishing - Longliner
700057514,VESSEL_BRA_011,BR,transit,1.0,longliner,0.9999999711570767,0.0,0.0,0.0,0.0,0.0,0.0,0.0,1.0,0.0,0.002430555555555555,0.0,0.0,0.002430555555555555,Transit,Fishing - Longliner
700057514,VESSEL_BRA_011,BR,transit,1.0,longliner,0.9999999711570767,0.0,0.0,0.0,0.0,0.0,0.0,0.0,1.0,0.0,0.002430555555555555,0.0,0.0,0.002430555555555555,Transit,Fishing - Longliner
700057514,VESSEL_BRA_011,BR,fishing,0.8397460317460318,longliner,0.999999970968777,0.0027777777777777775,0.0,0.0,0.8397460317460318,0.0,0.03272222222222222,0.0,0.12142063492063494,0.0033333333333333335,0.002430555555555555,0.4008258592912145,0.0,0.4008258592912145,Fishing,Fishing - Longliner
700057514,VESSEL_BRA_011,BR,fishing,0.9913888888888888,longliner,0.9999999711570767,0.0,0.0,0.0,0.9913888888888888,0.0,0.0008333333333333334,0.0,0.007777777777777777,0.0,0.002430555555555555,0.398466694180888,0.0,0.398466694180888,Fishing,Fishing - Longliner
700057514,VESSEL_BRA_011,BR,fishing,1.0,longliner,0.9999999711570767,0.0,0.0,0.0,1.0,0.0,0.0,0.0,0.0,0.0,0.002430555555555555,0.4007860635516247,0.0,0.4007860635516247,Fishing,Fishing - Longliner
700057514,VESSEL_BRA_011,BR,fishing,1.0,longliner,0.9999999702927973,0.0,0.0,0.0,1.0,0.0,0.0,0.0,0.0,0.0,0.002430555555555555,0.4027220139337807,0.0,0.4027220139337807,Fishing,Fishing - Longliner
700057514,VESSEL_BRA_011,BR,fishing,1.0,longliner,0.9999999702927973,0.0,0.0,0.0,1.0,0.0,0.0,0.0,0.0,0.0,0.002430555555555555,0.4030620541401102,0.0,0.4030620541401102,Fishing,Fishing - Longliner
700057514,VESSEL_BRA_011,BR,fishing,1.0,longliner,0.9999999702927973,0.0,0.0,0.0,1.0,0.0,0.0,0.0,0.0,0.0,0.002430555555555555,0.40226776262654723,0.0,0.40226776262654723,Fishing,Fishing - Longliner
700057514,VESSEL_BRA_011,BR,fishing,1.0,longliner,0.9999999702900146,0.0,0.0,0.0,1.0,0.0,0.0,0.0,0.0,0.0,0.002430555555555555,0.4019056310540277,0.0,0.4019056310540277,Fishing,Fishing - Longliner
700057514,VESSEL_BRA_011,BR,fishing,1.0,longliner,0.9999999702927973,0.0,0.0,0.0,1.0,0.0,0.0,0.0,0.0,0.0,0.002430555555555555,0.40313519265968983,0.0,0.40313519265968983,Fishing,Fishing - Longliner
700057514,VESSEL_BRA_011,BR,fishing,0.9988888888888887,longliner,0.9999999702927973,0.0,0.0,0.0,0.9988888888888887,0.0011111111111111111,0.0,0.0,0.0,0.0,0.002430555555555555,0.40461390463579233,0.0,0.40461390463579233,Fishing,Fishing - Longliner
700057514,VESSEL_BRA_011,BR,fishing,0.9975,longliner,0.9999999702927973,0.0,0.0,0.0,0.9975,0.0025,0.0,0.0,0.0,0.0,0.002430555555555555,0.4059653001850658,0.0,0.4059653001850658,Fishing,Fishing - Longliner
700057514,VESSEL_BRA_011,BR,fishing,1.0,longliner,0.9999999702900146,0.0,0.0,0.0,1.0,0.0,0.0,0.0,0.0,0.0,0.002430555555555555,0.40782513685750144,0.0,0.40782513685750144,Fishing,Fishing - Longliner
700057514,VESSEL_BRA_011,BR,fishing,0.9922222222222221,longliner,0.9999999702927973,0.0,0.0,0.0,0.9922222222222221,0.006666666666666667,0.0,0.0,0.0,0.0011111111111111111,0.002430555555555555,0.4092802629986857,0.0,0.4092802629986857,Fishing,Fishing - Longliner
700057514,VESSEL_BRA_011,BR,fishing,0.9452817460317461,longliner,0.9999999702927973,0.009761904761904763,0.0,0.010277777777777776,0.9452817460317461,0.017132275132275134,0.0,0.0033333333333333335,0.0,0.014212962962962964,0.002430555555555555,0.40989231791956826,0.0,0.40989231791956826,Fishing,Fishing - Longliner
700057514,VESSEL_BRA_011,BR,fishing,1.0,longliner,0.9999999702927973,0.0,0.0,0.0,1.0,0.0,0.0,0.0,0.0,0.0,0.002430555555555555,0.41042974163512846,0.0,0.41042974163512846,Fishing,Fishing - Longliner
700057514,VESSEL_BRA_011,BR,fishing,1.0,longliner,0.9999999702927973,0.0,0.0,0.0,1.0,0.0,0.0,0.0,0.0,0.0,0.002430555555555555,0.411165843134656,0.0,0.411165843134656,Fishing,Fishing - Longliner
700057514,VESSEL_BRA_011,BR,fishing,0.9977777777777779,longliner,0.9999999702927973,0.0,0.0,0.0,0.9977777777777779,0.0,0.0,0.0,0.0,0.0022222222222222222,0.002430555555555555,0.4119251826609909,0.0,0.4119251826609909,Fishing,Fishing - Longliner
700057514,VESSEL_BRA_011,BR,fishing,1.0,longliner,0.9999999702927973,0.0,0.0,0.0,1.0,0.0,0.0,0.0,0.0,0.0,0.002430555555555555,0.41157606261762103,0.0,0.41157606261762103,Fishing,Fishing - Longliner
700057514,VESSEL_BRA_011,BR,fishing,1.0,longliner,0.9999999702927973,0.0,0.0,0.0,1.0,0.0,0.0,0.0,0.0,0.0,0.002430555555555555,0.41040978061130473,0.0,0.41040978061130473,Fishing,Fishing - Longliner
700057514,VESSEL_BRA_011,BR,fishing,0.9346666666666666,longliner,0.999999970968777,0.0033333333333333335,0.0036507936507936506,0.0011111111111111111,0.9346666666666666,0.005888888888888889,0.0,0.0,0.041349206349206344,0.01,0.002430555555555555,0.4088247930642773,0.0,0.4088247930642773,Fishing,Fishing - Longliner
700057514,VESSEL_BRA_011,BR,transit,0.9658333333333333,longliner,0.999999970968777,0.0027777777777777775,0.0016666666666666668,0.0,0.020833333333333332,0.0033333333333333335,0.0,0.005555555555555555,0.9658333333333333,0.0,0.002430555555555555,0.0,0.0,0.002430555555555555,Transit,Fishing - Longliner
700057514,VESSEL_BRA_011,BR,transit,0.9997411003236247,longliner,0.9999999711570767,0.0,0.0,0.0,0.0001941747572815534,0.0,3.2362459546925564e-05,0.0,0.9997411003236247,3.2362459546925564e-05,0.002430555555555555,0.0,0.0,0.002430555555555555,Transit,Fishing - Longliner
700057514,VESSEL_BRA_011,BR,transit,0.998074433656958,longliner,0.9999999711570767,0.0,0.0,0.0,0.00186084142394822,0.0,3.2362459546925564e-05,0.0,0.998074433656958,3.2362459546925564e-05,0.002430555555555555,0.0,0.0,0.002430555555555555,Transit,Fishing - Longliner
700057514,VESSEL_BRA_011,BR,transit,1.0,longliner,0.9999999711570767,0.0,0.0,0.0,0.0,0.0,0.0,0.0,1.0,0.0,0.002430555555555555,0.0,0.0,0.002430555555555555,Transit,Fishing - Longliner
700057514,VESSEL_BRA_011,BR,transit,1.0,longliner,0.9999999711570767,0.0,0.0,0.0,0.0,0.0,0.0,0.0,1.0,0.0,0.002430555555555555,0.0,0.0,0.002430555555555555,Transit,Fishing - Longliner
700057514,VESSEL_BRA_011,BR,transit,1.0,longliner,0.9999999711570767,0.0,0.0,0.0,0.0,0.0,0.0,0.0,1.0,0.0,0.002430555555555555,0.0,0.0,0.002430555555555555,Transit,Fishing - Longliner
700057514,VESSEL_BRA_011,BR,transit,1.0,longliner,0.9999999711570767,0.0,0.0,0.0,0.0,0.0,0.0,0.0,1.0,0.0,0.002430555555555555,0.0,0.0,0.002430555555555555,Transit,Fishing - Longliner
700057514,VESSEL_BRA_011,BR,transit,0.9983333333333333,longliner,0.9999999711570767,0.0,0.0,0.0,0.0016666666666666668,0.0,0.0,0.0,0.9983333333333333,0.0,0.002430555555555555,0.0,0.0,0.002430555555555555,Transit,Fishing - Longliner
700057514,VESSEL_BRA_011,BR,transit,1.0,longliner,0.9999999711570767,0.0,0.0,0.0,0.0,0.0,0.0,0.0,1.0,0.0,0.002430555555555555,0.0,0.0,0.002430555555555555,Transit,Fishing - Longliner
700057514,VESSEL_BRA_011,BR,transit,0.9997411003236247,longliner,0.9999999711570767,0.0,0.0,0.0,0.0001941747572815534,0.0,3.2362459546925564e-05,0.0,0.9997411003236247,3.2362459546925564e-05,0.002430555555555555,0.0,0.0,0.002430555555555555,Transit,Fishing - Longliner
700057514,VESSEL_BRA_011,BR,transit,1.0,longliner,0.9999999711570767,0.0,0.0,0.0,0.0,0.0,0.0,0.0,1.0,0.0,0.002430555555555555,0.0,0.0,0.002430555555555555,Transit,Fishing - Longliner
700057514,VESSEL_BRA_011,BR,transit,1.0,longliner,0.9999999711570767,0.0,0.0,0.0,0.0,0.0,0.0,0.0,1.0,0.0,0.002430555555555555,0.0,0.0,0.002430555555555555,Transit,Fishing - Longliner
700057514,VESSEL_BRA_011,BR,transit,1.0,longliner,0.9999999711570767,0.0,0.0,0.0,0.0,0.0,0.0,0.0,1.0,0.0,0.002430555555555555,0.0,0.0,0.002430555555555555,Transit,Fishing - Longliner
700057514,VESSEL_BRA_011,BR,transit,1.0,longliner,0.9999999711570767,0.0,0.0,0.0,0.0,0.0,0.0,0.0,1.0,0.0,0.002430555555555555,0.0,0.0,0.002430555555555555,Transit,Fishing - Longliner
700057514,VESSEL_BRA_011,BR,transit,1.0,longliner,0.9999999711570767,0.0,0.0,0.0,0.0,0.0,0.0,0.0,1.0,0.0,0.002430555555555555,0.0,0.0,0.002430555555555555,Transit,Fishing - Longliner
700057514,VESSEL_BRA_011,BR,transit,1.0,longliner,0.9999999711570767,0.0,0.0,0.0,0.0,0.0,0.0,0.0,1.0,0.0,0.002430555555555555,0.0,0.0,0.002430555555555555,Transit,Fishing - Longliner
700057514,VESSEL_BRA_011,BR,transit,1.0,longliner,0.9999999711570767,0.0,0.0,0.0,0.0,0.0,0.0,0.0,1.0,0.0,0.002430555555555555,0.0,0.0,0.002430555555555555,Transit,Fishing - Longliner
700057514,VESSEL_BRA_011,BR,transit,1.0,longliner,0.9999999711570767,0.0,0.0,0.0,0.0,0.0,0.0,0.0,1.0,0.0,0.002430555555555555,0.0,0.0,0.002430555555555555,Transit,Fishing - Longliner
700057514,VESSEL_BRA_011,BR,transit,0.9997411003236247,longliner,0.9999999711570767,0.0,0.0,0.0,0.0001941747572815534,0.0,3.2362459546925564e-05,0.0,0.9997411003236247,3.2362459546925564e-05,0.002430555555555555,0.0,0.0,0.002430555555555555,Transit,Fishing - Longliner
700057514,VESSEL_BRA_011,BR,transit,1.0,longliner,0.9999999711570767,0.0,0.0,0.0,0.0,0.0,0.0,0.0,1.0,0.0,0.002430555555555555,0.0,0.0,0.002430555555555555,Transit,Fishing - Longliner
700057514,VESSEL_BRA_011,BR,transit,1.0,longliner,0.9999999711570767,0.0,0.0,0.0,0.0,0.0,0.0,0.0,1.0,0.0,0.002430555555555555,0.0,0.0,0.002430555555555555,Transit,Fishing - Longliner
700057514,VESSEL_BRA_011,BR,transit,1.0,longliner,0.9999999711570767,0.0,0.0,0.0,0.0,0.0,0.0,0.0,1.0,0.0,0.002430555555555555,0.0,0.0,0.002430555555555555,Transit,Fishing - Longliner
700057514,VESSEL_BRA_011,BR,transit,1.0,longliner,0.9999999711570767,0.0,0.0,0.0,0.0,0.0,0.0,0.0,1.0,0.0,0.002430555555555555,0.0,0.0,0.002430555555555555,Transit,Fishing - Longliner
700057514,VESSEL_BRA_011,BR,transit,1.0,longliner,0.9999999711570767,0.0,0.0,0.0,0.0,0.0,0.0,0.0,1.0,0.0,0.002430555555555555,0.0,0.0,0.002430555555555555,Transit,Fishing - Longliner
700057514,VESSEL_BRA_011,BR,transit,1.0,longliner,0.9999999711570767,0.0,0.0,0.0,0.0,0.0,0.0,0.0,1.0,0.0,0.002430555555555555,0.0,0.0,0.002430555555555555,Transit,Fishing - Longliner
700057514,VESSEL_BRA_011,BR,transit,0.9997411003236247,longliner,0.9999999711570767,0.0,0.0,0.0,0.0001941747572815534,0.0,3.2362459546925564e-05,0.0,0.9997411003236247,3.2362459546925564e-05,0.002430555555555555,0.0,0.0,0.002430555555555555,Transit,Fishing - Longliner
700057514,VESSEL_BRA_011,BR,transit,1.0,longliner,0.9999999711570767,0.0,0.0,0.0,0.0,0.0,0.0,0.0,1.0,0.0,0.002430555555555555,0.0,0.0,0.002430555555555555,Transit,Fishing - Longliner
700057514,VESSEL_BRA_011,BR,transit,1.0,longliner,0.9999999711570767,0.0,0.0,0.0,0.0,0.0,0.0,0.0,1.0,0.0,0.002430555555555555,0.0,0.0,0.002430555555555555,Transit,Fishing - Longliner
700057514,VESSEL_BRA_011,BR,transit,1.0,longliner,0.9999999711570767,0.0,0.0,0.0,0.0,0.0,0.0,0.0,1.0,0.0,0.002430555555555555,0.0,0.0,0.002430555555555555,Transit,Fishing - Longliner
700057514,VESSEL_BRA_011,BR,transit,1.0,longliner,0.9999999711570767,0.0,0.0,0.0,0.0,0.0,0.0,0.0,1.0,0.0,0.002430555555555555,0.0,0.0,0.002430555555555555,Transit,Fishing - Longliner
700057514,VESSEL_BRA_011,BR,transit,1.0,longliner,0.9999999711570767,0.0,0.0,0.0,0.0,0.0,0.0,0.0,1.0,0.0,0.002430555555555555,0.0,0.0,0.002430555555555555,Transit,Fishing - Longliner
700057514,VESSEL_BRA_011,BR,transit,1.0,longliner,0.9999999711570767,0.0,0.0,0.0,0.0,0.0,0.0,0.0,1.0,0.0,0.002430555555555555,0.0,0.0,0.002430555555555555,Transit,Fishing - Longliner
700057514,VESSEL_BRA_011,BR,transit,1.0,longliner,0.9999999711570767,0.0,0.0,0.0,0.0,0.0,0.0,0.0,1.0,0.0,0.002430555555555555,0.0,0.0,0.002430555555555555,Transit,Fishing - Longliner
700057514,VESSEL_BRA_011,BR,transit,1.0,longliner,0.9999999711570767,0.0,0.0,0.0,0.0,0.0,0.0,0.0,1.0,0.0,0.002430555555555555,0.0,0.0,0.002430555555555555,Transit,Fishing - Longliner
700057514,VESSEL_BRA_011,BR,transit,1.0,longliner,0.9999999711570767,0.0,0.0,0.0,0.0,0.0,0.0,0.0,1.0,0.0,0.002430555555555555,0.0,0.0,0.002430555555555555,Transit,Fishing - Longliner
700057514,VESSEL_BRA_011,BR,transit,1.0,longliner,0.9999999711570767,0.0,0.0,0.0,0.0,0.0,0.0,0.0,1.0,0.0,0.002430555555555555,0.0,0.0,0.002430555555555555,Transit,Fishing - Longliner
700057514,VESSEL_BRA_011,BR,transit,0.9983333333333333,longliner,0.9999999711570767,0.0,0.0,0.0,0.0,0.0,0.0,0.0,0.9983333333333333,0.0016666666666666668,0.002430555555555555,0.0,0.0,0.002430555555555555,Transit,Fishing - Longliner
700057514,VESSEL_BRA_011,BR,transit,1.0,longliner,0.9999999711570767,0.0,0.0,0.0,0.0,0.0,0.0,0.0,1.0,0.0,0.002430555555555555,0.0,0.0,0.002430555555555555,Transit,Fishing - Longliner
700057514,VESSEL_BRA_011,BR,transit,0.9997411003236247,longliner,0.9999999711570767,0.0,0.0,0.0,0.0001941747572815534,0.0,3.2362459546925564e-05,0.0,0.9997411003236247,3.2362459546925564e-05,0.002430555555555555,0.0,0.0,0.002430555555555555,Transit,Fishing - Longliner
700057514,VESSEL_BRA_011,BR,transit,1.0,longliner,0.9999999711570767,0.0,0.0,0.0,0.0,0.0,0.0,0.0,1.0,0.0,0.002430555555555555,0.0,0.0,0.002430555555555555,Transit,Fishing - Longliner
700057514,VESSEL_BRA_011,BR,transit,1.0,longliner,0.9999999711570767,0.0,0.0,0.0,0.0,0.0,0.0,0.0,1.0,0.0,0.002430555555555555,0.0,0.0,0.002430555555555555,Transit,Fishing - Longliner
700057514,VESSEL_BRA_011,BR,transit,1.0,longliner,0.9999999711570767,0.0,0.0,0.0,0.0,0.0,0.0,0.0,1.0,0.0,0.002430555555555555,0.0,0.0,0.002430555555555555,Transit,Fishing - Longliner
700057514,VESSEL_BRA_011,BR,transit,0.9997411003236247,longliner,0.9999999711570767,0.0,0.0,0.0,0.0001941747572815534,0.0,3.2362459546925564e-05,0.0,0.9997411003236247,3.2362459546925564e-05,0.002430555555555555,0.0,0.0,0.002430555555555555,Transit,Fishing - Longliner
700057514,VESSEL_BRA_011,BR,transit,1.0,longliner,0.9999999711570767,0.0,0.0,0.0,0.0,0.0,0.0,0.0,1.0,0.0,0.002430555555555555,0.0,0.0,0.002430555555555555,Transit,Fishing - Longliner
700057514,VESSEL_BRA_011,BR,transit,1.0,longliner,0.9999999711570767,0.0,0.0,0.0,0.0,0.0,0.0,0.0,1.0,0.0,0.002430555555555555,0.0,0.0,0.002430555555555555,Transit,Fishing - Longliner
700057515,VESSEL_BRA_012,VU,transit,1.0,trawler,0.9999997823316306,0.0,0.0,0.0,0.0,0.0,0.0,0.0,1.0,0.0,0.002430555555555555,0.3,0.0,0.3,Transit,Fishing - Trawler
700057515,VESSEL_BRA_012,VU,transit,1.0,trawler,0.9999997823316306,0.0,0.0,0.0,0.0,0.0,0.0,0.0,1.0,0.0,0.002430555555555555,0.3,0.0,0.3,Transit,Fishing - Trawler
700057515,VESSEL_BRA_012,VU,transit,1.0,trawler,0.9999997823316306,0.0,0.0,0.0,0.0,0.0,0.0,0.0,1.0,0.0,0.002430555555555555,0.3,0.0,0.3,Transit,Fishing - Trawler
700057515,VESSEL_BRA_012,VU,transit,1.0,trawler,0.9999997823316306,0.0,0.0,0.0,0.0,0.0,0.0,0.0,1.0,0.0,0.002430555555555555,0.3,0.0,0.3,Transit,Fishing - Trawler
700057515,VESSEL_BRA_012,VU,transit,1.0,trawler,0.9999997823316306,0.0,0.0,0.0,0.0,0.0,0.0,0.0,1.0,0.0,0.002430555555555555,0.3,0.0,0.3,Transit,Fishing - Trawler
700057515,VESSEL_BRA_012,VU,transit,0.9961111111111113,trawler,0.9999998947285029,0.0,0.0,0.0,0.0,0.0,0.0,0.0038888888888888883,0.9961111111111113,0.0,0.002430555555555555,0.3,0.0,0.3,Transit,Fishing - Trawler
700057515,VESSEL_BRA_012,VU,transit,1.0,trawler,0.9999997823316306,0.0,0.0,0.0,0.0,0.0,0.0,0.0,1.0,0.0,0.002430555555555555,0.3,0.0,0.3,Transit,Fishing - Trawler
700057515,VESSEL_BRA_012,VU,transit,1.0,trawler,0.9999997823316306,0.0,0.0,0.0,0.0,0.0,0.0,0.0,1.0,0.0,0.002430555555555555,0.3,0.0,0.3,Transit,Fishing - Trawler
700057515,VESSEL_BRA_012,VU,transit,1.0,trawler,0.9999997823316306,0.0,0.0,0.0,0.0,0.0,0.0,0.0,1.0,0.0,0.002430555555555555,0.3,0.0,0.3,Transit,Fishing - Trawler
700057515,VESSEL_BRA_012,VU,transit,0.9649444444444445,trawler,0.999999889733515,0.0,0.0,0.0,0.033388888888888885,0.0,0.0016666666666666668,0.0,0.9649444444444445,0.0,0.43,0.3,0.0,0.43,Transit,Fishing - Trawler
700057515,VESSEL_BRA_012,VU,fishing,0.7440634920634921,trawler,0.9999999693695787,0.0,0.0,0.006666666666666667,0.7440634920634921,0.02277777777777778,0.029873015873015874,0.002333333333333333,0.19261904761904763,0.0016666666666666668,0.43,0.8999999999999999,0.0,0.8999999999999999,Fishing,Fishing - Trawler
700057515,VESSEL_BRA_012,VU,fishing,0.9476666666666667,trawler,0.9999999746634389,0.0,0.0,0.0,0.9476666666666667,0.03966666666666667,0.008333333333333333,0.002666666666666667,0.0016666666666666668,0.0,0.002430555555555555,0.8999999999999999,0.0,0.8999999999999999,Fishing,Fishing - Trawler
700057515,VESSEL_BRA_012,VU,fishing,0.9266666666666666,trawler,0.9999998913609123,0.0,0.0,0.0,0.9266666666666666,0.07,0.0033333333333333335,0.0,0.0,0.0,0.002430555555555555,0.8999999999999999,0.0,0.8999999999999999,Fishing,Fishing - Trawler
700057515,VESSEL_BRA_012,VU,fishing,0.8966666666666666,trawler,0.9999997785294241,0.0,0.0,0.0,0.8966666666666666,0.1,0.0033333333333333335,0.0,0.0,0.0,0.002430555555555555,0.8999999999999999,0.0,0.8999999999999999,Fishing,Fishing - Trawler
700057515,VESSEL_BRA_012,VU,fishing,0.8933333333333333,trawler,0.9999997785294241,0.0,0.0,0.0,0.8933333333333333,0.10333333333333333,0.0033333333333333335,0.0,0.0,0.0,0.002430555555555555,0.8999999999999999,0.0,0.8999999999999999,Fishing,Fishing - Trawler
700057515,VESSEL_BRA_012,VU,fishing,0.9066666666666666,trawler,0.9999998953413399,0.0016666666666666668,0.0,0.0,0.9066666666666666,0.08333333333333333,0.0033333333333333335,0.0,0.0,0.005,0.002430555555555555,0.8999999999999999,0.0,0.8999999999999999,Fishing,Fishing - Trawler
700057515,VESSEL_BRA_012,VU,transit,0.7864444444444444,trawler,0.9999999189058458,0.022277777777777775,0.027,0.0011111111111111111,0.023055555555555555,0.03416666666666666,0.0,0.10288888888888889,0.7864444444444444,0.0030555555555555553,0.002430555555555555,0.3,0.0,0.3,Transit,Fishing - Trawler
700057515,VESSEL_BRA_012,VU,transit,1.0,trawler,0.9999999746634389,0.0,0.0,0.0,0.0,0.0,0.0,0.0,1.0,0.0,0.002430555555555555,0.3,0.0,0.3,Transit,Fishing - Trawler
700057515,VESSEL_BRA_012,VU,transit,1.0,trawler,0.9999997823316306,0.0,0.0,0.0,0.0,0.0,0.0,0.0,1.0,0.0,0.002430555555555555,0.3,0.0,0.3,Transit,Fishing - Trawler
700057515,VESSEL_BRA_012,VU,transit,1.0,trawler,0.9999997823316306,0.0,0.0,0.0,0.0,0.0,0.0,0.0,1.0,0.0,0.002430555555555555,0.3,0.0,0.3,Transit,Fishing - Trawler
700057515,VESSEL_BRA_012,VU,transit,0.9983333333333333,trawler,0.9999999736194531,0.0,0.0,0.0,0.0,0.0,0.0016666666666666668,0.0,0.9983333333333333,0.0,0.002430555555555555,0.3,0.0,0.3,Transit,Fishing - Trawler
700057515,VESSEL_BRA_012,VU,fishing,0.8372777777777778,trawler,0.9999999189058458,0.0,0.0,0.0,0.8372777777777778,0.041111111111111105,0.011666666666666667,0.008444444444444444,0.09983333333333333,0.0016666666666666668,0.002430555555555555,0.8999999999999999,0.0,0.8999999999999999,Fishing,Fishing - Trawler
700057515,VESSEL_BRA_012,VU,fishing,0.93,trawler,0.9999999746634389,0.0,0.0,0.0,0.93,0.055,0.009444444444444443,0.0033333333333333335,0.0022222222222222222,0.0,0.002430555555555555,0.8999999999999999,0.0,0.8999999999999999,Fishing,Fishing - Trawler
700057515,VESSEL_BRA_012,VU,fishing,0.8816666666666667,trawler,0.9999997785294241,0.0,0.0,0.0,0.8816666666666667,0.11,0.0061111111111111106,0.0,0.0022222222222222222,0.0,0.002430555555555555,0.8999999999999999,0.0,0.8999999999999999,Fishing,Fishing - Trawler
700057515,VESSEL_BRA_012,VU,fishing,0.8783333333333333,trawler,0.9999997785294241,0.0016666666666666668,0.0,0.0,0.8783333333333333,0.11166666666666666,0.0061111111111111106,0.0,0.0022222222222222222,0.0,0.002430555555555555,0.8999999999999999,0.0,0.8999999999999999,Fishing,Fishing - Trawler
700057515,VESSEL_BRA_012,VU,fishing,0.8816666666666667,trawler,0.9999997785294241,0.0,0.0,0.0,0.8816666666666667,0.11,0.0061111111111111106,0.0,0.0022222222222222222,0.0,0.002430555555555555,0.8999999999999999,0.0,0.8999999999999999,Fishing,Fishing - Trawler
700057515,VESSEL_BRA_012,VU,fishing,0.9033333333333333,trawler,0.9999998913409529,0.0,0.0,0.0,0.9033333333333333,0.08833333333333333,0.0061111111111111106,0.0,0.0022222222222222222,0.0,0.002430555555555555,0.8999999999999999,0.0,0.8999999999999999,Fishing,Fishing - Trawler
700057515,VESSEL_BRA_012,VU,fishing,0.8783333333333333,trawler,0.9999997785294241,0.0,0.0,0.0,0.8783333333333333,0.11,0.009444444444444443,0.0,0.0022222222222222222,0.0,0.002430555555555555,0.8999999999999999,0.0,0.8999999999999999,Fishing,Fishing - Trawler
700057515,VESSEL_BRA_012,VU,fishing,0.8605555555555556,trawler,0.9999997785294241,0.0,0.0,0.0033333333333333335,0.8605555555555556,0.12333333333333334,0.009444444444444443,0.0,0.0033333333333333335,0.0,0.002430555555555555,0.8999999999999999,0.0,0.8999999999999999,Fishing,Fishing - Trawler
700057515,VESSEL_BRA_012,VU,fishing,0.4739761904761904,trawler,0.9999999634186896,0.05866666666666667,0.05432539682539681,0.006071428571428571,0.4739761904761904,0.06320634920634921,0.015,0.055555555555555546,0.26597619047619037,0.007222222222222222,0.002430555555555555,0.8999999999999999,0.0,0.8999999999999999,Fishing,Fishing - Trawler
700057515,VESSEL_BRA_012,VU,transit,0.8610000000000002,trawler,0.9999999634186896,0.016666666666666666,0.009888888888888888,0.0,0.04872222222222222,0.024722222222222222,0.0,0.03677777777777778,0.8610000000000002,0.0022222222222222222,0.002430555555555555,0.3,0.0,0.3,Transit,Fishing - Trawler
700057515,VESSEL_BRA_012,VU,transit,1.0,trawler,0.999999783960851,0.0,0.0,0.0,0.0,0.0,0.0,0.0,1.0,0.0,0.002430555555555555,0.3,0.0,0.3,Transit,Fishing - Trawler
700057515,VESSEL_BRA_012,VU,transit,1.0,trawler,0.9999997850645839,0.0,0.0,0.0,0.0,0.0,0.0,0.0,1.0,0.0,0.002430555555555555,0.3,0.0,0.3,Transit,Fishing - Trawler
700057515,VESSEL_BRA_012,VU,transit,0.9997411003236247,trawler,0.9999997850645839,0.0,0.0,0.0,0.0001941747572815534,0.0,3.2362459546925564e-05,0.0,0.9997411003236247,3.2362459546925564e-05,0.002430555555555555,0.3,0.0,0.3,Transit,Fishing - Trawler
700057515,VESSEL_BRA_012,VU,transit,0.9686111111111111,trawler,0.9999997823316306,0.0,0.002833333333333333,0.0,0.006666666666666667,0.0,0.0,0.020222222222222225,0.9686111111111111,0.0016666666666666668,0.002430555555555555,0.3,0.0,0.3,Transit,Fishing - Trawler
700057515,VESSEL_BRA_012,VU,transit,0.9569444444444444,trawler,0.9999997823316306,0.004666666666666666,0.002833333333333333,0.0,0.006666666666666667,0.0,0.0,0.02722222222222222,0.9569444444444444,0.0016666666666666668,0.002430555555555555,0.3,0.0,0.3,Transit,Fishing - Trawler
700057515,VESSEL_BRA_012,VU,transit,0.9997411003236247,trawler,0.9999997823316306,0.0,0.0,0.0,0.0001941747572815534,0.0,3.2362459546925564e-05,0.0,0.9997411003236247,3.2362459546925564e-05,0.002430555555555555,0.3,0.0,0.3,Transit,Fishing - Trawler
700057515,VESSEL_BRA_012,VU,transit,1.0,trawler,0.9999997823316306,0.0,0.0,0.0,0.0,0.0,0.0,0.0,1.0,0.0,0.002430555555555555,0.3,0.0,0.3,Transit,Fishing - Trawler
700057515,VESSEL_BRA_012,VU,transit,1.0,trawler,0.9999997823316306,0.0,0.0,0.0,0.0,0.0,0.0,0.0,1.0,0.0,0.002430555555555555,0.3,0.0,0.3,Transit,Fishing - Trawler
700057515,VESSEL_BRA_012,VU,transit,1.0,trawler,0.9999997823316306,0.0,0.0,0.0,0.0,0.0,0.0,0.0,1.0,0.0,0.002430555555555555,0.3,0.0,0.3,Transit,Fishing - Trawler
700057515,VESSEL_BRA_012,VU,transit,0.9961111111111113,trawler,0.9999999746634389,0.0,0.0,0.0,0.0,0.0,0.0022222222222222222,0.0016666666666666668,0.9961111111111113,0.0,0.002430555555555555,0.3,0.0,0.3,Transit,Fishing - Trawler
700057515,VESSEL_BRA_012,VU,transit,0.9983333333333333,trawler,0.9999999746634389,0.0,0.0,0.0,0.0,0.0,0.0,0.0016666666666666668,0.9983333333333333,0.0,0.002430555555555555,0.3,0.0,0.3,Transit,Fishing - Trawler
700057515,VESSEL_BRA_012,VU,transit,1.0,trawler,0.9999997823316306,0.0,0.0,0.0,0.0,0.0,0.0,0.0,1.0,0.0,0.002430555555555555,0.3,0.0,0.3,Transit,Fishing - Trawler
700057515,VESSEL_BRA_012,VU,transit,1.0,trawler,0.9999997896613346,0.0,0.0,0.0,0.0,0.0,0.0,0.0,1.0,0.0,0.002430555555555555,0.3,0.0,0.3,Transit,Fishing - Trawler
700057515,VESSEL_BRA_012,VU,transit,1.0,trawler,0.9999997896613346,0.0,0.0,0.0,0.0,0.0,0.0,0.0,1.0,0.0,0.002430555555555555,0.3,0.0,0.3,Transit,Fishing - Trawler
700057515,VESSEL_BRA_012,VU,transit,1.0,trawler,0.999999783960851,0.0,0.0,0.0,0.0,0.0,0.0,0.0,1.0,0.0,0.002430555555555555,0.3,0.0,0.3,Transit,Fishing - Trawler
700057515,VESSEL_BRA_012,VU,transit,1.0,trawler,0.9999997823316306,0.0,0.0,0.0,0.0,0.0,0.0,0.0,1.0,0.0,0.002430555555555555,0.3,0.0,0.3,Transit,Fishing - Trawler
700057515,VESSEL_BRA_012,VU,transit,1.0,trawler,0.9999997823316306,0.0,0.0,0.0,0.0,0.0,0.0,0.0,1.0,0.0,0.002430555555555555,0.3,0.0,0.3,Transit,Fishing - Trawler
700057515,VESSEL_BRA_012,VU,transit,1.0,trawler,0.9999997823316306,0.0,0.0,0.0,0.0,0.0,0.0,0.0,1.0,0.0,0.002430555555555555,0.3,0.0,0.3,Transit,Fishing - Trawler
700057515,VESSEL_BRA_012,VU,transit,1.0,trawler,0.9999997823316306,0.0,0.0,0.0,0.0,0.0,0.0,0.0,1.0,0.0,0.002430555555555555,0.3,0.0,0.3,Transit,Fishing - Trawler
700057515,VESSEL_BRA_012,VU,transit,1.0,trawler,0.9999997823316306,0.0,0.0,0.0,0.0,0.0,0.0,0.0,1.0,0.0,0.002430555555555555,0.3,0.0,0.3,Transit,Fishing - Trawler
700057515,VESSEL_BRA_012,VU,transit,1.0,trawler,0.9999997823316306,0.0,0.0,0.0,0.0,0.0,0.0,0.0,1.0,0.0,0.002430555555555555,0.3,0.0,0.3,Transit,Fishing - Trawler
700057515,VESSEL_BRA_012,VU,transit,1.0,trawler,0.999999783960851,0.0,0.0,0.0,0.0,0.0,0.0,0.0,1.0,0.0,0.002430555555555555,0.3,0.0,0.3,Transit,Fishing - Trawler
700057515,VESSEL_BRA_012,VU,transit,1.0,trawler,0.9999997823316306,0.0,0.0,0.0,0.0,0.0,0.0,0.0,1.0,0.0,0.002430555555555555,0.3,0.0,0.3,Transit,Fishing - Trawler
700057515,VESSEL_BRA_012,VU,transit,1.0,trawler,0.9999997823316306,0.0,0.0,0.0,0.0,0.0,0.0,0.0,1.0,0.0,0.002430555555555555,0.3,0.0,0.3,Transit,Fishing - Trawler
700057515,VESSEL_BRA_012,VU,transit,1.0,trawler,0.999999783960851,0.0,0.0,0.0,0.0,0.0,0.0,0.0,1.0,0.0,0.002430555555555555,0.3,0.0,0.3,Transit,Fishing - Trawler
700057515,VESSEL_BRA_012,VU,transit,1.0,trawler,0.999999783960851,0.0,0.0,0.0,0.0,0.0,0.0,0.0,1.0,0.0,0.002430555555555555,0.3,0.0,0.3,Transit,Fishing - Trawler
700057515,VESSEL_BRA_012,VU,transit,1.0,trawler,0.9999997872303388,0.0,0.0,0.0,0.0,0.0,0.0,0.0,1.0,0.0,0.002430555555555555,0.3,0.0,0.3,Transit,Fishing - Trawler
700057515,VESSEL_BRA_012,VU,transit,1.0,trawler,0.9999997896613346,0.0,0.0,0.0,0.0,0.0,0.0,0.0,1.0,0.0,0.002430555555555555,0.3,0.0,0.3,Transit,Fishing - Trawler
700057515,VESSEL_BRA_012,VU,transit,1.0,trawler,0.9999997823316306,0.0,0.0,0.0,0.0,0.0,0.0,0.0,1.0,0.0,0.002430555555555555,0.3,0.0,0.3,Transit,Fishing - Trawler
700057515,VESSEL_BRA_012,VU,transit,1.0,trawler,0.9999997823316306,0.0,0.0,0.0,0.0,0.0,0.0,0.0,1.0,0.0,0.002430555555555555,0.3,0.0,0.3,Transit,Fishing - Trawler
700057515,VESSEL_BRA_012,VU,transit,1.0,trawler,0.9999997823316306,0.0,0.0,0.0,0.0,0.0,0.0,0.0,1.0,0.0,0.002430555555555555,0.3,0.0,0.3,Transit,Fishing - Trawler
700057516,VESSEL_BRA_013,BR,transit,0.9975,longliner,0.9999999791335747,0.0,0.0016666666666666668,0.0,0.0,0.0,0.0,0.0008333333333333334,0.9975,0.0,0.002430555555555555,0.0,0.0,0.002430555555555555,Transit,Fishing - Longliner
700057516,VESSEL_BRA_013,BR,transit,0.9968333333333333,longliner,0.9999999791335747,0.0,0.0006666666666666668,0.0,0.0,0.0,0.0,0.0025,0.9968333333333333,0.0,0.002430555555555555,0.0,0.0,0.002430555555555555,Transit,Fishing - Longliner
700057516,VESSEL_BRA_013,BR,transit,1.0,longliner,0.9999999791335747,0.0,0.0,0.0,0.0,0.0,0.0,0.0,1.0,0.0,0.002430555555555555,0.0,0.0,0.002430555555555555,Transit,Fishing - Longliner
700057516,VESSEL_BRA_013,BR,transit,1.0,longliner,0.9999999791335747,0.0,0.0,0.0,0.0,0.0,0.0,0.0,1.0,0.0,0.002430555555555555,0.0,0.0,0.002430555555555555,Transit,Fishing - Longliner
700057516,VESSEL_BRA_013,BR,transit,1.0,longliner,0.9999999791335747,0.0,0.0,0.0,0.0,0.0,0.0,0.0,1.0,0.0,0.002430555555555555,0.0,0.0,0.002430555555555555,Transit,Fishing - Longliner
700057516,VESSEL_BRA_013,BR,transit,0.9983333333333333,longliner,0.9999999791335747,0.0,0.0,0.0,0.0,0.0,0.0,0.0016666666666666668,0.9983333333333333,0.0,0.002430555555555555,0.0,0.0,0.002430555555555555,Transit,Fishing - Longliner
700057516,VESSEL_BRA_013,BR,transit,1.0,longliner,0.9999999791335747,0.0,0.0,0.0,0.0,0.0,0.0,0.0,1.0,0.0,0.002430555555555555,0.0,0.0,0.002430555555555555,Transit,Fishing - Longliner
700057516,VESSEL_BRA_013,BR,transit,1.0,longliner,0.9999999791335747,0.0,0.0,0.0,0.0,0.0,0.0,0.0,1.0,0.0,0.002430555555555555,0.0,0.0,0.002430555555555555,Transit,Fishing - Longliner
700057516,VESSEL_BRA_013,BR,transit,1.0,longliner,0.9999999791335747,0.0,0.0,0.0,0.0,0.0,0.0,0.0,1.0,0.0,0.002430555555555555,0.0,0.0,0.002430555555555555,Transit,Fishing - Longliner
700057516,VESSEL_BRA_013,BR,transit,0.998074433656958,longliner,0.9999999767653919,0.0,0.0,0.0,0.0001941747572815534,0.0,0.0016990291262135922,0.0,0.998074433656958,3.2362459546925564e-05,0.002430555555555555,0.0,0.0,0.002430555555555555,Transit,Fishing - Longliner
700057516,VESSEL_BRA_013,BR,transit,0.7111746031746029,longliner,0.9999999701714191,0.005,0.0,0.0,0.15656349206349207,0.020833333333333332,0.09087301587301586,0.0,0.7111746031746029,0.015555555555555553,0.002430555555555555,0.0,0.0,0.002430555555555555,Transit,Fishing - Longliner
700057516,VESSEL_BRA_013,BR,fishing,0.9628333333333334,longliner,0.9999999771145037,0.0,0.0,0.0,0.9628333333333334,0.008333333333333333,0.0008333333333333334,0.0,0.02688888888888889,0.0011111111111111111,0.002430555555555555,0.5366004617035872,0.0,0.5366004617035872,Fishing,Fishing - Longliner
700057516,VESSEL_BRA_013,BR,fishing,1.0,longliner,0.9999999811601007,0.0,0.0,0.0,1.0,0.0,0.0,0.0,0.0,0.0,0.002430555555555555,0.5372174982270276,0.0,0.5372174982270276,Fishing,Fishing - Longliner
700057516,VESSEL_BRA_013,BR,fishing,1.0,longliner,0.9999999804727567,0.0,0.0,0.0,1.0,0.0,0.0,0.0,0.0,0.0,0.002430555555555555,0.5372956540873591,0.0,0.5372956540873591,Fishing,Fishing - Longliner
700057516,VESSEL_BRA_013,BR,fishing,1.0,longliner,0.9999999804727567,0.0,0.0,0.0,1.0,0.0,0.0,0.0,0.0,0.0,0.002430555555555555,0.5362114584189415,0.0,0.5362114584189415,Fishing,Fishing - Longliner
700057516,VESSEL_BRA_013,BR,fishing,0.9966666666666667,longliner,0.9999999804727567,0.0,0.0,0.0033333333333333335,0.9966666666666667,0.0,0.0,0.0,0.0,0.0,0.002430555555555555,0.5352293361623726,0.0,0.5352293361623726,Fishing,Fishing - Longliner
700057516,VESSEL_BRA_013,BR,fishing,1.0,longliner,0.9999999804727567,0.0,0.0,0.0,1.0,0.0,0.0,0.0,0.0,0.0,0.002430555555555555,0.5349228491500357,0.0,0.5349228491500357,Fishing,Fishing - Longliner
700057516,VESSEL_BRA_013,BR,fishing,1.0,longliner,0.9999999804727567,0.0,0.0,0.0,1.0,0.0,0.0,0.0,0.0,0.0,0.002430555555555555,0.5346424184411935,0.0,0.5346424184411935,Fishing,Fishing - Longliner
700057516,VESSEL_BRA_013,BR,fishing,1.0,longliner,0.9999999804727567,0.0,0.0,0.0,1.0,0.0,0.0,0.0,0.0,0.0,0.002430555555555555,0.5334865967395097,0.0,0.5334865967395097,Fishing,Fishing - Longliner
700057516,VESSEL_BRA_013,BR,fishing,0.9983333333333333,longliner,0.9999999804727567,0.0,0.0,0.0,0.9983333333333333,0.0,0.0,0.0,0.0016666666666666668,0.0,0.002430555555555555,0.5324566013908527,0.0,0.5324566013908527,Fishing,Fishing - Longliner
700057516,VESSEL_BRA_013,BR,fishing,0.9966666666666667,longliner,0.9999999804585967,0.0,0.0,0.0,0.9966666666666667,0.0,0.0,0.0,0.0033333333333333335,0.0,0.002430555555555555,0.5327463202753399,0.0,0.5327463202753399,Fishing,Fishing - Longliner
700057516,VESSEL_BRA_013,BR,fishing,0.9983333333333333,longliner,0.9999999804727567,0.0,0.0,0.0,0.9983333333333333,0.0,0.0,0.0,0.0016666666666666668,0.0,0.002430555555555555,0.5330689408661557,0.0,0.5330689408661557,Fishing,Fishing - Longliner
700057516,VESSEL_BRA_013,BR,fishing,0.9766666666666667,longliner,0.9999999648593484,0.0,0.0022222222222222222,0.0,0.9766666666666667,0.0016666666666666668,0.0,0.0,0.017777777777777778,0.0016666666666666668,0.002430555555555555,0.5316007563243808,0.0,0.5316007563243808,Fishing,Fishing - Longliner
700057516,VESSEL_BRA_013,BR,transit,0.9005000000000003,longliner,0.9999999648593484,0.005555555555555555,0.0022222222222222222,0.0,0.06588888888888889,0.0013333333333333335,0.0030555555555555553,0.016904761904761905,0.9005000000000003,0.00453968253968254,0.002430555555555555,0.0,0.0,0.002430555555555555,Transit,Fishing - Longliner
700057516,VESSEL_BRA_013,BR,transit,1.0,longliner,0.999999960114148,0.0,0.0,0.0,0.0,0.0,0.0,0.0,1.0,0.0,0.002430555555555555,0.0,0.0,0.002430555555555555,Transit,Fishing - Longliner
700057516,VESSEL_BRA_013,BR,transit,0.9190555555555555,longliner,0.9999999648593484,0.0,0.0,0.0,0.04694444444444444,0.0027777777777777775,0.031222222222222224,0.0,0.9190555555555555,0.0,0.002430555555555555,0.0,0.0,0.002430555555555555,Transit,Fishing - Longliner
700057516,VESSEL_BRA_013,BR,fishing,0.9886666666666666,longliner,0.9999999771145037,0.0,0.0,0.0,0.9886666666666666,0.0016666666666666668,0.0,0.0,0.009666666666666667,0.0,0.002430555555555555,0.49782274074414345,0.0,0.49782274074414345,Fishing,Fishing - Longliner
700057516,VESSEL_BRA_013,BR,fishing,1.0,longliner,0.999999959810309,0.0,0.0,0.0,1.0,0.0,0.0,0.0,0.0,0.0,0.002430555555555555,0.49447685085015414,0.0,0.49447685085015414,Fishing,Fishing - Longliner
700057516,VESSEL_BRA_013,BR,fishing,0.994,longliner,0.9999999804727567,0.0,0.0,0.0,0.994,0.006,0.0,0.0,0.0,0.0,0.002430555555555555,0.4929986975472419,0.0,0.4929986975472419,Fishing,Fishing - Longliner
700057516,VESSEL_BRA_013,BR,fishing,1.0,longliner,0.9999999804727567,0.0,0.0,0.0,1.0,0.0,0.0,0.0,0.0,0.0,0.002430555555555555,0.4929942099328647,0.0,0.4929942099328647,Fishing,Fishing - Longliner
700057516,VESSEL_BRA_013,BR,fishing,1.0,longliner,0.9999999804727567,0.0,0.0,0.0,1.0,0.0,0.0,0.0,0.0,0.0,0.002430555555555555,0.49419060571180606,0.0,0.49419060571180606,Fishing,Fishing - Longliner
700057516,VESSEL_BRA_013,BR,fishing,1.0,longliner,0.9999999804727567,0.0,0.0,0.0,1.0,0.0,0.0,0.0,0.0,0.0,0.002430555555555555,0.49553371748113706,0.0,0.49553371748113706,Fishing,Fishing - Longliner
700057516,VESSEL_BRA_013,BR,fishing,1.0,longliner,0.9999999804727567,0.0,0.0,0.0,1.0,0.0,0.0,0.0,0.0,0.0,0.002430555555555555,0.49684527955523894,0.0,0.49684527955523894,Fishing,Fishing - Longliner
700057516,VESSEL_BRA_013,BR,fishing,1.0,longliner,0.9999999804727567,0.0,0.0,0.0,1.0,0.0,0.0,0.0,0.0,0.0,0.002430555555555555,0.49798198127468973,0.0,0.49798198127468973,Fishing,Fishing - Longliner
700057516,VESSEL_BRA_013,BR,fishing,0.9933333333333333,longliner,0.9999999804727567,0.0,0.0,0.0,0.9933333333333333,0.006666666666666667,0.0,0.0,0.0,0.0,0.002430555555555555,0.4985388794936979,0.0,0.4985388794936979,Fishing,Fishing - Longliner
700057516,VESSEL_BRA_013,BR,fishing,0.9983333333333333,longliner,0.9999999804727567,0.0,0.0,0.0,0.9983333333333333,0.0,0.0,0.0,0.0,0.0016666666666666668,0.002430555555555555,0.49834358026220565,0.0,0.49834358026220565,Fishing,Fishing - Longliner
700057516,VESSEL_BRA_013,BR,fishing,0.9927777777777778,longliner,0.9999999811601007,0.0,0.0,0.0022222222222222222,0.9927777777777778,0.0,0.0,0.0,0.0,0.005,0.002430555555555555,0.49831766141866873,0.0,0.49831766141866873,Fishing,Fishing - Longliner
700057516,VESSEL_BRA_013,BR,transit,0.9489444444444443,longliner,0.9999999771145037,0.0,0.006666666666666667,0.0,0.017722222222222226,0.012777777777777777,0.004722222222222221,0.008333333333333333,0.9489444444444443,0.0008333333333333334,0.002430555555555555,0.0,0.0,0.002430555555555555,Transit,Fishing - Longliner
700057516,VESSEL_BRA_013,BR,transit,0.9997411003236247,longliner,0.9999999648593484,0.0,0.0,0.0,0.0001941747572815534,0.0,3.2362459546925564e-05,0.0,0.9997411003236247,3.2362459546925564e-05,0.002430555555555555,0.0,0.0,0.002430555555555555,Transit,Fishing - Longliner
700057516,VESSEL_BRA_013,BR,transit,0.9997411003236247,longliner,0.9999999791335747,0.0,0.0,0.0,0.0001941747572815534,0.0,3.2362459546925564e-05,0.0,0.9997411003236247,3.2362459546925564e-05,0.002430555555555555,0.0,0.0,0.002430555555555555,Transit,Fishing - Longliner
700057516,VESSEL_BRA_013,BR,transit,1.0,longliner,0.9999999791335747,0.0,0.0,0.0,0.0,0.0,0.0,0.0,1.0,0.0,0.002430555555555555,0.0,0.0,0.002430555555555555,Transit,Fishing - Longliner
700057516,VESSEL_BRA_013,BR,transit,0.9997411003236247,longliner,0.9999999798680566,0.0,0.0,0.0,0.0001941747572815534,0.0,3.2362459546925564e-05,0.0,0.9997411003236247,3.2362459546925564e-05,0.002430555555555555,0.0,0.0,0.002430555555555555,Transit,Fishing - Longliner
700057516,VESSEL_BRA_013,BR,transit,1.0,longliner,0.9999999644198566,0.0,0.0,0.0,0.0,0.0,0.0,0.0,1.0,0.0,0.002430555555555555,0.0,0.0,0.002430555555555555,Transit,Fishing - Longliner
700057516,VESSEL_BRA_013,BR,transit,1.0,longliner,0.999999958658976,0.0,0.0,0.0,0.0,0.0,0.0,0.0,1.0,0.0,0.002430555555555555,0.0,0.0,0.002430555555555555,Transit,Fishing - Longliner
700057516,VESSEL_BRA_013,BR,transit,0.9997411003236247,longliner,0.9999999655205115,0.0,0.0,0.0,0.0001941747572815534,0.0,3.2362459546925564e-05,0.0,0.9997411003236247,3.2362459546925564e-05,0.002430555555555555,0.0,0.0,0.002430555555555555,Transit,Fishing - Longliner
700057516,VESSEL_BRA_013,BR,transit,1.0,longliner,0.9999999791335747,0.0,0.0,0.0,0.0,0.0,0.0,0.0,1.0,0.0,0.002430555555555555,0.0,0.0,0.002430555555555555,Transit,Fishing - Longliner
700057516,VESSEL_BRA_013,BR,transit,1.0,longliner,0.9999999791335747,0.0,0.0,0.0,0.0,0.0,0.0,0.0,1.0,0.0,0.002430555555555555,0.0,0.0,0.002430555555555555,Transit,Fishing - Longliner
700057516,VESSEL_BRA_013,BR,transit,1.0,longliner,0.9999999791335747,0.0,0.0,0.0,0.0,0.0,0.0,0.0,1.0,0.0,0.002430555555555555,0.0,0.0,0.002430555555555555,Transit,Fishing - Longliner
700057516,VESSEL_BRA_013,BR,transit,1.0,longliner,0.9999999791335747,0.0,0.0,0.0,0.0,0.0,0.0,0.0,1.0,0.0,0.002430555555555555,0.0,0.0,0.002430555555555555,Transit,Fishing - Longliner
700057516,VESSEL_BRA_013,BR,transit,1.0,longliner,0.9999999791335747,0.0,0.0,0.0,0.0,0.0,0.0,0.0,1.0,0.0,0.002430555555555555,0.0,0.0,0.002430555555555555,Transit,Fishing - Longliner
700057516,VESSEL_BRA_013,BR,transit,1.0,longliner,0.9999999791335747,0.0,0.0,0.0,0.0,0.0,0.0,0.0,1.0,0.0,0.002430555555555555,0.0,0.0,0.002430555555555555,Transit,Fishing - Longliner
700057516,VESSEL_BRA_013,BR,transit,1.0,longliner,0.9999999791335747,0.0,0.0,0.0,0.0,0.0,0.0,0.0,1.0,0.0,0.002430555555555555,0.0,0.0,0.002430555555555555,Transit,Fishing - Longliner
700057516,VESSEL_BRA_013,BR,transit,1.0,longliner,0.9999999791335747,0.0,0.0,0.0,0.0,0.0,0.0,0.0,1.0,0.0,0.002430555555555555,0.0,0.0,0.002430555555555555,Transit,Fishing - Longliner
700057516,VESSEL_BRA_013,BR,transit,1.0,longliner,0.9999999791335747,0.0,0.0,0.0,0.0,0.0,0.0,0.0,1.0,0.0,0.002430555555555555,0.0,0.0,0.002430555555555555,Transit,Fishing - Longliner
700057516,VESSEL_BRA_013,BR,transit,1.0,longliner,0.9999999791335747,0.0,0.0,0.0,0.0,0.0,0.0,0.0,1.0,0.0,0.002430555555555555,0.0,0.0,0.002430555555555555,Transit,Fishing - Longliner
700057516,VESSEL_BRA_013,BR,transit,1.0,longliner,0.9999999791335747,0.0,0.0,0.0,0.0,0.0,0.0,0.0,1.0,0.0,0.002430555555555555,0.0,0.0,0.002430555555555555,Transit,Fishing - Longliner
700057516,VESSEL_BRA_013,BR,transit,1.0,longliner,0.9999999791335747,0.0,0.0,0.0,0.0,0.0,0.0,0.0,1.0,0.0,0.002430555555555555,0.0,0.0,0.002430555555555555,Transit,Fishing - Longliner
700057516,VESSEL_BRA_013,BR,transit,1.0,longliner,0.9999999791335747,0.0,0.0,0.0,0.0,0.0,0.0,0.0,1.0,0.0,0.002430555555555555,0.0,0.0,0.002430555555555555,Transit,Fishing - Longliner
700057516,VESSEL_BRA_013,BR,transit,1.0,longliner,0.9999999791335747,0.0,0.0,0.0,0.0,0.0,0.0,0.0,1.0,0.0,0.002430555555555555,0.0,0.0,0.002430555555555555,Transit,Fishing - Longliner
700057516,VESSEL_BRA_013,BR,transit,1.0,longliner,0.9999999791335747,0.0,0.0,0.0,0.0,0.0,0.0,0.0,1.0,0.0,0.002430555555555555,0.0,0.0,0.002430555555555555,Transit,Fishing - Longliner
700057516,VESSEL_BRA_013,BR,transit,1.0,longliner,0.9999999791335747,0.0,0.0,0.0,0.0,0.0,0.0,0.0,1.0,0.0,0.002430555555555555,0.0,0.0,0.002430555555555555,Transit,Fishing - Longliner
700057516,VESSEL_BRA_013,BR,transit,1.0,longliner,0.9999999791335747,0.0,0.0,0.0,0.0,0.0,0.0,0.0,1.0,0.0,0.002430555555555555,0.0,0.0,0.002430555555555555,Transit,Fishing - Longliner
700057516,VESSEL_BRA_013,BR,transit,1.0,longliner,0.9999999798680566,0.0,0.0,0.0,0.0,0.0,0.0,0.0,1.0,0.0,0.002430555555555555,0.0,0.0,0.002430555555555555,Transit,Fishing - Longliner
700057516,VESSEL_BRA_013,BR,transit,1.0,longliner,0.9999999791335747,0.0,0.0,0.0,0.0,0.0,0.0,0.0,1.0,0.0,0.002430555555555555,0.0,0.0,0.002430555555555555,Transit,Fishing - Longliner
700057516,VESSEL_BRA_013,BR,transit,0.9997411003236247,longliner,0.9999999798680566,0.0,0.0,0.0,0.0001941747572815534,0.0,3.2362459546925564e-05,0.0,0.9997411003236247,3.2362459546925564e-05,0.002430555555555555,0.0,0.0,0.002430555555555555,Transit,Fishing - Longliner
700057516,VESSEL_BRA_013,BR,transit,1.0,longliner,0.9999999798680566,0.0,0.0,0.0,0.0,0.0,0.0,0.0,1.0,0.0,0.002430555555555555,0.0,0.0,0.002430555555555555,Transit,Fishing - Longliner
700057516,VESSEL_BRA_013,BR,transit,1.0,longliner,0.9999999791335747,0.0,0.0,0.0,0.0,0.0,0.0,0.0,1.0,0.0,0.002430555555555555,0.0,0.0,0.002430555555555555,Transit,Fishing - Longliner
700057516,VESSEL_BRA_013,BR,transit,1.0,longliner,0.9999999798680566,0.0,0.0,0.0,0.0,0.0,0.0,0.0,1.0,0.0,0.002430555555555555,0.0,0.0,0.002430555555555555,Transit,Fishing - Longliner
700057516,VESSEL_BRA_013,BR,transit,1.0,longliner,0.9999999791335747,0.0,0.0,0.0,0.0,0.0,0.0,0.0,1.0,0.0,0.002430555555555555,0.0,0.0,0.002430555555555555,Transit,Fishing - Longliner
700057516,VESSEL_BRA_013,BR,transit,1.0,longliner,0.9999999791335747,0.0,0.0,0.0,0.0,0.0,0.0,0.0,1.0,0.0,0.002430555555555555,0.0,0.0,0.002430555555555555,Transit,Fishing - Longliner
700057516,VESSEL_BRA_013,BR,transit,1.0,longliner,0.9999999791335747,0.0,0.0,0.0,0.0,0.0,0.0,0.0,1.0,0.0,0.002430555555555555,0.0,0.0,0.002430555555555555,Transit,Fishing - Longliner
700057516,VESSEL_BRA_013,BR,transit,1.0,longliner,0.9999999791335747,0.0,0.0,0.0,0.0,0.0,0.0,0.0,1.0,0.0,0.002430555555555555,0.0,0.0,0.002430555555555555,Transit,Fishing - Longliner
700057516,VESSEL_BRA_013,BR,transit,1.0,longliner,0.9999999791335747,0.0,0.0,0.0,0.0,0.0,0.0,0.0,1.0,0.0,0.002430555555555555,0.0,0.0,0.002430555555555555,Transit,Fishing - Longliner
700057516,VESSEL_BRA_013,BR,transit,1.0,longliner,0.9999999798680566,0.0,0.0,0.0,0.0,0.0,0.0,0.0,1.0,0.0,0.002430555555555555,0.0,0.0,0.002430555555555555,Transit,Fishing - Longliner
700057516,VESSEL_BRA_013,BR,transit,1.0,longliner,0.9999999791335747,0.0,0.0,0.0,0.0,0.0,0.0,0.0,1.0,0.0,0.002430555555555555,0.0,0.0,0.002430555555555555,Transit,Fishing - Longliner
700057516,VESSEL_BRA_013,BR,transit,1.0,longliner,0.9999999791335747,0.0,0.0,0.0,0.0,0.0,0.0,0.0,1.0,0.0,0.002430555555555555,0.0,0.0,0.002430555555555555,Transit,Fishing - Longliner
700057516,VESSEL_BRA_013,BR,transit,1.0,longliner,0.9999999791335747,0.0,0.0,0.0,0.0,0.0,0.0,0.0,1.0,0.0,0.002430555555555555,0.0,0.0,0.002430555555555555,Transit,Fishing - Longliner
700057516,VESSEL_BRA_013,BR,transit,1.0,longliner,0.9999999798680566,0.0,0.0,0.0,0.0,0.0,0.0,0.0,1.0,0.0,0.002430555555555555,0.0,0.0,0.002430555555555555,Transit,Fishing - Longliner
700057516,VESSEL_BRA_013,BR,transit,1.0,longliner,0.9999999791335747,0.0,0.0,0.0,0.0,0.0,0.0,0.0,1.0,0.0,0.002430555555555555,0.0,0.0,0.002430555555555555,Transit,Fishing - Longliner
700057516,VESSEL_BRA_013,BR,transit,0.9983333333333333,longliner,0.9999999791335747,0.0,0.0,0.0,0.0,0.0,0.0,0.0016666666666666668,0.9983333333333333,0.0,0.002430555555555555,0.0,0.0,0.002430555555555555,Transit,Fishing - Longliner
700057516,VESSEL_BRA_013,BR,transit,1.0,longliner,0.9999999798680566,0.0,0.0,0.0,0.0,0.0,0.0,0.0,1.0,0.0,0.002430555555555555,0.0,0.0,0.002430555555555555,Transit,Fishing - Longliner
700057516,VESSEL_BRA_013,BR,transit,1.0,longliner,0.9999999655205115,0.0,0.0,0.0,0.0,0.0,0.0,0.0,1.0,0.0,0.002430555555555555,0.0,0.0,0.002430555555555555,Transit,Fishing - Longliner
700057516,VESSEL_BRA_013,BR,transit,1.0,longliner,0.9999999642625823,0.0,0.0,0.0,0.0,0.0,0.0,0.0,1.0,0.0,0.002430555555555555,0.0,0.0,0.002430555555555555,Transit,Fishing - Longliner
700057516,VESSEL_BRA_013,BR,transit,1.0,longliner,0.9999999798680566,0.0,0.0,0.0,0.0,0.0,0.0,0.0,1.0,0.0,0.002430555555555555,0.0,0.0,0.002430555555555555,Transit,Fishing - Longliner
700057516,VESSEL_BRA_013,BR,transit,1.0,longliner,0.9999999791335747,0.0,0.0,0.0,0.0,0.0,0.0,0.0,1.0,0.0,0.002430555555555555,0.0,0.0,0.002430555555555555,Transit,Fishing - Longliner
700057517,VESSEL_BRA_014,PT,transit,1.0,longliner,0.9999999792926657,0.0,0.0,0.0,0.0,0.0,0.0,0.0,1.0,0.0,0.002430555555555555,0.0,0.0,0.002430555555555555,Transit,Fishing - Longliner
700057517,VESSEL_BRA_014,PT,transit,1.0,longliner,0.9999999791728817,0.0,0.0,0.0,0.0,0.0,0.0,0.0,1.0,0.0,0.002430555555555555,0.0,0.0,0.002430555555555555,Transit,Fishing - Longliner
700057517,VESSEL_BRA_014,PT,transit,0.9977777777777779,longliner,0.9999999791728817,0.0022222222222222222,0.0,0.0,0.0,0.0,0.0,0.0,0.9977777777777779,0.0,0.002430555555555555,0.0,0.0,0.002430555555555555,Transit,Fishing - Longliner
700057517,VESSEL_BRA_014,PT,transit,0.9977777777777779,longliner,0.9999999791728817,0.0022222222222222222,0.0,0.0,0.0,0.0,0.0,0.0,0.9977777777777779,0.0,0.002430555555555555,0.0,0.0,0.002430555555555555,Transit,Fishing - Longliner
700057517,VESSEL_BRA_014,PT,transit,1.0,longliner,0.9999999792926657,0.0,0.0,0.0,0.0,0.0,0.0,0.0,1.0,0.0,0.002430555555555555,0.0,0.0,0.002430555555555555,Transit,Fishing - Longliner
700057517,VESSEL_BRA_014,PT,transit,1.0,longliner,0.9999999791728817,0.0,0.0,0.0,0.0,0.0,0.0,0.0,1.0,0.0,0.002430555555555555,0.0,0.0,0.002430555555555555,Transit,Fishing - Longliner
700057517,VESSEL_BRA_014,PT,transit,1.0,longliner,0.9999999791728817,0.0,0.0,0.0,0.0,0.0,0.0,0.0,1.0,0.0,0.002430555555555555,0.0,0.0,0.002430555555555555,Transit,Fishing - Longliner
700057517,VESSEL_BRA_014,PT,transit,0.945574433656958,longliner,0.9999999797030921,0.0022222222222222222,0.0,0.0,0.039360841423948224,0.0011111111111111111,0.011699029126213593,0.0,0.945574433656958,3.2362459546925564e-05,0.002430555555555555,0.0,0.0,0.002430555555555555,Transit,Fishing - Longliner
700057517,VESSEL_BRA_014,PT,fishing,0.9729444444444444,longliner,0.9999999795646266,0.0,0.0,0.0,0.9729444444444444,0.0038888888888888883,0.005,0.0,0.014555555555555558,0.003611111111111111,0.002430555555555555,0.40050099422890423,0.0,0.40050099422890423,Fishing,Fishing - Longliner
700057517,VESSEL_BRA_014,PT,fishing,1.0,longliner,0.9999999786440963,0.0,0.0,0.0,1.0,0.0,0.0,0.0,0.0,0.0,0.002430555555555555,0.39745357379801377,0.0,0.39745357379801377,Fishing,Fishing - Longliner
700057517,VESSEL_BRA_014,PT,fishing,1.0,longliner,0.9999999786542775,0.0,0.0,0.0,1.0,0.0,0.0,0.0,0.0,0.0,0.002430555555555555,0.39662892581456666,0.0,0.39662892581456666,Fishing,Fishing - Longliner
700057517,VESSEL_BRA_014,PT,fishing,0.99,longliner,0.9999999786542775,0.0,0.0016666666666666668,0.0,0.99,0.0,0.0,0.0,0.004285714285714285,0.004047619047619048,0.002430555555555555,0.39665042664857253,0.0,0.39665042664857253,Fishing,Fishing - Longliner
700057517,VESSEL_BRA_014,PT,fishing,1.0,longliner,0.9999999786542775,0.0,0.0,0.0,1.0,0.0,0.0,0.0,0.0,0.0,0.002430555555555555,0.39704588287440234,0.0,0.39704588287440234,Fishing,Fishing - Longliner
700057517,VESSEL_BRA_014,PT,fishing,1.0,longliner,0.9999999786542775,0.0,0.0,0.0,1.0,0.0,0.0,0.0,0.0,0.0,0.002430555555555555,0.3967597080543895,0.0,0.3967597080543895,Fishing,Fishing - Longliner
700057517,VESSEL_BRA_014,PT,fishing,1.0,longliner,0.9999999786542775,0.0,0.0,0.0,1.0,0.0,0.0,0.0,0.0,0.0,0.002430555555555555,0.3952939201460542,0.0,0.3952939201460542,Fishing,Fishing - Longliner
700057517,VESSEL_BRA_014,PT,fishing,0.9988888888888887,longliner,0.9999999786542775,0.0,0.0,0.0,0.9988888888888887,0.0011111111111111111,0.0,0.0,0.0,0.0,0.002430555555555555,0.3937691444620678,0.0,0.3937691444620678,Fishing,Fishing - Longliner
700057517,VESSEL_BRA_014,PT,fishing,1.0,longliner,0.9999999786542775,0.0,0.0,0.0,1.0,0.0,0.0,0.0,0.0,0.0,0.002430555555555555,0.39244938294274256,0.0,0.39244938294274256,Fishing,Fishing - Longliner
700057517,VESSEL_BRA_014,PT,fishing,1.0,longliner,0.9999999786484288,0.0,0.0,0.0,1.0,0.0,0.0,0.0,0.0,0.0,0.002430555555555555,0.3921962935806563,0.0,0.3921962935806563,Fishing,Fishing - Longliner
700057517,VESSEL_BRA_014,PT,fishing,1.0,longliner,0.9999999786440963,0.0,0.0,0.0,1.0,0.0,0.0,0.0,0.0,0.0,0.002430555555555555,0.39352581775089934,0.0,0.39352581775089934,Fishing,Fishing - Longliner
700057517,VESSEL_BRA_014,PT,fishing,1.0,longliner,0.9999999786484288,0.0,0.0,0.0,1.0,0.0,0.0,0.0,0.0,0.0,0.002430555555555555,0.3954942739101437,0.0,0.3954942739101437,Fishing,Fishing - Longliner
700057517,VESSEL_BRA_014,PT,fishing,0.9966666666666667,longliner,0.9999999786542775,0.0,0.0,0.0,0.9966666666666667,0.0033333333333333335,0.0,0.0,0.0,0.0,0.002430555555555555,0.39674633468603115,0.0,0.39674633468603115,Fishing,Fishing - Longliner
700057517,VESSEL_BRA_014,PT,fishing,1.0,longliner,0.9999999786542775,0.0,0.0,0.0,1.0,0.0,0.0,0.0,0.0,0.0,0.002430555555555555,0.3969887946614692,0.0,0.3969887946614692,Fishing,Fishing - Longliner
700057517,VESSEL_BRA_014,PT,fishing,1.0,longliner,0.9999999786542775,0.0,0.0,0.0,1.0,0.0,0.0,0.0,0.0,0.0,0.002430555555555555,0.397978959113048,0.0,0.397978959113048,Fishing,Fishing - Longliner
700057517,VESSEL_BRA_014,PT,fishing,1.0,longliner,0.9999999786542775,0.0,0.0,0.0,1.0,0.0,0.0,0.0,0.0,0.0,0.002430555555555555,0.399278599138391,0.0,0.399278599138391,Fishing,Fishing - Longliner
700057517,VESSEL_BRA_014,PT,fishing,0.996388888888889,longliner,0.9999999786542775,0.0,0.0,0.0,0.996388888888889,0.0,0.0,0.0,0.0011111111111111111,0.0025,0.002430555555555555,0.3998263630495423,0.0,0.3998263630495423,Fishing,Fishing - Longliner
700057517,VESSEL_BRA_014,PT,fishing,1.0,longliner,0.9999999786542775,0.0,0.0,0.0,1.0,0.0,0.0,0.0,0.0,0.0,0.002430555555555555,0.39967999796389786,0.0,0.39967999796389786,Fishing,Fishing - Longliner
700057517,VESSEL_BRA_014,PT,fishing,1.0,longliner,0.9999999786542775,0.0,0.0,0.0,1.0,0.0,0.0,0.0,0.0,0.0,0.002430555555555555,0.39959476336723,0.0,0.39959476336723,Fishing,Fishing - Longliner
700057517,VESSEL_BRA_014,PT,fishing,1.0,longliner,0.9999999786542775,0.0,0.0,0.0,1.0,0.0,0.0,0.0,0.0,0.0,0.002430555555555555,0.4005871199181144,0.0,0.4005871199181144,Fishing,Fishing - Longliner
700057517,VESSEL_BRA_014,PT,fishing,1.0,longliner,0.9999999786542775,0.0,0.0,0.0,1.0,0.0,0.0,0.0,0.0,0.0,0.002430555555555555,0.4017730362187959,0.0,0.4017730362187959,Fishing,Fishing - Longliner
700057517,VESSEL_BRA_014,PT,fishing,0.9922222222222223,longliner,0.9999999786542775,0.0,0.0016666666666666668,0.0,0.9922222222222223,0.0,0.0,0.0,0.0,0.0061111111111111106,0.002430555555555555,0.40199280327942244,0.0,0.40199280327942244,Fishing,Fishing - Longliner
700057517,VESSEL_BRA_014,PT,fishing,1.0,longliner,0.9999999786542775,0.0,0.0,0.0,1.0,0.0,0.0,0.0,0.0,0.0,0.002430555555555555,0.40095014691010056,0.0,0.40095014691010056,Fishing,Fishing - Longliner
700057517,VESSEL_BRA_014,PT,fishing,0.9983333333333333,longliner,0.9999999797030921,0.0,0.0,0.0,0.9983333333333333,0.0016666666666666668,0.0,0.0,0.0,0.0,0.002430555555555555,0.39895343849551657,0.0,0.39895343849551657,Fishing,Fishing - Longliner
700057517,VESSEL_BRA_014,PT,transit,0.9612222222222222,longliner,0.9999999795635042,0.0011111111111111111,0.0,0.0,0.01188888888888889,0.0016666666666666668,0.0,0.018555555555555554,0.9612222222222222,0.005555555555555555,0.002430555555555555,0.0,0.0,0.002430555555555555,Transit,Fishing - Longliner
700057517,VESSEL_BRA_014,PT,transit,0.9973333333333333,longliner,0.9999999792926657,0.0006666666666666668,0.002,0.0,0.0,0.0,0.0,0.0,0.9973333333333333,0.0,0.002430555555555555,0.0,0.0,0.002430555555555555,Transit,Fishing - Longliner
700057517,VESSEL_BRA_014,PT,transit,0.9997411003236247,longliner,0.9999999791728817,0.0,0.0,0.0,0.0001941747572815534,0.0,3.2362459546925564e-05,0.0,0.9997411003236247,3.2362459546925564e-05,0.002430555555555555,0.0,0.0,0.002430555555555555,Transit,Fishing - Longliner
700057517,VESSEL_BRA_014,PT,transit,1.0,longliner,0.9999999791728817,0.0,0.0,0.0,0.0,0.0,0.0,0.0,1.0,0.0,0.002430555555555555,0.0,0.0,0.002430555555555555,Transit,Fishing - Longliner
700057517,VESSEL_BRA_014,PT,fishing,0.8920000000000001,longliner,0.9999999760940513,0.0074444444444444445,0.0,0.0,0.8920000000000001,0.0008333333333333334,0.0033333333333333335,0.004611111111111111,0.08344444444444443,0.008333333333333333,0.002430555555555555,0.36712453052069133,0.0,0.36712453052069133,Fishing,Fishing - Longliner
700057517,VESSEL_BRA_014,PT,fishing,0.9605555555555556,longliner,0.9999999797030921,0.0,0.011301587301587302,0.0,0.9605555555555556,0.004666666666666666,0.0,0.0,0.019920634920634922,0.0035555555555555553,0.002430555555555555,0.3684210920768946,0.0,0.3684210920768946,Fishing,Fishing - Longliner
700057517,VESSEL_BRA_014,PT,fishing,0.9973333333333333,longliner,0.9999999786542775,0.0,0.0,0.0,0.9973333333333333,0.002666666666666667,0.0,0.0,0.0,0.0,0.002430555555555555,0.37001490623703387,0.0,0.37001490623703387,Fishing,Fishing - Longliner
700057517,VESSEL_BRA_014,PT,fishing,1.0,longliner,0.9999999786542775,0.0,0.0,0.0,1.0,0.0,0.0,0.0,0.0,0.0,0.002430555555555555,0.3700655530126761,0.0,0.3700655530126761,Fishing,Fishing - Longliner
700057517,VESSEL_BRA_014,PT,fishing,1.0,longliner,0.9999999786542775,0.0,0.0,0.0,1.0,0.0,0.0,0.0,0.0,0.0,0.002430555555555555,0.3684755590584801,0.0,0.3684755590584801,Fishing,Fishing - Longliner
700057517,VESSEL_BRA_014,PT,fishing,0.9983333333333333,longliner,0.9999999786542775,0.0,0.0,0.0,0.9983333333333333,0.0,0.0,0.0,0.0016666666666666668,0.0,0.002430555555555555,0.366821271037597,0.0,0.366821271037597,Fishing,Fishing - Longliner
700057517,VESSEL_BRA_014,PT,fishing,1.0,longliner,0.9999999786542775,0.0,0.0,0.0,1.0,0.0,0.0,0.0,0.0,0.0,0.002430555555555555,0.3661744370289492,0.0,0.3661744370289492,Fishing,Fishing - Longliner
700057517,VESSEL_BRA_014,PT,fishing,1.0,longliner,0.9999999786542775,0.0,0.0,0.0,1.0,0.0,0.0,0.0,0.0,0.0,0.002430555555555555,0.3665860791909516,0.0,0.3665860791909516,Fishing,Fishing - Longliner
700057517,VESSEL_BRA_014,PT,fishing,1.0,longliner,0.9999999786542775,0.0,0.0,0.0,1.0,0.0,0.0,0.0,0.0,0.0,0.002430555555555555,0.366492092589914,0.0,0.366492092589914,Fishing,Fishing - Longliner
700057517,VESSEL_BRA_014,PT,fishing,0.9894444444444443,longliner,0.9999999794163894,0.0,0.0,0.0,0.9894444444444443,0.0016666666666666668,0.0,0.0,0.007222222222222222,0.0016666666666666668,0.002430555555555555,0.365321377155289,0.0,0.365321377155289,Fishing,Fishing - Longliner
700057517,VESSEL_BRA_014,PT,transit,0.9446111111111113,longliner,0.9999999795646266,0.0054444444444444445,0.005,0.0,0.021777777777777778,0.006222222222222223,0.0,0.011944444444444443,0.9446111111111113,0.005,0.002430555555555555,0.0,0.0,0.002430555555555555,Transit,Fishing - Longliner
700057517,VESSEL_BRA_014,PT,transit,1.0,longliner,0.9999999792926657,0.0,0.0,0.0,0.0,0.0,0.0,0.0,1.0,0.0,0.002430555555555555,0.0,0.0,0.002430555555555555,Transit,Fishing - Longliner
700057517,VESSEL_BRA_014,PT,transit,1.0,longliner,0.9999999791728817,0.0,0.0,0.0,0.0,0.0,0.0,0.0,1.0,0.0,0.002430555555555555,0.0,0.0,0.002430555555555555,Transit,Fishing - Longliner
700057517,VESSEL_BRA_014,PT,transit,1.0,longliner,0.9999999791728817,0.0,0.0,0.0,0.0,0.0,0.0,0.0,1.0,0.0,0.002430555555555555,0.0,0.0,0.002430555555555555,Transit,Fishing - Longliner
700057517,VESSEL_BRA_014,PT,transit,1.0,longliner,0.9999999791728817,0.0,0.0,0.0,0.0,0.0,0.0,0.0,1.0,0.0,0.002430555555555555,0.0,0.0,0.002430555555555555,Transit,Fishing - Longliner
700057517,VESSEL_BRA_014,PT,transit,1.0,longliner,0.9999999791728817,0.0,0.0,0.0,0.0,0.0,0.0,0.0,1.0,0.0,0.002430555555555555,0.0,0.0,0.002430555555555555,Transit,Fishing - Longliner
700057517,VESSEL_BRA_014,PT,transit,1.0,longliner,0.9999999791728817,0.0,0.0,0.0,0.0,0.0,0.0,0.0,1.0,0.0,0.002430555555555555,0.0,0.0,0.002430555555555555,Transit,Fishing - Longliner
700057517,VESSEL_BRA_014,PT,transit,1.0,longliner,0.9999999791728817,0.0,0.0,0.0,0.0,0.0,0.0,0.0,1.0,0.0,0.002430555555555555,0.0,0.0,0.002430555555555555,Transit,Fishing - Longliner
700057517,VESSEL_BRA_014,PT,transit,1.0,longliner,0.9999999791728817,0.0,0.0,0.0,0.0,0.0,0.0,0.0,1.0,0.0,0.002430555555555555,0.0,0.0,0.002430555555555555,Transit,Fishing - Longliner
700057517,VESSEL_BRA_014,PT,transit,1.0,longliner,0.9999999791728817,0.0,0.0,0.0,0.0,0.0,0.0,0.0,1.0,0.0,0.002430555555555555,0.0,0.0,0.002430555555555555,Transit,Fishing - Longliner
700057517,VESSEL_BRA_014,PT,transit,1.0,longliner,0.9999999791728817,0.0,0.0,0.0,0.0,0.0,0.0,0.0,1.0,0.0,0.002430555555555555,0.0,0.0,0.002430555555555555,Transit,Fishing - Longliner
700057517,VESSEL_BRA_014,PT,transit,1.0,longliner,0.9999999791728817,0.0,0.0,0.0,0.0,0.0,0.0,0.0,1.0,0.0,0.002430555555555555,0.0,0.0,0.002430555555555555,Transit,Fishing - Longliner
700057517,VESSEL_BRA_014,PT,transit,1.0,longliner,0.9999999791728817,0.0,0.0,0.0,0.0,0.0,0.0,0.0,1.0,0.0,0.002430555555555555,0.0,0.0,0.002430555555555555,Transit,Fishing - Longliner
700057517,VESSEL_BRA_014,PT,transit,1.0,longliner,0.9999999791728817,0.0,0.0,0.0,0.0,0.0,0.0,0.0,1.0,0.0,0.002430555555555555,0.0,0.0,0.002430555555555555,Transit,Fishing - Longliner
700057517,VESSEL_BRA_014,PT,transit,0.9972222222222221,longliner,0.9999999791728817,0.0,0.0,0.0,0.0027777777777777775,0.0,0.0,0.0,0.9972222222222221,0.0,0.002430555555555555,0.0,0.0,0.002430555555555555,Transit,Fishing - Longliner
700057517,VESSEL_BRA_014,PT,transit,1.0,longliner,0.9999999791728817,0.0,0.0,0.0,0.0,0.0,0.0,0.0,1.0,0.0,0.002430555555555555,0.0,0.0,0.002430555555555555,Transit,Fishing - Longliner
700057517,VESSEL_BRA_014,PT,transit,1.0,longliner,0.9999999791728817,0.0,0.0,0.0,0.0,0.0,0.0,0.0,1.0,0.0,0.002430555555555555,0.0,0.0,0.002430555555555555,Transit,Fishing - Longliner
700057517,VESSEL_BRA_014,PT,transit,1.0,longliner,0.9999999791728817,0.0,0.0,0.0,0.0,0.0,0.0,0.0,1.0,0.0,0.002430555555555555,0.0,0.0,0.002430555555555555,Transit,Fishing - Longliner
700057517,VESSEL_BRA_014,PT,transit,1.0,longliner,0.9999999791728817,0.0,0.0,0.0,0.0,0.0,0.0,0.0,1.0,0.0,0.002430555555555555,0.0,0.0,0.002430555555555555,Transit,Fishing - Longliner
700057517,VESSEL_BRA_014,PT,transit,0.9961111111111113,longliner,0.9999999791728817,0.0,0.0,0.0,0.0016666666666666668,0.0,0.0022222222222222222,0.0,0.9961111111111113,0.0,0.002430555555555555,0.0,0.0,0.002430555555555555,Transit,Fishing - Longliner
700057517,VESSEL_BRA_014,PT,transit,1.0,longliner,0.9999999791728817,0.0,0.0,0.0,0.0,0.0,0.0,0.0,1.0,0.0,0.002430555555555555,0.0,0.0,0.002430555555555555,Transit,Fishing - Longliner
700057517,VESSEL_BRA_014,PT,transit,1.0,longliner,0.9999999791728817,0.0,0.0,0.0,0.0,0.0,0.0,0.0,1.0,0.0,0.002430555555555555,0.0,0.0,0.002430555555555555,Transit,Fishing - Longliner
700057517,VESSEL_BRA_014,PT,transit,1.0,longliner,0.9999999791728817,0.0,0.0,0.0,0.0,0.0,0.0,0.0,1.0,0.0,0.002430555555555555,0.0,0.0,0.002430555555555555,Transit,Fishing - Longliner
700057517,VESSEL_BRA_014,PT,transit,1.0,longliner,0.9999999791728817,0.0,0.0,0.0,0.0,0.0,0.0,0.0,1.0,0.0,0.002430555555555555,0.0,0.0,0.002430555555555555,Transit,Fishing - Longliner
700057517,VESSEL_BRA_014,PT,transit,1.0,longliner,0.9999999791728817,0.0,0.0,0.0,0.0,0.0,0.0,0.0,1.0,0.0,0.002430555555555555,0.0,0.0,0.002430555555555555,Transit,Fishing - Longliner
700057517,VESSEL_BRA_014,PT,transit,1.0,longliner,0.9999999791728817,0.0,0.0,0.0,0.0,0.0,0.0,0.0,1.0,0.0,0.002430555555555555,0.0,0.0,0.002430555555555555,Transit,Fishing - Longliner
700057517,VESSEL_BRA_014,PT,transit,1.0,longliner,0.9999999791728817,0.0,0.0,0.0,0.0,0.0,0.0,0.0,1.0,0.0,0.002430555555555555,0.0,0.0,0.002430555555555555,Transit,Fishing - Longliner
700057517,VESSEL_BRA_014,PT,transit,0.9997411003236247,longliner,0.9999999791728817,0.0,0.0,0.0,0.0001941747572815534,0.0,3.2362459546925564e-05,0.0,0.9997411003236247,3.2362459546925564e-05,0.002430555555555555,0.0,0.0,0.002430555555555555,Transit,Fishing - Longliner
700057517,VESSEL_BRA_014,PT,transit,1.0,longliner,0.9999999792926657,0.0,0.0,0.0,0.0,0.0,0.0,0.0,1.0,0.0,0.002430555555555555,0.0,0.0,0.002430555555555555,Transit,Fishing - Longliner
700057517,VESSEL_BRA_014,PT,transit,1.0,longliner,0.9999999792926657,0.0,0.0,0.0,0.0,0.0,0.0,0.0,1.0,0.0,0.002430555555555555,0.0,0.0,0.002430555555555555,Transit,Fishing - Longliner
700057517,VESSEL_BRA_014,PT,transit,1.0,longliner,0.9999999791728817,0.0,0.0,0.0,0.0,0.0,0.0,0.0,1.0,0.0,0.002430555555555555,0.0,0.0,0.002430555555555555,Transit,Fishing - Longliner
700057517,VESSEL_BRA_014,PT,transit,0.9997411003236247,longliner,0.9999999791728817,0.0,0.0,0.0,0.0001941747572815534,0.0,3.2362459546925564e-05,0.0,0.9997411003236247,3.2362459546925564e-05,0.002430555555555555,0.0,0.0,0.002430555555555555,Transit,Fishing - Longliner
700057517,VESSEL_BRA_014,PT,transit,1.0,longliner,0.9999999791728817,0.0,0.0,0.0,0.0,0.0,0.0,0.0,1.0,0.0,0.002430555555555555,0.0,0.0,0.002430555555555555,Transit,Fishing - Longliner
700057517,VESSEL_BRA_014,PT,transit,1.0,longliner,0.9999999791728817,0.0,0.0,0.0,0.0,0.0,0.0,0.0,1.0,0.0,0.002430555555555555,0.0,0.0,0.002430555555555555,Transit,Fishing - Longliner
700057517,VESSEL_BRA_014,PT,transit,1.0,longliner,0.9999999792926657,0.0,0.0,0.0,0.0,0.0,0.0,0.0,1.0,0.0,0.002430555555555555,0.0,0.0,0.002430555555555555,Transit,Fishing - Longliner
700057517,VESSEL_BRA_014,PT,transit,1.0,longliner,0.9999999791728817,0.0,0.0,0.0,0.0,0.0,0.0,0.0,1.0,0.0,0.002430555555555555,0.0,0.0,0.002430555555555555,Transit,Fishing - Longliner
700057517,VESSEL_BRA_014,PT,transit,1.0,longliner,0.9999999791728817,0.0,0.0,0.0,0.0,0.0,0.0,0.0,1.0,0.0,0.002430555555555555,0.0,0.0,0.002430555555555555,Transit,Fishing - Longliner
700057517,VESSEL_BRA_014,PT,transit,1.0,longliner,0.9999999791728817,0.0,0.0,0.0,0.0,0.0,0.0,0.0,1.0,0.0,0.002430555555555555,0.0,0.0,0.002430555555555555,Transit,Fishing - Longliner
700057517,VESSEL_BRA_014,PT,transit,1.0,longliner,0.9999999791728817,0.0,0.0,0.0,0.0,0.0,0.0,0.0,1.0,0.0,0.002430555555555555,0.0,0.0,0.002430555555555555,Transit,Fishing - Longliner
700057518,VESSEL_BRA_015,BR,transit,0.9911111111111113,purse_seiner,0.9999999710166441,0.007777777777777777,0.0011111111111111111,0.0,0.0,0.0,0.0,0.0,0.9911111111111113,0.0,0.002430555555555555,0.0,0.0,0.002430555555555555,Transit,Fishing - Purse Seiner
700057518,VESSEL_BRA_015,BR,transit,0.9997411003236247,purse_seiner,0.9999999710166441,0.0,0.0,0.0,0.0001941747572815534,0.0,3.2362459546925564e-05,0.0,0.9997411003236247,3.2362459546925564e-05,0.002430555555555555,0.0,0.0,0.002430555555555555,Transit,Fishing - Purse Seiner
700057518,VESSEL_BRA_015,BR,transit,1.0,purse_seiner,0.9999999710166441,0.0,0.0,0.0,0.0,0.0,0.0,0.0,1.0,0.0,0.002430555555555555,0.0,0.0,0.002430555555555555,Transit,Fishing - Purse Seiner
700057518,VESSEL_BRA_015,BR,transit,1.0,purse_seiner,0.9999999710166441,0.0,0.0,0.0,0.0,0.0,0.0,0.0,1.0,0.0,0.002430555555555555,0.0,0.0,0.002430555555555555,Transit,Fishing - Purse Seiner
700057518,VESSEL_BRA_015,BR,transit,1.0,purse_seiner,0.9999999710166441,0.0,0.0,0.0,0.0,0.0,0.0,0.0,1.0,0.0,0.002430555555555555,0.0,0.0,0.002430555555555555,Transit,Fishing - Purse Seiner
700057518,VESSEL_BRA_015,BR,transit,1.0,purse_seiner,0.9999999710166441,0.0,0.0,0.0,0.0,0.0,0.0,0.0,1.0,0.0,0.002430555555555555,0.0,0.0,0.002430555555555555,Transit,Fishing - Purse Seiner
700057518,VESSEL_BRA_015,BR,fishing,0.7937497303128372,purse_seiner,0.9999999680325932,0.008944444444444444,0.0006666666666666668,0.0,0.7937497303128372,0.006944444444444443,3.2362459546925564e-05,0.01877777777777778,0.16640776699029128,0.0044768069039913694,0.002430555555555555,0.39269547484138817,0.0,0.39269547484138817,Fishing,Fishing - Purse Seiner
700057518,VESSEL_BRA_015,BR,fishing,1.0,purse_seiner,0.9999999682126931,0.0,0.0,0.0,1.0,0.0,0.0,0.0,0.0,0.0,0.002430555555555555,0.3925908529331532,0.0,0.3925908529331532,Fishing,Fishing - Purse Seiner
700057518,VESSEL_BRA_015,BR,fishing,1.0,purse_seiner,0.9999999682126931,0.0,0.0,0.0,1.0,0.0,0.0,0.0,0.0,0.0,0.002430555555555555,0.3946812438654539,0.0,0.3946812438654539,Fishing,Fishing - Purse Seiner
700057518,VESSEL_BRA_015,BR,fishing,1.0,purse_seiner,0.9999999682126931,0.0,0.0,0.0,1.0,0.0,0.0,0.0,0.0,0.0,0.002430555555555555,0.39782342915835545,0.0,0.39782342915835545,Fishing,Fishing - Purse Seiner
700057518,VESSEL_BRA_015,BR,fishing,1.0,purse_seiner,0.9999999677942121,0.0,0.0,0.0,1.0,0.0,0.0,0.0,0.0,0.0,0.002430555555555555,0.400330673064914,0.0,0.400330673064914,Fishing,Fishing - Purse Seiner
700057518,VESSEL_BRA_015,BR,fishing,1.0,purse_seiner,0.9999999682126931,0.0,0.0,0.0,1.0,0.0,0.0,0.0,0.0,0.0,0.002430555555555555,0.4004132976220639,0.0,0.4004132976220639,Fishing,Fishing - Purse Seiner
700057518,VESSEL_BRA_015,BR,fishing,1.0,purse_seiner,0.9999999682126931,0.0,0.0,0.0,1.0,0.0,0.0,0.0,0.0,0.0,0.002430555555555555,0.40005969944360154,0.0,0.40005969944360154,Fishing,Fishing - Purse Seiner
700057518,VESSEL_BRA_015,BR,fishing,1.0,purse_seiner,0.9999999682126931,0.0,0.0,0.0,1.0,0.0,0.0,0.0,0.0,0.0,0.002430555555555555,0.4018537841610678,0.0,0.4018537841610678,Fishing,Fishing - Purse Seiner
700057518,VESSEL_BRA_015,BR,fishing,1.0,purse_seiner,0.9999999682126931,0.0,0.0,0.0,1.0,0.0,0.0,0.0,0.0,0.0,0.002430555555555555,0.40400052984583107,0.0,0.40400052984583107,Fishing,Fishing - Purse Seiner
700057518,VESSEL_BRA_015,BR,fishing,1.0,purse_seiner,0.9999999682126931,0.0,0.0,0.0,1.0,0.0,0.0,0.0,0.0,0.0,0.002430555555555555,0.40428351099768933,0.0,0.40428351099768933,Fishing,Fishing - Purse Seiner
700057518,VESSEL_BRA_015,BR,fishing,1.0,purse_seiner,0.9999999682126931,0.0,0.0,0.0,1.0,0.0,0.0,0.0,0.0,0.0,0.002430555555555555,0.40254006156543237,0.0,0.40254006156543237,Fishing,Fishing - Purse Seiner
700057518,VESSEL_BRA_015,BR,fishing,1.0,purse_seiner,0.9999999682126931,0.0,0.0,0.0,1.0,0.0,0.0,0.0,0.0,0.0,0.002430555555555555,0.4011640136149763,0.0,0.4011640136149763,Fishing,Fishing - Purse Seiner
700057518,VESSEL_BRA_015,BR,fishing,0.941043823326432,purse_seiner,0.9999999682126931,0.005978260869565218,0.00966873706004141,0.0,0.941043823326432,0.00881159420289855,0.0008333333333333334,0.002463768115942029,0.021666666666666667,0.009533816425120772,0.002430555555555555,0.4026876211270599,0.0,0.4026876211270599,Fishing,Fishing - Purse Seiner
700057518,VESSEL_BRA_015,BR,transit,0.9286666666666668,purse_seiner,0.9999999680307768,0.0011111111111111111,0.0022222222222222222,0.0,0.04322222222222222,0.0033333333333333335,0.0,0.01588888888888889,0.9286666666666668,0.005555555555555555,0.002430555555555555,0.0,0.0,0.002430555555555555,Transit,Fishing - Purse Seiner
700057518,VESSEL_BRA_015,BR,transit,0.9997411003236247,purse_seiner,0.9999999682127164,0.0,0.0,0.0,0.0001941747572815534,0.0,3.2362459546925564e-05,0.0,0.9997411003236247,3.2362459546925564e-05,0.002430555555555555,0.0,0.0,0.002430555555555555,Transit,Fishing - Purse Seiner
700057518,VESSEL_BRA_015,BR,transit,1.0,purse_seiner,0.9999999710166441,0.0,0.0,0.0,0.0,0.0,0.0,0.0,1.0,0.0,0.002430555555555555,0.0,0.0,0.002430555555555555,Transit,Fishing - Purse Seiner
700057518,VESSEL_BRA_015,BR,transit,0.8902777777777781,purse_seiner,0.9999999680307999,0.0,0.0,0.0,0.07122222222222223,0.0,0.029166666666666667,0.0,0.8902777777777781,0.009333333333333332,0.002430555555555555,0.0,0.0,0.002430555555555555,Transit,Fishing - Purse Seiner
700057518,VESSEL_BRA_015,BR,fishing,0.9916666666666665,purse_seiner,0.9999999680307768,0.0,0.0,0.0,0.9916666666666665,0.0,0.0,0.0,0.006666666666666667,0.0016666666666666668,0.002430555555555555,0.4514253433939075,0.0,0.4514253433939075,Fishing,Fishing - Purse Seiner
700057518,VESSEL_BRA_015,BR,fishing,1.0,purse_seiner,0.9999999682126931,0.0,0.0,0.0,1.0,0.0,0.0,0.0,0.0,0.0,0.002430555555555555,0.454291532634866,0.0,0.454291532634866,Fishing,Fishing - Purse Seiner
700057518,VESSEL_BRA_015,BR,fishing,1.0,purse_seiner,0.9999999677942121,0.0,0.0,0.0,1.0,0.0,0.0,0.0,0.0,0.0,0.002430555555555555,0.45360811864614536,0.0,0.45360811864614536,Fishing,Fishing - Purse Seiner
700057518,VESSEL_BRA_015,BR,fishing,1.0,purse_seiner,0.9999999677942121,0.0,0.0,0.0,1.0,0.0,0.0,0.0,0.0,0.0,0.002430555555555555,0.4532998408640094,0.0,0.4532998408640094,Fishing,Fishing - Purse Seiner
700057518,VESSEL_BRA_015,BR,fishing,1.0,purse_seiner,0.9999999682126931,0.0,0.0,0.0,1.0,0.0,0.0,0.0,0.0,0.0,0.002430555555555555,0.4547966740261056,0.0,0.4547966740261056,Fishing,Fishing - Purse Seiner
700057518,VESSEL_BRA_015,BR,fishing,1.0,purse_seiner,0.9999999677942121,0.0,0.0,0.0,1.0,0.0,0.0,0.0,0.0,0.0,0.002430555555555555,0.4548281231937412,0.0,0.4548281231937412,Fishing,Fishing - Purse Seiner
700057518,VESSEL_BRA_015,BR,fishing,1.0,purse_seiner,0.9999999682126931,0.0,0.0,0.0,1.0,0.0,0.0,0.0,0.0,0.0,0.002430555555555555,0.4532338363051077,0.0,0.4532338363051077,Fishing,Fishing - Purse Seiner
700057518,VESSEL_BRA_015,BR,fishing,1.0,purse_seiner,0.9999999682126931,0.0,0.0,0.0,1.0,0.0,0.0,0.0,0.0,0.0,0.002430555555555555,0.45295115346330955,0.0,0.45295115346330955,Fishing,Fishing - Purse Seiner
700057518,VESSEL_BRA_015,BR,fishing,0.9586111111111112,purse_seiner,0.9999999682126931,0.0008333333333333334,0.0,0.0016666666666666668,0.9586111111111112,0.009722222222222222,0.0,0.0,0.029166666666666667,0.0,0.002430555555555555,0.4522091316940853,0.0,0.4522091316940853,Fishing,Fishing - Purse Seiner
700057518,VESSEL_BRA_015,BR,transit,0.9855555555555554,purse_seiner,0.9999999682126931,0.008412698412698412,0.0004761904761904762,0.0,0.005555555555555555,0.0,0.0,0.0,0.9855555555555554,0.0,0.002430555555555555,0.0,0.0,0.002430555555555555,Transit,Fishing - Purse Seiner
700057518,VESSEL_BRA_015,BR,transit,1.0,purse_seiner,0.9999999710166441,0.0,0.0,0.0,0.0,0.0,0.0,0.0,1.0,0.0,0.002430555555555555,0.0,0.0,0.002430555555555555,Transit,Fishing - Purse Seiner
700057518,VESSEL_BRA_015,BR,transit,1.0,purse_seiner,0.9999999705154832,0.0,0.0,0.0,0.0,0.0,0.0,0.0,1.0,0.0,0.002430555555555555,0.0,0.0,0.002430555555555555,Transit,Fishing - Purse Seiner
700057518,VESSEL_BRA_015,BR,transit,1.0,purse_seiner,0.9999999705154832,0.0,0.0,0.0,0.0,0.0,0.0,0.0,1.0,0.0,0.002430555555555555,0.0,0.0,0.002430555555555555,Transit,Fishing - Purse Seiner
700057518,VESSEL_BRA_015,BR,transit,1.0,purse_seiner,0.9999999705154832,0.0,0.0,0.0,0.0,0.0,0.0,0.0,1.0,0.0,0.002430555555555555,0.0,0.0,0.002430555555555555,Transit,Fishing - Purse Seiner
700057518,VESSEL_BRA_015,BR,transit,1.0,purse_seiner,0.9999999705154832,0.0,0.0,0.0,0.0,0.0,0.0,0.0,1.0,0.0,0.002430555555555555,0.0,0.0,0.002430555555555555,Transit,Fishing - Purse Seiner
700057518,VESSEL_BRA_015,BR,transit,1.0,purse_seiner,0.9999999710166441,0.0,0.0,0.0,0.0,0.0,0.0,0.0,1.0,0.0,0.002430555555555555,0.0,0.0,0.002430555555555555,Transit,Fishing - Purse Seiner
700057518,VESSEL_BRA_015,BR,transit,1.0,purse_seiner,0.9999999710166441,0.0,0.0,0.0,0.0,0.0,0.0,0.0,1.0,0.0,0.002430555555555555,0.0,0.0,0.002430555555555555,Transit,Fishing - Purse Seiner
700057518,VESSEL_BRA_015,BR,transit,1.0,purse_seiner,0.9999999710166441,0.0,0.0,0.0,0.0,0.0,0.0,0.0,1.0,0.0,0.002430555555555555,0.0,0.0,0.002430555555555555,Transit,Fishing - Purse Seiner
700057518,VESSEL_BRA_015,BR,transit,1.0,purse_seiner,0.9999999710166441,0.0,0.0,0.0,0.0,0.0,0.0,0.0,1.0,0.0,0.002430555555555555,0.0,0.0,0.002430555555555555,Transit,Fishing - Purse Seiner
700057518,VESSEL_BRA_015,BR,transit,0.9997411003236247,purse_seiner,0.9999999710166441,0.0,0.0,0.0,0.0001941747572815534,0.0,3.2362459546925564e-05,0.0,0.9997411003236247,3.2362459546925564e-05,0.002430555555555555,0.0,0.0,0.002430555555555555,Transit,Fishing - Purse Seiner
700057518,VESSEL_BRA_015,BR,transit,1.0,purse_seiner,0.9999999710166441,0.0,0.0,0.0,0.0,0.0,0.0,0.0,1.0,0.0,0.002430555555555555,0.0,0.0,0.002430555555555555,Transit,Fishing - Purse Seiner
700057518,VESSEL_BRA_015,BR,transit,1.0,purse_seiner,0.9999999710166441,0.0,0.0,0.0,0.0,0.0,0.0,0.0,1.0,0.0,0.002430555555555555,0.0,0.0,0.002430555555555555,Transit,Fishing - Purse Seiner
700057518,VESSEL_BRA_015,BR,transit,1.0,purse_seiner,0.9999999705154832,0.0,0.0,0.0,0.0,0.0,0.0,0.0,1.0,0.0,0.002430555555555555,0.0,0.0,0.002430555555555555,Transit,Fishing - Purse Seiner
700057518,VESSEL_BRA_015,BR,transit,1.0,purse_seiner,0.9999999705154832,0.0,0.0,0.0,0.0,0.0,0.0,0.0,1.0,0.0,0.002430555555555555,0.0,0.0,0.002430555555555555,Transit,Fishing - Purse Seiner
700057518,VESSEL_BRA_015,BR,transit,1.0,purse_seiner,0.9999999705154832,0.0,0.0,0.0,0.0,0.0,0.0,0.0,1.0,0.0,0.002430555555555555,0.0,0.0,0.002430555555555555,Transit,Fishing - Purse Seiner
700057518,VESSEL_BRA_015,BR,transit,1.0,purse_seiner,0.9999999705154832,0.0,0.0,0.0,0.0,0.0,0.0,0.0,1.0,0.0,0.002430555555555555,0.0,0.0,0.002430555555555555,Transit,Fishing - Purse Seiner
700057518,VESSEL_BRA_015,BR,transit,1.0,purse_seiner,0.9999999710166441,0.0,0.0,0.0,0.0,0.0,0.0,0.0,1.0,0.0,0.002430555555555555,0.0,0.0,0.002430555555555555,Transit,Fishing - Purse Seiner
700057518,VESSEL_BRA_015,BR,transit,1.0,purse_seiner,0.9999999710166441,0.0,0.0,0.0,0.0,0.0,0.0,0.0,1.0,0.0,0.002430555555555555,0.0,0.0,0.002430555555555555,Transit,Fishing - Purse Seiner
700057518,VESSEL_BRA_015,BR,transit,1.0,purse_seiner,0.9999999710166441,0.0,0.0,0.0,0.0,0.0,0.0,0.0,1.0,0.0,0.002430555555555555,0.0,0.0,0.002430555555555555,Transit,Fishing - Purse Seiner
700057518,VESSEL_BRA_015,BR,transit,1.0,purse_seiner,0.9999999681623236,0.0,0.0,0.0,0.0,0.0,0.0,0.0,1.0,0.0,0.002430555555555555,0.0,0.0,0.002430555555555555,Transit,Fishing - Purse Seiner
700057518,VESSEL_BRA_015,BR,transit,1.0,purse_seiner,0.9999999710166441,0.0,0.0,0.0,0.0,0.0,0.0,0.0,1.0,0.0,0.002430555555555555,0.0,0.0,0.002430555555555555,Transit,Fishing - Purse Seiner
700057518,VESSEL_BRA_015,BR,transit,0.9983333333333333,purse_seiner,0.9999999705154832,0.0016666666666666668,0.0,0.0,0.0,0.0,0.0,0.0,0.9983333333333333,0.0,0.002430555555555555,0.0,0.0,0.002430555555555555,Transit,Fishing - Purse Seiner
700057518,VESSEL_BRA_015,BR,transit,0.9983333333333333,purse_seiner,0.9999999705154832,0.0016666666666666668,0.0,0.0,0.0,0.0,0.0,0.0,0.9983333333333333,0.0,0.002430555555555555,0.0,0.0,0.002430555555555555,Transit,Fishing - Purse Seiner
700057518,VESSEL_BRA_015,BR,transit,0.9997411003236247,purse_seiner,0.9999999710166441,0.0,0.0,0.0,0.0001941747572815534,0.0,3.2362459546925564e-05,0.0,0.9997411003236247,3.2362459546925564e-05,0.002430555555555555,0.0,0.0,0.002430555555555555,Transit,Fishing - Purse Seiner
700057518,VESSEL_BRA_015,BR,transit,1.0,purse_seiner,0.9999999710166441,0.0,0.0,0.0,0.0,0.0,0.0,0.0,1.0,0.0,0.002430555555555555,0.0,0.0,0.002430555555555555,Transit,Fishing - Purse Seiner
700057518,VESSEL_BRA_015,BR,transit,0.9997411003236247,purse_seiner,0.9999999710166441,0.0,0.0,0.0,0.0001941747572815534,0.0,3.2362459546925564e-05,0.0,0.9997411003236247,3.2362459546925564e-05,0.002430555555555555,0.0,0.0,0.002430555555555555,Transit,Fishing - Purse Seiner
700057518,VESSEL_BRA_015,BR,transit,1.0,purse_seiner,0.9999999710166441,0.0,0.0,0.0,0.0,0.0,0.0,0.0,1.0,0.0,0.002430555555555555,0.0,0.0,0.002430555555555555,Transit,Fishing - Purse Seiner
700057518,VESSEL_BRA_015,BR,transit,0.9997411003236247,purse_seiner,0.9999999710166441,0.0,0.0,0.0,0.0001941747572815534,0.0,3.2362459546925564e-05,0.0,0.9997411003236247,3.2362459546925564e-05,0.002430555555555555,0.0,0.0,0.002430555555555555,Transit,Fishing - Purse Seiner
700057518,VESSEL_BRA_015,BR,transit,1.0,purse_seiner,0.9999999710166441,0.0,0.0,0.0,0.0,0.0,0.0,0.0,1.0,0.0,0.002430555555555555,0.0,0.0,0.002430555555555555,Transit,Fishing - Purse Seiner
700057518,VESSEL_BRA_015,BR,transit,1.0,purse_seiner,0.9999999710166441,0.0,0.0,0.0,0.0,0.0,0.0,0.0,1.0,0.0,0.002430555555555555,0.0,0.0,0.002430555555555555,Transit,Fishing - Purse Seiner
700057518,VESSEL_BRA_015,BR,transit,1.0,purse_seiner,0.9999999710166441,0.0,0.0,0.0,0.0,0.0,0.0,0.0,1.0,0.0,0.002430555555555555,0.0,0.0,0.002430555555555555,Transit,Fishing - Purse Seiner
700057518,VESSEL_BRA_015,BR,transit,0.9952777777777779,purse_seiner,0.9999999710166441,0.0,0.0016666666666666668,0.0,0.0,0.0,0.0,0.0030555555555555553,0.9952777777777779,0.0,0.002430555555555555,0.0,0.0,0.002430555555555555,Transit,Fishing - Purse Seiner
700057518,VESSEL_BRA_015,BR,transit,1.0,purse_seiner,0.9999999710166441,0.0,0.0,0.0,0.0,0.0,0.0,0.0,1.0,0.0,0.002430555555555555,0.0,0.0,0.002430555555555555,Transit,Fishing - Purse Seiner
700057518,VESSEL_BRA_015,BR,transit,1.0,purse_seiner,0.9999999705154832,0.0,0.0,0.0,0.0,0.0,0.0,0.0,1.0,0.0,0.002430555555555555,0.0,0.0,0.002430555555555555,Transit,Fishing - Purse Seiner
700057518,VESSEL_BRA_015,BR,transit,1.0,purse_seiner,0.9999999705154832,0.0,0.0,0.0,0.0,0.0,0.0,0.0,1.0,0.0,0.002430555555555555,0.0,0.0,0.002430555555555555,Transit,Fishing - Purse Seiner
700057518,VESSEL_BRA_015,BR,transit,1.0,purse_seiner,0.9999999710166441,0.0,0.0,0.0,0.0,0.0,0.0,0.0,1.0,0.0,0.002430555555555555,0.0,0.0,0.002430555555555555,Transit,Fishing - Purse Seiner
700057518,VESSEL_BRA_015,BR,transit,1.0,purse_seiner,0.9999999710166441,0.0,0.0,0.0,0.0,0.0,0.0,0.0,1.0,0.0,0.002430555555555555,0.0,0.0,0.002430555555555555,Transit,Fishing - Purse Seiner
700057518,VESSEL_BRA_015,BR,transit,1.0,purse_seiner,0.9999999710166441,0.0,0.0,0.0,0.0,0.0,0.0,0.0,1.0,0.0,0.002430555555555555,0.0,0.0,0.002430555555555555,Transit,Fishing - Purse Seiner
700057518,VESSEL_BRA_015,BR,transit,1.0,purse_seiner,0.9999999710166441,0.0,0.0,0.0,0.0,0.0,0.0,0.0,1.0,0.0,0.002430555555555555,0.0,0.0,0.002430555555555555,Transit,Fishing - Purse Seiner
700057518,VESSEL_BRA_015,BR,transit,1.0,purse_seiner,0.9999999710166441,0.0,0.0,0.0,0.0,0.0,0.0,0.0,1.0,0.0,0.002430555555555555,0.0,0.0,0.002430555555555555,Transit,Fishing - Purse Seiner
700057518,VESSEL_BRA_015,BR,transit,1.0,purse_seiner,0.9999999710166441,0.0,0.0,0.0,0.0,0.0,0.0,0.0,1.0,0.0,0.002430555555555555,0.0,0.0,0.002430555555555555,Transit,Fishing - Purse Seiner
700057518,VESSEL_BRA_015,BR,transit,0.9977777777777779,purse_seiner,0.9999999710166441,0.0,0.0,0.0,0.0,0.0,0.0,0.0022222222222222222,0.9977777777777779,0.0,0.002430555555555555,0.0,0.0,0.002430555555555555,Transit,Fishing - Purse Seiner
700057518,VESSEL_BRA_015,BR,transit,0.9975,purse_seiner,0.9999999710166441,0.0,0.0016666666666666668,0.0,0.0,0.0,0.0,0.0008333333333333334,0.9975,0.0,0.002430555555555555,0.0,0.0,0.002430555555555555,Transit,Fishing - Purse Seiner
700057518,VESSEL_BRA_015,BR,transit,1.0,purse_seiner,0.9999999710166441,0.0,0.0,0.0,0.0,0.0,0.0,0.0,1.0,0.0,0.002430555555555555,0.0,0.0,0.002430555555555555,Transit,Fishing - Purse Seiner
700057518,VESSEL_BRA_015,BR,transit,1.0,purse_seiner,0.9999999705154832,0.0,0.0,0.0,0.0,0.0,0.0,0.0,1.0,0.0,0.002430555555555555,0.0,0.0,0.002430555555555555,Transit,Fishing - Purse Seiner
700057518,VESSEL_BRA_015,BR,transit,1.0,purse_seiner,0.9999999705154832,0.0,0.0,0.0,0.0,0.0,0.0,0.0,1.0,0.0,0.002430555555555555,0.0,0.0,0.002430555555555555,Transit,Fishing - Purse Seiner
700057518,VESSEL_BRA_015,BR,transit,1.0,purse_seiner,0.9999999705154832,0.0,0.0,0.0,0.0,0.0,0.0,0.0,1.0,0.0,0.002430555555555555,0.0,0.0,0.002430555555555555,Transit,Fishing - Purse Seiner
700057518,VESSEL_BRA_015,BR,transit,1.0,purse_seiner,0.9999999710166441,0.0,0.0,0.0,0.0,0.0,0.0,0.0,1.0,0.0,0.002430555555555555,0.0,0.0,0.002430555555555555,Transit,Fishing - Purse Seiner
700057518,VESSEL_BRA_015,BR,transit,1.0,purse_seiner,0.9999999710166441,0.0,0.0,0.0,0.0,0.0,0.0,0.0,1.0,0.0,0.002430555555555555,0.0,0.0,0.002430555555555555,Transit,Fishing - Purse Seiner
700057518,VESSEL_BRA_015,BR,transit,1.0,purse_seiner,0.9999999710166441,0.0,0.0,0.0,0.0,0.0,0.0,0.0,1.0,0.0,0.002430555555555555,0.0,0.0,0.002430555555555555,Transit,Fishing - Purse Seiner
700057518,VESSEL_BRA_015,BR,transit,1.0,purse_seiner,0.9999999710166441,0.0,0.0,0.0,0.0,0.0,0.0,0.0,1.0,0.0,0.002430555555555555,0.0,0.0,0.002430555555555555,Transit,Fishing - Purse Seiner
700057518,VESSEL_BRA_015,BR,transit,1.0,purse_seiner,0.9999999710166441,0.0,0.0,0.0,0.0,0.0,0.0,0.0,1.0,0.0,0.002430555555555555,0.0,0.0,0.002430555555555555,Transit,Fishing - Purse Seiner
700057519,VESSEL_BRA_016,ES,transit,1.0,longliner,0.9999999791728817,0.0,0.0,0.0,0.0,0.0,0.0,0.0,1.0,0.0,0.002430555555555555,0.0,0.0,0.002430555555555555,Transit,Fishing - Longliner
700057519,VESSEL_BRA_016,ES,transit,1.0,longliner,0.9999999791728817,0.0,0.0,0.0,0.0,0.0,0.0,0.0,1.0,0.0,0.002430555555555555,0.0,0.0,0.002430555555555555,Transit,Fishing - Longliner
700057519,VESSEL_BRA_016,ES,transit,1.0,longliner,0.9999999791728817,0.0,0.0,0.0,0.0,0.0,0.0,0.0,1.0,0.0,0.002430555555555555,0.0,0.0,0.002430555555555555,Transit,Fishing - Longliner
700057519,VESSEL_BRA_016,ES,transit,1.0,longliner,0.9999999791728817,0.0,0.0,0.0,0.0,0.0,0.0,0.0,1.0,0.0,0.002430555555555555,0.0,0.0,0.002430555555555555,Transit,Fishing - Longliner
700057519,VESSEL_BRA_016,ES,transit,1.0,longliner,0.9999999791728817,0.0,0.0,0.0,0.0,0.0,0.0,0.0,1.0,0.0,0.002430555555555555,0.0,0.0,0.002430555555555555,Transit,Fishing - Longliner
700057519,VESSEL_BRA_016,ES,transit,0.8682777777777776,longliner,0.9999999791454224,0.009999999999999998,0.0,0.0,0.09755555555555556,0.0011111111111111111,0.019722222222222224,0.0016666666666666668,0.8682777777777776,0.0016666666666666668,0.43,0.0,0.0,0.43,Transit,Fishing - Longliner
700057519,VESSEL_BRA_016,ES,fishing,0.815674603174603,longliner,0.9999999790070144,0.0,0.0022222222222222222,0.010666666666666668,0.815674603174603,0.008888888888888889,0.0177063492063492,0.0,0.14234126984126982,0.0025,0.43,0.5143775153218177,0.0,0.5143775153218177,Fishing,Fishing - Longliner
700057519,VESSEL_BRA_016,ES,fishing,1.0,longliner,0.9999999786499565,0.0,0.0,0.0,1.0,0.0,0.0,0.0,0.0,0.0,0.002430555555555555,0.5441127133739224,0.0,0.5441127133739224,Fishing,Fishing - Longliner
700057519,VESSEL_BRA_016,ES,fishing,0.995,longliner,0.9999999786542775,0.0,0.0,0.0,0.995,0.0033333333333333335,0.0,0.0,0.0,0.0016666666666666668,0.002430555555555555,0.5457276417170587,0.0,0.5457276417170587,Fishing,Fishing - Longliner
700057519,VESSEL_BRA_016,ES,fishing,0.4923888888888889,longliner,0.9999999797030921,0.0285,0.050206349206349206,0.03222222222222223,0.4923888888888889,0.0065,0.0,0.05694444444444445,0.3221269841269841,0.01111111111111111,0.002430555555555555,0.5474551889269811,0.0,0.5474551889269811,Fishing,Fishing - Longliner
700057519,VESSEL_BRA_016,ES,transit,0.8438888888888889,longliner,0.9999999797030921,0.007555555555555555,0.017166666666666663,0.0044444444444444444,0.01861111111111111,0.0,0.0033333333333333335,0.10027777777777779,0.8438888888888889,0.004722222222222221,0.002430555555555555,0.0,0.0,0.002430555555555555,Transit,Fishing - Longliner
700057519,VESSEL_BRA_016,ES,transit,1.0,longliner,0.9999999792926657,0.0,0.0,0.0,0.0,0.0,0.0,0.0,1.0,0.0,0.002430555555555555,0.0,0.0,0.002430555555555555,Transit,Fishing - Longliner
700057519,VESSEL_BRA_016,ES,transit,0.9958333333333333,longliner,0.9999999791728817,0.0025,0.0016666666666666668,0.0,0.0,0.0,0.0,0.0,0.9958333333333333,0.0,0.002430555555555555,0.0,0.0,0.002430555555555555,Transit,Fishing - Longliner
700057519,VESSEL_BRA_016,ES,transit,1.0,longliner,0.9999999791728817,0.0,0.0,0.0,0.0,0.0,0.0,0.0,1.0,0.0,0.002430555555555555,0.0,0.0,0.002430555555555555,Transit,Fishing - Longliner
700057519,VESSEL_BRA_016,ES,transit,0.9530000000000001,longliner,0.9999999792926657,0.0,0.0,0.0,0.014944444444444444,0.0,0.03205555555555556,0.0,0.9530000000000001,0.0,0.002430555555555555,0.0,0.0,0.002430555555555555,Transit,Fishing - Longliner
700057519,VESSEL_BRA_016,ES,fishing,0.8923333333333333,longliner,0.9999999795635042,0.0,0.0,0.0,0.8923333333333333,0.0033333333333333335,0.0011111111111111111,0.0,0.10255555555555555,0.0006666666666666668,0.002430555555555555,0.5933816874601097,0.0,0.5933816874601097,Fishing,Fishing - Longliner
700057519,VESSEL_BRA_016,ES,fishing,0.9938888888888887,longliner,0.9999999797030921,0.0,0.0,0.0,0.9938888888888887,0.0016666666666666668,0.0,0.0,0.0044444444444444444,0.0,0.002430555555555555,0.5979076987943575,0.0,0.5979076987943575,Fishing,Fishing - Longliner
700057519,VESSEL_BRA_016,ES,fishing,0.7610596963423052,longliner,0.9999999786568434,0.039232229123533476,0.06361318150448587,0.029626984126984127,0.7610596963423052,0.008914768806073154,0.0016666666666666668,0.01796376811594203,0.0678174603174603,0.010105244996549346,0.002430555555555555,0.5986532096278975,0.0,0.5986532096278975,Fishing,Fishing - Longliner
700057519,VESSEL_BRA_016,ES,fishing,0.9983333333333333,longliner,0.9999999786542775,0.0,0.0016666666666666668,0.0,0.9983333333333333,0.0,0.0,0.0,0.0,0.0,0.002430555555555555,0.5986724163176709,0.0,0.5986724163176709,Fishing,Fishing - Longliner
700057519,VESSEL_BRA_016,ES,fishing,0.9983333333333333,longliner,0.9999999786542775,0.0,0.0016666666666666668,0.0,0.9983333333333333,0.0,0.0,0.0,0.0,0.0,0.002430555555555555,0.5988058197833083,0.0,0.5988058197833083,Fishing,Fishing - Longliner
700057519,VESSEL_BRA_016,ES,fishing,0.9983333333333333,longliner,0.9999999786542775,0.0,0.0016666666666666668,0.0,0.9983333333333333,0.0,0.0,0.0,0.0,0.0,0.002430555555555555,0.5986837288397474,0.0,0.5986837288397474,Fishing,Fishing - Longliner
700057519,VESSEL_BRA_016,ES,fishing,0.9833333333333335,longliner,0.9999999786542775,0.0,0.0033333333333333335,0.0033333333333333335,0.9833333333333335,0.005555555555555555,0.0,0.0,0.0,0.0044444444444444444,0.002430555555555555,0.5983602516735894,0.0,0.5983602516735894,Fishing,Fishing - Longliner
700057519,VESSEL_BRA_016,ES,fishing,0.995,longliner,0.9999999786542775,0.0,0.0016666666666666668,0.0,0.995,0.0014285714285714286,0.0,0.0,0.0,0.0019047619047619048,0.002430555555555555,0.5979555031985853,0.0,0.5979555031985853,Fishing,Fishing - Longliner
700057519,VESSEL_BRA_016,ES,fishing,0.9916666666666667,longliner,0.9999999786542775,0.0,0.0016666666666666668,0.0,0.9916666666666667,0.004761904761904762,0.0,0.0,0.0,0.0019047619047619048,0.002430555555555555,0.5974718338219235,0.0,0.5974718338219235,Fishing,Fishing - Longliner
700057519,VESSEL_BRA_016,ES,fishing,0.9916666666666667,longliner,0.9999999786542775,0.0,0.0016666666666666668,0.0,0.9916666666666667,0.006666666666666667,0.0,0.0,0.0,0.0,0.002430555555555555,0.597315211373115,0.0,0.597315211373115,Fishing,Fishing - Longliner
700057519,VESSEL_BRA_016,ES,fishing,0.99,longliner,0.9999999786542775,0.0,0.0016666666666666668,0.0,0.99,0.004761904761904762,0.0,0.0,0.0,0.0035714285714285713,0.002430555555555555,0.5980195230234611,0.0,0.5980195230234611,Fishing,Fishing - Longliner
700057519,VESSEL_BRA_016,ES,fishing,0.9916666666666667,longliner,0.9999999786542775,0.0,0.0016666666666666668,0.0,0.9916666666666667,0.006666666666666667,0.0,0.0,0.0,0.0,0.002430555555555555,0.5989132061753184,0.0,0.5989132061753184,Fishing,Fishing - Longliner
700057519,VESSEL_BRA_016,ES,fishing,0.9983333333333333,longliner,0.9999999786542775,0.0,0.0016666666666666668,0.0,0.9983333333333333,0.0,0.0,0.0,0.0,0.0,0.002430555555555555,0.5991132261288598,0.0,0.5991132261288598,Fishing,Fishing - Longliner
700057519,VESSEL_BRA_016,ES,fishing,0.9983333333333333,longliner,0.9999999786542775,0.0,0.0016666666666666668,0.0,0.9983333333333333,0.0,0.0,0.0,0.0,0.0,0.002430555555555555,0.599347622771526,0.0,0.599347622771526,Fishing,Fishing - Longliner
700057519,VESSEL_BRA_016,ES,fishing,0.9983333333333333,longliner,0.9999999786509817,0.0,0.0016666666666666668,0.0,0.9983333333333333,0.0,0.0,0.0,0.0,0.0,0.002430555555555555,0.5994367453376125,0.0,0.5994367453376125,Fishing,Fishing - Longliner
700057519,VESSEL_BRA_016,ES,fishing,0.9883333333333333,longliner,0.9999999786484288,0.0,0.0016666666666666668,0.0033333333333333335,0.9883333333333333,0.0033333333333333335,0.0,0.0,0.0,0.0033333333333333335,0.002430555555555555,0.5998294228265172,0.0,0.5998294228265172,Fishing,Fishing - Longliner
700057519,VESSEL_BRA_016,ES,fishing,0.9833333333333333,longliner,0.9999999786542775,0.0,0.0016666666666666668,0.0033333333333333335,0.9833333333333333,0.004761904761904762,0.0,0.0,0.0,0.006904761904761904,0.002430555555555555,0.6,0.0,0.6,Fishing,Fishing - Longliner
700057519,VESSEL_BRA_016,ES,fishing,0.9899999999999998,longliner,0.9999999790773653,0.0,0.0,0.0022222222222222222,0.9899999999999998,0.0,0.0,0.0,0.0027777777777777775,0.005,0.002430555555555555,0.6,0.0,0.6,Fishing,Fishing - Longliner
700057519,VESSEL_BRA_016,ES,transit,0.8668174603174604,longliner,0.9999999795646266,0.0025,0.007277777777777777,0.0017777777777777776,0.0761111111111111,0.024444444444444442,0.0016666666666666668,0.005555555555555555,0.8668174603174604,0.01384920634920635,0.002430555555555555,0.0,0.0,0.002430555555555555,Transit,Fishing - Longliner
700057519,VESSEL_BRA_016,ES,transit,1.0,longliner,0.9999999792926657,0.0,0.0,0.0,0.0,0.0,0.0,0.0,1.0,0.0,0.002430555555555555,0.0,0.0,0.002430555555555555,Transit,Fishing - Longliner
700057519,VESSEL_BRA_016,ES,transit,0.9983333333333333,longliner,0.9999999792926657,0.0016666666666666668,0.0,0.0,0.0,0.0,0.0,0.0,0.9983333333333333,0.0,0.002430555555555555,0.0,0.0,0.002430555555555555,Transit,Fishing - Longliner
700057519,VESSEL_BRA_016,ES,transit,0.9983333333333333,longliner,0.9999999791728817,0.0016666666666666668,0.0,0.0,0.0,0.0,0.0,0.0,0.9983333333333333,0.0,0.002430555555555555,0.0,0.0,0.002430555555555555,Transit,Fishing - Longliner
700057519,VESSEL_BRA_016,ES,transit,0.9983333333333333,longliner,0.9999999791728817,0.0016666666666666668,0.0,0.0,0.0,0.0,0.0,0.0,0.9983333333333333,0.0,0.002430555555555555,0.0,0.0,0.002430555555555555,Transit,Fishing - Longliner
700057519,VESSEL_BRA_016,ES,transit,0.9983333333333333,longliner,0.9999999791728817,0.0016666666666666668,0.0,0.0,0.0,0.0,0.0,0.0,0.9983333333333333,0.0,0.002430555555555555,0.0,0.0,0.002430555555555555,Transit,Fishing - Longliner
700057519,VESSEL_BRA_016,ES,transit,0.9961111111111113,longliner,0.9999999791728817,0.0016666666666666668,0.0,0.0,0.0,0.0,0.0022222222222222222,0.0,0.9961111111111113,0.0,0.002430555555555555,0.0,0.0,0.002430555555555555,Transit,Fishing - Longliner
700057519,VESSEL_BRA_016,ES,transit,0.9983333333333333,longliner,0.9999999791728817,0.0016666666666666668,0.0,0.0,0.0,0.0,0.0,0.0,0.9983333333333333,0.0,0.002430555555555555,0.0,0.0,0.002430555555555555,Transit,Fishing - Longliner
700057519,VESSEL_BRA_016,ES,transit,0.9983333333333333,longliner,0.9999999791728817,0.0016666666666666668,0.0,0.0,0.0,0.0,0.0,0.0,0.9983333333333333,0.0,0.002430555555555555,0.0,0.0,0.002430555555555555,Transit,Fishing - Longliner
700057519,VESSEL_BRA_016,ES,transit,0.9983333333333333,longliner,0.9999999791728817,0.0016666666666666668,0.0,0.0,0.0,0.0,0.0,0.0,0.9983333333333333,0.0,0.002430555555555555,0.0,0.0,0.002430555555555555,Transit,Fishing - Longliner
700057519,VESSEL_BRA_016,ES,transit,0.9983333333333333,longliner,0.9999999791728817,0.0016666666666666668,0.0,0.0,0.0,0.0,0.0,0.0,0.9983333333333333,0.0,0.002430555555555555,0.0,0.0,0.002430555555555555,Transit,Fishing - Longliner
700057519,VESSEL_BRA_016,ES,transit,0.9983333333333333,longliner,0.9999999791728817,0.0016666666666666668,0.0,0.0,0.0,0.0,0.0,0.0,0.9983333333333333,0.0,0.002430555555555555,0.0,0.0,0.002430555555555555,Transit,Fishing - Longliner
700057519,VESSEL_BRA_016,ES,transit,0.998074433656958,longliner,0.9999999791728817,0.0016666666666666668,0.0,0.0,0.0001941747572815534,0.0,3.2362459546925564e-05,0.0,0.998074433656958,3.2362459546925564e-05,0.002430555555555555,0.0,0.0,0.002430555555555555,Transit,Fishing - Longliner
700057519,VESSEL_BRA_016,ES,transit,0.9983333333333333,longliner,0.9999999791728817,0.0016666666666666668,0.0,0.0,0.0,0.0,0.0,0.0,0.9983333333333333,0.0,0.002430555555555555,0.0,0.0,0.002430555555555555,Transit,Fishing - Longliner
700057519,VESSEL_BRA_016,ES,transit,0.9970000000000001,longliner,0.9999999791728817,0.0016666666666666668,0.0,0.0,0.0013333333333333335,0.0,0.0,0.0,0.9970000000000001,0.0,0.002430555555555555,0.0,0.0,0.002430555555555555,Transit,Fishing - Longliner
700057519,VESSEL_BRA_016,ES,transit,0.9983333333333333,longliner,0.9999999791728538,0.0016666666666666668,0.0,0.0,0.0,0.0,0.0,0.0,0.9983333333333333,0.0,0.002430555555555555,0.0,0.0,0.002430555555555555,Transit,Fishing - Longliner
700057519,VESSEL_BRA_016,ES,transit,0.9983333333333333,longliner,0.9999999791728817,0.0016666666666666668,0.0,0.0,0.0,0.0,0.0,0.0,0.9983333333333333,0.0,0.002430555555555555,0.0,0.0,0.002430555555555555,Transit,Fishing - Longliner
700057519,VESSEL_BRA_016,ES,transit,0.9983333333333333,longliner,0.9999999791728817,0.0016666666666666668,0.0,0.0,0.0,0.0,0.0,0.0,0.9983333333333333,0.0,0.002430555555555555,0.0,0.0,0.002430555555555555,Transit,Fishing - Longliner
700057519,VESSEL_BRA_016,ES,transit,0.9983333333333333,longliner,0.9999999791728817,0.0016666666666666668,0.0,0.0,0.0,0.0,0.0,0.0,0.9983333333333333,0.0,0.002430555555555555,0.0,0.0,0.002430555555555555,Transit,Fishing - Longliner
700057519,VESSEL_BRA_016,ES,transit,0.995,longliner,0.9999999791728817,0.0016666666666666668,0.0,0.0,0.0,0.0,0.0033333333333333335,0.0,0.995,0.0,0.002430555555555555,0.0,0.0,0.002430555555555555,Transit,Fishing - Longliner
700057519,VESSEL_BRA_016,ES,transit,0.995,longliner,0.9999999791728817,0.0016666666666666668,0.0,0.0,0.0,0.0,0.0033333333333333335,0.0,0.995,0.0,0.002430555555555555,0.0,0.0,0.002430555555555555,Transit,Fishing - Longliner
700057519,VESSEL_BRA_016,ES,transit,0.995,longliner,0.9999999791728817,0.0016666666666666668,0.0,0.0,0.0,0.0,0.0033333333333333335,0.0,0.995,0.0,0.002430555555555555,0.0,0.0,0.002430555555555555,Transit,Fishing - Longliner
700057519,VESSEL_BRA_016,ES,transit,0.9966666666666667,longliner,0.9999999791728817,0.0,0.0,0.0,0.0,0.0,0.0033333333333333335,0.0,0.9966666666666667,0.0,0.002430555555555555,0.0,0.0,0.002430555555555555,Transit,Fishing - Longliner
700057519,VESSEL_BRA_016,ES,transit,0.9966666666666667,longliner,0.9999999791728817,0.0,0.0,0.0,0.0,0.0,0.0033333333333333335,0.0,0.9966666666666667,0.0,0.002430555555555555,0.0,0.0,0.002430555555555555,Transit,Fishing - Longliner
700057519,VESSEL_BRA_016,ES,transit,0.9966666666666667,longliner,0.9999999791728817,0.0,0.0,0.0,0.0,0.0,0.0033333333333333335,0.0,0.9966666666666667,0.0,0.002430555555555555,0.0,0.0,0.002430555555555555,Transit,Fishing - Longliner
700057519,VESSEL_BRA_016,ES,transit,0.9966666666666667,longliner,0.9999999791728817,0.0,0.0,0.0,0.0,0.0,0.0033333333333333335,0.0,0.9966666666666667,0.0,0.002430555555555555,0.0,0.0,0.002430555555555555,Transit,Fishing - Longliner
700057519,VESSEL_BRA_016,ES,transit,0.9966666666666667,longliner,0.9999999791728817,0.0,0.0,0.0,0.0,0.0,0.0033333333333333335,0.0,0.9966666666666667,0.0,0.002430555555555555,0.0,0.0,0.002430555555555555,Transit,Fishing - Longliner
700057519,VESSEL_BRA_016,ES,transit,0.9966666666666667,longliner,0.9999999791728817,0.0,0.0,0.0,0.0,0.0,0.0033333333333333335,0.0,0.9966666666666667,0.0,0.002430555555555555,0.0,0.0,0.002430555555555555,Transit,Fishing - Longliner
700057519,VESSEL_BRA_016,ES,transit,0.9966666666666667,longliner,0.9999999791728817,0.0,0.0,0.0,0.0,0.0,0.0033333333333333335,0.0,0.9966666666666667,0.0,0.002430555555555555,0.0,0.0,0.002430555555555555,Transit,Fishing - Longliner
700057519,VESSEL_BRA_016,ES,transit,0.9966666666666667,longliner,0.9999999791728817,0.0,0.0,0.0,0.0,0.0,0.0033333333333333335,0.0,0.9966666666666667,0.0,0.002430555555555555,0.0,0.0,0.002430555555555555,Transit,Fishing - Longliner
700057519,VESSEL_BRA_016,ES,transit,0.9966666666666667,longliner,0.9999999791728817,0.0,0.0,0.0,0.0,0.0,0.0033333333333333335,0.0,0.9966666666666667,0.0,0.002430555555555555,0.0,0.0,0.002430555555555555,Transit,Fishing - Longliner
700057519,VESSEL_BRA_016,ES,transit,0.9933333333333333,longliner,0.9999999792926657,0.0,0.0,0.0,0.0,0.0,0.006666666666666667,0.0,0.9933333333333333,0.0,0.002430555555555555,0.0,0.0,0.002430555555555555,Transit,Fishing - Longliner
700057519,VESSEL_BRA_016,ES,transit,0.9866666666666667,longliner,0.9999999791728538,0.0,0.0,0.0,0.0,0.0,0.013333333333333334,0.0,0.9866666666666667,0.0,0.002430555555555555,0.0,0.0,0.002430555555555555,Transit,Fishing - Longliner
700057519,VESSEL_BRA_016,ES,transit,0.9933333333333333,longliner,0.9999999791728817,0.0,0.0,0.0,0.0,0.0,0.006666666666666667,0.0,0.9933333333333333,0.0,0.002430555555555555,0.0,0.0,0.002430555555555555,Transit,Fishing - Longliner
700057519,VESSEL_BRA_016,ES,transit,0.9933333333333333,longliner,0.9999999791728817,0.0,0.0,0.0,0.0,0.0,0.006666666666666667,0.0,0.9933333333333333,0.0,0.002430555555555555,0.0,0.0,0.002430555555555555,Transit,Fishing - Longliner
700057519,VESSEL_BRA_016,ES,transit,0.9919633225458468,longliner,0.9999999791728817,0.0,0.0,0.0,0.0001941747572815534,0.0,0.007810140237324703,0.0,0.9919633225458468,3.2362459546925564e-05,0.002430555555555555,0.0,0.0,0.002430555555555555,Transit,Fishing - Longliner
700057519,VESSEL_BRA_016,ES,transit,0.9933333333333333,longliner,0.9999999791728817,0.0,0.0,0.0,0.0,0.0,0.006666666666666667,0.0,0.9933333333333333,0.0,0.002430555555555555,0.0,0.0,0.002430555555555555,Transit,Fishing - Longliner
700057520,VESSEL_BRA_017,BR,transit,1.0,purse_seiner,0.999999977928816,0.0,0.0,0.0,0.0,0.0,0.0,0.0,1.0,0.0,0.002430555555555555,0.0,0.0,0.002430555555555555,Transit,Fishing - Purse Seiner
700057520,VESSEL_BRA_017,BR,transit,1.0,purse_seiner,0.9999999757935903,0.0,0.0,0.0,0.0,0.0,0.0,0.0,1.0,0.0,0.002430555555555555,0.0,0.0,0.002430555555555555,Transit,Fishing - Purse Seiner
700057520,VESSEL_BRA_017,BR,transit,1.0,purse_seiner,0.999999977928816,0.0,0.0,0.0,0.0,0.0,0.0,0.0,1.0,0.0,0.002430555555555555,0.0,0.0,0.002430555555555555,Transit,Fishing - Purse Seiner
700057520,VESSEL_BRA_017,BR,transit,1.0,purse_seiner,0.999999977928816,0.0,0.0,0.0,0.0,0.0,0.0,0.0,1.0,0.0,0.002430555555555555,0.0,0.0,0.002430555555555555,Transit,Fishing - Purse Seiner
700057520,VESSEL_BRA_017,BR,transit,1.0,purse_seiner,0.999999977928816,0.0,0.0,0.0,0.0,0.0,0.0,0.0,1.0,0.0,0.002430555555555555,0.0,0.0,0.002430555555555555,Transit,Fishing - Purse Seiner
700057520,VESSEL_BRA_017,BR,transit,0.7740436507936509,purse_seiner,0.999999975655106,0.0,0.0,0.0,0.11187301587301587,0.007944444444444445,0.09169444444444444,0.0,0.7740436507936509,0.014444444444444444,0.002430555555555555,0.0,0.0,0.002430555555555555,Transit,Fishing - Purse Seiner
700057520,VESSEL_BRA_017,BR,fishing,0.9822222222222221,purse_seiner,0.9999999756550885,0.0,0.0,0.0,0.9822222222222221,0.0044444444444444444,0.0,0.0,0.011666666666666665,0.0016666666666666668,0.002430555555555555,0.35,0.0,0.35,Fishing,Fishing - Purse Seiner
700057520,VESSEL_BRA_017,BR,fishing,1.0,purse_seiner,0.9999999757935726,0.0,0.0,0.0,1.0,0.0,0.0,0.0,0.0,0.0,0.002430555555555555,0.35,0.0,0.35,Fishing,Fishing - Purse Seiner
700057520,VESSEL_BRA_017,BR,fishing,1.0,purse_seiner,0.9999999757935726,0.0,0.0,0.0,1.0,0.0,0.0,0.0,0.0,0.0,0.002430555555555555,0.35,0.0,0.35,Fishing,Fishing - Purse Seiner
700057520,VESSEL_BRA_017,BR,fishing,0.9983333333333333,purse_seiner,0.9999999757935726,0.0,0.0,0.0,0.9983333333333333,0.0016666666666666668,0.0,0.0,0.0,0.0,0.002430555555555555,0.35,0.0,0.35,Fishing,Fishing - Purse Seiner
700057520,VESSEL_BRA_017,BR,fishing,1.0,purse_seiner,0.9999999757935726,0.0,0.0,0.0,1.0,0.0,0.0,0.0,0.0,0.0,0.002430555555555555,0.35,0.0,0.35,Fishing,Fishing - Purse Seiner
700057520,VESSEL_BRA_017,BR,fishing,1.0,purse_seiner,0.9999999757935726,0.0,0.0,0.0,1.0,0.0,0.0,0.0,0.0,0.0,0.002430555555555555,0.35,0.0,0.35,Fishing,Fishing - Purse Seiner
700057520,VESSEL_BRA_017,BR,fishing,1.0,purse_seiner,0.9999999757935726,0.0,0.0,0.0,1.0,0.0,0.0,0.0,0.0,0.0,0.002430555555555555,0.35,0.0,0.35,Fishing,Fishing - Purse Seiner
700057520,VESSEL_BRA_017,BR,fishing,1.0,purse_seiner,0.9999999757935726,0.0,0.0,0.0,1.0,0.0,0.0,0.0,0.0,0.0,0.002430555555555555,0.35,0.0,0.35,Fishing,Fishing - Purse Seiner
700057520,VESSEL_BRA_017,BR,fishing,1.0,purse_seiner,0.9999999757935726,0.0,0.0,0.0,1.0,0.0,0.0,0.0,0.0,0.0,0.002430555555555555,0.35,0.0,0.35,Fishing,Fishing - Purse Seiner
700057520,VESSEL_BRA_017,BR,fishing,1.0,purse_seiner,0.9999999757935726,0.0,0.0,0.0,1.0,0.0,0.0,0.0,0.0,0.0,0.002430555555555555,0.35,0.0,0.35,Fishing,Fishing - Purse Seiner
700057520,VESSEL_BRA_017,BR,fishing,1.0,purse_seiner,0.9999999757935726,0.0,0.0,0.0,1.0,0.0,0.0,0.0,0.0,0.0,0.002430555555555555,0.35,0.0,0.35,Fishing,Fishing - Purse Seiner
700057520,VESSEL_BRA_017,BR,fishing,1.0,purse_seiner,0.9999999757935726,0.0,0.0,0.0,1.0,0.0,0.0,0.0,0.0,0.0,0.002430555555555555,0.35,0.0,0.35,Fishing,Fishing - Purse Seiner
700057520,VESSEL_BRA_017,BR,fishing,1.0,purse_seiner,0.9999999757935726,0.0,0.0,0.0,1.0,0.0,0.0,0.0,0.0,0.0,0.002430555555555555,0.35,0.0,0.35,Fishing,Fishing - Purse Seiner
700057520,VESSEL_BRA_017,BR,fishing,0.9988888888888889,purse_seiner,0.9999999757935726,0.0,0.0,0.0,0.9988888888888889,0.0,0.0,0.0,0.0,0.0011111111111111111,0.002430555555555555,0.35,0.0,0.35,Fishing,Fishing - Purse Seiner
700057520,VESSEL_BRA_017,BR,fishing,1.0,purse_seiner,0.9999999757935726,0.0,0.0,0.0,1.0,0.0,0.0,0.0,0.0,0.0,0.002430555555555555,0.35,0.0,0.35,Fishing,Fishing - Purse Seiner
700057520,VESSEL_BRA_017,BR,fishing,0.884888888888889,purse_seiner,0.9999999757935726,0.0033333333333333335,0.015,0.0011111111111111111,0.884888888888889,0.016999999999999998,0.0,0.0008333333333333334,0.07783333333333331,0.0,0.002430555555555555,0.35,0.0,0.35,Fishing,Fishing - Purse Seiner
700057520,VESSEL_BRA_017,BR,transit,0.9506388888888889,purse_seiner,0.9999999756550885,0.021722222222222226,0.0033333333333333335,0.0,0.01972222222222222,0.0,0.0,0.004583333333333333,0.9506388888888889,0.0,0.002430555555555555,0.0,0.0,0.002430555555555555,Transit,Fishing - Purse Seiner
700057520,VESSEL_BRA_017,BR,transit,1.0,purse_seiner,0.9999999757935903,0.0,0.0,0.0,0.0,0.0,0.0,0.0,1.0,0.0,0.002430555555555555,0.0,0.0,0.002430555555555555,Transit,Fishing - Purse Seiner
700057520,VESSEL_BRA_017,BR,transit,1.0,purse_seiner,0.999999977928816,0.0,0.0,0.0,0.0,0.0,0.0,0.0,1.0,0.0,0.002430555555555555,0.0,0.0,0.002430555555555555,Transit,Fishing - Purse Seiner
700057520,VESSEL_BRA_017,BR,fishing,0.8250793650793652,purse_seiner,0.9999999756550885,0.0016666666666666668,0.0,0.0,0.8250793650793652,0.0,0.0061111111111111106,0.0,0.16380952380952382,0.0033333333333333335,0.002430555555555555,0.38501348223160603,0.0,0.38501348223160603,Fishing,Fishing - Purse Seiner
700057520,VESSEL_BRA_017,BR,fishing,0.9619444444444444,purse_seiner,0.9999999757935726,0.0,0.0,0.0,0.9619444444444444,0.0,0.020555555555555553,0.0,0.017499999999999998,0.0,0.002430555555555555,0.3922064088764608,0.0,0.3922064088764608,Fishing,Fishing - Purse Seiner
700057520,VESSEL_BRA_017,BR,fishing,0.9815555555555556,purse_seiner,0.9999999757935726,0.0,0.0,0.0,0.9815555555555556,0.0,0.006666666666666667,0.0,0.01177777777777778,0.0,0.002430555555555555,0.395723962117463,0.0,0.395723962117463,Fishing,Fishing - Purse Seiner
700057520,VESSEL_BRA_017,BR,fishing,1.0,purse_seiner,0.9999999757935726,0.0,0.0,0.0,1.0,0.0,0.0,0.0,0.0,0.0,0.002430555555555555,0.3988987085045871,0.0,0.3988987085045871,Fishing,Fishing - Purse Seiner
700057520,VESSEL_BRA_017,BR,fishing,1.0,purse_seiner,0.9999999757935726,0.0,0.0,0.0,1.0,0.0,0.0,0.0,0.0,0.0,0.002430555555555555,0.4013729639380055,0.0,0.4013729639380055,Fishing,Fishing - Purse Seiner
700057520,VESSEL_BRA_017,BR,fishing,0.995,purse_seiner,0.9999999757935726,0.0,0.0,0.0,0.995,0.005,0.0,0.0,0.0,0.0,0.002430555555555555,0.40121528975137977,0.0,0.40121528975137977,Fishing,Fishing - Purse Seiner
700057520,VESSEL_BRA_017,BR,fishing,1.0,purse_seiner,0.9999999754981183,0.0,0.0,0.0,1.0,0.0,0.0,0.0,0.0,0.0,0.002430555555555555,0.4005985352449254,0.0,0.4005985352449254,Fishing,Fishing - Purse Seiner
700057520,VESSEL_BRA_017,BR,fishing,1.0,purse_seiner,0.9999999757935726,0.0,0.0,0.0,1.0,0.0,0.0,0.0,0.0,0.0,0.002430555555555555,0.4013869565665165,0.0,0.4013869565665165,Fishing,Fishing - Purse Seiner
700057520,VESSEL_BRA_017,BR,fishing,1.0,purse_seiner,0.9999999757935726,0.0,0.0,0.0,1.0,0.0,0.0,0.0,0.0,0.0,0.002430555555555555,0.4034867159472899,0.0,0.4034867159472899,Fishing,Fishing - Purse Seiner
700057520,VESSEL_BRA_017,BR,fishing,1.0,purse_seiner,0.9999999757935726,0.0,0.0,0.0,1.0,0.0,0.0,0.0,0.0,0.0,0.002430555555555555,0.4060543024179466,0.0,0.4060543024179466,Fishing,Fishing - Purse Seiner
700057520,VESSEL_BRA_017,BR,transit,0.8323055555555556,purse_seiner,0.9999999756550885,0.005,0.0,0.0,0.1304722222222222,0.010833333333333332,0.0,0.005277777777777778,0.8323055555555556,0.01611111111111111,0.002430555555555555,0.0,0.0,0.002430555555555555,Transit,Fishing - Purse Seiner
700057520,VESSEL_BRA_017,BR,transit,1.0,purse_seiner,0.9999999757935903,0.0,0.0,0.0,0.0,0.0,0.0,0.0,1.0,0.0,0.002430555555555555,0.0,0.0,0.002430555555555555,Transit,Fishing - Purse Seiner
700057520,VESSEL_BRA_017,BR,transit,1.0,purse_seiner,0.999999977928816,0.0,0.0,0.0,0.0,0.0,0.0,0.0,1.0,0.0,0.002430555555555555,0.0,0.0,0.002430555555555555,Transit,Fishing - Purse Seiner
700057520,VESSEL_BRA_017,BR,transit,1.0,purse_seiner,0.999999977928816,0.0,0.0,0.0,0.0,0.0,0.0,0.0,1.0,0.0,0.002430555555555555,0.0,0.0,0.002430555555555555,Transit,Fishing - Purse Seiner
700057520,VESSEL_BRA_017,BR,transit,1.0,purse_seiner,0.999999977928816,0.0,0.0,0.0,0.0,0.0,0.0,0.0,1.0,0.0,0.002430555555555555,0.0,0.0,0.002430555555555555,Transit,Fishing - Purse Seiner
700057520,VESSEL_BRA_017,BR,transit,1.0,purse_seiner,0.9999999775766378,0.0,0.0,0.0,0.0,0.0,0.0,0.0,1.0,0.0,0.002430555555555555,0.0,0.0,0.002430555555555555,Transit,Fishing - Purse Seiner
700057520,VESSEL_BRA_017,BR,transit,1.0,purse_seiner,0.9999999775766378,0.0,0.0,0.0,0.0,0.0,0.0,0.0,1.0,0.0,0.002430555555555555,0.0,0.0,0.002430555555555555,Transit,Fishing - Purse Seiner
700057520,VESSEL_BRA_017,BR,transit,0.9977777777777779,purse_seiner,0.999999977928816,0.0,0.0,0.0,0.0,0.0,0.0,0.0022222222222222222,0.9977777777777779,0.0,0.002430555555555555,0.0,0.0,0.002430555555555555,Transit,Fishing - Purse Seiner
700057520,VESSEL_BRA_017,BR,transit,1.0,purse_seiner,0.999999977928816,0.0,0.0,0.0,0.0,0.0,0.0,0.0,1.0,0.0,0.002430555555555555,0.0,0.0,0.002430555555555555,Transit,Fishing - Purse Seiner
700057520,VESSEL_BRA_017,BR,transit,1.0,purse_seiner,0.999999977928816,0.0,0.0,0.0,0.0,0.0,0.0,0.0,1.0,0.0,0.002430555555555555,0.0,0.0,0.002430555555555555,Transit,Fishing - Purse Seiner
700057520,VESSEL_BRA_017,BR,transit,1.0,purse_seiner,0.9999999775766378,0.0,0.0,0.0,0.0,0.0,0.0,0.0,1.0,0.0,0.002430555555555555,0.0,0.0,0.002430555555555555,Transit,Fishing - Purse Seiner
700057520,VESSEL_BRA_017,BR,transit,1.0,purse_seiner,0.999999975163437,0.0,0.0,0.0,0.0,0.0,0.0,0.0,1.0,0.0,0.002430555555555555,0.0,0.0,0.002430555555555555,Transit,Fishing - Purse Seiner
700057520,VESSEL_BRA_017,BR,transit,1.0,purse_seiner,0.999999975163437,0.0,0.0,0.0,0.0,0.0,0.0,0.0,1.0,0.0,0.002430555555555555,0.0,0.0,0.002430555555555555,Transit,Fishing - Purse Seiner
700057520,VESSEL_BRA_017,BR,transit,1.0,purse_seiner,0.9999999775766378,0.0,0.0,0.0,0.0,0.0,0.0,0.0,1.0,0.0,0.002430555555555555,0.0,0.0,0.002430555555555555,Transit,Fishing - Purse Seiner
700057520,VESSEL_BRA_017,BR,transit,1.0,purse_seiner,0.999999977928816,0.0,0.0,0.0,0.0,0.0,0.0,0.0,1.0,0.0,0.002430555555555555,0.0,0.0,0.002430555555555555,Transit,Fishing - Purse Seiner
700057520,VESSEL_BRA_017,BR,transit,1.0,purse_seiner,0.9999999775766378,0.0,0.0,0.0,0.0,0.0,0.0,0.0,1.0,0.0,0.002430555555555555,0.0,0.0,0.002430555555555555,Transit,Fishing - Purse Seiner
700057520,VESSEL_BRA_017,BR,transit,0.9997411003236247,purse_seiner,0.9999999722830221,0.0,0.0,0.0,0.0001941747572815534,0.0,3.2362459546925564e-05,0.0,0.9997411003236247,3.2362459546925564e-05,0.002430555555555555,0.0,0.0,0.002430555555555555,Transit,Fishing - Purse Seiner
700057520,VESSEL_BRA_017,BR,transit,1.0,purse_seiner,0.9999999722830221,0.0,0.0,0.0,0.0,0.0,0.0,0.0,1.0,0.0,0.002430555555555555,0.0,0.0,0.002430555555555555,Transit,Fishing - Purse Seiner
700057520,VESSEL_BRA_017,BR,transit,1.0,purse_seiner,0.9999999757665489,0.0,0.0,0.0,0.0,0.0,0.0,0.0,1.0,0.0,0.002430555555555555,0.0,0.0,0.002430555555555555,Transit,Fishing - Purse Seiner
700057520,VESSEL_BRA_017,BR,transit,1.0,purse_seiner,0.999999977928816,0.0,0.0,0.0,0.0,0.0,0.0,0.0,1.0,0.0,0.002430555555555555,0.0,0.0,0.002430555555555555,Transit,Fishing - Purse Seiner
700057520,VESSEL_BRA_017,BR,transit,1.0,purse_seiner,0.999999977928816,0.0,0.0,0.0,0.0,0.0,0.0,0.0,1.0,0.0,0.002430555555555555,0.0,0.0,0.002430555555555555,Transit,Fishing - Purse Seiner
700057520,VESSEL_BRA_017,BR,transit,0.9997411003236247,purse_seiner,0.999999977928816,0.0,0.0,0.0,0.0001941747572815534,0.0,3.2362459546925564e-05,0.0,0.9997411003236247,3.2362459546925564e-05,0.002430555555555555,0.0,0.0,0.002430555555555555,Transit,Fishing - Purse Seiner
700057520,VESSEL_BRA_017,BR,transit,1.0,purse_seiner,0.999999977928816,0.0,0.0,0.0,0.0,0.0,0.0,0.0,1.0,0.0,0.002430555555555555,0.0,0.0,0.002430555555555555,Transit,Fishing - Purse Seiner
700057520,VESSEL_BRA_017,BR,transit,1.0,purse_seiner,0.999999977928816,0.0,0.0,0.0,0.0,0.0,0.0,0.0,1.0,0.0,0.002430555555555555,0.0,0.0,0.002430555555555555,Transit,Fishing - Purse Seiner
700057520,VESSEL_BRA_017,BR,transit,1.0,purse_seiner,0.999999977928816,0.0,0.0,0.0,0.0,0.0,0.0,0.0,1.0,0.0,0.002430555555555555,0.0,0.0,0.002430555555555555,Transit,Fishing - Purse Seiner
700057520,VESSEL_BRA_017,BR,transit,1.0,purse_seiner,0.999999977928816,0.0,0.0,0.0,0.0,0.0,0.0,0.0,1.0,0.0,0.002430555555555555,0.0,0.0,0.002430555555555555,Transit,Fishing - Purse Seiner
700057520,VESSEL_BRA_017,BR,transit,1.0,purse_seiner,0.999999977928816,0.0,0.0,0.0,0.0,0.0,0.0,0.0,1.0,0.0,0.002430555555555555,0.0,0.0,0.002430555555555555,Transit,Fishing - Purse Seiner
700057520,VESSEL_BRA_017,BR,transit,1.0,purse_seiner,0.999999977928816,0.0,0.0,0.0,0.0,0.0,0.0,0.0,1.0,0.0,0.002430555555555555,0.0,0.0,0.002430555555555555,Transit,Fishing - Purse Seiner
700057520,VESSEL_BRA_017,BR,transit,1.0,purse_seiner,0.999999977928816,0.0,0.0,0.0,0.0,0.0,0.0,0.0,1.0,0.0,0.002430555555555555,0.0,0.0,0.002430555555555555,Transit,Fishing - Purse Seiner
700057520,VESSEL_BRA_017,BR,transit,1.0,purse_seiner,0.999999977928816,0.0,0.0,0.0,0.0,0.0,0.0,0.0,1.0,0.0,0.002430555555555555,0.0,0.0,0.002430555555555555,Transit,Fishing - Purse Seiner
700057520,VESSEL_BRA_017,BR,transit,1.0,purse_seiner,0.999999977928816,0.0,0.0,0.0,0.0,0.0,0.0,0.0,1.0,0.0,0.002430555555555555,0.0,0.0,0.002430555555555555,Transit,Fishing - Purse Seiner
700057520,VESSEL_BRA_017,BR,transit,1.0,purse_seiner,0.9999999775766378,0.0,0.0,0.0,0.0,0.0,0.0,0.0,1.0,0.0,0.002430555555555555,0.0,0.0,0.002430555555555555,Transit,Fishing - Purse Seiner
700057520,VESSEL_BRA_017,BR,transit,1.0,purse_seiner,0.9999999775766378,0.0,0.0,0.0,0.0,0.0,0.0,0.0,1.0,0.0,0.002430555555555555,0.0,0.0,0.002430555555555555,Transit,Fishing - Purse Seiner
700057520,VESSEL_BRA_017,BR,transit,1.0,purse_seiner,0.9999999775766378,0.0,0.0,0.0,0.0,0.0,0.0,0.0,1.0,0.0,0.002430555555555555,0.0,0.0,0.002430555555555555,Transit,Fishing - Purse Seiner
700057520,VESSEL_BRA_017,BR,transit,1.0,purse_seiner,0.9999999775766378,0.0,0.0,0.0,0.0,0.0,0.0,0.0,1.0,0.0,0.002430555555555555,0.0,0.0,0.002430555555555555,Transit,Fishing - Purse Seiner
700057520,VESSEL_BRA_017,BR,transit,1.0,purse_seiner,0.999999977928816,0.0,0.0,0.0,0.0,0.0,0.0,0.0,1.0,0.0,0.002430555555555555,0.0,0.0,0.002430555555555555,Transit,Fishing - Purse Seiner
700057520,VESSEL_BRA_017,BR,transit,1.0,purse_seiner,0.999999977928816,0.0,0.0,0.0,0.0,0.0,0.0,0.0,1.0,0.0,0.002430555555555555,0.0,0.0,0.002430555555555555,Transit,Fishing - Purse Seiner
700057520,VESSEL_BRA_017,BR,transit,1.0,purse_seiner,0.999999977928816,0.0,0.0,0.0,0.0,0.0,0.0,0.0,1.0,0.0,0.002430555555555555,0.0,0.0,0.002430555555555555,Transit,Fishing - Purse Seiner
700057520,VESSEL_BRA_017,BR,transit,1.0,purse_seiner,0.999999977928816,0.0,0.0,0.0,0.0,0.0,0.0,0.0,1.0,0.0,0.002430555555555555,0.0,0.0,0.002430555555555555,Transit,Fishing - Purse Seiner
700057520,VESSEL_BRA_017,BR,transit,1.0,purse_seiner,0.999999977928816,0.0,0.0,0.0,0.0,0.0,0.0,0.0,1.0,0.0,0.002430555555555555,0.0,0.0,0.002430555555555555,Transit,Fishing - Purse Seiner
700057520,VESSEL_BRA_017,BR,transit,1.0,purse_seiner,0.999999977928816,0.0,0.0,0.0,0.0,0.0,0.0,0.0,1.0,0.0,0.002430555555555555,0.0,0.0,0.002430555555555555,Transit,Fishing - Purse Seiner
700057520,VESSEL_BRA_017,BR,transit,1.0,purse_seiner,0.9999999722830221,0.0,0.0,0.0,0.0,0.0,0.0,0.0,1.0,0.0,0.002430555555555555,0.0,0.0,0.002430555555555555,Transit,Fishing - Purse Seiner
700057520,VESSEL_BRA_017,BR,transit,1.0,purse_seiner,0.9999999722830221,0.0,0.0,0.0,0.0,0.0,0.0,0.0,1.0,0.0,0.002430555555555555,0.0,0.0,0.002430555555555555,Transit,Fishing - Purse Seiner
700057520,VESSEL_BRA_017,BR,transit,1.0,purse_seiner,0.9999999775766378,0.0,0.0,0.0,0.0,0.0,0.0,0.0,1.0,0.0,0.002430555555555555,0.0,0.0,0.002430555555555555,Transit,Fishing - Purse Seiner
700057520,VESSEL_BRA_017,BR,transit,1.0,purse_seiner,0.999999977928816,0.0,0.0,0.0,0.0,0.0,0.0,0.0,1.0,0.0,0.002430555555555555,0.0,0.0,0.002430555555555555,Transit,Fishing - Purse Seiner
700057520,VESSEL_BRA_017,BR,transit,1.0,purse_seiner,0.9999999775766378,0.0,0.0,0.0,0.0,0.0,0.0,0.0,1.0,0.0,0.002430555555555555,0.0,0.0,0.002430555555555555,Transit,Fishing - Purse Seiner
700057520,VESSEL_BRA_017,BR,transit,1.0,purse_seiner,0.9999999775766378,0.0,0.0,0.0,0.0,0.0,0.0,0.0,1.0,0.0,0.002430555555555555,0.0,0.0,0.002430555555555555,Transit,Fishing - Purse Seiner
700057520,VESSEL_BRA_017,BR,transit,1.0,purse_seiner,0.9999999775766378,0.0,0.0,0.0,0.0,0.0,0.0,0.0,1.0,0.0,0.002430555555555555,0.0,0.0,0.002430555555555555,Transit,Fishing - Purse Seiner
700057520,VESSEL_BRA_017,BR,transit,1.0,purse_seiner,0.999999977928816,0.0,0.0,0.0,0.0,0.0,0.0,0.0,1.0,0.0,0.002430555555555555,0.0,0.0,0.002430555555555555,Transit,Fishing - Purse Seiner
700057520,VESSEL_BRA_017,BR,transit,1.0,purse_seiner,0.999999977928816,0.0,0.0,0.0,0.0,0.0,0.0,0.0,1.0,0.0,0.002430555555555555,0.0,0.0,0.002430555555555555,Transit,Fishing - Purse Seiner
700057521,VESSEL_BRA_018,VU,transit,1.0,trawler,0.9999999744642449,0.0,0.0,0.0,0.0,0.0,0.0,0.0,1.0,0.0,0.002430555555555555,0.3,0.0,0.3,Transit,Fishing - Trawler
700057521,VESSEL_BRA_018,VU,transit,0.9878888888888889,trawler,0.9999999744642449,0.01211111111111111,0.0,0.0,0.0,0.0,0.0,0.0,0.9878888888888889,0.0,0.002430555555555555,0.3,0.0,0.3,Transit,Fishing - Trawler
700057521,VESSEL_BRA_018,VU,transit,0.9972222222222221,trawler,0.9999999744642449,0.0,0.0,0.0,0.0011111111111111111,0.0,0.0,0.0,0.9972222222222221,0.0016666666666666668,0.002430555555555555,0.3,0.0,0.3,Transit,Fishing - Trawler
700057521,VESSEL_BRA_018,VU,transit,0.9988888888888887,trawler,0.9999999744642449,0.0,0.0,0.0,0.0011111111111111111,0.0,0.0,0.0,0.9988888888888887,0.0,0.002430555555555555,0.3,0.0,0.3,Transit,Fishing - Trawler
700057521,VESSEL_BRA_018,VU,transit,1.0,trawler,0.9999999744642449,0.0,0.0,0.0,0.0,0.0,0.0,0.0,1.0,0.0,0.002430555555555555,0.3,0.0,0.3,Transit,Fishing - Trawler
700057521,VESSEL_BRA_018,VU,transit,1.0,trawler,0.9999999744642449,0.0,0.0,0.0,0.0,0.0,0.0,0.0,1.0,0.0,0.002430555555555555,0.3,0.0,0.3,Transit,Fishing - Trawler
700057521,VESSEL_BRA_018,VU,transit,1.0,trawler,0.9999999759558446,0.0,0.0,0.0,0.0,0.0,0.0,0.0,1.0,0.0,0.002430555555555555,0.3,0.0,0.3,Transit,Fishing - Trawler
700057521,VESSEL_BRA_018,VU,transit,1.0,trawler,0.9999999759558446,0.0,0.0,0.0,0.0,0.0,0.0,0.0,1.0,0.0,0.002430555555555555,0.3,0.0,0.3,Transit,Fishing - Trawler
700057521,VESSEL_BRA_018,VU,transit,0.9997411003236247,trawler,0.999999973468741,0.0,0.0,0.0,0.0001941747572815534,0.0,3.2362459546925564e-05,0.0,0.9997411003236247,3.2362459546925564e-05,0.002430555555555555,0.3,0.0,0.3,Transit,Fishing - Trawler
700057521,VESSEL_BRA_018,VU,transit,1.0,trawler,0.9999999744642449,0.0,0.0,0.0,0.0,0.0,0.0,0.0,1.0,0.0,0.002430555555555555,0.3,0.0,0.3,Transit,Fishing - Trawler
700057521,VESSEL_BRA_018,VU,transit,0.9997411003236247,trawler,0.9999999744642449,0.0,0.0,0.0,0.0001941747572815534,0.0,3.2362459546925564e-05,0.0,0.9997411003236247,3.2362459546925564e-05,0.002430555555555555,0.3,0.0,0.3,Transit,Fishing - Trawler
700057521,VESSEL_BRA_018,VU,transit,0.9210555555555555,trawler,0.9999999744642449,0.0,0.0,0.0,0.05672222222222222,0.0,0.022222222222222223,0.0,0.9210555555555555,0.0,0.002430555555555555,0.3,0.0,0.3,Transit,Fishing - Trawler
700057521,VESSEL_BRA_018,VU,fishing,0.9961111111111113,trawler,0.9999999714978395,0.0,0.0,0.0,0.9961111111111113,0.0,0.0,0.0,0.0038888888888888883,0.0,0.002430555555555555,0.7365699779342827,0.0,0.7365699779342827,Fishing,Fishing - Trawler
700057521,VESSEL_BRA_018,VU,fishing,1.0,trawler,0.9999999744642449,0.0,0.0,0.0,1.0,0.0,0.0,0.0,0.0,0.0,0.002430555555555555,0.740754015104304,0.0,0.740754015104304,Fishing,Fishing - Trawler
700057521,VESSEL_BRA_018,VU,fishing,1.0,trawler,0.9999999744642449,0.0,0.0,0.0,1.0,0.0,0.0,0.0,0.0,0.0,0.002430555555555555,0.7438437379124014,0.0,0.7438437379124014,Fishing,Fishing - Trawler
700057521,VESSEL_BRA_018,VU,fishing,1.0,trawler,0.9999999744642449,0.0,0.0,0.0,1.0,0.0,0.0,0.0,0.0,0.0,0.002430555555555555,0.7446669841723437,0.0,0.7446669841723437,Fishing,Fishing - Trawler
700057521,VESSEL_BRA_018,VU,fishing,0.9988888888888887,trawler,0.9999999741202117,0.0,0.0,0.0,0.9988888888888887,0.0011111111111111111,0.0,0.0,0.0,0.0,0.002430555555555555,0.7433351236628978,0.0,0.7433351236628978,Fishing,Fishing - Trawler
700057521,VESSEL_BRA_018,VU,fishing,1.0,trawler,0.9999999744642449,0.0,0.0,0.0,1.0,0.0,0.0,0.0,0.0,0.0,0.002430555555555555,0.7424810962991167,0.0,0.7424810962991167,Fishing,Fishing - Trawler
700057521,VESSEL_BRA_018,VU,fishing,1.0,trawler,0.9999999744642449,0.0,0.0,0.0,1.0,0.0,0.0,0.0,0.0,0.0,0.002430555555555555,0.7416714665285153,0.0,0.7416714665285153,Fishing,Fishing - Trawler
700057521,VESSEL_BRA_018,VU,fishing,1.0,trawler,0.9999999744642449,0.0,0.0,0.0,1.0,0.0,0.0,0.0,0.0,0.0,0.002430555555555555,0.7393789751318238,0.0,0.7393789751318238,Fishing,Fishing - Trawler
700057521,VESSEL_BRA_018,VU,fishing,1.0,trawler,0.9999999741202117,0.0,0.0,0.0,1.0,0.0,0.0,0.0,0.0,0.0,0.002430555555555555,0.7367055960160289,0.0,0.7367055960160289,Fishing,Fishing - Trawler
700057521,VESSEL_BRA_018,VU,fishing,1.0,trawler,0.9999999741202117,0.0,0.0,0.0,1.0,0.0,0.0,0.0,0.0,0.0,0.002430555555555555,0.7346730961390747,0.0,0.7346730961390747,Fishing,Fishing - Trawler
700057521,VESSEL_BRA_018,VU,fishing,0.9966666666666667,trawler,0.9999999745118264,0.0,0.0,0.0033333333333333335,0.9966666666666667,0.0,0.0,0.0,0.0,0.0,0.002430555555555555,0.7329071652425574,0.0,0.7329071652425574,Fishing,Fishing - Trawler
700057521,VESSEL_BRA_018,VU,fishing,0.9966666666666667,trawler,0.9999999745118264,0.0,0.0,0.0,0.9966666666666667,0.0033333333333333335,0.0,0.0,0.0,0.0,0.002430555555555555,0.7317228392802231,0.0,0.7317228392802231,Fishing,Fishing - Trawler
700057521,VESSEL_BRA_018,VU,fishing,1.0,trawler,0.9999999741202117,0.0,0.0,0.0,1.0,0.0,0.0,0.0,0.0,0.0,0.002430555555555555,0.7309186383188091,0.0,0.7309186383188091,Fishing,Fishing - Trawler
700057521,VESSEL_BRA_018,VU,fishing,1.0,trawler,0.9999999741202117,0.0,0.0,0.0,1.0,0.0,0.0,0.0,0.0,0.0,0.002430555555555555,0.7307166977911699,0.0,0.7307166977911699,Fishing,Fishing - Trawler
700057521,VESSEL_BRA_018,VU,fishing,0.9988888888888887,trawler,0.9999999741202117,0.0,0.0,0.0,0.9988888888888887,0.0011111111111111111,0.0,0.0,0.0,0.0,0.002430555555555555,0.731103225633706,0.0,0.731103225633706,Fishing,Fishing - Trawler
700057521,VESSEL_BRA_018,VU,fishing,1.0,trawler,0.9999999744642449,0.0,0.0,0.0,1.0,0.0,0.0,0.0,0.0,0.0,0.002430555555555555,0.7302778713878244,0.0,0.7302778713878244,Fishing,Fishing - Trawler
700057521,VESSEL_BRA_018,VU,fishing,0.939,trawler,0.9999999744642449,0.0016666666666666668,0.008166666666666668,0.0,0.939,0.007388888888888889,0.0,0.014,0.018333333333333333,0.011444444444444445,0.002430555555555555,0.7281993731379328,0.0,0.7281993731379328,Fishing,Fishing - Trawler
700057521,VESSEL_BRA_018,VU,fishing,0.9966666666666667,trawler,0.9999999744642449,0.0,0.0,0.0,0.9966666666666667,0.0,0.0,0.0,0.0033333333333333335,0.0,0.002430555555555555,0.7251802758291961,0.0,0.7251802758291961,Fishing,Fishing - Trawler
700057521,VESSEL_BRA_018,VU,fishing,1.0,trawler,0.9999999744642449,0.0,0.0,0.0,1.0,0.0,0.0,0.0,0.0,0.0,0.002430555555555555,0.721563163568546,0.0,0.721563163568546,Fishing,Fishing - Trawler
700057521,VESSEL_BRA_018,VU,fishing,0.9958333333333333,trawler,0.9999999714978395,0.0,0.0,0.0016666666666666668,0.9958333333333333,0.0008333333333333334,0.0,0.0,0.0016666666666666668,0.0,0.002430555555555555,0.7181243353567652,0.0,0.7181243353567652,Fishing,Fishing - Trawler
700057521,VESSEL_BRA_018,VU,transit,0.9311666666666667,trawler,0.9999999744642449,0.005,0.005277777777777778,0.0,0.036222222222222225,0.0,0.0,0.022333333333333334,0.9311666666666667,0.0,0.002430555555555555,0.3,0.0,0.3,Transit,Fishing - Trawler
700057521,VESSEL_BRA_018,VU,transit,0.9988888888888887,trawler,0.9999999744642449,0.0,0.0,0.0,0.0011111111111111111,0.0,0.0,0.0,0.9988888888888887,0.0,0.002430555555555555,0.3,0.0,0.3,Transit,Fishing - Trawler
700057521,VESSEL_BRA_018,VU,transit,0.984,trawler,0.9999999744642449,0.0,0.0,0.0,0.014888888888888886,0.0,0.0011111111111111111,0.0,0.984,0.0,0.002430555555555555,0.3,0.0,0.3,Transit,Fishing - Trawler
700057521,VESSEL_BRA_018,VU,fishing,0.93625,trawler,0.9999999714978395,0.0,0.0,0.0,0.93625,0.0,0.0008333333333333334,0.0,0.058333333333333334,0.004583333333333333,0.002430555555555555,0.7092154278961387,0.0,0.7092154278961387,Fishing,Fishing - Trawler
700057521,VESSEL_BRA_018,VU,fishing,0.9940830636461704,trawler,0.9999999744642449,0.0,0.0,0.0,0.9940830636461704,0.002777777777777778,3.2362459546925564e-05,0.0,0.0030744336569579287,3.2362459546925564e-05,0.002430555555555555,0.7077714792856966,0.0,0.7077714792856966,Fishing,Fishing - Trawler
700057521,VESSEL_BRA_018,VU,fishing,0.9968608414239483,trawler,0.9999999744642449,0.0,0.0,0.0,0.9968608414239483,0.0,3.2362459546925564e-05,0.0,0.0030744336569579287,3.2362459546925564e-05,0.002430555555555555,0.7063854943095582,0.0,0.7063854943095582,Fishing,Fishing - Trawler
700057521,VESSEL_BRA_018,VU,fishing,1.0,trawler,0.9999999744642449,0.0,0.0,0.0,1.0,0.0,0.0,0.0,0.0,0.0,0.002430555555555555,0.7055344257753908,0.0,0.7055344257753908,Fishing,Fishing - Trawler
700057521,VESSEL_BRA_018,VU,fishing,1.0,trawler,0.9999999744642449,0.0,0.0,0.0,1.0,0.0,0.0,0.0,0.0,0.0,0.002430555555555555,0.7050866713141517,0.0,0.7050866713141517,Fishing,Fishing - Trawler
700057521,VESSEL_BRA_018,VU,fishing,1.0,trawler,0.9999999744642449,0.0,0.0,0.0,1.0,0.0,0.0,0.0,0.0,0.0,0.002430555555555555,0.7060365531782802,0.0,0.7060365531782802,Fishing,Fishing - Trawler
700057521,VESSEL_BRA_018,VU,fishing,1.0,trawler,0.9999999744642449,0.0,0.0,0.0,1.0,0.0,0.0,0.0,0.0,0.0,0.002430555555555555,0.7088977442606146,0.0,0.7088977442606146,Fishing,Fishing - Trawler
700057521,VESSEL_BRA_018,VU,fishing,1.0,trawler,0.9999999744642449,0.0,0.0,0.0,1.0,0.0,0.0,0.0,0.0,0.0,0.002430555555555555,0.7125643013457506,0.0,0.7125643013457506,Fishing,Fishing - Trawler
700057521,VESSEL_BRA_018,VU,transit,0.9363333333333332,trawler,0.9999999714978395,0.0,0.0016666666666666668,0.0,0.04311111111111111,0.004166666666666667,0.0,0.011388888888888888,0.9363333333333332,0.0033333333333333335,0.002430555555555555,0.3,0.0,0.3,Transit,Fishing - Trawler
700057521,VESSEL_BRA_018,VU,transit,0.9977777777777778,trawler,0.9999999744642449,0.0,0.0,0.0,0.0022222222222222222,0.0,0.0,0.0,0.9977777777777778,0.0,0.002430555555555555,0.3,0.0,0.3,Transit,Fishing - Trawler
700057521,VESSEL_BRA_018,VU,transit,1.0,trawler,0.9999999744642449,0.0,0.0,0.0,0.0,0.0,0.0,0.0,1.0,0.0,0.002430555555555555,0.3,0.0,0.3,Transit,Fishing - Trawler
700057521,VESSEL_BRA_018,VU,transit,1.0,trawler,0.999999973468741,0.0,0.0,0.0,0.0,0.0,0.0,0.0,1.0,0.0,0.002430555555555555,0.3,0.0,0.3,Transit,Fishing - Trawler
700057521,VESSEL_BRA_018,VU,transit,1.0,trawler,0.999999973468741,0.0,0.0,0.0,0.0,0.0,0.0,0.0,1.0,0.0,0.002430555555555555,0.3,0.0,0.3,Transit,Fishing - Trawler
700057521,VESSEL_BRA_018,VU,transit,1.0,trawler,0.9999999744642449,0.0,0.0,0.0,0.0,0.0,0.0,0.0,1.0,0.0,0.002430555555555555,0.3,0.0,0.3,Transit,Fishing - Trawler
700057521,VESSEL_BRA_018,VU,transit,1.0,trawler,0.9999999744642449,0.0,0.0,0.0,0.0,0.0,0.0,0.0,1.0,0.0,0.002430555555555555,0.3,0.0,0.3,Transit,Fishing - Trawler
700057521,VESSEL_BRA_018,VU,transit,1.0,trawler,0.9999999744642449,0.0,0.0,0.0,0.0,0.0,0.0,0.0,1.0,0.0,0.002430555555555555,0.3,0.0,0.3,Transit,Fishing - Trawler
700057521,VESSEL_BRA_018,VU,transit,1.0,trawler,0.9999999744642449,0.0,0.0,0.0,0.0,0.0,0.0,0.0,1.0,0.0,0.002430555555555555,0.3,0.0,0.3,Transit,Fishing - Trawler
700057521,VESSEL_BRA_018,VU,transit,1.0,trawler,0.9999999744642449,0.0,0.0,0.0,0.0,0.0,0.0,0.0,1.0,0.0,0.002430555555555555,0.3,0.0,0.3,Transit,Fishing - Trawler
700057521,VESSEL_BRA_018,VU,transit,1.0,trawler,0.9999999744642449,0.0,0.0,0.0,0.0,0.0,0.0,0.0,1.0,0.0,0.002430555555555555,0.3,0.0,0.3,Transit,Fishing - Trawler
700057521,VESSEL_BRA_018,VU,transit,1.0,trawler,0.9999999744642449,0.0,0.0,0.0,0.0,0.0,0.0,0.0,1.0,0.0,0.002430555555555555,0.3,0.0,0.3,Transit,Fishing - Trawler
700057521,VESSEL_BRA_018,VU,transit,0.9997411003236247,trawler,0.9999999744642449,0.0,0.0,0.0,0.0001941747572815534,0.0,3.2362459546925564e-05,0.0,0.9997411003236247,3.2362459546925564e-05,0.002430555555555555,0.3,0.0,0.3,Transit,Fishing - Trawler
700057521,VESSEL_BRA_018,VU,transit,0.9988888888888887,trawler,0.9999999744642449,0.0,0.0,0.0,0.0011111111111111111,0.0,0.0,0.0,0.9988888888888887,0.0,0.002430555555555555,0.3,0.0,0.3,Transit,Fishing - Trawler
700057521,VESSEL_BRA_018,VU,transit,0.9983333333333333,trawler,0.9999999744642449,0.0,0.0,0.0,0.0016666666666666668,0.0,0.0,0.0,0.9983333333333333,0.0,0.002430555555555555,0.3,0.0,0.3,Transit,Fishing - Trawler
700057521,VESSEL_BRA_018,VU,transit,1.0,trawler,0.9999999744642449,0.0,0.0,0.0,0.0,0.0,0.0,0.0,1.0,0.0,0.002430555555555555,0.3,0.0,0.3,Transit,Fishing - Trawler
700057521,VESSEL_BRA_018,VU,transit,1.0,trawler,0.999999973468741,0.0,0.0,0.0,0.0,0.0,0.0,0.0,1.0,0.0,0.002430555555555555,0.3,0.0,0.3,Transit,Fishing - Trawler
700057521,VESSEL_BRA_018,VU,transit,0.998074433656958,trawler,0.9999999687672806,0.0,0.0,0.0,0.0001941747572815534,0.0,0.0016990291262135922,0.0,0.998074433656958,3.2362459546925564e-05,0.002430555555555555,0.3,0.0,0.3,Transit,Fishing - Trawler
700057521,VESSEL_BRA_018,VU,transit,0.9983333333333333,trawler,0.9999999744642449,0.0,0.0,0.0,0.0,0.0,0.0016666666666666668,0.0,0.9983333333333333,0.0,0.002430555555555555,0.3,0.0,0.3,Transit,Fishing - Trawler
700057521,VESSEL_BRA_018,VU,transit,1.0,trawler,0.9999999744642449,0.0,0.0,0.0,0.0,0.0,0.0,0.0,1.0,0.0,0.002430555555555555,0.3,0.0,0.3,Transit,Fishing - Trawler
700057521,VESSEL_BRA_018,VU,transit,1.0,trawler,0.9999999744642449,0.0,0.0,0.0,0.0,0.0,0.0,0.0,1.0,0.0,0.002430555555555555,0.3,0.0,0.3,Transit,Fishing - Trawler
700057521,VESSEL_BRA_018,VU,transit,0.9997411003236247,trawler,0.9999999744642449,0.0,0.0,0.0,0.0001941747572815534,0.0,3.2362459546925564e-05,0.0,0.9997411003236247,3.2362459546925564e-05,0.002430555555555555,0.3,0.0,0.3,Transit,Fishing - Trawler
700057521,VESSEL_BRA_018,VU,transit,1.0,trawler,0.9999999744642449,0.0,0.0,0.0,0.0,0.0,0.0,0.0,1.0,0.0,0.002430555555555555,0.3,0.0,0.3,Transit,Fishing - Trawler
700057521,VESSEL_BRA_018,VU,transit,1.0,trawler,0.9999999744642449,0.0,0.0,0.0,0.0,0.0,0.0,0.0,1.0,0.0,0.002430555555555555,0.3,0.0,0.3,Transit,Fishing - Trawler
700057521,VESSEL_BRA_018,VU,transit,1.0,trawler,0.999999969494487,0.0,0.0,0.0,0.0,0.0,0.0,0.0,1.0,0.0,0.002430555555555555,0.3,0.0,0.3,Transit,Fishing - Trawler
700057521,VESSEL_BRA_018,VU,transit,1.0,trawler,0.9999999754697043,0.0,0.0,0.0,0.0,0.0,0.0,0.0,1.0,0.0,0.002430555555555555,0.3,0.0,0.3,Transit,Fishing - Trawler
700057521,VESSEL_BRA_018,VU,transit,1.0,trawler,0.999999973468741,0.0,0.0,0.0,0.0,0.0,0.0,0.0,1.0,0.0,0.002430555555555555,0.3,0.0,0.3,Transit,Fishing - Trawler
700057521,VESSEL_BRA_018,VU,transit,1.0,trawler,0.9999999753074941,0.0,0.0,0.0,0.0,0.0,0.0,0.0,1.0,0.0,0.002430555555555555,0.3,0.0,0.3,Transit,Fishing - Trawler
700057521,VESSEL_BRA_018,VU,transit,0.9947411003236247,trawler,0.9999999744642449,0.0,0.0,0.0,0.0001941747572815534,0.0,0.005032362459546926,0.0,0.9947411003236247,3.2362459546925564e-05,0.002430555555555555,0.3,0.0,0.3,Transit,Fishing - Trawler
700057521,VESSEL_BRA_018,VU,transit,1.0,trawler,0.9999999744642449,0.0,0.0,0.0,0.0,0.0,0.0,0.0,1.0,0.0,0.002430555555555555,0.3,0.0,0.3,Transit,Fishing - Trawler
700057521,VESSEL_BRA_018,VU,transit,1.0,trawler,0.9999999744642449,0.0,0.0,0.0,0.0,0.0,0.0,0.0,1.0,0.0,0.002430555555555555,0.3,0.0,0.3,Transit,Fishing - Trawler
700057521,VESSEL_BRA_018,VU,transit,1.0,trawler,0.9999999744642449,0.0,0.0,0.0,0.0,0.0,0.0,0.0,1.0,0.0,0.002430555555555555,0.3,0.0,0.3,Transit,Fishing - Trawler
700057521,VESSEL_BRA_018,VU,transit,0.9997411003236247,trawler,0.9999999687672806,0.0,0.0,0.0,0.0001941747572815534,0.0,3.2362459546925564e-05,0.0,0.9997411003236247,3.2362459546925564e-05,0.002430555555555555,0.3,0.0,0.3,Transit,Fishing - Trawler
700057521,VESSEL_BRA_018,VU,transit,0.9977777777777779,trawler,0.9999999744642449,0.0022222222222222222,0.0,0.0,0.0,0.0,0.0,0.0,0.9977777777777779,0.0,0.002430555555555555,0.3,0.0,0.3,Transit,Fishing - Trawler
700057521,VESSEL_BRA_018,VU,transit,1.0,trawler,0.9999999744642449,0.0,0.0,0.0,0.0,0.0,0.0,0.0,1.0,0.0,0.002430555555555555,0.3,0.0,0.3,Transit,Fishing - Trawler
700057521,VESSEL_BRA_018,VU,transit,1.0,trawler,0.9999999754697043,0.0,0.0,0.0,0.0,0.0,0.0,0.0,1.0,0.0,0.002430555555555555,0.3,0.0,0.3,Transit,Fishing - Trawler
700057521,VESSEL_BRA_018,VU,transit,1.0,trawler,0.9999999683136479,0.0,0.0,0.0,0.0,0.0,0.0,0.0,1.0,0.0,0.002430555555555555,0.3,0.0,0.3,Transit,Fishing - Trawler
700057521,VESSEL_BRA_018,VU,transit,1.0,trawler,0.9999999744642449,0.0,0.0,0.0,0.0,0.0,0.0,0.0,1.0,0.0,0.002430555555555555,0.3,0.0,0.3,Transit,Fishing - Trawler
700057521,VESSEL_BRA_018,VU,transit,1.0,trawler,0.9999999744642449,0.0,0.0,0.0,0.0,0.0,0.0,0.0,1.0,0.0,0.002430555555555555,0.3,0.0,0.3,Transit,Fishing - Trawler
700057521,VESSEL_BRA_018,VU,transit,0.9973333333333333,trawler,0.9999999744642449,0.0006666666666666668,0.002,0.0,0.0,0.0,0.0,0.0,0.9973333333333333,0.0,0.002430555555555555,0.3,0.0,0.3,Transit,Fishing - Trawler
700057521,VESSEL_BRA_018,VU,transit,1.0,trawler,0.9999999744642449,0.0,0.0,0.0,0.0,0.0,0.0,0.0,1.0,0.0,0.002430555555555555,0.3,0.0,0.3,Transit,Fishing - Trawler
700057521,VESSEL_BRA_018,VU,transit,1.0,trawler,0.9999999744642449,0.0,0.0,0.0,0.0,0.0,0.0,0.0,1.0,0.0,0.002430555555555555,0.3,0.0,0.3,Transit,Fishing - Trawler
700057522,VESSEL_BRA_019,ES,transit,1.0,purse_seiner,0.999999977928816,0.0,0.0,0.0,0.0,0.0,0.0,0.0,1.0,0.0,0.002430555555555555,0.0,0.0,0.002430555555555555,Transit,Fishing - Purse Seiner
700057522,VESSEL_BRA_019,ES,transit,1.0,purse_seiner,0.999999977928816,0.0,0.0,0.0,0.0,0.0,0.0,0.0,1.0,0.0,0.002430555555555555,0.0,0.0,0.002430555555555555,Transit,Fishing - Purse Seiner
700057522,VESSEL_BRA_019,ES,transit,1.0,purse_seiner,0.9999999757935903,0.0,0.0,0.0,0.0,0.0,0.0,0.0,1.0,0.0,0.002430555555555555,0.0,0.0,0.002430555555555555,Transit,Fishing - Purse Seiner
700057522,VESSEL_BRA_019,ES,transit,1.0,purse_seiner,0.999999977928816,0.0,0.0,0.0,0.0,0.0,0.0,0.0,1.0,0.0,0.002430555555555555,0.0,0.0,0.002430555555555555,Transit,Fishing - Purse Seiner
700057522,VESSEL_BRA_019,ES,transit,0.9681111111111114,purse_seiner,0.999999977928816,0.0,0.0,0.0,0.0318888888888889,0.0,0.0,0.0,0.9681111111111114,0.0,0.35465277777777776,0.0,0.0,0.35465277777777776,Transit,Fishing - Purse Seiner
700057522,VESSEL_BRA_019,ES,fishing,0.7709285714285714,purse_seiner,0.9999999778030906,0.0,0.0,0.0033333333333333335,0.7709285714285714,0.0016666666666666668,0.013095238095238096,0.0,0.20714285714285713,0.003833333333333333,0.35465277777777776,0.5740639939388447,0.0,0.5740639939388447,Fishing,Fishing - Purse Seiner
700057522,VESSEL_BRA_019,ES,fishing,0.9927777777777778,purse_seiner,0.9999999757935726,0.0,0.0,0.0,0.9927777777777778,0.0025,0.0,0.0,0.0038888888888888883,0.0008333333333333334,0.002430555555555555,0.6,0.0,0.6,Fishing,Fishing - Purse Seiner
700057522,VESSEL_BRA_019,ES,fishing,1.0,purse_seiner,0.9999999757935726,0.0,0.0,0.0,1.0,0.0,0.0,0.0,0.0,0.0,0.002430555555555555,0.6,0.0,0.6,Fishing,Fishing - Purse Seiner
700057522,VESSEL_BRA_019,ES,transit,0.9153333333333334,purse_seiner,0.9999999756550885,0.0,0.002,0.0,0.05888888888888888,0.010444444444444444,0.0,0.0033333333333333335,0.9153333333333334,0.01,0.002430555555555555,0.0,0.0,0.002430555555555555,Transit,Fishing - Purse Seiner
700057522,VESSEL_BRA_019,ES,transit,1.0,purse_seiner,0.9999999757935903,0.0,0.0,0.0,0.0,0.0,0.0,0.0,1.0,0.0,0.002430555555555555,0.0,0.0,0.002430555555555555,Transit,Fishing - Purse Seiner
700057522,VESSEL_BRA_019,ES,transit,1.0,purse_seiner,0.9999999775766378,0.0,0.0,0.0,0.0,0.0,0.0,0.0,1.0,0.0,0.002430555555555555,0.0,0.0,0.002430555555555555,Transit,Fishing - Purse Seiner
700057522,VESSEL_BRA_019,ES,transit,0.8327513227513225,purse_seiner,0.9999999754073415,0.0,0.0,0.0,0.06050793650793652,0.016944444444444443,0.08101851851851852,0.0,0.8327513227513225,0.008777777777777778,0.002430555555555555,0.0,0.0,0.002430555555555555,Transit,Fishing - Purse Seiner
700057522,VESSEL_BRA_019,ES,fishing,0.9287777777777779,purse_seiner,0.9999999756550885,0.0,0.0,0.0,0.9287777777777779,0.009166666666666667,0.0033333333333333335,0.0,0.05322222222222222,0.0055,0.002430555555555555,0.6,0.0,0.6,Fishing,Fishing - Purse Seiner
700057522,VESSEL_BRA_019,ES,fishing,0.996222222222222,purse_seiner,0.9999999757935726,0.0,0.0,0.0,0.996222222222222,0.0011111111111111111,0.0,0.002666666666666667,0.0,0.0,0.002430555555555555,0.6,0.0,0.6,Fishing,Fishing - Purse Seiner
700057522,VESSEL_BRA_019,ES,fishing,1.0,purse_seiner,0.9999999757935726,0.0,0.0,0.0,1.0,0.0,0.0,0.0,0.0,0.0,0.002430555555555555,0.6,0.0,0.6,Fishing,Fishing - Purse Seiner
700057522,VESSEL_BRA_019,ES,fishing,1.0,purse_seiner,0.9999999754981183,0.0,0.0,0.0,1.0,0.0,0.0,0.0,0.0,0.0,0.002430555555555555,0.6,0.0,0.6,Fishing,Fishing - Purse Seiner
700057522,VESSEL_BRA_019,ES,fishing,1.0,purse_seiner,0.9999999757935726,0.0,0.0,0.0,1.0,0.0,0.0,0.0,0.0,0.0,0.002430555555555555,0.6,0.0,0.6,Fishing,Fishing - Purse Seiner
700057522,VESSEL_BRA_019,ES,fishing,1.0,purse_seiner,0.9999999757935726,0.0,0.0,0.0,1.0,0.0,0.0,0.0,0.0,0.0,0.002430555555555555,0.6,0.0,0.6,Fishing,Fishing - Purse Seiner
700057522,VESSEL_BRA_019,ES,fishing,1.0,purse_seiner,0.9999999757935726,0.0,0.0,0.0,1.0,0.0,0.0,0.0,0.0,0.0,0.002430555555555555,0.6,0.0,0.6,Fishing,Fishing - Purse Seiner
700057522,VESSEL_BRA_019,ES,fishing,1.0,purse_seiner,0.9999999754981183,0.0,0.0,0.0,1.0,0.0,0.0,0.0,0.0,0.0,0.002430555555555555,0.6,0.0,0.6,Fishing,Fishing - Purse Seiner
700057522,VESSEL_BRA_019,ES,fishing,0.995,purse_seiner,0.9999999757935726,0.0,0.0,0.0016666666666666668,0.995,0.0033333333333333335,0.0,0.0,0.0,0.0,0.002430555555555555,0.6,0.0,0.6,Fishing,Fishing - Purse Seiner
700057522,VESSEL_BRA_019,ES,fishing,0.9983333333333333,purse_seiner,0.9999999757935726,0.0,0.0,0.0,0.9983333333333333,0.0,0.0,0.0,0.0016666666666666668,0.0,0.002430555555555555,0.6,0.0,0.6,Fishing,Fishing - Purse Seiner
700057522,VESSEL_BRA_019,ES,fishing,1.0,purse_seiner,0.9999999757935726,0.0,0.0,0.0,1.0,0.0,0.0,0.0,0.0,0.0,0.002430555555555555,0.6,0.0,0.6,Fishing,Fishing - Purse Seiner
700057522,VESSEL_BRA_019,ES,fishing,0.9966666666666667,purse_seiner,0.9999999757935726,0.0,0.0,0.0,0.9966666666666667,0.0,0.0016666666666666668,0.0,0.0016666666666666668,0.0,0.002430555555555555,0.6,0.0,0.6,Fishing,Fishing - Purse Seiner
700057522,VESSEL_BRA_019,ES,fishing,0.9966666666666667,purse_seiner,0.9999999757935726,0.0,0.0,0.0,0.9966666666666667,0.0,0.0016666666666666668,0.0,0.0016666666666666668,0.0,0.002430555555555555,0.6,0.0,0.6,Fishing,Fishing - Purse Seiner
700057522,VESSEL_BRA_019,ES,fishing,0.9966666666666667,purse_seiner,0.9999999757935726,0.0,0.0,0.0,0.9966666666666667,0.0016666666666666668,0.0,0.0016666666666666668,0.0,0.0,0.002430555555555555,0.6,0.0,0.6,Fishing,Fishing - Purse Seiner
700057522,VESSEL_BRA_019,ES,fishing,0.9966666666666667,purse_seiner,0.9999999754981183,0.0,0.0,0.0033333333333333335,0.9966666666666667,0.0,0.0,0.0,0.0,0.0,0.002430555555555555,0.6,0.0,0.6,Fishing,Fishing - Purse Seiner
700057522,VESSEL_BRA_019,ES,fishing,1.0,purse_seiner,0.9999999757935726,0.0,0.0,0.0,1.0,0.0,0.0,0.0,0.0,0.0,0.002430555555555555,0.6,0.0,0.6,Fishing,Fishing - Purse Seiner
700057522,VESSEL_BRA_019,ES,fishing,0.9933333333333333,purse_seiner,0.9999999757935726,0.0,0.0,0.0,0.9933333333333333,0.0033333333333333335,0.0,0.0,0.0033333333333333335,0.0,0.002430555555555555,0.6,0.0,0.6,Fishing,Fishing - Purse Seiner
700057522,VESSEL_BRA_019,ES,fishing,1.0,purse_seiner,0.9999999757935726,0.0,0.0,0.0,1.0,0.0,0.0,0.0,0.0,0.0,0.002430555555555555,0.6,0.0,0.6,Fishing,Fishing - Purse Seiner
700057522,VESSEL_BRA_019,ES,fishing,0.9988888888888889,purse_seiner,0.9999999754981183,0.0,0.0,0.0,0.9988888888888889,0.0011111111111111111,0.0,0.0,0.0,0.0,0.002430555555555555,0.6,0.0,0.6,Fishing,Fishing - Purse Seiner
700057522,VESSEL_BRA_019,ES,fishing,0.890111111111111,purse_seiner,0.9999999756562931,0.0,0.0,0.0,0.890111111111111,0.02166666666666667,0.0,0.002777777777777778,0.07716666666666666,0.008277777777777778,0.002430555555555555,0.6,0.0,0.6,Fishing,Fishing - Purse Seiner
700057522,VESSEL_BRA_019,ES,transit,1.0,purse_seiner,0.9999999757941894,0.0,0.0,0.0,0.0,0.0,0.0,0.0,1.0,0.0,0.002430555555555555,0.0,0.0,0.002430555555555555,Transit,Fishing - Purse Seiner
700057522,VESSEL_BRA_019,ES,transit,1.0,purse_seiner,0.999999977928816,0.0,0.0,0.0,0.0,0.0,0.0,0.0,1.0,0.0,0.002430555555555555,0.0,0.0,0.002430555555555555,Transit,Fishing - Purse Seiner
700057522,VESSEL_BRA_019,ES,transit,1.0,purse_seiner,0.999999977928816,0.0,0.0,0.0,0.0,0.0,0.0,0.0,1.0,0.0,0.002430555555555555,0.0,0.0,0.002430555555555555,Transit,Fishing - Purse Seiner
700057522,VESSEL_BRA_019,ES,transit,1.0,purse_seiner,0.999999977928816,0.0,0.0,0.0,0.0,0.0,0.0,0.0,1.0,0.0,0.002430555555555555,0.0,0.0,0.002430555555555555,Transit,Fishing - Purse Seiner
700057522,VESSEL_BRA_019,ES,transit,1.0,purse_seiner,0.999999977928816,0.0,0.0,0.0,0.0,0.0,0.0,0.0,1.0,0.0,0.002430555555555555,0.0,0.0,0.002430555555555555,Transit,Fishing - Purse Seiner
700057522,VESSEL_BRA_019,ES,transit,1.0,purse_seiner,0.999999977928816,0.0,0.0,0.0,0.0,0.0,0.0,0.0,1.0,0.0,0.002430555555555555,0.0,0.0,0.002430555555555555,Transit,Fishing - Purse Seiner
700057522,VESSEL_BRA_019,ES,transit,1.0,purse_seiner,0.999999977928816,0.0,0.0,0.0,0.0,0.0,0.0,0.0,1.0,0.0,0.002430555555555555,0.0,0.0,0.002430555555555555,Transit,Fishing - Purse Seiner
700057522,VESSEL_BRA_019,ES,transit,1.0,purse_seiner,0.999999977928816,0.0,0.0,0.0,0.0,0.0,0.0,0.0,1.0,0.0,0.002430555555555555,0.0,0.0,0.002430555555555555,Transit,Fishing - Purse Seiner
700057522,VESSEL_BRA_019,ES,transit,1.0,purse_seiner,0.999999977928816,0.0,0.0,0.0,0.0,0.0,0.0,0.0,1.0,0.0,0.002430555555555555,0.0,0.0,0.002430555555555555,Transit,Fishing - Purse Seiner
700057522,VESSEL_BRA_019,ES,transit,1.0,purse_seiner,0.999999977928816,0.0,0.0,0.0,0.0,0.0,0.0,0.0,1.0,0.0,0.002430555555555555,0.0,0.0,0.002430555555555555,Transit,Fishing - Purse Seiner
700057522,VESSEL_BRA_019,ES,transit,1.0,purse_seiner,0.999999977928816,0.0,0.0,0.0,0.0,0.0,0.0,0.0,1.0,0.0,0.002430555555555555,0.0,0.0,0.002430555555555555,Transit,Fishing - Purse Seiner
700057522,VESSEL_BRA_019,ES,transit,0.9997411003236247,purse_seiner,0.999999977928816,0.0,0.0,0.0,0.0001941747572815534,0.0,3.2362459546925564e-05,0.0,0.9997411003236247,3.2362459546925564e-05,0.002430555555555555,0.0,0.0,0.002430555555555555,Transit,Fishing - Purse Seiner
700057522,VESSEL_BRA_019,ES,transit,1.0,purse_seiner,0.999999977928816,0.0,0.0,0.0,0.0,0.0,0.0,0.0,1.0,0.0,0.002430555555555555,0.0,0.0,0.002430555555555555,Transit,Fishing - Purse Seiner
700057522,VESSEL_BRA_019,ES,transit,1.0,purse_seiner,0.999999977928816,0.0,0.0,0.0,0.0,0.0,0.0,0.0,1.0,0.0,0.002430555555555555,0.0,0.0,0.002430555555555555,Transit,Fishing - Purse Seiner
700057522,VESSEL_BRA_019,ES,transit,1.0,purse_seiner,0.999999977928816,0.0,0.0,0.0,0.0,0.0,0.0,0.0,1.0,0.0,0.002430555555555555,0.0,0.0,0.002430555555555555,Transit,Fishing - Purse Seiner
700057522,VESSEL_BRA_019,ES,transit,1.0,purse_seiner,0.999999977928816,0.0,0.0,0.0,0.0,0.0,0.0,0.0,1.0,0.0,0.002430555555555555,0.0,0.0,0.002430555555555555,Transit,Fishing - Purse Seiner
700057522,VESSEL_BRA_019,ES,transit,1.0,purse_seiner,0.999999977928816,0.0,0.0,0.0,0.0,0.0,0.0,0.0,1.0,0.0,0.002430555555555555,0.0,0.0,0.002430555555555555,Transit,Fishing - Purse Seiner
700057522,VESSEL_BRA_019,ES,transit,1.0,purse_seiner,0.9999999775766378,0.0,0.0,0.0,0.0,0.0,0.0,0.0,1.0,0.0,0.002430555555555555,0.0,0.0,0.002430555555555555,Transit,Fishing - Purse Seiner
700057522,VESSEL_BRA_019,ES,transit,1.0,purse_seiner,0.9999999775766378,0.0,0.0,0.0,0.0,0.0,0.0,0.0,1.0,0.0,0.002430555555555555,0.0,0.0,0.002430555555555555,Transit,Fishing - Purse Seiner
700057522,VESSEL_BRA_019,ES,transit,1.0,purse_seiner,0.999999977928816,0.0,0.0,0.0,0.0,0.0,0.0,0.0,1.0,0.0,0.002430555555555555,0.0,0.0,0.002430555555555555,Transit,Fishing - Purse Seiner
700057522,VESSEL_BRA_019,ES,transit,1.0,purse_seiner,0.999999977928816,0.0,0.0,0.0,0.0,0.0,0.0,0.0,1.0,0.0,0.002430555555555555,0.0,0.0,0.002430555555555555,Transit,Fishing - Purse Seiner
700057522,VESSEL_BRA_019,ES,transit,1.0,purse_seiner,0.999999977928816,0.0,0.0,0.0,0.0,0.0,0.0,0.0,1.0,0.0,0.002430555555555555,0.0,0.0,0.002430555555555555,Transit,Fishing - Purse Seiner
700057522,VESSEL_BRA_019,ES,transit,1.0,purse_seiner,0.999999977928816,0.0,0.0,0.0,0.0,0.0,0.0,0.0,1.0,0.0,0.002430555555555555,0.0,0.0,0.002430555555555555,Transit,Fishing - Purse Seiner
700057522,VESSEL_BRA_019,ES,transit,1.0,purse_seiner,0.9999999775766378,0.0,0.0,0.0,0.0,0.0,0.0,0.0,1.0,0.0,0.002430555555555555,0.0,0.0,0.002430555555555555,Transit,Fishing - Purse Seiner
700057522,VESSEL_BRA_019,ES,transit,0.9983333333333333,purse_seiner,0.9999999775766378,0.0,0.0,0.0,0.0016666666666666668,0.0,0.0,0.0,0.9983333333333333,0.0,0.002430555555555555,0.0,0.0,0.002430555555555555,Transit,Fishing - Purse Seiner
700057522,VESSEL_BRA_019,ES,transit,1.0,purse_seiner,0.999999977928816,0.0,0.0,0.0,0.0,0.0,0.0,0.0,1.0,0.0,0.002430555555555555,0.0,0.0,0.002430555555555555,Transit,Fishing - Purse Seiner
700057522,VESSEL_BRA_019,ES,transit,1.0,purse_seiner,0.999999977928816,0.0,0.0,0.0,0.0,0.0,0.0,0.0,1.0,0.0,0.002430555555555555,0.0,0.0,0.002430555555555555,Transit,Fishing - Purse Seiner
700057522,VESSEL_BRA_019,ES,transit,1.0,purse_seiner,0.999999977928816,0.0,0.0,0.0,0.0,0.0,0.0,0.0,1.0,0.0,0.002430555555555555,0.0,0.0,0.002430555555555555,Transit,Fishing - Purse Seiner
700057522,VESSEL_BRA_019,ES,transit,1.0,purse_seiner,0.999999977928816,0.0,0.0,0.0,0.0,0.0,0.0,0.0,1.0,0.0,0.002430555555555555,0.0,0.0,0.002430555555555555,Transit,Fishing - Purse Seiner
700057522,VESSEL_BRA_019,ES,transit,1.0,purse_seiner,0.999999977928816,0.0,0.0,0.0,0.0,0.0,0.0,0.0,1.0,0.0,0.002430555555555555,0.0,0.0,0.002430555555555555,Transit,Fishing - Purse Seiner
700057522,VESSEL_BRA_019,ES,transit,1.0,purse_seiner,0.999999977928816,0.0,0.0,0.0,0.0,0.0,0.0,0.0,1.0,0.0,0.002430555555555555,0.0,0.0,0.002430555555555555,Transit,Fishing - Purse Seiner
700057522,VESSEL_BRA_019,ES,transit,1.0,purse_seiner,0.999999977928816,0.0,0.0,0.0,0.0,0.0,0.0,0.0,1.0,0.0,0.002430555555555555,0.0,0.0,0.002430555555555555,Transit,Fishing - Purse Seiner
700057522,VESSEL_BRA_019,ES,transit,1.0,purse_seiner,0.9999999775766378,0.0,0.0,0.0,0.0,0.0,0.0,0.0,1.0,0.0,0.002430555555555555,0.0,0.0,0.002430555555555555,Transit,Fishing - Purse Seiner
700057522,VESSEL_BRA_019,ES,transit,0.9983333333333333,purse_seiner,0.9999999775766378,0.0,0.0016666666666666668,0.0,0.0,0.0,0.0,0.0,0.9983333333333333,0.0,0.002430555555555555,0.0,0.0,0.002430555555555555,Transit,Fishing - Purse Seiner
700057522,VESSEL_BRA_019,ES,transit,0.9983333333333333,purse_seiner,0.9999999757935903,0.0,0.0,0.0,0.0,0.0,0.0,0.0,0.9983333333333333,0.0016666666666666668,0.002430555555555555,0.0,0.0,0.002430555555555555,Transit,Fishing - Purse Seiner
700057522,VESSEL_BRA_019,ES,transit,1.0,purse_seiner,0.9999999757935903,0.0,0.0,0.0,0.0,0.0,0.0,0.0,1.0,0.0,0.002430555555555555,0.0,0.0,0.002430555555555555,Transit,Fishing - Purse Seiner
700057522,VESSEL_BRA_019,ES,transit,1.0,purse_seiner,0.999999977928816,0.0,0.0,0.0,0.0,0.0,0.0,0.0,1.0,0.0,0.002430555555555555,0.0,0.0,0.002430555555555555,Transit,Fishing - Purse Seiner
700057522,VESSEL_BRA_019,ES,transit,1.0,purse_seiner,0.999999977928816,0.0,0.0,0.0,0.0,0.0,0.0,0.0,1.0,0.0,0.002430555555555555,0.0,0.0,0.002430555555555555,Transit,Fishing - Purse Seiner
700057522,VESSEL_BRA_019,ES,transit,1.0,purse_seiner,0.999999977928816,0.0,0.0,0.0,0.0,0.0,0.0,0.0,1.0,0.0,0.002430555555555555,0.0,0.0,0.002430555555555555,Transit,Fishing - Purse Seiner
700057522,VESSEL_BRA_019,ES,transit,1.0,purse_seiner,0.999999977928816,0.0,0.0,0.0,0.0,0.0,0.0,0.0,1.0,0.0,0.002430555555555555,0.0,0.0,0.002430555555555555,Transit,Fishing - Purse Seiner
700057522,VESSEL_BRA_019,ES,transit,1.0,purse_seiner,0.999999977928816,0.0,0.0,0.0,0.0,0.0,0.0,0.0,1.0,0.0,0.002430555555555555,0.0,0.0,0.002430555555555555,Transit,Fishing - Purse Seiner
700057522,VESSEL_BRA_019,ES,transit,1.0,purse_seiner,0.999999977928816,0.0,0.0,0.0,0.0,0.0,0.0,0.0,1.0,0.0,0.002430555555555555,0.0,0.0,0.002430555555555555,Transit,Fishing - Purse Seiner
750000504,FISH_BRA_TRANS,TW,fishing,0.995,trawler,0.9999999727124397,0.0,0.0,0.0,0.995,0.0,0.0,0.0,0.005,0.0,0.002430555555555555,0.35,0.0,0.35,Fishing,Fishing - Trawler
750000504,FISH_BRA_TRANS,TW,fishing,1.0,trawler,0.9999999750863577,0.0,0.0,0.0,1.0,0.0,0.0,0.0,0.0,0.0,0.002430555555555555,0.35,0.0,0.35,Fishing,Fishing - Trawler
750000504,FISH_BRA_TRANS,TW,fishing,0.9983333333333333,trawler,0.9999999753966559,0.0,0.0,0.0,0.9983333333333333,0.0,0.0,0.0,0.0016666666666666668,0.0,0.002430555555555555,0.35,0.0,0.35,Fishing,Fishing - Trawler
750000504,FISH_BRA_TRANS,TW,fishing,0.9983333333333333,trawler,0.9999999753966559,0.0,0.0,0.0,0.9983333333333333,0.0,0.0,0.0,0.0016666666666666668,0.0,0.002430555555555555,0.35,0.0,0.35,Fishing,Fishing - Trawler
750000504,FISH_BRA_TRANS,TW,fishing,1.0,trawler,0.9999999750863577,0.0,0.0,0.0,1.0,0.0,0.0,0.0,0.0,0.0,0.002430555555555555,0.35,0.0,0.35,Fishing,Fishing - Trawler
750000504,FISH_BRA_TRANS,TW,fishing,1.0,trawler,0.9999999753966559,0.0,0.0,0.0,1.0,0.0,0.0,0.0,0.0,0.0,0.002430555555555555,0.35,0.0,0.35,Fishing,Fishing - Trawler
750000504,FISH_BRA_TRANS,TW,fishing,0.9983333333333333,trawler,0.9999999753966559,0.0,0.0,0.0,0.9983333333333333,0.0,0.0,0.0,0.0016666666666666668,0.0,0.002430555555555555,0.35,0.0,0.35,Fishing,Fishing - Trawler
750000504,FISH_BRA_TRANS,TW,fishing,0.9926666666666667,trawler,0.9999999753966559,0.0,0.0,0.0011111111111111111,0.9926666666666667,0.0006666666666666668,0.0,0.0,0.0033333333333333335,0.0022222222222222222,0.002430555555555555,0.35,0.0,0.35,Fishing,Fishing - Trawler
750000504,FISH_BRA_TRANS,TW,fishing,0.9226388888888888,trawler,0.9999999753966559,0.0033333333333333335,0.0033333333333333335,0.0006666666666666668,0.9226388888888888,0.0044444444444444444,0.005,0.0,0.05655555555555556,0.0040277777777777786,0.17236111111111113,0.35,0.0,0.35,Fishing,Fishing - Trawler
750000504,FISH_BRA_TRANS,TW,fishing,0.9048611111111112,trawler,0.9999999753966559,0.0,0.005555555555555555,0.0006666666666666668,0.9048611111111112,0.004722222222222221,0.0044444444444444444,0.0,0.0785,0.00125,0.17236111111111113,0.35,0.0,0.35,Fishing,Fishing - Trawler
750000504,FISH_BRA_TRANS,TW,fishing,1.0,trawler,0.9999999753966559,0.0,0.0,0.0,1.0,0.0,0.0,0.0,0.0,0.0,0.002430555555555555,0.35,0.0,0.35,Fishing,Fishing - Trawler
750000504,FISH_BRA_TRANS,TW,fishing,1.0,trawler,0.9999999753966559,0.0,0.0,0.0,1.0,0.0,0.0,0.0,0.0,0.0,0.002430555555555555,0.35,0.0,0.35,Fishing,Fishing - Trawler
750000504,FISH_BRA_TRANS,TW,fishing,0.9983333333333333,trawler,0.9999999753966559,0.0,0.0,0.0,0.9983333333333333,0.0,0.0,0.0,0.0016666666666666668,0.0,0.002430555555555555,0.35,0.0,0.35,Fishing,Fishing - Trawler
750000504,FISH_BRA_TRANS,TW,fishing,1.0,trawler,0.9999999753966559,0.0,0.0,0.0,1.0,0.0,0.0,0.0,0.0,0.0,0.002430555555555555,0.35,0.0,0.35,Fishing,Fishing - Trawler
750000504,FISH_BRA_TRANS,TW,fishing,1.0,trawler,0.9999999753966559,0.0,0.0,0.0,1.0,0.0,0.0,0.0,0.0,0.0,0.002430555555555555,0.35,0.0,0.35,Fishing,Fishing - Trawler
750000504,FISH_BRA_TRANS,TW,fishing,1.0,trawler,0.9999999753966559,0.0,0.0,0.0,1.0,0.0,0.0,0.0,0.0,0.0,0.002430555555555555,0.35,0.0,0.35,Fishing,Fishing - Trawler
750000504,FISH_BRA_TRANS,TW,transit,0.9588888888888889,trawler,0.9999999727124397,0.005555555555555555,0.0022222222222222222,0.0,0.02944444444444444,0.0,0.0,0.0016666666666666668,0.9588888888888889,0.0022222222222222222,0.002430555555555555,0.0,0.0,0.002430555555555555,Transit,Fishing - Trawler
750000504,FISH_BRA_TRANS,TW,transit,1.0,trawler,0.9999999753966559,0.0,0.0,0.0,0.0,0.0,0.0,0.0,1.0,0.0,0.002430555555555555,0.0,0.0,0.002430555555555555,Transit,Fishing - Trawler
750000504,FISH_BRA_TRANS,TW,transit,0.9983333333333333,trawler,0.9999999753966559,0.0,0.0,0.0,0.0016666666666666668,0.0,0.0,0.0,0.9983333333333333,0.0,0.002430555555555555,0.0,0.0,0.002430555555555555,Transit,Fishing - Trawler
750000504,FISH_BRA_TRANS,TW,transit,0.9966666666666667,trawler,0.9999999753966559,0.0,0.0,0.0,0.0016666666666666668,0.0,0.0016666666666666668,0.0,0.9966666666666667,0.0,0.002430555555555555,0.0,0.0,0.002430555555555555,Transit,Fishing - Trawler
750000504,FISH_BRA_TRANS,TW,transit,0.9627460317460318,trawler,0.9999999753966559,0.02436507936507936,0.002333333333333333,0.0,0.0,0.0,0.0,0.010555555555555556,0.9627460317460318,0.0,0.002430555555555555,0.0,0.0,0.002430555555555555,Transit,Fishing - Trawler
750000604,FISH_BRA_TRANS,KR,fishing,0.9915555555555556,purse_seiner,0.999579868524896,0.0,0.0,0.0,0.9915555555555556,0.0,0.0,0.0,0.008444444444444444,0.0,0.002430555555555555,0.35,0.0,0.35,Fishing,Fishing - Purse Seiner
750000604,FISH_BRA_TRANS,KR,fishing,0.996,purse_seiner,0.999579868524896,0.0,0.0,0.0011111111111111111,0.996,0.0006666666666666668,0.0,0.0,0.0,0.0022222222222222222,0.002430555555555555,0.35,0.0,0.35,Fishing,Fishing - Purse Seiner
750000604,FISH_BRA_TRANS,KR,fishing,0.9933333333333333,purse_seiner,0.999579868524896,0.0,0.0,0.0011111111111111111,0.9933333333333333,0.0,0.0,0.0,0.0,0.005555555555555555,0.002430555555555555,0.35,0.0,0.35,Fishing,Fishing - Purse Seiner
750000604,FISH_BRA_TRANS,KR,fishing,1.0,purse_seiner,0.999579868524896,0.0,0.0,0.0,1.0,0.0,0.0,0.0,0.0,0.0,0.002430555555555555,0.35,0.0,0.35,Fishing,Fishing - Purse Seiner
750000604,FISH_BRA_TRANS,KR,fishing,1.0,purse_seiner,0.999579868524896,0.0,0.0,0.0,1.0,0.0,0.0,0.0,0.0,0.0,0.002430555555555555,0.35,0.0,0.35,Fishing,Fishing - Purse Seiner
750000604,FISH_BRA_TRANS,KR,fishing,1.0,purse_seiner,0.999579868524896,0.0,0.0,0.0,1.0,0.0,0.0,0.0,0.0,0.0,0.002430555555555555,0.35,0.0,0.35,Fishing,Fishing - Purse Seiner
750000604,FISH_BRA_TRANS,KR,fishing,1.0,purse_seiner,0.999579868524896,0.0,0.0,0.0,1.0,0.0,0.0,0.0,0.0,0.0,0.002430555555555555,0.35,0.0,0.35,Fishing,Fishing - Purse Seiner
750000604,FISH_BRA_TRANS,KR,fishing,1.0,purse_seiner,0.999579868524896,0.0,0.0,0.0,1.0,0.0,0.0,0.0,0.0,0.0,0.002430555555555555,0.35,0.0,0.35,Fishing,Fishing - Purse Seiner
750000604,FISH_BRA_TRANS,KR,fishing,0.985,purse_seiner,0.9995743398337888,0.0,0.0,0.0,0.985,0.005,0.0,0.0,0.0,0.01,0.002430555555555555,0.35,0.0,0.35,Fishing,Fishing - Purse Seiner
750000604,FISH_BRA_TRANS,KR,fishing,0.44855555555555554,purse_seiner,0.9995676656574418,0.00010288065843621399,0.019206349206349206,0.05531746031746033,0.44855555555555554,0.052232510288065845,0.0,0.0,0.12583009994121105,0.2987551440329218,0.002430555555555555,0.35,0.0,0.35,Fishing,Fishing - Purse Seiner
750000604,FISH_BRA_TRANS,KR,fishing,0.38855555555555554,purse_seiner,0.9995676656574418,0.005102880658436214,0.034650793650793654,0.08,0.38855555555555554,0.16623251028806585,0.005,0.006666666666666667,0.09114756025867138,0.22264403292181068,0.002430555555555555,0.35,0.0,0.35,Fishing,Fishing - Purse Seiner
750000604,FISH_BRA_TRANS,KR,fishing,0.408,purse_seiner,0.9995676656574418,0.00815843621399177,0.03841269841269841,0.07977777777777778,0.408,0.16389917695473252,0.0033333333333333335,0.0016666666666666668,0.10081422692533804,0.19593768371546144,0.002430555555555555,0.35003124619320336,0.0,0.35003124619320336,Fishing,Fishing - Purse Seiner
750000604,FISH_BRA_TRANS,KR,fishing,0.4885555555555555,purse_seiner,0.9995676656574418,0.006380658436213991,0.017817460317460315,0.06295238095238097,0.4885555555555555,0.11154997060552617,0.006666666666666667,0.0,0.10525867136978248,0.20081863609641384,0.002430555555555555,0.35,0.0,0.35,Fishing,Fishing - Purse Seiner
750000604,FISH_BRA_TRANS,KR,fishing,0.9783333333333334,purse_seiner,0.999567436463724,0.0,0.0,0.0,0.9783333333333334,0.015,0.0,0.0,0.0,0.006666666666666667,0.002430555555555555,0.350333442395864,0.0,0.350333442395864,Fishing,Fishing - Purse Seiner
750000604,FISH_BRA_TRANS,KR,fishing,0.9933333333333333,purse_seiner,0.999579868524896,0.0,0.0,0.0,0.9933333333333333,0.0033333333333333335,0.0,0.0,0.0,0.0033333333333333335,0.002430555555555555,0.3521149851411775,0.0,0.3521149851411775,Fishing,Fishing - Purse Seiner
750000604,FISH_BRA_TRANS,KR,fishing,1.0,purse_seiner,0.999579868524896,0.0,0.0,0.0,1.0,0.0,0.0,0.0,0.0,0.0,0.002430555555555555,0.3538543590059009,0.0,0.3538543590059009,Fishing,Fishing - Purse Seiner
750000604,FISH_BRA_TRANS,KR,fishing,1.0,purse_seiner,0.999579868524896,0.0,0.0,0.0,1.0,0.0,0.0,0.0,0.0,0.0,0.002430555555555555,0.353954326625619,0.0,0.353954326625619,Fishing,Fishing - Purse Seiner
750000604,FISH_BRA_TRANS,KR,fishing,1.0,purse_seiner,0.999579868524896,0.0,0.0,0.0,1.0,0.0,0.0,0.0,0.0,0.0,0.002430555555555555,0.3523931762029651,0.0,0.3523931762029651,Fishing,Fishing - Purse Seiner
750000604,FISH_BRA_TRANS,KR,fishing,1.0,purse_seiner,0.999579868524896,0.0,0.0,0.0,1.0,0.0,0.0,0.0,0.0,0.0,0.002430555555555555,0.3507772867181985,0.0,0.3507772867181985,Fishing,Fishing - Purse Seiner
750000604,FISH_BRA_TRANS,KR,fishing,1.0,purse_seiner,0.999579868524896,0.0,0.0,0.0,1.0,0.0,0.0,0.0,0.0,0.0,0.002430555555555555,0.35,0.0,0.35,Fishing,Fishing - Purse Seiner
750000604,FISH_BRA_TRANS,KR,transit,0.9239603174603176,purse_seiner,0.9995786594498934,0.0025,0.006666666666666667,0.0030952380952380953,0.044666666666666674,0.0,0.0011111111111111111,0.009722222222222222,0.9239603174603176,0.008277777777777778,0.002430555555555555,0.0,0.0,0.002430555555555555,Transit,Fishing - Purse Seiner
750000604,FISH_BRA_TRANS,KR,transit,1.0,purse_seiner,0.999579879224691,0.0,0.0,0.0,0.0,0.0,0.0,0.0,1.0,0.0,0.002430555555555555,0.0,0.0,0.002430555555555555,Transit,Fishing - Purse Seiner
750000604,FISH_BRA_TRANS,KR,transit,1.0,purse_seiner,0.999579879224691,0.0,0.0,0.0,0.0,0.0,0.0,0.0,1.0,0.0,0.002430555555555555,0.0,0.0,0.002430555555555555,Transit,Fishing - Purse Seiner
750000604,FISH_BRA_TRANS,KR,transit,1.0,purse_seiner,0.999579879224691,0.0,0.0,0.0,0.0,0.0,0.0,0.0,1.0,0.0,0.002430555555555555,0.0,0.0,0.002430555555555555,Transit,Fishing - Purse Seiner
750000604,FISH_BRA_TRANS,KR,transit,1.0,purse_seiner,0.999579879224691,0.0,0.0,0.0,0.0,0.0,0.0,0.0,1.0,0.0,0.002430555555555555,0.0,0.0,0.002430555555555555,Transit,Fishing - Purse Seiner
750000704,FISH_BRA_TRANS,TW,fishing,0.985,purse_seiner,0.9999999682126931,0.0,0.0,0.0,0.985,0.0,0.006666666666666667,0.0,0.008333333333333333,0.0,0.002430555555555555,0.35,0.0,0.35,Fishing,Fishing - Purse Seiner
750000704,FISH_BRA_TRANS,TW,fishing,1.0,purse_seiner,0.9999999682126931,0.0,0.0,0.0,1.0,0.0,0.0,0.0,0.0,0.0,0.002430555555555555,0.3513106722676543,0.0,0.3513106722676543,Fishing,Fishing - Purse Seiner
750000704,FISH_BRA_TRANS,TW,fishing,1.0,purse_seiner,0.9999999682601425,0.0,0.0,0.0,1.0,0.0,0.0,0.0,0.0,0.0,0.002430555555555555,0.3538570636943354,0.0,0.3538570636943354,Fishing,Fishing - Purse Seiner
750000704,FISH_BRA_TRANS,TW,fishing,1.0,purse_seiner,0.9999999682126931,0.0,0.0,0.0,1.0,0.0,0.0,0.0,0.0,0.0,0.002430555555555555,0.356501875374595,0.0,0.356501875374595,Fishing,Fishing - Purse Seiner
750000704,FISH_BRA_TRANS,TW,fishing,1.0,purse_seiner,0.9999999682126931,0.0,0.0,0.0,1.0,0.0,0.0,0.0,0.0,0.0,0.002430555555555555,0.35926898176916,0.0,0.35926898176916,Fishing,Fishing - Purse Seiner
750000704,FISH_BRA_TRANS,TW,fishing,1.0,purse_seiner,0.9999999682126931,0.0,0.0,0.0,1.0,0.0,0.0,0.0,0.0,0.0,0.002430555555555555,0.3613650935863444,0.0,0.3613650935863444,Fishing,Fishing - Purse Seiner
750000704,FISH_BRA_TRANS,TW,fishing,1.0,purse_seiner,0.9999999682126931,0.0,0.0,0.0,1.0,0.0,0.0,0.0,0.0,0.0,0.002430555555555555,0.36220127938379526,0.0,0.36220127938379526,Fishing,Fishing - Purse Seiner
750000704,FISH_BRA_TRANS,TW,fishing,1.0,purse_seiner,0.9999999682126931,0.0,0.0,0.0,1.0,0.0,0.0,0.0,0.0,0.0,0.002430555555555555,0.362921076949695,0.0,0.362921076949695,Fishing,Fishing - Purse Seiner
750000704,FISH_BRA_TRANS,TW,fishing,1.0,purse_seiner,0.9999999682126931,0.0,0.0,0.0,1.0,0.0,0.0,0.0,0.0,0.0,0.002430555555555555,0.36251327756329427,0.0,0.36251327756329427,Fishing,Fishing - Purse Seiner
750000704,FISH_BRA_TRANS,TW,fishing,0.4543888888888888,purse_seiner,0.9999999677942121,0.0033333333333333335,0.016428571428571428,0.08365079365079366,0.4543888888888888,0.06055555555555555,0.006666666666666667,0.0,0.17608730158730157,0.1988888888888889,0.002430555555555555,0.36014576756344263,0.0,0.36014576756344263,Fishing,Fishing - Purse Seiner
750000704,FISH_BRA_TRANS,TW,fishing,0.43433333333333335,purse_seiner,0.9999999672890203,0.006944444444444445,0.046190476190476185,0.11366666666666665,0.43433333333333335,0.11150000000000002,0.0025,0.0033333333333333335,0.11296031746031747,0.16857142857142857,0.002430555555555555,0.3581520557695714,0.0,0.3581520557695714,Fishing,Fishing - Purse Seiner
750000704,FISH_BRA_TRANS,TW,fishing,0.4335555555555555,purse_seiner,0.9999999672890203,0.0025,0.03226190476190476,0.10088888888888888,0.4335555555555555,0.13583333333333333,0.004166666666666667,0.0,0.10162698412698412,0.18916666666666665,0.002430555555555555,0.35689142436144305,0.0,0.35689142436144305,Fishing,Fishing - Purse Seiner
750000704,FISH_BRA_TRANS,TW,fishing,0.5185555555555555,purse_seiner,0.9999999672890203,0.0025,0.028095238095238097,0.0708888888888889,0.5185555555555555,0.10083333333333333,0.0025,0.0,0.11829365079365078,0.1583333333333333,0.002430555555555555,0.3554586475805661,0.0,0.3554586475805661,Fishing,Fishing - Purse Seiner
750000704,FISH_BRA_TRANS,TW,fishing,0.9977777777777779,purse_seiner,0.99999996725715,0.0,0.0,0.0,0.9977777777777779,0.0,0.0,0.0,0.0022222222222222222,0.0,0.002430555555555555,0.3532544114273469,0.0,0.3532544114273469,Fishing,Fishing - Purse Seiner
750000704,FISH_BRA_TRANS,TW,fishing,1.0,purse_seiner,0.9999999682126931,0.0,0.0,0.0,1.0,0.0,0.0,0.0,0.0,0.0,0.002430555555555555,0.3519312837770171,0.0,0.3519312837770171,Fishing,Fishing - Purse Seiner
750000704,FISH_BRA_TRANS,TW,fishing,1.0,purse_seiner,0.9999999682126931,0.0,0.0,0.0,1.0,0.0,0.0,0.0,0.0,0.0,0.002430555555555555,0.3532089431307174,0.0,0.3532089431307174,Fishing,Fishing - Purse Seiner
750000704,FISH_BRA_TRANS,TW,fishing,1.0,purse_seiner,0.9999999682126931,0.0,0.0,0.0,1.0,0.0,0.0,0.0,0.0,0.0,0.002430555555555555,0.35501488673736425,0.0,0.35501488673736425,Fishing,Fishing - Purse Seiner
750000704,FISH_BRA_TRANS,TW,fishing,1.0,purse_seiner,0.9999999682126931,0.0,0.0,0.0,1.0,0.0,0.0,0.0,0.0,0.0,0.002430555555555555,0.35550881909572646,0.0,0.35550881909572646,Fishing,Fishing - Purse Seiner
750000704,FISH_BRA_TRANS,TW,fishing,1.0,purse_seiner,0.9999999682126931,0.0,0.0,0.0,1.0,0.0,0.0,0.0,0.0,0.0,0.002430555555555555,0.3560750922215294,0.0,0.3560750922215294,Fishing,Fishing - Purse Seiner
750000704,FISH_BRA_TRANS,TW,fishing,1.0,purse_seiner,0.9999999682126931,0.0,0.0,0.0,1.0,0.0,0.0,0.0,0.0,0.0,0.002430555555555555,0.35834168706700736,0.0,0.35834168706700736,Fishing,Fishing - Purse Seiner
750000704,FISH_BRA_TRANS,TW,transit,0.9009920634920635,purse_seiner,0.9999999682126931,0.006277777777777778,0.01611111111111111,0.005,0.04528571428571429,0.0022222222222222222,0.0,0.022333333333333334,0.9009920634920635,0.0017777777777777776,0.002430555555555555,0.0,0.0,0.002430555555555555,Transit,Fishing - Purse Seiner
750000704,FISH_BRA_TRANS,TW,transit,0.983074433656958,purse_seiner,0.9999999682135031,0.0,0.0022222222222222222,0.0,0.013527508090614886,0.0,3.2362459546925564e-05,0.0011111111111111111,0.983074433656958,3.2362459546925564e-05,0.002430555555555555,0.0,0.0,0.002430555555555555,Transit,Fishing - Purse Seiner
750000704,FISH_BRA_TRANS,TW,transit,0.9997411003236247,purse_seiner,0.9999999682135031,0.0,0.0,0.0,0.0001941747572815534,0.0,3.2362459546925564e-05,0.0,0.9997411003236247,3.2362459546925564e-05,0.002430555555555555,0.0,0.0,0.002430555555555555,Transit,Fishing - Purse Seiner
750000704,FISH_BRA_TRANS,TW,transit,1.0,purse_seiner,0.9999999682135031,0.0,0.0,0.0,0.0,0.0,0.0,0.0,1.0,0.0,0.002430555555555555,0.0,0.0,0.002430555555555555,Transit,Fishing - Purse Seiner
750000704,FISH_BRA_TRANS,TW,transit,1.0,purse_seiner,0.9999999682135031,0.0,0.0,0.0,0.0,0.0,0.0,0.0,1.0,0.0,0.002430555555555555,0.0,0.0,0.002430555555555555,Transit,Fishing - Purse Seiner
750100504,REEFER_BRA_01,PA,transit,1.0,bulk_carrier,0.9999979034332169,0.0,0.0,0.0,0.0,0.0,0.0,0.0,1.0,0.0,0.002430555555555555,0.3,0.0,0.3,Transit,Bulk Carrier
750100504,REEFER_BRA_01,PA,transit,1.0,bulk_carrier,0.9999979034709042,0.0,0.0,0.0,0.0,0.0,0.0,0.0,1.0,0.0,0.002430555555555555,0.3,0.0,0.3,Transit,Bulk Carrier
750100504,REEFER_BRA_01,PA,transit,1.0,bulk_carrier,0.9999979034709042,0.0,0.0,0.0,0.0,0.0,0.0,0.0,1.0,0.0,0.002430555555555555,0.3,0.0,0.3,Transit,Bulk Carrier
750100504,REEFER_BRA_01,PA,transit,1.0,bulk_carrier,0.9999979034332169,0.0,0.0,0.0,0.0,0.0,0.0,0.0,1.0,0.0,0.002430555555555555,0.3,0.0,0.3,Transit,Bulk Carrier
750100504,REEFER_BRA_01,PA,transit,0.9983333333333333,bulk_carrier,0.9999979034332169,0.0016666666666666668,0.0,0.0,0.0,0.0,0.0,0.0,0.9983333333333333,0.0,0.002430555555555555,0.3,0.0,0.3,Transit,Bulk Carrier
750100504,REEFER_BRA_01,PA,transit,1.0,bulk_carrier,0.9999979034709042,0.0,0.0,0.0,0.0,0.0,0.0,0.0,1.0,0.0,0.002430555555555555,0.3,0.0,0.3,Transit,Bulk Carrier
750100504,REEFER_BRA_01,PA,transit,0.9384444444444445,bulk_carrier,0.999998775023063,0.008388888888888888,0.0,0.0,0.02261111111111111,0.013333333333333332,0.0033333333333333335,0.0044444444444444444,0.9384444444444445,0.009444444444444443,0.002430555555555555,0.3,0.0,0.3,Transit,Bulk Carrier
750100504,REEFER_BRA_01,PA,transshipment,0.6968968253968253,bulk_carrier,0.9999983936640712,0.00653968253968254,0.0038888888888888883,0.0,0.027638888888888886,0.15246825396825398,0.0033333333333333335,0.0016666666666666668,0.10756746031746028,0.6968968253968253,0.002430555555555555,0.3,0.0,0.3,Transshipment at Sea,Bulk Carrier
750100504,REEFER_BRA_01,PA,transshipment,0.821699588477366,bulk_carrier,0.9999996595582581,0.0017695473251028808,0.0030952380952380953,0.032777777777777774,0.02788888888888889,0.09213727219282773,0.0,0.0,0.020631687242798354,0.821699588477366,0.002430555555555555,0.3,0.0,0.3,Transshipment at Sea,Bulk Carrier
750100504,REEFER_BRA_01,PA,transshipment,0.8546995884773662,bulk_carrier,0.9999996595582581,0.008991769547325102,0.005,0.013333333333333334,0.026111111111111113,0.06434362139917696,0.0,0.0033333333333333335,0.024187242798353912,0.8546995884773662,0.002430555555555555,0.3,0.0,0.3,Transshipment at Sea,Bulk Carrier
750100504,REEFER_BRA_01,PA,transit,0.7824920634920635,bulk_carrier,0.9999999577633578,0.016777777777777777,0.007777777777777777,0.0,0.011619047619047619,0.05022222222222223,0.0016666666666666668,0.022777777777777775,0.7824920634920635,0.10666666666666669,0.002430555555555555,0.3,0.0,0.3,Transit,Bulk Carrier
750100504,REEFER_BRA_01,PA,transit,1.0,bulk_carrier,0.9999999727560492,0.0,0.0,0.0,0.0,0.0,0.0,0.0,1.0,0.0,0.002430555555555555,0.3,0.0,0.3,Transit,Bulk Carrier
750100504,REEFER_BRA_01,PA,transit,1.0,bulk_carrier,0.9999999186305857,0.0,0.0,0.0,0.0,0.0,0.0,0.0,1.0,0.0,0.002430555555555555,0.3,0.0,0.3,Transit,Bulk Carrier
750100504,REEFER_BRA_01,PA,transit,1.0,bulk_carrier,0.9999979024450968,0.0,0.0,0.0,0.0,0.0,0.0,0.0,1.0,0.0,0.002430555555555555,0.3,0.0,0.3,Transit,Bulk Carrier
750100504,REEFER_BRA_01,PA,transit,0.9997411003236247,bulk_carrier,0.9999979041351474,0.0,0.0,0.0,0.0001941747572815534,0.0,3.2362459546925564e-05,0.0,0.9997411003236247,3.2362459546925564e-05,0.002430555555555555,0.3,0.0,0.3,Transit,Bulk Carrier
750100504,REEFER_BRA_01,PA,transit,1.0,bulk_carrier,0.9999979034332169,0.0,0.0,0.0,0.0,0.0,0.0,0.0,1.0,0.0,0.002430555555555555,0.3,0.0,0.3,Transit,Bulk Carrier
750100504,REEFER_BRA_01,PA,transit,1.0,bulk_carrier,0.9999979034332169,0.0,0.0,0.0,0.0,0.0,0.0,0.0,1.0,0.0,0.002430555555555555,0.3,0.0,0.3,Transit,Bulk Carrier
750100504,REEFER_BRA_01,PA,transit,1.0,bulk_carrier,0.999997243609114,0.0,0.0,0.0,0.0,0.0,0.0,0.0,1.0,0.0,0.002430555555555555,0.3,0.0,0.3,Transit,Bulk Carrier
750100504,REEFER_BRA_01,PA,transit,1.0,bulk_carrier,0.9999979034332169,0.0,0.0,0.0,0.0,0.0,0.0,0.0,1.0,0.0,0.002430555555555555,0.3,0.0,0.3,Transit,Bulk Carrier
750100604,REEFER_BRA_01,MH,transit,1.0,bulk_carrier,0.9999979034332169,0.0,0.0,0.0,0.0,0.0,0.0,0.0,1.0,0.0,0.002430555555555555,0.0,0.0,0.002430555555555555,Transit,Bulk Carrier
750100604,REEFER_BRA_01,MH,transit,1.0,bulk_carrier,0.9999979034332169,0.0,0.0,0.0,0.0,0.0,0.0,0.0,1.0,0.0,0.002430555555555555,0.0,0.0,0.002430555555555555,Transit,Bulk Carrier
750100604,REEFER_BRA_01,MH,transit,1.0,bulk_carrier,0.9999979034709042,0.0,0.0,0.0,0.0,0.0,0.0,0.0,1.0,0.0,0.002430555555555555,0.0,0.0,0.002430555555555555,Transit,Bulk Carrier
750100604,REEFER_BRA_01,MH,transit,1.0,bulk_carrier,0.9999979034709042,0.0,0.0,0.0,0.0,0.0,0.0,0.0,1.0,0.0,0.002430555555555555,0.0,0.0,0.002430555555555555,Transit,Bulk Carrier
750100604,REEFER_BRA_01,MH,transit,1.0,bulk_carrier,0.9999977597354116,0.0,0.0,0.0,0.0,0.0,0.0,0.0,1.0,0.0,0.002430555555555555,0.0,0.0,0.002430555555555555,Transit,Bulk Carrier
750100604,REEFER_BRA_01,MH,transit,1.0,bulk_carrier,0.9999979034709042,0.0,0.0,0.0,0.0,0.0,0.0,0.0,1.0,0.0,0.002430555555555555,0.0,0.0,0.002430555555555555,Transit,Bulk Carrier
750100604,REEFER_BRA_01,MH,transit,0.9944444444444444,bulk_carrier,0.9999987750148156,0.0038888888888888883,0.0,0.0,0.0016666666666666668,0.0,0.0,0.0,0.9944444444444444,0.0,0.002430555555555555,0.0,0.0,0.002430555555555555,Transit,Bulk Carrier
750100604,REEFER_BRA_01,MH,transshipment,0.6953412698412698,bulk_carrier,0.9999983933223712,0.00653968253968254,0.0038888888888888883,0.0,0.02994444444444444,0.1450515873015873,0.0,0.0033333333333333335,0.11590079365079364,0.6953412698412698,0.002430555555555555,0.0,0.0,0.002430555555555555,Transshipment at Sea,Bulk Carrier
750100604,REEFER_BRA_01,MH,transshipment,0.845366255144033,bulk_carrier,0.9999996596511961,0.00010288065843621399,0.0016666666666666668,0.0033333333333333335,0.04488888888888889,0.08706584362139917,0.0,0.0,0.0175761316872428,0.845366255144033,0.002430555555555555,0.0,0.0,0.002430555555555555,Transshipment at Sea,Bulk Carrier
750100604,REEFER_BRA_01,MH,transshipment,0.8493821281599058,bulk_carrier,0.9999996596511961,0.008515579071134625,0.005039682539682539,0.011111111111111112,0.03805555555555555,0.07737536743092299,0.0,0.0033333333333333335,0.007187242798353909,0.8493821281599058,0.002430555555555555,0.0,0.0,0.002430555555555555,Transshipment at Sea,Bulk Carrier
750100604,REEFER_BRA_01,MH,transit,0.7876944444444444,bulk_carrier,0.9999997640542712,0.040999999999999995,0.00611111111111111,0.0,0.007333333333333334,0.0561388888888889,0.0,0.014444444444444444,0.7876944444444444,0.08727777777777777,0.002430555555555555,0.0,0.0,0.002430555555555555,Transit,Bulk Carrier
750100604,REEFER_BRA_01,MH,transit,1.0,bulk_carrier,0.9999995529552621,0.0,0.0,0.0,0.0,0.0,0.0,0.0,1.0,0.0,0.002430555555555555,0.0,0.0,0.002430555555555555,Transit,Bulk Carrier
750100604,REEFER_BRA_01,MH,transit,1.0,bulk_carrier,0.9999979034709042,0.0,0.0,0.0,0.0,0.0,0.0,0.0,1.0,0.0,0.002430555555555555,0.0,0.0,0.002430555555555555,Transit,Bulk Carrier
750100604,REEFER_BRA_01,MH,transit,1.0,bulk_carrier,0.9999979041351474,0.0,0.0,0.0,0.0,0.0,0.0,0.0,1.0,0.0,0.002430555555555555,0.0,0.0,0.002430555555555555,Transit,Bulk Carrier
750100604,REEFER_BRA_01,MH,transit,1.0,bulk_carrier,0.9999979041351474,0.0,0.0,0.0,0.0,0.0,0.0,0.0,1.0,0.0,0.002430555555555555,0.0,0.0,0.002430555555555555,Transit,Bulk Carrier
750100604,REEFER_BRA_01,MH,transit,1.0,bulk_carrier,0.9999979041351474,0.0,0.0,0.0,0.0,0.0,0.0,0.0,1.0,0.0,0.002430555555555555,0.0,0.0,0.002430555555555555,Transit,Bulk Carrier
750100604,REEFER_BRA_01,MH,transit,1.0,bulk_carrier,0.9999979037532583,0.0,0.0,0.0,0.0,0.0,0.0,0.0,1.0,0.0,0.002430555555555555,0.0,0.0,0.002430555555555555,Transit,Bulk Carrier
750100604,REEFER_BRA_01,MH,transit,1.0,bulk_carrier,0.9999979041351474,0.0,0.0,0.0,0.0,0.0,0.0,0.0,1.0,0.0,0.002430555555555555,0.0,0.0,0.002430555555555555,Transit,Bulk Carrier
750100604,REEFER_BRA_01,MH,transit,1.0,bulk_carrier,0.999997904172822,0.0,0.0,0.0,0.0,0.0,0.0,0.0,1.0,0.0,0.002430555555555555,0.0,0.0,0.002430555555555555,Transit,Bulk Carrier
750100704,REEFER_BRA_01,LR,transit,1.0,bulk_carrier,0.9999979032262061,0.0,0.0,0.0,0.0,0.0,0.0,0.0,1.0,0.0,0.002430555555555555,0.0,0.0,0.002430555555555555,Transit,Bulk Carrier
750100704,REEFER_BRA_01,LR,transit,1.0,bulk_carrier,0.9999979025242756,0.0,0.0,0.0,0.0,0.0,0.0,0.0,1.0,0.0,0.002430555555555555,0.0,0.0,0.002430555555555555,Transit,Bulk Carrier
750100704,REEFER_BRA_01,LR,transit,0.9991666666666666,bulk_carrier,0.9999979032262061,0.0008333333333333334,0.0,0.0,0.0,0.0,0.0,0.0,0.9991666666666666,0.0,0.002430555555555555,0.0,0.0,0.002430555555555555,Transit,Bulk Carrier
750100704,REEFER_BRA_01,LR,transit,1.0,bulk_carrier,0.9999979025242756,0.0,0.0,0.0,0.0,0.0,0.0,0.0,1.0,0.0,0.002430555555555555,0.0,0.0,0.002430555555555555,Transit,Bulk Carrier
750100704,REEFER_BRA_01,LR,transit,1.0,bulk_carrier,0.9999979025242756,0.0,0.0,0.0,0.0,0.0,0.0,0.0,1.0,0.0,0.002430555555555555,0.0,0.0,0.002430555555555555,Transit,Bulk Carrier
750100704,REEFER_BRA_01,LR,transit,1.0,bulk_carrier,0.9999979025242756,0.0,0.0,0.0,0.0,0.0,0.0,0.0,1.0,0.0,0.002430555555555555,0.0,0.0,0.002430555555555555,Transit,Bulk Carrier
750100704,REEFER_BRA_01,LR,transit,0.9881855447680691,bulk_carrier,0.999999551584552,0.00488888888888889,0.0,0.0,0.00686084142394822,0.0,3.2362459546925564e-05,0.0,0.9881855447680691,3.2362459546925564e-05,0.002430555555555555,0.0,0.0,0.002430555555555555,Transit,Bulk Carrier
750100704,REEFER_BRA_01,LR,transshipment,0.5126486176035802,bulk_carrier,0.9999999577633671,0.016753674309229864,0.01577777777777778,0.0033333333333333335,0.043888619201726,0.11151028806584362,0.006421251348435814,0.04826587301587301,0.24140056534420073,0.5126486176035802,0.002430555555555555,0.0,0.0,0.002430555555555555,Transshipment at Sea,Bulk Carrier
750100704,REEFER_BRA_01,LR,transshipment,0.6417798481711526,bulk_carrier,0.9999996594757652,0.03301000690131124,0.05541476880607316,0.01722222222222222,0.05529779158040029,0.07691476880607313,0.0,0.0661304347826087,0.05423015873015873,0.6417798481711526,0.002430555555555555,0.0,0.0,0.002430555555555555,Transshipment at Sea,Bulk Carrier
750100704,REEFER_BRA_01,LR,transshipment,0.7780516128619994,bulk_carrier,0.9999996595582581,0.02157113462669018,0.018999999999999996,0.0318944099378882,0.03656573498964803,0.07767430922986479,0.0,0.016666666666666666,0.0185761316872428,0.7780516128619994,0.002430555555555555,0.0,0.0,0.002430555555555555,Transshipment at Sea,Bulk Carrier
750100704,REEFER_BRA_01,LR,transit,0.7024087301587301,bulk_carrier,0.9999996611636919,0.020277777777777773,0.00626984126984127,0.0033333333333333335,0.019999999999999997,0.0904722222222222,0.0,0.0011111111111111111,0.7024087301587301,0.15612698412698411,0.002430555555555555,0.0,0.0,0.002430555555555555,Transit,Bulk Carrier
750100704,REEFER_BRA_01,LR,transit,1.0,bulk_carrier,0.9999993456331501,0.0,0.0,0.0,0.0,0.0,0.0,0.0,1.0,0.0,0.002430555555555555,0.0,0.0,0.002430555555555555,Transit,Bulk Carrier
750100704,REEFER_BRA_01,LR,transit,1.0,bulk_carrier,0.9999979032288178,0.0,0.0,0.0,0.0,0.0,0.0,0.0,1.0,0.0,0.002430555555555555,0.0,0.0,0.002430555555555555,Transit,Bulk Carrier
750100704,REEFER_BRA_01,LR,transit,1.0,bulk_carrier,0.9999979032288178,0.0,0.0,0.0,0.0,0.0,0.0,0.0,1.0,0.0,0.002430555555555555,0.0,0.0,0.002430555555555555,Transit,Bulk Carrier
750100704,REEFER_BRA_01,LR,transit,1.0,bulk_carrier,0.9999979028469292,0.0,0.0,0.0,0.0,0.0,0.0,0.0,1.0,0.0,0.002430555555555555,0.0,0.0,0.002430555555555555,Transit,Bulk Carrier
750100704,REEFER_BRA_01,LR,transit,1.0,bulk_carrier,0.9999979032385301,0.0,0.0,0.0,0.0,0.0,0.0,0.0,1.0,0.0,0.002430555555555555,0.0,0.0,0.002430555555555555,Transit,Bulk Carrier
750100704,REEFER_BRA_01,LR,transit,1.0,bulk_carrier,0.9999979025242756,0.0,0.0,0.0,0.0,0.0,0.0,0.0,1.0,0.0,0.002430555555555555,0.0,0.0,0.002430555555555555,Transit,Bulk Carrier
750100704,REEFER_BRA_01,LR,transit,0.9986666666666667,bulk_carrier,0.9999979025242756,0.0,0.0,0.0,0.0013333333333333335,0.0,0.0,0.0,0.9986666666666667,0.0,0.002430555555555555,0.0,0.0,0.002430555555555555,Transit,Bulk Carrier
750100704,REEFER_BRA_01,LR,transit,0.9953333333333334,bulk_carrier,0.9999979025242756,0.0033333333333333335,0.0,0.0,0.0013333333333333335,0.0,0.0,0.0,0.9953333333333334,0.0,0.002430555555555555,0.0,0.0,0.002430555555555555,Transit,Bulk Carrier
760000504,CARGO_BRA_BNKR,JP,transit,0.9942222222222221,cargo,0.9999999882636198,0.0044444444444444444,0.0,0.0,0.0013333333333333335,0.0,0.0,0.0,0.9942222222222221,0.0,0.002430555555555555,0.0,0.0,0.002430555555555555,Transit,Cargo
760000504,CARGO_BRA_BNKR,JP,transit,0.9902777777777777,cargo,0.9999999882636198,0.009722222222222222,0.0,0.0,0.0,0.0,0.0,0.0,0.9902777777777777,0.0,0.002430555555555555,0.0,0.0,0.002430555555555555,Transit,Cargo
760000504,CARGO_BRA_BNKR,JP,transit,0.9919444444444444,cargo,0.9999999882636198,0.008055555555555555,0.0,0.0,0.0,0.0,0.0,0.0,0.9919444444444444,0.0,0.002430555555555555,0.0,0.0,0.002430555555555555,Transit,Cargo
760000504,CARGO_BRA_BNKR,JP,transit,0.9541666666666665,cargo,0.9999999891236556,0.04583333333333334,0.0,0.0,0.0,0.0,0.0,0.0,0.9541666666666665,0.0,0.002430555555555555,0.0,0.0,0.002430555555555555,Transit,Cargo
760000504,CARGO_BRA_BNKR,JP,transit,0.49030158730158735,cargo,0.9999999890302157,0.4473888888888888,0.0021428571428571425,0.0,0.008833333333333334,0.009777777777777778,0.0,0.035444444444444445,0.49030158730158735,0.0061111111111111106,0.002430555555555555,0.0,0.0,0.002430555555555555,Transit,Cargo
760000504,CARGO_BRA_BNKR,JP,anchored,0.7425277777777779,cargo,0.9999999882668035,0.7425277777777779,0.06442857142857142,0.0,0.002333333333333333,0.015753968253968253,0.0,0.07635714285714287,0.0843769841269841,0.014222222222222221,0.002430555555555555,0.0,0.0,0.002430555555555555,Anchored/Moored,Cargo
760000504,CARGO_BRA_BNKR,JP,bunkering,0.5548888888888891,cargo,0.9999999860567408,0.17153174603174606,0.5548888888888891,0.003888888888888889,0.0020000000000000005,0.03138888888888889,0.0,0.18368253968253972,0.022396825396825398,0.030222222222222227,0.002430555555555555,0.0,0.0,0.002430555555555555,Bunkering,Cargo
760000504,CARGO_BRA_BNKR,JP,bunkering,0.521388888888889,cargo,0.9999999860325006,0.2946666666666667,0.521388888888889,0.0005555555555555556,0.0017777777777777776,0.019222222222222224,0.0,0.12943650793650793,0.013285714285714284,0.01966666666666667,0.002430555555555555,0.0,0.0,0.002430555555555555,Bunkering,Cargo
760000504,CARGO_BRA_BNKR,JP,transit,0.6622420634920633,cargo,0.9999999882662246,0.15482936507936507,0.04934920634920635,0.0,0.005317460317460317,0.05959523809523809,0.0,0.04005555555555555,0.6622420634920633,0.02861111111111111,0.002430555555555555,0.0,0.0,0.002430555555555555,Transit,Cargo
760000504,CARGO_BRA_BNKR,JP,transit,0.971611111111111,cargo,0.9999999881457807,0.019722222222222224,0.0,0.0,0.0,0.002,0.0,0.006666666666666667,0.971611111111111,0.0,0.002430555555555555,0.0,0.0,0.002430555555555555,Transit,Cargo
760000504,CARGO_BRA_BNKR,JP,transit,0.995,cargo,0.99999998718633,0.004999999999999999,0.0,0.0,0.0,0.0,0.0,0.0,0.995,0.0,0.002430555555555555,0.0,0.0,0.002430555555555555,Transit,Cargo
760000504,CARGO_BRA_BNKR,JP,transit,1.0,cargo,0.9999999882636198,0.0,0.0,0.0,0.0,0.0,0.0,0.0,1.0,0.0,0.002430555555555555,0.0,0.0,0.002430555555555555,Transit,Cargo
760000504,CARGO_BRA_BNKR,JP,transit,1.0,cargo,0.9999999871863353,0.0,0.0,0.0,0.0,0.0,0.0,0.0,1.0,0.0,0.002430555555555555,0.0,0.0,0.002430555555555555,Transit,Cargo
760000504,CARGO_BRA_BNKR,JP,transit,1.0,cargo,0.9999999871863353,0.0,0.0,0.0,0.0,0.0,0.0,0.0,1.0,0.0,0.002430555555555555,0.0,0.0,0.002430555555555555,Transit,Cargo
760000504,CARGO_BRA_BNKR,JP,transit,0.9916666666666667,cargo,0.9999999871863353,0.005833333333333334,0.0016666666666666668,0.0,0.0,0.0,0.0,0.0008333333333333334,0.9916666666666667,0.0,0.002430555555555555,0.0,0.0,0.002430555555555555,Transit,Cargo
760000604,CARGO_BRA_BNKR,SG,transit,0.9961666666666668,cargo,0.9933353083026765,0.0008333333333333334,0.0,0.0,0.003,0.0,0.0,0.0,0.9961666666666668,0.0,0.002430555555555555,0.0,0.0,0.002430555555555555,Transit,Cargo
760000604,CARGO_BRA_BNKR,SG,transit,1.0,cargo,0.9933353093383657,0.0,0.0,0.0,0.0,0.0,0.0,0.0,1.0,0.0,0.002430555555555555,0.0,0.0,0.002430555555555555,Transit,Cargo
760000604,CARGO_BRA_BNKR,SG,transit,1.0,cargo,0.9933353093383657,0.0,0.0,0.0,0.0,0.0,0.0,0.0,1.0,0.0,0.002430555555555555,0.0,0.0,0.002430555555555555,Transit,Cargo
760000604,CARGO_BRA_BNKR,SG,transit,0.9744444444444443,cargo,0.9933353093383657,0.025555555555555554,0.0,0.0,0.0,0.0,0.0,0.0,0.9744444444444443,0.0,0.002430555555555555,0.0,0.0,0.002430555555555555,Transit,Cargo
760000604,CARGO_BRA_BNKR,SG,transit,0.6622777777777779,cargo,0.9932749960092192,0.2615000000000001,0.0,0.0,0.013944444444444445,0.018944444444444444,0.0,0.030944444444444445,0.6622777777777779,0.012388888888888889,0.002430555555555555,0.0,0.0,0.002430555555555555,Transit,Cargo
760000604,CARGO_BRA_BNKR,SG,anchored,0.6304166666666668,cargo,0.6782497771959481,0.6304166666666668,0.08098412698412696,0.005,0.012333333333333333,0.025309523809523813,0.0,0.05146825396825397,0.1842103174603175,0.010277777777777776,0.002430555555555555,0.0,0.0,0.002430555555555555,Anchored/Moored,Cargo
760000604,CARGO_BRA_BNKR,SG,bunkering,0.3273412698412699,cargo,0.90529606161703,0.3199126984126984,0.3273412698412699,0.01888888888888889,0.023444444444444445,0.033174603174603176,0.0,0.17933333333333334,0.06799999999999999,0.0299047619047619,0.002430555555555555,0.0,0.0,0.002430555555555555,Bunkering,Cargo
760000604,CARGO_BRA_BNKR,SG,anchored,0.43593650793650796,cargo,0.9052330362781772,0.43593650793650796,0.265952380952381,0.01388888888888889,0.028444444444444442,0.02772222222222222,0.0,0.14961111111111114,0.056333333333333326,0.022111111111111113,0.002430555555555555,0.0,0.0,0.002430555555555555,Anchored/Moored,Cargo
760000604,CARGO_BRA_BNKR,SG,transit,0.5625119047619045,cargo,0.9576337644605714,0.21205158730158732,0.0741904761904762,0.005,0.026261904761904764,0.06498412698412698,0.0,0.0325,0.5625119047619045,0.0225,0.002430555555555555,0.0,0.0,0.002430555555555555,Transit,Cargo
760000604,CARGO_BRA_BNKR,SG,transit,0.8659722222222221,cargo,0.9932921462308693,0.07033333333333334,0.0,0.0,0.010499999999999999,0.0038888888888888883,0.0,0.042083333333333334,0.8659722222222221,0.007222222222222222,0.002430555555555555,0.0,0.0,0.002430555555555555,Transit,Cargo
760000604,CARGO_BRA_BNKR,SG,transit,0.9983333333333333,cargo,0.9933353093383657,0.0016666666666666668,0.0,0.0,0.0,0.0,0.0,0.0,0.9983333333333333,0.0,0.002430555555555555,0.0,0.0,0.002430555555555555,Transit,Cargo
760000604,CARGO_BRA_BNKR,SG,transit,0.9983333333333333,cargo,0.9933353093383657,0.0016666666666666668,0.0,0.0,0.0,0.0,0.0,0.0,0.9983333333333333,0.0,0.002430555555555555,0.0,0.0,0.002430555555555555,Transit,Cargo
760000604,CARGO_BRA_BNKR,SG,transit,0.9970000000000001,cargo,0.9933353093383657,0.0016666666666666668,0.0,0.0,0.0013333333333333335,0.0,0.0,0.0,0.9970000000000001,0.0,0.002430555555555555,0.0,0.0,0.002430555555555555,Transit,Cargo
760000604,CARGO_BRA_BNKR,SG,transit,0.9928333333333335,cargo,0.9933353093383657,0.005833333333333334,0.0,0.0,0.0013333333333333335,0.0,0.0,0.0,0.9928333333333335,0.0,0.002430555555555555,0.0,0.0,0.002430555555555555,Transit,Cargo
760000604,CARGO_BRA_BNKR,SG,transit,0.9820000000000001,cargo,0.9933353093383657,0.014333333333333333,0.002333333333333333,0.0,0.0013333333333333335,0.0,0.0,0.0,0.9820000000000001,0.0,0.002430555555555555,0.0,0.0,0.002430555555555555,Transit,Cargo
760000704,CARGO_BRA_BNKR,KR,transit,0.9870000000000001,cargo,0.9999999866056741,0.011,0.0006666666666666668,0.0,0.0013333333333333335,0.0,0.0,0.0,0.9870000000000001,0.0,0.002430555555555555,0.0,0.0,0.002430555555555555,Transit,Cargo
760000704,CARGO_BRA_BNKR,KR,transit,0.9986666666666667,cargo,0.9999999865463693,0.0,0.0,0.0,0.0013333333333333335,0.0,0.0,0.0,0.9986666666666667,0.0,0.002430555555555555,0.0,0.0,0.002430555555555555,Transit,Cargo
760000704,CARGO_BRA_BNKR,KR,transit,1.0,cargo,0.9999999865463802,0.0,0.0,0.0,0.0,0.0,0.0,0.0,1.0,0.0,0.002430555555555555,0.0,0.0,0.002430555555555555,Transit,Cargo
760000704,CARGO_BRA_BNKR,KR,transit,0.9733333333333332,cargo,0.9999999866056741,0.02666666666666667,0.0,0.0,0.0,0.0,0.0,0.0,0.9733333333333332,0.0,0.002430555555555555,0.0,0.0,0.002430555555555555,Transit,Cargo
760000704,CARGO_BRA_BNKR,KR,transit,0.6561666666666668,cargo,0.9999999871982966,0.28346825396825404,0.0004761904761904762,0.0,0.006611111111111111,0.00811111111111111,0.0,0.0385,0.6561666666666668,0.006666666666666667,0.002430555555555555,0.0,0.0,0.002430555555555555,Transit,Cargo
760000704,CARGO_BRA_BNKR,KR,anchored,0.546394927536232,cargo,0.9999992748246208,0.546394927536232,0.08009730848861284,0.0033333333333333335,0.011266045548654246,0.012089371980676328,0.0,0.07185265700483091,0.26121031746031753,0.013756038647342995,0.002430555555555555,0.0,0.0,0.002430555555555555,Anchored/Moored,Cargo
760000704,CARGO_BRA_BNKR,KR,sts,0.30907487922705307,cargo,0.9999999747363826,0.23379572118702555,0.2657957211870255,0.017444444444444443,0.013956521739130435,0.03831953071083506,0.0,0.30907487922705307,0.06723015873015872,0.054383022774327126,0.002430555555555555,0.0,0.5,0.5,STS Transfer,Cargo
760000704,CARGO_BRA_BNKR,KR,anchored,0.4730555555555555,cargo,0.9999999747466581,0.4730555555555555,0.301888888888889,0.0022222222222222222,0.0006666666666666668,0.029666666666666668,0.0,0.14949206349206356,0.018563492063492063,0.024444444444444446,0.002430555555555555,0.0,0.0,0.002430555555555555,Anchored/Moored,Cargo
760000704,CARGO_BRA_BNKR,KR,transit,0.48399206349206336,cargo,0.9999999561953455,0.30285714285714294,0.10124603174603175,0.0,0.007619047619047619,0.051507936507936516,0.0,0.029222222222222226,0.48399206349206336,0.02355555555555556,0.002430555555555555,0.0,0.0,0.002430555555555555,Transit,Cargo
760000704,CARGO_BRA_BNKR,KR,transit,0.996,cargo,0.9999999873110613,0.002333333333333333,0.0,0.0,0.0016666666666666668,0.0,0.0,0.0,0.996,0.0,0.002430555555555555,0.0,0.0,0.002430555555555555,Transit,Cargo
760000704,CARGO_BRA_BNKR,KR,transit,1.0,cargo,0.9999999865463904,0.0,0.0,0.0,0.0,0.0,0.0,0.0,1.0,0.0,0.002430555555555555,0.0,0.0,0.002430555555555555,Transit,Cargo
760000704,CARGO_BRA_BNKR,KR,transit,1.0,cargo,0.9999999865463693,0.0,0.0,0.0,0.0,0.0,0.0,0.0,1.0,0.0,0.002430555555555555,0.0,0.0,0.002430555555555555,Transit,Cargo
760000704,CARGO_BRA_BNKR,KR,transit,1.0,cargo,0.9999999865463693,0.0,0.0,0.0,0.0,0.0,0.0,0.0,1.0,0.0,0.002430555555555555,0.0,0.0,0.002430555555555555,Transit,Cargo
760000704,CARGO_BRA_BNKR,KR,transit,1.0,cargo,0.9999999865463802,0.0,0.0,0.0,0.0,0.0,0.0,0.0,1.0,0.0,0.002430555555555555,0.0,0.0,0.002430555555555555,Transit,Cargo
760000704,CARGO_BRA_BNKR,KR,transit,1.0,cargo,0.9999999865463904,0.0,0.0,0.0,0.0,0.0,0.0,0.0,1.0,0.0,0.002430555555555555,0.0,0.0,0.002430555555555555,Transit,Cargo
760100504,BARGE_BRA_01,SG,transit,0.9196666666666666,purse_seiner,0.5193930109723641,0.0016666666666666668,0.041444444444444443,0.0,0.021944444444444444,0.0011111111111111111,0.0016666666666666668,0.010277777777777778,0.9196666666666666,0.0022222222222222222,0.002430555555555555,0.0,0.0,0.002430555555555555,Transit,Fishing - Purse Seiner
760100504,BARGE_BRA_01,SG,transit,0.8929444444444444,purse_seiner,0.5143906131771718,0.010277777777777778,0.04083333333333334,0.0033333333333333335,0.020666666666666667,0.0,0.0,0.030166666666666668,0.8929444444444444,0.0017777777777777776,0.002430555555555555,0.0,0.0,0.002430555555555555,Transit,Fishing - Purse Seiner
760100504,BARGE_BRA_01,SG,transit,0.4232619047619047,purse_seiner,0.5067301245891267,0.11355762594893029,0.3394385783298828,0.02022222222222222,0.05521048999309869,0.00820048309178744,0.0,0.034130434782608694,0.4232619047619047,0.005978260869565218,0.002430555555555555,0.0,0.0,0.002430555555555555,Transit,Fishing - Purse Seiner
760100504,BARGE_BRA_01,SG,bunkering,0.4450338164251207,purse_seiner,0.5194431769146391,0.16881159420289854,0.4450338164251207,0.05583333333333333,0.061123188405797106,0.01681159420289855,0.0,0.08596376811594203,0.13933333333333334,0.02708937198067633,0.002430555555555555,0.0,0.0,0.002430555555555555,Bunkering,Fishing - Purse Seiner
760100504,BARGE_BRA_01,SG,transit,0.5407301587301587,purse_seiner,0.5143906131771718,0.059166666666666666,0.2496587301587301,0.011666666666666667,0.061888888888888875,0.006388888888888888,0.0,0.0575,0.5407301587301587,0.012999999999999998,0.002430555555555555,0.0,0.0,0.002430555555555555,Transit,Fishing - Purse Seiner
760100504,BARGE_BRA_01,SG,transit,0.9243333333333333,purse_seiner,0.5143906131771718,0.0033333333333333335,0.025277777777777777,0.0033333333333333335,0.028,0.0,0.0,0.012833333333333332,0.9243333333333333,0.002888888888888889,0.002430555555555555,0.0,0.0,0.002430555555555555,Transit,Fishing - Purse Seiner
760100604,BARGE_BRA_01,NG,transit,0.9355555555555556,longliner,0.9999999587430818,0.0033333333333333335,0.016111111111111114,0.0,0.03222222222222222,0.0030158730158730157,0.0,0.0011111111111111111,0.9355555555555556,0.008650793650793652,0.002430555555555555,0.0,0.0,0.002430555555555555,Transit,Fishing - Longliner
760100604,BARGE_BRA_01,NG,transit,0.8657301587301587,longliner,0.9999999649801056,0.019166666666666665,0.09232539682539684,0.0,0.005555555555555555,0.0,0.0,0.015444444444444443,0.8657301587301587,0.0017777777777777776,0.002430555555555555,0.0,0.0,0.002430555555555555,Transit,Fishing - Longliner
760100604,BARGE_BRA_01,NG,bunkering,0.5453095238095238,longliner,0.9999999649801056,0.08294444444444446,0.5453095238095238,0.005,0.02736507936507937,0.003611111111111111,0.0,0.01722222222222222,0.318547619047619,0.0,0.002430555555555555,0.0,0.0,0.002430555555555555,Bunkering,Fishing - Longliner
760100604,BARGE_BRA_01,NG,bunkering,0.5611211180124223,longliner,0.9999999805435592,0.1338671497584541,0.5611211180124223,0.05161111111111111,0.030845410628019324,0.014867149758454105,0.0,0.0791304347826087,0.11067460317460313,0.017883022774327125,0.002430555555555555,0.0,0.0,0.002430555555555555,Bunkering,Fishing - Longliner
760100604,BARGE_BRA_01,NG,transit,0.6531587301587303,longliner,0.9999999649245336,0.043722222222222225,0.22778571428571429,0.0033333333333333335,0.017388888888888888,0.0038888888888888883,0.0,0.044111111111111115,0.6531587301587303,0.006611111111111111,0.002430555555555555,0.0,0.0,0.002430555555555555,Transit,Fishing - Longliner
760100604,BARGE_BRA_01,NG,transit,0.9345555555555556,longliner,0.9999999601952931,0.0022222222222222222,0.0275,0.0,0.021333333333333333,0.0033333333333333335,0.0,0.010222222222222221,0.9345555555555556,0.0008333333333333334,0.002430555555555555,0.0,0.0,0.002430555555555555,Transit,Fishing - Longliner
760100704,BARGE_BRA_01,SG,transit,0.9483888888888886,longliner,0.9999999441681149,0.0016666666666666668,0.023555555555555555,0.0,0.018888888888888886,0.0,0.0,0.0075,0.9483888888888886,0.0,0.002430555555555555,0.0,0.0,0.002430555555555555,Transit,Fishing - Longliner
760100704,BARGE_BRA_01,SG,transit,0.8979444444444444,longliner,0.9999999542866383,0.005277777777777778,0.0641111111111111,0.0,0.008333333333333333,0.0,0.0,0.022555555555555554,0.8979444444444444,0.0017777777777777776,0.002430555555555555,0.0,0.0,0.002430555555555555,Transit,Fishing - Longliner
760100704,BARGE_BRA_01,SG,bunkering,0.5224365079365079,longliner,0.9999999659602814,0.08969047619047618,0.5224365079365079,0.004666666666666666,0.0236984126984127,0.010277777777777776,0.0,0.01472222222222222,0.3278412698412698,0.006666666666666666,0.002430555555555555,0.0,0.0,0.002430555555555555,Bunkering,Fishing - Longliner
760100704,BARGE_BRA_01,SG,bunkering,0.5588592132505175,longliner,0.9999999796483061,0.13170048309178742,0.5588592132505175,0.04988888888888889,0.03023429951690821,0.010922705314009662,0.0,0.08168599033816425,0.11467460317460315,0.022033816425120773,0.002430555555555555,0.0,0.0,0.002430555555555555,Bunkering,Fishing - Longliner
760100704,BARGE_BRA_01,SG,transit,0.5432698412698417,longliner,0.9999999581798675,0.06022222222222223,0.31717460317460316,0.010222222222222221,0.02327777777777778,0.008888888888888889,0.0,0.026111111111111113,0.5432698412698417,0.010833333333333334,0.002430555555555555,0.0,0.0,0.002430555555555555,Transit,Fishing - Longliner
760100704,BARGE_BRA_01,SG,transit,0.926277777777778,longliner,0.9999999542866383,0.012944444444444442,0.04111111111111111,0.0016666666666666668,0.013,0.0016666666666666668,0.0,0.0033333333333333335,0.926277777777778,0.0,0.002430555555555555,0.0,0.0,0.002430555555555555,Transit,Fishing - Longliner
770007504,SURVEY_BRA_00,GB,transit,0.5133055555555555,purse_seiner,0.9995762817851614,0.005833333333333334,0.0,0.01,0.19166666666666668,0.04622222222222222,0.16236111111111112,0.035,0.5133055555555555,0.035611111111111114,0.002430555555555555,0.0,0.0,0.002430555555555555,Transit,Fishing - Purse Seiner
770007504,SURVEY_BRA_00,GB,transit,0.43957142857142845,purse_seiner,0.9995786594498934,0.007777777777777777,0.04416666666666666,0.04392857142857143,0.26605555555555555,0.07722222222222222,0.0425,0.029166666666666667,0.43957142857142845,0.04961111111111111,0.002430555555555555,0.0,0.0,0.002430555555555555,Transit,Fishing - Purse Seiner
770007504,SURVEY_BRA_00,GB,bunkering,0.2865814354727399,purse_seiner,0.999579868524896,0.1775814354727398,0.2865814354727399,0.035555555555555556,0.09095652173913042,0.012644927536231886,0.0,0.14113043478260873,0.24179365079365078,0.013756038647342995,0.002430555555555555,0.0,0.0,0.002430555555555555,Bunkering,Fishing - Purse Seiner
770007504,SURVEY_BRA_00,GB,transit,0.3062539682539683,purse_seiner,0.999579868524896,0.054833333333333345,0.10170634920634922,0.14094444444444443,0.1907777777777778,0.06059523809523809,0.015,0.08555555555555555,0.3062539682539683,0.04433333333333333,0.002430555555555555,0.0,0.0,0.002430555555555555,Transit,Fishing - Purse Seiner
770007504,SURVEY_BRA_00,GB,fishing,0.3033333333333333,purse_seiner,0.999579868524896,0.02711111111111111,0.06365079365079365,0.2013730158730159,0.3033333333333333,0.06705555555555555,0.041388888888888885,0.019722222222222224,0.21692063492063493,0.05944444444444444,0.002430555555555555,0.5060690925895317,0.0,0.5060690925895317,Fishing,Fishing - Purse Seiner
770007504,SURVEY_BRA_00,GB,transit,0.31514285714285717,purse_seiner,0.999579868524896,0.06383333333333333,0.09837301587301589,0.1545952380952381,0.18494444444444447,0.051388888888888894,0.025,0.07255555555555555,0.31514285714285717,0.034166666666666665,0.002430555555555555,0.0,0.0,0.002430555555555555,Transit,Fishing - Purse Seiner
770007504,SURVEY_BRA_00,GB,bunkering,0.27430365769496207,purse_seiner,0.999579868524896,0.1703592132505176,0.27430365769496207,0.028888888888888888,0.09728985507246375,0.011811594202898552,0.0,0.13790821256038652,0.2656825396825397,0.013756038647342995,0.002430555555555555,0.0,0.0,0.002430555555555555,Bunkering,Fishing - Purse Seiner
770007504,SURVEY_BRA_00,GB,transit,0.3337142857142857,purse_seiner,0.999579868524896,0.037333333333333336,0.10503968253968256,0.10261111111111111,0.21787301587301589,0.0727063492063492,0.02666666666666667,0.053611111111111116,0.3337142857142857,0.050444444444444445,0.002430555555555555,0.0,0.0,0.002430555555555555,Transit,Fishing - Purse Seiner
770007504,SURVEY_BRA_00,GB,fishing,0.32138888888888884,purse_seiner,0.999579868524896,0.01961111111111111,0.05809523809523809,0.19803968253968257,0.32138888888888884,0.06455555555555556,0.041388888888888885,0.01638888888888889,0.20997619047619048,0.07055555555555557,0.002430555555555555,0.517648224412874,0.0,0.517648224412874,Fishing,Fishing - Purse Seiner
770007504,SURVEY_BRA_00,GB,bunkering,0.28491476880607325,purse_seiner,0.999579868524896,0.1775814354727398,0.28491476880607325,0.03222222222222222,0.09095652173913042,0.01431159420289855,0.0,0.14446376811594205,0.24179365079365078,0.013756038647342995,0.002430555555555555,0.0,0.0,0.002430555555555555,Bunkering,Fishing - Purse Seiner
770007504,SURVEY_BRA_00,GB,bunkering,0.28158143547273984,purse_seiner,0.999579868524896,0.1775814354727398,0.28158143547273984,0.055555555555555546,0.09540096618357488,0.01431159420289855,0.0,0.12863043478260872,0.2356825396825397,0.011256038647342993,0.002430555555555555,0.0,0.0,0.002430555555555555,Bunkering,Fishing - Purse Seiner
770007504,SURVEY_BRA_00,GB,transit,0.3111031746031746,purse_seiner,0.999579868524896,0.01961111111111111,0.08753968253968254,0.11465079365079361,0.27176190476190476,0.06988888888888889,0.03666666666666667,0.024722222222222222,0.3111031746031746,0.06405555555555555,0.002430555555555555,0.0,0.0,0.002430555555555555,Transit,Fishing - Purse Seiner
770007504,SURVEY_BRA_00,GB,fishing,0.288,purse_seiner,0.999579868524896,0.03244444444444444,0.070984126984127,0.18803968253968256,0.288,0.07105555555555555,0.035833333333333335,0.02638888888888889,0.22614285714285715,0.06111111111111111,0.002430555555555555,0.5060269305941617,0.0,0.5060269305941617,Fishing,Fishing - Purse Seiner
770007504,SURVEY_BRA_00,GB,bunkering,0.2803512767425811,purse_seiner,0.999579868524896,0.18658937198067632,0.2803512767425811,0.05555555555555556,0.08095652173913043,0.010144927536231885,0.0,0.1427971014492754,0.23234920634920636,0.011256038647342993,0.002430555555555555,0.0,0.0,0.002430555555555555,Bunkering,Fishing - Purse Seiner
770007504,SURVEY_BRA_00,GB,bunkering,0.2770179434092478,purse_seiner,0.999579868524896,0.175756038647343,0.2770179434092478,0.07222222222222223,0.08095652173913043,0.012644927536231886,0.0,0.1427971014492754,0.22734920634920636,0.011256038647342993,0.002430555555555555,0.0,0.0,0.002430555555555555,Bunkering,Fishing - Purse Seiner
770007504,SURVEY_BRA_00,GB,fishing,0.32916666666666666,purse_seiner,0.999579868524896,0.01961111111111111,0.056984126984126984,0.17703968253968255,0.32916666666666666,0.06111111111111111,0.041666666666666664,0.01638888888888889,0.22814285714285717,0.06988888888888889,0.002430555555555555,0.5161248957008595,0.0,0.5161248957008595,Fishing,Fishing - Purse Seiner
770007504,SURVEY_BRA_00,GB,fishing,0.3013888888888889,purse_seiner,0.999579868524896,0.01961111111111111,0.058928571428571414,0.21581746031746035,0.3013888888888889,0.0651111111111111,0.0425,0.01638888888888889,0.2121984126984127,0.06805555555555556,0.002430555555555555,0.5175625951305897,0.0,0.5175625951305897,Fishing,Fishing - Purse Seiner
770007504,SURVEY_BRA_00,GB,bunkering,0.28491476880607325,purse_seiner,0.999579868524896,0.17424810213940645,0.28491476880607325,0.03222222222222222,0.09095652173913042,0.01431159420289855,0.0,0.14613043478260873,0.24346031746031752,0.013756038647342995,0.002430555555555555,0.0,0.0,0.002430555555555555,Bunkering,Fishing - Purse Seiner
770007504,SURVEY_BRA_00,GB,bunkering,0.2930496894409938,purse_seiner,0.999579868524896,0.16952587991718424,0.2930496894409938,0.02,0.09609937888198757,0.011811594202898552,0.0,0.12363043478260873,0.2737936507936508,0.012089371980676326,0.002430555555555555,0.0,0.0,0.002430555555555555,Bunkering,Fishing - Purse Seiner
770007504,SURVEY_BRA_00,GB,transit,0.44559920634920636,purse_seiner,0.9995762817851614,0.0225,0.02727777777777778,0.22003968253968254,0.11655555555555554,0.0503888888888889,0.05819444444444445,0.02277777777777778,0.44559920634920636,0.03666666666666667,0.002430555555555555,0.0,0.0,0.002430555555555555,Transit,Fishing - Purse Seiner
780007504,PATROL_BRA_00,BR,patrol_sweep,0.781479452406637,longliner,0.9999999792926657,0.0,0.0,0.0033333333333333335,0.04781322237632917,0.021666666666666664,0.781479452406637,0.0,0.1420638516463759,0.0036434735706580364,0.002430555555555555,0.0,0.0,0.002430555555555555,Patrol / SAR Sweep,Fishing - Longliner
780007504,PATROL_BRA_00,BR,patrol_sweep,0.8644470899470901,longliner,0.9999999792926657,0.0,0.0,0.0,0.021896825396825397,0.0125,0.8644470899470901,0.0,0.0967116402116402,0.0044444444444444444,0.002430555555555555,0.0,0.0,0.002430555555555555,Patrol / SAR Sweep,Fishing - Longliner
780007504,PATROL_BRA_00,BR,patrol_sweep,0.9655092592592595,longliner,0.9999999792926657,0.0,0.0,0.0,0.0033333333333333335,0.0044444444444444444,0.9655092592592595,0.0,0.02449074074074074,0.0022222222222222222,0.002430555555555555,0.0,0.0,0.002430555555555555,Patrol / SAR Sweep,Fishing - Longliner
780007504,PATROL_BRA_00,BR,patrol_sweep,0.977675925925926,longliner,0.9999999792926657,0.0,0.0,0.0,0.0,0.0027777777777777775,0.977675925925926,0.0,0.017324074074074075,0.0022222222222222222,0.002430555555555555,0.0,0.0,0.002430555555555555,Patrol / SAR Sweep,Fishing - Longliner
780007504,PATROL_BRA_00,BR,patrol_sweep,0.9623981481481482,longliner,0.9999999792926657,0.0,0.0,0.0,0.010555555555555556,0.0011111111111111111,0.9623981481481482,0.0,0.025935185185185183,0.0,0.002430555555555555,0.0,0.0,0.002430555555555555,Patrol / SAR Sweep,Fishing - Longliner
780007504,PATROL_BRA_00,BR,patrol_sweep,0.9056362433862433,longliner,0.9999999792926657,0.0,0.0,0.0,0.0125,0.0008333333333333334,0.9056362433862433,0.0,0.08103042328042327,0.0,0.002430555555555555,0.0,0.0,0.002430555555555555,Patrol / SAR Sweep,Fishing - Longliner
780007504,PATROL_BRA_00,BR,patrol_sweep,0.9588425925925927,longliner,0.9999999792926657,0.0,0.0,0.0,0.006666666666666667,0.0011111111111111111,0.9588425925925927,0.0,0.033379629629629634,0.0,0.002430555555555555,0.0,0.0,0.002430555555555555,Patrol / SAR Sweep,Fishing - Longliner
780007504,PATROL_BRA_00,BR,patrol_sweep,0.9635092592592593,longliner,0.9999999792926657,0.0,0.0,0.0,0.004166666666666667,0.005,0.9635092592592593,0.0,0.02732407407407407,0.0,0.002430555555555555,0.0,0.0,0.002430555555555555,Patrol / SAR Sweep,Fishing - Longliner
780007504,PATROL_BRA_00,BR,patrol_sweep,0.9377314814814813,longliner,0.9999999792926657,0.0,0.0,0.0,0.01111111111111111,0.006944444444444443,0.9377314814814813,0.0,0.04421296296296296,0.0,0.002430555555555555,0.0,0.0,0.002430555555555555,Patrol / SAR Sweep,Fishing - Longliner
780007504,PATROL_BRA_00,BR,patrol_sweep,0.826525132275132,longliner,0.9999999792926657,0.0,0.0,0.0,0.009484126984126984,0.005833333333333334,0.826525132275132,0.0,0.1581574074074074,0.0,0.002430555555555555,0.0,0.0,0.002430555555555555,Patrol / SAR Sweep,Fishing - Longliner
780007504,PATROL_BRA_00,BR,patrol_sweep,0.8988584656084655,longliner,0.9999999792926657,0.0,0.0,0.0,0.007222222222222222,0.0025,0.8988584656084655,0.0,0.09141931216931215,0.0,0.002430555555555555,0.0,0.0,0.002430555555555555,Patrol / SAR Sweep,Fishing - Longliner
780007505,PATROL_BRA_01,BR,patrol_sweep,0.5856693121693122,longliner,0.9999999791728817,0.0016666666666666668,0.0,0.013984126984126983,0.07584126984126986,0.0875,0.5856693121693122,0.0,0.2278941798941799,0.0074444444444444445,0.002430555555555555,0.0,0.0,0.002430555555555555,Patrol / SAR Sweep,Fishing - Longliner
780007505,PATROL_BRA_01,BR,patrol_sweep,0.6454470899470901,longliner,0.9999999791728817,0.0,0.0,0.0030952380952380953,0.04634126984126984,0.07444444444444444,0.6454470899470901,0.0,0.22622751322751322,0.0044444444444444444,0.002430555555555555,0.0,0.0,0.002430555555555555,Patrol / SAR Sweep,Fishing - Longliner
780007505,PATROL_BRA_01,BR,patrol_sweep,0.7274470899470901,longliner,0.9999999791728817,0.0,0.0,0.0,0.025285714285714286,0.05555555555555556,0.7274470899470901,0.0,0.18726719576719575,0.0044444444444444444,0.002430555555555555,0.0,0.0,0.002430555555555555,Patrol / SAR Sweep,Fishing - Longliner
780007505,PATROL_BRA_01,BR,patrol_sweep,0.8438425925925925,longliner,0.9999999791728817,0.0033333333333333335,0.0,0.0,0.0033333333333333335,0.03861111111111111,0.8438425925925925,0.0,0.11087962962962962,0.0,0.002430555555555555,0.0,0.0,0.002430555555555555,Patrol / SAR Sweep,Fishing - Longliner
780007505,PATROL_BRA_01,BR,patrol_sweep,0.8063915343915344,longliner,0.9999999791728817,0.0,0.0,0.0,0.012063492063492064,0.05558333333333334,0.8063915343915344,0.0,0.12151719576719576,0.0044444444444444444,0.002430555555555555,0.0,0.0,0.002430555555555555,Patrol / SAR Sweep,Fishing - Longliner
780007505,PATROL_BRA_01,BR,patrol_sweep,0.8518425925925927,longliner,0.9999999791728817,0.0033333333333333335,0.0,0.0,0.0035555555555555553,0.03222222222222222,0.8518425925925927,0.0,0.1090462962962963,0.0,0.002430555555555555,0.0,0.0,0.002430555555555555,Patrol / SAR Sweep,Fishing - Longliner
790007504,DREDGER_BRA_00,BE,dredging,0.960997584541063,purse_seiner,0.9999999750750708,0.003666666666666667,0.007777777777777778,0.960997584541063,0.004545893719806764,0.008206349206349207,0.0,0.002,0.006960317460317461,0.005845410628019323,0.002430555555555555,0.0,0.0,0.002430555555555555,Dredging,Fishing - Purse Seiner
790007504,DREDGER_BRA_00,BE,dredging,0.9637674258109044,purse_seiner,0.9999999750750563,0.0,0.0016666666666666668,0.9637674258109044,0.007101449275362319,0.0014285714285714286,0.0,0.0,0.010904761904761905,0.015131124913733609,0.002430555555555555,0.0,0.0,0.002430555555555555,Dredging,Fishing - Purse Seiner
790007504,DREDGER_BRA_00,BE,dredging,0.9912594893029677,purse_seiner,0.9999999750882445,0.0,0.0027777777777777775,0.9912594893029677,0.002101449275362319,0.0,0.0033333333333333335,0.0,0.0002380952380952381,0.0002898550724637681,0.002430555555555555,0.0,0.0,0.002430555555555555,Dredging,Fishing - Purse Seiner
790007504,DREDGER_BRA_00,BE,dredging,0.9887594893029675,purse_seiner,0.9999999750882684,0.0016666666666666668,0.0008333333333333334,0.9887594893029675,0.003768115942028985,0.0027777777777777775,0.0,0.0,0.0002380952380952381,0.0019565217391304345,0.002430555555555555,0.0,0.0,0.002430555555555555,Dredging,Fishing - Purse Seiner
790007504,DREDGER_BRA_00,BE,dredging,0.9736563146997931,purse_seiner,0.9999999750750563,0.0,0.0016666666666666668,0.9736563146997931,0.005434782608695653,0.0014285714285714286,0.0,0.0,0.004349206349206348,0.013464458247066942,0.002430555555555555,0.0,0.0,0.002430555555555555,Dredging,Fishing - Purse Seiner
790007504,DREDGER_BRA_00,BE,dredging,0.9412198067632852,purse_seiner,0.9999999750882675,0.009222222222222222,0.011523809523809525,0.9412198067632852,0.014268115942028986,0.007928571428571429,0.0033333333333333335,0.002,0.006325396825396825,0.004178743961352657,0.002430555555555555,0.0,0.0,0.002430555555555555,Dredging,Fishing - Purse Seiner
790007504,DREDGER_BRA_00,BE,dredging,0.9693309178743962,purse_seiner,0.9999999750882675,0.002,0.0067460317460317455,0.9693309178743962,0.004545893719806764,0.008206349206349207,0.0,0.002,0.005214285714285714,0.0019565217391304345,0.002430555555555555,0.0,0.0,0.002430555555555555,Dredging,Fishing - Purse Seiner
790007504,DREDGER_BRA_00,BE,dredging,0.9826563146997931,purse_seiner,0.9999999750750563,0.0,0.0016666666666666668,0.9826563146997931,0.005434782608695653,0.0014285714285714286,0.0,0.0,0.004238095238095238,0.004575569358178053,0.002430555555555555,0.0,0.0,0.002430555555555555,Dredging,Fishing - Purse Seiner
790007504,DREDGER_BRA_00,BE,dredging,0.9962594893029677,purse_seiner,0.9999999750882675,0.0,0.0011111111111111111,0.9962594893029677,0.002101449275362319,0.0,0.0,0.0,0.0002380952380952381,0.0002898550724637681,0.002430555555555555,0.0,0.0,0.002430555555555555,Dredging,Fishing - Purse Seiner
790007504,DREDGER_BRA_00,BE,dredging,0.9784817115251898,purse_seiner,0.9999999750750708,0.0016666666666666668,0.004722222222222221,0.9784817115251898,0.0023792270531400963,0.0011111111111111111,0.0,0.0,0.00246031746031746,0.009178743961352657,0.002430555555555555,0.0,0.0,0.002430555555555555,Dredging,Fishing - Purse Seiner
790007504,DREDGER_BRA_00,BE,dredging,0.9788785369220153,purse_seiner,0.9999999750750563,0.0,0.003666666666666667,0.9788785369220153,0.007657004830917875,0.0036507936507936506,0.0,0.0,0.0015714285714285715,0.004575569358178053,0.002430555555555555,0.0,0.0,0.002430555555555555,Dredging,Fishing - Purse Seiner
790007504,DREDGER_BRA_00,BE,dredging,0.9801483781918565,purse_seiner,0.9999999750882675,0.0016666666666666668,0.0016666666666666668,0.9801483781918565,0.0017681159420289856,0.005555555555555555,0.0033333333333333335,0.0,0.002238095238095238,0.003623188405797101,0.002430555555555555,0.0,0.0,0.002430555555555555,Dredging,Fishing - Purse Seiner
800007503,LOITER_BRA_00,VU,transit,0.9966666666666667,cargo,0.9999999886382765,0.0,0.0,0.0,0.0033333333333333335,0.0,0.0,0.0,0.9966666666666667,0.0,0.002430555555555555,0.3,0.0,0.3,Transit,Cargo
800007503,LOITER_BRA_00,VU,transit,0.9983333333333333,cargo,0.9999999896017139,0.0016666666666666668,0.0,0.0,0.0,0.0,0.0,0.0,0.9983333333333333,0.0,0.002430555555555555,0.3,0.0,0.3,Transit,Cargo
800007503,LOITER_BRA_00,VU,transit,1.0,cargo,0.9999999874233853,0.0,0.0,0.0,0.0,0.0,0.0,0.0,1.0,0.0,0.002430555555555555,0.3,0.0,0.3,Transit,Cargo
800007503,LOITER_BRA_00,VU,transit,1.0,cargo,0.9999999874233853,0.0,0.0,0.0,0.0,0.0,0.0,0.0,1.0,0.0,0.002430555555555555,0.3,0.0,0.3,Transit,Cargo
800007503,LOITER_BRA_00,VU,transit,1.0,cargo,0.9999999874233853,0.0,0.0,0.0,0.0,0.0,0.0,0.0,1.0,0.0,0.002430555555555555,0.3,0.0,0.3,Transit,Cargo
800007503,LOITER_BRA_00,VU,transit,1.0,cargo,0.9999999874233853,0.0,0.0,0.0,0.0,0.0,0.0,0.0,1.0,0.0,0.002430555555555555,0.3,0.0,0.3,Transit,Cargo
800007503,LOITER_BRA_00,VU,transit,0.7600595238095237,cargo,0.9999999899190414,0.0022222222222222222,0.0,0.0,0.03644444444444445,0.14344047619047617,0.03988888888888889,0.004166666666666667,0.7600595238095237,0.01377777777777778,0.002430555555555555,0.3,0.0,0.3,Transit,Cargo
800007503,LOITER_BRA_00,VU,loiter,0.8007023809523809,cargo,0.999999989659777,0.0,0.0,0.0,0.02422222222222222,0.8007023809523809,0.006666666666666667,0.01611111111111111,0.07352777777777778,0.07876984126984127,0.002430555555555555,0.3,0.0,0.3,Loitering,Cargo
800007503,LOITER_BRA_00,VU,loiter,0.9444211407790216,cargo,0.9999997688043164,0.00010288065843621399,0.0,0.0,0.024644702842377263,0.9444211407790216,0.0,0.0044444444444444444,0.010020576131687242,0.016366255144032924,0.002430555555555555,0.3,0.0,0.3,Loitering,Cargo
800007503,LOITER_BRA_00,VU,loiter,0.9988991769547325,cargo,0.9999999796304186,0.00010288065843621399,0.0,0.0,0.0008333333333333334,0.9988991769547325,0.0,0.0,2.0576131687242797e-05,0.00014403292181069957,0.002430555555555555,0.3,0.0,0.3,Loitering,Cargo
800007503,LOITER_BRA_00,VU,loiter,0.9997325102880659,cargo,0.9999999796303813,0.00010288065843621399,0.0,0.0,0.0,0.9997325102880659,0.0,0.0,2.0576131687242797e-05,0.00014403292181069957,0.002430555555555555,0.3,0.0,0.3,Loitering,Cargo
800007503,LOITER_BRA_00,VU,loiter,0.9997325102880659,cargo,0.9999999796303813,0.00010288065843621399,0.0,0.0,0.0,0.9997325102880659,0.0,0.0,2.0576131687242797e-05,0.00014403292181069957,0.002430555555555555,0.3,0.0,0.3,Loitering,Cargo
800007503,LOITER_BRA_00,VU,loiter,0.976065843621399,cargo,0.9999999715112219,0.00010288065843621399,0.0,0.0,0.009722222222222222,0.976065843621399,0.0,0.0044444444444444444,0.007020576131687243,0.0026440329218106995,0.002430555555555555,0.3,0.0,0.3,Loitering,Cargo
800007503,LOITER_BRA_00,VU,loiter,0.9655658436213992,cargo,0.9999999816639998,0.010658436213991769,0.0,0.0,0.0038888888888888883,0.9655658436213992,0.0,0.0033333333333333335,2.0576131687242797e-05,0.01653292181069959,0.002430555555555555,0.3,0.0,0.3,Loitering,Cargo
800007503,LOITER_BRA_00,VU,loiter,0.9988991769547325,cargo,0.9999999796303813,0.00010288065843621399,0.0,0.0,0.0,0.9988991769547325,0.0,0.0,2.0576131687242797e-05,0.0009773662551440328,0.002430555555555555,0.3,0.0,0.3,Loitering,Cargo
800007503,LOITER_BRA_00,VU,loiter,0.9952880658436213,cargo,0.9999999796304186,0.00010288065843621399,0.0,0.0,0.0022222222222222222,0.9952880658436213,0.0,0.0,0.002242798353909465,0.00014403292181069957,0.002430555555555555,0.3,0.0,0.3,Loitering,Cargo
800007503,LOITER_BRA_00,VU,loiter,0.9938991769547325,cargo,0.9999999796304186,0.00010288065843621399,0.0,0.0,0.0033333333333333335,0.9938991769547325,0.0025,0.0,2.0576131687242797e-05,0.00014403292181069957,0.002430555555555555,0.3,0.0,0.3,Loitering,Cargo
800007503,LOITER_BRA_00,VU,loiter,0.995843621399177,cargo,0.9999999796303813,0.0017695473251028808,0.0,0.0,0.0,0.995843621399177,0.0022222222222222222,0.0,2.0576131687242797e-05,0.00014403292181069957,0.002430555555555555,0.3,0.0,0.3,Loitering,Cargo
800007503,LOITER_BRA_00,VU,loiter,0.9997325102880659,cargo,0.9999999796303813,0.00010288065843621399,0.0,0.0,0.0,0.9997325102880659,0.0,0.0,2.0576131687242797e-05,0.00014403292181069957,0.002430555555555555,0.3,0.0,0.3,Loitering,Cargo
800007503,LOITER_BRA_00,VU,loiter,0.9997325102880659,cargo,0.9999999796303813,0.00010288065843621399,0.0,0.0,0.0,0.9997325102880659,0.0,0.0,2.0576131687242797e-05,0.00014403292181069957,0.002430555555555555,0.3,0.0,0.3,Loitering,Cargo
800007503,LOITER_BRA_00,VU,loiter,0.9897325102880659,cargo,0.9999999796303813,0.003436213991769547,0.0,0.0,0.0,0.9897325102880659,0.0,0.006666666666666667,2.0576131687242797e-05,0.00014403292181069957,0.002430555555555555,0.3,0.0,0.3,Loitering,Cargo
800007503,LOITER_BRA_00,VU,loiter,0.9980658436213992,cargo,0.9999999796303813,0.00010288065843621399,0.0,0.0,0.0,0.9980658436213992,0.0,0.0016666666666666668,2.0576131687242797e-05,0.00014403292181069957,0.002430555555555555,0.3,0.0,0.3,Loitering,Cargo
800007503,LOITER_BRA_00,VU,loiter,0.9997325102880659,cargo,0.9999999796303813,0.00010288065843621399,0.0,0.0,0.0,0.9997325102880659,0.0,0.0,2.0576131687242797e-05,0.00014403292181069957,0.002430555555555555,0.3,0.0,0.3,Loitering,Cargo
800007503,LOITER_BRA_00,VU,loiter,0.995843621399177,cargo,0.9999999796303813,0.003991769547325102,0.0,0.0,0.0,0.995843621399177,0.0,0.0,2.0576131687242797e-05,0.00014403292181069957,0.002430555555555555,0.3,0.0,0.3,Loitering,Cargo
800007503,LOITER_BRA_00,VU,loiter,0.9997325102880659,cargo,0.9999999796303813,0.00010288065843621399,0.0,0.0,0.0,0.9997325102880659,0.0,0.0,2.0576131687242797e-05,0.00014403292181069957,0.002430555555555555,0.3,0.0,0.3,Loitering,Cargo
800007503,LOITER_BRA_00,VU,loiter,0.9980658436213992,cargo,0.9999999796303813,0.0017695473251028808,0.0,0.0,0.0,0.9980658436213992,0.0,0.0,2.0576131687242797e-05,0.00014403292181069957,0.002430555555555555,0.3,0.0,0.3,Loitering,Cargo
800007503,LOITER_BRA_00,VU,loiter,0.9980658436213992,cargo,0.9999999796303813,0.0017695473251028808,0.0,0.0,0.0,0.9980658436213992,0.0,0.0,2.0576131687242797e-05,0.00014403292181069957,0.002430555555555555,0.3,0.0,0.3,Loitering,Cargo
800007503,LOITER_BRA_00,VU,loiter,0.9972325102880658,cargo,0.9999999796303813,0.002602880658436214,0.0,0.0,0.0,0.9972325102880658,0.0,0.0,2.0576131687242797e-05,0.00014403292181069957,0.002430555555555555,0.3,0.0,0.3,Loitering,Cargo
800007503,LOITER_BRA_00,VU,anchored,0.7876131815044859,cargo,0.9999999796540955,0.7876131815044859,0.014589371980676329,0.0,0.0034565217391304345,0.10071635610766046,0.0,0.061519323671497594,0.014499999999999999,0.01760524499654935,0.002430555555555555,0.3,0.0,0.3,Anchored/Moored,Cargo
800007503,LOITER_BRA_00,VU,anchored,0.989888888888889,cargo,0.9999999796573786,0.989888888888889,0.004166666666666667,0.0,0.0006666666666666668,0.0011111111111111111,0.0,0.004166666666666667,0.0,0.0,0.002430555555555555,0.3,0.0,0.3,Anchored/Moored,Cargo
800007503,LOITER_BRA_00,VU,anchored,0.991,cargo,0.9999999796670416,0.991,0.0033333333333333335,0.0,0.0006666666666666668,0.0011111111111111111,0.0,0.0038888888888888883,0.0,0.0,0.002430555555555555,0.3,0.0,0.3,Anchored/Moored,Cargo
800007503,LOITER_BRA_00,VU,anchored,0.9807777777777779,cargo,0.9999999796670416,0.9807777777777779,0.005,0.0,0.0,0.0011111111111111111,0.0,0.01111111111111111,0.0006666666666666668,0.0013333333333333335,0.002430555555555555,0.3,0.0,0.3,Anchored/Moored,Cargo
800007503,LOITER_BRA_00,VU,anchored,0.8893253968253968,cargo,0.9999999796637653,0.8893253968253968,0.03677777777777777,0.0,0.0,0.020444444444444446,0.0,0.03873015873015873,0.006666666666666667,0.008055555555555555,0.002430555555555555,0.3,0.0,0.3,Anchored/Moored,Cargo
800007503,LOITER_BRA_00,VU,loiter,0.8396213991769547,cargo,0.9999999796662105,0.1041028806584362,0.012777777777777779,0.0022222222222222222,0.0034722222222222216,0.8396213991769547,0.0,0.01411111111111111,2.0576131687242797e-05,0.02367181069958848,0.002430555555555555,0.3,0.0,0.3,Loitering,Cargo
800007503,LOITER_BRA_00,VU,loiter,0.9468991769547324,cargo,0.9999999796181533,0.027491769547325108,0.0008333333333333334,0.0,0.0022222222222222222,0.9468991769547324,0.0,0.01,0.0016872427983539095,0.010866255144032921,0.002430555555555555,0.3,0.0,0.3,Loitering,Cargo
800007503,LOITER_BRA_00,VU,loiter,0.9997325102880659,cargo,0.9999999796303813,0.00010288065843621399,0.0,0.0,0.0,0.9997325102880659,0.0,0.0,2.0576131687242797e-05,0.00014403292181069957,0.002430555555555555,0.3,0.0,0.3,Loitering,Cargo
800007503,LOITER_BRA_00,VU,loiter,0.9980658436213992,cargo,0.9999999796303813,0.00010288065843621399,0.0,0.0,0.0,0.9980658436213992,0.0,0.0,2.0576131687242797e-05,0.0018106995884773663,0.002430555555555555,0.3,0.0,0.3,Loitering,Cargo
800007503,LOITER_BRA_00,VU,loiter,0.9972325102880658,cargo,0.9999999816424071,0.00010288065843621399,0.0,0.0,0.0,0.9972325102880658,0.0025,0.0,2.0576131687242797e-05,0.00014403292181069957,0.002430555555555555,0.3,0.0,0.3,Loitering,Cargo
800007503,LOITER_BRA_00,VU,loiter,0.9919547325102879,cargo,0.9999999816424071,0.004547325102880658,0.0,0.0033333333333333335,0.0,0.9919547325102879,0.0,0.0,2.0576131687242797e-05,0.00014403292181069957,0.002430555555555555,0.3,0.0,0.3,Loitering,Cargo
800007503,LOITER_BRA_00,VU,loiter,0.9997325102880659,cargo,0.9999999796303813,0.00010288065843621399,0.0,0.0,0.0,0.9997325102880659,0.0,0.0,2.0576131687242797e-05,0.00014403292181069957,0.002430555555555555,0.3,0.0,0.3,Loitering,Cargo
800007503,LOITER_BRA_00,VU,loiter,0.9997325102880659,cargo,0.9999999796303813,0.00010288065843621399,0.0,0.0,0.0,0.9997325102880659,0.0,0.0,2.0576131687242797e-05,0.00014403292181069957,0.002430555555555555,0.3,0.0,0.3,Loitering,Cargo
800007503,LOITER_BRA_00,VU,loiter,0.9841769547325104,cargo,0.9999999796662105,0.00815843621399177,0.0,0.0,0.0,0.9841769547325104,0.0,0.0,2.0576131687242797e-05,0.007644032921810698,0.002430555555555555,0.3,0.0,0.3,Loitering,Cargo
800007503,LOITER_BRA_00,VU,loiter,0.9963991769547325,cargo,0.9999999796303813,0.00010288065843621399,0.0,0.0,0.0,0.9963991769547325,0.0,0.0,2.0576131687242797e-05,0.003477366255144033,0.002430555555555555,0.3,0.0,0.3,Loitering,Cargo
800007503,LOITER_BRA_00,VU,loiter,0.9997325102880659,cargo,0.9999999796303813,0.00010288065843621399,0.0,0.0,0.0,0.9997325102880659,0.0,0.0,2.0576131687242797e-05,0.00014403292181069957,0.002430555555555555,0.3,0.0,0.3,Loitering,Cargo
800007503,LOITER_BRA_00,VU,loiter,0.9997325102880659,cargo,0.9999999796303813,0.00010288065843621399,0.0,0.0,0.0,0.9997325102880659,0.0,0.0,2.0576131687242797e-05,0.00014403292181069957,0.002430555555555555,0.3,0.0,0.3,Loitering,Cargo
800007503,LOITER_BRA_00,VU,loiter,0.9997325102880659,cargo,0.9999999796303813,0.00010288065843621399,0.0,0.0,0.0,0.9997325102880659,0.0,0.0,2.0576131687242797e-05,0.00014403292181069957,0.002430555555555555,0.3,0.0,0.3,Loitering,Cargo
800007503,LOITER_BRA_00,VU,loiter,0.9963991769547325,cargo,0.9999999796303813,0.00010288065843621399,0.0,0.0,0.0,0.9963991769547325,0.0,0.0,2.0576131687242797e-05,0.003477366255144033,0.002430555555555555,0.3,0.0,0.3,Loitering,Cargo
800007503,LOITER_BRA_00,VU,loiter,0.8800856848912406,cargo,0.9999999263921394,0.004269547325102881,0.0,0.0,0.00936084142394822,0.8800856848912406,0.0011434735706580366,0.005,0.06674183518547057,0.03339861760357985,0.002430555555555555,0.3,0.0,0.3,Loitering,Cargo
800007503,LOITER_BRA_00,VU,transit,0.9933333333333333,cargo,0.9999996615367543,0.0016666666666666668,0.0,0.0,0.005,0.0,0.0,0.0,0.9933333333333333,0.0,0.002430555555555555,0.3,0.0,0.3,Transit,Cargo
800007503,LOITER_BRA_00,VU,transit,1.0,cargo,0.999999789316462,0.0,0.0,0.0,0.0,0.0,0.0,0.0,1.0,0.0,0.002430555555555555,0.3,0.0,0.3,Transit,Cargo
800007503,LOITER_BRA_00,VU,transit,1.0,cargo,0.9999999874233853,0.0,0.0,0.0,0.0,0.0,0.0,0.0,1.0,0.0,0.002430555555555555,0.3,0.0,0.3,Transit,Cargo
800007503,LOITER_BRA_00,VU,transit,1.0,cargo,0.9999999886382765,0.0,0.0,0.0,0.0,0.0,0.0,0.0,1.0,0.0,0.002430555555555555,0.3,0.0,0.3,Transit,Cargo
800007503,LOITER_BRA_00,VU,transit,1.0,cargo,0.9999999874233853,0.0,0.0,0.0,0.0,0.0,0.0,0.0,1.0,0.0,0.002430555555555555,0.3,0.0,0.3,Transit,Cargo
800007503,LOITER_BRA_00,VU,transit,1.0,cargo,0.9999999874233853,0.0,0.0,0.0,0.0,0.0,0.0,0.0,1.0,0.0,0.002430555555555555,0.3,0.0,0.3,Transit,Cargo
800007504,LOITER_BRA_01,CN,transit,0.9997411003236247,cargo,0.9999999863183495,0.0,0.0,0.0,0.0001941747572815534,0.0,3.2362459546925564e-05,0.0,0.9997411003236247,3.2362459546925564e-05,0.002430555555555555,0.0,0.0,0.002430555555555555,Transit,Cargo
800007504,LOITER_BRA_01,CN,transit,1.0,cargo,0.9999999863183495,0.0,0.0,0.0,0.0,0.0,0.0,0.0,1.0,0.0,0.002430555555555555,0.0,0.0,0.002430555555555555,Transit,Cargo
800007504,LOITER_BRA_01,CN,transit,1.0,cargo,0.9999999863183495,0.0,0.0,0.0,0.0,0.0,0.0,0.0,1.0,0.0,0.002430555555555555,0.0,0.0,0.002430555555555555,Transit,Cargo
800007504,LOITER_BRA_01,CN,transit,1.0,cargo,0.9999999863183495,0.0,0.0,0.0,0.0,0.0,0.0,0.0,1.0,0.0,0.002430555555555555,0.0,0.0,0.002430555555555555,Transit,Cargo
800007504,LOITER_BRA_01,CN,transit,1.0,cargo,0.9999999863183495,0.0,0.0,0.0,0.0,0.0,0.0,0.0,1.0,0.0,0.002430555555555555,0.0,0.0,0.002430555555555555,Transit,Cargo
800007504,LOITER_BRA_01,CN,transit,0.9689126984126983,cargo,0.9999999863183495,0.03108730158730158,0.0,0.0,0.0,0.0,0.0,0.0,0.9689126984126983,0.0,0.002430555555555555,0.0,0.0,0.002430555555555555,Transit,Cargo
800007504,LOITER_BRA_01,CN,transit,0.9746666666666668,cargo,0.9999999863291706,0.003666666666666667,0.0,0.0,0.0025396825396825397,0.0038888888888888883,0.0,0.014126984126984125,0.9746666666666668,0.0011111111111111111,0.002430555555555555,0.0,0.0,0.002430555555555555,Transit,Cargo
800007504,LOITER_BRA_01,CN,loiter,0.8079166666666666,cargo,0.9999999861968147,0.0,0.0,0.0009523809523809524,0.036500000000000005,0.8079166666666666,0.008333333333333333,0.009166666666666667,0.08780555555555557,0.04932539682539683,0.002430555555555555,0.0,0.0,0.002430555555555555,Loitering,Cargo
800007504,LOITER_BRA_01,CN,loiter,0.9581055261610817,cargo,0.999999985069207,0.00010288065843621399,0.003666666666666667,0.0009523809523809524,0.014166666666666666,0.9581055261610817,0.0,0.0044444444444444444,0.009409465020576132,0.009151969429747208,0.002430555555555555,0.0,0.0,0.002430555555555555,Loitering,Cargo
800007504,LOITER_BRA_01,CN,loiter,0.9997325102880659,cargo,0.9999999850486045,0.00010288065843621399,0.0,0.0,0.0,0.9997325102880659,0.0,0.0,2.0576131687242797e-05,0.00014403292181069957,0.002430555555555555,0.0,0.0,0.002430555555555555,Loitering,Cargo
800007504,LOITER_BRA_01,CN,loiter,0.9980658436213992,cargo,0.9999999850486045,0.0017695473251028808,0.0,0.0,0.0,0.9980658436213992,0.0,0.0,2.0576131687242797e-05,0.00014403292181069957,0.002430555555555555,0.0,0.0,0.002430555555555555,Loitering,Cargo
800007504,LOITER_BRA_01,CN,loiter,0.9980658436213992,cargo,0.9999999850459302,0.0017695473251028808,0.0,0.0,0.0,0.9980658436213992,0.0,0.0,2.0576131687242797e-05,0.00014403292181069957,0.002430555555555555,0.0,0.0,0.002430555555555555,Loitering,Cargo
800007504,LOITER_BRA_01,CN,loiter,0.9546769547325104,cargo,0.9999999850486045,0.030713991769547325,0.0,0.0022222222222222222,0.0,0.9546769547325104,0.0,0.008333333333333333,2.0576131687242797e-05,0.004032921810699588,0.002430555555555555,0.0,0.0,0.002430555555555555,Loitering,Cargo
800007504,LOITER_BRA_01,CN,loiter,0.9997325102880659,cargo,0.9999999850486045,0.00010288065843621399,0.0,0.0,0.0,0.9997325102880659,0.0,0.0,2.0576131687242797e-05,0.00014403292181069957,0.002430555555555555,0.0,0.0,0.002430555555555555,Loitering,Cargo
800007504,LOITER_BRA_01,CN,loiter,0.9980658436213992,cargo,0.9999999850486045,0.0017695473251028808,0.0,0.0,0.0,0.9980658436213992,0.0,0.0,2.0576131687242797e-05,0.00014403292181069957,0.002430555555555555,0.0,0.0,0.002430555555555555,Loitering,Cargo
800007504,LOITER_BRA_01,CN,loiter,0.9325817166372722,cargo,0.9999999850486045,0.02642034097589653,0.004166666666666667,0.0027777777777777775,0.0027777777777777775,0.9325817166372722,0.0,0.012499999999999999,0.004853909465020576,0.013921810699588477,0.002430555555555555,0.0,0.0,0.002430555555555555,Loitering,Cargo
800007504,LOITER_BRA_01,CN,loiter,0.995843621399177,cargo,0.9999999850486045,0.003991769547325103,0.0,0.0,0.0,0.995843621399177,0.0,0.0,2.0576131687242797e-05,0.00014403292181069957,0.002430555555555555,0.0,0.0,0.002430555555555555,Loitering,Cargo
800007504,LOITER_BRA_01,CN,loiter,0.9997325102880659,cargo,0.9999999850459302,0.00010288065843621399,0.0,0.0,0.0,0.9997325102880659,0.0,0.0,2.0576131687242797e-05,0.00014403292181069957,0.002430555555555555,0.0,0.0,0.002430555555555555,Loitering,Cargo
800007504,LOITER_BRA_01,CN,loiter,0.9986213991769546,cargo,0.9999999850459302,0.001213991769547325,0.0,0.0,0.0,0.9986213991769546,0.0,0.0,2.0576131687242797e-05,0.00014403292181069957,0.002430555555555555,0.0,0.0,0.002430555555555555,Loitering,Cargo
800007504,LOITER_BRA_01,CN,loiter,0.9997325102880659,cargo,0.9999999850459302,0.00010288065843621399,0.0,0.0,0.0,0.9997325102880659,0.0,0.0,2.0576131687242797e-05,0.00014403292181069957,0.002430555555555555,0.0,0.0,0.002430555555555555,Loitering,Cargo
800007504,LOITER_BRA_01,CN,loiter,0.9972325102880658,cargo,0.9999999850459302,0.00010288065843621399,0.0,0.0,0.0,0.9972325102880658,0.0025,0.0,2.0576131687242797e-05,0.00014403292181069957,0.002430555555555555,0.0,0.0,0.002430555555555555,Loitering,Cargo
800007504,LOITER_BRA_01,CN,loiter,0.9997325102880659,cargo,0.9999999850459302,0.00010288065843621399,0.0,0.0,0.0,0.9997325102880659,0.0,0.0,2.0576131687242797e-05,0.00014403292181069957,0.002430555555555555,0.0,0.0,0.002430555555555555,Loitering,Cargo
800007504,LOITER_BRA_01,CN,loiter,0.9863991769547324,cargo,0.9999999850459351,0.00010288065843621399,0.0016666666666666668,0.0,0.010555555555555556,0.9863991769547324,0.0,0.0,2.0576131687242797e-05,0.0012551440329218108,0.002430555555555555,0.0,0.0,0.002430555555555555,Loitering,Cargo
800007504,LOITER_BRA_01,CN,loiter,0.9891769547325102,cargo,0.9999999850459351,0.003991769547325103,0.0016666666666666668,0.0,0.005,0.9891769547325102,0.0,0.0,2.0576131687242797e-05,0.00014403292181069957,0.002430555555555555,0.0,0.0,0.002430555555555555,Loitering,Cargo
800007504,LOITER_BRA_01,CN,loiter,0.9760658436213989,cargo,0.9999999850459302,0.01804732510288066,0.0,0.0,0.0035,0.9760658436213989,0.0,0.0022222222222222222,2.0576131687242797e-05,0.00014403292181069957,0.002430555555555555,0.0,0.0,0.002430555555555555,Loitering,Cargo
800007504,LOITER_BRA_01,CN,loiter,0.7835261610817168,cargo,0.9999999850486045,0.14062669018224572,0.010388888888888888,0.010238095238095237,0.0025,0.7835261610817168,0.0,0.041999999999999996,0.005020576131687243,0.005699588477366254,0.002430555555555555,0.0,0.0,0.002430555555555555,Loitering,Cargo
800007504,LOITER_BRA_01,CN,loiter,0.9946213991769546,cargo,0.9999999850459302,0.004547325102880658,0.0,0.0,0.0006666666666666668,0.9946213991769546,0.0,0.0,2.0576131687242797e-05,0.00014403292181069957,0.002430555555555555,0.0,0.0,0.002430555555555555,Loitering,Cargo
800007504,LOITER_BRA_01,CN,loiter,0.9913991769547323,cargo,0.9999999850459302,0.008436213991769545,0.0,0.0,0.0,0.9913991769547323,0.0,0.0,2.0576131687242797e-05,0.00014403292181069957,0.002430555555555555,0.0,0.0,0.002430555555555555,Loitering,Cargo
800007504,LOITER_BRA_01,CN,anchored,0.7314523809523806,cargo,0.9999999850459302,0.7314523809523806,0.005833333333333334,0.0,0.0033333333333333335,0.2171587301587302,0.0,0.037222222222222226,0.003055555555555555,0.0019444444444444442,0.002430555555555555,0.0,0.0,0.002430555555555555,Anchored/Moored,Cargo
800007504,LOITER_BRA_01,CN,anchored,0.9528888888888891,cargo,0.999999985013361,0.9528888888888891,0.0025,0.0016666666666666668,0.0,0.011555555555555557,0.0,0.029722222222222226,0.0016666666666666668,0.0,0.002430555555555555,0.0,0.0,0.002430555555555555,Anchored/Moored,Cargo
800007504,LOITER_BRA_01,CN,anchored,0.9512222222222223,cargo,0.999999985013361,0.9512222222222223,0.0075,0.0,0.0,0.00988888888888889,0.0,0.028888888888888888,0.0025,0.0,0.002430555555555555,0.0,0.0,0.002430555555555555,Anchored/Moored,Cargo
800007504,LOITER_BRA_01,CN,anchored,0.9492777777777779,cargo,0.999999985013361,0.9492777777777779,0.0,0.0,0.0,0.00988888888888889,0.0,0.036666666666666674,0.004166666666666667,0.0,0.002430555555555555,0.0,0.0,0.002430555555555555,Anchored/Moored,Cargo
800007504,LOITER_BRA_01,CN,anchored,0.8532380952380952,cargo,0.9999999850486045,0.8532380952380952,0.011666666666666665,0.0,0.0027777777777777775,0.04989682539682539,0.0,0.07992063492063492,0.0016666666666666668,0.0008333333333333334,0.002430555555555555,0.0,0.0,0.002430555555555555,Anchored/Moored,Cargo
800007504,LOITER_BRA_01,CN,loiter,0.9223012933568489,cargo,0.9999999850486045,0.046325102880658435,0.0033333333333333335,0.0016666666666666668,0.007222222222222222,0.9223012933568489,0.0,0.009523809523809525,2.0576131687242797e-05,0.009606995884773664,0.002430555555555555,0.0,0.0,0.002430555555555555,Loitering,Cargo
800007504,LOITER_BRA_01,CN,loiter,0.9997325102880659,cargo,0.9999999850459302,0.00010288065843621399,0.0,0.0,0.0,0.9997325102880659,0.0,0.0,2.0576131687242797e-05,0.00014403292181069957,0.002430555555555555,0.0,0.0,0.002430555555555555,Loitering,Cargo
800007504,LOITER_BRA_01,CN,loiter,0.9958436213991768,cargo,0.9999999850459302,0.003991769547325102,0.0,0.0,0.0,0.9958436213991768,0.0,0.0,2.0576131687242797e-05,0.00014403292181069957,0.002430555555555555,0.0,0.0,0.002430555555555555,Loitering,Cargo
800007504,LOITER_BRA_01,CN,loiter,0.9975102880658435,cargo,0.9999999850459302,0.0023251028806584363,0.0,0.0,0.0,0.9975102880658435,0.0,0.0,2.0576131687242797e-05,0.00014403292181069957,0.002430555555555555,0.0,0.0,0.002430555555555555,Loitering,Cargo
800007504,LOITER_BRA_01,CN,loiter,0.9988991769547325,cargo,0.9999999850459302,0.00010288065843621399,0.0,0.0,0.0008333333333333334,0.9988991769547325,0.0,0.0,2.0576131687242797e-05,0.00014403292181069957,0.002430555555555555,0.0,0.0,0.002430555555555555,Loitering,Cargo
800007504,LOITER_BRA_01,CN,loiter,0.9980658436213992,cargo,0.9999999850459302,0.0017695473251028808,0.0,0.0,0.0,0.9980658436213992,0.0,0.0,2.0576131687242797e-05,0.00014403292181069957,0.002430555555555555,0.0,0.0,0.002430555555555555,Loitering,Cargo
800007504,LOITER_BRA_01,CN,loiter,0.9546769547325101,cargo,0.9999999850459302,0.02754732510288066,0.0025,0.005,0.005,0.9546769547325101,0.0,0.0033333333333333335,2.0576131687242797e-05,0.0019218106995884771,0.002430555555555555,0.0,0.0,0.002430555555555555,Loitering,Cargo
800007504,LOITER_BRA_01,CN,loiter,0.988954732510288,cargo,0.9999999850459302,0.008102880658436213,0.0,0.0,0.0,0.988954732510288,0.0,0.0027777777777777775,2.0576131687242797e-05,0.00014403292181069957,0.002430555555555555,0.0,0.0,0.002430555555555555,Loitering,Cargo
800007504,LOITER_BRA_01,CN,loiter,0.9916769547325102,cargo,0.9999999850459302,0.00815843621399177,0.0,0.0,0.0,0.9916769547325102,0.0,0.0,2.0576131687242797e-05,0.00014403292181069957,0.002430555555555555,0.0,0.0,0.002430555555555555,Loitering,Cargo
800007504,LOITER_BRA_01,CN,loiter,0.9997325102880659,cargo,0.9999999850459302,0.00010288065843621399,0.0,0.0,0.0,0.9997325102880659,0.0,0.0,2.0576131687242797e-05,0.00014403292181069957,0.002430555555555555,0.0,0.0,0.002430555555555555,Loitering,Cargo
800007504,LOITER_BRA_01,CN,loiter,0.9980658436213992,cargo,0.9999999850459302,0.0017695473251028808,0.0,0.0,0.0,0.9980658436213992,0.0,0.0,2.0576131687242797e-05,0.00014403292181069957,0.002430555555555555,0.0,0.0,0.002430555555555555,Loitering,Cargo
800007504,LOITER_BRA_01,CN,loiter,0.9997325102880659,cargo,0.9999999850459302,0.00010288065843621399,0.0,0.0,0.0,0.9997325102880659,0.0,0.0,2.0576131687242797e-05,0.00014403292181069957,0.002430555555555555,0.0,0.0,0.002430555555555555,Loitering,Cargo
800007504,LOITER_BRA_01,CN,loiter,0.9997325102880659,cargo,0.9999999850459302,0.00010288065843621399,0.0,0.0,0.0,0.9997325102880659,0.0,0.0,2.0576131687242797e-05,0.00014403292181069957,0.002430555555555555,0.0,0.0,0.002430555555555555,Loitering,Cargo
800007504,LOITER_BRA_01,CN,loiter,0.9997325102880659,cargo,0.9999999850459302,0.00010288065843621399,0.0,0.0,0.0,0.9997325102880659,0.0,0.0,2.0576131687242797e-05,0.00014403292181069957,0.002430555555555555,0.0,0.0,0.002430555555555555,Loitering,Cargo
800007504,LOITER_BRA_01,CN,loiter,0.9005023515579073,cargo,0.9999999850555101,0.012602880658436212,0.0,0.0,0.01472222222222222,0.9005023515579073,0.005277777777777778,0.0016666666666666668,0.05325073486184597,0.011977366255144034,0.002430555555555555,0.0,0.0,0.002430555555555555,Loitering,Cargo
800007504,LOITER_BRA_01,CN,transit,0.9764444444444444,cargo,0.9999999863311206,0.014666666666666668,0.0011111111111111111,0.0,0.0,0.0,0.0,0.007777777777777777,0.9764444444444444,0.0,0.002430555555555555,0.0,0.0,0.002430555555555555,Transit,Cargo
800007504,LOITER_BRA_01,CN,transit,1.0,cargo,0.9999999863183495,0.0,0.0,0.0,0.0,0.0,0.0,0.0,1.0,0.0,0.002430555555555555,0.0,0.0,0.002430555555555555,Transit,Cargo
800007504,LOITER_BRA_01,CN,transit,1.0,cargo,0.9999999863183495,0.0,0.0,0.0,0.0,0.0,0.0,0.0,1.0,0.0,0.002430555555555555,0.0,0.0,0.002430555555555555,Transit,Cargo
800007504,LOITER_BRA_01,CN,transit,1.0,cargo,0.9999999863183495,0.0,0.0,0.0,0.0,0.0,0.0,0.0,1.0,0.0,0.002430555555555555,0.0,0.0,0.002430555555555555,Transit,Cargo
800007504,LOITER_BRA_01,CN,transit,0.9997411003236247,cargo,0.9999999863183486,0.0,0.0,0.0,0.0001941747572815534,0.0,3.2362459546925564e-05,0.0,0.9997411003236247,3.2362459546925564e-05,0.002430555555555555,0.0,0.0,0.002430555555555555,Transit,Cargo
800007504,LOITER_BRA_01,CN,transit,1.0,cargo,0.9999999863183495,0.0,0.0,0.0,0.0,0.0,0.0,0.0,1.0,0.0,0.002430555555555555,0.0,0.0,0.002430555555555555,Transit,Cargo
800007505,LOITER_BRA_02,ES,transit,1.0,cargo,0.9999999865028077,0.0,0.0,0.0,0.0,0.0,0.0,0.0,1.0,0.0,0.002430555555555555,0.0,0.0,0.002430555555555555,Transit,Cargo
800007505,LOITER_BRA_02,ES,transit,1.0,cargo,0.9999999865028077,0.0,0.0,0.0,0.0,0.0,0.0,0.0,1.0,0.0,0.002430555555555555,0.0,0.0,0.002430555555555555,Transit,Cargo
800007505,LOITER_BRA_02,ES,transit,1.0,cargo,0.9999999865047466,0.0,0.0,0.0,0.0,0.0,0.0,0.0,1.0,0.0,0.002430555555555555,0.0,0.0,0.002430555555555555,Transit,Cargo
800007505,LOITER_BRA_02,ES,transit,1.0,cargo,0.9999999865027975,0.0,0.0,0.0,0.0,0.0,0.0,0.0,1.0,0.0,0.002430555555555555,0.0,0.0,0.002430555555555555,Transit,Cargo
800007505,LOITER_BRA_02,ES,transit,1.0,cargo,0.9999999865027975,0.0,0.0,0.0,0.0,0.0,0.0,0.0,1.0,0.0,0.002430555555555555,0.0,0.0,0.002430555555555555,Transit,Cargo
800007505,LOITER_BRA_02,ES,transit,1.0,cargo,0.9999999865028077,0.0,0.0,0.0,0.0,0.0,0.0,0.0,1.0,0.0,0.002430555555555555,0.0,0.0,0.002430555555555555,Transit,Cargo
800007505,LOITER_BRA_02,ES,transit,0.9155277777777778,cargo,0.9999999866164706,0.03138888888888889,0.0,0.0,0.008706349206349207,0.004999999999999999,0.0033333333333333335,0.03126587301587302,0.9155277777777778,0.0047777777777777775,0.002430555555555555,0.0,0.0,0.002430555555555555,Transit,Cargo
800007505,LOITER_BRA_02,ES,loiter,0.7469166666666667,cargo,0.9999999865012248,0.0027777777777777775,0.0,0.0,0.012860841423948222,0.7469166666666667,0.003365695792880259,0.016111111111111114,0.09888792572044998,0.11907998150716596,0.002430555555555555,0.0,0.0,0.002430555555555555,Loitering,Cargo
800007505,LOITER_BRA_02,ES,loiter,0.9462880658436215,cargo,0.9999999653579669,0.0017695473251028808,0.0,0.0,0.012222222222222221,0.9462880658436215,0.0,0.0022222222222222222,0.0036316872427983537,0.03386625514403292,0.002430555555555555,0.0,0.0,0.002430555555555555,Loitering,Cargo
800007505,LOITER_BRA_02,ES,loiter,0.9997325102880659,cargo,0.9999999721226401,0.00010288065843621399,0.0,0.0,0.0,0.9997325102880659,0.0,0.0,2.0576131687242797e-05,0.00014403292181069957,0.002430555555555555,0.0,0.0,0.002430555555555555,Loitering,Cargo
800007505,LOITER_BRA_02,ES,loiter,0.9969547325102879,cargo,0.9999999721226401,0.0028806584362139915,0.0,0.0,0.0,0.9969547325102879,0.0,0.0,2.0576131687242797e-05,0.00014403292181069957,0.002430555555555555,0.0,0.0,0.002430555555555555,Loitering,Cargo
800007505,LOITER_BRA_02,ES,loiter,0.9455102880658435,cargo,0.9999999721226401,0.028769547325102878,0.0,0.0033333333333333335,0.005,0.9455102880658435,0.0,0.0033333333333333335,2.0576131687242797e-05,0.01403292181069959,0.002430555555555555,0.0,0.0,0.002430555555555555,Loitering,Cargo
800007505,LOITER_BRA_02,ES,loiter,0.9816055261610818,cargo,0.9999999721226401,0.007880658436213989,0.0,0.0,0.0027777777777777775,0.9816055261610818,0.0,0.0011111111111111111,2.0576131687242797e-05,0.006604350382128159,0.002430555555555555,0.0,0.0,0.002430555555555555,Loitering,Cargo
800007505,LOITER_BRA_02,ES,loiter,0.9930658436213992,cargo,0.9999999721226401,0.00010288065843621399,0.0,0.0,0.0033333333333333335,0.9930658436213992,0.0,0.0,2.0576131687242797e-05,0.003477366255144033,0.002430555555555555,0.0,0.0,0.002430555555555555,Loitering,Cargo
800007505,LOITER_BRA_02,ES,loiter,0.9841769547325102,cargo,0.9999999721226401,0.005658436213991769,0.0,0.0,0.006666666666666667,0.9841769547325102,0.0,0.0,2.0576131687242797e-05,0.003477366255144033,0.002430555555555555,0.0,0.0,0.002430555555555555,Loitering,Cargo
800007505,LOITER_BRA_02,ES,loiter,0.9894944150499706,cargo,0.9999999721226401,0.005102880658436213,0.0,0.0,0.0016666666666666668,0.9894944150499706,0.0,0.0,2.0576131687242797e-05,0.003715461493239271,0.002430555555555555,0.0,0.0,0.002430555555555555,Loitering,Cargo
800007505,LOITER_BRA_02,ES,loiter,0.9765102880658435,cargo,0.9999999721226401,0.00954732510288066,0.0,0.0033333333333333335,0.0,0.9765102880658435,0.0,0.0027777777777777775,2.0576131687242797e-05,0.007810699588477367,0.002430555555555555,0.0,0.0,0.002430555555555555,Loitering,Cargo
800007505,LOITER_BRA_02,ES,loiter,0.9980658436213992,cargo,0.9999999721226401,0.0017695473251028808,0.0,0.0,0.0,0.9980658436213992,0.0,0.0,2.0576131687242797e-05,0.00014403292181069957,0.002430555555555555,0.0,0.0,0.002430555555555555,Loitering,Cargo
800007505,LOITER_BRA_02,ES,loiter,0.9997325102880659,cargo,0.9999999721226401,0.00010288065843621399,0.0,0.0,0.0,0.9997325102880659,0.0,0.0,2.0576131687242797e-05,0.00014403292181069957,0.002430555555555555,0.0,0.0,0.002430555555555555,Loitering,Cargo
800007505,LOITER_BRA_02,ES,loiter,0.997470605526161,cargo,0.9999999721226401,0.00010288065843621399,0.0,0.0,0.0008333333333333334,0.997470605526161,0.0,0.0,2.0576131687242797e-05,0.001572604350382128,0.002430555555555555,0.0,0.0,0.002430555555555555,Loitering,Cargo
800007505,LOITER_BRA_02,ES,loiter,0.7974465148378191,cargo,0.999999971815475,0.08288302277432713,0.006811594202898551,0.0044444444444444444,0.004900966183574879,0.7974465148378191,0.0,0.05163043478260869,0.012222222222222223,0.0396608005521049,0.002430555555555555,0.0,0.0,0.002430555555555555,Loitering,Cargo
800007505,LOITER_BRA_02,ES,loiter,0.9895658436213991,cargo,0.9999999721226401,0.003436213991769547,0.0,0.0,0.002666666666666667,0.9895658436213991,0.0,0.004166666666666667,2.0576131687242797e-05,0.00014403292181069957,0.002430555555555555,0.0,0.0,0.002430555555555555,Loitering,Cargo
800007505,LOITER_BRA_02,ES,loiter,0.9761213991769546,cargo,0.9999999721226401,0.016213991769547326,0.0008333333333333334,0.0,0.0033333333333333335,0.9761213991769546,0.0,0.0,2.0576131687242797e-05,0.003477366255144033,0.002430555555555555,0.0,0.0,0.002430555555555555,Loitering,Cargo
800007505,LOITER_BRA_02,ES,loiter,0.9613991769547325,cargo,0.9999999721226401,0.030102880658436214,0.0,0.0,0.0033333333333333335,0.9613991769547325,0.0,0.004166666666666667,2.0576131687242797e-05,0.0009773662551440328,0.002430555555555555,0.0,0.0,0.002430555555555555,Loitering,Cargo
800007505,LOITER_BRA_02,ES,loiter,0.9997325102880659,cargo,0.9999999721226401,0.00010288065843621399,0.0,0.0,0.0,0.9997325102880659,0.0,0.0,2.0576131687242797e-05,0.00014403292181069957,0.002430555555555555,0.0,0.0,0.002430555555555555,Loitering,Cargo
800007505,LOITER_BRA_02,ES,loiter,0.9980658436213992,cargo,0.9999999721226401,0.00010288065843621399,0.0,0.0,0.0016666666666666668,0.9980658436213992,0.0,0.0,2.0576131687242797e-05,0.00014403292181069957,0.002430555555555555,0.0,0.0,0.002430555555555555,Loitering,Cargo
800007505,LOITER_BRA_02,ES,loiter,0.9997325102880659,cargo,0.9999999721226401,0.00010288065843621399,0.0,0.0,0.0,0.9997325102880659,0.0,0.0,2.0576131687242797e-05,0.00014403292181069957,0.002430555555555555,0.0,0.0,0.002430555555555555,Loitering,Cargo
800007505,LOITER_BRA_02,ES,loiter,0.9972325102880658,cargo,0.9999999721226401,0.002602880658436214,0.0,0.0,0.0,0.9972325102880658,0.0,0.0,2.0576131687242797e-05,0.00014403292181069957,0.002430555555555555,0.0,0.0,0.002430555555555555,Loitering,Cargo
800007505,LOITER_BRA_02,ES,anchored,0.717428277483833,cargo,0.9999999720195004,0.717428277483833,0.0,0.0,0.0031666666666666666,0.26485155790711346,0.0,0.010777777777777778,0.0027983539094650206,0.0009773662551440328,0.002430555555555555,0.0,0.0,0.002430555555555555,Anchored/Moored,Cargo
800007505,LOITER_BRA_02,ES,anchored,0.9250396825396825,cargo,0.9999999718781937,0.9250396825396825,0.0027777777777777775,0.0016666666666666668,0.0,0.008293650793650794,0.0,0.05561111111111111,0.0041111111111111105,0.0025,0.002430555555555555,0.0,0.0,0.002430555555555555,Anchored/Moored,Cargo
800007505,LOITER_BRA_02,ES,anchored,0.9596666666666668,cargo,0.9999999718781937,0.9596666666666668,0.006388888888888888,0.0,0.0,0.0019444444444444442,0.0,0.0295,0.0016666666666666668,0.0008333333333333334,0.002430555555555555,0.0,0.0,0.002430555555555555,Anchored/Moored,Cargo
800007505,LOITER_BRA_02,ES,anchored,0.9878888888888889,cargo,0.9999999717969003,0.9878888888888889,0.009333333333333332,0.0,0.0,0.0,0.0,0.0027777777777777775,0.0,0.0,0.002430555555555555,0.0,0.0,0.002430555555555555,Anchored/Moored,Cargo
800007505,LOITER_BRA_02,ES,anchored,0.8599362139917694,cargo,0.9999999720218326,0.8599362139917694,0.021111111111111112,0.0027777777777777775,0.0,0.0828991769547325,0.0,0.025055555555555557,2.0576131687242797e-05,0.008199588477366255,0.002430555555555555,0.0,0.0,0.002430555555555555,Anchored/Moored,Cargo
800007505,LOITER_BRA_02,ES,loiter,0.9487880658436215,cargo,0.9999999721226401,0.03576954732510288,0.0,0.0,0.006666666666666667,0.9487880658436215,0.0,0.0027777777777777775,2.0576131687242797e-05,0.005977366255144033,0.002430555555555555,0.0,0.0,0.002430555555555555,Loitering,Cargo
800007505,LOITER_BRA_02,ES,loiter,0.9909547325102881,cargo,0.9999999721226401,0.005547325102880658,0.0,0.0011111111111111111,0.0,0.9909547325102881,0.0,0.0,2.0576131687242797e-05,0.0023662551440329217,0.002430555555555555,0.0,0.0,0.002430555555555555,Loitering,Cargo
800007505,LOITER_BRA_02,ES,loiter,0.9980658436213992,cargo,0.9999999610730965,0.00010288065843621399,0.0,0.0,0.0016666666666666668,0.9980658436213992,0.0,0.0,2.0576131687242797e-05,0.00014403292181069957,0.002430555555555555,0.0,0.0,0.002430555555555555,Loitering,Cargo
800007505,LOITER_BRA_02,ES,loiter,0.9986213991769548,cargo,0.9999999721226401,0.00010288065843621399,0.0,0.0,0.0,0.9986213991769548,0.0,0.0,2.0576131687242797e-05,0.0012551440329218108,0.002430555555555555,0.0,0.0,0.002430555555555555,Loitering,Cargo
800007505,LOITER_BRA_02,ES,loiter,0.9988991769547325,cargo,0.9999999721226401,0.00010288065843621399,0.0,0.0,0.0008333333333333334,0.9988991769547325,0.0,0.0,2.0576131687242797e-05,0.00014403292181069957,0.002430555555555555,0.0,0.0,0.002430555555555555,Loitering,Cargo
800007505,LOITER_BRA_02,ES,loiter,0.9975102880658435,cargo,0.9999999721226401,0.00010288065843621399,0.0,0.0,0.0022222222222222222,0.9975102880658435,0.0,0.0,2.0576131687242797e-05,0.00014403292181069957,0.002430555555555555,0.0,0.0,0.002430555555555555,Loitering,Cargo
800007505,LOITER_BRA_02,ES,loiter,0.9157544741123553,cargo,0.9999999610945292,0.00010288065843621399,0.0,0.0,0.028478036175710594,0.9157544741123553,0.0,0.015277777777777777,0.03524279835390946,0.005144032921810699,0.002430555555555555,0.0,0.0,0.002430555555555555,Loitering,Cargo
800007505,LOITER_BRA_02,ES,loiter,0.9838991769547325,cargo,0.9999999610730965,0.0023251028806584363,0.0,0.0,0.0061111111111111106,0.9838991769547325,0.0,0.0,2.0576131687242797e-05,0.007644032921810698,0.002430555555555555,0.0,0.0,0.002430555555555555,Loitering,Cargo
800007505,LOITER_BRA_02,ES,loiter,0.9636213991769548,cargo,0.9999999720195004,0.003991769547325103,0.0,0.0011111111111111111,0.0,0.9636213991769548,0.0,0.005,0.0033539094650205763,0.022921810699588478,0.002430555555555555,0.0,0.0,0.002430555555555555,Loitering,Cargo
800007505,LOITER_BRA_02,ES,loiter,0.9963991769547325,cargo,0.9999999721226401,0.003436213991769547,0.0,0.0,0.0,0.9963991769547325,0.0,0.0,2.0576131687242797e-05,0.00014403292181069957,0.002430555555555555,0.0,0.0,0.002430555555555555,Loitering,Cargo
800007505,LOITER_BRA_02,ES,loiter,0.9975102880658435,cargo,0.9999999721226401,0.0023251028806584363,0.0,0.0,0.0,0.9975102880658435,0.0,0.0,2.0576131687242797e-05,0.00014403292181069957,0.002430555555555555,0.0,0.0,0.002430555555555555,Loitering,Cargo
800007505,LOITER_BRA_02,ES,loiter,0.9156584362139917,cargo,0.9999999721226401,0.040158436213991774,0.010777777777777778,0.0,0.003,0.9156584362139917,0.0,0.01111111111111111,2.0576131687242797e-05,0.01927366255144033,0.002430555555555555,0.0,0.0,0.002430555555555555,Loitering,Cargo
800007505,LOITER_BRA_02,ES,loiter,0.971065843621399,cargo,0.9999999721226401,0.0072139917695473255,0.0,0.0,0.0,0.971065843621399,0.0,0.0,2.0576131687242797e-05,0.021699588477366253,0.002430555555555555,0.0,0.0,0.002430555555555555,Loitering,Cargo
800007505,LOITER_BRA_02,ES,loiter,0.9942880658436214,cargo,0.9999999721226401,0.005547325102880658,0.0,0.0,0.0,0.9942880658436214,0.0,0.0,2.0576131687242797e-05,0.00014403292181069957,0.002430555555555555,0.0,0.0,0.002430555555555555,Loitering,Cargo
800007505,LOITER_BRA_02,ES,loiter,0.8091372721928278,cargo,0.9999999781217039,0.04110288065843621,0.0011111111111111111,0.002666666666666667,0.007611111111111111,0.8091372721928278,0.006666666666666667,0.0,0.1174650205761317,0.014239271017048794,0.002430555555555555,0.0,0.0,0.002430555555555555,Loitering,Cargo
800007505,LOITER_BRA_02,ES,transit,0.9927777777777779,cargo,0.9999999791070668,0.0038888888888888883,0.0,0.0,0.0014285714285714286,0.0,0.0,0.0019047619047619048,0.9927777777777779,0.0,0.002430555555555555,0.0,0.0,0.002430555555555555,Transit,Cargo
800007505,LOITER_BRA_02,ES,transit,1.0,cargo,0.9999999865028077,0.0,0.0,0.0,0.0,0.0,0.0,0.0,1.0,0.0,0.002430555555555555,0.0,0.0,0.002430555555555555,Transit,Cargo
800007505,LOITER_BRA_02,ES,transit,1.0,cargo,0.9999999865028077,0.0,0.0,0.0,0.0,0.0,0.0,0.0,1.0,0.0,0.002430555555555555,0.0,0.0,0.002430555555555555,Transit,Cargo
800007505,LOITER_BRA_02,ES,transit,1.0,cargo,0.9999999865028077,0.0,0.0,0.0,0.0,0.0,0.0,0.0,1.0,0.0,0.002430555555555555,0.0,0.0,0.002430555555555555,Transit,Cargo
800007505,LOITER_BRA_02,ES,transit,1.0,cargo,0.9999999865027975,0.0,0.0,0.0,0.0,0.0,0.0,0.0,1.0,0.0,0.002430555555555555,0.0,0.0,0.002430555555555555,Transit,Cargo
800007505,LOITER_BRA_02,ES,transit,1.0,cargo,0.9999999865027975,0.0,0.0,0.0,0.0,0.0,0.0,0.0,1.0,0.0,0.002430555555555555,0.0,0.0,0.002430555555555555,Transit,Cargo
800007506,LOITER_BRA_03,PA,transit,1.0,cargo,0.9999999863183953,0.0,0.0,0.0,0.0,0.0,0.0,0.0,1.0,0.0,0.002430555555555555,0.3,0.0,0.3,Transit,Cargo
800007506,LOITER_BRA_03,PA,transit,0.9997411003236247,cargo,0.9999999863183953,0.0,0.0,0.0,0.0001941747572815534,0.0,3.2362459546925564e-05,0.0,0.9997411003236247,3.2362459546925564e-05,0.002430555555555555,0.3,0.0,0.3,Transit,Cargo
800007506,LOITER_BRA_03,PA,transit,1.0,cargo,0.9999999863183953,0.0,0.0,0.0,0.0,0.0,0.0,0.0,1.0,0.0,0.002430555555555555,0.3,0.0,0.3,Transit,Cargo
800007506,LOITER_BRA_03,PA,transit,0.9997411003236247,cargo,0.9999999863183953,0.0,0.0,0.0,0.0001941747572815534,0.0,3.2362459546925564e-05,0.0,0.9997411003236247,3.2362459546925564e-05,0.002430555555555555,0.3,0.0,0.3,Transit,Cargo
800007506,LOITER_BRA_03,PA,transit,1.0,cargo,0.9999999863183953,0.0,0.0,0.0,0.0,0.0,0.0,0.0,1.0,0.0,0.002430555555555555,0.3,0.0,0.3,Transit,Cargo
800007506,LOITER_BRA_03,PA,transit,0.9955555555555554,cargo,0.9999999863183953,0.0033333333333333335,0.0,0.0,0.0,0.0,0.0,0.0011111111111111111,0.9955555555555554,0.0,0.002430555555555555,0.3,0.0,0.3,Transit,Cargo
800007506,LOITER_BRA_03,PA,transit,0.9741666666666666,cargo,0.9999999863291706,0.005,0.0,0.0,0.006388888888888888,0.011666666666666667,0.0016666666666666668,0.0,0.9741666666666666,0.0011111111111111111,0.002430555555555555,0.3,0.0,0.3,Transit,Cargo
800007506,LOITER_BRA_03,PA,loiter,0.7502619047619047,cargo,0.9999999861994753,0.0013888888888888887,0.0,0.0,0.030888888888888886,0.7502619047619047,0.018333333333333333,0.002333333333333333,0.12714285714285714,0.06965079365079364,0.002430555555555555,0.3,0.0,0.3,Loitering,Cargo
800007506,LOITER_BRA_03,PA,loiter,0.9411769547325101,cargo,0.9999999850440169,0.00010288065843621399,0.0,0.0,0.017833333333333333,0.9411769547325101,0.0033333333333333335,0.0022222222222222222,0.009465020576131687,0.025866255144032922,0.002430555555555555,0.3,0.0,0.3,Loitering,Cargo
800007506,LOITER_BRA_03,PA,loiter,0.9997325102880659,cargo,0.9999999850459302,0.00010288065843621399,0.0,0.0,0.0,0.9997325102880659,0.0,0.0,2.0576131687242797e-05,0.00014403292181069957,0.002430555555555555,0.3,0.0,0.3,Loitering,Cargo
800007506,LOITER_BRA_03,PA,loiter,0.9997325102880659,cargo,0.9999999850459302,0.00010288065843621399,0.0,0.0,0.0,0.9997325102880659,0.0,0.0,2.0576131687242797e-05,0.00014403292181069957,0.002430555555555555,0.3,0.0,0.3,Loitering,Cargo
800007506,LOITER_BRA_03,PA,loiter,0.9997325102880659,cargo,0.9999999850459302,0.00010288065843621399,0.0,0.0,0.0,0.9997325102880659,0.0,0.0,2.0576131687242797e-05,0.00014403292181069957,0.002430555555555555,0.3,0.0,0.3,Loitering,Cargo
800007506,LOITER_BRA_03,PA,loiter,0.9975102880658437,cargo,0.9999999850459302,0.00010288065843621399,0.0,0.0,0.0,0.9975102880658437,0.0022222222222222222,0.0,2.0576131687242797e-05,0.00014403292181069957,0.002430555555555555,0.3,0.0,0.3,Loitering,Cargo
800007506,LOITER_BRA_03,PA,loiter,0.9997325102880659,cargo,0.9999999850459302,0.00010288065843621399,0.0,0.0,0.0,0.9997325102880659,0.0,0.0,2.0576131687242797e-05,0.00014403292181069957,0.002430555555555555,0.3,0.0,0.3,Loitering,Cargo
800007506,LOITER_BRA_03,PA,loiter,0.8693991769547325,cargo,0.99999998504876,0.02038065843621399,0.014222222222222221,0.0,0.021666666666666667,0.8693991769547325,0.0,0.03233333333333333,0.006687242798353909,0.035310699588477365,0.002430555555555555,0.3,0.0,0.3,Loitering,Cargo
800007506,LOITER_BRA_03,PA,loiter,0.8873118753674311,cargo,0.9999999850486045,0.05261875367430923,0.009555555555555555,0.0,0.013055555555555555,0.8873118753674311,0.0,0.013555555555555555,0.0022427983539094645,0.021659905937683712,0.002430555555555555,0.3,0.0,0.3,Loitering,Cargo
800007506,LOITER_BRA_03,PA,loiter,0.994970605526161,cargo,0.9999999850459302,0.0048647854203409755,0.0,0.0,0.0,0.994970605526161,0.0,0.0,2.0576131687242797e-05,0.00014403292181069957,0.002430555555555555,0.3,0.0,0.3,Loitering,Cargo
800007506,LOITER_BRA_03,PA,loiter,0.9983039388594943,cargo,0.9999999850459302,0.0015314520870076424,0.0,0.0,0.0,0.9983039388594943,0.0,0.0,2.0576131687242797e-05,0.00014403292181069957,0.002430555555555555,0.3,0.0,0.3,Loitering,Cargo
800007506,LOITER_BRA_03,PA,loiter,0.9938991769547325,cargo,0.9999999850486045,0.0017695473251028808,0.0,0.0,0.0,0.9938991769547325,0.0025,0.0,2.0576131687242797e-05,0.0018106995884773663,0.002430555555555555,0.3,0.0,0.3,Loitering,Cargo
800007506,LOITER_BRA_03,PA,loiter,0.9897325102880659,cargo,0.9999999850459351,0.00010288065843621399,0.0,0.0,0.006666666666666667,0.9897325102880659,0.0,0.0,2.0576131687242797e-05,0.003477366255144033,0.002430555555555555,0.3,0.0,0.3,Loitering,Cargo
800007506,LOITER_BRA_03,PA,loiter,0.9983039388594943,cargo,0.9999999850459302,0.00010288065843621399,0.0,0.0,0.0,0.9983039388594943,0.0,0.0,2.0576131687242797e-05,0.001572604350382128,0.002430555555555555,0.3,0.0,0.3,Loitering,Cargo
800007506,LOITER_BRA_03,PA,loiter,0.9997325102880659,cargo,0.9999999850459302,0.00010288065843621399,0.0,0.0,0.0,0.9997325102880659,0.0,0.0,2.0576131687242797e-05,0.00014403292181069957,0.002430555555555555,0.3,0.0,0.3,Loitering,Cargo
800007506,LOITER_BRA_03,PA,loiter,0.9997325102880659,cargo,0.9999999850459302,0.00010288065843621399,0.0,0.0,0.0,0.9997325102880659,0.0,0.0,2.0576131687242797e-05,0.00014403292181069957,0.002430555555555555,0.3,0.0,0.3,Loitering,Cargo
800007506,LOITER_BRA_03,PA,loiter,0.9997325102880659,cargo,0.9999999850459302,0.00010288065843621399,0.0,0.0,0.0,0.9997325102880659,0.0,0.0,2.0576131687242797e-05,0.00014403292181069957,0.002430555555555555,0.3,0.0,0.3,Loitering,Cargo
800007506,LOITER_BRA_03,PA,loiter,0.9824706055261611,cargo,0.9999999850459302,0.010698118753674308,0.0,0.0,0.0016666666666666668,0.9824706055261611,0.0,0.0,2.0576131687242797e-05,0.0051440329218107,0.002430555555555555,0.3,0.0,0.3,Loitering,Cargo
800007506,LOITER_BRA_03,PA,loiter,0.9750102880658436,cargo,0.9999999850459302,0.010936213991769549,0.0,0.0033333333333333335,0.0016666666666666668,0.9750102880658436,0.0,0.0,2.0576131687242797e-05,0.009032921810699588,0.002430555555555555,0.3,0.0,0.3,Loitering,Cargo
800007506,LOITER_BRA_03,PA,loiter,0.9663753674309229,cargo,0.9999999850459302,0.018460023515579068,0.0,0.0,0.0,0.9663753674309229,0.0,0.0,2.0576131687242797e-05,0.015144032921810699,0.002430555555555555,0.3,0.0,0.3,Loitering,Cargo
800007506,LOITER_BRA_03,PA,loiter,0.9694547325102879,cargo,0.9999999850459302,0.020936213991769544,0.0,0.0,0.0,0.9694547325102879,0.0,0.0,2.0576131687242797e-05,0.009588477366255144,0.002430555555555555,0.3,0.0,0.3,Loitering,Cargo
800007506,LOITER_BRA_03,PA,anchored,0.6918171663727218,cargo,0.9999999850459302,0.6918171663727218,0.0016666666666666668,0.0013333333333333335,0.0015873015873015873,0.2881531452087008,0.0,0.007222222222222222,0.0016872427983539095,0.006532921810699589,0.002430555555555555,0.3,0.0,0.3,Anchored/Moored,Cargo
800007506,LOITER_BRA_03,PA,anchored,0.9813333333333335,cargo,0.999999985013361,0.9813333333333335,0.017555555555555557,0.0,0.0,0.0,0.0,0.0,0.0011111111111111111,0.0,0.002430555555555555,0.3,0.0,0.3,Anchored/Moored,Cargo
800007506,LOITER_BRA_03,PA,anchored,0.9830000000000001,cargo,0.999999985013361,0.9830000000000001,0.01588888888888889,0.0,0.0,0.0,0.0,0.0,0.0011111111111111111,0.0,0.002430555555555555,0.3,0.0,0.3,Anchored/Moored,Cargo
800007506,LOITER_BRA_03,PA,anchored,0.9835555555555557,cargo,0.999999985013361,0.9835555555555557,0.014222222222222221,0.0,0.0,0.0,0.0,0.0011111111111111111,0.0011111111111111111,0.0,0.002430555555555555,0.3,0.0,0.3,Anchored/Moored,Cargo
800007506,LOITER_BRA_03,PA,anchored,0.8302774838330392,cargo,0.9999999850459302,0.8302774838330392,0.030555555555555558,0.0,0.0021428571428571425,0.11241504997060553,0.0,0.01311111111111111,0.0011316872427983538,0.010366255144032922,0.002430555555555555,0.3,0.0,0.3,Anchored/Moored,Cargo
800007506,LOITER_BRA_03,PA,loiter,0.948954732510288,cargo,0.9999999850459302,0.036269547325102874,0.0,0.0,0.0016666666666666668,0.948954732510288,0.0,0.0011111111111111111,2.0576131687242797e-05,0.011977366255144032,0.002430555555555555,0.3,0.0,0.3,Loitering,Cargo
800007506,LOITER_BRA_03,PA,loiter,0.9894547325102879,cargo,0.9999999850486045,0.0017695473251028808,0.0,0.0,0.0,0.9894547325102879,0.0,0.0,2.0576131687242797e-05,0.00875514403292181,0.002430555555555555,0.3,0.0,0.3,Loitering,Cargo
800007506,LOITER_BRA_03,PA,loiter,0.9997325102880659,cargo,0.9999999850459302,0.00010288065843621399,0.0,0.0,0.0,0.9997325102880659,0.0,0.0,2.0576131687242797e-05,0.00014403292181069957,0.002430555555555555,0.3,0.0,0.3,Loitering,Cargo
800007506,LOITER_BRA_03,PA,loiter,0.9980658436213992,cargo,0.9999999850486045,0.0017695473251028808,0.0,0.0,0.0,0.9980658436213992,0.0,0.0,2.0576131687242797e-05,0.00014403292181069957,0.002430555555555555,0.3,0.0,0.3,Loitering,Cargo
800007506,LOITER_BRA_03,PA,loiter,0.9925102880658435,cargo,0.9999999850486045,0.0017695473251028808,0.0,0.0,0.003888888888888889,0.9925102880658435,0.0,0.0,2.0576131687242797e-05,0.0018106995884773663,0.002430555555555555,0.3,0.0,0.3,Loitering,Cargo
800007506,LOITER_BRA_03,PA,loiter,0.9966769547325104,cargo,0.9999999850486045,0.00010288065843621399,0.0,0.0,0.0,0.9966769547325104,0.0,0.0,2.0576131687242797e-05,0.0031995884773662548,0.002430555555555555,0.3,0.0,0.3,Loitering,Cargo
800007506,LOITER_BRA_03,PA,loiter,0.9930658436213992,cargo,0.9999999850486045,0.0034362139917695476,0.0,0.0,0.0033333333333333335,0.9930658436213992,0.0,0.0,2.0576131687242797e-05,0.00014403292181069957,0.002430555555555555,0.3,0.0,0.3,Loitering,Cargo
800007506,LOITER_BRA_03,PA,loiter,0.9931769547325101,cargo,0.9999999850459302,0.004436213991769547,0.0,0.0,0.0,0.9931769547325101,0.0,0.0,2.0576131687242797e-05,0.0023662551440329217,0.002430555555555555,0.3,0.0,0.3,Loitering,Cargo
800007506,LOITER_BRA_03,PA,loiter,0.9908436213991769,cargo,0.9999999850459351,0.00010288065843621399,0.0,0.0033333333333333335,0.0038888888888888883,0.9908436213991769,0.0,0.0,2.0576131687242797e-05,0.0018106995884773663,0.002430555555555555,0.3,0.0,0.3,Loitering,Cargo
800007506,LOITER_BRA_03,PA,loiter,0.9911928277483832,cargo,0.9999999850459302,0.0072139917695473255,0.0,0.0,0.0,0.9911928277483832,0.0,0.0,2.0576131687242797e-05,0.001572604350382128,0.002430555555555555,0.3,0.0,0.3,Loitering,Cargo
800007506,LOITER_BRA_03,PA,loiter,0.9975102880658437,cargo,0.9999999850459302,0.0023251028806584363,0.0,0.0,0.0,0.9975102880658437,0.0,0.0,2.0576131687242797e-05,0.00014403292181069957,0.002430555555555555,0.3,0.0,0.3,Loitering,Cargo
800007506,LOITER_BRA_03,PA,loiter,0.9941372721928277,cargo,0.9999999850459302,0.00010288065843621399,0.0,0.0,0.0,0.9941372721928277,0.0025,0.0,0.0016872427983539095,0.001572604350382128,0.002430555555555555,0.3,0.0,0.3,Loitering,Cargo
800007506,LOITER_BRA_03,PA,loiter,0.9955658436213991,cargo,0.9999999850459302,0.00010288065843621399,0.0,0.0,0.0,0.9955658436213991,0.0025,0.0,0.0016872427983539095,0.00014403292181069957,0.002430555555555555,0.3,0.0,0.3,Loitering,Cargo
800007506,LOITER_BRA_03,PA,loiter,0.9844547325102879,cargo,0.9999999850486045,0.010182245737801294,0.0,0.0,0.0004761904761904762,0.9844547325102879,0.0,0.0,2.0576131687242797e-05,0.004866255144032922,0.002430555555555555,0.3,0.0,0.3,Loitering,Cargo
800007506,LOITER_BRA_03,PA,loiter,0.5572142857142858,cargo,0.9999999850585095,0.07832142857142857,0.0061111111111111106,0.0,0.02273015873015873,0.5572142857142858,0.0,0.02677777777777778,0.264734126984127,0.044111111111111115,0.002430555555555555,0.3,0.0,0.3,Loitering,Cargo
800007506,LOITER_BRA_03,PA,transit,0.899888888888889,cargo,0.9999999862015536,0.06322222222222224,0.0,0.0,0.003944444444444445,0.003611111111111111,0.0,0.02822222222222222,0.899888888888889,0.0011111111111111111,0.002430555555555555,0.3,0.0,0.3,Transit,Cargo
800007506,LOITER_BRA_03,PA,transit,0.9972222222222221,cargo,0.9999999863183953,0.0027777777777777775,0.0,0.0,0.0,0.0,0.0,0.0,0.9972222222222221,0.0,0.002430555555555555,0.3,0.0,0.3,Transit,Cargo
800007506,LOITER_BRA_03,PA,transit,0.9997411003236247,cargo,0.9999999863183953,0.0,0.0,0.0,0.0001941747572815534,0.0,3.2362459546925564e-05,0.0,0.9997411003236247,3.2362459546925564e-05,0.002430555555555555,0.3,0.0,0.3,Transit,Cargo
800007506,LOITER_BRA_03,PA,transit,1.0,cargo,0.9999999863183953,0.0,0.0,0.0,0.0,0.0,0.0,0.0,1.0,0.0,0.002430555555555555,0.3,0.0,0.3,Transit,Cargo
800007506,LOITER_BRA_03,PA,transit,1.0,cargo,0.9999999863183953,0.0,0.0,0.0,0.0,0.0,0.0,0.0,1.0,0.0,0.002430555555555555,0.3,0.0,0.3,Transit,Cargo
800007506,LOITER_BRA_03,PA,transit,1.0,cargo,0.9999999863183953,0.0,0.0,0.0,0.0,0.0,0.0,0.0,1.0,0.0,0.002430555555555555,0.3,0.0,0.3,Transit,Cargo
900007503,STS_TANKER_0_1,PA,transit,1.0,tanker,0.999999971496777,0.0,0.0,0.0,0.0,0.0,0.0,0.0,1.0,0.0,0.002430555555555555,0.3,0.17126448677140765,0.3,Transit,Tanker
900007503,STS_TANKER_0_1,PA,transit,1.0,tanker,0.999999971224765,0.0,0.0,0.0,0.0,0.0,0.0,0.0,1.0,0.0,0.002430555555555555,0.3,0.1660170176289841,0.3,Transit,Tanker
900007503,STS_TANKER_0_1,PA,transit,1.0,tanker,0.9999999714967552,0.0,0.0,0.0,0.0,0.0,0.0,0.0,1.0,0.0,0.002430555555555555,0.3,0.1607291915239153,0.3,Transit,Tanker
900007503,STS_TANKER_0_1,PA,transit,1.0,tanker,0.9999999714967552,0.0,0.0,0.0,0.0,0.0,0.0,0.0,1.0,0.0,0.002430555555555555,0.3,0.15524684709981065,0.3,Transit,Tanker
900007503,STS_TANKER_0_1,PA,transit,1.0,tanker,0.999999971496777,0.0,0.0,0.0,0.0,0.0,0.0,0.0,1.0,0.0,0.002430555555555555,0.3,0.14974193939677516,0.3,Transit,Tanker
900007503,STS_TANKER_0_1,PA,transit,1.0,tanker,0.9999999714967552,0.0,0.0,0.0,0.0,0.0,0.0,0.0,1.0,0.0,0.002430555555555555,0.3,0.14410065117855542,0.3,Transit,Tanker
900007503,STS_TANKER_0_1,PA,transit,1.0,tanker,0.9999999714967552,0.0,0.0,0.0,0.0,0.0,0.0,0.0,1.0,0.0,0.002430555555555555,0.3,0.13863937094340892,0.3,Transit,Tanker
900007503,STS_TANKER_0_1,PA,transit,1.0,tanker,0.9999999714967552,0.0,0.0,0.0,0.0,0.0,0.0,0.0,1.0,0.0,0.002430555555555555,0.3,0.13337022192876227,0.3,Transit,Tanker
900007503,STS_TANKER_0_1,PA,transit,1.0,tanker,0.999999971222214,0.0,0.0,0.0,0.0,0.0,0.0,0.0,1.0,0.0,0.002430555555555555,0.3,0.12827769595692312,0.3,Transit,Tanker
900007503,STS_TANKER_0_1,PA,sts,0.6336010101010101,tanker,0.9999999678045212,0.024416666666666663,0.0016666666666666668,0.0,0.0015,0.012777777777777779,0.0,0.6336010101010101,0.31726010101010094,0.008777777777777778,0.002430555555555555,0.3,0.6244384548127748,0.6244384548127748,STS Transfer,Tanker
900007503,STS_TANKER_0_1,PA,sts,0.8642971014492753,tanker,0.9999999706963039,0.02581159420289855,0.019033816425120774,0.0,0.0061231884057971015,0.005422705314009662,0.0,0.8642971014492753,0.07416666666666664,0.005144927536231884,0.002430555555555555,0.3,0.6225570386300912,0.6225570386300912,STS Transfer,Tanker
900007503,STS_TANKER_0_1,PA,sts,0.991352657004831,tanker,0.9999999624514592,0.00014492753623188405,0.003478260869565217,0.0,0.0002898550724637681,0.0029227053140096614,0.0,0.991352657004831,0.0016666666666666668,0.00014492753623188405,0.002430555555555555,0.3,0.6217376591911965,0.6217376591911965,STS Transfer,Tanker
900007503,STS_TANKER_0_1,PA,sts,0.9883526570048311,tanker,0.9999999624514592,0.003033816425120773,0.0018115942028985505,0.0,0.0002898550724637681,0.0029227053140096614,0.0,0.9883526570048311,0.003444444444444444,0.00014492753623188405,0.002430555555555555,0.3,0.6209880258808101,0.6209880258808101,STS Transfer,Tanker
900007503,STS_TANKER_0_1,PA,sts,0.9797415458937201,tanker,0.9999999624514592,0.002478260869565217,0.004589371980676328,0.0,0.0002898550724637681,0.008756038647342996,0.0,0.9797415458937201,0.002333333333333333,0.0018115942028985505,0.002430555555555555,0.3,0.6202307558624376,0.6202307558624376,STS Transfer,Tanker
900007503,STS_TANKER_0_1,PA,sts,0.9900193236714976,tanker,0.9999999624514592,0.002478260869565217,0.003478260869565217,0.0,0.0002898550724637681,0.0018115942028985505,0.0,0.9900193236714976,0.0017777777777777776,0.00014492753623188405,0.002430555555555555,0.3,0.6195710880740718,0.6195710880740718,STS Transfer,Tanker
900007503,STS_TANKER_0_1,PA,sts,0.9188209109730849,tanker,0.9999999624514592,0.039756038647343,0.02903381642512078,0.0013333333333333335,0.0002898550724637681,0.0006211180124223603,0.0,0.9188209109730849,0.008888888888888889,0.0012560386473429953,0.002430555555555555,0.3,0.6191496206389341,0.6191496206389341,STS Transfer,Tanker
900007503,STS_TANKER_0_1,PA,transit,0.7824642857142855,tanker,0.9999999677910195,0.05575000000000001,0.013690476190476189,0.0,0.0004761904761904762,0.017285714285714286,0.0,0.13033333333333327,0.7824642857142855,0.0,0.002430555555555555,0.3,0.1182821802689988,0.3,Transit,Tanker
900007503,STS_TANKER_0_1,PA,transit,0.99,tanker,0.9999999712471318,0.0016666666666666668,0.0,0.0,0.0,0.0,0.0,0.008333333333333333,0.99,0.0,0.002430555555555555,0.3,0.11564361084295463,0.3,Transit,Tanker
900007503,STS_TANKER_0_1,PA,transit,1.0,tanker,0.999999971224765,0.0,0.0,0.0,0.0,0.0,0.0,0.0,1.0,0.0,0.002430555555555555,0.3,0.11169274227583986,0.3,Transit,Tanker
900007503,STS_TANKER_0_1,PA,transit,1.0,tanker,0.9999999712247877,0.0,0.0,0.0,0.0,0.0,0.0,0.0,1.0,0.0,0.002430555555555555,0.3,0.10748472203759088,0.3,Transit,Tanker
900007503,STS_TANKER_0_1,PA,transit,0.9997411003236247,tanker,0.999999971224765,0.0,0.0,0.0,0.0001941747572815534,0.0,3.2362459546925564e-05,0.0,0.9997411003236247,3.2362459546925564e-05,0.002430555555555555,0.3,0.10365978681280774,0.3,Transit,Tanker
900007503,STS_TANKER_0_1,PA,transit,1.0,tanker,0.999999971224765,0.0,0.0,0.0,0.0,0.0,0.0,0.0,1.0,0.0,0.002430555555555555,0.3,0.10099124263163722,0.3,Transit,Tanker
900007503,STS_TANKER_0_1,PA,transit,1.0,tanker,0.9999999712247877,0.0,0.0,0.0,0.0,0.0,0.0,0.0,1.0,0.0,0.002430555555555555,0.3,0.09891338493073631,0.3,Transit,Tanker
900007503,STS_TANKER_0_1,PA,transit,1.0,tanker,0.9999999712247877,0.0,0.0,0.0,0.0,0.0,0.0,0.0,1.0,0.0,0.002430555555555555,0.3,0.09710209088990482,0.3,Transit,Tanker
900007503,STS_TANKER_0_1,PA,transit,0.9958333333333333,tanker,0.999999971224765,0.004166666666666667,0.0,0.0,0.0,0.0,0.0,0.0,0.9958333333333333,0.0,0.002430555555555555,0.3,0.09587929227790981,0.3,Transit,Tanker
900007503,STS_TANKER_0_1,PA,transit,1.0,tanker,0.999999971224765,0.0,0.0,0.0,0.0,0.0,0.0,0.0,1.0,0.0,0.002430555555555555,0.3,0.09503322717181203,0.3,Transit,Tanker
900007503,STS_TANKER_0_1,PA,transit,1.0,tanker,0.999999971224765,0.0,0.0,0.0,0.0,0.0,0.0,0.0,1.0,0.0,0.002430555555555555,0.3,0.09398965645422454,0.3,Transit,Tanker
900007504,STS_TANKER_0_2,VU,transit,1.0,tanker,0.999999971224765,0.0,0.0,0.0,0.0,0.0,0.0,0.0,1.0,0.0,0.002430555555555555,0.3,0.1639000940381081,0.3,Transit,Tanker
900007504,STS_TANKER_0_2,VU,transit,0.9625555555555557,tanker,0.999999971224765,0.0,0.0,0.0,0.0,0.0,0.0,0.03744444444444444,0.9625555555555557,0.0,0.002430555555555555,0.3,0.15875673325744588,0.3,Transit,Tanker
900007504,STS_TANKER_0_2,VU,transit,1.0,tanker,0.999999971224765,0.0,0.0,0.0,0.0,0.0,0.0,0.0,1.0,0.0,0.002430555555555555,0.3,0.1535305048312507,0.3,Transit,Tanker
900007504,STS_TANKER_0_2,VU,transit,1.0,tanker,0.9999999712247877,0.0,0.0,0.0,0.0,0.0,0.0,0.0,1.0,0.0,0.002430555555555555,0.3,0.14826407305540612,0.3,Transit,Tanker
900007504,STS_TANKER_0_2,VU,transit,0.9922222222222223,tanker,0.9999999712247877,0.0,0.0,0.0,0.0,0.0,0.0,0.007777777777777777,0.9922222222222223,0.0,0.002430555555555555,0.3,0.14301805812250998,0.3,Transit,Tanker
900007504,STS_TANKER_0_2,VU,transit,1.0,tanker,0.9999999714967552,0.0,0.0,0.0,0.0,0.0,0.0,0.0,1.0,0.0,0.002430555555555555,0.3,0.13778917140596583,0.3,Transit,Tanker
900007504,STS_TANKER_0_2,VU,transit,1.0,tanker,0.9999999714967552,0.0,0.0,0.0,0.0,0.0,0.0,0.0,1.0,0.0,0.002430555555555555,0.3,0.13310653909819245,0.3,Transit,Tanker
900007504,STS_TANKER_0_2,VU,transit,1.0,tanker,0.999999971224765,0.0,0.0,0.0,0.0,0.0,0.0,0.0,1.0,0.0,0.002430555555555555,0.3,0.12893510892450144,0.3,Transit,Tanker
900007504,STS_TANKER_0_2,VU,transit,1.0,tanker,0.999999971222214,0.0,0.0,0.0,0.0,0.0,0.0,0.0,1.0,0.0,0.002430555555555555,0.3,0.12453326980889559,0.3,Transit,Tanker
900007504,STS_TANKER_0_2,VU,sts,0.7986111111111109,tanker,0.9999999711632338,0.011083333333333334,0.0033333333333333335,0.0,0.0006666666666666668,0.005833333333333334,0.0,0.7986111111111109,0.17497222222222228,0.0055,0.002430555555555555,0.3,0.6207361383028047,0.6207361383028047,STS Transfer,Tanker
900007504,STS_TANKER_0_2,VU,sts,0.963074879227053,tanker,0.9999999624214234,0.017033816425120772,0.004589371980676328,0.0,0.0002898550724637681,0.0012560386473429953,0.0,0.963074879227053,0.010277777777777778,0.003478260869565217,0.002430555555555555,0.3,0.6188032373448623,0.6188032373448623,STS Transfer,Tanker
900007504,STS_TANKER_0_2,VU,sts,0.8908923395445139,tanker,0.9999999624514592,0.030256038647342994,0.02331159420289855,0.0013333333333333335,0.004900966183574879,0.03295445134575569,0.0,0.8908923395445139,0.0,0.01635127674258109,0.002430555555555555,0.3,0.6182370906333865,0.6182370906333865,STS Transfer,Tanker
900007504,STS_TANKER_0_2,VU,sts,0.7862380952380953,tanker,0.9999999624466726,0.12555555555555556,0.07495238095238096,0.0,0.0,0.010476190476190476,0.0,0.7862380952380953,0.0016666666666666668,0.0011111111111111111,0.002430555555555555,0.3,0.6180436918389685,0.6180436918389685,STS Transfer,Tanker
900007504,STS_TANKER_0_2,VU,sts,0.9410351966873708,tanker,0.9999999624514592,0.011256038647342995,0.016867149758454106,0.0,0.003789855072463768,0.014033816425120775,0.0,0.9410351966873708,0.0,0.013017943409247758,0.002430555555555555,0.3,0.6177631437058723,0.6177631437058723,STS Transfer,Tanker
900007504,STS_TANKER_0_2,VU,sts,0.9752415458937198,tanker,0.9999999624514592,0.003478260869565217,0.011533816425120774,0.0,0.0002898550724637681,0.007089371980676328,0.0,0.9752415458937198,0.0,0.0023671497584541066,0.002430555555555555,0.3,0.6172680954342926,0.6172680954342926,STS Transfer,Tanker
900007504,STS_TANKER_0_2,VU,sts,0.9520748792270531,tanker,0.9999999624514592,0.017478260869565217,0.01958937198067633,0.0,0.001400966183574879,0.002644927536231884,0.0,0.9520748792270531,0.0027777777777777775,0.004033816425120773,0.002430555555555555,0.3,0.6166650512922327,0.6166650512922327,STS Transfer,Tanker
900007504,STS_TANKER_0_2,VU,transit,0.8185833333333333,tanker,0.9999999679068924,0.03147222222222222,0.0033333333333333335,0.0,0.0011111111111111111,0.004999999999999999,0.0,0.13572222222222222,0.8185833333333333,0.0047777777777777775,0.002430555555555555,0.3,0.11537721484672077,0.3,Transit,Tanker
900007504,STS_TANKER_0_2,VU,transit,1.0,tanker,0.999999971222214,0.0,0.0,0.0,0.0,0.0,0.0,0.0,1.0,0.0,0.002430555555555555,0.3,0.11200749831341072,0.3,Transit,Tanker
900007504,STS_TANKER_0_2,VU,transit,1.0,tanker,0.999999971224765,0.0,0.0,0.0,0.0,0.0,0.0,0.0,1.0,0.0,0.002430555555555555,0.3,0.10698384299112423,0.3,Transit,Tanker
900007504,STS_TANKER_0_2,VU,transit,0.9997411003236247,tanker,0.999999971224765,0.0,0.0,0.0,0.0001941747572815534,0.0,3.2362459546925564e-05,0.0,0.9997411003236247,3.2362459546925564e-05,0.002430555555555555,0.3,0.10232137236835082,0.3,Transit,Tanker
900007504,STS_TANKER_0_2,VU,transit,1.0,tanker,0.999999971224765,0.0,0.0,0.0,0.0,0.0,0.0,0.0,1.0,0.0,0.002430555555555555,0.3,0.09868047547228097,0.3,Transit,Tanker
900007504,STS_TANKER_0_2,VU,transit,1.0,tanker,0.999999971224765,0.0,0.0,0.0,0.0,0.0,0.0,0.0,1.0,0.0,0.002430555555555555,0.3,0.09617971141843379,0.3,Transit,Tanker
900007504,STS_TANKER_0_2,VU,transit,1.0,tanker,0.9999999714967552,0.0,0.0,0.0,0.0,0.0,0.0,0.0,1.0,0.0,0.002430555555555555,0.3,0.09436762055100241,0.3,Transit,Tanker
900007504,STS_TANKER_0_2,VU,transit,1.0,tanker,0.999999971224765,0.0,0.0,0.0,0.0,0.0,0.0,0.0,1.0,0.0,0.002430555555555555,0.3,0.09219814206585267,0.3,Transit,Tanker
900007504,STS_TANKER_0_2,VU,transit,1.0,tanker,0.999999971224765,0.0,0.0,0.0,0.0,0.0,0.0,0.0,1.0,0.0,0.002430555555555555,0.3,0.08925105699434079,0.3,Transit,Tanker
900007504,STS_TANKER_0_2,VU,transit,1.0,tanker,0.999999971224765,0.0,0.0,0.0,0.0,0.0,0.0,0.0,1.0,0.0,0.002430555555555555,0.3,0.08548927225078629,0.3,Transit,Tanker
900007504,STS_TANKER_0_2,VU,transit,1.0,tanker,0.999999971224765,0.0,0.0,0.0,0.0,0.0,0.0,0.0,1.0,0.0,0.002430555555555555,0.3,0.08107477774172134,0.3,Transit,Tanker
900007513,STS_TANKER_1_1,PA,transit,1.0,tanker,0.9999999712026088,0.0,0.0,0.0,0.0,0.0,0.0,0.0,1.0,0.0,0.002430555555555555,0.3,0.2,0.3,Transit,Tanker
900007513,STS_TANKER_1_1,PA,transit,1.0,tanker,0.9999999712026088,0.0,0.0,0.0,0.0,0.0,0.0,0.0,1.0,0.0,0.002430555555555555,0.3,0.2,0.3,Transit,Tanker
900007513,STS_TANKER_1_1,PA,transit,1.0,tanker,0.9999999714754789,0.0,0.0,0.0,0.0,0.0,0.0,0.0,1.0,0.0,0.002430555555555555,0.3,0.2,0.3,Transit,Tanker
900007513,STS_TANKER_1_1,PA,transit,1.0,tanker,0.9999999714754789,0.0,0.0,0.0,0.0,0.0,0.0,0.0,1.0,0.0,0.002430555555555555,0.3,0.2,0.3,Transit,Tanker
900007513,STS_TANKER_1_1,PA,transit,1.0,tanker,0.9999999714754789,0.0,0.0,0.0,0.0,0.0,0.0,0.0,1.0,0.0,0.002430555555555555,0.3,0.2,0.3,Transit,Tanker
900007513,STS_TANKER_1_1,PA,transit,1.0,tanker,0.9999999712026088,0.0,0.0,0.0,0.0,0.0,0.0,0.0,1.0,0.0,0.002430555555555555,0.3,0.2,0.3,Transit,Tanker
900007513,STS_TANKER_1_1,PA,transit,1.0,tanker,0.9999999712026088,0.0,0.0,0.0,0.0,0.0,0.0,0.0,1.0,0.0,0.002430555555555555,0.3,0.2,0.3,Transit,Tanker
900007513,STS_TANKER_1_1,PA,transit,1.0,tanker,0.9999999712026088,0.0,0.0,0.0,0.0,0.0,0.0,0.0,1.0,0.0,0.002430555555555555,0.3,0.2,0.3,Transit,Tanker
900007513,STS_TANKER_1_1,PA,transit,1.0,tanker,0.9999999712026088,0.0,0.0,0.0,0.0,0.0,0.0,0.0,1.0,0.0,0.002430555555555555,0.3,0.2,0.3,Transit,Tanker
900007513,STS_TANKER_1_1,PA,sts,0.7545555555555555,tanker,0.9999999676953256,0.009583333333333333,0.0,0.0,0.003444444444444444,0.012222222222222221,0.0,0.7545555555555555,0.21291666666666673,0.007277777777777779,0.002430555555555555,0.3,0.7,0.7,STS Transfer,Tanker
900007513,STS_TANKER_1_1,PA,sts,0.9518526570048309,tanker,0.9999999704634737,0.012367149758454104,0.006811594202898551,0.0,0.0002898550724637681,0.012922705314009662,0.0,0.9518526570048309,0.015611111111111112,0.00014492753623188405,0.002430555555555555,0.3,0.7,0.7,STS Transfer,Tanker
900007513,STS_TANKER_1_1,PA,sts,0.9017460317460313,tanker,0.9999999705064113,0.06022222222222223,0.03277777777777778,0.0,0.0,0.001142857142857143,0.0,0.9017460317460313,0.0027777777777777775,0.0013333333333333335,0.002430555555555555,0.3,0.7,0.7,STS Transfer,Tanker
900007513,STS_TANKER_1_1,PA,sts,0.7704285714285715,tanker,0.9999999704866034,0.12080952380952385,0.09761904761904762,0.0,0.0013333333333333335,0.007365079365079364,0.0,0.7704285714285715,0.0,0.002444444444444445,0.002430555555555555,0.3,0.7,0.7,STS Transfer,Tanker
900007513,STS_TANKER_1_1,PA,sts,0.939190476190476,tanker,0.9999999705064113,0.029777777777777778,0.01588888888888889,0.0,0.002444444444444445,0.007476190476190475,0.0,0.939190476190476,0.0033333333333333335,0.0018888888888888887,0.002430555555555555,0.3,0.7,0.7,STS Transfer,Tanker
900007513,STS_TANKER_1_1,PA,sts,0.944468253968254,tanker,0.9999999705064113,0.03177777777777778,0.012833333333333334,0.0,0.0013333333333333335,0.002920634920634921,0.0,0.944468253968254,0.0027777777777777775,0.0038888888888888883,0.002430555555555555,0.3,0.7,0.7,STS Transfer,Tanker
900007513,STS_TANKER_1_1,PA,sts,0.9032653554175293,tanker,0.9999999705064113,0.061200483091787446,0.024867149758454107,0.0,0.0002898550724637681,0.0006211180124223603,0.0,0.9032653554175293,0.0035,0.0062560386473429945,0.002430555555555555,0.3,0.7,0.7,STS Transfer,Tanker
900007513,STS_TANKER_1_1,PA,transit,0.7774007936507937,tanker,0.999999971117066,0.0214484126984127,0.006190476190476191,0.0,0.0014285714285714286,0.017674603174603173,0.0,0.17585714285714288,0.7774007936507937,0.0,0.002430555555555555,0.3,0.2,0.3,Transit,Tanker
900007513,STS_TANKER_1_1,PA,transit,0.9794444444444443,tanker,0.9999999712026088,0.0025,0.0,0.0,0.0033333333333333335,0.0,0.0,0.01472222222222222,0.9794444444444443,0.0,0.002430555555555555,0.3,0.2,0.3,Transit,Tanker
900007513,STS_TANKER_1_1,PA,transit,1.0,tanker,0.9999999712026088,0.0,0.0,0.0,0.0,0.0,0.0,0.0,1.0,0.0,0.002430555555555555,0.3,0.2,0.3,Transit,Tanker
900007513,STS_TANKER_1_1,PA,transit,1.0,tanker,0.9999999712026088,0.0,0.0,0.0,0.0,0.0,0.0,0.0,1.0,0.0,0.002430555555555555,0.3,0.2,0.3,Transit,Tanker
900007513,STS_TANKER_1_1,PA,transit,1.0,tanker,0.9999999714754789,0.0,0.0,0.0,0.0,0.0,0.0,0.0,1.0,0.0,0.002430555555555555,0.3,0.2,0.3,Transit,Tanker
900007513,STS_TANKER_1_1,PA,transit,1.0,tanker,0.9999999712026088,0.0,0.0,0.0,0.0,0.0,0.0,0.0,1.0,0.0,0.002430555555555555,0.3,0.2,0.3,Transit,Tanker
900007513,STS_TANKER_1_1,PA,transit,0.9973333333333333,tanker,0.9999999712026088,0.0006666666666666668,0.002,0.0,0.0,0.0,0.0,0.0,0.9973333333333333,0.0,0.002430555555555555,0.3,0.2,0.3,Transit,Tanker
900007513,STS_TANKER_1_1,PA,transit,1.0,tanker,0.9999999712026088,0.0,0.0,0.0,0.0,0.0,0.0,0.0,1.0,0.0,0.002430555555555555,0.3,0.2,0.3,Transit,Tanker
900007513,STS_TANKER_1_1,PA,transit,1.0,tanker,0.9999999714754789,0.0,0.0,0.0,0.0,0.0,0.0,0.0,1.0,0.0,0.002430555555555555,0.3,0.2,0.3,Transit,Tanker
900007513,STS_TANKER_1_1,PA,transit,1.0,tanker,0.9999999712026088,0.0,0.0,0.0,0.0,0.0,0.0,0.0,1.0,0.0,0.002430555555555555,0.3,0.2,0.3,Transit,Tanker
900007513,STS_TANKER_1_1,PA,transit,1.0,tanker,0.9999999714754789,0.0,0.0,0.0,0.0,0.0,0.0,0.0,1.0,0.0,0.002430555555555555,0.3,0.2,0.3,Transit,Tanker
900007514,STS_TANKER_1_2,VU,transit,0.9927777777777778,cargo,0.9999999074673417,0.007222222222222222,0.0,0.0,0.0,0.0,0.0,0.0,0.9927777777777778,0.0,0.002430555555555555,0.3,0.0,0.3,Transit,Cargo
900007514,STS_TANKER_1_2,VU,transit,0.9944444444444444,cargo,0.9999999074673417,0.005555555555555555,0.0,0.0,0.0,0.0,0.0,0.0,0.9944444444444444,0.0,0.002430555555555555,0.3,0.0,0.3,Transit,Cargo
900007514,STS_TANKER_1_2,VU,transit,0.9972222222222221,cargo,0.9999999074673417,0.0027777777777777775,0.0,0.0,0.0,0.0,0.0,0.0,0.9972222222222221,0.0,0.002430555555555555,0.3,0.0,0.3,Transit,Cargo
900007514,STS_TANKER_1_2,VU,transit,0.9540000000000002,cargo,0.9999999074673417,0.007888888888888888,0.0,0.0,0.0,0.0,0.0,0.0381111111111111,0.9540000000000002,0.0,0.002430555555555555,0.3,0.0,0.3,Transit,Cargo
900007514,STS_TANKER_1_2,VU,transit,0.9972222222222221,cargo,0.9999999083336799,0.0027777777777777775,0.0,0.0,0.0,0.0,0.0,0.0,0.9972222222222221,0.0,0.002430555555555555,0.3,0.0,0.3,Transit,Cargo
900007514,STS_TANKER_1_2,VU,transit,0.995,cargo,0.999999953575135,0.005,0.0,0.0,0.0,0.0,0.0,0.0,0.995,0.0,0.002430555555555555,0.3,0.0,0.3,Transit,Cargo
900007514,STS_TANKER_1_2,VU,transit,0.9908333333333333,cargo,0.9999999083336799,0.009166666666666667,0.0,0.0,0.0,0.0,0.0,0.0,0.9908333333333333,0.0,0.002430555555555555,0.3,0.0,0.3,Transit,Cargo
900007514,STS_TANKER_1_2,VU,transit,0.9933333333333333,cargo,0.9999999083336799,0.006666666666666666,0.0,0.0,0.0,0.0,0.0,0.0,0.9933333333333333,0.0,0.002430555555555555,0.3,0.0,0.3,Transit,Cargo
900007514,STS_TANKER_1_2,VU,transit,0.9933333333333333,cargo,0.9999999083314859,0.006666666666666666,0.0,0.0,0.0,0.0,0.0,0.0,0.9933333333333333,0.0,0.002430555555555555,0.3,0.0,0.3,Transit,Cargo
900007514,STS_TANKER_1_2,VU,transit,0.5185378787878788,cargo,0.9999999078514519,0.06830555555555556,0.0,0.0,0.016777777777777777,0.06922222222222221,0.0,0.31532323232323234,0.5185378787878788,0.011833333333333333,0.002430555555555555,0.3,0.0,0.3,Transit,Cargo
900007514,STS_TANKER_1_2,VU,sts,0.3880555555555555,cargo,0.9999999077181468,0.12110288065843622,0.047277777777777766,0.007222222222222222,0.007555555555555555,0.30578806584362134,0.0016666666666666668,0.3880555555555555,0.0776872427983539,0.043644032921810696,0.002430555555555555,0.3,0.5,0.5,STS Transfer,Cargo
900007514,STS_TANKER_1_2,VU,sts,0.4580238095238095,cargo,0.9999999077170149,0.13821399176954732,0.06761111111111111,0.0035555555555555553,0.005055555555555555,0.2790790711346267,0.0,0.4580238095238095,0.01168724279835391,0.03677366255144032,0.002430555555555555,0.3,0.5,0.5,STS Transfer,Cargo
900007514,STS_TANKER_1_2,VU,sts,0.5733015873015874,cargo,0.9999999077091065,0.16471428571428576,0.1694523809523809,0.0,0.002,0.07164285714285712,0.0,0.5733015873015874,0.008333333333333333,0.010555555555555556,0.002430555555555555,0.3,0.5,0.5,STS Transfer,Cargo
900007514,STS_TANKER_1_2,VU,sts,0.5836111111111111,cargo,0.9999999077173155,0.17687301587301588,0.11544444444444445,0.0,0.004222222222222222,0.07562698412698414,0.0,0.5836111111111111,0.02611111111111111,0.018111111111111113,0.002430555555555555,0.3,0.5,0.5,STS Transfer,Cargo
900007514,STS_TANKER_1_2,VU,sts,0.602388888888889,cargo,0.9999999077170149,0.1378174603174603,0.08283333333333334,0.0022222222222222222,0.005055555555555555,0.11629365079365077,0.0,0.602388888888889,0.024444444444444446,0.028944444444444446,0.002430555555555555,0.3,0.5,0.5,STS Transfer,Cargo
900007514,STS_TANKER_1_2,VU,sts,0.5713492063492064,cargo,0.9999999077170149,0.1402222222222222,0.06038888888888888,0.0022222222222222222,0.005888888888888889,0.14733333333333332,0.0,0.5713492063492064,0.021111111111111112,0.051484126984126986,0.002430555555555555,0.3,0.5,0.5,STS Transfer,Cargo
900007514,STS_TANKER_1_2,VU,transit,0.7024087301587302,cargo,0.9999999078483446,0.04958333333333333,0.014999999999999998,0.0,0.002619047619047619,0.08994444444444445,0.0,0.13211111111111107,0.7024087301587302,0.008333333333333333,0.002430555555555555,0.3,0.0,0.3,Transit,Cargo
900007514,STS_TANKER_1_2,VU,transit,0.9887777777777778,cargo,0.9999999074651268,0.011222222222222222,0.0,0.0,0.0,0.0,0.0,0.0,0.9887777777777778,0.0,0.002430555555555555,0.3,0.0,0.3,Transit,Cargo
900007514,STS_TANKER_1_2,VU,transit,0.9933333333333333,cargo,0.9999999074652673,0.006666666666666666,0.0,0.0,0.0,0.0,0.0,0.0,0.9933333333333333,0.0,0.002430555555555555,0.3,0.0,0.3,Transit,Cargo
900007514,STS_TANKER_1_2,VU,transit,0.995,cargo,0.9999999083336799,0.005,0.0,0.0,0.0,0.0,0.0,0.0,0.995,0.0,0.002430555555555555,0.3,0.0,0.3,Transit,Cargo
900007514,STS_TANKER_1_2,VU,transit,0.995,cargo,0.9999999083336799,0.005,0.0,0.0,0.0,0.0,0.0,0.0,0.995,0.0,0.002430555555555555,0.3,0.0,0.3,Transit,Cargo
900007514,STS_TANKER_1_2,VU,transit,0.995,cargo,0.9999999083336799,0.005,0.0,0.0,0.0,0.0,0.0,0.0,0.995,0.0,0.002430555555555555,0.3,0.0,0.3,Transit,Cargo
900007514,STS_TANKER_1_2,VU,transit,0.995,cargo,0.9999999083357543,0.005,0.0,0.0,0.0,0.0,0.0,0.0,0.995,0.0,0.002430555555555555,0.3,0.0,0.3,Transit,Cargo
900007514,STS_TANKER_1_2,VU,transit,0.9930555555555555,cargo,0.9999999083357543,0.006944444444444443,0.0,0.0,0.0,0.0,0.0,0.0,0.9930555555555555,0.0,0.002430555555555555,0.3,0.0,0.3,Transit,Cargo
900007514,STS_TANKER_1_2,VU,transit,0.9897222222222221,cargo,0.9999999083336799,0.008611111111111111,0.0016666666666666668,0.0,0.0,0.0,0.0,0.0,0.9897222222222221,0.0,0.002430555555555555,0.3,0.0,0.3,Transit,Cargo
900007514,STS_TANKER_1_2,VU,transit,0.995,cargo,0.9999999083336799,0.005,0.0,0.0,0.0,0.0,0.0,0.0,0.995,0.0,0.002430555555555555,0.3,0.0,0.3,Transit,Cargo
900007514,STS_TANKER_1_2,VU,transit,0.995,cargo,0.9999999074652673,0.005,0.0,0.0,0.0,0.0,0.0,0.0,0.995,0.0,0.002430555555555555,0.3,0.0,0.3,Transit,Cargo
900007523,STS_TANKER_2_1,PA,transit,1.0,tanker,0.9999999712026088,0.0,0.0,0.0,0.0,0.0,0.0,0.0,1.0,0.0,0.002430555555555555,0.3,0.2,0.3,Transit,Tanker
900007523,STS_TANKER_2_1,PA,transit,1.0,tanker,0.9999999712026088,0.0,0.0,0.0,0.0,0.0,0.0,0.0,1.0,0.0,0.002430555555555555,0.3,0.2,0.3,Transit,Tanker
900007523,STS_TANKER_2_1,PA,transit,1.0,tanker,0.9999999714754789,0.0,0.0,0.0,0.0,0.0,0.0,0.0,1.0,0.0,0.002430555555555555,0.3,0.2,0.3,Transit,Tanker
900007523,STS_TANKER_2_1,PA,transit,1.0,tanker,0.9999999714754789,0.0,0.0,0.0,0.0,0.0,0.0,0.0,1.0,0.0,0.002430555555555555,0.3,0.2,0.3,Transit,Tanker
900007523,STS_TANKER_2_1,PA,transit,1.0,tanker,0.9999999714754789,0.0,0.0,0.0,0.0,0.0,0.0,0.0,1.0,0.0,0.002430555555555555,0.3,0.19986888500042319,0.3,Transit,Tanker
900007523,STS_TANKER_2_1,PA,transit,1.0,tanker,0.9999999712026088,0.0,0.0,0.0,0.0,0.0,0.0,0.0,1.0,0.0,0.002430555555555555,0.3,0.19876673056400637,0.3,Transit,Tanker
900007523,STS_TANKER_2_1,PA,transit,0.9991666666666666,tanker,0.9999999712026088,0.0,0.0,0.0,0.0,0.0,0.0,0.0008333333333333334,0.9991666666666666,0.0,0.002430555555555555,0.3,0.1975309955723736,0.3,Transit,Tanker
900007523,STS_TANKER_2_1,PA,transit,1.0,tanker,0.9999999712026088,0.0,0.0,0.0,0.0,0.0,0.0,0.0,1.0,0.0,0.002430555555555555,0.3,0.1958863836331631,0.3,Transit,Tanker
900007523,STS_TANKER_2_1,PA,transit,0.9977777777777779,tanker,0.9999999712026088,0.0,0.0,0.0,0.0,0.0,0.0,0.0022222222222222222,0.9977777777777779,0.0,0.002430555555555555,0.3,0.19371575324320378,0.3,Transit,Tanker
900007523,STS_TANKER_2_1,PA,sts,0.6804960317460317,tanker,0.9999999711243353,0.009892857142857142,0.0,0.0,0.0051111111111111105,0.020277777777777777,0.0,0.6804960317460317,0.2725555555555555,0.011666666666666667,0.002430555555555555,0.3,0.6920620855650792,0.6920620855650792,STS Transfer,Tanker
900007523,STS_TANKER_2_1,PA,sts,0.916352657004831,tanker,0.9999999703760964,0.015089371980676329,0.011256038647342995,0.0,0.0002898550724637681,0.010144927536231885,0.0,0.916352657004831,0.043388888888888894,0.003478260869565217,0.002430555555555555,0.3,0.6912910839204945,0.6912910839204945,STS Transfer,Tanker
900007523,STS_TANKER_2_1,PA,sts,0.9575748792270533,tanker,0.9999999705064113,0.017644927536231883,0.008867149758454106,0.0,0.0002898550724637681,0.003478260869565217,0.0,0.9575748792270533,0.002888888888888889,0.009256038647342996,0.002430555555555555,0.3,0.6909500672616895,0.6909500672616895,STS Transfer,Tanker
900007523,STS_TANKER_2_1,PA,sts,0.9598764665286404,tanker,0.9999999705064113,0.014033816425120771,0.012367149758454106,0.0013333333333333335,0.0002898550724637681,0.00562111801242236,0.0,0.9598764665286404,0.0,0.006478260869565218,0.002430555555555555,0.3,0.690819525719524,0.690819525719524,STS Transfer,Tanker
900007523,STS_TANKER_2_1,PA,sts,0.897447895100069,tanker,0.9999999705064113,0.03292270531400966,0.016033816425120775,0.0,0.0002898550724637681,0.04017667356797792,0.0,0.897447895100069,0.0,0.013129054520358866,0.002430555555555555,0.3,0.6907088923012936,0.6907088923012936,STS Transfer,Tanker
900007523,STS_TANKER_2_1,PA,sts,0.9784637681159422,tanker,0.9999999705064113,0.014906832298136644,0.0018115942028985505,0.0,0.0002898550724637681,0.0020496894409937887,0.0,0.9784637681159422,0.0006666666666666668,0.0018115942028985505,0.002430555555555555,0.3,0.6904038362744103,0.6904038362744103,STS Transfer,Tanker
900007523,STS_TANKER_2_1,PA,sts,0.9721304347826089,tanker,0.999999970468471,0.013756038647342995,0.0014782608695652173,0.0,0.0002898550724637681,0.004311594202898551,0.0,0.9721304347826089,0.006222222222222222,0.0018115942028985505,0.002430555555555555,0.3,0.6899279321355867,0.6899279321355867,STS Transfer,Tanker
900007523,STS_TANKER_2_1,PA,transit,0.7125753968253968,tanker,0.9999999676913186,0.02800396825396825,0.0027777777777777775,0.0,0.0009523809523809524,0.031055555555555555,0.0,0.22185714285714284,0.7125753968253968,0.0027777777777777775,0.002430555555555555,0.3,0.1888149491666803,0.3,Transit,Tanker
900007523,STS_TANKER_2_1,PA,transit,0.9997411003236247,tanker,0.9999999712026088,0.0,0.0,0.0,0.0001941747572815534,0.0,3.2362459546925564e-05,0.0,0.9997411003236247,3.2362459546925564e-05,0.002430555555555555,0.3,0.18582695330316942,0.3,Transit,Tanker
900007523,STS_TANKER_2_1,PA,transit,0.9933333333333333,tanker,0.9999999712026088,0.0,0.0,0.0,0.0,0.006666666666666667,0.0,0.0,0.9933333333333333,0.0,0.002430555555555555,0.3,0.18108602257775913,0.3,Transit,Tanker
900007523,STS_TANKER_2_1,PA,transit,1.0,tanker,0.9999999714754789,0.0,0.0,0.0,0.0,0.0,0.0,0.0,1.0,0.0,0.002430555555555555,0.3,0.17570624031916118,0.3,Transit,Tanker
900007523,STS_TANKER_2_1,PA,transit,1.0,tanker,0.9999999714754789,0.0,0.0,0.0,0.0,0.0,0.0,0.0,1.0,0.0,0.002430555555555555,0.3,0.1703070028159252,0.3,Transit,Tanker
900007523,STS_TANKER_2_1,PA,transit,1.0,tanker,0.9999999712026088,0.0,0.0,0.0,0.0,0.0,0.0,0.0,1.0,0.0,0.002430555555555555,0.3,0.16521601102464187,0.3,Transit,Tanker
900007523,STS_TANKER_2_1,PA,transit,1.0,tanker,0.9999999712026088,0.0,0.0,0.0,0.0,0.0,0.0,0.0,1.0,0.0,0.002430555555555555,0.3,0.16030776346851122,0.3,Transit,Tanker
900007523,STS_TANKER_2_1,PA,transit,1.0,tanker,0.9999999712026088,0.0,0.0,0.0,0.0,0.0,0.0,0.0,1.0,0.0,0.002430555555555555,0.3,0.15548898174071502,0.3,Transit,Tanker
900007523,STS_TANKER_2_1,PA,transit,1.0,tanker,0.9999999714754789,0.0,0.0,0.0,0.0,0.0,0.0,0.0,1.0,0.0,0.002430555555555555,0.3,0.15086851523127845,0.3,Transit,Tanker
900007523,STS_TANKER_2_1,PA,transit,1.0,tanker,0.9999999712026088,0.0,0.0,0.0,0.0,0.0,0.0,0.0,1.0,0.0,0.002430555555555555,0.3,0.14675701214292106,0.3,Transit,Tanker
900007523,STS_TANKER_2_1,PA,transit,1.0,tanker,0.9999999712026088,0.0,0.0,0.0,0.0,0.0,0.0,0.0,1.0,0.0,0.002430555555555555,0.3,0.1431637361078672,0.3,Transit,Tanker
900007524,STS_TANKER_2_2,VU,transit,1.0,tanker,0.999999971224765,0.0,0.0,0.0,0.0,0.0,0.0,0.0,1.0,0.0,0.002430555555555555,0.3,0.17867912048199713,0.3,Transit,Tanker
900007524,STS_TANKER_2_2,VU,transit,1.0,tanker,0.999999971224765,0.0,0.0,0.0,0.0,0.0,0.0,0.0,1.0,0.0,0.002430555555555555,0.3,0.18316151756714777,0.3,Transit,Tanker
900007524,STS_TANKER_2_2,VU,transit,1.0,tanker,0.999999971224765,0.0,0.0,0.0,0.0,0.0,0.0,0.0,1.0,0.0,0.002430555555555555,0.3,0.1878174496169436,0.3,Transit,Tanker
900007524,STS_TANKER_2_2,VU,transit,1.0,tanker,0.999999971224765,0.0,0.0,0.0,0.0,0.0,0.0,0.0,1.0,0.0,0.002430555555555555,0.3,0.19290796449127087,0.3,Transit,Tanker
900007524,STS_TANKER_2_2,VU,transit,1.0,tanker,0.999999971224765,0.0,0.0,0.0,0.0,0.0,0.0,0.0,1.0,0.0,0.002430555555555555,0.3,0.19808863706108212,0.3,Transit,Tanker
900007524,STS_TANKER_2_2,VU,transit,1.0,tanker,0.9999999714967552,0.0,0.0,0.0,0.0,0.0,0.0,0.0,1.0,0.0,0.002430555555555555,0.3,0.2,0.3,Transit,Tanker
900007524,STS_TANKER_2_2,VU,transit,1.0,tanker,0.999999971496777,0.0,0.0,0.0,0.0,0.0,0.0,0.0,1.0,0.0,0.002430555555555555,0.3,0.2,0.3,Transit,Tanker
900007524,STS_TANKER_2_2,VU,transit,1.0,tanker,0.999999971224765,0.0,0.0,0.0,0.0,0.0,0.0,0.0,1.0,0.0,0.002430555555555555,0.3,0.2,0.3,Transit,Tanker
900007524,STS_TANKER_2_2,VU,transit,1.0,tanker,0.999999971222214,0.0,0.0,0.0,0.0,0.0,0.0,0.0,1.0,0.0,0.002430555555555555,0.3,0.2,0.3,Transit,Tanker
900007524,STS_TANKER_2_2,VU,sts,0.7027341269841267,tanker,0.9999999713195779,0.018670634920634917,0.0,0.0,0.004984126984126983,0.015555555555555557,0.0,0.7027341269841267,0.24666666666666667,0.011388888888888888,0.002430555555555555,0.3,0.7,0.7,STS Transfer,Tanker
900007524,STS_TANKER_2_2,VU,sts,0.888074879227053,tanker,0.999999970698862,0.020533816425120772,0.012644927536231884,0.0,0.002789855072463768,0.011811594202898552,0.0,0.888074879227053,0.06399999999999997,0.00014492753623188405,0.002430555555555555,0.3,0.7,0.7,STS Transfer,Tanker
900007524,STS_TANKER_2_2,VU,sts,0.9922415458937197,tanker,0.9999999624540762,0.0018115942028985505,0.003144927536231884,0.0,0.0002898550724637681,0.00014492753623188405,0.0,0.9922415458937197,0.0022222222222222222,0.00014492753623188405,0.002430555555555555,0.3,0.7,0.7,STS Transfer,Tanker
900007524,STS_TANKER_2_2,VU,sts,0.9631666666666668,tanker,0.9999999624514592,0.020706349206349207,0.005611111111111111,0.0,0.0,0.00884920634920635,0.0,0.9631666666666668,0.0016666666666666668,0.0,0.002430555555555555,0.3,0.7,0.7,STS Transfer,Tanker
900007524,STS_TANKER_2_2,VU,sts,0.9598333333333335,tanker,0.9999999624470225,0.02292857142857143,0.003944444444444445,0.0,0.0,0.013293650793650792,0.0,0.9598333333333335,0.0,0.0,0.002430555555555555,0.3,0.7,0.7,STS Transfer,Tanker
900007524,STS_TANKER_2_2,VU,sts,0.8291349206349204,tanker,0.9999999624327663,0.12299206349206349,0.0373968253968254,0.0,0.0,0.007142857142857143,0.0,0.8291349206349204,0.0033333333333333335,0.0,0.002430555555555555,0.3,0.7,0.7,STS Transfer,Tanker
900007524,STS_TANKER_2_2,VU,sts,0.826352657004831,tanker,0.9999999625161528,0.12058937198067629,0.03397826086956522,0.0013333333333333335,0.0002898550724637681,0.00014492753623188405,0.0,0.826352657004831,0.01661111111111111,0.0007004830917874395,0.002430555555555555,0.3,0.7,0.7,STS Transfer,Tanker
900007524,STS_TANKER_2_2,VU,transit,0.7278809523809524,tanker,0.999999967905676,0.07072222222222223,0.01622222222222222,0.0,0.0006666666666666668,0.005507936507936508,0.0,0.17900000000000002,0.7278809523809524,0.0,0.002430555555555555,0.3,0.2,0.3,Transit,Tanker
900007524,STS_TANKER_2_2,VU,transit,0.9966666666666667,tanker,0.999999971222214,0.0,0.0,0.0,0.0,0.0,0.0,0.0033333333333333335,0.9966666666666667,0.0,0.002430555555555555,0.3,0.2,0.3,Transit,Tanker
900007524,STS_TANKER_2_2,VU,transit,1.0,tanker,0.999999971224765,0.0,0.0,0.0,0.0,0.0,0.0,0.0,1.0,0.0,0.002430555555555555,0.3,0.2,0.3,Transit,Tanker
900007524,STS_TANKER_2_2,VU,transit,1.0,tanker,0.9999999714967552,0.0,0.0,0.0,0.0,0.0,0.0,0.0,1.0,0.0,0.002430555555555555,0.3,0.2,0.3,Transit,Tanker
900007524,STS_TANKER_2_2,VU,transit,1.0,tanker,0.9999999714967552,0.0,0.0,0.0,0.0,0.0,0.0,0.0,1.0,0.0,0.002430555555555555,0.3,0.2,0.3,Transit,Tanker
900007524,STS_TANKER_2_2,VU,transit,0.9997411003236247,tanker,0.999999971496777,0.0,0.0,0.0,0.0001941747572815534,0.0,3.2362459546925564e-05,0.0,0.9997411003236247,3.2362459546925564e-05,0.002430555555555555,0.3,0.2,0.3,Transit,Tanker
900007524,STS_TANKER_2_2,VU,transit,1.0,tanker,0.999999971224765,0.0,0.0,0.0,0.0,0.0,0.0,0.0,1.0,0.0,0.002430555555555555,0.3,0.2,0.3,Transit,Tanker
900007524,STS_TANKER_2_2,VU,transit,1.0,tanker,0.999999971224765,0.0,0.0,0.0,0.0,0.0,0.0,0.0,1.0,0.0,0.002430555555555555,0.3,0.2,0.3,Transit,Tanker
900007524,STS_TANKER_2_2,VU,transit,1.0,tanker,0.999999971224765,0.0,0.0,0.0,0.0,0.0,0.0,0.0,1.0,0.0,0.002430555555555555,0.3,0.2,0.3,Transit,Tanker
900007524,STS_TANKER_2_2,VU,transit,1.0,tanker,0.9999999714967552,0.0,0.0,0.0,0.0,0.0,0.0,0.0,1.0,0.0,0.002430555555555555,0.3,0.2,0.3,Transit,Tanker
900007524,STS_TANKER_2_2,VU,transit,1.0,tanker,0.9999999714967552,0.0,0.0,0.0,0.0,0.0,0.0,0.0,1.0,0.0,0.002430555555555555,0.3,0.2,0.3,Transit,Tanker
