mmsi,name,flag,pred_activity,activity_confidence,pred_vessel_type,vessel_confidence,prob_anchored,prob_bunkering,prob_dredging,prob_fishing,prob_loiter,prob_patrol_sweep,prob_sts,prob_transit,prob_transshipment,dark_vessel_risk,iuu_fishing_risk,sts_evasion_risk,overall_anomaly_score,pred_activity_label,pred_vessel_label
500053150,MV_PHI_CARGO_000,PA,transit,0.9875,cargo,0.9999999839968159,0.0,0.0,0.0,0.012499999999999999,0.0,0.0,0.0,0.9875,0.0,0.002430555555555555,0.3,0.0,0.3,Transit,Cargo
500053150,MV_PHI_CARGO_000,PA,transit,0.9999890350877193,cargo,0.9999999839843698,1.0964912280701754e-05,0.0,0.0,0.0,0.0,0.0,0.0,0.9999890350877193,0.0,0.002430555555555555,0.3,0.0,0.3,Transit,Cargo
500053150,MV_PHI_CARGO_000,PA,transit,1.0,cargo,0.9999999839968159,0.0,0.0,0.0,0.0,0.0,0.0,0.0,1.0,0.0,0.002430555555555555,0.3,0.0,0.3,Transit,Cargo
500053150,MV_PHI_CARGO_000,PA,transit,1.0,cargo,0.9999999839968159,0.0,0.0,0.0,0.0,0.0,0.0,0.0,1.0,0.0,0.002430555555555555,0.3,0.0,0.3,Transit,Cargo
500053150,MV_PHI_CARGO_000,PA,transit,1.0,cargo,0.9999999839843698,0.0,0.0,0.0,0.0,0.0,0.0,0.0,1.0,0.0,0.002430555555555555,0.3,0.0,0.3,Transit,Cargo
500053150,MV_PHI_CARGO_000,PA,transit,1.0,cargo,0.9999999839843698,0.0,0.0,0.0,0.0,0.0,0.0,0.0,1.0,0.0,0.002430555555555555,0.3,0.0,0.3,Transit,Cargo
500053150,MV_PHI_CARGO_000,PA,transit,1.0,cargo,0.9999999839968159,0.0,0.0,0.0,0.0,0.0,0.0,0.0,1.0,0.0,0.002430555555555555,0.3,0.0,0.3,Transit,Cargo
500053150,MV_PHI_CARGO_000,PA,transit,1.0,cargo,0.9999999839843698,0.0,0.0,0.0,0.0,0.0,0.0,0.0,1.0,0.0,0.002430555555555555,0.3,0.0,0.3,Transit,Cargo
500053150,MV_PHI_CARGO_000,PA,transit,1.0,cargo,0.9999999839843698,0.0,0.0,0.0,0.0,0.0,0.0,0.0,1.0,0.0,0.002430555555555555,0.3,0.0,0.3,Transit,Cargo
500053150,MV_PHI_CARGO_000,PA,transit,0.9999890350877193,cargo,0.9999999839920235,1.0964912280701754e-05,0.0,0.0,0.0,0.0,0.0,0.0,0.9999890350877193,0.0,0.002430555555555555,0.3,0.0,0.3,Transit,Cargo
500053150,MV_PHI_CARGO_000,PA,transit,1.0,cargo,0.9999999839920235,0.0,0.0,0.0,0.0,0.0,0.0,0.0,1.0,0.0,0.002430555555555555,0.3,0.0,0.3,Transit,Cargo
500053150,MV_PHI_CARGO_000,PA,transit,1.0,cargo,0.9999999839843698,0.0,0.0,0.0,0.0,0.0,0.0,0.0,1.0,0.0,0.002430555555555555,0.3,0.0,0.3,Transit,Cargo
500053150,MV_PHI_CARGO_000,PA,transit,1.0,cargo,0.9999999839843698,0.0,0.0,0.0,0.0,0.0,0.0,0.0,1.0,0.0,0.002430555555555555,0.3,0.0,0.3,Transit,Cargo
500053150,MV_PHI_CARGO_000,PA,transit,1.0,cargo,0.9999999839968159,0.0,0.0,0.0,0.0,0.0,0.0,0.0,1.0,0.0,0.002430555555555555,0.3,0.0,0.3,Transit,Cargo
500053150,MV_PHI_CARGO_000,PA,transit,1.0,cargo,0.9999999839968159,0.0,0.0,0.0,0.0,0.0,0.0,0.0,1.0,0.0,0.002430555555555555,0.3,0.0,0.3,Transit,Cargo
500053150,MV_PHI_CARGO_000,PA,transit,1.0,cargo,0.9999999839843698,0.0,0.0,0.0,0.0,0.0,0.0,0.0,1.0,0.0,0.002430555555555555,0.3,0.0,0.3,Transit,Cargo
500053150,MV_PHI_CARGO_000,PA,transit,0.9999890350877193,cargo,0.9999999839843698,1.0964912280701754e-05,0.0,0.0,0.0,0.0,0.0,0.0,0.9999890350877193,0.0,0.002430555555555555,0.3,0.0,0.3,Transit,Cargo
500053150,MV_PHI_CARGO_000,PA,transit,1.0,cargo,0.9999999839843698,0.0,0.0,0.0,0.0,0.0,0.0,0.0,1.0,0.0,0.002430555555555555,0.3,0.0,0.3,Transit,Cargo
500053150,MV_PHI_CARGO_000,PA,transit,0.9999890350877193,cargo,0.9999999839843698,1.0964912280701754e-05,0.0,0.0,0.0,0.0,0.0,0.0,0.9999890350877193,0.0,0.002430555555555555,0.3,0.0,0.3,Transit,Cargo
500053150,MV_PHI_CARGO_000,PA,transit,1.0,cargo,0.9999999839968159,0.0,0.0,0.0,0.0,0.0,0.0,0.0,1.0,0.0,0.002430555555555555,0.3,0.0,0.3,Transit,Cargo
500053150,MV_PHI_CARGO_000,PA,transit,1.0,cargo,0.9999999839843698,0.0,0.0,0.0,0.0,0.0,0.0,0.0,1.0,0.0,0.002430555555555555,0.3,0.0,0.3,Transit,Cargo
500053150,MV_PHI_CARGO_000,PA,transit,0.9999890350877193,cargo,0.9999999839843698,1.0964912280701754e-05,0.0,0.0,0.0,0.0,0.0,0.0,0.9999890350877193,0.0,0.002430555555555555,0.3,0.0,0.3,Transit,Cargo
500053150,MV_PHI_CARGO_000,PA,transit,1.0,cargo,0.9999999839843698,0.0,0.0,0.0,0.0,0.0,0.0,0.0,1.0,0.0,0.002430555555555555,0.3,0.0,0.3,Transit,Cargo
500053150,MV_PHI_CARGO_000,PA,transit,1.0,cargo,0.9999999839843698,0.0,0.0,0.0,0.0,0.0,0.0,0.0,1.0,0.0,0.002430555555555555,0.3,0.0,0.3,Transit,Cargo
500053150,MV_PHI_CARGO_000,PA,transit,1.0,cargo,0.9999999839920235,0.0,0.0,0.0,0.0,0.0,0.0,0.0,1.0,0.0,0.002430555555555555,0.3,0.0,0.3,Transit,Cargo
500053150,MV_PHI_CARGO_000,PA,transit,0.9966666666666667,cargo,0.9999999839843698,0.0,0.0,0.0,0.0033333333333333335,0.0,0.0,0.0,0.9966666666666667,0.0,0.002430555555555555,0.3,0.0,0.3,Transit,Cargo
500053150,MV_PHI_CARGO_000,PA,transit,1.0,cargo,0.9999999839843698,0.0,0.0,0.0,0.0,0.0,0.0,0.0,1.0,0.0,0.002430555555555555,0.3,0.0,0.3,Transit,Cargo
500053150,MV_PHI_CARGO_000,PA,transit,1.0,cargo,0.9999999839843698,0.0,0.0,0.0,0.0,0.0,0.0,0.0,1.0,0.0,0.002430555555555555,0.3,0.0,0.3,Transit,Cargo
500053150,MV_PHI_CARGO_000,PA,transit,0.9999890350877193,cargo,0.9999999839843698,1.0964912280701754e-05,0.0,0.0,0.0,0.0,0.0,0.0,0.9999890350877193,0.0,0.002430555555555555,0.3,0.0,0.3,Transit,Cargo
500053150,MV_PHI_CARGO_000,PA,transit,0.9999890350877193,cargo,0.9999999839920235,1.0964912280701754e-05,0.0,0.0,0.0,0.0,0.0,0.0,0.9999890350877193,0.0,0.002430555555555555,0.3,0.0,0.3,Transit,Cargo
500053150,MV_PHI_CARGO_000,PA,transit,1.0,cargo,0.9999999839968159,0.0,0.0,0.0,0.0,0.0,0.0,0.0,1.0,0.0,0.002430555555555555,0.3,0.0,0.3,Transit,Cargo
500053150,MV_PHI_CARGO_000,PA,transit,1.0,cargo,0.9999999839843698,0.0,0.0,0.0,0.0,0.0,0.0,0.0,1.0,0.0,0.002430555555555555,0.3,0.0,0.3,Transit,Cargo
500053150,MV_PHI_CARGO_000,PA,transit,0.9999890350877193,cargo,0.9999999840980325,1.0964912280701754e-05,0.0,0.0,0.0,0.0,0.0,0.0,0.9999890350877193,0.0,0.002430555555555555,0.3,0.0,0.3,Transit,Cargo
500053150,MV_PHI_CARGO_000,PA,transit,0.9925,cargo,0.9999999839843698,0.0,0.0,0.0,0.0075,0.0,0.0,0.0,0.9925,0.0,0.002430555555555555,0.3,0.0,0.3,Transit,Cargo
500053150,MV_PHI_CARGO_000,PA,transit,1.0,cargo,0.9999999839843698,0.0,0.0,0.0,0.0,0.0,0.0,0.0,1.0,0.0,0.002430555555555555,0.3,0.0,0.3,Transit,Cargo
500053150,MV_PHI_CARGO_000,PA,transit,1.0,cargo,0.9999999839843698,0.0,0.0,0.0,0.0,0.0,0.0,0.0,1.0,0.0,0.002430555555555555,0.3,0.0,0.3,Transit,Cargo
500053150,MV_PHI_CARGO_000,PA,transit,1.0,cargo,0.9999999839843698,0.0,0.0,0.0,0.0,0.0,0.0,0.0,1.0,0.0,0.002430555555555555,0.3,0.0,0.3,Transit,Cargo
500053150,MV_PHI_CARGO_000,PA,transit,1.0,cargo,0.9999999839843698,0.0,0.0,0.0,0.0,0.0,0.0,0.0,1.0,0.0,0.002430555555555555,0.3,0.0,0.3,Transit,Cargo
500053150,MV_PHI_CARGO_000,PA,transit,0.9999890350877193,cargo,0.9999999839843698,1.0964912280701754e-05,0.0,0.0,0.0,0.0,0.0,0.0,0.9999890350877193,0.0,0.002430555555555555,0.3,0.0,0.3,Transit,Cargo
500053150,MV_PHI_CARGO_000,PA,transit,1.0,cargo,0.9999999839843698,0.0,0.0,0.0,0.0,0.0,0.0,0.0,1.0,0.0,0.002430555555555555,0.3,0.0,0.3,Transit,Cargo
500053150,MV_PHI_CARGO_000,PA,transit,0.9983333333333333,cargo,0.9999999839843698,0.0,0.0,0.0,0.0016666666666666668,0.0,0.0,0.0,0.9983333333333333,0.0,0.002430555555555555,0.3,0.0,0.3,Transit,Cargo
500053150,MV_PHI_CARGO_000,PA,transit,0.9983333333333333,cargo,0.9999999839843698,0.0,0.0,0.0,0.0016666666666666668,0.0,0.0,0.0,0.9983333333333333,0.0,0.002430555555555555,0.3,0.0,0.3,Transit,Cargo
500053150,MV_PHI_CARGO_000,PA,transit,1.0,cargo,0.9999999839843698,0.0,0.0,0.0,0.0,0.0,0.0,0.0,1.0,0.0,0.002430555555555555,0.3,0.0,0.3,Transit,Cargo
500053150,MV_PHI_CARGO_000,PA,transit,1.0,cargo,0.9999999839968159,0.0,0.0,0.0,0.0,0.0,0.0,0.0,1.0,0.0,0.002430555555555555,0.3,0.0,0.3,Transit,Cargo
500053150,MV_PHI_CARGO_000,PA,transit,1.0,cargo,0.9999999839843698,0.0,0.0,0.0,0.0,0.0,0.0,0.0,1.0,0.0,0.002430555555555555,0.3,0.0,0.3,Transit,Cargo
500053150,MV_PHI_CARGO_000,PA,transit,0.9999890350877193,cargo,0.9999999839843698,1.0964912280701754e-05,0.0,0.0,0.0,0.0,0.0,0.0,0.9999890350877193,0.0,0.002430555555555555,0.3,0.0,0.3,Transit,Cargo
500053150,MV_PHI_CARGO_000,PA,transit,1.0,cargo,0.9999999839968159,0.0,0.0,0.0,0.0,0.0,0.0,0.0,1.0,0.0,0.002430555555555555,0.3,0.0,0.3,Transit,Cargo
500053150,MV_PHI_CARGO_000,PA,transit,0.9999890350877193,cargo,0.9999999839968159,1.0964912280701754e-05,0.0,0.0,0.0,0.0,0.0,0.0,0.9999890350877193,0.0,0.002430555555555555,0.3,0.0,0.3,Transit,Cargo
500053150,MV_PHI_CARGO_000,PA,transit,0.9999890350877193,cargo,0.9999999839968159,1.0964912280701754e-05,0.0,0.0,0.0,0.0,0.0,0.0,0.9999890350877193,0.0,0.002430555555555555,0.3,0.0,0.3,Transit,Cargo
500053150,MV_PHI_CARGO_000,PA,transit,0.9999890350877193,cargo,0.9999999839843698,1.0964912280701754e-05,0.0,0.0,0.0,0.0,0.0,0.0,0.9999890350877193,0.0,0.002430555555555555,0.3,0.0,0.3,Transit,Cargo
500053150,MV_PHI_CARGO_000,PA,transit,0.9999890350877193,cargo,0.9999999839843698,1.0964912280701754e-05,0.0,0.0,0.0,0.0,0.0,0.0,0.9999890350877193,0.0,0.002430555555555555,0.3,0.0,0.3,Transit,Cargo
500053150,MV_PHI_CARGO_000,PA,transit,0.9999890350877193,cargo,0.9999999839843698,1.0964912280701754e-05,0.0,0.0,0.0,0.0,0.0,0.0,0.9999890350877193,0.0,0.002430555555555555,0.3,0.0,0.3,Transit,Cargo
500053150,MV_PHI_CARGO_000,PA,transit,1.0,cargo,0.9999999839920235,0.0,0.0,0.0,0.0,0.0,0.0,0.0,1.0,0.0,0.002430555555555555,0.3,0.0,0.3,Transit,Cargo
500053150,MV_PHI_CARGO_000,PA,transit,0.9913888888888888,cargo,0.9999999839968159,0.0,0.0,0.0,0.00861111111111111,0.0,0.0,0.0,0.9913888888888888,0.0,0.002430555555555555,0.3,0.0,0.3,Transit,Cargo
500053150,MV_PHI_CARGO_000,PA,transit,0.9872222222222221,cargo,0.9999999839968159,0.0,0.0,0.0,0.012777777777777777,0.0,0.0,0.0,0.9872222222222221,0.0,0.002430555555555555,0.3,0.0,0.3,Transit,Cargo
500053150,MV_PHI_CARGO_000,PA,transit,1.0,cargo,0.9999999839843698,0.0,0.0,0.0,0.0,0.0,0.0,0.0,1.0,0.0,0.002430555555555555,0.3,0.0,0.3,Transit,Cargo
500053151,MV_PHI_CARGO_001,PH,transit,0.9983333333333333,tanker,0.9999999684782134,0.0,0.0,0.0,0.0,0.0,0.0,0.0016666666666666668,0.9983333333333333,0.0,0.002430555555555555,0.0,0.10517491837190521,0.10517491837190521,Transit,Tanker
500053151,MV_PHI_CARGO_001,PH,transit,1.0,tanker,0.9999999694135375,0.0,0.0,0.0,0.0,0.0,0.0,0.0,1.0,0.0,0.002430555555555555,0.0,0.11006131355838716,0.11006131355838716,Transit,Tanker
500053151,MV_PHI_CARGO_001,PH,transit,0.9983333333333333,tanker,0.9999999694131352,0.0,0.0,0.0,0.0,0.0,0.0,0.0016666666666666668,0.9983333333333333,0.0,0.002430555555555555,0.0,0.11478496539976567,0.11478496539976567,Transit,Tanker
500053151,MV_PHI_CARGO_001,PH,transit,1.0,tanker,0.999999969147599,0.0,0.0,0.0,0.0,0.0,0.0,0.0,1.0,0.0,0.002430555555555555,0.0,0.11903470594764716,0.11903470594764716,Transit,Tanker
500053151,MV_PHI_CARGO_001,PH,transit,0.9999890350877193,tanker,0.9999998829553486,1.0964912280701754e-05,0.0,0.0,0.0,0.0,0.0,0.0,0.9999890350877193,0.0,0.002430555555555555,0.0,0.12288213333959452,0.12288213333959452,Transit,Tanker
500053151,MV_PHI_CARGO_001,PH,transit,0.9983223684210526,tanker,0.9999999707240541,0.0016776315789473683,0.0,0.0,0.0,0.0,0.0,0.0,0.9983223684210526,0.0,0.002430555555555555,0.0,0.12678763445033256,0.12678763445033256,Transit,Tanker
500053151,MV_PHI_CARGO_001,PH,transit,0.9975,tanker,0.9999999707261877,0.0,0.0,0.0,0.0016666666666666668,0.0,0.0008333333333333334,0.0,0.9975,0.0,0.002430555555555555,0.0,0.13106960230105844,0.13106960230105844,Transit,Tanker
500053151,MV_PHI_CARGO_001,PH,transit,0.9933333333333333,tanker,0.9999999707271536,0.0,0.0,0.0,0.0,0.0,0.0,0.006666666666666667,0.9933333333333333,0.0,0.002430555555555555,0.0,0.1358250841700648,0.1358250841700648,Transit,Tanker
500053151,MV_PHI_CARGO_001,PH,transit,1.0,tanker,0.9999999694131352,0.0,0.0,0.0,0.0,0.0,0.0,0.0,1.0,0.0,0.002430555555555555,0.0,0.14093398152148426,0.14093398152148426,Transit,Tanker
500053151,MV_PHI_CARGO_001,PH,transit,1.0,tanker,0.9999999697455888,0.0,0.0,0.0,0.0,0.0,0.0,0.0,1.0,0.0,0.002430555555555555,0.0,0.14596798658327723,0.14596798658327723,Transit,Tanker
500053151,MV_PHI_CARGO_001,PH,transit,1.0,tanker,0.9999999697455888,0.0,0.0,0.0,0.0,0.0,0.0,0.0,1.0,0.0,0.002430555555555555,0.0,0.15087642245475544,0.15087642245475544,Transit,Tanker
500053151,MV_PHI_CARGO_001,PH,transit,1.0,tanker,0.9999999710666385,0.0,0.0,0.0,0.0,0.0,0.0,0.0,1.0,0.0,0.002430555555555555,0.0,0.15602273337024733,0.15602273337024733,Transit,Tanker
500053151,MV_PHI_CARGO_001,PH,transit,1.0,tanker,0.9999999707238232,0.0,0.0,0.0,0.0,0.0,0.0,0.0,1.0,0.0,0.002430555555555555,0.0,0.1614509229695444,0.1614509229695444,Transit,Tanker
500053151,MV_PHI_CARGO_001,PH,transit,1.0,tanker,0.999999969147599,0.0,0.0,0.0,0.0,0.0,0.0,0.0,1.0,0.0,0.002430555555555555,0.0,0.16679952324691572,0.16679952324691572,Transit,Tanker
500053151,MV_PHI_CARGO_001,PH,transit,0.9983333333333333,tanker,0.9999999694088335,0.0,0.0,0.0,0.0,0.0,0.0,0.0016666666666666668,0.9983333333333333,0.0,0.002430555555555555,0.0,0.1718513276407414,0.1718513276407414,Transit,Tanker
500053151,MV_PHI_CARGO_001,PH,transit,1.0,tanker,0.999999969429602,0.0,0.0,0.0,0.0,0.0,0.0,0.0,1.0,0.0,0.002430555555555555,0.0,0.17659719410579203,0.17659719410579203,Transit,Tanker
500053151,MV_PHI_CARGO_001,PH,transit,1.0,tanker,0.999999969147599,0.0,0.0,0.0,0.0,0.0,0.0,0.0,1.0,0.0,0.002430555555555555,0.0,0.18082194177464916,0.18082194177464916,Transit,Tanker
500053151,MV_PHI_CARGO_001,PH,transit,0.9999890350877193,tanker,0.9999999707238232,1.0964912280701754e-05,0.0,0.0,0.0,0.0,0.0,0.0,0.9999890350877193,0.0,0.002430555555555555,0.0,0.18494567401576847,0.18494567401576847,Transit,Tanker
500053151,MV_PHI_CARGO_001,PH,transit,1.0,tanker,0.9999999707238232,0.0,0.0,0.0,0.0,0.0,0.0,0.0,1.0,0.0,0.002430555555555555,0.0,0.18933320302428366,0.18933320302428366,Transit,Tanker
500053151,MV_PHI_CARGO_001,PH,transit,1.0,tanker,0.9999999707271789,0.0,0.0,0.0,0.0,0.0,0.0,0.0,1.0,0.0,0.002430555555555555,0.0,0.19389327388690902,0.19389327388690902,Transit,Tanker
500053151,MV_PHI_CARGO_001,PH,transit,1.0,tanker,0.9999999707238232,0.0,0.0,0.0,0.0,0.0,0.0,0.0,1.0,0.0,0.002430555555555555,0.0,0.19842017081443405,0.19842017081443405,Transit,Tanker
500053151,MV_PHI_CARGO_001,PH,transit,1.0,tanker,0.9999999707297,0.0,0.0,0.0,0.0,0.0,0.0,0.0,1.0,0.0,0.002430555555555555,0.0,0.2,0.2,Transit,Tanker
500053151,MV_PHI_CARGO_001,PH,transit,1.0,tanker,0.9999999707238232,0.0,0.0,0.0,0.0,0.0,0.0,0.0,1.0,0.0,0.002430555555555555,0.0,0.2,0.2,Transit,Tanker
500053151,MV_PHI_CARGO_001,PH,transit,1.0,tanker,0.9999999707238232,0.0,0.0,0.0,0.0,0.0,0.0,0.0,1.0,0.0,0.002430555555555555,0.0,0.2,0.2,Transit,Tanker
500053151,MV_PHI_CARGO_001,PH,transit,1.0,tanker,0.9999999694141029,0.0,0.0,0.0,0.0,0.0,0.0,0.0,1.0,0.0,0.002430555555555555,0.0,0.2,0.2,Transit,Tanker
500053151,MV_PHI_CARGO_001,PH,transit,1.0,tanker,0.9999999694135375,0.0,0.0,0.0,0.0,0.0,0.0,0.0,1.0,0.0,0.002430555555555555,0.0,0.2,0.2,Transit,Tanker
500053151,MV_PHI_CARGO_001,PH,transit,1.0,tanker,0.999999970732905,0.0,0.0,0.0,0.0,0.0,0.0,0.0,1.0,0.0,0.002430555555555555,0.0,0.2,0.2,Transit,Tanker
500053151,MV_PHI_CARGO_001,PH,transit,1.0,tanker,0.9999999684782134,0.0,0.0,0.0,0.0,0.0,0.0,0.0,1.0,0.0,0.002430555555555555,0.0,0.2,0.2,Transit,Tanker
500053151,MV_PHI_CARGO_001,PH,transit,0.9966557017543859,tanker,0.9999999686415831,0.0033442982456140355,0.0,0.0,0.0,0.0,0.0,0.0,0.9966557017543859,0.0,0.002430555555555555,0.0,0.2,0.2,Transit,Tanker
500053151,MV_PHI_CARGO_001,PH,transit,0.9966557017543859,tanker,0.9999999687240749,0.0033442982456140355,0.0,0.0,0.0,0.0,0.0,0.0,0.9966557017543859,0.0,0.002430555555555555,0.0,0.2,0.2,Transit,Tanker
500053151,MV_PHI_CARGO_001,PH,transit,1.0,tanker,0.9999999689677465,0.0,0.0,0.0,0.0,0.0,0.0,0.0,1.0,0.0,0.002430555555555555,0.0,0.2,0.2,Transit,Tanker
500053151,MV_PHI_CARGO_001,PH,transit,0.9999890350877193,tanker,0.9999999694131352,1.0964912280701754e-05,0.0,0.0,0.0,0.0,0.0,0.0,0.9999890350877193,0.0,0.002430555555555555,0.0,0.2,0.2,Transit,Tanker
500053151,MV_PHI_CARGO_001,PH,transit,1.0,tanker,0.999999969147293,0.0,0.0,0.0,0.0,0.0,0.0,0.0,1.0,0.0,0.002430555555555555,0.0,0.2,0.2,Transit,Tanker
500053151,MV_PHI_CARGO_001,PH,transit,1.0,tanker,0.9999999710577876,0.0,0.0,0.0,0.0,0.0,0.0,0.0,1.0,0.0,0.002430555555555555,0.0,0.2,0.2,Transit,Tanker
500053151,MV_PHI_CARGO_001,PH,transit,1.0,tanker,0.9999999707261877,0.0,0.0,0.0,0.0,0.0,0.0,0.0,1.0,0.0,0.002430555555555555,0.0,0.2,0.2,Transit,Tanker
500053151,MV_PHI_CARGO_001,PH,transit,0.9999890350877193,tanker,0.999999970732905,1.0964912280701754e-05,0.0,0.0,0.0,0.0,0.0,0.0,0.9999890350877193,0.0,0.002430555555555555,0.0,0.2,0.2,Transit,Tanker
500053151,MV_PHI_CARGO_001,PH,transit,1.0,tanker,0.9999999694131352,0.0,0.0,0.0,0.0,0.0,0.0,0.0,1.0,0.0,0.002430555555555555,0.0,0.2,0.2,Transit,Tanker
500053151,MV_PHI_CARGO_001,PH,transit,1.0,tanker,0.9999999694135375,0.0,0.0,0.0,0.0,0.0,0.0,0.0,1.0,0.0,0.002430555555555555,0.0,0.2,0.2,Transit,Tanker
500053151,MV_PHI_CARGO_001,PH,transit,0.9988888888888889,tanker,0.9999999694349542,0.0011111111111111111,0.0,0.0,0.0,0.0,0.0,0.0,0.9988888888888889,0.0,0.002430555555555555,0.0,0.2,0.2,Transit,Tanker
500053151,MV_PHI_CARGO_001,PH,transit,1.0,tanker,0.9999999694238941,0.0,0.0,0.0,0.0,0.0,0.0,0.0,1.0,0.0,0.002430555555555555,0.0,0.2,0.2,Transit,Tanker
500053151,MV_PHI_CARGO_001,PH,transit,0.9983333333333333,tanker,0.9999999694196029,0.0,0.0,0.0,0.0,0.0,0.0,0.0016666666666666668,0.9983333333333333,0.0,0.002430555555555555,0.0,0.2,0.2,Transit,Tanker
500053151,MV_PHI_CARGO_001,PH,transit,0.9983333333333333,tanker,0.9999999697455153,0.0,0.0,0.0,0.0,0.0,0.0,0.0016666666666666668,0.9983333333333333,0.0,0.002430555555555555,0.0,0.2,0.2,Transit,Tanker
500053151,MV_PHI_CARGO_001,PH,transit,1.0,tanker,0.999999970732905,0.0,0.0,0.0,0.0,0.0,0.0,0.0,1.0,0.0,0.002430555555555555,0.0,0.2,0.2,Transit,Tanker
500053151,MV_PHI_CARGO_001,PH,transit,1.0,tanker,0.9999999707297,0.0,0.0,0.0,0.0,0.0,0.0,0.0,1.0,0.0,0.002430555555555555,0.0,0.2,0.2,Transit,Tanker
500053151,MV_PHI_CARGO_001,PH,transit,1.0,tanker,0.9999999707240541,0.0,0.0,0.0,0.0,0.0,0.0,0.0,1.0,0.0,0.002430555555555555,0.0,0.2,0.2,Transit,Tanker
500053151,MV_PHI_CARGO_001,PH,transit,1.0,tanker,0.9999999707261877,0.0,0.0,0.0,0.0,0.0,0.0,0.0,1.0,0.0,0.002430555555555555,0.0,0.2,0.2,Transit,Tanker
500053151,MV_PHI_CARGO_001,PH,transit,0.9724890350877192,tanker,0.999999942993803,1.0964912280701754e-05,0.0016666666666666668,0.0,0.0,0.0016666666666666668,0.0011111111111111111,0.023055555555555555,0.9724890350877192,0.0,0.002430555555555555,0.0,0.2,0.2,Transit,Tanker
500053151,MV_PHI_CARGO_001,PH,transit,0.9983223684210526,tanker,0.9999999707301503,1.0964912280701754e-05,0.0,0.0,0.0,0.0,0.0,0.0016666666666666668,0.9983223684210526,0.0,0.002430555555555555,0.0,0.2,0.2,Transit,Tanker
500053151,MV_PHI_CARGO_001,PH,transit,0.9999890350877193,tanker,0.9999999707261868,1.0964912280701754e-05,0.0,0.0,0.0,0.0,0.0,0.0,0.9999890350877193,0.0,0.002430555555555555,0.0,0.2,0.2,Transit,Tanker
500053151,MV_PHI_CARGO_001,PH,transit,0.999155701754386,tanker,0.9999999707261868,1.0964912280701754e-05,0.0,0.0,0.0,0.0,0.0008333333333333334,0.0,0.999155701754386,0.0,0.002430555555555555,0.0,0.2,0.2,Transit,Tanker
500053151,MV_PHI_CARGO_001,PH,transit,0.999155701754386,tanker,0.9999999695203532,1.0964912280701754e-05,0.0,0.0,0.0,0.0,0.0008333333333333334,0.0,0.999155701754386,0.0,0.002430555555555555,0.0,0.2,0.2,Transit,Tanker
500053151,MV_PHI_CARGO_001,PH,transit,1.0,tanker,0.999999969415728,0.0,0.0,0.0,0.0,0.0,0.0,0.0,1.0,0.0,0.002430555555555555,0.0,0.2,0.2,Transit,Tanker
500053151,MV_PHI_CARGO_001,PH,transit,1.0,tanker,0.9999999694135375,0.0,0.0,0.0,0.0,0.0,0.0,0.0,1.0,0.0,0.002430555555555555,0.0,0.2,0.2,Transit,Tanker
500053151,MV_PHI_CARGO_001,PH,transit,0.9999890350877193,tanker,0.9999999694808432,1.0964912280701754e-05,0.0,0.0,0.0,0.0,0.0,0.0,0.9999890350877193,0.0,0.002430555555555555,0.0,0.2,0.2,Transit,Tanker
500053151,MV_PHI_CARGO_001,PH,transit,1.0,tanker,0.999999970732905,0.0,0.0,0.0,0.0,0.0,0.0,0.0,1.0,0.0,0.002430555555555555,0.0,0.2,0.2,Transit,Tanker
500053151,MV_PHI_CARGO_001,PH,transit,1.0,tanker,0.99999995064902,0.0,0.0,0.0,0.0,0.0,0.0,0.0,1.0,0.0,0.002430555555555555,0.0,0.2,0.2,Transit,Tanker
500053152,MV_PHI_CARGO_002,CN,transit,1.0,tanker,0.9999769259340925,0.0,0.0,0.0,0.0,0.0,0.0,0.0,1.0,0.0,0.002430555555555555,0.0,0.16177523745566705,0.16177523745566705,Transit,Tanker
500053152,MV_PHI_CARGO_002,CN,transit,1.0,tanker,0.9999769259337967,0.0,0.0,0.0,0.0,0.0,0.0,0.0,1.0,0.0,0.002430555555555555,0.0,0.16182351302783937,0.16182351302783937,Transit,Tanker
500053152,MV_PHI_CARGO_002,CN,transit,1.0,tanker,0.999963583033149,0.0,0.0,0.0,0.0,0.0,0.0,0.0,1.0,0.0,0.002430555555555555,0.0,0.1624064024065221,0.1624064024065221,Transit,Tanker
500053152,MV_PHI_CARGO_002,CN,transit,1.0,tanker,0.999964836525768,0.0,0.0,0.0,0.0,0.0,0.0,0.0,1.0,0.0,0.002430555555555555,0.0,0.16352066425196382,0.16352066425196382,Transit,Tanker
500053152,MV_PHI_CARGO_002,CN,transit,1.0,tanker,0.9999769259340925,0.0,0.0,0.0,0.0,0.0,0.0,0.0,1.0,0.0,0.002430555555555555,0.0,0.1646499348471984,0.1646499348471984,Transit,Tanker
500053152,MV_PHI_CARGO_002,CN,transit,0.9983223684210526,tanker,0.9999769259337967,0.0016776315789473683,0.0,0.0,0.0,0.0,0.0,0.0,0.9983223684210526,0.0,0.002430555555555555,0.0,0.16529970340346026,0.16529970340346026,Transit,Tanker
500053152,MV_PHI_CARGO_002,CN,transit,1.0,tanker,0.9999769259337967,0.0,0.0,0.0,0.0,0.0,0.0,0.0,1.0,0.0,0.002430555555555555,0.0,0.1658441857131301,0.1658441857131301,Transit,Tanker
500053152,MV_PHI_CARGO_002,CN,transit,1.0,tanker,0.9999769259337967,0.0,0.0,0.0,0.0,0.0,0.0,0.0,1.0,0.0,0.002430555555555555,0.0,0.165858844185383,0.165858844185383,Transit,Tanker
500053152,MV_PHI_CARGO_002,CN,transit,1.0,tanker,0.9999769259337967,0.0,0.0,0.0,0.0,0.0,0.0,0.0,1.0,0.0,0.002430555555555555,0.0,0.16448398948767412,0.16448398948767412,Transit,Tanker
500053152,MV_PHI_CARGO_002,CN,transit,1.0,tanker,0.9999769259337967,0.0,0.0,0.0,0.0,0.0,0.0,0.0,1.0,0.0,0.002430555555555555,0.0,0.16160588953926008,0.16160588953926008,Transit,Tanker
500053152,MV_PHI_CARGO_002,CN,transit,0.9983223684210526,tanker,0.9999769259340925,0.0016776315789473683,0.0,0.0,0.0,0.0,0.0,0.0,0.9983223684210526,0.0,0.002430555555555555,0.0,0.1581202273642187,0.1581202273642187,Transit,Tanker
500053152,MV_PHI_CARGO_002,CN,transit,1.0,tanker,0.9999635830408752,0.0,0.0,0.0,0.0,0.0,0.0,0.0,1.0,0.0,0.002430555555555555,0.0,0.15494559202724079,0.15494559202724079,Transit,Tanker
500053152,MV_PHI_CARGO_002,CN,transit,0.9983223684210526,tanker,0.9999143515147271,0.0016776315789473683,0.0,0.0,0.0,0.0,0.0,0.0,0.9983223684210526,0.0,0.002430555555555555,0.0,0.1523636006085634,0.1523636006085634,Transit,Tanker
500053152,MV_PHI_CARGO_002,CN,transit,1.0,tanker,0.9999576388423891,0.0,0.0,0.0,0.0,0.0,0.0,0.0,1.0,0.0,0.002430555555555555,0.0,0.1504638492626681,0.1504638492626681,Transit,Tanker
500053152,MV_PHI_CARGO_002,CN,transit,1.0,tanker,0.9999657390063341,0.0,0.0,0.0,0.0,0.0,0.0,0.0,1.0,0.0,0.002430555555555555,0.0,0.14982638771293397,0.14982638771293397,Transit,Tanker
500053152,MV_PHI_CARGO_002,CN,transit,1.0,tanker,0.9999657390010265,0.0,0.0,0.0,0.0,0.0,0.0,0.0,1.0,0.0,0.002430555555555555,0.0,0.15002194412923453,0.15002194412923453,Transit,Tanker
500053152,MV_PHI_CARGO_002,CN,transit,0.9966557017543859,tanker,0.9999769259337967,0.0033442982456140355,0.0,0.0,0.0,0.0,0.0,0.0,0.9966557017543859,0.0,0.002430555555555555,0.0,0.1497526529072026,0.1497526529072026,Transit,Tanker
500053152,MV_PHI_CARGO_002,CN,transit,0.9983223684210526,tanker,0.9999769259337967,0.0016776315789473683,0.0,0.0,0.0,0.0,0.0,0.0,0.9983223684210526,0.0,0.002430555555555555,0.0,0.14920856389246598,0.14920856389246598,Transit,Tanker
500053152,MV_PHI_CARGO_002,CN,transit,0.9983333333333333,tanker,0.9999668405614344,0.0016666666666666668,0.0,0.0,0.0,0.0,0.0,0.0,0.9983333333333333,0.0,0.002430555555555555,0.0,0.14906345729224954,0.14906345729224954,Transit,Tanker
500053152,MV_PHI_CARGO_002,CN,transit,1.0,tanker,0.9999143515147271,0.0,0.0,0.0,0.0,0.0,0.0,0.0,1.0,0.0,0.002430555555555555,0.0,0.14925157643227213,0.14925157643227213,Transit,Tanker
500053152,MV_PHI_CARGO_002,CN,transit,1.0,tanker,0.9999668405614344,0.0,0.0,0.0,0.0,0.0,0.0,0.0,1.0,0.0,0.002430555555555555,0.0,0.15010729837611278,0.15010729837611278,Transit,Tanker
500053152,MV_PHI_CARGO_002,CN,transit,1.0,tanker,0.9999668405654637,0.0,0.0,0.0,0.0,0.0,0.0,0.0,1.0,0.0,0.002430555555555555,0.0,0.15128149878182057,0.15128149878182057,Transit,Tanker
500053152,MV_PHI_CARGO_002,CN,transit,1.0,tanker,0.9999143515147271,0.0,0.0,0.0,0.0,0.0,0.0,0.0,1.0,0.0,0.002430555555555555,0.0,0.15194654963669493,0.15194654963669493,Transit,Tanker
500053152,MV_PHI_CARGO_002,CN,transit,1.0,tanker,0.9999648150373418,0.0,0.0,0.0,0.0,0.0,0.0,0.0,1.0,0.0,0.002430555555555555,0.0,0.15327313837023582,0.15327313837023582,Transit,Tanker
500053152,MV_PHI_CARGO_002,CN,transit,0.9922222222222221,tanker,0.9999768813340126,0.0044444444444444444,0.0,0.0,0.0,0.0,0.0,0.0033333333333333335,0.9922222222222221,0.0,0.002430555555555555,0.0,0.15610551732013403,0.15610551732013403,Transit,Tanker
500053152,MV_PHI_CARGO_002,CN,transit,0.9916557017543859,tanker,0.9999769388475672,0.006677631578947367,0.0,0.0,0.0,0.0,0.0,0.0016666666666666668,0.9916557017543859,0.0,0.002430555555555555,0.0,0.15975425867037701,0.15975425867037701,Transit,Tanker
500053152,MV_PHI_CARGO_002,CN,transit,1.0,tanker,0.9999769259337967,0.0,0.0,0.0,0.0,0.0,0.0,0.0,1.0,0.0,0.002430555555555555,0.0,0.16383943593571978,0.16383943593571978,Transit,Tanker
500053152,MV_PHI_CARGO_002,CN,transit,1.0,tanker,0.9999657390021558,0.0,0.0,0.0,0.0,0.0,0.0,0.0,1.0,0.0,0.002430555555555555,0.0,0.16848891696952148,0.16848891696952148,Transit,Tanker
500053152,MV_PHI_CARGO_002,CN,transit,0.9983223684210526,tanker,0.9999657390021558,0.0016776315789473683,0.0,0.0,0.0,0.0,0.0,0.0,0.9983223684210526,0.0,0.002430555555555555,0.0,0.17346853323061553,0.17346853323061553,Transit,Tanker
500053152,MV_PHI_CARGO_002,CN,transit,0.9983223684210526,tanker,0.9999769259337967,0.0016776315789473683,0.0,0.0,0.0,0.0,0.0,0.0,0.9983223684210526,0.0,0.002430555555555555,0.0,0.17835103105931258,0.17835103105931258,Transit,Tanker
500053152,MV_PHI_CARGO_002,CN,transit,0.9983223684210526,tanker,0.9999769259337967,0.0016776315789473683,0.0,0.0,0.0,0.0,0.0,0.0,0.9983223684210526,0.0,0.002430555555555555,0.0,0.18300124811933283,0.18300124811933283,Transit,Tanker
500053152,MV_PHI_CARGO_002,CN,transit,1.0,tanker,0.9999657390013222,0.0,0.0,0.0,0.0,0.0,0.0,0.0,1.0,0.0,0.002430555555555555,0.0,0.18741589313295462,0.18741589313295462,Transit,Tanker
500053152,MV_PHI_CARGO_002,CN,transit,1.0,tanker,0.9999657390024452,0.0,0.0,0.0,0.0,0.0,0.0,0.0,1.0,0.0,0.002430555555555555,0.0,0.1911684767107807,0.1911684767107807,Transit,Tanker
500053152,MV_PHI_CARGO_002,CN,transit,0.9983333333333333,tanker,0.9999769259337967,0.0016666666666666668,0.0,0.0,0.0,0.0,0.0,0.0,0.9983333333333333,0.0,0.002430555555555555,0.0,0.19417870158338033,0.19417870158338033,Transit,Tanker
500053152,MV_PHI_CARGO_002,CN,transit,1.0,tanker,0.9999769259337967,0.0,0.0,0.0,0.0,0.0,0.0,0.0,1.0,0.0,0.002430555555555555,0.0,0.19738943675651374,0.19738943675651374,Transit,Tanker
500053152,MV_PHI_CARGO_002,CN,transit,1.0,tanker,0.9999769259337967,0.0,0.0,0.0,0.0,0.0,0.0,0.0,1.0,0.0,0.002430555555555555,0.0,0.2,0.2,Transit,Tanker
500053152,MV_PHI_CARGO_002,CN,transit,1.0,tanker,0.9999769323004104,0.0,0.0,0.0,0.0,0.0,0.0,0.0,1.0,0.0,0.002430555555555555,0.0,0.2,0.2,Transit,Tanker
500053152,MV_PHI_CARGO_002,CN,transit,0.9983223684210526,tanker,0.9999657494977844,0.0016776315789473683,0.0,0.0,0.0,0.0,0.0,0.0,0.9983223684210526,0.0,0.002430555555555555,0.0,0.2,0.2,Transit,Tanker
500053152,MV_PHI_CARGO_002,CN,transit,0.9667747493734336,tanker,0.9998183740726392,0.006241123642439433,0.007222222222222222,0.0,0.0,0.005317460317460317,0.0011111111111111111,0.01111111111111111,0.9667747493734336,0.0022222222222222222,0.002430555555555555,0.0,0.2,0.2,Transit,Tanker
500053152,MV_PHI_CARGO_002,CN,transit,1.0,tanker,0.9999668405614344,0.0,0.0,0.0,0.0,0.0,0.0,0.0,1.0,0.0,0.002430555555555555,0.0,0.2,0.2,Transit,Tanker
500053152,MV_PHI_CARGO_002,CN,transit,1.0,tanker,0.9999150281400573,0.0,0.0,0.0,0.0,0.0,0.0,0.0,1.0,0.0,0.002430555555555555,0.0,0.2,0.2,Transit,Tanker
500053152,MV_PHI_CARGO_002,CN,transit,0.9966557017543859,tanker,0.9999143515147271,0.0033442982456140355,0.0,0.0,0.0,0.0,0.0,0.0,0.9966557017543859,0.0,0.002430555555555555,0.0,0.2,0.2,Transit,Tanker
500053152,MV_PHI_CARGO_002,CN,transit,1.0,tanker,0.9998113640685672,0.0,0.0,0.0,0.0,0.0,0.0,0.0,1.0,0.0,0.002430555555555555,0.0,0.2,0.2,Transit,Tanker
500053152,MV_PHI_CARGO_002,CN,transit,0.9983223684210526,tanker,0.9999769259337967,0.0016776315789473683,0.0,0.0,0.0,0.0,0.0,0.0,0.9983223684210526,0.0,0.002430555555555555,0.0,0.2,0.2,Transit,Tanker
500053152,MV_PHI_CARGO_002,CN,transit,0.9983223684210526,tanker,0.9999769259337967,0.0016776315789473683,0.0,0.0,0.0,0.0,0.0,0.0,0.9983223684210526,0.0,0.002430555555555555,0.0,0.2,0.2,Transit,Tanker
500053152,MV_PHI_CARGO_002,CN,transit,0.9983223684210526,tanker,0.9999769259337967,0.0016776315789473683,0.0,0.0,0.0,0.0,0.0,0.0,0.9983223684210526,0.0,0.002430555555555555,0.0,0.2,0.2,Transit,Tanker
500053152,MV_PHI_CARGO_002,CN,transit,1.0,tanker,0.9999769259337967,0.0,0.0,0.0,0.0,0.0,0.0,0.0,1.0,0.0,0.002430555555555555,0.0,0.2,0.2,Transit,Tanker
500053152,MV_PHI_CARGO_002,CN,transit,0.9983333333333333,tanker,0.9999769259337967,0.0016666666666666668,0.0,0.0,0.0,0.0,0.0,0.0,0.9983333333333333,0.0,0.002430555555555555,0.0,0.2,0.2,Transit,Tanker
500053152,MV_PHI_CARGO_002,CN,transit,1.0,tanker,0.9999657390010265,0.0,0.0,0.0,0.0,0.0,0.0,0.0,1.0,0.0,0.002430555555555555,0.0,0.2,0.2,Transit,Tanker
500053152,MV_PHI_CARGO_002,CN,transit,0.9983333333333333,tanker,0.9999657390017543,0.0016666666666666668,0.0,0.0,0.0,0.0,0.0,0.0,0.9983333333333333,0.0,0.002430555555555555,0.0,0.2,0.2,Transit,Tanker
500053152,MV_PHI_CARGO_002,CN,transit,0.9983223684210526,tanker,0.9999657390021558,0.0016776315789473683,0.0,0.0,0.0,0.0,0.0,0.0,0.9983223684210526,0.0,0.002430555555555555,0.0,0.19869976825447122,0.19869976825447122,Transit,Tanker
500053152,MV_PHI_CARGO_002,CN,transit,1.0,tanker,0.9999769259337967,0.0,0.0,0.0,0.0,0.0,0.0,0.0,1.0,0.0,0.002430555555555555,0.0,0.19596950036154023,0.19596950036154023,Transit,Tanker
500053152,MV_PHI_CARGO_002,CN,transit,1.0,tanker,0.9999769259337967,0.0,0.0,0.0,0.0,0.0,0.0,0.0,1.0,0.0,0.002430555555555555,0.0,0.19293785914828498,0.19293785914828498,Transit,Tanker
500053152,MV_PHI_CARGO_002,CN,transit,1.0,tanker,0.9999657390010265,0.0,0.0,0.0,0.0,0.0,0.0,0.0,1.0,0.0,0.002430555555555555,0.0,0.18912989928273813,0.18912989928273813,Transit,Tanker
500053152,MV_PHI_CARGO_002,CN,transit,0.9983223684210526,tanker,0.9999657574468096,0.0016776315789473683,0.0,0.0,0.0,0.0,0.0,0.0,0.9983223684210526,0.0,0.002430555555555555,0.0,0.1846807313312547,0.1846807313312547,Transit,Tanker
500053152,MV_PHI_CARGO_002,CN,transit,1.0,tanker,0.9999657390024452,0.0,0.0,0.0,0.0,0.0,0.0,0.0,1.0,0.0,0.002430555555555555,0.0,0.18006605780604618,0.18006605780604618,Transit,Tanker
500053153,MV_PHI_CARGO_003,ID,transit,1.0,cargo,0.9882536311792192,0.0,0.0,0.0,0.0,0.0,0.0,0.0,1.0,0.0,0.002430555555555555,0.0,0.0,0.002430555555555555,Transit,Cargo
500053153,MV_PHI_CARGO_003,ID,transit,0.9892112573099414,cargo,0.9882536311792192,0.0030109649122807016,0.0,0.0,0.007777777777777777,0.0,0.0,0.0,0.9892112573099414,0.0,0.002430555555555555,0.0,0.0,0.002430555555555555,Transit,Cargo
500053153,MV_PHI_CARGO_003,ID,transit,1.0,cargo,0.9882536311792192,0.0,0.0,0.0,0.0,0.0,0.0,0.0,1.0,0.0,0.002430555555555555,0.0,0.0,0.002430555555555555,Transit,Cargo
500053153,MV_PHI_CARGO_003,ID,transit,0.9999890350877193,cargo,0.9882549832796897,1.0964912280701754e-05,0.0,0.0,0.0,0.0,0.0,0.0,0.9999890350877193,0.0,0.002430555555555555,0.0,0.0,0.002430555555555555,Transit,Cargo
500053153,MV_PHI_CARGO_003,ID,transit,1.0,cargo,0.9882549816069791,0.0,0.0,0.0,0.0,0.0,0.0,0.0,1.0,0.0,0.002430555555555555,0.0,0.0,0.002430555555555555,Transit,Cargo
500053153,MV_PHI_CARGO_003,ID,transit,0.9986666666666667,cargo,0.9882549832796897,0.0013333333333333335,0.0,0.0,0.0,0.0,0.0,0.0,0.9986666666666667,0.0,0.002430555555555555,0.0,0.0,0.002430555555555555,Transit,Cargo
500053153,MV_PHI_CARGO_003,ID,transit,1.0,cargo,0.9882549816069791,0.0,0.0,0.0,0.0,0.0,0.0,0.0,1.0,0.0,0.002430555555555555,0.0,0.0,0.002430555555555555,Transit,Cargo
500053153,MV_PHI_CARGO_003,ID,transit,1.0,cargo,0.9882549816069791,0.0,0.0,0.0,0.0,0.0,0.0,0.0,1.0,0.0,0.002430555555555555,0.0,0.0,0.002430555555555555,Transit,Cargo
500053153,MV_PHI_CARGO_003,ID,transit,1.0,cargo,0.9882549832796897,0.0,0.0,0.0,0.0,0.0,0.0,0.0,1.0,0.0,0.002430555555555555,0.0,0.0,0.002430555555555555,Transit,Cargo
500053153,MV_PHI_CARGO_003,ID,transit,0.9999890350877193,cargo,0.9882478002963423,1.0964912280701754e-05,0.0,0.0,0.0,0.0,0.0,0.0,0.9999890350877193,0.0,0.002430555555555555,0.0,0.0,0.002430555555555555,Transit,Cargo
500053153,MV_PHI_CARGO_003,ID,transit,1.0,cargo,0.9882536311792192,0.0,0.0,0.0,0.0,0.0,0.0,0.0,1.0,0.0,0.002430555555555555,0.0,0.0,0.002430555555555555,Transit,Cargo
500053153,MV_PHI_CARGO_003,ID,transit,1.0,cargo,0.9882549832796897,0.0,0.0,0.0,0.0,0.0,0.0,0.0,1.0,0.0,0.002430555555555555,0.0,0.0,0.002430555555555555,Transit,Cargo
500053153,MV_PHI_CARGO_003,ID,transit,1.0,cargo,0.9882549832796897,0.0,0.0,0.0,0.0,0.0,0.0,0.0,1.0,0.0,0.002430555555555555,0.0,0.0,0.002430555555555555,Transit,Cargo
500053153,MV_PHI_CARGO_003,ID,transit,1.0,cargo,0.9882549832796897,0.0,0.0,0.0,0.0,0.0,0.0,0.0,1.0,0.0,0.002430555555555555,0.0,0.0,0.002430555555555555,Transit,Cargo
500053153,MV_PHI_CARGO_003,ID,transit,0.9999890350877193,cargo,0.9882549832796897,1.0964912280701754e-05,0.0,0.0,0.0,0.0,0.0,0.0,0.9999890350877193,0.0,0.002430555555555555,0.0,0.0,0.002430555555555555,Transit,Cargo
500053153,MV_PHI_CARGO_003,ID,transit,1.0,cargo,0.9882549832796897,0.0,0.0,0.0,0.0,0.0,0.0,0.0,1.0,0.0,0.002430555555555555,0.0,0.0,0.002430555555555555,Transit,Cargo
500053153,MV_PHI_CARGO_003,ID,transit,1.0,cargo,0.9882477986226162,0.0,0.0,0.0,0.0,0.0,0.0,0.0,1.0,0.0,0.002430555555555555,0.0,0.0,0.002430555555555555,Transit,Cargo
500053153,MV_PHI_CARGO_003,ID,transit,1.0,bulk_carrier,0.9557576847888725,0.0,0.0,0.0,0.0,0.0,0.0,0.0,1.0,0.0,0.002430555555555555,0.0,0.0,0.002430555555555555,Transit,Bulk Carrier
500053153,MV_PHI_CARGO_003,ID,transit,0.9999890350877193,cargo,0.9882464473787852,1.0964912280701754e-05,0.0,0.0,0.0,0.0,0.0,0.0,0.9999890350877193,0.0,0.002430555555555555,0.0,0.0,0.002430555555555555,Transit,Cargo
500053153,MV_PHI_CARGO_003,ID,transit,1.0,cargo,0.9882478002974157,0.0,0.0,0.0,0.0,0.0,0.0,0.0,1.0,0.0,0.002430555555555555,0.0,0.0,0.002430555555555555,Transit,Cargo
500053153,MV_PHI_CARGO_003,ID,transit,1.0,cargo,0.9882478002963423,0.0,0.0,0.0,0.0,0.0,0.0,0.0,1.0,0.0,0.002430555555555555,0.0,0.0,0.002430555555555555,Transit,Cargo
500053153,MV_PHI_CARGO_003,ID,transit,1.0,cargo,0.9882478002963423,0.0,0.0,0.0,0.0,0.0,0.0,0.0,1.0,0.0,0.002430555555555555,0.0,0.0,0.002430555555555555,Transit,Cargo
500053153,MV_PHI_CARGO_003,ID,transit,1.0,cargo,0.9882478002963423,0.0,0.0,0.0,0.0,0.0,0.0,0.0,1.0,0.0,0.002430555555555555,0.0,0.0,0.002430555555555555,Transit,Cargo
500053153,MV_PHI_CARGO_003,ID,transit,0.9999890350877193,cargo,0.9882478002963423,1.0964912280701754e-05,0.0,0.0,0.0,0.0,0.0,0.0,0.9999890350877193,0.0,0.002430555555555555,0.0,0.0,0.002430555555555555,Transit,Cargo
500053153,MV_PHI_CARGO_003,ID,transit,0.9999890350877193,cargo,0.9882478002963423,1.0964912280701754e-05,0.0,0.0,0.0,0.0,0.0,0.0,0.9999890350877193,0.0,0.002430555555555555,0.0,0.0,0.002430555555555555,Transit,Cargo
500053153,MV_PHI_CARGO_003,ID,transit,1.0,cargo,0.9882477986226162,0.0,0.0,0.0,0.0,0.0,0.0,0.0,1.0,0.0,0.002430555555555555,0.0,0.0,0.002430555555555555,Transit,Cargo
500053153,MV_PHI_CARGO_003,ID,transit,1.0,cargo,0.9882477986226162,0.0,0.0,0.0,0.0,0.0,0.0,0.0,1.0,0.0,0.002430555555555555,0.0,0.0,0.002430555555555555,Transit,Cargo
500053153,MV_PHI_CARGO_003,ID,transit,0.9866001461988304,cargo,0.9882478002963423,1.0964912280701754e-05,0.0,0.0,0.01338888888888889,0.0,0.0,0.0,0.9866001461988304,0.0,0.002430555555555555,0.0,0.0,0.002430555555555555,Transit,Cargo
500053153,MV_PHI_CARGO_003,ID,transit,0.9999890350877193,cargo,0.9882477990832079,1.0964912280701754e-05,0.0,0.0,0.0,0.0,0.0,0.0,0.9999890350877193,0.0,0.002430555555555555,0.0,0.0,0.002430555555555555,Transit,Cargo
500053153,MV_PHI_CARGO_003,ID,transit,1.0,cargo,0.9882478002963423,0.0,0.0,0.0,0.0,0.0,0.0,0.0,1.0,0.0,0.002430555555555555,0.0,0.0,0.002430555555555555,Transit,Cargo
500053153,MV_PHI_CARGO_003,ID,transit,1.0,cargo,0.9882477986226162,0.0,0.0,0.0,0.0,0.0,0.0,0.0,1.0,0.0,0.002430555555555555,0.0,0.0,0.002430555555555555,Transit,Cargo
500053153,MV_PHI_CARGO_003,ID,transit,0.996388888888889,cargo,0.9882477986226162,0.0,0.0,0.0,0.003611111111111111,0.0,0.0,0.0,0.996388888888889,0.0,0.002430555555555555,0.0,0.0,0.002430555555555555,Transit,Cargo
500053153,MV_PHI_CARGO_003,ID,transit,1.0,cargo,0.9882478002963423,0.0,0.0,0.0,0.0,0.0,0.0,0.0,1.0,0.0,0.002430555555555555,0.0,0.0,0.002430555555555555,Transit,Cargo
500053153,MV_PHI_CARGO_003,ID,transit,1.0,cargo,0.9882458655830393,0.0,0.0,0.0,0.0,0.0,0.0,0.0,1.0,0.0,0.002430555555555555,0.0,0.0,0.002430555555555555,Transit,Cargo
500053153,MV_PHI_CARGO_003,ID,transit,1.0,cargo,0.9882536311792192,0.0,0.0,0.0,0.0,0.0,0.0,0.0,1.0,0.0,0.002430555555555555,0.0,0.0,0.002430555555555555,Transit,Cargo
500053153,MV_PHI_CARGO_003,ID,transit,0.9755555555555556,cargo,0.9882549832795764,0.0033333333333333335,0.0016666666666666668,0.0,0.0,0.0033333333333333335,0.0,0.012777777777777777,0.9755555555555556,0.0033333333333333335,0.002430555555555555,0.0,0.0,0.002430555555555555,Transit,Cargo
500053153,MV_PHI_CARGO_003,ID,transit,1.0,bulk_carrier,0.9752193207396146,0.0,0.0,0.0,0.0,0.0,0.0,0.0,1.0,0.0,0.002430555555555555,0.0,0.0,0.002430555555555555,Transit,Bulk Carrier
500053153,MV_PHI_CARGO_003,ID,transit,1.0,cargo,0.9882549832807632,0.0,0.0,0.0,0.0,0.0,0.0,0.0,1.0,0.0,0.002430555555555555,0.0,0.0,0.002430555555555555,Transit,Cargo
500053153,MV_PHI_CARGO_003,ID,transit,1.0,cargo,0.9882536311792192,0.0,0.0,0.0,0.0,0.0,0.0,0.0,1.0,0.0,0.002430555555555555,0.0,0.0,0.002430555555555555,Transit,Cargo
500053153,MV_PHI_CARGO_003,ID,transit,0.9999890350877193,cargo,0.9882536311792192,1.0964912280701754e-05,0.0,0.0,0.0,0.0,0.0,0.0,0.9999890350877193,0.0,0.002430555555555555,0.0,0.0,0.002430555555555555,Transit,Cargo
500053153,MV_PHI_CARGO_003,ID,transit,1.0,cargo,0.9882549832796897,0.0,0.0,0.0,0.0,0.0,0.0,0.0,1.0,0.0,0.002430555555555555,0.0,0.0,0.002430555555555555,Transit,Cargo
500053153,MV_PHI_CARGO_003,ID,transit,1.0,cargo,0.9882478002963423,0.0,0.0,0.0,0.0,0.0,0.0,0.0,1.0,0.0,0.002430555555555555,0.0,0.0,0.002430555555555555,Transit,Cargo
500053153,MV_PHI_CARGO_003,ID,transit,0.9999890350877193,cargo,0.9882478002963423,1.0964912280701754e-05,0.0,0.0,0.0,0.0,0.0,0.0,0.9999890350877193,0.0,0.002430555555555555,0.0,0.0,0.002430555555555555,Transit,Cargo
500053153,MV_PHI_CARGO_003,ID,transit,0.9969890350877193,cargo,0.9882477986226162,0.0030109649122807016,0.0,0.0,0.0,0.0,0.0,0.0,0.9969890350877193,0.0,0.002430555555555555,0.0,0.0,0.002430555555555555,Transit,Cargo
500053153,MV_PHI_CARGO_003,ID,transit,0.9999890350877193,cargo,0.9882464473787852,1.0964912280701754e-05,0.0,0.0,0.0,0.0,0.0,0.0,0.9999890350877193,0.0,0.002430555555555555,0.0,0.0,0.002430555555555555,Transit,Cargo
500053153,MV_PHI_CARGO_003,ID,transit,0.9999890350877193,cargo,0.9882464473787852,1.0964912280701754e-05,0.0,0.0,0.0,0.0,0.0,0.0,0.9999890350877193,0.0,0.002430555555555555,0.0,0.0,0.002430555555555555,Transit,Cargo
500053153,MV_PHI_CARGO_003,ID,transit,1.0,cargo,0.988246284448569,0.0,0.0,0.0,0.0,0.0,0.0,0.0,1.0,0.0,0.002430555555555555,0.0,0.0,0.002430555555555555,Transit,Cargo
500053153,MV_PHI_CARGO_003,ID,transit,0.9940555555555557,cargo,0.9882458656139648,0.0,0.0,0.0,0.005944444444444444,0.0,0.0,0.0,0.9940555555555557,0.0,0.002430555555555555,0.0,0.0,0.002430555555555555,Transit,Cargo
500053153,MV_PHI_CARGO_003,ID,transit,0.996388888888889,cargo,0.9882470844794954,0.0,0.0,0.0,0.003611111111111111,0.0,0.0,0.0,0.996388888888889,0.0,0.002430555555555555,0.0,0.0,0.002430555555555555,Transit,Cargo
500053153,MV_PHI_CARGO_003,ID,transit,1.0,cargo,0.9882477986226162,0.0,0.0,0.0,0.0,0.0,0.0,0.0,1.0,0.0,0.002430555555555555,0.0,0.0,0.002430555555555555,Transit,Cargo
500053153,MV_PHI_CARGO_003,ID,transit,0.9940555555555557,cargo,0.9882458656139648,0.0,0.0,0.0,0.005944444444444444,0.0,0.0,0.0,0.9940555555555557,0.0,0.002430555555555555,0.0,0.0,0.002430555555555555,Transit,Cargo
500053153,MV_PHI_CARGO_003,ID,transit,0.9940445906432749,cargo,0.9882478002963423,1.0964912280701754e-05,0.0,0.0,0.005944444444444444,0.0,0.0,0.0,0.9940445906432749,0.0,0.002430555555555555,0.0,0.0,0.002430555555555555,Transit,Cargo
500053153,MV_PHI_CARGO_003,ID,transit,0.9940445906432749,cargo,0.9882477986226162,1.0964912280701754e-05,0.0,0.0,0.005944444444444444,0.0,0.0,0.0,0.9940445906432749,0.0,0.002430555555555555,0.0,0.0,0.002430555555555555,Transit,Cargo
500053153,MV_PHI_CARGO_003,ID,transit,0.996388888888889,cargo,0.9882464473787852,0.0,0.0,0.0,0.003611111111111111,0.0,0.0,0.0,0.996388888888889,0.0,0.002430555555555555,0.0,0.0,0.002430555555555555,Transit,Cargo
500053153,MV_PHI_CARGO_003,ID,transit,0.9963779239766082,cargo,0.9882477986226162,1.0964912280701754e-05,0.0,0.0,0.003611111111111111,0.0,0.0,0.0,0.9963779239766082,0.0,0.002430555555555555,0.0,0.0,0.002430555555555555,Transit,Cargo
500053153,MV_PHI_CARGO_003,ID,transit,0.9940445906432749,cargo,0.9882478002963423,1.0964912280701754e-05,0.0,0.0,0.005944444444444444,0.0,0.0,0.0,0.9940445906432749,0.0,0.002430555555555555,0.0,0.0,0.002430555555555555,Transit,Cargo
500053154,MV_PHI_CARGO_004,SG,transit,0.9999890350877193,cargo,0.9999999873495996,1.0964912280701754e-05,0.0,0.0,0.0,0.0,0.0,0.0,0.9999890350877193,0.0,0.002430555555555555,0.0,0.0,0.002430555555555555,Transit,Cargo
500053154,MV_PHI_CARGO_004,SG,transit,0.9999890350877193,cargo,0.999999987357224,1.0964912280701754e-05,0.0,0.0,0.0,0.0,0.0,0.0,0.9999890350877193,0.0,0.002430555555555555,0.0,0.0,0.002430555555555555,Transit,Cargo
500053154,MV_PHI_CARGO_004,SG,transit,1.0,cargo,0.999999987357224,0.0,0.0,0.0,0.0,0.0,0.0,0.0,1.0,0.0,0.002430555555555555,0.0,0.0,0.002430555555555555,Transit,Cargo
500053154,MV_PHI_CARGO_004,SG,transit,1.0,cargo,0.9999999873495996,0.0,0.0,0.0,0.0,0.0,0.0,0.0,1.0,0.0,0.002430555555555555,0.0,0.0,0.002430555555555555,Transit,Cargo
500053154,MV_PHI_CARGO_004,SG,transit,0.9963779239766082,cargo,0.9999999873495996,1.0964912280701754e-05,0.0,0.0,0.003611111111111111,0.0,0.0,0.0,0.9963779239766082,0.0,0.002430555555555555,0.0,0.0,0.002430555555555555,Transit,Cargo
500053154,MV_PHI_CARGO_004,SG,transit,1.0,cargo,0.999999987357224,0.0,0.0,0.0,0.0,0.0,0.0,0.0,1.0,0.0,0.002430555555555555,0.0,0.0,0.002430555555555555,Transit,Cargo
500053154,MV_PHI_CARGO_004,SG,transit,1.0,cargo,0.9999999873495996,0.0,0.0,0.0,0.0,0.0,0.0,0.0,1.0,0.0,0.002430555555555555,0.0,0.0,0.002430555555555555,Transit,Cargo
500053154,MV_PHI_CARGO_004,SG,transit,0.9999890350877193,cargo,0.9999999874584496,1.0964912280701754e-05,0.0,0.0,0.0,0.0,0.0,0.0,0.9999890350877193,0.0,0.002430555555555555,0.0,0.0,0.002430555555555555,Transit,Cargo
500053154,MV_PHI_CARGO_004,SG,transit,0.9999890350877193,cargo,0.9999999874584496,1.0964912280701754e-05,0.0,0.0,0.0,0.0,0.0,0.0,0.9999890350877193,0.0,0.002430555555555555,0.0,0.0,0.002430555555555555,Transit,Cargo
500053154,MV_PHI_CARGO_004,SG,transit,0.9999890350877193,cargo,0.999999987357224,1.0964912280701754e-05,0.0,0.0,0.0,0.0,0.0,0.0,0.9999890350877193,0.0,0.002430555555555555,0.0,0.0,0.002430555555555555,Transit,Cargo
500053154,MV_PHI_CARGO_004,SG,transit,1.0,cargo,0.9999999873495996,0.0,0.0,0.0,0.0,0.0,0.0,0.0,1.0,0.0,0.002430555555555555,0.0,0.0,0.002430555555555555,Transit,Cargo
500053154,MV_PHI_CARGO_004,SG,transit,1.0,cargo,0.9999999873495996,0.0,0.0,0.0,0.0,0.0,0.0,0.0,1.0,0.0,0.002430555555555555,0.0,0.0,0.002430555555555555,Transit,Cargo
500053154,MV_PHI_CARGO_004,SG,transit,1.0,cargo,0.9999999873495996,0.0,0.0,0.0,0.0,0.0,0.0,0.0,1.0,0.0,0.002430555555555555,0.0,0.0,0.002430555555555555,Transit,Cargo
500053154,MV_PHI_CARGO_004,SG,transit,1.0,cargo,0.9999999873495996,0.0,0.0,0.0,0.0,0.0,0.0,0.0,1.0,0.0,0.002430555555555555,0.0,0.0,0.002430555555555555,Transit,Cargo
500053154,MV_PHI_CARGO_004,SG,transit,1.0,cargo,0.999999987357224,0.0,0.0,0.0,0.0,0.0,0.0,0.0,1.0,0.0,0.002430555555555555,0.0,0.0,0.002430555555555555,Transit,Cargo
500053154,MV_PHI_CARGO_004,SG,transit,0.9999890350877193,cargo,0.9999999873495996,1.0964912280701754e-05,0.0,0.0,0.0,0.0,0.0,0.0,0.9999890350877193,0.0,0.002430555555555555,0.0,0.0,0.002430555555555555,Transit,Cargo
500053154,MV_PHI_CARGO_004,SG,transit,1.0,cargo,0.9999999874584496,0.0,0.0,0.0,0.0,0.0,0.0,0.0,1.0,0.0,0.002430555555555555,0.0,0.0,0.002430555555555555,Transit,Cargo
500053154,MV_PHI_CARGO_004,SG,transit,1.0,cargo,0.9999999874584496,0.0,0.0,0.0,0.0,0.0,0.0,0.0,1.0,0.0,0.002430555555555555,0.0,0.0,0.002430555555555555,Transit,Cargo
500053154,MV_PHI_CARGO_004,SG,transit,1.0,cargo,0.9999999873495996,0.0,0.0,0.0,0.0,0.0,0.0,0.0,1.0,0.0,0.002430555555555555,0.0,0.0,0.002430555555555555,Transit,Cargo
500053154,MV_PHI_CARGO_004,SG,transit,1.0,cargo,0.9999999873495996,0.0,0.0,0.0,0.0,0.0,0.0,0.0,1.0,0.0,0.002430555555555555,0.0,0.0,0.002430555555555555,Transit,Cargo
500053154,MV_PHI_CARGO_004,SG,transit,1.0,cargo,0.999999987357224,0.0,0.0,0.0,0.0,0.0,0.0,0.0,1.0,0.0,0.002430555555555555,0.0,0.0,0.002430555555555555,Transit,Cargo
500053154,MV_PHI_CARGO_004,SG,transit,1.0,cargo,0.9999999874584496,0.0,0.0,0.0,0.0,0.0,0.0,0.0,1.0,0.0,0.002430555555555555,0.0,0.0,0.002430555555555555,Transit,Cargo
500053154,MV_PHI_CARGO_004,SG,transit,0.9983333333333333,cargo,0.9999999874564437,0.0016666666666666668,0.0,0.0,0.0,0.0,0.0,0.0,0.9983333333333333,0.0,0.002430555555555555,0.0,0.0,0.002430555555555555,Transit,Cargo
500053154,MV_PHI_CARGO_004,SG,transit,1.0,cargo,0.9999999873495996,0.0,0.0,0.0,0.0,0.0,0.0,0.0,1.0,0.0,0.002430555555555555,0.0,0.0,0.002430555555555555,Transit,Cargo
500053154,MV_PHI_CARGO_004,SG,transit,1.0,cargo,0.9999999873495996,0.0,0.0,0.0,0.0,0.0,0.0,0.0,1.0,0.0,0.002430555555555555,0.0,0.0,0.002430555555555555,Transit,Cargo
500053154,MV_PHI_CARGO_004,SG,transit,1.0,cargo,0.9999999873495996,0.0,0.0,0.0,0.0,0.0,0.0,0.0,1.0,0.0,0.002430555555555555,0.0,0.0,0.002430555555555555,Transit,Cargo
500053154,MV_PHI_CARGO_004,SG,transit,1.0,cargo,0.9999999873495996,0.0,0.0,0.0,0.0,0.0,0.0,0.0,1.0,0.0,0.002430555555555555,0.0,0.0,0.002430555555555555,Transit,Cargo
500053154,MV_PHI_CARGO_004,SG,transit,0.9999890350877193,cargo,0.9999999873495996,1.0964912280701754e-05,0.0,0.0,0.0,0.0,0.0,0.0,0.9999890350877193,0.0,0.002430555555555555,0.0,0.0,0.002430555555555555,Transit,Cargo
500053154,MV_PHI_CARGO_004,SG,transit,1.0,cargo,0.999999987357224,0.0,0.0,0.0,0.0,0.0,0.0,0.0,1.0,0.0,0.002430555555555555,0.0,0.0,0.002430555555555555,Transit,Cargo
500053154,MV_PHI_CARGO_004,SG,transit,1.0,cargo,0.9999999873495996,0.0,0.0,0.0,0.0,0.0,0.0,0.0,1.0,0.0,0.002430555555555555,0.0,0.0,0.002430555555555555,Transit,Cargo
500053154,MV_PHI_CARGO_004,SG,transit,0.9999890350877193,cargo,0.9999999873495996,1.0964912280701754e-05,0.0,0.0,0.0,0.0,0.0,0.0,0.9999890350877193,0.0,0.002430555555555555,0.0,0.0,0.002430555555555555,Transit,Cargo
500053154,MV_PHI_CARGO_004,SG,transit,0.9983223684210526,cargo,0.9999999873503472,1.0964912280701754e-05,0.0016666666666666668,0.0,0.0,0.0,0.0,0.0,0.9983223684210526,0.0,0.002430555555555555,0.0,0.0,0.002430555555555555,Transit,Cargo
500053154,MV_PHI_CARGO_004,SG,transit,0.9983333333333333,cargo,0.9999999874584496,0.0,0.0016666666666666668,0.0,0.0,0.0,0.0,0.0,0.9983333333333333,0.0,0.002430555555555555,0.0,0.0,0.002430555555555555,Transit,Cargo
500053154,MV_PHI_CARGO_004,SG,transit,1.0,cargo,0.9999999874584496,0.0,0.0,0.0,0.0,0.0,0.0,0.0,1.0,0.0,0.002430555555555555,0.0,0.0,0.002430555555555555,Transit,Cargo
500053154,MV_PHI_CARGO_004,SG,transit,1.0,cargo,0.9999999874584496,0.0,0.0,0.0,0.0,0.0,0.0,0.0,1.0,0.0,0.002430555555555555,0.0,0.0,0.002430555555555555,Transit,Cargo
500053154,MV_PHI_CARGO_004,SG,transit,1.0,cargo,0.9999999873495996,0.0,0.0,0.0,0.0,0.0,0.0,0.0,1.0,0.0,0.002430555555555555,0.0,0.0,0.002430555555555555,Transit,Cargo
500053154,MV_PHI_CARGO_004,SG,transit,0.9999890350877193,cargo,0.9999999873495996,1.0964912280701754e-05,0.0,0.0,0.0,0.0,0.0,0.0,0.9999890350877193,0.0,0.002430555555555555,0.0,0.0,0.002430555555555555,Transit,Cargo
500053154,MV_PHI_CARGO_004,SG,transit,0.9999890350877193,cargo,0.9999999873495996,1.0964912280701754e-05,0.0,0.0,0.0,0.0,0.0,0.0,0.9999890350877193,0.0,0.002430555555555555,0.0,0.0,0.002430555555555555,Transit,Cargo
500053154,MV_PHI_CARGO_004,SG,transit,0.9999890350877193,cargo,0.9999999873495996,1.0964912280701754e-05,0.0,0.0,0.0,0.0,0.0,0.0,0.9999890350877193,0.0,0.002430555555555555,0.0,0.0,0.002430555555555555,Transit,Cargo
500053154,MV_PHI_CARGO_004,SG,transit,1.0,cargo,0.9999999874584496,0.0,0.0,0.0,0.0,0.0,0.0,0.0,1.0,0.0,0.002430555555555555,0.0,0.0,0.002430555555555555,Transit,Cargo
500053154,MV_PHI_CARGO_004,SG,transit,1.0,cargo,0.9999999873495996,0.0,0.0,0.0,0.0,0.0,0.0,0.0,1.0,0.0,0.002430555555555555,0.0,0.0,0.002430555555555555,Transit,Cargo
500053154,MV_PHI_CARGO_004,SG,transit,1.0,cargo,0.9999999873495996,0.0,0.0,0.0,0.0,0.0,0.0,0.0,1.0,0.0,0.002430555555555555,0.0,0.0,0.002430555555555555,Transit,Cargo
500053154,MV_PHI_CARGO_004,SG,transit,1.0,cargo,0.9999999873495996,0.0,0.0,0.0,0.0,0.0,0.0,0.0,1.0,0.0,0.002430555555555555,0.0,0.0,0.002430555555555555,Transit,Cargo
500053154,MV_PHI_CARGO_004,SG,transit,0.9999890350877193,cargo,0.9999999873495996,1.0964912280701754e-05,0.0,0.0,0.0,0.0,0.0,0.0,0.9999890350877193,0.0,0.002430555555555555,0.0,0.0,0.002430555555555555,Transit,Cargo
500053154,MV_PHI_CARGO_004,SG,transit,1.0,cargo,0.9999999873495996,0.0,0.0,0.0,0.0,0.0,0.0,0.0,1.0,0.0,0.002430555555555555,0.0,0.0,0.002430555555555555,Transit,Cargo
500053154,MV_PHI_CARGO_004,SG,transit,1.0,cargo,0.9999999873495996,0.0,0.0,0.0,0.0,0.0,0.0,0.0,1.0,0.0,0.002430555555555555,0.0,0.0,0.002430555555555555,Transit,Cargo
500053154,MV_PHI_CARGO_004,SG,transit,1.0,cargo,0.9999999873495996,0.0,0.0,0.0,0.0,0.0,0.0,0.0,1.0,0.0,0.002430555555555555,0.0,0.0,0.002430555555555555,Transit,Cargo
500053154,MV_PHI_CARGO_004,SG,transit,1.0,cargo,0.9999999874584496,0.0,0.0,0.0,0.0,0.0,0.0,0.0,1.0,0.0,0.002430555555555555,0.0,0.0,0.002430555555555555,Transit,Cargo
500053154,MV_PHI_CARGO_004,SG,transit,0.9977668128654972,cargo,0.9999999874584496,0.0022331871345029237,0.0,0.0,0.0,0.0,0.0,0.0,0.9977668128654972,0.0,0.002430555555555555,0.0,0.0,0.002430555555555555,Transit,Cargo
500053154,MV_PHI_CARGO_004,SG,transit,1.0,cargo,0.999999987357224,0.0,0.0,0.0,0.0,0.0,0.0,0.0,1.0,0.0,0.002430555555555555,0.0,0.0,0.002430555555555555,Transit,Cargo
500053154,MV_PHI_CARGO_004,SG,transit,1.0,cargo,0.9999999873506992,0.0,0.0,0.0,0.0,0.0,0.0,0.0,1.0,0.0,0.002430555555555555,0.0,0.0,0.002430555555555555,Transit,Cargo
500053154,MV_PHI_CARGO_004,SG,transit,1.0,cargo,0.9999999874584496,0.0,0.0,0.0,0.0,0.0,0.0,0.0,1.0,0.0,0.002430555555555555,0.0,0.0,0.002430555555555555,Transit,Cargo
500053154,MV_PHI_CARGO_004,SG,transit,1.0,cargo,0.9999999873495996,0.0,0.0,0.0,0.0,0.0,0.0,0.0,1.0,0.0,0.002430555555555555,0.0,0.0,0.002430555555555555,Transit,Cargo
500053154,MV_PHI_CARGO_004,SG,transit,1.0,cargo,0.999999987357224,0.0,0.0,0.0,0.0,0.0,0.0,0.0,1.0,0.0,0.002430555555555555,0.0,0.0,0.002430555555555555,Transit,Cargo
500053154,MV_PHI_CARGO_004,SG,transit,0.9999890350877193,cargo,0.9999999873495996,1.0964912280701754e-05,0.0,0.0,0.0,0.0,0.0,0.0,0.9999890350877193,0.0,0.002430555555555555,0.0,0.0,0.002430555555555555,Transit,Cargo
500053154,MV_PHI_CARGO_004,SG,transit,0.9999890350877193,cargo,0.9999999873495996,1.0964912280701754e-05,0.0,0.0,0.0,0.0,0.0,0.0,0.9999890350877193,0.0,0.002430555555555555,0.0,0.0,0.002430555555555555,Transit,Cargo
500053155,MV_PHI_CARGO_005,SG,transit,1.0,tanker,0.9999999802002961,0.0,0.0,0.0,0.0,0.0,0.0,0.0,1.0,0.0,0.002430555555555555,0.0,0.15299129113985574,0.15299129113985574,Transit,Tanker
500053155,MV_PHI_CARGO_005,SG,transit,0.9999890350877193,tanker,0.9999999800588593,1.0964912280701754e-05,0.0,0.0,0.0,0.0,0.0,0.0,0.9999890350877193,0.0,0.002430555555555555,0.0,0.1554598288204997,0.1554598288204997,Transit,Tanker
500053155,MV_PHI_CARGO_005,SG,transit,1.0,tanker,0.9999999800561457,0.0,0.0,0.0,0.0,0.0,0.0,0.0,1.0,0.0,0.002430555555555555,0.0,0.15800365204022937,0.15800365204022937,Transit,Tanker
500053155,MV_PHI_CARGO_005,SG,transit,1.0,tanker,0.9999999800559436,0.0,0.0,0.0,0.0,0.0,0.0,0.0,1.0,0.0,0.002430555555555555,0.0,0.15951039312471804,0.15951039312471804,Transit,Tanker
500053155,MV_PHI_CARGO_005,SG,transit,1.0,tanker,0.9999999800559436,0.0,0.0,0.0,0.0,0.0,0.0,0.0,1.0,0.0,0.002430555555555555,0.0,0.1609339335393834,0.1609339335393834,Transit,Tanker
500053155,MV_PHI_CARGO_005,SG,transit,1.0,tanker,0.9999999800559436,0.0,0.0,0.0,0.0,0.0,0.0,0.0,1.0,0.0,0.002430555555555555,0.0,0.16314769726480827,0.16314769726480827,Transit,Tanker
500053155,MV_PHI_CARGO_005,SG,transit,0.9999890350877193,tanker,0.9999999800588593,1.0964912280701754e-05,0.0,0.0,0.0,0.0,0.0,0.0,0.9999890350877193,0.0,0.002430555555555555,0.0,0.16562174637873306,0.16562174637873306,Transit,Tanker
500053155,MV_PHI_CARGO_005,SG,transit,1.0,tanker,0.9999999795598162,0.0,0.0,0.0,0.0,0.0,0.0,0.0,1.0,0.0,0.002430555555555555,0.0,0.16773679888987575,0.16773679888987575,Transit,Tanker
500053155,MV_PHI_CARGO_005,SG,transit,1.0,tanker,0.9999999795599743,0.0,0.0,0.0,0.0,0.0,0.0,0.0,1.0,0.0,0.002430555555555555,0.0,0.16662138485679961,0.16662138485679961,Transit,Tanker
500053155,MV_PHI_CARGO_005,SG,transit,0.9999890350877193,tanker,0.9999999801325155,1.0964912280701754e-05,0.0,0.0,0.0,0.0,0.0,0.0,0.9999890350877193,0.0,0.002430555555555555,0.0,0.16507370988873823,0.16507370988873823,Transit,Tanker
500053155,MV_PHI_CARGO_005,SG,transit,0.9999890350877193,tanker,0.9999999800561457,1.0964912280701754e-05,0.0,0.0,0.0,0.0,0.0,0.0,0.9999890350877193,0.0,0.002430555555555555,0.0,0.1634950573360667,0.1634950573360667,Transit,Tanker
500053155,MV_PHI_CARGO_005,SG,transit,0.9999890350877193,tanker,0.999999979637106,1.0964912280701754e-05,0.0,0.0,0.0,0.0,0.0,0.0,0.9999890350877193,0.0,0.002430555555555555,0.0,0.16234860038979326,0.16234860038979326,Transit,Tanker
500053155,MV_PHI_CARGO_005,SG,transit,0.9999890350877193,tanker,0.9999999797925718,1.0964912280701754e-05,0.0,0.0,0.0,0.0,0.0,0.0,0.9999890350877193,0.0,0.002430555555555555,0.0,0.16133216823794072,0.16133216823794072,Transit,Tanker
500053155,MV_PHI_CARGO_005,SG,transit,1.0,tanker,0.9999999797925718,0.0,0.0,0.0,0.0,0.0,0.0,0.0,1.0,0.0,0.002430555555555555,0.0,0.16037561616493212,0.16037561616493212,Transit,Tanker
500053155,MV_PHI_CARGO_005,SG,transit,1.0,tanker,0.9999999797925718,0.0,0.0,0.0,0.0,0.0,0.0,0.0,1.0,0.0,0.002430555555555555,0.0,0.15929308251815488,0.15929308251815488,Transit,Tanker
500053155,MV_PHI_CARGO_005,SG,transit,1.0,tanker,0.9999999797925718,0.0,0.0,0.0,0.0,0.0,0.0,0.0,1.0,0.0,0.002430555555555555,0.0,0.1576835381998105,0.1576835381998105,Transit,Tanker
500053155,MV_PHI_CARGO_005,SG,transit,0.9999890350877193,tanker,0.9999999797925718,1.0964912280701754e-05,0.0,0.0,0.0,0.0,0.0,0.0,0.9999890350877193,0.0,0.002430555555555555,0.0,0.15597161187505473,0.15597161187505473,Transit,Tanker
500053155,MV_PHI_CARGO_005,SG,transit,1.0,tanker,0.9999999797925718,0.0,0.0,0.0,0.0,0.0,0.0,0.0,1.0,0.0,0.002430555555555555,0.0,0.15457639798214615,0.15457639798214615,Transit,Tanker
500053155,MV_PHI_CARGO_005,SG,transit,1.0,tanker,0.9999999798719736,0.0,0.0,0.0,0.0,0.0,0.0,0.0,1.0,0.0,0.002430555555555555,0.0,0.15345463855313213,0.15345463855313213,Transit,Tanker
500053155,MV_PHI_CARGO_005,SG,transit,1.0,tanker,0.9999999800580754,0.0,0.0,0.0,0.0,0.0,0.0,0.0,1.0,0.0,0.002430555555555555,0.0,0.15190254493148622,0.15190254493148622,Transit,Tanker
500053155,MV_PHI_CARGO_005,SG,transit,1.0,tanker,0.9999999800580754,0.0,0.0,0.0,0.0,0.0,0.0,0.0,1.0,0.0,0.002430555555555555,0.0,0.1494229076330372,0.1494229076330372,Transit,Tanker
500053155,MV_PHI_CARGO_005,SG,transit,0.9999890350877193,tanker,0.9999999795599743,1.0964912280701754e-05,0.0,0.0,0.0,0.0,0.0,0.0,0.9999890350877193,0.0,0.002430555555555555,0.0,0.14642064695373685,0.14642064695373685,Transit,Tanker
500053155,MV_PHI_CARGO_005,SG,transit,0.9999890350877193,tanker,0.9999999800638946,1.0964912280701754e-05,0.0,0.0,0.0,0.0,0.0,0.0,0.9999890350877193,0.0,0.002430555555555555,0.0,0.14308307296458123,0.14308307296458123,Transit,Tanker
500053155,MV_PHI_CARGO_005,SG,transit,0.9999890350877193,tanker,0.9999999800561457,1.0964912280701754e-05,0.0,0.0,0.0,0.0,0.0,0.0,0.9999890350877193,0.0,0.002430555555555555,0.0,0.13961113266937897,0.13961113266937897,Transit,Tanker
500053155,MV_PHI_CARGO_005,SG,transit,0.9999890350877193,tanker,0.9999999800588593,1.0964912280701754e-05,0.0,0.0,0.0,0.0,0.0,0.0,0.9999890350877193,0.0,0.002430555555555555,0.0,0.1364941994099098,0.1364941994099098,Transit,Tanker
500053155,MV_PHI_CARGO_005,SG,transit,0.9999890350877193,tanker,0.9999999800588593,1.0964912280701754e-05,0.0,0.0,0.0,0.0,0.0,0.0,0.9999890350877193,0.0,0.002430555555555555,0.0,0.13382845257486514,0.13382845257486514,Transit,Tanker
500053155,MV_PHI_CARGO_005,SG,transit,0.9966557017543859,tanker,0.99999997327505,0.0033442982456140355,0.0,0.0,0.0,0.0,0.0,0.0,0.9966557017543859,0.0,0.002430555555555555,0.0,0.13135141677311352,0.13135141677311352,Transit,Tanker
500053155,MV_PHI_CARGO_005,SG,transit,0.9999890350877193,tanker,0.9999999795598162,1.0964912280701754e-05,0.0,0.0,0.0,0.0,0.0,0.0,0.9999890350877193,0.0,0.002430555555555555,0.0,0.129045505815696,0.129045505815696,Transit,Tanker
500053155,MV_PHI_CARGO_005,SG,transit,0.9999890350877193,tanker,0.9999999800559436,1.0964912280701754e-05,0.0,0.0,0.0,0.0,0.0,0.0,0.9999890350877193,0.0,0.002430555555555555,0.0,0.12702244825693515,0.12702244825693515,Transit,Tanker
500053155,MV_PHI_CARGO_005,SG,transit,0.9999890350877193,tanker,0.9999999800585306,1.0964912280701754e-05,0.0,0.0,0.0,0.0,0.0,0.0,0.9999890350877193,0.0,0.002430555555555555,0.0,0.12469332699870464,0.12469332699870464,Transit,Tanker
500053155,MV_PHI_CARGO_005,SG,transit,1.0,tanker,0.9999999801325155,0.0,0.0,0.0,0.0,0.0,0.0,0.0,1.0,0.0,0.002430555555555555,0.0,0.11984083960138313,0.11984083960138313,Transit,Tanker
500053155,MV_PHI_CARGO_005,SG,transit,1.0,tanker,0.9999999801573183,0.0,0.0,0.0,0.0,0.0,0.0,0.0,1.0,0.0,0.002430555555555555,0.0,0.11574654172544377,0.11574654172544377,Transit,Tanker
500053155,MV_PHI_CARGO_005,SG,transit,1.0,tanker,0.9999999800607866,0.0,0.0,0.0,0.0,0.0,0.0,0.0,1.0,0.0,0.002430555555555555,0.0,0.11324105253684776,0.11324105253684776,Transit,Tanker
500053155,MV_PHI_CARGO_005,SG,transit,0.9983223684210526,tanker,0.9999999800585921,0.0016776315789473683,0.0,0.0,0.0,0.0,0.0,0.0,0.9983223684210526,0.0,0.002430555555555555,0.0,0.11236871200032761,0.11236871200032761,Transit,Tanker
500053155,MV_PHI_CARGO_005,SG,transit,1.0,tanker,0.9999999800585913,0.0,0.0,0.0,0.0,0.0,0.0,0.0,1.0,0.0,0.002430555555555555,0.0,0.11228568864656437,0.11228568864656437,Transit,Tanker
500053155,MV_PHI_CARGO_005,SG,transit,1.0,tanker,0.9999999800585913,0.0,0.0,0.0,0.0,0.0,0.0,0.0,1.0,0.0,0.002430555555555555,0.0,0.11152042073739384,0.11152042073739384,Transit,Tanker
500053155,MV_PHI_CARGO_005,SG,transit,1.0,tanker,0.9999999801335064,0.0,0.0,0.0,0.0,0.0,0.0,0.0,1.0,0.0,0.002430555555555555,0.0,0.11035393906736907,0.11035393906736907,Transit,Tanker
500053155,MV_PHI_CARGO_005,SG,transit,1.0,tanker,0.9999999794339423,0.0,0.0,0.0,0.0,0.0,0.0,0.0,1.0,0.0,0.002430555555555555,0.0,0.11030507286996488,0.11030507286996488,Transit,Tanker
500053155,MV_PHI_CARGO_005,SG,transit,0.9999890350877193,tanker,0.9999999797922197,1.0964912280701754e-05,0.0,0.0,0.0,0.0,0.0,0.0,0.9999890350877193,0.0,0.002430555555555555,0.0,0.11116539444516327,0.11116539444516327,Transit,Tanker
500053155,MV_PHI_CARGO_005,SG,transit,0.9999890350877193,tanker,0.9999999797959855,1.0964912280701754e-05,0.0,0.0,0.0,0.0,0.0,0.0,0.9999890350877193,0.0,0.002430555555555555,0.0,0.11215988399093578,0.11215988399093578,Transit,Tanker
500053155,MV_PHI_CARGO_005,SG,transit,0.9983333333333333,tanker,0.9999999800638946,0.0,0.0,0.0,0.0,0.0,0.0016666666666666668,0.0,0.9983333333333333,0.0,0.002430555555555555,0.0,0.11351542004840923,0.11351542004840923,Transit,Tanker
500053155,MV_PHI_CARGO_005,SG,transit,1.0,tanker,0.9999999800559436,0.0,0.0,0.0,0.0,0.0,0.0,0.0,1.0,0.0,0.002430555555555555,0.0,0.11632612264329023,0.11632612264329023,Transit,Tanker
500053155,MV_PHI_CARGO_005,SG,transit,1.0,tanker,0.9999999800638946,0.0,0.0,0.0,0.0,0.0,0.0,0.0,1.0,0.0,0.002430555555555555,0.0,0.12012372781019563,0.12012372781019563,Transit,Tanker
500053155,MV_PHI_CARGO_005,SG,transit,1.0,tanker,0.9999999798068628,0.0,0.0,0.0,0.0,0.0,0.0,0.0,1.0,0.0,0.002430555555555555,0.0,0.1237061607838068,0.1237061607838068,Transit,Tanker
500053155,MV_PHI_CARGO_005,SG,transit,0.9938888888888889,tanker,0.9999999798121688,0.0,0.0,0.0,0.0,0.0,0.0,0.005,0.9938888888888889,0.0011111111111111111,0.002430555555555555,0.0,0.1269090975096028,0.1269090975096028,Transit,Tanker
500053155,MV_PHI_CARGO_005,SG,transit,0.9983223684210526,tanker,0.9999999798012944,1.0964912280701754e-05,0.0016666666666666668,0.0,0.0,0.0,0.0,0.0,0.9983223684210526,0.0,0.002430555555555555,0.0,0.1298620691461498,0.1298620691461498,Transit,Tanker
500053155,MV_PHI_CARGO_005,SG,transit,1.0,tanker,0.9999999797959855,0.0,0.0,0.0,0.0,0.0,0.0,0.0,1.0,0.0,0.002430555555555555,0.0,0.13251142521381942,0.13251142521381942,Transit,Tanker
500053155,MV_PHI_CARGO_005,SG,transit,1.0,tanker,0.9999999795599743,0.0,0.0,0.0,0.0,0.0,0.0,0.0,1.0,0.0,0.002430555555555555,0.0,0.1349679163878361,0.1349679163878361,Transit,Tanker
500053155,MV_PHI_CARGO_005,SG,transit,0.9999890350877193,tanker,0.999999980064195,1.0964912280701754e-05,0.0,0.0,0.0,0.0,0.0,0.0,0.9999890350877193,0.0,0.002430555555555555,0.0,0.1378979992986785,0.1378979992986785,Transit,Tanker
500053155,MV_PHI_CARGO_005,SG,transit,0.9983223684210526,tanker,0.9999999800612793,1.0964912280701754e-05,0.0016666666666666668,0.0,0.0,0.0,0.0,0.0,0.9983223684210526,0.0,0.002430555555555555,0.0,0.14135391913548398,0.14135391913548398,Transit,Tanker
500053155,MV_PHI_CARGO_005,SG,transit,0.9999890350877193,tanker,0.9999999798828099,1.0964912280701754e-05,0.0,0.0,0.0,0.0,0.0,0.0,0.9999890350877193,0.0,0.002430555555555555,0.0,0.14471003517690675,0.14471003517690675,Transit,Tanker
500053155,MV_PHI_CARGO_005,SG,transit,1.0,tanker,0.9999999797963377,0.0,0.0,0.0,0.0,0.0,0.0,0.0,1.0,0.0,0.002430555555555555,0.0,0.14779382573041916,0.14779382573041916,Transit,Tanker
500053155,MV_PHI_CARGO_005,SG,transit,1.0,tanker,0.999999979635777,0.0,0.0,0.0,0.0,0.0,0.0,0.0,1.0,0.0,0.002430555555555555,0.0,0.1507388776674723,0.1507388776674723,Transit,Tanker
500053155,MV_PHI_CARGO_005,SG,transit,1.0,tanker,0.9999999798834265,0.0,0.0,0.0,0.0,0.0,0.0,0.0,1.0,0.0,0.002430555555555555,0.0,0.1537579153788056,0.1537579153788056,Transit,Tanker
500053155,MV_PHI_CARGO_005,SG,transit,1.0,tanker,0.9999999801350086,0.0,0.0,0.0,0.0,0.0,0.0,0.0,1.0,0.0,0.002430555555555555,0.0,0.15743142833706403,0.15743142833706403,Transit,Tanker
500053155,MV_PHI_CARGO_005,SG,transit,1.0,tanker,0.9999999800580754,0.0,0.0,0.0,0.0,0.0,0.0,0.0,1.0,0.0,0.002430555555555555,0.0,0.16201973360846522,0.16201973360846522,Transit,Tanker
500053156,MV_PHI_CARGO_006,SG,transit,0.9999890350877193,tanker,0.9999999798815065,1.0964912280701754e-05,0.0,0.0,0.0,0.0,0.0,0.0,0.9999890350877193,0.0,0.002430555555555555,0.0,0.033651926801637005,0.033651926801637005,Transit,Tanker
500053156,MV_PHI_CARGO_006,SG,transit,1.0,tanker,0.9999999795611589,0.0,0.0,0.0,0.0,0.0,0.0,0.0,1.0,0.0,0.002430555555555555,0.0,0.0386137656507659,0.0386137656507659,Transit,Tanker
500053156,MV_PHI_CARGO_006,SG,transit,0.9999890350877193,tanker,0.9999999800638946,1.0964912280701754e-05,0.0,0.0,0.0,0.0,0.0,0.0,0.9999890350877193,0.0,0.002430555555555555,0.0,0.04346241481150209,0.04346241481150209,Transit,Tanker
500053156,MV_PHI_CARGO_006,SG,transit,1.0,tanker,0.9999999800559436,0.0,0.0,0.0,0.0,0.0,0.0,0.0,1.0,0.0,0.002430555555555555,0.0,0.04833114194307578,0.04833114194307578,Transit,Tanker
500053156,MV_PHI_CARGO_006,SG,transit,0.9999890350877193,tanker,0.9999999795599743,1.0964912280701754e-05,0.0,0.0,0.0,0.0,0.0,0.0,0.9999890350877193,0.0,0.002430555555555555,0.0,0.05292172085540269,0.05292172085540269,Transit,Tanker
500053156,MV_PHI_CARGO_006,SG,transit,1.0,tanker,0.99999998013106,0.0,0.0,0.0,0.0,0.0,0.0,0.0,1.0,0.0,0.002430555555555555,0.0,0.05734233646670407,0.05734233646670407,Transit,Tanker
500053156,MV_PHI_CARGO_006,SG,transit,1.0,tanker,0.9999999801349613,0.0,0.0,0.0,0.0,0.0,0.0,0.0,1.0,0.0,0.002430555555555555,0.0,0.06209033125772409,0.06209033125772409,Transit,Tanker
500053156,MV_PHI_CARGO_006,SG,transit,1.0,tanker,0.9999999791739256,0.0,0.0,0.0,0.0,0.0,0.0,0.0,1.0,0.0,0.002430555555555555,0.0,0.06657298996347098,0.06657298996347098,Transit,Tanker
500053156,MV_PHI_CARGO_006,SG,transit,1.0,tanker,0.9999999801245929,0.0,0.0,0.0,0.0,0.0,0.0,0.0,1.0,0.0,0.002430555555555555,0.0,0.06997362127457026,0.06997362127457026,Transit,Tanker
500053156,MV_PHI_CARGO_006,SG,transit,0.9999890350877193,tanker,0.9999999795598162,1.0964912280701754e-05,0.0,0.0,0.0,0.0,0.0,0.0,0.9999890350877193,0.0,0.002430555555555555,0.0,0.07254687984421974,0.07254687984421974,Transit,Tanker
500053156,MV_PHI_CARGO_006,SG,transit,1.0,tanker,0.9999999795598162,0.0,0.0,0.0,0.0,0.0,0.0,0.0,1.0,0.0,0.002430555555555555,0.0,0.07493542389508243,0.07493542389508243,Transit,Tanker
500053156,MV_PHI_CARGO_006,SG,transit,1.0,tanker,0.9999999800559436,0.0,0.0,0.0,0.0,0.0,0.0,0.0,1.0,0.0,0.002430555555555555,0.0,0.0771763549267,0.0771763549267,Transit,Tanker
500053156,MV_PHI_CARGO_006,SG,transit,0.9999890350877193,tanker,0.9999999801523118,1.0964912280701754e-05,0.0,0.0,0.0,0.0,0.0,0.0,0.9999890350877193,0.0,0.002430555555555555,0.0,0.07902347590612686,0.07902347590612686,Transit,Tanker
500053156,MV_PHI_CARGO_006,SG,transit,1.0,tanker,0.9999999798890105,0.0,0.0,0.0,0.0,0.0,0.0,0.0,1.0,0.0,0.002430555555555555,0.0,0.08102079203938806,0.08102079203938806,Transit,Tanker
500053156,MV_PHI_CARGO_006,SG,transit,1.0,tanker,0.9999999799575889,0.0,0.0,0.0,0.0,0.0,0.0,0.0,1.0,0.0,0.002430555555555555,0.0,0.08354744228352565,0.08354744228352565,Transit,Tanker
500053156,MV_PHI_CARGO_006,SG,transit,1.0,tanker,0.9999999800638946,0.0,0.0,0.0,0.0,0.0,0.0,0.0,1.0,0.0,0.002430555555555555,0.0,0.08652289909783284,0.08652289909783284,Transit,Tanker
500053156,MV_PHI_CARGO_006,SG,transit,1.0,tanker,0.999999979887962,0.0,0.0,0.0,0.0,0.0,0.0,0.0,1.0,0.0,0.002430555555555555,0.0,0.0902620833095273,0.0902620833095273,Transit,Tanker
500053156,MV_PHI_CARGO_006,SG,transit,1.0,tanker,0.999999980063111,0.0,0.0,0.0,0.0,0.0,0.0,0.0,1.0,0.0,0.002430555555555555,0.0,0.09460204164751002,0.09460204164751002,Transit,Tanker
500053156,MV_PHI_CARGO_006,SG,transit,0.9999890350877193,tanker,0.9999999798806463,1.0964912280701754e-05,0.0,0.0,0.0,0.0,0.0,0.0,0.9999890350877193,0.0,0.002430555555555555,0.0,0.09880538315603798,0.09880538315603798,Transit,Tanker
500053156,MV_PHI_CARGO_006,SG,transit,1.0,tanker,0.9999999795599743,0.0,0.0,0.0,0.0,0.0,0.0,0.0,1.0,0.0,0.002430555555555555,0.0,0.10282272532450909,0.10282272532450909,Transit,Tanker
500053156,MV_PHI_CARGO_006,SG,transit,1.0,tanker,0.9999999795611589,0.0,0.0,0.0,0.0,0.0,0.0,0.0,1.0,0.0,0.002430555555555555,0.0,0.10699464343680146,0.10699464343680146,Transit,Tanker
500053156,MV_PHI_CARGO_006,SG,transit,0.9999890350877193,tanker,0.9999999797959855,1.0964912280701754e-05,0.0,0.0,0.0,0.0,0.0,0.0,0.9999890350877193,0.0,0.002430555555555555,0.0,0.1113591040159683,0.1113591040159683,Transit,Tanker
500053156,MV_PHI_CARGO_006,SG,transit,1.0,tanker,0.9999999797959855,0.0,0.0,0.0,0.0,0.0,0.0,0.0,1.0,0.0,0.002430555555555555,0.0,0.11557297983593753,0.11557297983593753,Transit,Tanker
500053156,MV_PHI_CARGO_006,SG,transit,1.0,tanker,0.9999999797959855,0.0,0.0,0.0,0.0,0.0,0.0,0.0,1.0,0.0,0.002430555555555555,0.0,0.11923808597426862,0.11923808597426862,Transit,Tanker
500053156,MV_PHI_CARGO_006,SG,transit,1.0,tanker,0.9999999795599743,0.0,0.0,0.0,0.0,0.0,0.0,0.0,1.0,0.0,0.002430555555555555,0.0,0.12299329276127649,0.12299329276127649,Transit,Tanker
500053156,MV_PHI_CARGO_006,SG,transit,1.0,tanker,0.999999980063111,0.0,0.0,0.0,0.0,0.0,0.0,0.0,1.0,0.0,0.002430555555555555,0.0,0.12719914159127266,0.12719914159127266,Transit,Tanker
500053156,MV_PHI_CARGO_006,SG,transit,0.9983333333333333,tanker,0.9999999800588593,0.0,0.0,0.0,0.0016666666666666668,0.0,0.0,0.0,0.9983333333333333,0.0,0.002430555555555555,0.0,0.1313097631886525,0.1313097631886525,Transit,Tanker
500053156,MV_PHI_CARGO_006,SG,transit,1.0,tanker,0.9999999800556543,0.0,0.0,0.0,0.0,0.0,0.0,0.0,1.0,0.0,0.002430555555555555,0.0,0.135192193265804,0.135192193265804,Transit,Tanker
500053156,MV_PHI_CARGO_006,SG,transit,1.0,tanker,0.9999999801573183,0.0,0.0,0.0,0.0,0.0,0.0,0.0,1.0,0.0,0.002430555555555555,0.0,0.13836413983160364,0.13836413983160364,Transit,Tanker
500053156,MV_PHI_CARGO_006,SG,transit,1.0,tanker,0.9999999801208943,0.0,0.0,0.0,0.0,0.0,0.0,0.0,1.0,0.0,0.002430555555555555,0.0,0.1398136171837796,0.1398136171837796,Transit,Tanker
500053156,MV_PHI_CARGO_006,SG,transit,1.0,tanker,0.9999999794535548,0.0,0.0,0.0,0.0,0.0,0.0,0.0,1.0,0.0,0.002430555555555555,0.0,0.13997373132272417,0.13997373132272417,Transit,Tanker
500053156,MV_PHI_CARGO_006,SG,transit,1.0,tanker,0.9999999800585921,0.0,0.0,0.0,0.0,0.0,0.0,0.0,1.0,0.0,0.002430555555555555,0.0,0.14044956290549962,0.14044956290549962,Transit,Tanker
500053156,MV_PHI_CARGO_006,SG,transit,1.0,tanker,0.9999999800585921,0.0,0.0,0.0,0.0,0.0,0.0,0.0,1.0,0.0,0.002430555555555555,0.0,0.14108520772961833,0.14108520772961833,Transit,Tanker
500053156,MV_PHI_CARGO_006,SG,transit,1.0,tanker,0.9999999800590833,0.0,0.0,0.0,0.0,0.0,0.0,0.0,1.0,0.0,0.002430555555555555,0.0,0.14113674954646538,0.14113674954646538,Transit,Tanker
500053156,MV_PHI_CARGO_006,SG,transit,0.9999890350877193,tanker,0.9999999800638946,1.0964912280701754e-05,0.0,0.0,0.0,0.0,0.0,0.0,0.9999890350877193,0.0,0.002430555555555555,0.0,0.14113295837747208,0.14113295837747208,Transit,Tanker
500053156,MV_PHI_CARGO_006,SG,transit,0.9983223684210526,tanker,0.9999999800561457,0.0016776315789473683,0.0,0.0,0.0,0.0,0.0,0.0,0.9983223684210526,0.0,0.002430555555555555,0.0,0.14098089807781852,0.14098089807781852,Transit,Tanker
500053156,MV_PHI_CARGO_006,SG,transit,1.0,tanker,0.9999999800585921,0.0,0.0,0.0,0.0,0.0,0.0,0.0,1.0,0.0,0.002430555555555555,0.0,0.14052655914166995,0.14052655914166995,Transit,Tanker
500053156,MV_PHI_CARGO_006,SG,transit,0.9999890350877193,tanker,0.9999999795598162,1.0964912280701754e-05,0.0,0.0,0.0,0.0,0.0,0.0,0.9999890350877193,0.0,0.002430555555555555,0.0,0.14040680611124412,0.14040680611124412,Transit,Tanker
500053156,MV_PHI_CARGO_006,SG,transit,1.0,tanker,0.9999999797959855,0.0,0.0,0.0,0.0,0.0,0.0,0.0,1.0,0.0,0.002430555555555555,0.0,0.14085713650815515,0.14085713650815515,Transit,Tanker
500053156,MV_PHI_CARGO_006,SG,transit,0.9999890350877193,tanker,0.9999999797959855,1.0964912280701754e-05,0.0,0.0,0.0,0.0,0.0,0.0,0.9999890350877193,0.0,0.002430555555555555,0.0,0.1418445992966598,0.1418445992966598,Transit,Tanker
500053156,MV_PHI_CARGO_006,SG,transit,0.9999890350877193,tanker,0.9999999798685564,1.0964912280701754e-05,0.0,0.0,0.0,0.0,0.0,0.0,0.9999890350877193,0.0,0.002430555555555555,0.0,0.1432304603214885,0.1432304603214885,Transit,Tanker
500053156,MV_PHI_CARGO_006,SG,transit,0.9961001461988304,tanker,0.9999999798890105,1.0964912280701754e-05,0.0,0.0,0.0,0.0,0.0,0.0038888888888888883,0.9961001461988304,0.0,0.002430555555555555,0.0,0.14496959202549217,0.14496959202549217,Transit,Tanker
500053156,MV_PHI_CARGO_006,SG,transit,1.0,tanker,0.999999980063111,0.0,0.0,0.0,0.0,0.0,0.0,0.0,1.0,0.0,0.002430555555555555,0.0,0.14685524947951012,0.14685524947951012,Transit,Tanker
500053156,MV_PHI_CARGO_006,SG,transit,1.0,tanker,0.9999999795599743,0.0,0.0,0.0,0.0,0.0,0.0,0.0,1.0,0.0,0.002430555555555555,0.0,0.14800132769329175,0.14800132769329175,Transit,Tanker
500053156,MV_PHI_CARGO_006,SG,transit,0.9999890350877193,tanker,0.9999999795599743,1.0964912280701754e-05,0.0,0.0,0.0,0.0,0.0,0.0,0.9999890350877193,0.0,0.002430555555555555,0.0,0.14824198643657413,0.14824198643657413,Transit,Tanker
500053156,MV_PHI_CARGO_006,SG,transit,0.9999890350877193,tanker,0.9999999797959855,1.0964912280701754e-05,0.0,0.0,0.0,0.0,0.0,0.0,0.9999890350877193,0.0,0.002430555555555555,0.0,0.14829312712976195,0.14829312712976195,Transit,Tanker
500053156,MV_PHI_CARGO_006,SG,transit,0.9999890350877193,tanker,0.9999999797925718,1.0964912280701754e-05,0.0,0.0,0.0,0.0,0.0,0.0,0.9999890350877193,0.0,0.002430555555555555,0.0,0.14823799031565751,0.14823799031565751,Transit,Tanker
500053156,MV_PHI_CARGO_006,SG,transit,0.9999890350877193,tanker,0.9999999797925045,1.0964912280701754e-05,0.0,0.0,0.0,0.0,0.0,0.0,0.9999890350877193,0.0,0.002430555555555555,0.0,0.1480972729729102,0.1480972729729102,Transit,Tanker
500053156,MV_PHI_CARGO_006,SG,transit,1.0,tanker,0.9999999800638946,0.0,0.0,0.0,0.0,0.0,0.0,0.0,1.0,0.0,0.002430555555555555,0.0,0.1484070345597199,0.1484070345597199,Transit,Tanker
500053156,MV_PHI_CARGO_006,SG,transit,1.0,tanker,0.9999999799640791,0.0,0.0,0.0,0.0,0.0,0.0,0.0,1.0,0.0,0.002430555555555555,0.0,0.14997319596473996,0.14997319596473996,Transit,Tanker
500053156,MV_PHI_CARGO_006,SG,transit,1.0,tanker,0.9999999797963377,0.0,0.0,0.0,0.0,0.0,0.0,0.0,1.0,0.0,0.002430555555555555,0.0,0.15284701549851976,0.15284701549851976,Transit,Tanker
500053156,MV_PHI_CARGO_006,SG,transit,1.0,tanker,0.9999999798890105,0.0,0.0,0.0,0.0,0.0,0.0,0.0,1.0,0.0,0.002430555555555555,0.0,0.15563150246744117,0.15563150246744117,Transit,Tanker
500053156,MV_PHI_CARGO_006,SG,transit,1.0,tanker,0.9999999800561457,0.0,0.0,0.0,0.0,0.0,0.0,0.0,1.0,0.0,0.002430555555555555,0.0,0.15819348025856061,0.15819348025856061,Transit,Tanker
500053156,MV_PHI_CARGO_006,SG,transit,1.0,tanker,0.9999999800561457,0.0,0.0,0.0,0.0,0.0,0.0,0.0,1.0,0.0,0.002430555555555555,0.0,0.16134875095965354,0.16134875095965354,Transit,Tanker
500053156,MV_PHI_CARGO_006,SG,transit,1.0,tanker,0.9999999800559436,0.0,0.0,0.0,0.0,0.0,0.0,0.0,1.0,0.0,0.002430555555555555,0.0,0.16536363807657603,0.16536363807657603,Transit,Tanker
500053156,MV_PHI_CARGO_006,SG,transit,1.0,tanker,0.9999999800588593,0.0,0.0,0.0,0.0,0.0,0.0,0.0,1.0,0.0,0.002430555555555555,0.0,0.170071759340355,0.170071759340355,Transit,Tanker
500053157,MV_PHI_CARGO_007,CN,transit,1.0,bulk_carrier,0.9999999641223107,0.0,0.0,0.0,0.0,0.0,0.0,0.0,1.0,0.0,0.002430555555555555,0.0,0.0,0.002430555555555555,Transit,Bulk Carrier
500053157,MV_PHI_CARGO_007,CN,transit,0.9999890350877193,bulk_carrier,0.9999999641223107,1.0964912280701754e-05,0.0,0.0,0.0,0.0,0.0,0.0,0.9999890350877193,0.0,0.002430555555555555,0.0,0.0,0.002430555555555555,Transit,Bulk Carrier
500053157,MV_PHI_CARGO_007,CN,transit,1.0,bulk_carrier,0.9999999641223107,0.0,0.0,0.0,0.0,0.0,0.0,0.0,1.0,0.0,0.002430555555555555,0.0,0.0,0.002430555555555555,Transit,Bulk Carrier
500053157,MV_PHI_CARGO_007,CN,transit,1.0,bulk_carrier,0.9999999641223107,0.0,0.0,0.0,0.0,0.0,0.0,0.0,1.0,0.0,0.002430555555555555,0.0,0.0,0.002430555555555555,Transit,Bulk Carrier
500053157,MV_PHI_CARGO_007,CN,transit,1.0,bulk_carrier,0.9999999641223107,0.0,0.0,0.0,0.0,0.0,0.0,0.0,1.0,0.0,0.002430555555555555,0.0,0.0,0.002430555555555555,Transit,Bulk Carrier
500053157,MV_PHI_CARGO_007,CN,transit,1.0,bulk_carrier,0.9999999641286133,0.0,0.0,0.0,0.0,0.0,0.0,0.0,1.0,0.0,0.002430555555555555,0.0,0.0,0.002430555555555555,Transit,Bulk Carrier
500053157,MV_PHI_CARGO_007,CN,transit,1.0,bulk_carrier,0.9999999641284607,0.0,0.0,0.0,0.0,0.0,0.0,0.0,1.0,0.0,0.002430555555555555,0.0,0.0,0.002430555555555555,Transit,Bulk Carrier
500053157,MV_PHI_CARGO_007,CN,transit,1.0,bulk_carrier,0.9999999641221582,0.0,0.0,0.0,0.0,0.0,0.0,0.0,1.0,0.0,0.002430555555555555,0.0,0.0,0.002430555555555555,Transit,Bulk Carrier
500053157,MV_PHI_CARGO_007,CN,transit,1.0,bulk_carrier,0.9999999642493027,0.0,0.0,0.0,0.0,0.0,0.0,0.0,1.0,0.0,0.002430555555555555,0.0,0.0,0.002430555555555555,Transit,Bulk Carrier
500053157,MV_PHI_CARGO_007,CN,transit,1.0,bulk_carrier,0.9999999641239594,0.0,0.0,0.0,0.0,0.0,0.0,0.0,1.0,0.0,0.002430555555555555,0.0,0.0,0.002430555555555555,Transit,Bulk Carrier
500053157,MV_PHI_CARGO_007,CN,transit,0.9999890350877193,bulk_carrier,0.9999999641223107,1.0964912280701754e-05,0.0,0.0,0.0,0.0,0.0,0.0,0.9999890350877193,0.0,0.002430555555555555,0.0,0.0,0.002430555555555555,Transit,Bulk Carrier
500053157,MV_PHI_CARGO_007,CN,transit,0.9999890350877193,bulk_carrier,0.9999999641223107,1.0964912280701754e-05,0.0,0.0,0.0,0.0,0.0,0.0,0.9999890350877193,0.0,0.002430555555555555,0.0,0.0,0.002430555555555555,Transit,Bulk Carrier
500053157,MV_PHI_CARGO_007,CN,transit,1.0,bulk_carrier,0.9999999641223107,0.0,0.0,0.0,0.0,0.0,0.0,0.0,1.0,0.0,0.002430555555555555,0.0,0.0,0.002430555555555555,Transit,Bulk Carrier
500053157,MV_PHI_CARGO_007,CN,transit,1.0,bulk_carrier,0.9999999641223107,0.0,0.0,0.0,0.0,0.0,0.0,0.0,1.0,0.0,0.002430555555555555,0.0,0.0,0.002430555555555555,Transit,Bulk Carrier
500053157,MV_PHI_CARGO_007,CN,transit,1.0,bulk_carrier,0.9999999641223107,0.0,0.0,0.0,0.0,0.0,0.0,0.0,1.0,0.0,0.002430555555555555,0.0,0.0,0.002430555555555555,Transit,Bulk Carrier
500053157,MV_PHI_CARGO_007,CN,transit,1.0,bulk_carrier,0.9999999641223107,0.0,0.0,0.0,0.0,0.0,0.0,0.0,1.0,0.0,0.002430555555555555,0.0,0.0,0.002430555555555555,Transit,Bulk Carrier
500053157,MV_PHI_CARGO_007,CN,transit,0.9999890350877193,bulk_carrier,0.9999999637170423,1.0964912280701754e-05,0.0,0.0,0.0,0.0,0.0,0.0,0.9999890350877193,0.0,0.002430555555555555,0.0,0.0,0.002430555555555555,Transit,Bulk Carrier
500053157,MV_PHI_CARGO_007,CN,transit,1.0,bulk_carrier,0.9999999638440356,0.0,0.0,0.0,0.0,0.0,0.0,0.0,1.0,0.0,0.002430555555555555,0.0,0.0,0.002430555555555555,Transit,Bulk Carrier
500053157,MV_PHI_CARGO_007,CN,transit,1.0,bulk_carrier,0.9999999641286286,0.0,0.0,0.0,0.0,0.0,0.0,0.0,1.0,0.0,0.002430555555555555,0.0,0.0,0.002430555555555555,Transit,Bulk Carrier
500053157,MV_PHI_CARGO_007,CN,transit,1.0,bulk_carrier,0.9999999637170423,0.0,0.0,0.0,0.0,0.0,0.0,0.0,1.0,0.0,0.002430555555555555,0.0,0.0,0.002430555555555555,Transit,Bulk Carrier
500053157,MV_PHI_CARGO_007,CN,transit,0.9999890350877193,bulk_carrier,0.999999963715902,1.0964912280701754e-05,0.0,0.0,0.0,0.0,0.0,0.0,0.9999890350877193,0.0,0.002430555555555555,0.0,0.0,0.002430555555555555,Transit,Bulk Carrier
500053157,MV_PHI_CARGO_007,CN,transit,1.0,bulk_carrier,0.9999999645417311,0.0,0.0,0.0,0.0,0.0,0.0,0.0,1.0,0.0,0.002430555555555555,0.0,0.0,0.002430555555555555,Transit,Bulk Carrier
500053157,MV_PHI_CARGO_007,CN,transit,1.0,bulk_carrier,0.9999999641286133,0.0,0.0,0.0,0.0,0.0,0.0,0.0,1.0,0.0,0.002430555555555555,0.0,0.0,0.002430555555555555,Transit,Bulk Carrier
500053157,MV_PHI_CARGO_007,CN,transit,1.0,bulk_carrier,0.9999999641318358,0.0,0.0,0.0,0.0,0.0,0.0,0.0,1.0,0.0,0.002430555555555555,0.0,0.0,0.002430555555555555,Transit,Bulk Carrier
500053157,MV_PHI_CARGO_007,CN,transit,1.0,bulk_carrier,0.9999999642556052,0.0,0.0,0.0,0.0,0.0,0.0,0.0,1.0,0.0,0.002430555555555555,0.0,0.0,0.002430555555555555,Transit,Bulk Carrier
500053157,MV_PHI_CARGO_007,CN,transit,0.9822222222222221,bulk_carrier,0.9999999645372818,0.0,0.0,0.0,0.0,0.008888888888888889,0.008888888888888889,0.0,0.9822222222222221,0.0,0.002430555555555555,0.0,0.0,0.002430555555555555,Transit,Bulk Carrier
500053157,MV_PHI_CARGO_007,CN,transit,1.0,bulk_carrier,0.999999964291114,0.0,0.0,0.0,0.0,0.0,0.0,0.0,1.0,0.0,0.002430555555555555,0.0,0.0,0.002430555555555555,Transit,Bulk Carrier
500053157,MV_PHI_CARGO_007,CN,transit,1.0,bulk_carrier,0.9999999691128995,0.0,0.0,0.0,0.0,0.0,0.0,0.0,1.0,0.0,0.002430555555555555,0.0,0.0,0.002430555555555555,Transit,Bulk Carrier
500053157,MV_PHI_CARGO_007,CN,transit,1.0,bulk_carrier,0.9999999637170423,0.0,0.0,0.0,0.0,0.0,0.0,0.0,1.0,0.0,0.002430555555555555,0.0,0.0,0.002430555555555555,Transit,Bulk Carrier
500053157,MV_PHI_CARGO_007,CN,transit,1.0,bulk_carrier,0.9999999637170423,0.0,0.0,0.0,0.0,0.0,0.0,0.0,1.0,0.0,0.002430555555555555,0.0,0.0,0.002430555555555555,Transit,Bulk Carrier
500053157,MV_PHI_CARGO_007,CN,transit,0.9999890350877193,bulk_carrier,0.9999999691086284,1.0964912280701754e-05,0.0,0.0,0.0,0.0,0.0,0.0,0.9999890350877193,0.0,0.002430555555555555,0.0,0.0,0.002430555555555555,Transit,Bulk Carrier
500053157,MV_PHI_CARGO_007,CN,transit,1.0,bulk_carrier,0.999999939486221,0.0,0.0,0.0,0.0,0.0,0.0,0.0,1.0,0.0,0.002430555555555555,0.0,0.0,0.002430555555555555,Transit,Bulk Carrier
500053157,MV_PHI_CARGO_007,CN,transit,1.0,bulk_carrier,0.9999999666715538,0.0,0.0,0.0,0.0,0.0,0.0,0.0,1.0,0.0,0.002430555555555555,0.0,0.0,0.002430555555555555,Transit,Bulk Carrier
500053157,MV_PHI_CARGO_007,CN,transit,1.0,bulk_carrier,0.9999999641223107,0.0,0.0,0.0,0.0,0.0,0.0,0.0,1.0,0.0,0.002430555555555555,0.0,0.0,0.002430555555555555,Transit,Bulk Carrier
500053157,MV_PHI_CARGO_007,CN,transit,1.0,bulk_carrier,0.9999999637170423,0.0,0.0,0.0,0.0,0.0,0.0,0.0,1.0,0.0,0.002430555555555555,0.0,0.0,0.002430555555555555,Transit,Bulk Carrier
500053157,MV_PHI_CARGO_007,CN,transit,1.0,bulk_carrier,0.9999999637170423,0.0,0.0,0.0,0.0,0.0,0.0,0.0,1.0,0.0,0.002430555555555555,0.0,0.0,0.002430555555555555,Transit,Bulk Carrier
500053157,MV_PHI_CARGO_007,CN,transit,1.0,bulk_carrier,0.9999999396980906,0.0,0.0,0.0,0.0,0.0,0.0,0.0,1.0,0.0,0.002430555555555555,0.0,0.0,0.002430555555555555,Transit,Bulk Carrier
500053157,MV_PHI_CARGO_007,CN,transit,1.0,bulk_carrier,0.9999999394916531,0.0,0.0,0.0,0.0,0.0,0.0,0.0,1.0,0.0,0.002430555555555555,0.0,0.0,0.002430555555555555,Transit,Bulk Carrier
500053157,MV_PHI_CARGO_007,CN,transit,1.0,bulk_carrier,0.9999999630704348,0.0,0.0,0.0,0.0,0.0,0.0,0.0,1.0,0.0,0.002430555555555555,0.0,0.0,0.002430555555555555,Transit,Bulk Carrier
500053157,MV_PHI_CARGO_007,CN,transit,1.0,bulk_carrier,0.9999999645356522,0.0,0.0,0.0,0.0,0.0,0.0,0.0,1.0,0.0,0.002430555555555555,0.0,0.0,0.002430555555555555,Transit,Bulk Carrier
500053157,MV_PHI_CARGO_007,CN,transit,1.0,bulk_carrier,0.9999999641223107,0.0,0.0,0.0,0.0,0.0,0.0,0.0,1.0,0.0,0.002430555555555555,0.0,0.0,0.002430555555555555,Transit,Bulk Carrier
500053157,MV_PHI_CARGO_007,CN,transit,1.0,bulk_carrier,0.9999999637102575,0.0,0.0,0.0,0.0,0.0,0.0,0.0,1.0,0.0,0.002430555555555555,0.0,0.0,0.002430555555555555,Transit,Bulk Carrier
500053157,MV_PHI_CARGO_007,CN,transit,0.9999890350877193,bulk_carrier,0.9999999637170423,1.0964912280701754e-05,0.0,0.0,0.0,0.0,0.0,0.0,0.9999890350877193,0.0,0.002430555555555555,0.0,0.0,0.002430555555555555,Transit,Bulk Carrier
500053157,MV_PHI_CARGO_007,CN,transit,1.0,bulk_carrier,0.9999999637170423,0.0,0.0,0.0,0.0,0.0,0.0,0.0,1.0,0.0,0.002430555555555555,0.0,0.0,0.002430555555555555,Transit,Bulk Carrier
500053157,MV_PHI_CARGO_007,CN,transit,1.0,bulk_carrier,0.9999999637170423,0.0,0.0,0.0,0.0,0.0,0.0,0.0,1.0,0.0,0.002430555555555555,0.0,0.0,0.002430555555555555,Transit,Bulk Carrier
500053157,MV_PHI_CARGO_007,CN,transit,0.9999890350877193,bulk_carrier,0.9999999637170423,1.0964912280701754e-05,0.0,0.0,0.0,0.0,0.0,0.0,0.9999890350877193,0.0,0.002430555555555555,0.0,0.0,0.002430555555555555,Transit,Bulk Carrier
500053157,MV_PHI_CARGO_007,CN,transit,1.0,bulk_carrier,0.9999999641284607,0.0,0.0,0.0,0.0,0.0,0.0,0.0,1.0,0.0,0.002430555555555555,0.0,0.0,0.002430555555555555,Transit,Bulk Carrier
500053157,MV_PHI_CARGO_007,CN,transit,1.0,bulk_carrier,0.9999999641286133,0.0,0.0,0.0,0.0,0.0,0.0,0.0,1.0,0.0,0.002430555555555555,0.0,0.0,0.002430555555555555,Transit,Bulk Carrier
500053157,MV_PHI_CARGO_007,CN,transit,0.9999890350877193,bulk_carrier,0.9999999641286133,1.0964912280701754e-05,0.0,0.0,0.0,0.0,0.0,0.0,0.9999890350877193,0.0,0.002430555555555555,0.0,0.0,0.002430555555555555,Transit,Bulk Carrier
500053157,MV_PHI_CARGO_007,CN,transit,1.0,bulk_carrier,0.9999999641284607,0.0,0.0,0.0,0.0,0.0,0.0,0.0,1.0,0.0,0.002430555555555555,0.0,0.0,0.002430555555555555,Transit,Bulk Carrier
500053157,MV_PHI_CARGO_007,CN,transit,1.0,bulk_carrier,0.9999999641223107,0.0,0.0,0.0,0.0,0.0,0.0,0.0,1.0,0.0,0.002430555555555555,0.0,0.0,0.002430555555555555,Transit,Bulk Carrier
500053157,MV_PHI_CARGO_007,CN,transit,0.9999890350877193,bulk_carrier,0.9999999641223107,1.0964912280701754e-05,0.0,0.0,0.0,0.0,0.0,0.0,0.9999890350877193,0.0,0.002430555555555555,0.0,0.0,0.002430555555555555,Transit,Bulk Carrier
500053157,MV_PHI_CARGO_007,CN,transit,0.9999890350877193,bulk_carrier,0.9999999641286133,1.0964912280701754e-05,0.0,0.0,0.0,0.0,0.0,0.0,0.9999890350877193,0.0,0.002430555555555555,0.0,0.0,0.002430555555555555,Transit,Bulk Carrier
500053157,MV_PHI_CARGO_007,CN,transit,1.0,bulk_carrier,0.9999999637170423,0.0,0.0,0.0,0.0,0.0,0.0,0.0,1.0,0.0,0.002430555555555555,0.0,0.0,0.002430555555555555,Transit,Bulk Carrier
500053157,MV_PHI_CARGO_007,CN,transit,1.0,bulk_carrier,0.9999999637170423,0.0,0.0,0.0,0.0,0.0,0.0,0.0,1.0,0.0,0.002430555555555555,0.0,0.0,0.002430555555555555,Transit,Bulk Carrier
500053157,MV_PHI_CARGO_007,CN,transit,1.0,bulk_carrier,0.9999999641223107,0.0,0.0,0.0,0.0,0.0,0.0,0.0,1.0,0.0,0.002430555555555555,0.0,0.0,0.002430555555555555,Transit,Bulk Carrier
500053158,MV_PHI_CARGO_008,TW,transit,0.9999890350877193,cargo,0.9999999882258511,1.0964912280701754e-05,0.0,0.0,0.0,0.0,0.0,0.0,0.9999890350877193,0.0,0.002430555555555555,0.0,0.0,0.002430555555555555,Transit,Cargo
500053158,MV_PHI_CARGO_008,TW,transit,0.9999890350877193,cargo,0.999999988214325,1.0964912280701754e-05,0.0,0.0,0.0,0.0,0.0,0.0,0.9999890350877193,0.0,0.002430555555555555,0.0,0.0,0.002430555555555555,Transit,Cargo
500053158,MV_PHI_CARGO_008,TW,transit,1.0,cargo,0.9999999882067058,0.0,0.0,0.0,0.0,0.0,0.0,0.0,1.0,0.0,0.002430555555555555,0.0,0.0,0.002430555555555555,Transit,Cargo
500053158,MV_PHI_CARGO_008,TW,transit,1.0,cargo,0.999999988214325,0.0,0.0,0.0,0.0,0.0,0.0,0.0,1.0,0.0,0.002430555555555555,0.0,0.0,0.002430555555555555,Transit,Cargo
500053158,MV_PHI_CARGO_008,TW,transit,1.0,cargo,0.9999999882067058,0.0,0.0,0.0,0.0,0.0,0.0,0.0,1.0,0.0,0.002430555555555555,0.0,0.0,0.002430555555555555,Transit,Cargo
500053158,MV_PHI_CARGO_008,TW,transit,1.0,cargo,0.9999999882078049,0.0,0.0,0.0,0.0,0.0,0.0,0.0,1.0,0.0,0.002430555555555555,0.0,0.0,0.002430555555555555,Transit,Cargo
500053158,MV_PHI_CARGO_008,TW,transit,0.9999890350877193,cargo,0.9999999882258511,1.0964912280701754e-05,0.0,0.0,0.0,0.0,0.0,0.0,0.9999890350877193,0.0,0.002430555555555555,0.0,0.0,0.002430555555555555,Transit,Cargo
500053158,MV_PHI_CARGO_008,TW,transit,0.9849444444444445,cargo,0.999999988214325,0.0,0.0,0.0,0.015055555555555555,0.0,0.0,0.0,0.9849444444444445,0.0,0.002430555555555555,0.0,0.0,0.002430555555555555,Transit,Cargo
500053158,MV_PHI_CARGO_008,TW,transit,1.0,cargo,0.9999999882221978,0.0,0.0,0.0,0.0,0.0,0.0,0.0,1.0,0.0,0.002430555555555555,0.0,0.0,0.002430555555555555,Transit,Cargo
500053158,MV_PHI_CARGO_008,TW,transit,1.0,cargo,0.999999988214325,0.0,0.0,0.0,0.0,0.0,0.0,0.0,1.0,0.0,0.002430555555555555,0.0,0.0,0.002430555555555555,Transit,Cargo
500053158,MV_PHI_CARGO_008,TW,transit,0.9999890350877193,cargo,0.9999999882221978,1.0964912280701754e-05,0.0,0.0,0.0,0.0,0.0,0.0,0.9999890350877193,0.0,0.002430555555555555,0.0,0.0,0.002430555555555555,Transit,Cargo
500053158,MV_PHI_CARGO_008,TW,transit,1.0,cargo,0.9999999882221978,0.0,0.0,0.0,0.0,0.0,0.0,0.0,1.0,0.0,0.002430555555555555,0.0,0.0,0.002430555555555555,Transit,Cargo
500053158,MV_PHI_CARGO_008,TW,transit,1.0,cargo,0.9999999882067058,0.0,0.0,0.0,0.0,0.0,0.0,0.0,1.0,0.0,0.002430555555555555,0.0,0.0,0.002430555555555555,Transit,Cargo
500053158,MV_PHI_CARGO_008,TW,transit,1.0,cargo,0.9999999882067058,0.0,0.0,0.0,0.0,0.0,0.0,0.0,1.0,0.0,0.002430555555555555,0.0,0.0,0.002430555555555555,Transit,Cargo
500053158,MV_PHI_CARGO_008,TW,transit,0.9999890350877193,cargo,0.9999999882067058,1.0964912280701754e-05,0.0,0.0,0.0,0.0,0.0,0.0,0.9999890350877193,0.0,0.002430555555555555,0.0,0.0,0.002430555555555555,Transit,Cargo
500053158,MV_PHI_CARGO_008,TW,transit,1.0,cargo,0.9999999882067058,0.0,0.0,0.0,0.0,0.0,0.0,0.0,1.0,0.0,0.002430555555555555,0.0,0.0,0.002430555555555555,Transit,Cargo
500053158,MV_PHI_CARGO_008,TW,transit,0.9999890350877193,cargo,0.999999988214325,1.0964912280701754e-05,0.0,0.0,0.0,0.0,0.0,0.0,0.9999890350877193,0.0,0.002430555555555555,0.0,0.0,0.002430555555555555,Transit,Cargo
500053158,MV_PHI_CARGO_008,TW,transit,0.9999890350877193,cargo,0.999999988214325,1.0964912280701754e-05,0.0,0.0,0.0,0.0,0.0,0.0,0.9999890350877193,0.0,0.002430555555555555,0.0,0.0,0.002430555555555555,Transit,Cargo
500053158,MV_PHI_CARGO_008,TW,transit,1.0,cargo,0.9999999882067058,0.0,0.0,0.0,0.0,0.0,0.0,0.0,1.0,0.0,0.002430555555555555,0.0,0.0,0.002430555555555555,Transit,Cargo
500053158,MV_PHI_CARGO_008,TW,transit,1.0,cargo,0.9999999882067058,0.0,0.0,0.0,0.0,0.0,0.0,0.0,1.0,0.0,0.002430555555555555,0.0,0.0,0.002430555555555555,Transit,Cargo
500053158,MV_PHI_CARGO_008,TW,transit,1.0,cargo,0.999999988214325,0.0,0.0,0.0,0.0,0.0,0.0,0.0,1.0,0.0,0.002430555555555555,0.0,0.0,0.002430555555555555,Transit,Cargo
500053158,MV_PHI_CARGO_008,TW,transit,1.0,cargo,0.9999999882221978,0.0,0.0,0.0,0.0,0.0,0.0,0.0,1.0,0.0,0.002430555555555555,0.0,0.0,0.002430555555555555,Transit,Cargo
500053158,MV_PHI_CARGO_008,TW,transit,0.9315714285714288,cargo,0.9999999882067058,0.0,0.0,0.0,0.008952380952380953,0.014373015873015873,0.04293650793650793,0.0,0.9315714285714288,0.0021666666666666666,0.002430555555555555,0.0,0.0,0.002430555555555555,Transit,Cargo
500053158,MV_PHI_CARGO_008,TW,transit,1.0,cargo,0.9999999882067058,0.0,0.0,0.0,0.0,0.0,0.0,0.0,1.0,0.0,0.002430555555555555,0.0,0.0,0.002430555555555555,Transit,Cargo
500053158,MV_PHI_CARGO_008,TW,transit,1.0,cargo,0.9999999882067058,0.0,0.0,0.0,0.0,0.0,0.0,0.0,1.0,0.0,0.002430555555555555,0.0,0.0,0.002430555555555555,Transit,Cargo
500053158,MV_PHI_CARGO_008,TW,transit,1.0,cargo,0.9999999882067058,0.0,0.0,0.0,0.0,0.0,0.0,0.0,1.0,0.0,0.002430555555555555,0.0,0.0,0.002430555555555555,Transit,Cargo
500053158,MV_PHI_CARGO_008,TW,transit,1.0,cargo,0.9999999882067058,0.0,0.0,0.0,0.0,0.0,0.0,0.0,1.0,0.0,0.002430555555555555,0.0,0.0,0.002430555555555555,Transit,Cargo
500053158,MV_PHI_CARGO_008,TW,transit,1.0,cargo,0.999999988214325,0.0,0.0,0.0,0.0,0.0,0.0,0.0,1.0,0.0,0.002430555555555555,0.0,0.0,0.002430555555555555,Transit,Cargo
500053158,MV_PHI_CARGO_008,TW,transit,1.0,cargo,0.9999999882067058,0.0,0.0,0.0,0.0,0.0,0.0,0.0,1.0,0.0,0.002430555555555555,0.0,0.0,0.002430555555555555,Transit,Cargo
500053158,MV_PHI_CARGO_008,TW,transit,1.0,cargo,0.9999999882221978,0.0,0.0,0.0,0.0,0.0,0.0,0.0,1.0,0.0,0.002430555555555555,0.0,0.0,0.002430555555555555,Transit,Cargo
500053158,MV_PHI_CARGO_008,TW,transit,1.0,cargo,0.999999988214325,0.0,0.0,0.0,0.0,0.0,0.0,0.0,1.0,0.0,0.002430555555555555,0.0,0.0,0.002430555555555555,Transit,Cargo
500053158,MV_PHI_CARGO_008,TW,transit,1.0,cargo,0.9999999882221978,0.0,0.0,0.0,0.0,0.0,0.0,0.0,1.0,0.0,0.002430555555555555,0.0,0.0,0.002430555555555555,Transit,Cargo
500053158,MV_PHI_CARGO_008,TW,transit,0.9983333333333333,cargo,0.9999999882067058,0.0,0.0,0.0,0.0016666666666666668,0.0,0.0,0.0,0.9983333333333333,0.0,0.002430555555555555,0.0,0.0,0.002430555555555555,Transit,Cargo
500053158,MV_PHI_CARGO_008,TW,transit,0.9999890350877193,cargo,0.9999999882067058,1.0964912280701754e-05,0.0,0.0,0.0,0.0,0.0,0.0,0.9999890350877193,0.0,0.002430555555555555,0.0,0.0,0.002430555555555555,Transit,Cargo
500053158,MV_PHI_CARGO_008,TW,transit,0.9999890350877193,cargo,0.9999999882067058,1.0964912280701754e-05,0.0,0.0,0.0,0.0,0.0,0.0,0.9999890350877193,0.0,0.002430555555555555,0.0,0.0,0.002430555555555555,Transit,Cargo
500053158,MV_PHI_CARGO_008,TW,transit,1.0,cargo,0.9999999882067058,0.0,0.0,0.0,0.0,0.0,0.0,0.0,1.0,0.0,0.002430555555555555,0.0,0.0,0.002430555555555555,Transit,Cargo
500053158,MV_PHI_CARGO_008,TW,transit,0.9999890350877193,cargo,0.9999999882067058,1.0964912280701754e-05,0.0,0.0,0.0,0.0,0.0,0.0,0.9999890350877193,0.0,0.002430555555555555,0.0,0.0,0.002430555555555555,Transit,Cargo
500053158,MV_PHI_CARGO_008,TW,transit,1.0,cargo,0.999999988214325,0.0,0.0,0.0,0.0,0.0,0.0,0.0,1.0,0.0,0.002430555555555555,0.0,0.0,0.002430555555555555,Transit,Cargo
500053158,MV_PHI_CARGO_008,TW,transit,0.9999890350877193,cargo,0.9999999882067058,1.0964912280701754e-05,0.0,0.0,0.0,0.0,0.0,0.0,0.9999890350877193,0.0,0.002430555555555555,0.0,0.0,0.002430555555555555,Transit,Cargo
500053158,MV_PHI_CARGO_008,TW,transit,0.9999890350877193,cargo,0.9999999882067058,1.0964912280701754e-05,0.0,0.0,0.0,0.0,0.0,0.0,0.9999890350877193,0.0,0.002430555555555555,0.0,0.0,0.002430555555555555,Transit,Cargo
500053158,MV_PHI_CARGO_008,TW,transit,0.9999890350877193,cargo,0.9999999882067058,1.0964912280701754e-05,0.0,0.0,0.0,0.0,0.0,0.0,0.9999890350877193,0.0,0.002430555555555555,0.0,0.0,0.002430555555555555,Transit,Cargo
500053158,MV_PHI_CARGO_008,TW,transit,0.9999890350877193,cargo,0.9999999882067058,1.0964912280701754e-05,0.0,0.0,0.0,0.0,0.0,0.0,0.9999890350877193,0.0,0.002430555555555555,0.0,0.0,0.002430555555555555,Transit,Cargo
500053158,MV_PHI_CARGO_008,TW,transit,1.0,cargo,0.999999988214325,0.0,0.0,0.0,0.0,0.0,0.0,0.0,1.0,0.0,0.002430555555555555,0.0,0.0,0.002430555555555555,Transit,Cargo
500053158,MV_PHI_CARGO_008,TW,transit,1.0,cargo,0.9999999882221978,0.0,0.0,0.0,0.0,0.0,0.0,0.0,1.0,0.0,0.002430555555555555,0.0,0.0,0.002430555555555555,Transit,Cargo
500053158,MV_PHI_CARGO_008,TW,transit,0.9999890350877193,cargo,0.999999988214325,1.0964912280701754e-05,0.0,0.0,0.0,0.0,0.0,0.0,0.9999890350877193,0.0,0.002430555555555555,0.0,0.0,0.002430555555555555,Transit,Cargo
500053158,MV_PHI_CARGO_008,TW,transit,0.9999890350877193,cargo,0.9999999882067058,1.0964912280701754e-05,0.0,0.0,0.0,0.0,0.0,0.0,0.9999890350877193,0.0,0.002430555555555555,0.0,0.0,0.002430555555555555,Transit,Cargo
500053158,MV_PHI_CARGO_008,TW,transit,0.9999890350877193,cargo,0.9999999882221978,1.0964912280701754e-05,0.0,0.0,0.0,0.0,0.0,0.0,0.9999890350877193,0.0,0.002430555555555555,0.0,0.0,0.002430555555555555,Transit,Cargo
500053158,MV_PHI_CARGO_008,TW,transit,1.0,cargo,0.9999999883161658,0.0,0.0,0.0,0.0,0.0,0.0,0.0,1.0,0.0,0.002430555555555555,0.0,0.0,0.002430555555555555,Transit,Cargo
500053158,MV_PHI_CARGO_008,TW,transit,1.0,cargo,0.9999999882067058,0.0,0.0,0.0,0.0,0.0,0.0,0.0,1.0,0.0,0.002430555555555555,0.0,0.0,0.002430555555555555,Transit,Cargo
500053158,MV_PHI_CARGO_008,TW,transit,1.0,cargo,0.9999999882067058,0.0,0.0,0.0,0.0,0.0,0.0,0.0,1.0,0.0,0.002430555555555555,0.0,0.0,0.002430555555555555,Transit,Cargo
500053158,MV_PHI_CARGO_008,TW,transit,1.0,cargo,0.9999999882067058,0.0,0.0,0.0,0.0,0.0,0.0,0.0,1.0,0.0,0.002430555555555555,0.0,0.0,0.002430555555555555,Transit,Cargo
500053158,MV_PHI_CARGO_008,TW,transit,0.996388888888889,cargo,0.999999988214325,0.0,0.0,0.0,0.003611111111111111,0.0,0.0,0.0,0.996388888888889,0.0,0.002430555555555555,0.0,0.0,0.002430555555555555,Transit,Cargo
500053158,MV_PHI_CARGO_008,TW,transit,0.9940555555555557,cargo,0.9999999882067058,0.0,0.0,0.0,0.005944444444444444,0.0,0.0,0.0,0.9940555555555557,0.0,0.002430555555555555,0.0,0.0,0.002430555555555555,Transit,Cargo
500053158,MV_PHI_CARGO_008,TW,transit,1.0,cargo,0.999999988214325,0.0,0.0,0.0,0.0,0.0,0.0,0.0,1.0,0.0,0.002430555555555555,0.0,0.0,0.002430555555555555,Transit,Cargo
500053158,MV_PHI_CARGO_008,TW,transit,1.0,cargo,0.9999999882221978,0.0,0.0,0.0,0.0,0.0,0.0,0.0,1.0,0.0,0.002430555555555555,0.0,0.0,0.002430555555555555,Transit,Cargo
500053158,MV_PHI_CARGO_008,TW,transit,1.0,cargo,0.9999999882221978,0.0,0.0,0.0,0.0,0.0,0.0,0.0,1.0,0.0,0.002430555555555555,0.0,0.0,0.002430555555555555,Transit,Cargo
500053159,MV_PHI_CARGO_009,CN,transit,0.9999890350877193,bulk_carrier,0.9999999609607328,1.0964912280701754e-05,0.0,0.0,0.0,0.0,0.0,0.0,0.9999890350877193,0.0,0.002430555555555555,0.0,0.0,0.002430555555555555,Transit,Bulk Carrier
500053159,MV_PHI_CARGO_009,CN,transit,1.0,bulk_carrier,0.9999999609674837,0.0,0.0,0.0,0.0,0.0,0.0,0.0,1.0,0.0,0.002430555555555555,0.0,0.0,0.002430555555555555,Transit,Bulk Carrier
500053159,MV_PHI_CARGO_009,CN,transit,1.0,bulk_carrier,0.9999999615724443,0.0,0.0,0.0,0.0,0.0,0.0,0.0,1.0,0.0,0.002430555555555555,0.0,0.0,0.002430555555555555,Transit,Bulk Carrier
500053159,MV_PHI_CARGO_009,CN,transit,1.0,bulk_carrier,0.9999999612438051,0.0,0.0,0.0,0.0,0.0,0.0,0.0,1.0,0.0,0.002430555555555555,0.0,0.0,0.002430555555555555,Transit,Bulk Carrier
500053159,MV_PHI_CARGO_009,CN,transit,1.0,bulk_carrier,0.999999966411262,0.0,0.0,0.0,0.0,0.0,0.0,0.0,1.0,0.0,0.002430555555555555,0.0,0.0,0.002430555555555555,Transit,Bulk Carrier
500053159,MV_PHI_CARGO_009,CN,transit,1.0,bulk_carrier,0.9999999609674837,0.0,0.0,0.0,0.0,0.0,0.0,0.0,1.0,0.0,0.002430555555555555,0.0,0.0,0.002430555555555555,Transit,Bulk Carrier
500053159,MV_PHI_CARGO_009,CN,transit,1.0,bulk_carrier,0.9999999609674837,0.0,0.0,0.0,0.0,0.0,0.0,0.0,1.0,0.0,0.002430555555555555,0.0,0.0,0.002430555555555555,Transit,Bulk Carrier
500053159,MV_PHI_CARGO_009,CN,transit,1.0,bulk_carrier,0.9999999605267154,0.0,0.0,0.0,0.0,0.0,0.0,0.0,1.0,0.0,0.002430555555555555,0.0,0.0,0.002430555555555555,Transit,Bulk Carrier
500053159,MV_PHI_CARGO_009,CN,transit,1.0,bulk_carrier,0.9999999605233285,0.0,0.0,0.0,0.0,0.0,0.0,0.0,1.0,0.0,0.002430555555555555,0.0,0.0,0.002430555555555555,Transit,Bulk Carrier
500053159,MV_PHI_CARGO_009,CN,transit,1.0,bulk_carrier,0.999999966411262,0.0,0.0,0.0,0.0,0.0,0.0,0.0,1.0,0.0,0.002430555555555555,0.0,0.0,0.002430555555555555,Transit,Bulk Carrier
500053159,MV_PHI_CARGO_009,CN,transit,0.9999890350877193,bulk_carrier,0.9999999609607328,1.0964912280701754e-05,0.0,0.0,0.0,0.0,0.0,0.0,0.9999890350877193,0.0,0.002430555555555555,0.0,0.0,0.002430555555555555,Transit,Bulk Carrier
500053159,MV_PHI_CARGO_009,CN,transit,1.0,bulk_carrier,0.9999999609615231,0.0,0.0,0.0,0.0,0.0,0.0,0.0,1.0,0.0,0.002430555555555555,0.0,0.0,0.002430555555555555,Transit,Bulk Carrier
500053159,MV_PHI_CARGO_009,CN,transit,1.0,bulk_carrier,0.9999999611178141,0.0,0.0,0.0,0.0,0.0,0.0,0.0,1.0,0.0,0.002430555555555555,0.0,0.0,0.002430555555555555,Transit,Bulk Carrier
500053159,MV_PHI_CARGO_009,CN,transit,1.0,bulk_carrier,0.9999999605245908,0.0,0.0,0.0,0.0,0.0,0.0,0.0,1.0,0.0,0.002430555555555555,0.0,0.0,0.002430555555555555,Transit,Bulk Carrier
500053159,MV_PHI_CARGO_009,CN,transit,1.0,bulk_carrier,0.9999999605245908,0.0,0.0,0.0,0.0,0.0,0.0,0.0,1.0,0.0,0.002430555555555555,0.0,0.0,0.002430555555555555,Transit,Bulk Carrier
500053159,MV_PHI_CARGO_009,CN,transit,1.0,bulk_carrier,0.9999999609674837,0.0,0.0,0.0,0.0,0.0,0.0,0.0,1.0,0.0,0.002430555555555555,0.0,0.0,0.002430555555555555,Transit,Bulk Carrier
500053159,MV_PHI_CARGO_009,CN,transit,1.0,bulk_carrier,0.9999999609674837,0.0,0.0,0.0,0.0,0.0,0.0,0.0,1.0,0.0,0.002430555555555555,0.0,0.0,0.002430555555555555,Transit,Bulk Carrier
500053159,MV_PHI_CARGO_009,CN,transit,1.0,bulk_carrier,0.9999999605245908,0.0,0.0,0.0,0.0,0.0,0.0,0.0,1.0,0.0,0.002430555555555555,0.0,0.0,0.002430555555555555,Transit,Bulk Carrier
500053159,MV_PHI_CARGO_009,CN,transit,1.0,bulk_carrier,0.9999999605233285,0.0,0.0,0.0,0.0,0.0,0.0,0.0,1.0,0.0,0.002430555555555555,0.0,0.0,0.002430555555555555,Transit,Bulk Carrier
500053159,MV_PHI_CARGO_009,CN,transit,1.0,bulk_carrier,0.9999999609674686,0.0,0.0,0.0,0.0,0.0,0.0,0.0,1.0,0.0,0.002430555555555555,0.0,0.0,0.002430555555555555,Transit,Bulk Carrier
500053159,MV_PHI_CARGO_009,CN,transit,1.0,bulk_carrier,0.9999999609607164,0.0,0.0,0.0,0.0,0.0,0.0,0.0,1.0,0.0,0.002430555555555555,0.0,0.0,0.002430555555555555,Transit,Bulk Carrier
500053159,MV_PHI_CARGO_009,CN,transit,1.0,bulk_carrier,0.9999999597960098,0.0,0.0,0.0,0.0,0.0,0.0,0.0,1.0,0.0,0.002430555555555555,0.0,0.0,0.002430555555555555,Transit,Bulk Carrier
500053159,MV_PHI_CARGO_009,CN,transit,0.998655701754386,bulk_carrier,0.9999999598542691,0.001344298245614035,0.0,0.0,0.0,0.0,0.0,0.0,0.998655701754386,0.0,0.002430555555555555,0.0,0.0,0.002430555555555555,Transit,Bulk Carrier
500053159,MV_PHI_CARGO_009,CN,transit,1.0,bulk_carrier,0.9999999609607164,0.0,0.0,0.0,0.0,0.0,0.0,0.0,1.0,0.0,0.002430555555555555,0.0,0.0,0.002430555555555555,Transit,Bulk Carrier
500053159,MV_PHI_CARGO_009,CN,transit,1.0,bulk_carrier,0.9999999609607315,0.0,0.0,0.0,0.0,0.0,0.0,0.0,1.0,0.0,0.002430555555555555,0.0,0.0,0.002430555555555555,Transit,Bulk Carrier
500053159,MV_PHI_CARGO_009,CN,transit,1.0,bulk_carrier,0.9999999605194463,0.0,0.0,0.0,0.0,0.0,0.0,0.0,1.0,0.0,0.002430555555555555,0.0,0.0,0.002430555555555555,Transit,Bulk Carrier
500053159,MV_PHI_CARGO_009,CN,transit,1.0,bulk_carrier,0.9999999609607315,0.0,0.0,0.0,0.0,0.0,0.0,0.0,1.0,0.0,0.002430555555555555,0.0,0.0,0.002430555555555555,Transit,Bulk Carrier
500053159,MV_PHI_CARGO_009,CN,transit,0.9999890350877193,bulk_carrier,0.9999999609607164,1.0964912280701754e-05,0.0,0.0,0.0,0.0,0.0,0.0,0.9999890350877193,0.0,0.002430555555555555,0.0,0.0,0.002430555555555555,Transit,Bulk Carrier
500053159,MV_PHI_CARGO_009,CN,transit,1.0,bulk_carrier,0.9999999609607164,0.0,0.0,0.0,0.0,0.0,0.0,0.0,1.0,0.0,0.002430555555555555,0.0,0.0,0.002430555555555555,Transit,Bulk Carrier
500053159,MV_PHI_CARGO_009,CN,transit,0.9999890350877193,bulk_carrier,0.9999999609607164,1.0964912280701754e-05,0.0,0.0,0.0,0.0,0.0,0.0,0.9999890350877193,0.0,0.002430555555555555,0.0,0.0,0.002430555555555555,Transit,Bulk Carrier
500053159,MV_PHI_CARGO_009,CN,transit,1.0,bulk_carrier,0.9999999609607164,0.0,0.0,0.0,0.0,0.0,0.0,0.0,1.0,0.0,0.002430555555555555,0.0,0.0,0.002430555555555555,Transit,Bulk Carrier
500053159,MV_PHI_CARGO_009,CN,transit,1.0,bulk_carrier,0.9999999609607164,0.0,0.0,0.0,0.0,0.0,0.0,0.0,1.0,0.0,0.002430555555555555,0.0,0.0,0.002430555555555555,Transit,Bulk Carrier
500053159,MV_PHI_CARGO_009,CN,transit,0.9999890350877193,bulk_carrier,0.9999999609607328,1.0964912280701754e-05,0.0,0.0,0.0,0.0,0.0,0.0,0.9999890350877193,0.0,0.002430555555555555,0.0,0.0,0.002430555555555555,Transit,Bulk Carrier
500053159,MV_PHI_CARGO_009,CN,transit,0.9999890350877193,bulk_carrier,0.9999999609607164,1.0964912280701754e-05,0.0,0.0,0.0,0.0,0.0,0.0,0.9999890350877193,0.0,0.002430555555555555,0.0,0.0,0.002430555555555555,Transit,Bulk Carrier
500053159,MV_PHI_CARGO_009,CN,transit,0.9949890350877193,bulk_carrier,0.9999999609607164,0.0033442982456140355,0.0,0.0,0.0,0.0,0.0,0.0016666666666666668,0.9949890350877193,0.0,0.002430555555555555,0.0,0.0,0.002430555555555555,Transit,Bulk Carrier
500053159,MV_PHI_CARGO_009,CN,transit,1.0,bulk_carrier,0.9999999609607315,0.0,0.0,0.0,0.0,0.0,0.0,0.0,1.0,0.0,0.002430555555555555,0.0,0.0,0.002430555555555555,Transit,Bulk Carrier
500053159,MV_PHI_CARGO_009,CN,transit,1.0,bulk_carrier,0.9999999609607164,0.0,0.0,0.0,0.0,0.0,0.0,0.0,1.0,0.0,0.002430555555555555,0.0,0.0,0.002430555555555555,Transit,Bulk Carrier
500053159,MV_PHI_CARGO_009,CN,transit,1.0,bulk_carrier,0.9999999609674686,0.0,0.0,0.0,0.0,0.0,0.0,0.0,1.0,0.0,0.002430555555555555,0.0,0.0,0.002430555555555555,Transit,Bulk Carrier
500053159,MV_PHI_CARGO_009,CN,transit,1.0,bulk_carrier,0.9999999609674686,0.0,0.0,0.0,0.0,0.0,0.0,0.0,1.0,0.0,0.002430555555555555,0.0,0.0,0.002430555555555555,Transit,Bulk Carrier
500053159,MV_PHI_CARGO_009,CN,transit,1.0,bulk_carrier,0.9999999609607164,0.0,0.0,0.0,0.0,0.0,0.0,0.0,1.0,0.0,0.002430555555555555,0.0,0.0,0.002430555555555555,Transit,Bulk Carrier
500053159,MV_PHI_CARGO_009,CN,transit,1.0,bulk_carrier,0.9999999609607164,0.0,0.0,0.0,0.0,0.0,0.0,0.0,1.0,0.0,0.002430555555555555,0.0,0.0,0.002430555555555555,Transit,Bulk Carrier
500053159,MV_PHI_CARGO_009,CN,transit,0.9999890350877193,bulk_carrier,0.9999999609607164,1.0964912280701754e-05,0.0,0.0,0.0,0.0,0.0,0.0,0.9999890350877193,0.0,0.002430555555555555,0.0,0.0,0.002430555555555555,Transit,Bulk Carrier
500053159,MV_PHI_CARGO_009,CN,transit,1.0,bulk_carrier,0.9999999609607164,0.0,0.0,0.0,0.0,0.0,0.0,0.0,1.0,0.0,0.002430555555555555,0.0,0.0,0.002430555555555555,Transit,Bulk Carrier
500053159,MV_PHI_CARGO_009,CN,transit,1.0,bulk_carrier,0.9999999609607164,0.0,0.0,0.0,0.0,0.0,0.0,0.0,1.0,0.0,0.002430555555555555,0.0,0.0,0.002430555555555555,Transit,Bulk Carrier
500053159,MV_PHI_CARGO_009,CN,transit,1.0,bulk_carrier,0.9999999609674837,0.0,0.0,0.0,0.0,0.0,0.0,0.0,1.0,0.0,0.002430555555555555,0.0,0.0,0.002430555555555555,Transit,Bulk Carrier
500053159,MV_PHI_CARGO_009,CN,transit,1.0,bulk_carrier,0.9999999605267154,0.0,0.0,0.0,0.0,0.0,0.0,0.0,1.0,0.0,0.002430555555555555,0.0,0.0,0.002430555555555555,Transit,Bulk Carrier
500053159,MV_PHI_CARGO_009,CN,transit,1.0,bulk_carrier,0.9999999609615231,0.0,0.0,0.0,0.0,0.0,0.0,0.0,1.0,0.0,0.002430555555555555,0.0,0.0,0.002430555555555555,Transit,Bulk Carrier
500053159,MV_PHI_CARGO_009,CN,transit,1.0,bulk_carrier,0.9999999609607164,0.0,0.0,0.0,0.0,0.0,0.0,0.0,1.0,0.0,0.002430555555555555,0.0,0.0,0.002430555555555555,Transit,Bulk Carrier
500053159,MV_PHI_CARGO_009,CN,transit,1.0,bulk_carrier,0.9999999614104825,0.0,0.0,0.0,0.0,0.0,0.0,0.0,1.0,0.0,0.002430555555555555,0.0,0.0,0.002430555555555555,Transit,Bulk Carrier
500053159,MV_PHI_CARGO_009,CN,transit,1.0,bulk_carrier,0.9999999598542691,0.0,0.0,0.0,0.0,0.0,0.0,0.0,1.0,0.0,0.002430555555555555,0.0,0.0,0.002430555555555555,Transit,Bulk Carrier
500053159,MV_PHI_CARGO_009,CN,transit,0.9999890350877193,bulk_carrier,0.9999999509455535,1.0964912280701754e-05,0.0,0.0,0.0,0.0,0.0,0.0,0.9999890350877193,0.0,0.002430555555555555,0.0,0.0,0.002430555555555555,Transit,Bulk Carrier
500053159,MV_PHI_CARGO_009,CN,transit,1.0,bulk_carrier,0.9999999605245908,0.0,0.0,0.0,0.0,0.0,0.0,0.0,1.0,0.0,0.002430555555555555,0.0,0.0,0.002430555555555555,Transit,Bulk Carrier
500053159,MV_PHI_CARGO_009,CN,transit,1.0,bulk_carrier,0.999999966411262,0.0,0.0,0.0,0.0,0.0,0.0,0.0,1.0,0.0,0.002430555555555555,0.0,0.0,0.002430555555555555,Transit,Bulk Carrier
500053159,MV_PHI_CARGO_009,CN,transit,1.0,bulk_carrier,0.9999999605233285,0.0,0.0,0.0,0.0,0.0,0.0,0.0,1.0,0.0,0.002430555555555555,0.0,0.0,0.002430555555555555,Transit,Bulk Carrier
500053159,MV_PHI_CARGO_009,CN,transit,1.0,bulk_carrier,0.9999999609674837,0.0,0.0,0.0,0.0,0.0,0.0,0.0,1.0,0.0,0.002430555555555555,0.0,0.0,0.002430555555555555,Transit,Bulk Carrier
500053159,MV_PHI_CARGO_009,CN,transit,1.0,bulk_carrier,0.9999999609607164,0.0,0.0,0.0,0.0,0.0,0.0,0.0,1.0,0.0,0.002430555555555555,0.0,0.0,0.002430555555555555,Transit,Bulk Carrier
500053160,MV_PHI_CARGO_010,TW,transit,1.0,tanker,0.9999999710914995,0.0,0.0,0.0,0.0,0.0,0.0,0.0,1.0,0.0,0.002430555555555555,0.0,0.09169758423838102,0.09169758423838102,Transit,Tanker
500053160,MV_PHI_CARGO_010,TW,transit,1.0,tanker,0.999999970758136,0.0,0.0,0.0,0.0,0.0,0.0,0.0,1.0,0.0,0.002430555555555555,0.0,0.09629309948045288,0.09629309948045288,Transit,Tanker
500053160,MV_PHI_CARGO_010,TW,transit,1.0,tanker,0.999999970758136,0.0,0.0,0.0,0.0,0.0,0.0,0.0,1.0,0.0,0.002430555555555555,0.0,0.10120203073607598,0.10120203073607598,Transit,Tanker
500053160,MV_PHI_CARGO_010,TW,transit,1.0,tanker,0.9999999707581368,0.0,0.0,0.0,0.0,0.0,0.0,0.0,1.0,0.0,0.002430555555555555,0.0,0.10610552035991337,0.10610552035991337,Transit,Tanker
500053160,MV_PHI_CARGO_010,TW,transit,1.0,tanker,0.999999970755775,0.0,0.0,0.0,0.0,0.0,0.0,0.0,1.0,0.0,0.002430555555555555,0.0,0.11128754682712697,0.11128754682712697,Transit,Tanker
500053160,MV_PHI_CARGO_010,TW,transit,0.9999890350877193,tanker,0.9999999695125454,1.0964912280701754e-05,0.0,0.0,0.0,0.0,0.0,0.0,0.9999890350877193,0.0,0.002430555555555555,0.0,0.11663673836201363,0.11663673836201363,Transit,Tanker
500053160,MV_PHI_CARGO_010,TW,transit,0.9999890350877193,tanker,0.9999999709132663,1.0964912280701754e-05,0.0,0.0,0.0,0.0,0.0,0.0,0.9999890350877193,0.0,0.002430555555555555,0.0,0.12193217961208956,0.12193217961208956,Transit,Tanker
500053160,MV_PHI_CARGO_010,TW,transit,1.0,tanker,0.9999999707547145,0.0,0.0,0.0,0.0,0.0,0.0,0.0,1.0,0.0,0.002430555555555555,0.0,0.1274145739454657,0.1274145739454657,Transit,Tanker
500053160,MV_PHI_CARGO_010,TW,transit,0.9946666666666666,tanker,0.9999999707581368,0.0,0.0,0.0,0.0,0.0,0.0,0.005333333333333334,0.9946666666666666,0.0,0.002430555555555555,0.0,0.13305015816860122,0.13305015816860122,Transit,Tanker
500053160,MV_PHI_CARGO_010,TW,transit,0.9979999999999999,tanker,0.9999999707560054,0.0,0.0,0.0,0.0,0.0,0.0,0.002,0.9979999999999999,0.0,0.002430555555555555,0.0,0.1385329920372562,0.1385329920372562,Transit,Tanker
500053160,MV_PHI_CARGO_010,TW,transit,0.9971666666666666,tanker,0.9999999707560054,0.0,0.0,0.0,0.0,0.0,0.0008333333333333334,0.002,0.9971666666666666,0.0,0.002430555555555555,0.0,0.1438447327232247,0.1438447327232247,Transit,Tanker
500053160,MV_PHI_CARGO_010,TW,transit,0.975,tanker,0.9999999707567553,0.0,0.0,0.0,0.0,0.008888888888888889,0.01611111111111111,0.0,0.975,0.0,0.002430555555555555,0.0,0.14923203951675743,0.14923203951675743,Transit,Tanker
500053160,MV_PHI_CARGO_010,TW,transit,0.9999890350877193,tanker,0.999999970755775,1.0964912280701754e-05,0.0,0.0,0.0,0.0,0.0,0.0,0.9999890350877193,0.0,0.002430555555555555,0.0,0.1546232501962965,0.1546232501962965,Transit,Tanker
500053160,MV_PHI_CARGO_010,TW,transit,1.0,tanker,0.9999999707616452,0.0,0.0,0.0,0.0,0.0,0.0,0.0,1.0,0.0,0.002430555555555555,0.0,0.15974869541884643,0.15974869541884643,Transit,Tanker
500053160,MV_PHI_CARGO_010,TW,transit,1.0,tanker,0.999999970755775,0.0,0.0,0.0,0.0,0.0,0.0,0.0,1.0,0.0,0.002430555555555555,0.0,0.1644526381441024,0.1644526381441024,Transit,Tanker
500053160,MV_PHI_CARGO_010,TW,transit,1.0,tanker,0.999999970755775,0.0,0.0,0.0,0.0,0.0,0.0,0.0,1.0,0.0,0.002430555555555555,0.0,0.16904444707177227,0.16904444707177227,Transit,Tanker
500053160,MV_PHI_CARGO_010,TW,transit,1.0,tanker,0.9999999691810791,0.0,0.0,0.0,0.0,0.0,0.0,0.0,1.0,0.0,0.002430555555555555,0.0,0.17396523642116682,0.17396523642116682,Transit,Tanker
500053160,MV_PHI_CARGO_010,TW,transit,0.9999890350877193,tanker,0.9999999694424326,1.0964912280701754e-05,0.0,0.0,0.0,0.0,0.0,0.0,0.9999890350877193,0.0,0.002430555555555555,0.0,0.1789888143775001,0.1789888143775001,Transit,Tanker
500053160,MV_PHI_CARGO_010,TW,transit,1.0,tanker,0.9999999694423556,0.0,0.0,0.0,0.0,0.0,0.0,0.0,1.0,0.0,0.002430555555555555,0.0,0.18401444453296922,0.18401444453296922,Transit,Tanker
500053160,MV_PHI_CARGO_010,TW,transit,0.9979999999999999,tanker,0.9999999694463277,0.0,0.0,0.0,0.0,0.0,0.0,0.002,0.9979999999999999,0.0,0.002430555555555555,0.0,0.18900288000637006,0.18900288000637006,Transit,Tanker
500053160,MV_PHI_CARGO_010,TW,transit,0.9979999999999999,tanker,0.9999999707648468,0.0,0.0,0.0,0.0,0.0,0.0,0.002,0.9979999999999999,0.0,0.002430555555555555,0.0,0.1939844308232724,0.1939844308232724,Transit,Tanker
500053160,MV_PHI_CARGO_010,TW,transit,0.9979999999999999,tanker,0.9999999707591016,0.0,0.0,0.0,0.0,0.0,0.0,0.002,0.9979999999999999,0.0,0.002430555555555555,0.0,0.19908485435413925,0.19908485435413925,Transit,Tanker
500053160,MV_PHI_CARGO_010,TW,transit,0.9979999999999999,tanker,0.9999999707591016,0.0,0.0,0.0,0.0,0.0,0.0,0.002,0.9979999999999999,0.0,0.002430555555555555,0.0,0.2,0.2,Transit,Tanker
500053160,MV_PHI_CARGO_010,TW,transit,0.9979999999999999,tanker,0.9999999691810791,0.0,0.0,0.0,0.0,0.0,0.0,0.002,0.9979999999999999,0.0,0.002430555555555555,0.0,0.2,0.2,Transit,Tanker
500053160,MV_PHI_CARGO_010,TW,transit,0.9979999999999999,tanker,0.9999999694463277,0.0,0.0,0.0,0.0,0.0,0.0,0.002,0.9979999999999999,0.0,0.002430555555555555,0.0,0.2,0.2,Transit,Tanker
500053160,MV_PHI_CARGO_010,TW,transit,0.9963333333333333,tanker,0.9999999694523869,0.0,0.0,0.0,0.0,0.0,0.0,0.003666666666666667,0.9963333333333333,0.0,0.002430555555555555,0.0,0.2,0.2,Transit,Tanker
500053160,MV_PHI_CARGO_010,TW,transit,0.9979999999999999,tanker,0.9999999710893692,0.0,0.0,0.0,0.0,0.0,0.0,0.002,0.9979999999999999,0.0,0.002430555555555555,0.0,0.2,0.2,Transit,Tanker
500053160,MV_PHI_CARGO_010,TW,transit,0.9979999999999999,tanker,0.9999999707581368,0.0,0.0,0.0,0.0,0.0,0.0,0.002,0.9979999999999999,0.0,0.002430555555555555,0.0,0.2,0.2,Transit,Tanker
500053160,MV_PHI_CARGO_010,TW,transit,0.9979999999999999,tanker,0.9999999707581368,0.0,0.0,0.0,0.0,0.0,0.0,0.002,0.9979999999999999,0.0,0.002430555555555555,0.0,0.2,0.2,Transit,Tanker
500053160,MV_PHI_CARGO_010,TW,transit,0.9979999999999999,tanker,0.9999999707593572,0.0,0.0,0.0,0.0,0.0,0.0,0.002,0.9979999999999999,0.0,0.002430555555555555,0.0,0.2,0.2,Transit,Tanker
500053160,MV_PHI_CARGO_010,TW,transit,0.9979999999999999,tanker,0.9999999707560054,0.0,0.0,0.0,0.0,0.0,0.0,0.002,0.9979999999999999,0.0,0.002430555555555555,0.0,0.2,0.2,Transit,Tanker
500053160,MV_PHI_CARGO_010,TW,transit,0.9963223684210525,tanker,0.9999999707581368,0.0016776315789473683,0.0,0.0,0.0,0.0,0.0,0.002,0.9963223684210525,0.0,0.002430555555555555,0.0,0.2,0.2,Transit,Tanker
500053160,MV_PHI_CARGO_010,TW,transit,0.9979999999999999,tanker,0.9999999707581368,0.0,0.0,0.0,0.0,0.0,0.0,0.002,0.9979999999999999,0.0,0.002430555555555555,0.0,0.2,0.2,Transit,Tanker
500053160,MV_PHI_CARGO_010,TW,transit,1.0,tanker,0.9999999707581368,0.0,0.0,0.0,0.0,0.0,0.0,0.0,1.0,0.0,0.002430555555555555,0.0,0.2,0.2,Transit,Tanker
500053160,MV_PHI_CARGO_010,TW,transit,1.0,tanker,0.9999999707591016,0.0,0.0,0.0,0.0,0.0,0.0,0.0,1.0,0.0,0.002430555555555555,0.0,0.2,0.2,Transit,Tanker
500053160,MV_PHI_CARGO_010,TW,transit,0.9999890350877193,tanker,0.9999999707560054,1.0964912280701754e-05,0.0,0.0,0.0,0.0,0.0,0.0,0.9999890350877193,0.0,0.002430555555555555,0.0,0.2,0.2,Transit,Tanker
500053160,MV_PHI_CARGO_010,TW,transit,1.0,tanker,0.9999999707581368,0.0,0.0,0.0,0.0,0.0,0.0,0.0,1.0,0.0,0.002430555555555555,0.0,0.2,0.2,Transit,Tanker
500053160,MV_PHI_CARGO_010,TW,transit,0.9979999999999999,tanker,0.999999970758136,0.0,0.0,0.0,0.0,0.0,0.0,0.002,0.9979999999999999,0.0,0.002430555555555555,0.0,0.2,0.2,Transit,Tanker
500053160,MV_PHI_CARGO_010,TW,transit,1.0,tanker,0.9999999710914995,0.0,0.0,0.0,0.0,0.0,0.0,0.0,1.0,0.0,0.002430555555555555,0.0,0.2,0.2,Transit,Tanker
500053160,MV_PHI_CARGO_010,TW,transit,1.0,tanker,0.9999999508885011,0.0,0.0,0.0,0.0,0.0,0.0,0.0,1.0,0.0,0.002430555555555555,0.0,0.2,0.2,Transit,Tanker
500053160,MV_PHI_CARGO_010,TW,transit,1.0,tanker,0.9999999694463277,0.0,0.0,0.0,0.0,0.0,0.0,0.0,1.0,0.0,0.002430555555555555,0.0,0.2,0.2,Transit,Tanker
500053160,MV_PHI_CARGO_010,TW,transit,1.0,tanker,0.9999999694467296,0.0,0.0,0.0,0.0,0.0,0.0,0.0,1.0,0.0,0.002430555555555555,0.0,0.2,0.2,Transit,Tanker
500053160,MV_PHI_CARGO_010,TW,transit,1.0,tanker,0.9999999710982106,0.0,0.0,0.0,0.0,0.0,0.0,0.0,1.0,0.0,0.002430555555555555,0.0,0.2,0.2,Transit,Tanker
500053160,MV_PHI_CARGO_010,TW,transit,1.0,tanker,0.9999999707591016,0.0,0.0,0.0,0.0,0.0,0.0,0.0,1.0,0.0,0.002430555555555555,0.0,0.2,0.2,Transit,Tanker
500053160,MV_PHI_CARGO_010,TW,transit,0.9999890350877193,tanker,0.9999999707648468,1.0964912280701754e-05,0.0,0.0,0.0,0.0,0.0,0.0,0.9999890350877193,0.0,0.002430555555555555,0.0,0.2,0.2,Transit,Tanker
500053160,MV_PHI_CARGO_010,TW,transit,0.9999890350877193,tanker,0.9999999707591016,1.0964912280701754e-05,0.0,0.0,0.0,0.0,0.0,0.0,0.9999890350877193,0.0,0.002430555555555555,0.0,0.2,0.2,Transit,Tanker
500053160,MV_PHI_CARGO_010,TW,transit,0.9999890350877193,tanker,0.9999999691810791,1.0964912280701754e-05,0.0,0.0,0.0,0.0,0.0,0.0,0.9999890350877193,0.0,0.002430555555555555,0.0,0.2,0.2,Transit,Tanker
500053160,MV_PHI_CARGO_010,TW,transit,1.0,tanker,0.9999999694627766,0.0,0.0,0.0,0.0,0.0,0.0,0.0,1.0,0.0,0.002430555555555555,0.0,0.2,0.2,Transit,Tanker
500053160,MV_PHI_CARGO_010,TW,transit,1.0,tanker,0.9999999694463277,0.0,0.0,0.0,0.0,0.0,0.0,0.0,1.0,0.0,0.002430555555555555,0.0,0.2,0.2,Transit,Tanker
500053160,MV_PHI_CARGO_010,TW,transit,0.9999890350877193,tanker,0.9999999694463277,1.0964912280701754e-05,0.0,0.0,0.0,0.0,0.0,0.0,0.9999890350877193,0.0,0.002430555555555555,0.0,0.2,0.2,Transit,Tanker
500053160,MV_PHI_CARGO_010,TW,transit,1.0,tanker,0.9999999694467296,0.0,0.0,0.0,0.0,0.0,0.0,0.0,1.0,0.0,0.002430555555555555,0.0,0.2,0.2,Transit,Tanker
500053160,MV_PHI_CARGO_010,TW,transit,1.0,tanker,0.9999999694463277,0.0,0.0,0.0,0.0,0.0,0.0,0.0,1.0,0.0,0.002430555555555555,0.0,0.2,0.2,Transit,Tanker
500053160,MV_PHI_CARGO_010,TW,transit,1.0,tanker,0.9999999508704462,0.0,0.0,0.0,0.0,0.0,0.0,0.0,1.0,0.0,0.002430555555555555,0.0,0.2,0.2,Transit,Tanker
500053160,MV_PHI_CARGO_010,TW,transit,0.9999890350877193,tanker,0.9999999707648468,1.0964912280701754e-05,0.0,0.0,0.0,0.0,0.0,0.0,0.9999890350877193,0.0,0.002430555555555555,0.0,0.2,0.2,Transit,Tanker
500053160,MV_PHI_CARGO_010,TW,transit,1.0,tanker,0.9999999707648468,0.0,0.0,0.0,0.0,0.0,0.0,0.0,1.0,0.0,0.002430555555555555,0.0,0.2,0.2,Transit,Tanker
500053160,MV_PHI_CARGO_010,TW,transit,1.0,tanker,0.9999999707593319,0.0,0.0,0.0,0.0,0.0,0.0,0.0,1.0,0.0,0.002430555555555555,0.0,0.2,0.2,Transit,Tanker
500053161,MV_PHI_CARGO_011,MH,transit,1.0,tanker,0.9999999745713855,0.0,0.0,0.0,0.0,0.0,0.0,0.0,1.0,0.0,0.002430555555555555,0.0,0.1361835139314543,0.1361835139314543,Transit,Tanker
500053161,MV_PHI_CARGO_011,MH,transit,1.0,tanker,0.9999999742599845,0.0,0.0,0.0,0.0,0.0,0.0,0.0,1.0,0.0,0.002430555555555555,0.0,0.14100112388507785,0.14100112388507785,Transit,Tanker
500053161,MV_PHI_CARGO_011,MH,transit,0.9999890350877193,tanker,0.9999999744902841,1.0964912280701754e-05,0.0,0.0,0.0,0.0,0.0,0.0,0.9999890350877193,0.0,0.002430555555555555,0.0,0.14619992122283593,0.14619992122283593,Transit,Tanker
500053161,MV_PHI_CARGO_011,MH,transit,1.0,tanker,0.9999999744905681,0.0,0.0,0.0,0.0,0.0,0.0,0.0,1.0,0.0,0.002430555555555555,0.0,0.15121558430214793,0.15121558430214793,Transit,Tanker
500053161,MV_PHI_CARGO_011,MH,transit,0.9758888888888888,tanker,0.999999949875164,0.0025,0.0013333333333333335,0.0,0.0,0.0016666666666666668,0.0011111111111111111,0.0175,0.9758888888888888,0.0,0.002430555555555555,0.0,0.15607535026692254,0.15607535026692254,Transit,Tanker
500053161,MV_PHI_CARGO_011,MH,transit,1.0,tanker,0.9999999745092967,0.0,0.0,0.0,0.0,0.0,0.0,0.0,1.0,0.0,0.002430555555555555,0.0,0.1610309237295635,0.1610309237295635,Transit,Tanker
500053161,MV_PHI_CARGO_011,MH,transit,1.0,tanker,0.9999999744867609,0.0,0.0,0.0,0.0,0.0,0.0,0.0,1.0,0.0,0.002430555555555555,0.0,0.16579965702067442,0.16579965702067442,Transit,Tanker
500053161,MV_PHI_CARGO_011,MH,transit,1.0,tanker,0.9999999744902841,0.0,0.0,0.0,0.0,0.0,0.0,0.0,1.0,0.0,0.002430555555555555,0.0,0.1703121732753178,0.1703121732753178,Transit,Tanker
500053161,MV_PHI_CARGO_011,MH,transit,1.0,tanker,0.9999999744902841,0.0,0.0,0.0,0.0,0.0,0.0,0.0,1.0,0.0,0.002430555555555555,0.0,0.1744343883923608,0.1744343883923608,Transit,Tanker
500053161,MV_PHI_CARGO_011,MH,transit,0.9999890350877193,tanker,0.9999999745002797,1.0964912280701754e-05,0.0,0.0,0.0,0.0,0.0,0.0,0.9999890350877193,0.0,0.002430555555555555,0.0,0.17805024076854686,0.17805024076854686,Transit,Tanker
500053161,MV_PHI_CARGO_011,MH,transit,1.0,tanker,0.9999999745412012,0.0,0.0,0.0,0.0,0.0,0.0,0.0,1.0,0.0,0.002430555555555555,0.0,0.18131632409704962,0.18131632409704962,Transit,Tanker
500053161,MV_PHI_CARGO_011,MH,transit,1.0,tanker,0.9999999745412012,0.0,0.0,0.0,0.0,0.0,0.0,0.0,1.0,0.0,0.002430555555555555,0.0,0.18419188932858077,0.18419188932858077,Transit,Tanker
500053161,MV_PHI_CARGO_011,MH,transit,1.0,tanker,0.9999999744867496,0.0,0.0,0.0,0.0,0.0,0.0,0.0,1.0,0.0,0.002430555555555555,0.0,0.1861623873583959,0.1861623873583959,Transit,Tanker
500053161,MV_PHI_CARGO_011,MH,transit,0.9999890350877193,tanker,0.9999999744902841,1.0964912280701754e-05,0.0,0.0,0.0,0.0,0.0,0.0,0.9999890350877193,0.0,0.002430555555555555,0.0,0.1869860202164843,0.1869860202164843,Transit,Tanker
500053161,MV_PHI_CARGO_011,MH,transit,1.0,tanker,0.9999999744902841,0.0,0.0,0.0,0.0,0.0,0.0,0.0,1.0,0.0,0.002430555555555555,0.0,0.1863927031979545,0.1863927031979545,Transit,Tanker
500053161,MV_PHI_CARGO_011,MH,transit,1.0,tanker,0.999999974486828,0.0,0.0,0.0,0.0,0.0,0.0,0.0,1.0,0.0,0.002430555555555555,0.0,0.1853241207587641,0.1853241207587641,Transit,Tanker
500053161,MV_PHI_CARGO_011,MH,transit,0.9999890350877193,tanker,0.999999974486828,1.0964912280701754e-05,0.0,0.0,0.0,0.0,0.0,0.0,0.9999890350877193,0.0,0.002430555555555555,0.0,0.18464165632711588,0.18464165632711588,Transit,Tanker
500053161,MV_PHI_CARGO_011,MH,transit,1.0,tanker,0.9999999745412012,0.0,0.0,0.0,0.0,0.0,0.0,0.0,1.0,0.0,0.002430555555555555,0.0,0.1837592581902589,0.1837592581902589,Transit,Tanker
500053161,MV_PHI_CARGO_011,MH,transit,1.0,tanker,0.9999999745335051,0.0,0.0,0.0,0.0,0.0,0.0,0.0,1.0,0.0,0.002430555555555555,0.0,0.1821912988883542,0.1821912988883542,Transit,Tanker
500053161,MV_PHI_CARGO_011,MH,transit,1.0,tanker,0.9999999737851939,0.0,0.0,0.0,0.0,0.0,0.0,0.0,1.0,0.0,0.002430555555555555,0.0,0.1796729339434424,0.1796729339434424,Transit,Tanker
500053161,MV_PHI_CARGO_011,MH,transit,1.0,tanker,0.9999999743355363,0.0,0.0,0.0,0.0,0.0,0.0,0.0,1.0,0.0,0.002430555555555555,0.0,0.17632375629798328,0.17632375629798328,Transit,Tanker
500053161,MV_PHI_CARGO_011,MH,transit,1.0,tanker,0.9999999745661579,0.0,0.0,0.0,0.0,0.0,0.0,0.0,1.0,0.0,0.002430555555555555,0.0,0.17244536270904778,0.17244536270904778,Transit,Tanker
500053161,MV_PHI_CARGO_011,MH,transit,1.0,tanker,0.9999999745661579,0.0,0.0,0.0,0.0,0.0,0.0,0.0,1.0,0.0,0.002430555555555555,0.0,0.168248265603973,0.168248265603973,Transit,Tanker
500053161,MV_PHI_CARGO_011,MH,transit,1.0,tanker,0.999999974259874,0.0,0.0,0.0,0.0,0.0,0.0,0.0,1.0,0.0,0.002430555555555555,0.0,0.16387183111315748,0.16387183111315748,Transit,Tanker
500053161,MV_PHI_CARGO_011,MH,transit,1.0,tanker,0.999999974565877,0.0,0.0,0.0,0.0,0.0,0.0,0.0,1.0,0.0,0.002430555555555555,0.0,0.15946168718224743,0.15946168718224743,Transit,Tanker
500053161,MV_PHI_CARGO_011,MH,transit,1.0,tanker,0.9999999745663635,0.0,0.0,0.0,0.0,0.0,0.0,0.0,1.0,0.0,0.002430555555555555,0.0,0.15498685072239515,0.15498685072239515,Transit,Tanker
500053161,MV_PHI_CARGO_011,MH,transit,1.0,tanker,0.9999999744904899,0.0,0.0,0.0,0.0,0.0,0.0,0.0,1.0,0.0,0.002430555555555555,0.0,0.15011781986754513,0.15011781986754513,Transit,Tanker
500053161,MV_PHI_CARGO_011,MH,transit,1.0,tanker,0.9999999744902841,0.0,0.0,0.0,0.0,0.0,0.0,0.0,1.0,0.0,0.002430555555555555,0.0,0.1449573410748464,0.1449573410748464,Transit,Tanker
500053161,MV_PHI_CARGO_011,MH,transit,0.9999890350877193,tanker,0.9999999742599845,1.0964912280701754e-05,0.0,0.0,0.0,0.0,0.0,0.0,0.9999890350877193,0.0,0.002430555555555555,0.0,0.13986982504520193,0.13986982504520193,Transit,Tanker
500053161,MV_PHI_CARGO_011,MH,transit,1.0,tanker,0.999999974486544,0.0,0.0,0.0,0.0,0.0,0.0,0.0,1.0,0.0,0.002430555555555555,0.0,0.1350064005182963,0.1350064005182963,Transit,Tanker
500053161,MV_PHI_CARGO_011,MH,transit,1.0,tanker,0.9999999744867496,0.0,0.0,0.0,0.0,0.0,0.0,0.0,1.0,0.0,0.002430555555555555,0.0,0.13089279896708517,0.13089279896708517,Transit,Tanker
500053161,MV_PHI_CARGO_011,MH,transit,1.0,tanker,0.9999999744921098,0.0,0.0,0.0,0.0,0.0,0.0,0.0,1.0,0.0,0.002430555555555555,0.0,0.12819654246475076,0.12819654246475076,Transit,Tanker
500053161,MV_PHI_CARGO_011,MH,transit,0.99,tanker,0.9999999744998307,0.0033333333333333335,0.0,0.0,0.0,0.0,0.0,0.006666666666666667,0.99,0.0,0.002430555555555555,0.0,0.12630397147233585,0.12630397147233585,Transit,Tanker
500053161,MV_PHI_CARGO_011,MH,transit,1.0,tanker,0.9999999745022581,0.0,0.0,0.0,0.0,0.0,0.0,0.0,1.0,0.0,0.002430555555555555,0.0,0.12403400092212208,0.12403400092212208,Transit,Tanker
500053161,MV_PHI_CARGO_011,MH,transit,0.9999890350877193,tanker,0.999999974486828,1.0964912280701754e-05,0.0,0.0,0.0,0.0,0.0,0.0,0.9999890350877193,0.0,0.002430555555555555,0.0,0.12100669753377209,0.12100669753377209,Transit,Tanker
500053161,MV_PHI_CARGO_011,MH,transit,1.0,tanker,0.999999974486828,0.0,0.0,0.0,0.0,0.0,0.0,0.0,1.0,0.0,0.002430555555555555,0.0,0.11744637058201216,0.11744637058201216,Transit,Tanker
500053161,MV_PHI_CARGO_011,MH,transit,0.9999890350877193,tanker,0.999999974486544,1.0964912280701754e-05,0.0,0.0,0.0,0.0,0.0,0.0,0.9999890350877193,0.0,0.002430555555555555,0.0,0.11354929748564785,0.11354929748564785,Transit,Tanker
500053161,MV_PHI_CARGO_011,MH,transit,0.9999890350877193,tanker,0.999999974486828,1.0964912280701754e-05,0.0,0.0,0.0,0.0,0.0,0.0,0.9999890350877193,0.0,0.002430555555555555,0.0,0.10939735388886317,0.10939735388886317,Transit,Tanker
500053161,MV_PHI_CARGO_011,MH,transit,0.9933333333333333,tanker,0.9999999744945505,0.0033333333333333335,0.0,0.0,0.0,0.0,0.0,0.0033333333333333335,0.9933333333333333,0.0,0.002430555555555555,0.0,0.1052131638284176,0.1052131638284176,Transit,Tanker
500053161,MV_PHI_CARGO_011,MH,transit,0.991111111111111,tanker,0.9999999744945505,0.005555555555555555,0.0,0.0,0.0,0.0,0.0,0.0033333333333333335,0.991111111111111,0.0,0.002430555555555555,0.0,0.10084908945305496,0.10084908945305496,Transit,Tanker
500053161,MV_PHI_CARGO_011,MH,transit,1.0,tanker,0.9999999744935721,0.0,0.0,0.0,0.0,0.0,0.0,0.0,1.0,0.0,0.002430555555555555,0.0,0.09617555802403893,0.09617555802403893,Transit,Tanker
500053161,MV_PHI_CARGO_011,MH,transit,0.9977777777777779,tanker,0.999999974486828,0.0,0.0,0.0,0.0,0.0,0.0,0.0022222222222222222,0.9977777777777779,0.0,0.002430555555555555,0.0,0.09133600819355259,0.09133600819355259,Transit,Tanker
500053161,MV_PHI_CARGO_011,MH,transit,0.9977777777777779,tanker,0.999999974486828,0.0,0.0,0.0,0.0,0.0,0.0,0.0022222222222222222,0.9977777777777779,0.0,0.002430555555555555,0.0,0.08660265703321546,0.08660265703321546,Transit,Tanker
500053161,MV_PHI_CARGO_011,MH,transit,0.9977777777777779,tanker,0.9999999744905681,0.0,0.0,0.0,0.0,0.0,0.0,0.0022222222222222222,0.9977777777777779,0.0,0.002430555555555555,0.0,0.08203921112947109,0.08203921112947109,Transit,Tanker
500053161,MV_PHI_CARGO_011,MH,transit,0.9977777777777779,tanker,0.9999999744905681,0.0,0.0,0.0,0.0,0.0,0.0,0.0022222222222222222,0.9977777777777779,0.0,0.002430555555555555,0.0,0.07738693334858021,0.07738693334858021,Transit,Tanker
500053161,MV_PHI_CARGO_011,MH,transit,0.9977777777777779,tanker,0.999999974486828,0.0,0.0,0.0,0.0,0.0,0.0,0.0022222222222222222,0.9977777777777779,0.0,0.002430555555555555,0.0,0.0725098373303586,0.0725098373303586,Transit,Tanker
500053161,MV_PHI_CARGO_011,MH,transit,0.9952668128654971,tanker,0.999999974486828,0.0016776315789473683,0.0,0.0,0.0,0.0,0.0008333333333333334,0.0022222222222222222,0.9952668128654971,0.0,0.002430555555555555,0.0,0.06754587100104349,0.06754587100104349,Transit,Tanker
500053161,MV_PHI_CARGO_011,MH,transit,0.9977668128654972,tanker,0.9999999745909871,1.0964912280701754e-05,0.0,0.0,0.0,0.0,0.0,0.0022222222222222222,0.9977668128654972,0.0,0.002430555555555555,0.0,0.06261460567452981,0.06261460567452981,Transit,Tanker
500053161,MV_PHI_CARGO_011,MH,transit,0.9977777777777779,tanker,0.9999999744602448,0.0,0.0,0.0,0.0,0.0,0.0,0.0022222222222222222,0.9977777777777779,0.0,0.002430555555555555,0.0,0.05757703942389816,0.05757703942389816,Transit,Tanker
500053161,MV_PHI_CARGO_011,MH,transit,1.0,tanker,0.9999999744573491,0.0,0.0,0.0,0.0,0.0,0.0,0.0,1.0,0.0,0.002430555555555555,0.0,0.05288679495329035,0.05288679495329035,Transit,Tanker
500053161,MV_PHI_CARGO_011,MH,transit,1.0,tanker,0.9999999744575496,0.0,0.0,0.0,0.0,0.0,0.0,0.0,1.0,0.0,0.002430555555555555,0.0,0.04901714613596769,0.04901714613596769,Transit,Tanker
500053161,MV_PHI_CARGO_011,MH,transit,1.0,tanker,0.9999999744573491,0.0,0.0,0.0,0.0,0.0,0.0,0.0,1.0,0.0,0.002430555555555555,0.0,0.045523658006144205,0.045523658006144205,Transit,Tanker
500053161,MV_PHI_CARGO_011,MH,transit,1.0,tanker,0.9999999744573491,0.0,0.0,0.0,0.0,0.0,0.0,0.0,1.0,0.0,0.002430555555555555,0.0,0.04270345516152715,0.04270345516152715,Transit,Tanker
500053161,MV_PHI_CARGO_011,MH,transit,1.0,tanker,0.9999999742599845,0.0,0.0,0.0,0.0,0.0,0.0,0.0,1.0,0.0,0.002430555555555555,0.0,0.04140336170236677,0.04140336170236677,Transit,Tanker
500053161,MV_PHI_CARGO_011,MH,transit,1.0,tanker,0.9999999744902841,0.0,0.0,0.0,0.0,0.0,0.0,0.0,1.0,0.0,0.002430555555555555,0.0,0.04108000075719187,0.04108000075719187,Transit,Tanker
500053161,MV_PHI_CARGO_011,MH,transit,0.997766812865497,tanker,0.9999999744902841,1.0964912280701754e-05,0.0,0.0,0.0,0.0,0.0,0.0022222222222222222,0.997766812865497,0.0,0.002430555555555555,0.0,0.04083027989546489,0.04083027989546489,Transit,Tanker
600003150,ANCHORED_PHI_00,PA,anchored,0.9129025157232704,bulk_carrier,0.9999999699681528,0.9129025157232704,0.01988888888888889,0.0,0.0,0.0033333333333333335,0.0,0.045875262054507336,0.018,0.0,0.002430555555555555,0.3,0.0,0.3,Anchored/Moored,Bulk Carrier
600003150,ANCHORED_PHI_00,PA,anchored,0.9648191823899369,bulk_carrier,0.9999999706813141,0.9648191823899369,0.016805555555555556,0.0,0.0,0.0,0.0,0.01559748427672956,0.0027777777777777775,0.0,0.002430555555555555,0.3,0.0,0.3,Anchored/Moored,Bulk Carrier
600003150,ANCHORED_PHI_00,PA,anchored,0.9697405916040293,bulk_carrier,0.999999970682401,0.9697405916040293,0.008997967479674795,0.0002032520325203252,0.0,4.065040650406504e-05,0.0,0.01821943549624175,0.0027777777777777775,2.032520325203252e-05,0.002430555555555555,0.3,0.0,0.3,Anchored/Moored,Bulk Carrier
600003150,ANCHORED_PHI_00,PA,anchored,0.9994628138262514,bulk_carrier,0.999999970682401,0.9994628138262514,0.00010907859078590785,0.0002032520325203252,0.0,4.065040650406504e-05,0.0,0.0001638799406861993,0.0,2.032520325203252e-05,0.002430555555555555,0.3,0.0,0.3,Anchored/Moored,Bulk Carrier
600003150,ANCHORED_PHI_00,PA,anchored,0.9994628138262514,bulk_carrier,0.999999970682401,0.9994628138262514,0.00010907859078590785,0.0002032520325203252,0.0,4.065040650406504e-05,0.0,0.0001638799406861993,0.0,2.032520325203252e-05,0.002430555555555555,0.3,0.0,0.3,Anchored/Moored,Bulk Carrier
600003150,ANCHORED_PHI_00,PA,anchored,0.9994628138262514,bulk_carrier,0.999999970682401,0.9994628138262514,0.00010907859078590785,0.0002032520325203252,0.0,4.065040650406504e-05,0.0,0.0001638799406861993,0.0,2.032520325203252e-05,0.002430555555555555,0.3,0.0,0.3,Anchored/Moored,Bulk Carrier
600003150,ANCHORED_PHI_00,PA,anchored,0.9983517027151404,bulk_carrier,0.999999970682401,0.9983517027151404,0.00010907859078590785,0.0002032520325203252,0.0,4.065040650406504e-05,0.0,0.0012749910517973102,0.0,2.032520325203252e-05,0.002430555555555555,0.3,0.0,0.3,Anchored/Moored,Bulk Carrier
600003150,ANCHORED_PHI_00,PA,anchored,0.9994628138262514,bulk_carrier,0.999999970682401,0.9994628138262514,0.00010907859078590785,0.0002032520325203252,0.0,4.065040650406504e-05,0.0,0.0001638799406861993,0.0,2.032520325203252e-05,0.002430555555555555,0.3,0.0,0.3,Anchored/Moored,Bulk Carrier
600003150,ANCHORED_PHI_00,PA,anchored,0.9955739249373624,bulk_carrier,0.999999970682401,0.9955739249373624,0.00233130081300813,0.0002032520325203252,0.0,4.065040650406504e-05,0.0,0.001830546607352866,0.0,2.032520325203252e-05,0.002430555555555555,0.3,0.0,0.3,Anchored/Moored,Bulk Carrier
600003150,ANCHORED_PHI_00,PA,anchored,0.9897080712788261,bulk_carrier,0.9999999706813141,0.9897080712788261,0.004694444444444444,0.0,0.0011111111111111111,0.0,0.0,0.004486373165618449,0.0,0.0,0.002430555555555555,0.3,0.0,0.3,Anchored/Moored,Bulk Carrier
600003150,ANCHORED_PHI_00,PA,anchored,0.9972405916040293,bulk_carrier,0.999999970682401,0.9972405916040293,0.00233130081300813,0.0002032520325203252,0.0,4.065040650406504e-05,0.0,0.0001638799406861993,0.0,2.032520325203252e-05,0.002430555555555555,0.3,0.0,0.3,Anchored/Moored,Bulk Carrier
600003150,ANCHORED_PHI_00,PA,anchored,0.9994628138262514,bulk_carrier,0.9999999706814613,0.9994628138262514,0.00010907859078590785,0.0002032520325203252,0.0,4.065040650406504e-05,0.0,0.0001638799406861993,0.0,2.032520325203252e-05,0.002430555555555555,0.3,0.0,0.3,Anchored/Moored,Bulk Carrier
600003150,ANCHORED_PHI_00,PA,anchored,0.9994628138262514,bulk_carrier,0.999999970682401,0.9994628138262514,0.00010907859078590785,0.0002032520325203252,0.0,4.065040650406504e-05,0.0,0.0001638799406861993,0.0,2.032520325203252e-05,0.002430555555555555,0.3,0.0,0.3,Anchored/Moored,Bulk Carrier
600003150,ANCHORED_PHI_00,PA,anchored,0.9994628138262514,bulk_carrier,0.999999970682401,0.9994628138262514,0.00010907859078590785,0.0002032520325203252,0.0,4.065040650406504e-05,0.0,0.0001638799406861993,0.0,2.032520325203252e-05,0.002430555555555555,0.3,0.0,0.3,Anchored/Moored,Bulk Carrier
600003150,ANCHORED_PHI_00,PA,anchored,0.9994628138262514,bulk_carrier,0.999999970682401,0.9994628138262514,0.00010907859078590785,0.0002032520325203252,0.0,4.065040650406504e-05,0.0,0.0001638799406861993,0.0,2.032520325203252e-05,0.002430555555555555,0.3,0.0,0.3,Anchored/Moored,Bulk Carrier
600003150,ANCHORED_PHI_00,PA,anchored,0.9994628138262514,bulk_carrier,0.999999970682401,0.9994628138262514,0.00010907859078590785,0.0002032520325203252,0.0,4.065040650406504e-05,0.0,0.0001638799406861993,0.0,2.032520325203252e-05,0.002430555555555555,0.3,0.0,0.3,Anchored/Moored,Bulk Carrier
600003150,ANCHORED_PHI_00,PA,anchored,0.9994628138262514,bulk_carrier,0.999999970682401,0.9994628138262514,0.00010907859078590785,0.0002032520325203252,0.0,4.065040650406504e-05,0.0,0.0001638799406861993,0.0,2.032520325203252e-05,0.002430555555555555,0.3,0.0,0.3,Anchored/Moored,Bulk Carrier
600003150,ANCHORED_PHI_00,PA,anchored,0.9994628138262514,bulk_carrier,0.999999970682401,0.9994628138262514,0.00010907859078590785,0.0002032520325203252,0.0,4.065040650406504e-05,0.0,0.0001638799406861993,0.0,2.032520325203252e-05,0.002430555555555555,0.3,0.0,0.3,Anchored/Moored,Bulk Carrier
600003150,ANCHORED_PHI_00,PA,anchored,0.9994628138262514,bulk_carrier,0.999999970682401,0.9994628138262514,0.00010907859078590785,0.0002032520325203252,0.0,4.065040650406504e-05,0.0,0.0001638799406861993,0.0,2.032520325203252e-05,0.002430555555555555,0.3,0.0,0.3,Anchored/Moored,Bulk Carrier
600003150,ANCHORED_PHI_00,PA,anchored,0.996129480492918,bulk_carrier,0.999999970682401,0.996129480492918,0.00010907859078590785,0.0002032520325203252,0.0,4.065040650406504e-05,0.0,0.0034972132740195326,0.0,2.032520325203252e-05,0.002430555555555555,0.3,0.0,0.3,Anchored/Moored,Bulk Carrier
600003150,ANCHORED_PHI_00,PA,anchored,0.9994628138262514,bulk_carrier,0.9999999706814613,0.9994628138262514,0.00010907859078590785,0.0002032520325203252,0.0,4.065040650406504e-05,0.0,0.0001638799406861993,0.0,2.032520325203252e-05,0.002430555555555555,0.3,0.0,0.3,Anchored/Moored,Bulk Carrier
600003150,ANCHORED_PHI_00,PA,anchored,0.9994628138262514,bulk_carrier,0.999999970682401,0.9994628138262514,0.00010907859078590785,0.0002032520325203252,0.0,4.065040650406504e-05,0.0,0.0001638799406861993,0.0,2.032520325203252e-05,0.002430555555555555,0.3,0.0,0.3,Anchored/Moored,Bulk Carrier
600003150,ANCHORED_PHI_00,PA,anchored,0.9495414046121595,bulk_carrier,0.9999999706813141,0.9495414046121595,0.006138888888888888,0.0,0.0,0.0027777777777777775,0.0,0.03520859538784067,0.006333333333333333,0.0,0.002430555555555555,0.3,0.0,0.3,Anchored/Moored,Bulk Carrier
600003150,ANCHORED_PHI_00,PA,anchored,0.9798747379454927,bulk_carrier,0.999999970682401,0.9798747379454927,0.017583333333333336,0.0,0.0,0.0,0.0,0.0025419287211740044,0.0,0.0,0.002430555555555555,0.3,0.0,0.3,Anchored/Moored,Bulk Carrier
600003150,ANCHORED_PHI_00,PA,anchored,0.9994628138262514,bulk_carrier,0.999999970682401,0.9994628138262514,0.00010907859078590785,0.0002032520325203252,0.0,4.065040650406504e-05,0.0,0.0001638799406861993,0.0,2.032520325203252e-05,0.002430555555555555,0.3,0.0,0.3,Anchored/Moored,Bulk Carrier
600003150,ANCHORED_PHI_00,PA,anchored,0.9994628138262514,bulk_carrier,0.999999970682401,0.9994628138262514,0.00010907859078590785,0.0002032520325203252,0.0,4.065040650406504e-05,0.0,0.0001638799406861993,0.0,2.032520325203252e-05,0.002430555555555555,0.3,0.0,0.3,Anchored/Moored,Bulk Carrier
600003150,ANCHORED_PHI_00,PA,anchored,0.9994628138262514,bulk_carrier,0.999999970682401,0.9994628138262514,0.00010907859078590785,0.0002032520325203252,0.0,4.065040650406504e-05,0.0,0.0001638799406861993,0.0,2.032520325203252e-05,0.002430555555555555,0.3,0.0,0.3,Anchored/Moored,Bulk Carrier
600003151,ANCHORED_PHI_01,LR,anchored,0.8991882300089848,tanker,0.9999999795514725,0.8991882300089848,0.015444444444444443,0.0,0.0025,0.003761904761904762,0.0,0.035597484276729555,0.043507936507936516,0.0,0.002430555555555555,0.0,0.0,0.002430555555555555,Anchored/Moored,Tanker
600003151,ANCHORED_PHI_01,LR,anchored,0.8918507869642247,tanker,0.9999999699703024,0.8918507869642247,0.01572110545281277,0.006869918699186992,0.0,4.065040650406504e-05,0.0,0.0821638799406862,0.0033333333333333335,2.032520325203252e-05,0.002430555555555555,0.0,0.0,0.002430555555555555,Anchored/Moored,Tanker
600003151,ANCHORED_PHI_01,LR,anchored,0.9994628138262514,tanker,0.9999999716318745,0.9994628138262514,0.00010907859078590785,0.0002032520325203252,0.0,4.065040650406504e-05,0.0,0.0001638799406861993,0.0,2.032520325203252e-05,0.002430555555555555,0.0,0.0,0.002430555555555555,Anchored/Moored,Tanker
600003151,ANCHORED_PHI_01,LR,anchored,0.9983517027151404,tanker,0.9999999716318745,0.9983517027151404,0.00010907859078590785,0.0002032520325203252,0.0,4.065040650406504e-05,0.0,0.0012749910517973102,0.0,2.032520325203252e-05,0.002430555555555555,0.0,0.0,0.002430555555555555,Anchored/Moored,Tanker
600003151,ANCHORED_PHI_01,LR,anchored,0.9994628138262514,tanker,0.9999999716318745,0.9994628138262514,0.00010907859078590785,0.0002032520325203252,0.0,4.065040650406504e-05,0.0,0.0001638799406861993,0.0,2.032520325203252e-05,0.002430555555555555,0.0,0.0,0.002430555555555555,Anchored/Moored,Tanker
600003151,ANCHORED_PHI_01,LR,anchored,0.9994628138262514,tanker,0.9999999716311906,0.9994628138262514,0.00010907859078590785,0.0002032520325203252,0.0,4.065040650406504e-05,0.0,0.0001638799406861993,0.0,2.032520325203252e-05,0.002430555555555555,0.0,0.0,0.002430555555555555,Anchored/Moored,Tanker
600003151,ANCHORED_PHI_01,LR,anchored,0.9994628138262514,tanker,0.9999999716447007,0.9994628138262514,0.00010907859078590785,0.0002032520325203252,0.0,4.065040650406504e-05,0.0,0.0001638799406861993,0.0,2.032520325203252e-05,0.002430555555555555,0.0,0.0,0.002430555555555555,Anchored/Moored,Tanker
600003151,ANCHORED_PHI_01,LR,anchored,0.9933517027151404,tanker,0.9999999716318934,0.9933517027151404,0.00010907859078590785,0.0002032520325203252,0.0,4.065040650406504e-05,0.0,0.00627499105179731,0.0,2.032520325203252e-05,0.002430555555555555,0.0,0.0,0.002430555555555555,Anchored/Moored,Tanker
600003151,ANCHORED_PHI_01,LR,anchored,0.985018369381807,tanker,0.9999999716281259,0.985018369381807,0.001220189701897019,0.0002032520325203252,0.0,4.065040650406504e-05,0.0,0.013497213274019532,0.0,2.032520325203252e-05,0.002430555555555555,0.0,0.0,0.002430555555555555,Anchored/Moored,Tanker
600003151,ANCHORED_PHI_01,LR,anchored,0.9605739249373626,tanker,0.9999999716318934,0.9605739249373626,0.014553523035230352,0.0002032520325203252,0.0,4.065040650406504e-05,0.0,0.02127499105179731,0.0033333333333333335,2.032520325203252e-05,0.002430555555555555,0.0,0.0,0.002430555555555555,Anchored/Moored,Tanker
600003151,ANCHORED_PHI_01,LR,anchored,0.9944628138262513,tanker,0.9999999716318934,0.9944628138262513,0.00010907859078590785,0.0002032520325203252,0.0,4.065040650406504e-05,0.0,0.0051638799406862,0.0,2.032520325203252e-05,0.002430555555555555,0.0,0.0,0.002430555555555555,Anchored/Moored,Tanker
600003151,ANCHORED_PHI_01,LR,anchored,0.996129480492918,tanker,0.9999999716318934,0.996129480492918,0.00010907859078590785,0.0002032520325203252,0.0,4.065040650406504e-05,0.0,0.0034972132740195326,0.0,2.032520325203252e-05,0.002430555555555555,0.0,0.0,0.002430555555555555,Anchored/Moored,Tanker
600003151,ANCHORED_PHI_01,LR,anchored,0.9983517027151404,tanker,0.9999999716311906,0.9983517027151404,0.00010907859078590785,0.0002032520325203252,0.0,4.065040650406504e-05,0.0,0.0012749910517973102,0.0,2.032520325203252e-05,0.002430555555555555,0.0,0.0,0.002430555555555555,Anchored/Moored,Tanker
600003151,ANCHORED_PHI_01,LR,anchored,0.9827961471595847,tanker,0.9999999716318745,0.9827961471595847,0.003997967479674796,0.0002032520325203252,0.0,4.065040650406504e-05,0.0,0.011830546607352867,0.0011111111111111111,2.032520325203252e-05,0.002430555555555555,0.0,0.0,0.002430555555555555,Anchored/Moored,Tanker
600003151,ANCHORED_PHI_01,LR,anchored,0.9994628138262514,tanker,0.9999999716318745,0.9994628138262514,0.00010907859078590785,0.0002032520325203252,0.0,4.065040650406504e-05,0.0,0.0001638799406861993,0.0,2.032520325203252e-05,0.002430555555555555,0.0,0.0,0.002430555555555555,Anchored/Moored,Tanker
600003151,ANCHORED_PHI_01,LR,anchored,0.9994628138262514,tanker,0.9999999716318745,0.9994628138262514,0.00010907859078590785,0.0002032520325203252,0.0,4.065040650406504e-05,0.0,0.0001638799406861993,0.0,2.032520325203252e-05,0.002430555555555555,0.0,0.0,0.002430555555555555,Anchored/Moored,Tanker
600003151,ANCHORED_PHI_01,LR,anchored,0.9994628138262514,tanker,0.9999999717334626,0.9994628138262514,0.00010907859078590785,0.0002032520325203252,0.0,4.065040650406504e-05,0.0,0.0001638799406861993,0.0,2.032520325203252e-05,0.002430555555555555,0.0,0.0,0.002430555555555555,Anchored/Moored,Tanker
600003151,ANCHORED_PHI_01,LR,anchored,0.9983517027151404,tanker,0.9999999716312095,0.9983517027151404,0.00010907859078590785,0.0002032520325203252,0.0,4.065040650406504e-05,0.0,0.0012749910517973102,0.0,2.032520325203252e-05,0.002430555555555555,0.0,0.0,0.002430555555555555,Anchored/Moored,Tanker
600003151,ANCHORED_PHI_01,LR,anchored,0.9983517027151404,tanker,0.9999999716318934,0.9983517027151404,0.00010907859078590785,0.0002032520325203252,0.0,4.065040650406504e-05,0.0,0.0012749910517973102,0.0,2.032520325203252e-05,0.002430555555555555,0.0,0.0,0.002430555555555555,Anchored/Moored,Tanker
600003151,ANCHORED_PHI_01,LR,anchored,0.9994628138262514,tanker,0.9999999716318934,0.9994628138262514,0.00010907859078590785,0.0002032520325203252,0.0,4.065040650406504e-05,0.0,0.0001638799406861993,0.0,2.032520325203252e-05,0.002430555555555555,0.0,0.0,0.002430555555555555,Anchored/Moored,Tanker
600003151,ANCHORED_PHI_01,LR,anchored,0.9983517027151404,tanker,0.9999999717334626,0.9983517027151404,0.00010907859078590785,0.0002032520325203252,0.0,4.065040650406504e-05,0.0,0.0012749910517973102,0.0,2.032520325203252e-05,0.002430555555555555,0.0,0.0,0.002430555555555555,Anchored/Moored,Tanker
600003151,ANCHORED_PHI_01,LR,anchored,0.9994628138262514,tanker,0.9999999716318745,0.9994628138262514,0.00010907859078590785,0.0002032520325203252,0.0,4.065040650406504e-05,0.0,0.0001638799406861993,0.0,2.032520325203252e-05,0.002430555555555555,0.0,0.0,0.002430555555555555,Anchored/Moored,Tanker
600003151,ANCHORED_PHI_01,LR,anchored,0.9994628138262514,tanker,0.9999999716318745,0.9994628138262514,0.00010907859078590785,0.0002032520325203252,0.0,4.065040650406504e-05,0.0,0.0001638799406861993,0.0,2.032520325203252e-05,0.002430555555555555,0.0,0.0,0.002430555555555555,Anchored/Moored,Tanker
600003151,ANCHORED_PHI_01,LR,anchored,0.9791850360484737,tanker,0.9999999716318745,0.9791850360484737,0.00010907859078590785,0.0002032520325203252,0.0,4.065040650406504e-05,0.0,0.019108324385130642,0.0013333333333333335,2.032520325203252e-05,0.002430555555555555,0.0,0.0,0.002430555555555555,Anchored/Moored,Tanker
600003151,ANCHORED_PHI_01,LR,anchored,0.996129480492918,tanker,0.9999999716311906,0.996129480492918,0.00010907859078590785,0.0002032520325203252,0.0,4.065040650406504e-05,0.0,0.0034972132740195326,0.0,2.032520325203252e-05,0.002430555555555555,0.0,0.0,0.002430555555555555,Anchored/Moored,Tanker
600003151,ANCHORED_PHI_01,LR,anchored,0.9916294804929182,tanker,0.9999999716318934,0.9916294804929182,0.002609078590785908,0.0002032520325203252,0.0,4.065040650406504e-05,0.0,0.005497213274019533,0.0,2.032520325203252e-05,0.002430555555555555,0.0,0.0,0.002430555555555555,Anchored/Moored,Tanker
600003151,ANCHORED_PHI_01,LR,anchored,0.9902405916040292,tanker,0.9999999716594264,0.9902405916040292,0.002609078590785908,0.0002032520325203252,0.0,4.065040650406504e-05,0.0,0.006886102162908422,0.0,2.032520325203252e-05,0.002430555555555555,0.0,0.0,0.002430555555555555,Anchored/Moored,Tanker
600003152,ANCHORED_PHI_02,LR,anchored,0.886388888888889,bulk_carrier,0.9999998420007848,0.886388888888889,0.019500000000000003,0.0,0.0011111111111111111,0.0006666666666666668,0.0,0.05977777777777778,0.03255555555555556,0.0,0.002430555555555555,0.0,0.0,0.002430555555555555,Anchored/Moored,Bulk Carrier
600003152,ANCHORED_PHI_02,LR,anchored,0.9130136268343815,bulk_carrier,0.9999999053683754,0.9130136268343815,0.01177777777777778,0.0,0.0,0.0,0.0,0.06887526205450734,0.006333333333333333,0.0,0.002430555555555555,0.0,0.0,0.002430555555555555,Anchored/Moored,Bulk Carrier
600003152,ANCHORED_PHI_02,LR,anchored,0.9972405916040293,bulk_carrier,0.9999999688006439,0.9972405916040293,0.00233130081300813,0.0002032520325203252,0.0,4.065040650406504e-05,0.0,0.0001638799406861993,0.0,2.032520325203252e-05,0.002430555555555555,0.0,0.0,0.002430555555555555,Anchored/Moored,Bulk Carrier
600003152,ANCHORED_PHI_02,LR,anchored,0.9972405916040293,bulk_carrier,0.9999999688006439,0.9972405916040293,0.00233130081300813,0.0002032520325203252,0.0,4.065040650406504e-05,0.0,0.0001638799406861993,0.0,2.032520325203252e-05,0.002430555555555555,0.0,0.0,0.002430555555555555,Anchored/Moored,Bulk Carrier
600003152,ANCHORED_PHI_02,LR,anchored,0.9972405916040293,bulk_carrier,0.9999999688006439,0.9972405916040293,0.00233130081300813,0.0002032520325203252,0.0,4.065040650406504e-05,0.0,0.0001638799406861993,0.0,2.032520325203252e-05,0.002430555555555555,0.0,0.0,0.002430555555555555,Anchored/Moored,Bulk Carrier
600003152,ANCHORED_PHI_02,LR,anchored,0.9896525157232706,bulk_carrier,0.9999999688006439,0.9896525157232706,0.007805555555555554,0.0,0.0,0.0,0.0,0.0025419287211740044,0.0,0.0,0.002430555555555555,0.0,0.0,0.002430555555555555,Anchored/Moored,Bulk Carrier
600003152,ANCHORED_PHI_02,LR,anchored,0.9974302935010483,bulk_carrier,0.9999999688006439,0.9974302935010483,2.7777777777777776e-05,0.0,0.0,0.0,0.0,0.0025419287211740044,0.0,0.0,0.002430555555555555,0.0,0.0,0.002430555555555555,Anchored/Moored,Bulk Carrier
600003152,ANCHORED_PHI_02,LR,anchored,0.9994628138262514,bulk_carrier,0.9999999688006439,0.9994628138262514,0.00010907859078590785,0.0002032520325203252,0.0,4.065040650406504e-05,0.0,0.0001638799406861993,0.0,2.032520325203252e-05,0.002430555555555555,0.0,0.0,0.002430555555555555,Anchored/Moored,Bulk Carrier
600003152,ANCHORED_PHI_02,LR,anchored,0.9994628138262514,bulk_carrier,0.9999999688006439,0.9994628138262514,0.00010907859078590785,0.0002032520325203252,0.0,4.065040650406504e-05,0.0,0.0001638799406861993,0.0,2.032520325203252e-05,0.002430555555555555,0.0,0.0,0.002430555555555555,Anchored/Moored,Bulk Carrier
600003152,ANCHORED_PHI_02,LR,anchored,0.9983517027151404,bulk_carrier,0.9999999688006439,0.9983517027151404,0.001220189701897019,0.0002032520325203252,0.0,4.065040650406504e-05,0.0,0.0001638799406861993,0.0,2.032520325203252e-05,0.002430555555555555,0.0,0.0,0.002430555555555555,Anchored/Moored,Bulk Carrier
600003152,ANCHORED_PHI_02,LR,anchored,0.9983517027151404,bulk_carrier,0.9999999688006439,0.9983517027151404,0.001220189701897019,0.0002032520325203252,0.0,4.065040650406504e-05,0.0,0.0001638799406861993,0.0,2.032520325203252e-05,0.002430555555555555,0.0,0.0,0.002430555555555555,Anchored/Moored,Bulk Carrier
600003152,ANCHORED_PHI_02,LR,anchored,0.9994628138262514,bulk_carrier,0.9999999688006439,0.9994628138262514,0.00010907859078590785,0.0002032520325203252,0.0,4.065040650406504e-05,0.0,0.0001638799406861993,0.0,2.032520325203252e-05,0.002430555555555555,0.0,0.0,0.002430555555555555,Anchored/Moored,Bulk Carrier
600003152,ANCHORED_PHI_02,LR,anchored,0.9994628138262514,bulk_carrier,0.9999999688006439,0.9994628138262514,0.00010907859078590785,0.0002032520325203252,0.0,4.065040650406504e-05,0.0,0.0001638799406861993,0.0,2.032520325203252e-05,0.002430555555555555,0.0,0.0,0.002430555555555555,Anchored/Moored,Bulk Carrier
600003152,ANCHORED_PHI_02,LR,anchored,0.9994628138262514,bulk_carrier,0.9999999688006439,0.9994628138262514,0.00010907859078590785,0.0002032520325203252,0.0,4.065040650406504e-05,0.0,0.0001638799406861993,0.0,2.032520325203252e-05,0.002430555555555555,0.0,0.0,0.002430555555555555,Anchored/Moored,Bulk Carrier
600003152,ANCHORED_PHI_02,LR,anchored,0.9994628138262514,bulk_carrier,0.9999999688006439,0.9994628138262514,0.00010907859078590785,0.0002032520325203252,0.0,4.065040650406504e-05,0.0,0.0001638799406861993,0.0,2.032520325203252e-05,0.002430555555555555,0.0,0.0,0.002430555555555555,Anchored/Moored,Bulk Carrier
600003152,ANCHORED_PHI_02,LR,anchored,0.9994628138262514,bulk_carrier,0.9999999688006439,0.9994628138262514,0.00010907859078590785,0.0002032520325203252,0.0,4.065040650406504e-05,0.0,0.0001638799406861993,0.0,2.032520325203252e-05,0.002430555555555555,0.0,0.0,0.002430555555555555,Anchored/Moored,Bulk Carrier
600003152,ANCHORED_PHI_02,LR,anchored,0.9863517027151403,bulk_carrier,0.9999999688006439,0.9863517027151403,0.013220189701897018,0.0002032520325203252,0.0,4.065040650406504e-05,0.0,0.0001638799406861993,0.0,2.032520325203252e-05,0.002430555555555555,0.0,0.0,0.002430555555555555,Anchored/Moored,Bulk Carrier
600003152,ANCHORED_PHI_02,LR,anchored,0.9952405916040292,bulk_carrier,0.9999999688006439,0.9952405916040292,0.002109078590785908,0.0002032520325203252,0.0,4.065040650406504e-05,0.0,0.0023861021629084213,0.0,2.032520325203252e-05,0.002430555555555555,0.0,0.0,0.002430555555555555,Anchored/Moored,Bulk Carrier
600003152,ANCHORED_PHI_02,LR,anchored,0.9972405916040293,bulk_carrier,0.9999999688006439,0.9972405916040293,0.00010907859078590785,0.0002032520325203252,0.0,4.065040650406504e-05,0.0,0.0023861021629084213,0.0,2.032520325203252e-05,0.002430555555555555,0.0,0.0,0.002430555555555555,Anchored/Moored,Bulk Carrier
600003152,ANCHORED_PHI_02,LR,anchored,0.9994628138262514,bulk_carrier,0.9999999688006439,0.9994628138262514,0.00010907859078590785,0.0002032520325203252,0.0,4.065040650406504e-05,0.0,0.0001638799406861993,0.0,2.032520325203252e-05,0.002430555555555555,0.0,0.0,0.002430555555555555,Anchored/Moored,Bulk Carrier
600003152,ANCHORED_PHI_02,LR,anchored,0.9650333266467642,bulk_carrier,0.9999999659742227,0.9650333266467642,0.015371899103606423,0.0002032520325203252,0.0,0.0017073170731707317,0.0,0.015997213274019532,0.0016666666666666668,2.032520325203252e-05,0.002430555555555555,0.0,0.0,0.002430555555555555,Anchored/Moored,Bulk Carrier
600003152,ANCHORED_PHI_02,LR,anchored,0.984811104424542,bulk_carrier,0.9999999659742227,0.984811104424542,0.005594121325828642,0.0002032520325203252,0.0,4.065040650406504e-05,0.0,0.007663879940686199,0.0016666666666666668,2.032520325203252e-05,0.002430555555555555,0.0,0.0,0.002430555555555555,Anchored/Moored,Bulk Carrier
600003152,ANCHORED_PHI_02,LR,anchored,0.9733517027151405,bulk_carrier,0.9999999687915438,0.9733517027151405,0.003997967479674796,0.0002032520325203252,0.0,4.065040650406504e-05,0.0,0.02127499105179731,0.0011111111111111111,2.032520325203252e-05,0.002430555555555555,0.0,0.0,0.002430555555555555,Anchored/Moored,Bulk Carrier
600003152,ANCHORED_PHI_02,LR,anchored,0.9963517027151405,bulk_carrier,0.9999999688006439,0.9963517027151405,0.001220189701897019,0.0002032520325203252,0.0,4.065040650406504e-05,0.0,0.002163879940686199,0.0,2.032520325203252e-05,0.002430555555555555,0.0,0.0,0.002430555555555555,Anchored/Moored,Bulk Carrier
600003152,ANCHORED_PHI_02,LR,anchored,0.9983517027151404,bulk_carrier,0.9999999688006439,0.9983517027151404,0.00010907859078590785,0.0002032520325203252,0.0,4.065040650406504e-05,0.0,0.0012749910517973102,0.0,2.032520325203252e-05,0.002430555555555555,0.0,0.0,0.002430555555555555,Anchored/Moored,Bulk Carrier
600003152,ANCHORED_PHI_02,LR,anchored,0.9851525157232703,bulk_carrier,0.9999999688006439,0.9851525157232703,0.013138888888888887,0.0,0.0,0.0,0.0,0.0017085953878406709,0.0,0.0,0.002430555555555555,0.0,0.0,0.002430555555555555,Anchored/Moored,Bulk Carrier
600003152,ANCHORED_PHI_02,LR,anchored,0.9718747379454927,bulk_carrier,0.9999999688006439,0.9718747379454927,0.015583333333333333,0.0,0.0,0.0,0.0,0.009208595387840671,0.0033333333333333335,0.0,0.002430555555555555,0.0,0.0,0.002430555555555555,Anchored/Moored,Bulk Carrier
600003153,ANCHORED_PHI_03,LR,anchored,0.8955136268343816,bulk_carrier,0.9999999318277728,0.8955136268343816,0.02,0.0,0.0038888888888888883,0.0016666666666666668,0.0,0.03476415094339623,0.04416666666666666,0.0,0.002430555555555555,0.0,0.0,0.002430555555555555,Anchored/Moored,Bulk Carrier
600003153,ANCHORED_PHI_03,LR,anchored,0.9625888822023198,bulk_carrier,0.9999999751376671,0.9625888822023198,0.00948301021471753,0.0002032520325203252,0.0,4.065040650406504e-05,0.0,0.025997213274019534,0.0016666666666666668,2.032520325203252e-05,0.002430555555555555,0.0,0.0,0.002430555555555555,Anchored/Moored,Bulk Carrier
600003153,ANCHORED_PHI_03,LR,anchored,0.9994628138262514,bulk_carrier,0.999999974674838,0.9994628138262514,0.00010907859078590785,0.0002032520325203252,0.0,4.065040650406504e-05,0.0,0.0001638799406861993,0.0,2.032520325203252e-05,0.002430555555555555,0.0,0.0,0.002430555555555555,Anchored/Moored,Bulk Carrier
600003153,ANCHORED_PHI_03,LR,anchored,0.9994628138262514,bulk_carrier,0.999999974674838,0.9994628138262514,0.00010907859078590785,0.0002032520325203252,0.0,4.065040650406504e-05,0.0,0.0001638799406861993,0.0,2.032520325203252e-05,0.002430555555555555,0.0,0.0,0.002430555555555555,Anchored/Moored,Bulk Carrier
600003153,ANCHORED_PHI_03,LR,anchored,0.9994628138262514,bulk_carrier,0.999999974674838,0.9994628138262514,0.00010907859078590785,0.0002032520325203252,0.0,4.065040650406504e-05,0.0,0.0001638799406861993,0.0,2.032520325203252e-05,0.002430555555555555,0.0,0.0,0.002430555555555555,Anchored/Moored,Bulk Carrier
600003153,ANCHORED_PHI_03,LR,anchored,0.9994628138262514,bulk_carrier,0.999999974674838,0.9994628138262514,0.00010907859078590785,0.0002032520325203252,0.0,4.065040650406504e-05,0.0,0.0001638799406861993,0.0,2.032520325203252e-05,0.002430555555555555,0.0,0.0,0.002430555555555555,Anchored/Moored,Bulk Carrier
600003153,ANCHORED_PHI_03,LR,anchored,0.9994628138262514,bulk_carrier,0.999999974674838,0.9994628138262514,0.00010907859078590785,0.0002032520325203252,0.0,4.065040650406504e-05,0.0,0.0001638799406861993,0.0,2.032520325203252e-05,0.002430555555555555,0.0,0.0,0.002430555555555555,Anchored/Moored,Bulk Carrier
600003153,ANCHORED_PHI_03,LR,anchored,0.9994628138262514,bulk_carrier,0.999999974674838,0.9994628138262514,0.00010907859078590785,0.0002032520325203252,0.0,4.065040650406504e-05,0.0,0.0001638799406861993,0.0,2.032520325203252e-05,0.002430555555555555,0.0,0.0,0.002430555555555555,Anchored/Moored,Bulk Carrier
600003153,ANCHORED_PHI_03,LR,anchored,0.9994628138262514,bulk_carrier,0.999999974674838,0.9994628138262514,0.00010907859078590785,0.0002032520325203252,0.0,4.065040650406504e-05,0.0,0.0001638799406861993,0.0,2.032520325203252e-05,0.002430555555555555,0.0,0.0,0.002430555555555555,Anchored/Moored,Bulk Carrier
600003153,ANCHORED_PHI_03,LR,anchored,0.9994628138262514,bulk_carrier,0.999999974674838,0.9994628138262514,0.00010907859078590785,0.0002032520325203252,0.0,4.065040650406504e-05,0.0,0.0001638799406861993,0.0,2.032520325203252e-05,0.002430555555555555,0.0,0.0,0.002430555555555555,Anchored/Moored,Bulk Carrier
600003153,ANCHORED_PHI_03,LR,anchored,0.9994628138262514,bulk_carrier,0.999999974674838,0.9994628138262514,0.00010907859078590785,0.0002032520325203252,0.0,4.065040650406504e-05,0.0,0.0001638799406861993,0.0,2.032520325203252e-05,0.002430555555555555,0.0,0.0,0.002430555555555555,Anchored/Moored,Bulk Carrier
600003153,ANCHORED_PHI_03,LR,anchored,0.9994628138262514,bulk_carrier,0.999999974674838,0.9994628138262514,0.00010907859078590785,0.0002032520325203252,0.0,4.065040650406504e-05,0.0,0.0001638799406861993,0.0,2.032520325203252e-05,0.002430555555555555,0.0,0.0,0.002430555555555555,Anchored/Moored,Bulk Carrier
600003153,ANCHORED_PHI_03,LR,anchored,0.9994628138262514,bulk_carrier,0.999999974674838,0.9994628138262514,0.00010907859078590785,0.0002032520325203252,0.0,4.065040650406504e-05,0.0,0.0001638799406861993,0.0,2.032520325203252e-05,0.002430555555555555,0.0,0.0,0.002430555555555555,Anchored/Moored,Bulk Carrier
600003153,ANCHORED_PHI_03,LR,anchored,0.9994628138262514,bulk_carrier,0.999999974674838,0.9994628138262514,0.00010907859078590785,0.0002032520325203252,0.0,4.065040650406504e-05,0.0,0.0001638799406861993,0.0,2.032520325203252e-05,0.002430555555555555,0.0,0.0,0.002430555555555555,Anchored/Moored,Bulk Carrier
600003153,ANCHORED_PHI_03,LR,anchored,0.9983517027151404,bulk_carrier,0.999999974674838,0.9983517027151404,0.00010907859078590785,0.0002032520325203252,0.0,4.065040650406504e-05,0.0,0.0012749910517973102,0.0,2.032520325203252e-05,0.002430555555555555,0.0,0.0,0.002430555555555555,Anchored/Moored,Bulk Carrier
600003153,ANCHORED_PHI_03,LR,anchored,0.9994628138262514,bulk_carrier,0.999999974674838,0.9994628138262514,0.00010907859078590785,0.0002032520325203252,0.0,4.065040650406504e-05,0.0,0.0001638799406861993,0.0,2.032520325203252e-05,0.002430555555555555,0.0,0.0,0.002430555555555555,Anchored/Moored,Bulk Carrier
600003153,ANCHORED_PHI_03,LR,anchored,0.9977961471595848,bulk_carrier,0.999999974674838,0.9977961471595848,0.00010907859078590785,0.0002032520325203252,0.0,4.065040650406504e-05,0.0,0.001830546607352866,0.0,2.032520325203252e-05,0.002430555555555555,0.0,0.0,0.002430555555555555,Anchored/Moored,Bulk Carrier
600003153,ANCHORED_PHI_03,LR,anchored,0.996129480492918,bulk_carrier,0.999999974674838,0.996129480492918,0.00010907859078590785,0.0002032520325203252,0.0,4.065040650406504e-05,0.0,0.0034972132740195326,0.0,2.032520325203252e-05,0.002430555555555555,0.0,0.0,0.002430555555555555,Anchored/Moored,Bulk Carrier
600003153,ANCHORED_PHI_03,LR,anchored,0.9994628138262514,bulk_carrier,0.999999974674838,0.9994628138262514,0.00010907859078590785,0.0002032520325203252,0.0,4.065040650406504e-05,0.0,0.0001638799406861993,0.0,2.032520325203252e-05,0.002430555555555555,0.0,0.0,0.002430555555555555,Anchored/Moored,Bulk Carrier
600003153,ANCHORED_PHI_03,LR,anchored,0.9994628138262514,bulk_carrier,0.999999974674838,0.9994628138262514,0.00010907859078590785,0.0002032520325203252,0.0,4.065040650406504e-05,0.0,0.0001638799406861993,0.0,2.032520325203252e-05,0.002430555555555555,0.0,0.0,0.002430555555555555,Anchored/Moored,Bulk Carrier
600003153,ANCHORED_PHI_03,LR,anchored,0.9983517027151404,bulk_carrier,0.999999974674838,0.9983517027151404,0.00010907859078590785,0.0002032520325203252,0.0,4.065040650406504e-05,0.0,0.0012749910517973102,0.0,2.032520325203252e-05,0.002430555555555555,0.0,0.0,0.002430555555555555,Anchored/Moored,Bulk Carrier
600003153,ANCHORED_PHI_03,LR,anchored,0.996129480492918,bulk_carrier,0.999999974674838,0.996129480492918,0.00010907859078590785,0.0002032520325203252,0.0,4.065040650406504e-05,0.0,0.0034972132740195326,0.0,2.032520325203252e-05,0.002430555555555555,0.0,0.0,0.002430555555555555,Anchored/Moored,Bulk Carrier
600003153,ANCHORED_PHI_03,LR,anchored,0.9994628138262514,bulk_carrier,0.999999974674838,0.9994628138262514,0.00010907859078590785,0.0002032520325203252,0.0,4.065040650406504e-05,0.0,0.0001638799406861993,0.0,2.032520325203252e-05,0.002430555555555555,0.0,0.0,0.002430555555555555,Anchored/Moored,Bulk Carrier
600003153,ANCHORED_PHI_03,LR,anchored,0.9994628138262514,bulk_carrier,0.999999974674838,0.9994628138262514,0.00010907859078590785,0.0002032520325203252,0.0,4.065040650406504e-05,0.0,0.0001638799406861993,0.0,2.032520325203252e-05,0.002430555555555555,0.0,0.0,0.002430555555555555,Anchored/Moored,Bulk Carrier
600003153,ANCHORED_PHI_03,LR,anchored,0.9972405916040293,bulk_carrier,0.999999974674838,0.9972405916040293,0.00233130081300813,0.0002032520325203252,0.0,4.065040650406504e-05,0.0,0.0001638799406861993,0.0,2.032520325203252e-05,0.002430555555555555,0.0,0.0,0.002430555555555555,Anchored/Moored,Bulk Carrier
600003153,ANCHORED_PHI_03,LR,anchored,0.9941294804929182,bulk_carrier,0.999999974674838,0.9941294804929182,0.003775745257452575,0.0002032520325203252,0.0,4.065040650406504e-05,0.0,0.001830546607352866,0.0,2.032520325203252e-05,0.002430555555555555,0.0,0.0,0.002430555555555555,Anchored/Moored,Bulk Carrier
600003153,ANCHORED_PHI_03,LR,anchored,0.9994628138262514,bulk_carrier,0.999999974674838,0.9994628138262514,0.00010907859078590785,0.0002032520325203252,0.0,4.065040650406504e-05,0.0,0.0001638799406861993,0.0,2.032520325203252e-05,0.002430555555555555,0.0,0.0,0.002430555555555555,Anchored/Moored,Bulk Carrier
600003154,ANCHORED_PHI_04,BR,anchored,0.8327041030248578,cargo,0.9999999406786699,0.8327041030248578,0.015722222222222224,0.0,0.004,0.004166666666666667,0.0,0.039073674752920035,0.10433333333333333,0.0,0.002430555555555555,0.0,0.0,0.002430555555555555,Anchored/Moored,Cargo
600003154,ANCHORED_PHI_04,BR,anchored,0.9129293777501323,cargo,0.9999999665003556,0.9129293777501323,0.020028693528693527,0.0,0.0,0.0,0.0,0.06426415094339623,0.0027777777777777775,0.0,0.002430555555555555,0.0,0.0,0.002430555555555555,Anchored/Moored,Cargo
600003154,ANCHORED_PHI_04,BR,anchored,0.996407258270696,cargo,0.9999999662552708,0.996407258270696,0.00233130081300813,0.0002032520325203252,0.0,4.065040650406504e-05,0.0,0.0009972132740195328,0.0,2.032520325203252e-05,0.002430555555555555,0.0,0.0,0.002430555555555555,Anchored/Moored,Cargo
600003154,ANCHORED_PHI_04,BR,anchored,0.9994628138262514,cargo,0.9999999662552708,0.9994628138262514,0.00010907859078590785,0.0002032520325203252,0.0,4.065040650406504e-05,0.0,0.0001638799406861993,0.0,2.032520325203252e-05,0.002430555555555555,0.0,0.0,0.002430555555555555,Anchored/Moored,Cargo
600003154,ANCHORED_PHI_04,BR,anchored,0.9952405916040292,cargo,0.9999999662552708,0.9952405916040292,0.00433130081300813,0.0002032520325203252,0.0,4.065040650406504e-05,0.0,0.0001638799406861993,0.0,2.032520325203252e-05,0.002430555555555555,0.0,0.0,0.002430555555555555,Anchored/Moored,Cargo
600003154,ANCHORED_PHI_04,BR,anchored,0.9910414046121594,cargo,0.9999999662552708,0.9910414046121594,0.006694444444444445,0.0,0.0011111111111111111,0.0,0.0,0.0011530398322851152,0.0,0.0,0.002430555555555555,0.0,0.0,0.002430555555555555,Anchored/Moored,Cargo
600003154,ANCHORED_PHI_04,BR,anchored,0.996129480492918,cargo,0.9999999662552708,0.996129480492918,0.00233130081300813,0.0002032520325203252,0.0,4.065040650406504e-05,0.0,0.0012749910517973102,0.0,2.032520325203252e-05,0.002430555555555555,0.0,0.0,0.002430555555555555,Anchored/Moored,Cargo
600003154,ANCHORED_PHI_04,BR,anchored,0.9994628138262514,cargo,0.9999999662552708,0.9994628138262514,0.00010907859078590785,0.0002032520325203252,0.0,4.065040650406504e-05,0.0,0.0001638799406861993,0.0,2.032520325203252e-05,0.002430555555555555,0.0,0.0,0.002430555555555555,Anchored/Moored,Cargo
600003154,ANCHORED_PHI_04,BR,anchored,0.9994628138262514,cargo,0.9999999662552708,0.9994628138262514,0.00010907859078590785,0.0002032520325203252,0.0,4.065040650406504e-05,0.0,0.0001638799406861993,0.0,2.032520325203252e-05,0.002430555555555555,0.0,0.0,0.002430555555555555,Anchored/Moored,Cargo
600003154,ANCHORED_PHI_04,BR,anchored,0.9994628138262514,cargo,0.9999999662552708,0.9994628138262514,0.00010907859078590785,0.0002032520325203252,0.0,4.065040650406504e-05,0.0,0.0001638799406861993,0.0,2.032520325203252e-05,0.002430555555555555,0.0,0.0,0.002430555555555555,Anchored/Moored,Cargo
600003154,ANCHORED_PHI_04,BR,anchored,0.9994628138262514,cargo,0.999999966253402,0.9994628138262514,0.00010907859078590785,0.0002032520325203252,0.0,4.065040650406504e-05,0.0,0.0001638799406861993,0.0,2.032520325203252e-05,0.002430555555555555,0.0,0.0,0.002430555555555555,Anchored/Moored,Cargo
600003154,ANCHORED_PHI_04,BR,anchored,0.9961294804929183,cargo,0.999999966253402,0.9961294804929183,0.00010907859078590785,0.0002032520325203252,0.0,4.065040650406504e-05,0.0,0.0034972132740195326,0.0,2.032520325203252e-05,0.002430555555555555,0.0,0.0,0.002430555555555555,Anchored/Moored,Cargo
600003154,ANCHORED_PHI_04,BR,anchored,0.9994628138262514,cargo,0.9999999662552708,0.9994628138262514,0.00010907859078590785,0.0002032520325203252,0.0,4.065040650406504e-05,0.0,0.0001638799406861993,0.0,2.032520325203252e-05,0.002430555555555555,0.0,0.0,0.002430555555555555,Anchored/Moored,Cargo
600003154,ANCHORED_PHI_04,BR,anchored,0.9994628138262514,cargo,0.9999999662552708,0.9994628138262514,0.00010907859078590785,0.0002032520325203252,0.0,4.065040650406504e-05,0.0,0.0001638799406861993,0.0,2.032520325203252e-05,0.002430555555555555,0.0,0.0,0.002430555555555555,Anchored/Moored,Cargo
600003154,ANCHORED_PHI_04,BR,anchored,0.9994628138262514,cargo,0.999999966253402,0.9994628138262514,0.00010907859078590785,0.0002032520325203252,0.0,4.065040650406504e-05,0.0,0.0001638799406861993,0.0,2.032520325203252e-05,0.002430555555555555,0.0,0.0,0.002430555555555555,Anchored/Moored,Cargo
600003154,ANCHORED_PHI_04,BR,anchored,0.9894628138262515,cargo,0.9999999662552708,0.9894628138262515,0.00010907859078590785,0.0002032520325203252,0.0,4.065040650406504e-05,0.0,0.010163879940686198,0.0,2.032520325203252e-05,0.002430555555555555,0.0,0.0,0.002430555555555555,Anchored/Moored,Cargo
600003154,ANCHORED_PHI_04,BR,anchored,0.9994628138262514,cargo,0.9999999662552708,0.9994628138262514,0.00010907859078590785,0.0002032520325203252,0.0,4.065040650406504e-05,0.0,0.0001638799406861993,0.0,2.032520325203252e-05,0.002430555555555555,0.0,0.0,0.002430555555555555,Anchored/Moored,Cargo
600003154,ANCHORED_PHI_04,BR,anchored,0.9994628138262514,cargo,0.9999999662552708,0.9994628138262514,0.00010907859078590785,0.0002032520325203252,0.0,4.065040650406504e-05,0.0,0.0001638799406861993,0.0,2.032520325203252e-05,0.002430555555555555,0.0,0.0,0.002430555555555555,Anchored/Moored,Cargo
600003154,ANCHORED_PHI_04,BR,anchored,0.9994628138262514,cargo,0.9999999662552708,0.9994628138262514,0.00010907859078590785,0.0002032520325203252,0.0,4.065040650406504e-05,0.0,0.0001638799406861993,0.0,2.032520325203252e-05,0.002430555555555555,0.0,0.0,0.002430555555555555,Anchored/Moored,Cargo
600003154,ANCHORED_PHI_04,BR,anchored,0.9994628138262514,cargo,0.9999999662552708,0.9994628138262514,0.00010907859078590785,0.0002032520325203252,0.0,4.065040650406504e-05,0.0,0.0001638799406861993,0.0,2.032520325203252e-05,0.002430555555555555,0.0,0.0,0.002430555555555555,Anchored/Moored,Cargo
600003154,ANCHORED_PHI_04,BR,anchored,0.9994628138262514,cargo,0.9999999662552708,0.9994628138262514,0.00010907859078590785,0.0002032520325203252,0.0,4.065040650406504e-05,0.0,0.0001638799406861993,0.0,2.032520325203252e-05,0.002430555555555555,0.0,0.0,0.002430555555555555,Anchored/Moored,Cargo
600003154,ANCHORED_PHI_04,BR,anchored,0.9994628138262514,cargo,0.9999999662552708,0.9994628138262514,0.00010907859078590785,0.0002032520325203252,0.0,4.065040650406504e-05,0.0,0.0001638799406861993,0.0,2.032520325203252e-05,0.002430555555555555,0.0,0.0,0.002430555555555555,Anchored/Moored,Cargo
600003154,ANCHORED_PHI_04,BR,anchored,0.9972405916040293,cargo,0.9999999662552708,0.9972405916040293,0.00010907859078590785,0.0002032520325203252,0.0,4.065040650406504e-05,0.0,0.0023861021629084213,0.0,2.032520325203252e-05,0.002430555555555555,0.0,0.0,0.002430555555555555,Anchored/Moored,Cargo
600003154,ANCHORED_PHI_04,BR,anchored,0.9994628138262514,cargo,0.9999999662552708,0.9994628138262514,0.00010907859078590785,0.0002032520325203252,0.0,4.065040650406504e-05,0.0,0.0001638799406861993,0.0,2.032520325203252e-05,0.002430555555555555,0.0,0.0,0.002430555555555555,Anchored/Moored,Cargo
600003154,ANCHORED_PHI_04,BR,anchored,0.995018369381807,cargo,0.9999999662552708,0.995018369381807,0.00010907859078590785,0.0002032520325203252,0.0,4.065040650406504e-05,0.0,0.004608324385130644,0.0,2.032520325203252e-05,0.002430555555555555,0.0,0.0,0.002430555555555555,Anchored/Moored,Cargo
600003154,ANCHORED_PHI_04,BR,anchored,0.9933517027151404,cargo,0.9999999662552708,0.9933517027151404,0.00010907859078590785,0.0002032520325203252,0.0016666666666666668,4.065040650406504e-05,0.0,0.004608324385130644,0.0,2.032520325203252e-05,0.002430555555555555,0.0,0.0,0.002430555555555555,Anchored/Moored,Cargo
600003154,ANCHORED_PHI_04,BR,anchored,0.9933517027151404,cargo,0.9999999662552708,0.9933517027151404,0.00010907859078590785,0.0002032520325203252,0.0016666666666666668,4.065040650406504e-05,0.0,0.004608324385130644,0.0,2.032520325203252e-05,0.002430555555555555,0.0,0.0,0.002430555555555555,Anchored/Moored,Cargo
700053150,VESSEL_PHI_000,TW,transit,1.0,trawler,0.9999999807936172,0.0,0.0,0.0,0.0,0.0,0.0,0.0,1.0,0.0,0.002430555555555555,0.0,0.0,0.002430555555555555,Transit,Fishing - Trawler
700053150,VESSEL_PHI_000,TW,transit,1.0,trawler,0.9999999807936172,0.0,0.0,0.0,0.0,0.0,0.0,0.0,1.0,0.0,0.002430555555555555,0.0,0.0,0.002430555555555555,Transit,Fishing - Trawler
700053150,VESSEL_PHI_000,TW,transit,1.0,trawler,0.9999999807936172,0.0,0.0,0.0,0.0,0.0,0.0,0.0,1.0,0.0,0.002430555555555555,0.0,0.0,0.002430555555555555,Transit,Fishing - Trawler
700053150,VESSEL_PHI_000,TW,transit,1.0,trawler,0.9999999807936172,0.0,0.0,0.0,0.0,0.0,0.0,0.0,1.0,0.0,0.002430555555555555,0.0,0.0,0.002430555555555555,Transit,Fishing - Trawler
700053150,VESSEL_PHI_000,TW,transit,1.0,trawler,0.999999980793851,0.0,0.0,0.0,0.0,0.0,0.0,0.0,1.0,0.0,0.002430555555555555,0.0,0.0,0.002430555555555555,Transit,Fishing - Trawler
700053150,VESSEL_PHI_000,TW,transit,0.9974673202614379,trawler,0.9999999807936172,3.26797385620915e-05,0.0,0.0,0.0,0.0,0.0025,0.0,0.9974673202614379,0.0,0.002430555555555555,0.0,0.0,0.002430555555555555,Transit,Fishing - Trawler
700053150,VESSEL_PHI_000,TW,transit,1.0,trawler,0.9999999807936172,0.0,0.0,0.0,0.0,0.0,0.0,0.0,1.0,0.0,0.002430555555555555,0.0,0.0,0.002430555555555555,Transit,Fishing - Trawler
700053150,VESSEL_PHI_000,TW,transit,0.9999890350877193,trawler,0.999999980793851,1.0964912280701754e-05,0.0,0.0,0.0,0.0,0.0,0.0,0.9999890350877193,0.0,0.002430555555555555,0.0,0.0,0.002430555555555555,Transit,Fishing - Trawler
700053150,VESSEL_PHI_000,TW,transit,0.9966557017543859,trawler,0.999999980808021,1.0964912280701754e-05,0.0,0.0,0.0,0.0,0.0033333333333333335,0.0,0.9966557017543859,0.0,0.002430555555555555,0.0,0.0,0.002430555555555555,Transit,Fishing - Trawler
700053150,VESSEL_PHI_000,TW,transit,0.9941339869281046,trawler,0.999999980793851,3.26797385620915e-05,0.0,0.0,0.0,0.0,0.005833333333333334,0.0,0.9941339869281046,0.0,0.002430555555555555,0.0,0.0,0.002430555555555555,Transit,Fishing - Trawler
700053150,VESSEL_PHI_000,TW,transit,0.9736339869281047,trawler,0.9999999806300354,3.26797385620915e-05,0.0,0.0,0.01461111111111111,0.0,0.011722222222222222,0.0,0.9736339869281047,0.0,0.002430555555555555,0.0,0.0,0.002430555555555555,Transit,Fishing - Trawler
700053150,VESSEL_PHI_000,TW,fishing,0.9761794575435352,trawler,0.9999999806477032,0.0,0.0,1.0787486515641855e-05,0.9761794575435352,0.0,0.0016990291262135922,0.0,0.022110725843735548,0.0,0.002430555555555555,0.44832047819170023,0.0,0.44832047819170023,Fishing,Fishing - Trawler
700053150,VESSEL_PHI_000,TW,fishing,0.9921715210355988,trawler,0.9999999806302334,0.0,0.0,1.0787486515641855e-05,0.9921715210355988,0.0,3.2362459546925564e-05,0.0,0.007785329018338727,0.0,0.002430555555555555,0.4536142710046802,0.0,0.4536142710046802,Fishing,Fishing - Trawler
700053150,VESSEL_PHI_000,TW,fishing,0.9998381877022655,trawler,0.9999999806080916,0.0,0.0,1.0787486515641855e-05,0.9998381877022655,0.0,3.2362459546925564e-05,0.0,0.0001186623516720604,0.0,0.002430555555555555,0.4571516451249144,0.0,0.4571516451249144,Fishing,Fishing - Trawler
700053150,VESSEL_PHI_000,TW,fishing,0.9998381877022655,trawler,0.9999999806080916,0.0,0.0,1.0787486515641855e-05,0.9998381877022655,0.0,3.2362459546925564e-05,0.0,0.0001186623516720604,0.0,0.002430555555555555,0.45892089313531104,0.0,0.45892089313531104,Fishing,Fishing - Trawler
700053150,VESSEL_PHI_000,TW,fishing,0.9998381877022655,trawler,0.9999999806080916,0.0,0.0,1.0787486515641855e-05,0.9998381877022655,0.0,3.2362459546925564e-05,0.0,0.0001186623516720604,0.0,0.002430555555555555,0.4605530509504912,0.0,0.4605530509504912,Fishing,Fishing - Trawler
700053150,VESSEL_PHI_000,TW,fishing,0.9713461242102016,trawler,0.9999999806080916,0.0032142857142857142,0.005555555555555555,1.0787486515641855e-05,0.9713461242102016,0.005555555555555555,3.2362459546925564e-05,0.0033333333333333335,0.009285329018338728,0.0016666666666666668,0.002430555555555555,0.4636373089993666,0.0,0.4636373089993666,Fishing,Fishing - Trawler
700053150,VESSEL_PHI_000,TW,fishing,0.9998381877022655,trawler,0.9999999787747522,0.0,0.0,1.0787486515641855e-05,0.9998381877022655,0.0,3.2362459546925564e-05,0.0,0.0001186623516720604,0.0,0.002430555555555555,0.4670681964252713,0.0,0.4670681964252713,Fishing,Fishing - Trawler
700053150,VESSEL_PHI_000,TW,fishing,0.9998381877022655,trawler,0.999999979259822,0.0,0.0,1.0787486515641855e-05,0.9998381877022655,0.0,3.2362459546925564e-05,0.0,0.0001186623516720604,0.0,0.002430555555555555,0.46970708903957187,0.0,0.46970708903957187,Fishing,Fishing - Trawler
700053150,VESSEL_PHI_000,TW,fishing,1.0,trawler,0.9999999808240468,0.0,0.0,0.0,1.0,0.0,0.0,0.0,0.0,0.0,0.002430555555555555,0.46995019549988626,0.0,0.46995019549988626,Fishing,Fishing - Trawler
700053150,VESSEL_PHI_000,TW,fishing,0.9870604099244876,trawler,0.9999999793453429,0.0,0.0,0.006677454153182308,0.9870604099244876,0.0061111111111111106,3.2362459546925564e-05,0.0,0.0001186623516720604,0.0,0.002430555555555555,0.46834115012769895,0.0,0.46834115012769895,Fishing,Fishing - Trawler
700053150,VESSEL_PHI_000,TW,fishing,0.9928937432578209,trawler,0.99999997934536,0.0,0.0,0.0033441208198489755,0.9928937432578209,0.0027777777777777775,3.2362459546925564e-05,0.0,0.0009519956850053938,0.0,0.002430555555555555,0.4661903760191295,0.0,0.4661903760191295,Fishing,Fishing - Trawler
700053150,VESSEL_PHI_000,TW,fishing,0.9998381877022655,trawler,0.9999999790661711,0.0,0.0,1.0787486515641855e-05,0.9998381877022655,0.0,3.2362459546925564e-05,0.0,0.0001186623516720604,0.0,0.002430555555555555,0.46378065101424104,0.0,0.46378065101424104,Fishing,Fishing - Trawler
700053150,VESSEL_PHI_000,TW,fishing,0.9998381877022655,trawler,0.9999999787747522,0.0,0.0,1.0787486515641855e-05,0.9998381877022655,0.0,3.2362459546925564e-05,0.0,0.0001186623516720604,0.0,0.002430555555555555,0.4612253977598689,0.0,0.4612253977598689,Fishing,Fishing - Trawler
700053150,VESSEL_PHI_000,TW,fishing,0.9998381877022655,trawler,0.9999999787747522,0.0,0.0,1.0787486515641855e-05,0.9998381877022655,0.0,3.2362459546925564e-05,0.0,0.0001186623516720604,0.0,0.002430555555555555,0.45977826263690985,0.0,0.45977826263690985,Fishing,Fishing - Trawler
700053150,VESSEL_PHI_000,TW,fishing,0.9998381877022655,trawler,0.9999999793454382,0.0,0.0,1.0787486515641855e-05,0.9998381877022655,0.0,3.2362459546925564e-05,0.0,0.0001186623516720604,0.0,0.002430555555555555,0.4591326133370033,0.0,0.4591326133370033,Fishing,Fishing - Trawler
700053150,VESSEL_PHI_000,TW,fishing,0.9998381877022655,trawler,0.9999999792080616,0.0,0.0,1.0787486515641855e-05,0.9998381877022655,0.0,3.2362459546925564e-05,0.0,0.0001186623516720604,0.0,0.002430555555555555,0.4570318659761286,0.0,0.4570318659761286,Fishing,Fishing - Trawler
700053150,VESSEL_PHI_000,TW,fishing,0.9998381877022655,trawler,0.9999999787747522,0.0,0.0,1.0787486515641855e-05,0.9998381877022655,0.0,3.2362459546925564e-05,0.0,0.0001186623516720604,0.0,0.002430555555555555,0.45422562504524844,0.0,0.45422562504524844,Fishing,Fishing - Trawler
700053150,VESSEL_PHI_000,TW,fishing,0.9998381877022655,trawler,0.9999999801370729,0.0,0.0,1.0787486515641855e-05,0.9998381877022655,0.0,3.2362459546925564e-05,0.0,0.0001186623516720604,0.0,0.002430555555555555,0.4521018609261954,0.0,0.4521018609261954,Fishing,Fishing - Trawler
700053150,VESSEL_PHI_000,TW,fishing,0.9998381877022655,trawler,0.9999999806080916,0.0,0.0,1.0787486515641855e-05,0.9998381877022655,0.0,3.2362459546925564e-05,0.0,0.0001186623516720604,0.0,0.002430555555555555,0.4524805076704142,0.0,0.4524805076704142,Fishing,Fishing - Trawler
700053150,VESSEL_PHI_000,TW,fishing,0.9926159654800432,trawler,0.9999999806080916,0.0,0.0,0.0033441208198489755,0.9926159654800432,0.0,0.003921251348435814,0.0,0.0001186623516720604,0.0,0.002430555555555555,0.4548796699181488,0.0,0.4548796699181488,Fishing,Fishing - Trawler
700053150,VESSEL_PHI_000,TW,fishing,0.9998381877022655,trawler,0.9999999806080916,0.0,0.0,1.0787486515641855e-05,0.9998381877022655,0.0,3.2362459546925564e-05,0.0,0.0001186623516720604,0.0,0.002430555555555555,0.45739588097419037,0.0,0.45739588097419037,Fishing,Fishing - Trawler
700053150,VESSEL_PHI_000,TW,fishing,0.9998381877022655,trawler,0.9999999790661711,0.0,0.0,1.0787486515641855e-05,0.9998381877022655,0.0,3.2362459546925564e-05,0.0,0.0001186623516720604,0.0,0.002430555555555555,0.4588891705410335,0.0,0.4588891705410335,Fishing,Fishing - Trawler
700053150,VESSEL_PHI_000,TW,fishing,0.9998381877022655,trawler,0.999999979259822,0.0,0.0,1.0787486515641855e-05,0.9998381877022655,0.0,3.2362459546925564e-05,0.0,0.0001186623516720604,0.0,0.002430555555555555,0.4581151060212526,0.0,0.4581151060212526,Fishing,Fishing - Trawler
700053150,VESSEL_PHI_000,TW,fishing,0.9998381877022655,trawler,0.999999980137124,0.0,0.0,1.0787486515641855e-05,0.9998381877022655,0.0,3.2362459546925564e-05,0.0,0.0001186623516720604,0.0,0.002430555555555555,0.4568092356200055,0.0,0.4568092356200055,Fishing,Fishing - Trawler
700053150,VESSEL_PHI_000,TW,fishing,0.9998381877022655,trawler,0.9999999801370729,0.0,0.0,1.0787486515641855e-05,0.9998381877022655,0.0,3.2362459546925564e-05,0.0,0.0001186623516720604,0.0,0.002430555555555555,0.4572702749126427,0.0,0.4572702749126427,Fishing,Fishing - Trawler
700053150,VESSEL_PHI_000,TW,fishing,0.9998381877022655,trawler,0.9999999787747522,0.0,0.0,1.0787486515641855e-05,0.9998381877022655,0.0,3.2362459546925564e-05,0.0,0.0001186623516720604,0.0,0.002430555555555555,0.45833674987650685,0.0,0.45833674987650685,Fishing,Fishing - Trawler
700053150,VESSEL_PHI_000,TW,fishing,0.9998381877022655,trawler,0.9999999806273075,0.0,0.0,1.0787486515641855e-05,0.9998381877022655,0.0,3.2362459546925564e-05,0.0,0.0001186623516720604,0.0,0.002430555555555555,0.4602809769089308,0.0,0.4602809769089308,Fishing,Fishing - Trawler
700053150,VESSEL_PHI_000,TW,transit,0.7194652231982325,trawler,0.9999999806341303,0.0,0.0,0.0057885652642934195,0.16856834643242416,0.024701058201058203,0.03636569579288026,0.0,0.7194652231982325,0.04511111111111111,0.002430555555555555,0.0,0.0,0.002430555555555555,Transit,Fishing - Trawler
700053150,VESSEL_PHI_000,TW,transit,0.9957896886824905,trawler,0.9999999782213456,0.0017103113175094596,0.0,0.0,0.0,0.0,0.0025,0.0,0.9957896886824905,0.0,0.002430555555555555,0.0,0.0,0.002430555555555555,Transit,Fishing - Trawler
700053150,VESSEL_PHI_000,TW,transit,1.0,trawler,0.999999980793851,0.0,0.0,0.0,0.0,0.0,0.0,0.0,1.0,0.0,0.002430555555555555,0.0,0.0,0.002430555555555555,Transit,Fishing - Trawler
700053150,VESSEL_PHI_000,TW,transit,0.999967320261438,trawler,0.999999980793851,3.26797385620915e-05,0.0,0.0,0.0,0.0,0.0,0.0,0.999967320261438,0.0,0.002430555555555555,0.0,0.0,0.002430555555555555,Transit,Fishing - Trawler
700053150,VESSEL_PHI_000,TW,transit,0.9944117647058826,trawler,0.9999999806302334,3.26797385620915e-05,0.0,0.0,0.0038888888888888883,0.0,0.0016666666666666668,0.0,0.9944117647058826,0.0,0.002430555555555555,0.0,0.0,0.002430555555555555,Transit,Fishing - Trawler
700053150,VESSEL_PHI_000,TW,fishing,0.9629444444444444,trawler,0.9999999783154296,0.0,0.0,0.0,0.9629444444444444,0.0,0.005666666666666666,0.0,0.03138888888888889,0.0,0.002430555555555555,0.4748803384006882,0.0,0.4748803384006882,Fishing,Fishing - Trawler
700053150,VESSEL_PHI_000,TW,fishing,0.9981715210355988,trawler,0.9999999806341303,0.0,0.0,1.0787486515641855e-05,0.9981715210355988,0.0,3.2362459546925564e-05,0.0,0.0017853290183387272,0.0,0.002430555555555555,0.4735104060734995,0.0,0.4735104060734995,Fishing,Fishing - Trawler
700053150,VESSEL_PHI_000,TW,fishing,0.9981715210355988,trawler,0.9999999792080616,0.0,0.0,1.0787486515641855e-05,0.9981715210355988,0.0016666666666666668,3.2362459546925564e-05,0.0,0.0001186623516720604,0.0,0.002430555555555555,0.4723028078111905,0.0,0.4723028078111905,Fishing,Fishing - Trawler
700053150,VESSEL_PHI_000,TW,fishing,0.9998381877022655,trawler,0.9999999787747522,0.0,0.0,1.0787486515641855e-05,0.9998381877022655,0.0,3.2362459546925564e-05,0.0,0.0001186623516720604,0.0,0.002430555555555555,0.4737601143679668,0.0,0.4737601143679668,Fishing,Fishing - Trawler
700053150,VESSEL_PHI_000,TW,fishing,0.9998381877022655,trawler,0.9999999806080916,0.0,0.0,1.0787486515641855e-05,0.9998381877022655,0.0,3.2362459546925564e-05,0.0,0.0001186623516720604,0.0,0.002430555555555555,0.4759550790610336,0.0,0.4759550790610336,Fishing,Fishing - Trawler
700053150,VESSEL_PHI_000,TW,fishing,0.9998381877022655,trawler,0.9999999806080916,0.0,0.0,1.0787486515641855e-05,0.9998381877022655,0.0,3.2362459546925564e-05,0.0,0.0001186623516720604,0.0,0.002430555555555555,0.4784396584782723,0.0,0.4784396584782723,Fishing,Fishing - Trawler
700053150,VESSEL_PHI_000,TW,fishing,0.9936715210355987,trawler,0.9999999806080916,0.0,0.0,1.0787486515641855e-05,0.9936715210355987,0.0,3.2362459546925564e-05,0.0,0.006285329018338728,0.0,0.002430555555555555,0.4819936131126227,0.0,0.4819936131126227,Fishing,Fishing - Trawler
700053150,VESSEL_PHI_000,TW,fishing,0.9998381877022655,trawler,0.9999999806080916,0.0,0.0,1.0787486515641855e-05,0.9998381877022655,0.0,3.2362459546925564e-05,0.0,0.0001186623516720604,0.0,0.002430555555555555,0.4842298306528566,0.0,0.4842298306528566,Fishing,Fishing - Trawler
700053150,VESSEL_PHI_000,TW,fishing,0.9998381877022655,trawler,0.9999999806080916,0.0,0.0,1.0787486515641855e-05,0.9998381877022655,0.0,3.2362459546925564e-05,0.0,0.0001186623516720604,0.0,0.002430555555555555,0.4827436282971349,0.0,0.4827436282971349,Fishing,Fishing - Trawler
700053150,VESSEL_PHI_000,TW,fishing,0.9987270765911545,trawler,0.9999999806080916,0.0,0.0,1.0787486515641855e-05,0.9987270765911545,0.0,3.2362459546925564e-05,0.0,0.0012297734627831716,0.0,0.002430555555555555,0.4795414188185125,0.0,0.4795414188185125,Fishing,Fishing - Trawler
700053150,VESSEL_PHI_000,TW,fishing,0.9931715210355988,trawler,0.9999999806300354,0.0,0.0033333333333333335,1.0787486515641855e-05,0.9931715210355988,0.0,3.2362459546925564e-05,0.0,0.0034519956850053934,0.0,0.002430555555555555,0.47675063167729914,0.0,0.47675063167729914,Fishing,Fishing - Trawler
700053150,VESSEL_PHI_000,TW,transit,0.949638888888889,trawler,0.9999999782670108,0.0020833333333333333,0.0,0.0,0.020277777777777777,0.002333333333333333,0.0,0.025666666666666664,0.949638888888889,0.0,0.002430555555555555,0.0,0.0,0.002430555555555555,Transit,Fishing - Trawler
700053150,VESSEL_PHI_000,TW,transit,0.9999890350877193,trawler,0.9999999808953987,1.0964912280701754e-05,0.0,0.0,0.0,0.0,0.0,0.0,0.9999890350877193,0.0,0.002430555555555555,0.0,0.0,0.002430555555555555,Transit,Fishing - Trawler
700053150,VESSEL_PHI_000,TW,transit,1.0,trawler,0.999999980793851,0.0,0.0,0.0,0.0,0.0,0.0,0.0,1.0,0.0,0.002430555555555555,0.0,0.0,0.002430555555555555,Transit,Fishing - Trawler
700053150,VESSEL_PHI_000,TW,transit,1.0,trawler,0.9999999821635698,0.0,0.0,0.0,0.0,0.0,0.0,0.0,1.0,0.0,0.002430555555555555,0.0,0.0,0.002430555555555555,Transit,Fishing - Trawler
700053150,VESSEL_PHI_000,TW,transit,0.9999890350877193,trawler,0.9999999821635698,1.0964912280701754e-05,0.0,0.0,0.0,0.0,0.0,0.0,0.9999890350877193,0.0,0.002430555555555555,0.0,0.0,0.002430555555555555,Transit,Fishing - Trawler
700053150,VESSEL_PHI_000,TW,transit,0.9999890350877193,trawler,0.999999980808021,1.0964912280701754e-05,0.0,0.0,0.0,0.0,0.0,0.0,0.9999890350877193,0.0,0.002430555555555555,0.0,0.0,0.002430555555555555,Transit,Fishing - Trawler
700053150,VESSEL_PHI_000,TW,transit,0.9999890350877193,trawler,0.999999980793851,1.0964912280701754e-05,0.0,0.0,0.0,0.0,0.0,0.0,0.9999890350877193,0.0,0.002430555555555555,0.0,0.0,0.002430555555555555,Transit,Fishing - Trawler
700053150,VESSEL_PHI_000,TW,transit,1.0,trawler,0.9999999807936172,0.0,0.0,0.0,0.0,0.0,0.0,0.0,1.0,0.0,0.002430555555555555,0.0,0.0,0.002430555555555555,Transit,Fishing - Trawler
700053150,VESSEL_PHI_000,TW,transit,1.0,trawler,0.9999999821633528,0.0,0.0,0.0,0.0,0.0,0.0,0.0,1.0,0.0,0.002430555555555555,0.0,0.0,0.002430555555555555,Transit,Fishing - Trawler
700053150,VESSEL_PHI_000,TW,transit,1.0,trawler,0.9999999821633528,0.0,0.0,0.0,0.0,0.0,0.0,0.0,1.0,0.0,0.002430555555555555,0.0,0.0,0.002430555555555555,Transit,Fishing - Trawler
700053150,VESSEL_PHI_000,TW,transit,1.0,trawler,0.9999999821635698,0.0,0.0,0.0,0.0,0.0,0.0,0.0,1.0,0.0,0.002430555555555555,0.0,0.0,0.002430555555555555,Transit,Fishing - Trawler
700053150,VESSEL_PHI_000,TW,transit,1.0,trawler,0.9999999807936172,0.0,0.0,0.0,0.0,0.0,0.0,0.0,1.0,0.0,0.002430555555555555,0.0,0.0,0.002430555555555555,Transit,Fishing - Trawler
700053150,VESSEL_PHI_000,TW,transit,1.0,trawler,0.9999999807936172,0.0,0.0,0.0,0.0,0.0,0.0,0.0,1.0,0.0,0.002430555555555555,0.0,0.0,0.002430555555555555,Transit,Fishing - Trawler
700053150,VESSEL_PHI_000,TW,transit,1.0,trawler,0.9999999807936172,0.0,0.0,0.0,0.0,0.0,0.0,0.0,1.0,0.0,0.002430555555555555,0.0,0.0,0.002430555555555555,Transit,Fishing - Trawler
700053150,VESSEL_PHI_000,TW,transit,0.9975445906432747,trawler,0.999999980793851,0.0024554093567251464,0.0,0.0,0.0,0.0,0.0,0.0,0.9975445906432747,0.0,0.002430555555555555,0.0,0.0,0.002430555555555555,Transit,Fishing - Trawler
700053150,VESSEL_PHI_000,TW,transit,1.0,trawler,0.9999999807936172,0.0,0.0,0.0,0.0,0.0,0.0,0.0,1.0,0.0,0.002430555555555555,0.0,0.0,0.002430555555555555,Transit,Fishing - Trawler
700053150,VESSEL_PHI_000,TW,transit,1.0,trawler,0.9999999807936172,0.0,0.0,0.0,0.0,0.0,0.0,0.0,1.0,0.0,0.002430555555555555,0.0,0.0,0.002430555555555555,Transit,Fishing - Trawler
700053150,VESSEL_PHI_000,TW,transit,0.9999890350877193,trawler,0.999999980793851,1.0964912280701754e-05,0.0,0.0,0.0,0.0,0.0,0.0,0.9999890350877193,0.0,0.002430555555555555,0.0,0.0,0.002430555555555555,Transit,Fishing - Trawler
700053150,VESSEL_PHI_000,TW,transit,1.0,trawler,0.9999999807936172,0.0,0.0,0.0,0.0,0.0,0.0,0.0,1.0,0.0,0.002430555555555555,0.0,0.0,0.002430555555555555,Transit,Fishing - Trawler
700053150,VESSEL_PHI_000,TW,transit,0.9966666666666667,trawler,0.999999980793851,0.0,0.0,0.0,0.0,0.0,0.0033333333333333335,0.0,0.9966666666666667,0.0,0.002430555555555555,0.0,0.0,0.002430555555555555,Transit,Fishing - Trawler
700053150,VESSEL_PHI_000,TW,transit,0.9922112573099414,trawler,0.9999999808159924,0.004455409356725146,0.0,0.0,0.0,0.0,0.0,0.0033333333333333335,0.9922112573099414,0.0,0.002430555555555555,0.0,0.0,0.002430555555555555,Transit,Fishing - Trawler
700053150,VESSEL_PHI_000,TW,transit,1.0,trawler,0.9999999807936172,0.0,0.0,0.0,0.0,0.0,0.0,0.0,1.0,0.0,0.002430555555555555,0.0,0.0,0.002430555555555555,Transit,Fishing - Trawler
700053150,VESSEL_PHI_000,TW,transit,1.0,trawler,0.9999999807936172,0.0,0.0,0.0,0.0,0.0,0.0,0.0,1.0,0.0,0.002430555555555555,0.0,0.0,0.002430555555555555,Transit,Fishing - Trawler
700053150,VESSEL_PHI_000,TW,transit,1.0,trawler,0.9999999807936172,0.0,0.0,0.0,0.0,0.0,0.0,0.0,1.0,0.0,0.002430555555555555,0.0,0.0,0.002430555555555555,Transit,Fishing - Trawler
700053150,VESSEL_PHI_000,TW,transit,0.9983223684210526,trawler,0.999999980793851,1.0964912280701754e-05,0.0,0.0,0.0,0.0,0.0,0.0016666666666666668,0.9983223684210526,0.0,0.002430555555555555,0.0,0.0,0.002430555555555555,Transit,Fishing - Trawler
700053150,VESSEL_PHI_000,TW,transit,1.0,trawler,0.9999999807936172,0.0,0.0,0.0,0.0,0.0,0.0,0.0,1.0,0.0,0.002430555555555555,0.0,0.0,0.002430555555555555,Transit,Fishing - Trawler
700053150,VESSEL_PHI_000,TW,transit,0.9999890350877193,trawler,0.999999980793851,1.0964912280701754e-05,0.0,0.0,0.0,0.0,0.0,0.0,0.9999890350877193,0.0,0.002430555555555555,0.0,0.0,0.002430555555555555,Transit,Fishing - Trawler
700053150,VESSEL_PHI_000,TW,transit,0.9993333333333334,trawler,0.9999999807936172,0.0,0.0,0.0,0.0,0.0,0.0006666666666666668,0.0,0.9993333333333334,0.0,0.002430555555555555,0.0,0.0,0.002430555555555555,Transit,Fishing - Trawler
700053150,VESSEL_PHI_000,TW,transit,0.9993333333333334,trawler,0.9999999807936172,0.0,0.0,0.0,0.0,0.0,0.0006666666666666668,0.0,0.9993333333333334,0.0,0.002430555555555555,0.0,0.0,0.002430555555555555,Transit,Fishing - Trawler
700053150,VESSEL_PHI_000,TW,transit,0.999967320261438,trawler,0.9999999807936172,3.26797385620915e-05,0.0,0.0,0.0,0.0,0.0,0.0,0.999967320261438,0.0,0.002430555555555555,0.0,0.0,0.002430555555555555,Transit,Fishing - Trawler
700053150,VESSEL_PHI_000,TW,transit,0.999967320261438,trawler,0.9999999807936172,3.26797385620915e-05,0.0,0.0,0.0,0.0,0.0,0.0,0.999967320261438,0.0,0.002430555555555555,0.0,0.0,0.002430555555555555,Transit,Fishing - Trawler
700053151,VESSEL_PHI_001,PH,transit,1.0,purse_seiner,0.9999999756887364,0.0,0.0,0.0,0.0,0.0,0.0,0.0,1.0,0.0,0.002430555555555555,0.0,0.0,0.002430555555555555,Transit,Fishing - Purse Seiner
700053151,VESSEL_PHI_001,PH,transit,1.0,purse_seiner,0.9999999751162516,0.0,0.0,0.0,0.0,0.0,0.0,0.0,1.0,0.0,0.002430555555555555,0.0,0.0,0.002430555555555555,Transit,Fishing - Purse Seiner
700053151,VESSEL_PHI_001,PH,transit,1.0,purse_seiner,0.9999999751162516,0.0,0.0,0.0,0.0,0.0,0.0,0.0,1.0,0.0,0.002430555555555555,0.0,0.0,0.002430555555555555,Transit,Fishing - Purse Seiner
700053151,VESSEL_PHI_001,PH,transit,1.0,purse_seiner,0.9999999770888258,0.0,0.0,0.0,0.0,0.0,0.0,0.0,1.0,0.0,0.002430555555555555,0.0,0.0,0.002430555555555555,Transit,Fishing - Purse Seiner
700053151,VESSEL_PHI_001,PH,transit,0.9999890350877193,purse_seiner,0.9999999770888258,1.0964912280701754e-05,0.0,0.0,0.0,0.0,0.0,0.0,0.9999890350877193,0.0,0.002430555555555555,0.0,0.0,0.002430555555555555,Transit,Fishing - Purse Seiner
700053151,VESSEL_PHI_001,PH,fishing,0.580777777777778,purse_seiner,0.9999999717252922,0.0031111111111111114,0.0,0.0033333333333333335,0.580777777777778,0.004305555555555555,0.08016666666666666,0.0,0.3203055555555556,0.008,0.3570833333333333,0.4240289186851087,0.0,0.4240289186851087,Fishing,Fishing - Purse Seiner
700053151,VESSEL_PHI_001,PH,fishing,0.9746746031746032,purse_seiner,0.9999999734078162,0.0,0.0,0.0,0.9746746031746032,0.004722222222222221,0.0,0.0,0.020603174603174602,0.0,0.002430555555555555,0.48963356882483766,0.0,0.48963356882483766,Fishing,Fishing - Purse Seiner
700053151,VESSEL_PHI_001,PH,fishing,0.9909492988133766,purse_seiner,0.9999999732960347,0.0,0.0,1.0787486515641855e-05,0.9909492988133766,0.0,3.2362459546925564e-05,0.0,0.0017853290183387272,0.007222222222222222,0.002430555555555555,0.48699882087743207,0.0,0.48699882087743207,Fishing,Fishing - Purse Seiner
700053151,VESSEL_PHI_001,PH,transit,0.9039246031746031,purse_seiner,0.9999999675855903,0.0004166666666666667,0.0031111111111111114,0.0016666666666666668,0.05036507936507937,0.028515873015873012,0.0,0.007222222222222222,0.9039246031746031,0.0047777777777777775,0.002430555555555555,0.0,0.0,0.002430555555555555,Transit,Fishing - Purse Seiner
700053151,VESSEL_PHI_001,PH,transit,1.0,purse_seiner,0.9999999598781479,0.0,0.0,0.0,0.0,0.0,0.0,0.0,1.0,0.0,0.002430555555555555,0.0,0.0,0.002430555555555555,Transit,Fishing - Purse Seiner
700053151,VESSEL_PHI_001,PH,transit,0.9999890350877193,purse_seiner,0.9999999751149711,1.0964912280701754e-05,0.0,0.0,0.0,0.0,0.0,0.0,0.9999890350877193,0.0,0.002430555555555555,0.0,0.0,0.002430555555555555,Transit,Fishing - Purse Seiner
700053151,VESSEL_PHI_001,PH,transit,1.0,purse_seiner,0.9999999751149711,0.0,0.0,0.0,0.0,0.0,0.0,0.0,1.0,0.0,0.002430555555555555,0.0,0.0,0.002430555555555555,Transit,Fishing - Purse Seiner
700053151,VESSEL_PHI_001,PH,transit,1.0,purse_seiner,0.9999999082565054,0.0,0.0,0.0,0.0,0.0,0.0,0.0,1.0,0.0,0.002430555555555555,0.0,0.0,0.002430555555555555,Transit,Fishing - Purse Seiner
700053151,VESSEL_PHI_001,PH,fishing,0.7297539682539682,purse_seiner,0.9999999678461499,0.0016666666666666668,0.0,0.0,0.7297539682539682,0.009305555555555555,0.006666666666666667,0.0051111111111111105,0.2474960317460317,0.0,0.002430555555555555,0.5050499072905182,0.0,0.5050499072905182,Fishing,Fishing - Purse Seiner
700053151,VESSEL_PHI_001,PH,fishing,0.9848381877022655,purse_seiner,0.9999999733998806,0.0,0.0,1.0787486515641855e-05,0.9848381877022655,0.0025,3.2362459546925564e-05,0.0,0.01261866235167206,0.0,0.002430555555555555,0.5004164056564843,0.0,0.5004164056564843,Fishing,Fishing - Purse Seiner
700053151,VESSEL_PHI_001,PH,fishing,0.9998381877022655,purse_seiner,0.999999971467984,0.0,0.0,1.0787486515641855e-05,0.9998381877022655,0.0,3.2362459546925564e-05,0.0,0.0001186623516720604,0.0,0.002430555555555555,0.4967250357852568,0.0,0.4967250357852568,Fishing,Fishing - Purse Seiner
700053151,VESSEL_PHI_001,PH,fishing,0.9981715210355988,purse_seiner,0.999999971467984,0.0,0.0,1.0787486515641855e-05,0.9981715210355988,0.0,3.2362459546925564e-05,0.0,0.0001186623516720604,0.0016666666666666668,0.002430555555555555,0.4930307533965734,0.0,0.4930307533965734,Fishing,Fishing - Purse Seiner
700053151,VESSEL_PHI_001,PH,fishing,0.9948381877022655,purse_seiner,0.999999971467984,0.0,0.0,1.0787486515641855e-05,0.9948381877022655,0.0,3.2362459546925564e-05,0.0,0.0001186623516720604,0.005,0.002430555555555555,0.4891743183237378,0.0,0.4891743183237378,Fishing,Fishing - Purse Seiner
700053151,VESSEL_PHI_001,PH,fishing,0.9951159654800432,purse_seiner,0.9999999715020861,0.0,0.0,1.0787486515641855e-05,0.9951159654800432,0.0025,3.2362459546925564e-05,0.0,0.0001186623516720604,0.0022222222222222222,0.002430555555555555,0.4872848957831535,0.0,0.4872848957831535,Fishing,Fishing - Purse Seiner
700053151,VESSEL_PHI_001,PH,fishing,0.9956715210355989,purse_seiner,0.9999999708897369,0.0,0.0,1.0787486515641855e-05,0.9956715210355989,0.004166666666666667,3.2362459546925564e-05,0.0,0.0001186623516720604,0.0,0.002430555555555555,0.48840283609267665,0.0,0.48840283609267665,Fishing,Fishing - Purse Seiner
700053151,VESSEL_PHI_001,PH,fishing,0.9998381877022655,purse_seiner,0.9999999698157678,0.0,0.0,1.0787486515641855e-05,0.9998381877022655,0.0,3.2362459546925564e-05,0.0,0.0001186623516720604,0.0,0.002430555555555555,0.49061125828687924,0.0,0.49061125828687924,Fishing,Fishing - Purse Seiner
700053151,VESSEL_PHI_001,PH,fishing,0.9998381877022655,purse_seiner,0.9999999698157678,0.0,0.0,1.0787486515641855e-05,0.9998381877022655,0.0,3.2362459546925564e-05,0.0,0.0001186623516720604,0.0,0.002430555555555555,0.49319308843542475,0.0,0.49319308843542475,Fishing,Fishing - Purse Seiner
700053151,VESSEL_PHI_001,PH,fishing,0.9998381877022655,purse_seiner,0.9999999692547089,0.0,0.0,1.0787486515641855e-05,0.9998381877022655,0.0,3.2362459546925564e-05,0.0,0.0001186623516720604,0.0,0.002430555555555555,0.4955685648563145,0.0,0.4955685648563145,Fishing,Fishing - Purse Seiner
700053151,VESSEL_PHI_001,PH,fishing,0.9981715210355988,purse_seiner,0.999999969123515,0.0,0.0,1.0787486515641855e-05,0.9981715210355988,0.0,3.2362459546925564e-05,0.0,0.0001186623516720604,0.0016666666666666668,0.002430555555555555,0.49790327629692777,0.0,0.49790327629692777,Fishing,Fishing - Purse Seiner
700053151,VESSEL_PHI_001,PH,fishing,0.9426794575435351,purse_seiner,0.99999996968656,0.005158730158730159,0.01577777777777778,0.004455231930960086,0.9426794575435351,0.016666666666666666,3.2362459546925564e-05,0.0,0.011896440129449837,0.0033333333333333335,0.002430555555555555,0.5006341678408974,0.0,0.5006341678408974,Fishing,Fishing - Purse Seiner
700053151,VESSEL_PHI_001,PH,transit,0.8940432655262752,purse_seiner,0.9999999675855903,0.0025,0.004722222222222221,0.005010787486515641,0.05160802897210664,0.02013888888888889,3.2362459546925564e-05,0.016944444444444443,0.8940432655262752,0.005,0.002430555555555555,0.0,0.0,0.002430555555555555,Transit,Fishing - Purse Seiner
700053151,VESSEL_PHI_001,PH,transit,1.0,purse_seiner,0.9999999599799072,0.0,0.0,0.0,0.0,0.0,0.0,0.0,1.0,0.0,0.002430555555555555,0.0,0.0,0.002430555555555555,Transit,Fishing - Purse Seiner
700053151,VESSEL_PHI_001,PH,transit,0.9999890350877193,purse_seiner,0.9999999770888258,1.0964912280701754e-05,0.0,0.0,0.0,0.0,0.0,0.0,0.9999890350877193,0.0,0.002430555555555555,0.0,0.0,0.002430555555555555,Transit,Fishing - Purse Seiner
700053151,VESSEL_PHI_001,PH,transit,0.9999890350877193,purse_seiner,0.9999999770888258,1.0964912280701754e-05,0.0,0.0,0.0,0.0,0.0,0.0,0.9999890350877193,0.0,0.002430555555555555,0.0,0.0,0.002430555555555555,Transit,Fishing - Purse Seiner
700053151,VESSEL_PHI_001,PH,transit,1.0,purse_seiner,0.9999999770888258,0.0,0.0,0.0,0.0,0.0,0.0,0.0,1.0,0.0,0.002430555555555555,0.0,0.0,0.002430555555555555,Transit,Fishing - Purse Seiner
700053151,VESSEL_PHI_001,PH,transit,1.0,purse_seiner,0.9999999770888258,0.0,0.0,0.0,0.0,0.0,0.0,0.0,1.0,0.0,0.002430555555555555,0.0,0.0,0.002430555555555555,Transit,Fishing - Purse Seiner
700053151,VESSEL_PHI_001,PH,transit,0.9999890350877193,purse_seiner,0.9999999770888258,1.0964912280701754e-05,0.0,0.0,0.0,0.0,0.0,0.0,0.9999890350877193,0.0,0.002430555555555555,0.0,0.0,0.002430555555555555,Transit,Fishing - Purse Seiner
700053151,VESSEL_PHI_001,PH,transit,1.0,purse_seiner,0.9999999770888258,0.0,0.0,0.0,0.0,0.0,0.0,0.0,1.0,0.0,0.002430555555555555,0.0,0.0,0.002430555555555555,Transit,Fishing - Purse Seiner
700053151,VESSEL_PHI_001,PH,transit,1.0,purse_seiner,0.9999999770888258,0.0,0.0,0.0,0.0,0.0,0.0,0.0,1.0,0.0,0.002430555555555555,0.0,0.0,0.002430555555555555,Transit,Fishing - Purse Seiner
700053151,VESSEL_PHI_001,PH,transit,1.0,purse_seiner,0.9999999770888258,0.0,0.0,0.0,0.0,0.0,0.0,0.0,1.0,0.0,0.002430555555555555,0.0,0.0,0.002430555555555555,Transit,Fishing - Purse Seiner
700053151,VESSEL_PHI_001,PH,transit,1.0,purse_seiner,0.9999999770888258,0.0,0.0,0.0,0.0,0.0,0.0,0.0,1.0,0.0,0.002430555555555555,0.0,0.0,0.002430555555555555,Transit,Fishing - Purse Seiner
700053151,VESSEL_PHI_001,PH,transit,1.0,purse_seiner,0.9999999770888258,0.0,0.0,0.0,0.0,0.0,0.0,0.0,1.0,0.0,0.002430555555555555,0.0,0.0,0.002430555555555555,Transit,Fishing - Purse Seiner
700053151,VESSEL_PHI_001,PH,transit,1.0,purse_seiner,0.9999999770888258,0.0,0.0,0.0,0.0,0.0,0.0,0.0,1.0,0.0,0.002430555555555555,0.0,0.0,0.002430555555555555,Transit,Fishing - Purse Seiner
700053151,VESSEL_PHI_001,PH,transit,0.9999890350877193,purse_seiner,0.9999999770888258,1.0964912280701754e-05,0.0,0.0,0.0,0.0,0.0,0.0,0.9999890350877193,0.0,0.002430555555555555,0.0,0.0,0.002430555555555555,Transit,Fishing - Purse Seiner
700053151,VESSEL_PHI_001,PH,transit,1.0,purse_seiner,0.9999999770888258,0.0,0.0,0.0,0.0,0.0,0.0,0.0,1.0,0.0,0.002430555555555555,0.0,0.0,0.002430555555555555,Transit,Fishing - Purse Seiner
700053151,VESSEL_PHI_001,PH,transit,1.0,purse_seiner,0.9999999770888258,0.0,0.0,0.0,0.0,0.0,0.0,0.0,1.0,0.0,0.002430555555555555,0.0,0.0,0.002430555555555555,Transit,Fishing - Purse Seiner
700053151,VESSEL_PHI_001,PH,transit,1.0,purse_seiner,0.9999999770888258,0.0,0.0,0.0,0.0,0.0,0.0,0.0,1.0,0.0,0.002430555555555555,0.0,0.0,0.002430555555555555,Transit,Fishing - Purse Seiner
700053151,VESSEL_PHI_001,PH,transit,1.0,purse_seiner,0.9999999770888258,0.0,0.0,0.0,0.0,0.0,0.0,0.0,1.0,0.0,0.002430555555555555,0.0,0.0,0.002430555555555555,Transit,Fishing - Purse Seiner
700053151,VESSEL_PHI_001,PH,transit,1.0,purse_seiner,0.9999999770888258,0.0,0.0,0.0,0.0,0.0,0.0,0.0,1.0,0.0,0.002430555555555555,0.0,0.0,0.002430555555555555,Transit,Fishing - Purse Seiner
700053151,VESSEL_PHI_001,PH,transit,0.9999890350877193,purse_seiner,0.9999999751162516,1.0964912280701754e-05,0.0,0.0,0.0,0.0,0.0,0.0,0.9999890350877193,0.0,0.002430555555555555,0.0,0.0,0.002430555555555555,Transit,Fishing - Purse Seiner
700053151,VESSEL_PHI_001,PH,transit,1.0,purse_seiner,0.9999999677888988,0.0,0.0,0.0,0.0,0.0,0.0,0.0,1.0,0.0,0.002430555555555555,0.0,0.0,0.002430555555555555,Transit,Fishing - Purse Seiner
700053151,VESSEL_PHI_001,PH,transit,1.0,purse_seiner,0.9999999684806836,0.0,0.0,0.0,0.0,0.0,0.0,0.0,1.0,0.0,0.002430555555555555,0.0,0.0,0.002430555555555555,Transit,Fishing - Purse Seiner
700053151,VESSEL_PHI_001,PH,transit,1.0,purse_seiner,0.9999999755858172,0.0,0.0,0.0,0.0,0.0,0.0,0.0,1.0,0.0,0.002430555555555555,0.0,0.0,0.002430555555555555,Transit,Fishing - Purse Seiner
700053151,VESSEL_PHI_001,PH,transit,1.0,purse_seiner,0.9999999756835919,0.0,0.0,0.0,0.0,0.0,0.0,0.0,1.0,0.0,0.002430555555555555,0.0,0.0,0.002430555555555555,Transit,Fishing - Purse Seiner
700053151,VESSEL_PHI_001,PH,transit,1.0,purse_seiner,0.9999999811803145,0.0,0.0,0.0,0.0,0.0,0.0,0.0,1.0,0.0,0.002430555555555555,0.0,0.0,0.002430555555555555,Transit,Fishing - Purse Seiner
700053151,VESSEL_PHI_001,PH,transit,1.0,purse_seiner,0.9999999811895265,0.0,0.0,0.0,0.0,0.0,0.0,0.0,1.0,0.0,0.002430555555555555,0.0,0.0,0.002430555555555555,Transit,Fishing - Purse Seiner
700053151,VESSEL_PHI_001,PH,transit,1.0,purse_seiner,0.9999999758043888,0.0,0.0,0.0,0.0,0.0,0.0,0.0,1.0,0.0,0.002430555555555555,0.0,0.0,0.002430555555555555,Transit,Fishing - Purse Seiner
700053151,VESSEL_PHI_001,PH,transit,1.0,purse_seiner,0.9999999751162516,0.0,0.0,0.0,0.0,0.0,0.0,0.0,1.0,0.0,0.002430555555555555,0.0,0.0,0.002430555555555555,Transit,Fishing - Purse Seiner
700053151,VESSEL_PHI_001,PH,transit,1.0,purse_seiner,0.9999999751162516,0.0,0.0,0.0,0.0,0.0,0.0,0.0,1.0,0.0,0.002430555555555555,0.0,0.0,0.002430555555555555,Transit,Fishing - Purse Seiner
700053151,VESSEL_PHI_001,PH,transit,1.0,purse_seiner,0.9999999770888258,0.0,0.0,0.0,0.0,0.0,0.0,0.0,1.0,0.0,0.002430555555555555,0.0,0.0,0.002430555555555555,Transit,Fishing - Purse Seiner
700053151,VESSEL_PHI_001,PH,transit,1.0,purse_seiner,0.9999999811803145,0.0,0.0,0.0,0.0,0.0,0.0,0.0,1.0,0.0,0.002430555555555555,0.0,0.0,0.002430555555555555,Transit,Fishing - Purse Seiner
700053151,VESSEL_PHI_001,PH,transit,1.0,purse_seiner,0.9999999772955147,0.0,0.0,0.0,0.0,0.0,0.0,0.0,1.0,0.0,0.002430555555555555,0.0,0.0,0.002430555555555555,Transit,Fishing - Purse Seiner
700053151,VESSEL_PHI_001,PH,transit,1.0,purse_seiner,0.9999999770888258,0.0,0.0,0.0,0.0,0.0,0.0,0.0,1.0,0.0,0.002430555555555555,0.0,0.0,0.002430555555555555,Transit,Fishing - Purse Seiner
700053151,VESSEL_PHI_001,PH,transit,1.0,purse_seiner,0.9999999770888258,0.0,0.0,0.0,0.0,0.0,0.0,0.0,1.0,0.0,0.002430555555555555,0.0,0.0,0.002430555555555555,Transit,Fishing - Purse Seiner
700053151,VESSEL_PHI_001,PH,transit,0.9999890350877193,purse_seiner,0.9999999770888258,1.0964912280701754e-05,0.0,0.0,0.0,0.0,0.0,0.0,0.9999890350877193,0.0,0.002430555555555555,0.0,0.0,0.002430555555555555,Transit,Fishing - Purse Seiner
700053151,VESSEL_PHI_001,PH,transit,1.0,purse_seiner,0.9999999770888258,0.0,0.0,0.0,0.0,0.0,0.0,0.0,1.0,0.0,0.002430555555555555,0.0,0.0,0.002430555555555555,Transit,Fishing - Purse Seiner
700053151,VESSEL_PHI_001,PH,transit,1.0,purse_seiner,0.9999999770888258,0.0,0.0,0.0,0.0,0.0,0.0,0.0,1.0,0.0,0.002430555555555555,0.0,0.0,0.002430555555555555,Transit,Fishing - Purse Seiner
700053151,VESSEL_PHI_001,PH,transit,1.0,purse_seiner,0.9999999751162516,0.0,0.0,0.0,0.0,0.0,0.0,0.0,1.0,0.0,0.002430555555555555,0.0,0.0,0.002430555555555555,Transit,Fishing - Purse Seiner
700053151,VESSEL_PHI_001,PH,transit,1.0,purse_seiner,0.9999999751162516,0.0,0.0,0.0,0.0,0.0,0.0,0.0,1.0,0.0,0.002430555555555555,0.0,0.0,0.002430555555555555,Transit,Fishing - Purse Seiner
700053151,VESSEL_PHI_001,PH,transit,1.0,purse_seiner,0.9999999770888258,0.0,0.0,0.0,0.0,0.0,0.0,0.0,1.0,0.0,0.002430555555555555,0.0,0.0,0.002430555555555555,Transit,Fishing - Purse Seiner
700053151,VESSEL_PHI_001,PH,transit,1.0,purse_seiner,0.9999999770888258,0.0,0.0,0.0,0.0,0.0,0.0,0.0,1.0,0.0,0.002430555555555555,0.0,0.0,0.002430555555555555,Transit,Fishing - Purse Seiner
700053151,VESSEL_PHI_001,PH,transit,1.0,purse_seiner,0.9999999770888258,0.0,0.0,0.0,0.0,0.0,0.0,0.0,1.0,0.0,0.002430555555555555,0.0,0.0,0.002430555555555555,Transit,Fishing - Purse Seiner
700053151,VESSEL_PHI_001,PH,transit,0.9999890350877193,purse_seiner,0.9999999770888258,1.0964912280701754e-05,0.0,0.0,0.0,0.0,0.0,0.0,0.9999890350877193,0.0,0.002430555555555555,0.0,0.0,0.002430555555555555,Transit,Fishing - Purse Seiner
700053151,VESSEL_PHI_001,PH,transit,1.0,purse_seiner,0.9999999770888258,0.0,0.0,0.0,0.0,0.0,0.0,0.0,1.0,0.0,0.002430555555555555,0.0,0.0,0.002430555555555555,Transit,Fishing - Purse Seiner
700053151,VESSEL_PHI_001,PH,transit,1.0,purse_seiner,0.9999999770888258,0.0,0.0,0.0,0.0,0.0,0.0,0.0,1.0,0.0,0.002430555555555555,0.0,0.0,0.002430555555555555,Transit,Fishing - Purse Seiner
700053151,VESSEL_PHI_001,PH,transit,0.9999890350877193,purse_seiner,0.9999999770888258,1.0964912280701754e-05,0.0,0.0,0.0,0.0,0.0,0.0,0.9999890350877193,0.0,0.002430555555555555,0.0,0.0,0.002430555555555555,Transit,Fishing - Purse Seiner
700053151,VESSEL_PHI_001,PH,transit,0.9969890350877193,purse_seiner,0.9999999770888258,0.0030109649122807016,0.0,0.0,0.0,0.0,0.0,0.0,0.9969890350877193,0.0,0.002430555555555555,0.0,0.0,0.002430555555555555,Transit,Fishing - Purse Seiner
700053151,VESSEL_PHI_001,PH,transit,1.0,purse_seiner,0.9999999770888258,0.0,0.0,0.0,0.0,0.0,0.0,0.0,1.0,0.0,0.002430555555555555,0.0,0.0,0.002430555555555555,Transit,Fishing - Purse Seiner
700053151,VESSEL_PHI_001,PH,transit,0.9999890350877193,purse_seiner,0.9999999770888258,1.0964912280701754e-05,0.0,0.0,0.0,0.0,0.0,0.0,0.9999890350877193,0.0,0.002430555555555555,0.0,0.0,0.002430555555555555,Transit,Fishing - Purse Seiner
700053152,VESSEL_PHI_002,CN,transit,1.0,trawler,0.9999999828909559,0.0,0.0,0.0,0.0,0.0,0.0,0.0,1.0,0.0,0.002430555555555555,0.0,0.0,0.002430555555555555,Transit,Fishing - Trawler
700053152,VESSEL_PHI_002,CN,transit,1.0,trawler,0.9999999827383476,0.0,0.0,0.0,0.0,0.0,0.0,0.0,1.0,0.0,0.002430555555555555,0.0,0.0,0.002430555555555555,Transit,Fishing - Trawler
700053152,VESSEL_PHI_002,CN,transit,1.0,trawler,0.9999999827385576,0.0,0.0,0.0,0.0,0.0,0.0,0.0,1.0,0.0,0.002430555555555555,0.0,0.0,0.002430555555555555,Transit,Fishing - Trawler
700053152,VESSEL_PHI_002,CN,transit,1.0,trawler,0.9999999827383476,0.0,0.0,0.0,0.0,0.0,0.0,0.0,1.0,0.0,0.002430555555555555,0.0,0.0,0.002430555555555555,Transit,Fishing - Trawler
700053152,VESSEL_PHI_002,CN,transit,1.0,trawler,0.9999999827383476,0.0,0.0,0.0,0.0,0.0,0.0,0.0,1.0,0.0,0.002430555555555555,0.0,0.0,0.002430555555555555,Transit,Fishing - Trawler
700053152,VESSEL_PHI_002,CN,transit,0.9999890350877193,trawler,0.9999999827385576,1.0964912280701754e-05,0.0,0.0,0.0,0.0,0.0,0.0,0.9999890350877193,0.0,0.002430555555555555,0.0,0.0,0.002430555555555555,Transit,Fishing - Trawler
700053152,VESSEL_PHI_002,CN,transit,0.9999890350877193,trawler,0.9999999827385576,1.0964912280701754e-05,0.0,0.0,0.0,0.0,0.0,0.0,0.9999890350877193,0.0,0.002430555555555555,0.0,0.0,0.002430555555555555,Transit,Fishing - Trawler
700053152,VESSEL_PHI_002,CN,transit,1.0,trawler,0.9999999827383476,0.0,0.0,0.0,0.0,0.0,0.0,0.0,1.0,0.0,0.002430555555555555,0.0,0.0,0.002430555555555555,Transit,Fishing - Trawler
700053152,VESSEL_PHI_002,CN,transit,1.0,trawler,0.9999999827383476,0.0,0.0,0.0,0.0,0.0,0.0,0.0,1.0,0.0,0.002430555555555555,0.0,0.0,0.002430555555555555,Transit,Fishing - Trawler
700053152,VESSEL_PHI_002,CN,transit,0.9999890350877193,trawler,0.9999999827385576,1.0964912280701754e-05,0.0,0.0,0.0,0.0,0.0,0.0,0.9999890350877193,0.0,0.002430555555555555,0.0,0.0,0.002430555555555555,Transit,Fishing - Trawler
700053152,VESSEL_PHI_002,CN,transit,0.9999890350877193,trawler,0.9999999827385576,1.0964912280701754e-05,0.0,0.0,0.0,0.0,0.0,0.0,0.9999890350877193,0.0,0.002430555555555555,0.0,0.0,0.002430555555555555,Transit,Fishing - Trawler
700053152,VESSEL_PHI_002,CN,fishing,0.9392222222222222,trawler,0.9999999826839764,0.0,0.0,0.0016666666666666668,0.9392222222222222,0.0022222222222222222,0.004166666666666667,0.0,0.05272222222222222,0.0,0.002430555555555555,0.4014940520484134,0.0,0.4014940520484134,Fishing,Fishing - Trawler
700053152,VESSEL_PHI_002,CN,fishing,0.9881715210355988,trawler,0.9999999826378071,0.0,0.0,1.0787486515641855e-05,0.9881715210355988,0.0,3.2362459546925564e-05,0.0,0.011785329018338727,0.0,0.002430555555555555,0.40264721682073823,0.0,0.40264721682073823,Fishing,Fishing - Trawler
700053152,VESSEL_PHI_002,CN,fishing,0.9970604099244877,trawler,0.9999999825919607,0.0,0.0,1.0787486515641855e-05,0.9970604099244877,0.0,0.0016990291262135922,0.0,0.0012297734627831716,0.0,0.002430555555555555,0.4013402462655477,0.0,0.4013402462655477,Fishing,Fishing - Trawler
700053152,VESSEL_PHI_002,CN,fishing,0.9998381877022655,trawler,0.9999999825919607,0.0,0.0,1.0787486515641855e-05,0.9998381877022655,0.0,3.2362459546925564e-05,0.0,0.0001186623516720604,0.0,0.002430555555555555,0.4014968074376174,0.0,0.4014968074376174,Fishing,Fishing - Trawler
700053152,VESSEL_PHI_002,CN,fishing,0.9998381877022655,trawler,0.9999999821692581,0.0,0.0,1.0787486515641855e-05,0.9998381877022655,0.0,3.2362459546925564e-05,0.0,0.0001186623516720604,0.0,0.002430555555555555,0.402542735463404,0.0,0.402542735463404,Fishing,Fishing - Trawler
700053152,VESSEL_PHI_002,CN,fishing,0.9998381877022655,trawler,0.9999999825919607,0.0,0.0,1.0787486515641855e-05,0.9998381877022655,0.0,3.2362459546925564e-05,0.0,0.0001186623516720604,0.0,0.002430555555555555,0.4018085018751172,0.0,0.4018085018751172,Fishing,Fishing - Trawler
700053152,VESSEL_PHI_002,CN,fishing,0.9998381877022655,trawler,0.9999999825919607,0.0,0.0,1.0787486515641855e-05,0.9998381877022655,0.0,3.2362459546925564e-05,0.0,0.0001186623516720604,0.0,0.002430555555555555,0.4002506352815455,0.0,0.4002506352815455,Fishing,Fishing - Trawler
700053152,VESSEL_PHI_002,CN,fishing,0.9998381877022655,trawler,0.9999999825919607,0.0,0.0,1.0787486515641855e-05,0.9998381877022655,0.0,3.2362459546925564e-05,0.0,0.0001186623516720604,0.0,0.002430555555555555,0.4013986718000966,0.0,0.4013986718000966,Fishing,Fishing - Trawler
700053152,VESSEL_PHI_002,CN,fishing,0.9998381877022655,trawler,0.9999999825919607,0.0,0.0,1.0787486515641855e-05,0.9998381877022655,0.0,3.2362459546925564e-05,0.0,0.0001186623516720604,0.0,0.002430555555555555,0.40442811984960314,0.0,0.40442811984960314,Fishing,Fishing - Trawler
700053152,VESSEL_PHI_002,CN,fishing,0.9998381877022655,trawler,0.9999999809466803,0.0,0.0,1.0787486515641855e-05,0.9998381877022655,0.0,3.2362459546925564e-05,0.0,0.0001186623516720604,0.0,0.002430555555555555,0.4063410192093438,0.0,0.4063410192093438,Fishing,Fishing - Trawler
700053152,VESSEL_PHI_002,CN,fishing,0.9948381877022655,trawler,0.9999999825919607,0.0,0.0,1.0787486515641855e-05,0.9948381877022655,0.0008333333333333334,3.2362459546925564e-05,0.0,0.0017853290183387272,0.0025,0.002430555555555555,0.40819851042668387,0.0,0.40819851042668387,Fishing,Fishing - Trawler
700053152,VESSEL_PHI_002,CN,fishing,0.9998381877022655,trawler,0.9999999825919607,0.0,0.0,1.0787486515641855e-05,0.9998381877022655,0.0,3.2362459546925564e-05,0.0,0.0001186623516720604,0.0,0.002430555555555555,0.4114882339084658,0.0,0.4114882339084658,Fishing,Fishing - Trawler
700053152,VESSEL_PHI_002,CN,fishing,0.9998381877022655,trawler,0.9999999809466803,0.0,0.0,1.0787486515641855e-05,0.9998381877022655,0.0,3.2362459546925564e-05,0.0,0.0001186623516720604,0.0,0.002430555555555555,0.41455727946133153,0.0,0.41455727946133153,Fishing,Fishing - Trawler
700053152,VESSEL_PHI_002,CN,fishing,0.9998381877022655,trawler,0.9999999813801245,0.0,0.0,1.0787486515641855e-05,0.9998381877022655,0.0,3.2362459546925564e-05,0.0,0.0001186623516720604,0.0,0.002430555555555555,0.4152978070412188,0.0,0.4152978070412188,Fishing,Fishing - Trawler
700053152,VESSEL_PHI_002,CN,fishing,0.9998381877022655,trawler,0.9999999827382854,0.0,0.0,1.0787486515641855e-05,0.9998381877022655,0.0,3.2362459546925564e-05,0.0,0.0001186623516720604,0.0,0.002430555555555555,0.4133854280149435,0.0,0.4133854280149435,Fishing,Fishing - Trawler
700053152,VESSEL_PHI_002,CN,fishing,0.9998381877022655,trawler,0.9999999825919607,0.0,0.0,1.0787486515641855e-05,0.9998381877022655,0.0,3.2362459546925564e-05,0.0,0.0001186623516720604,0.0,0.002430555555555555,0.41046753112379,0.0,0.41046753112379,Fishing,Fishing - Trawler
700053152,VESSEL_PHI_002,CN,fishing,0.9998381877022655,trawler,0.9999999825919607,0.0,0.0,1.0787486515641855e-05,0.9998381877022655,0.0,3.2362459546925564e-05,0.0,0.0001186623516720604,0.0,0.002430555555555555,0.40965691180540953,0.0,0.40965691180540953,Fishing,Fishing - Trawler
700053152,VESSEL_PHI_002,CN,fishing,0.9998381877022655,trawler,0.9999999825919607,0.0,0.0,1.0787486515641855e-05,0.9998381877022655,0.0,3.2362459546925564e-05,0.0,0.0001186623516720604,0.0,0.002430555555555555,0.41182391360092335,0.0,0.41182391360092335,Fishing,Fishing - Trawler
700053152,VESSEL_PHI_002,CN,fishing,0.9998381877022655,trawler,0.9999999809466803,0.0,0.0,1.0787486515641855e-05,0.9998381877022655,0.0,3.2362459546925564e-05,0.0,0.0001186623516720604,0.0,0.002430555555555555,0.41420574714571723,0.0,0.41420574714571723,Fishing,Fishing - Trawler
700053152,VESSEL_PHI_002,CN,fishing,0.9981715210355988,trawler,0.9999999825919607,0.0,0.0,1.0787486515641855e-05,0.9981715210355988,0.0016666666666666668,3.2362459546925564e-05,0.0,0.0001186623516720604,0.0,0.002430555555555555,0.41540924525484807,0.0,0.41540924525484807,Fishing,Fishing - Trawler
700053152,VESSEL_PHI_002,CN,fishing,0.9998381877022655,trawler,0.9999999825919607,0.0,0.0,1.0787486515641855e-05,0.9998381877022655,0.0,3.2362459546925564e-05,0.0,0.0001186623516720604,0.0,0.002430555555555555,0.416562797402655,0.0,0.416562797402655,Fishing,Fishing - Trawler
700053152,VESSEL_PHI_002,CN,fishing,0.9998381877022655,trawler,0.9999999825919607,0.0,0.0,1.0787486515641855e-05,0.9998381877022655,0.0,3.2362459546925564e-05,0.0,0.0001186623516720604,0.0,0.002430555555555555,0.4177189533997659,0.0,0.4177189533997659,Fishing,Fishing - Trawler
700053152,VESSEL_PHI_002,CN,fishing,0.9998381877022655,trawler,0.9999999825919607,0.0,0.0,1.0787486515641855e-05,0.9998381877022655,0.0,3.2362459546925564e-05,0.0,0.0001186623516720604,0.0,0.002430555555555555,0.41886173352944844,0.0,0.41886173352944844,Fishing,Fishing - Trawler
700053152,VESSEL_PHI_002,CN,fishing,0.9981715210355988,trawler,0.9999999821692581,0.0,0.0,1.0787486515641855e-05,0.9981715210355988,0.0016666666666666668,3.2362459546925564e-05,0.0,0.0001186623516720604,0.0,0.002430555555555555,0.42114527853933315,0.0,0.42114527853933315,Fishing,Fishing - Trawler
700053152,VESSEL_PHI_002,CN,fishing,0.9976159654800432,trawler,0.9999999825919607,0.0,0.0,1.0787486515641855e-05,0.9976159654800432,0.0022222222222222222,3.2362459546925564e-05,0.0,0.0001186623516720604,0.0,0.002430555555555555,0.4238143751399312,0.0,0.4238143751399312,Fishing,Fishing - Trawler
700053152,VESSEL_PHI_002,CN,transit,0.9475075512405609,trawler,0.9999999826839764,0.0,0.0,1.0787486515641855e-05,0.03272707659115426,0.0,0.008921251348435815,0.010833333333333334,0.9475075512405609,0.0,0.002430555555555555,0.0,0.0,0.002430555555555555,Transit,Fishing - Trawler
700053152,VESSEL_PHI_002,CN,transit,0.9983006535947713,trawler,0.9999999827580811,3.26797385620915e-05,0.0,0.0,0.0,0.0,0.0016666666666666668,0.0,0.9983006535947713,0.0,0.002430555555555555,0.0,0.0,0.002430555555555555,Transit,Fishing - Trawler
700053152,VESSEL_PHI_002,CN,transit,1.0,trawler,0.9999999827383476,0.0,0.0,0.0,0.0,0.0,0.0,0.0,1.0,0.0,0.002430555555555555,0.0,0.0,0.002430555555555555,Transit,Fishing - Trawler
700053152,VESSEL_PHI_002,CN,transit,1.0,trawler,0.9999999827383476,0.0,0.0,0.0,0.0,0.0,0.0,0.0,1.0,0.0,0.002430555555555555,0.0,0.0,0.002430555555555555,Transit,Fishing - Trawler
700053152,VESSEL_PHI_002,CN,transit,0.8557063492063491,trawler,0.9999999826414806,0.0,0.0,0.0,0.10744444444444445,0.009682539682539681,0.024166666666666666,0.0,0.8557063492063491,0.003,0.002430555555555555,0.0,0.0,0.002430555555555555,Transit,Fishing - Trawler
700053152,VESSEL_PHI_002,CN,fishing,0.9741111111111109,trawler,0.9999999826378071,0.0,0.0,0.0,0.9741111111111109,0.0022222222222222222,0.002777777777777778,0.0,0.020888888888888887,0.0,0.002430555555555555,0.44964578439206937,0.0,0.44964578439206937,Fishing,Fishing - Trawler
700053152,VESSEL_PHI_002,CN,fishing,0.9998381877022655,trawler,0.9999999825919607,0.0,0.0,1.0787486515641855e-05,0.9998381877022655,0.0,3.2362459546925564e-05,0.0,0.0001186623516720604,0.0,0.002430555555555555,0.451925526963251,0.0,0.451925526963251,Fishing,Fishing - Trawler
700053152,VESSEL_PHI_002,CN,fishing,0.9998381877022655,trawler,0.9999999809466803,0.0,0.0,1.0787486515641855e-05,0.9998381877022655,0.0,3.2362459546925564e-05,0.0,0.0001186623516720604,0.0,0.002430555555555555,0.454618867290213,0.0,0.454618867290213,Fishing,Fishing - Trawler
700053152,VESSEL_PHI_002,CN,fishing,0.9998381877022655,trawler,0.9999999813355472,0.0,0.0,1.0787486515641855e-05,0.9998381877022655,0.0,3.2362459546925564e-05,0.0,0.0001186623516720604,0.0,0.002430555555555555,0.4569026492682229,0.0,0.4569026492682229,Fishing,Fishing - Trawler
700053152,VESSEL_PHI_002,CN,fishing,0.9998381877022655,trawler,0.9999999814454698,0.0,0.0,1.0787486515641855e-05,0.9998381877022655,0.0,3.2362459546925564e-05,0.0,0.0001186623516720604,0.0,0.002430555555555555,0.4588359712276337,0.0,0.4588359712276337,Fishing,Fishing - Trawler
700053152,VESSEL_PHI_002,CN,fishing,0.9909492988133766,trawler,0.9999999814454176,0.0,0.0,1.0787486515641855e-05,0.9909492988133766,0.008888888888888889,3.2362459546925564e-05,0.0,0.0001186623516720604,0.0,0.002430555555555555,0.45949795413489414,0.0,0.45949795413489414,Fishing,Fishing - Trawler
700053152,VESSEL_PHI_002,CN,fishing,0.9981715210355988,trawler,0.999999981201049,0.0,0.0,1.0787486515641855e-05,0.9981715210355988,0.0016666666666666668,3.2362459546925564e-05,0.0,0.0001186623516720604,0.0,0.002430555555555555,0.45844115428868737,0.0,0.45844115428868737,Fishing,Fishing - Trawler
700053152,VESSEL_PHI_002,CN,fishing,0.9998381877022655,trawler,0.9999999825919607,0.0,0.0,1.0787486515641855e-05,0.9998381877022655,0.0,3.2362459546925564e-05,0.0,0.0001186623516720604,0.0,0.002430555555555555,0.4570761586516696,0.0,0.4570761586516696,Fishing,Fishing - Trawler
700053152,VESSEL_PHI_002,CN,fishing,0.9998381877022655,trawler,0.9999999809466803,0.0,0.0,1.0787486515641855e-05,0.9998381877022655,0.0,3.2362459546925564e-05,0.0,0.0001186623516720604,0.0,0.002430555555555555,0.4552678347846297,0.0,0.4552678347846297,Fishing,Fishing - Trawler
700053152,VESSEL_PHI_002,CN,fishing,0.7842588226229004,trawler,0.9999999826839764,0.0,0.0038888888888888883,0.0033441208198489755,0.7842588226229004,0.007777777777777777,0.0016990291262135922,0.0038888888888888883,0.19514247187548156,0.0,0.002430555555555555,0.45245017435110313,0.0,0.45245017435110313,Fishing,Fishing - Trawler
700053152,VESSEL_PHI_002,CN,transit,0.9741111111111111,trawler,0.99999998047944,0.0,0.0,0.0,0.0044444444444444444,0.0,0.0,0.021444444444444443,0.9741111111111111,0.0,0.002430555555555555,0.0,0.0,0.002430555555555555,Transit,Fishing - Trawler
700053152,VESSEL_PHI_002,CN,transit,0.9974673202614379,trawler,0.9999999827713969,3.26797385620915e-05,0.0,0.0,0.0,0.0,0.0025,0.0,0.9974673202614379,0.0,0.002430555555555555,0.0,0.0,0.002430555555555555,Transit,Fishing - Trawler
700053152,VESSEL_PHI_002,CN,transit,0.999967320261438,trawler,0.9999999827385576,3.26797385620915e-05,0.0,0.0,0.0,0.0,0.0,0.0,0.999967320261438,0.0,0.002430555555555555,0.0,0.0,0.002430555555555555,Transit,Fishing - Trawler
700053152,VESSEL_PHI_002,CN,transit,1.0,trawler,0.9999999827383476,0.0,0.0,0.0,0.0,0.0,0.0,0.0,1.0,0.0,0.002430555555555555,0.0,0.0,0.002430555555555555,Transit,Fishing - Trawler
700053152,VESSEL_PHI_002,CN,transit,1.0,trawler,0.9999999827383476,0.0,0.0,0.0,0.0,0.0,0.0,0.0,1.0,0.0,0.002430555555555555,0.0,0.0,0.002430555555555555,Transit,Fishing - Trawler
700053152,VESSEL_PHI_002,CN,transit,0.9988562091503269,trawler,0.9999999827383476,3.26797385620915e-05,0.0,0.0,0.0,0.0,0.0011111111111111111,0.0,0.9988562091503269,0.0,0.002430555555555555,0.0,0.0,0.002430555555555555,Transit,Fishing - Trawler
700053152,VESSEL_PHI_002,CN,transit,1.0,trawler,0.9999999827383476,0.0,0.0,0.0,0.0,0.0,0.0,0.0,1.0,0.0,0.002430555555555555,0.0,0.0,0.002430555555555555,Transit,Fishing - Trawler
700053152,VESSEL_PHI_002,CN,transit,0.9999890350877193,trawler,0.9999999827385576,1.0964912280701754e-05,0.0,0.0,0.0,0.0,0.0,0.0,0.9999890350877193,0.0,0.002430555555555555,0.0,0.0,0.002430555555555555,Transit,Fishing - Trawler
700053152,VESSEL_PHI_002,CN,transit,1.0,trawler,0.9999999827383476,0.0,0.0,0.0,0.0,0.0,0.0,0.0,1.0,0.0,0.002430555555555555,0.0,0.0,0.002430555555555555,Transit,Fishing - Trawler
700053152,VESSEL_PHI_002,CN,transit,0.9988888888888889,trawler,0.9999999827385576,0.0,0.0,0.0,0.0,0.0,0.0011111111111111111,0.0,0.9988888888888889,0.0,0.002430555555555555,0.0,0.0,0.002430555555555555,Transit,Fishing - Trawler
700053152,VESSEL_PHI_002,CN,transit,0.9999890350877193,trawler,0.9999999827385576,1.0964912280701754e-05,0.0,0.0,0.0,0.0,0.0,0.0,0.9999890350877193,0.0,0.002430555555555555,0.0,0.0,0.002430555555555555,Transit,Fishing - Trawler
700053152,VESSEL_PHI_002,CN,transit,1.0,trawler,0.9999999827383476,0.0,0.0,0.0,0.0,0.0,0.0,0.0,1.0,0.0,0.002430555555555555,0.0,0.0,0.002430555555555555,Transit,Fishing - Trawler
700053152,VESSEL_PHI_002,CN,transit,1.0,trawler,0.9999999827383476,0.0,0.0,0.0,0.0,0.0,0.0,0.0,1.0,0.0,0.002430555555555555,0.0,0.0,0.002430555555555555,Transit,Fishing - Trawler
700053152,VESSEL_PHI_002,CN,transit,1.0,trawler,0.9999999827385576,0.0,0.0,0.0,0.0,0.0,0.0,0.0,1.0,0.0,0.002430555555555555,0.0,0.0,0.002430555555555555,Transit,Fishing - Trawler
700053152,VESSEL_PHI_002,CN,transit,1.0,trawler,0.9999999827383476,0.0,0.0,0.0,0.0,0.0,0.0,0.0,1.0,0.0,0.002430555555555555,0.0,0.0,0.002430555555555555,Transit,Fishing - Trawler
700053152,VESSEL_PHI_002,CN,transit,1.0,trawler,0.9999999838265494,0.0,0.0,0.0,0.0,0.0,0.0,0.0,1.0,0.0,0.002430555555555555,0.0,0.0,0.002430555555555555,Transit,Fishing - Trawler
700053152,VESSEL_PHI_002,CN,transit,1.0,trawler,0.9999999838265494,0.0,0.0,0.0,0.0,0.0,0.0,0.0,1.0,0.0,0.002430555555555555,0.0,0.0,0.002430555555555555,Transit,Fishing - Trawler
700053152,VESSEL_PHI_002,CN,transit,1.0,trawler,0.9999999838263527,0.0,0.0,0.0,0.0,0.0,0.0,0.0,1.0,0.0,0.002430555555555555,0.0,0.0,0.002430555555555555,Transit,Fishing - Trawler
700053152,VESSEL_PHI_002,CN,transit,1.0,trawler,0.9999999827385576,0.0,0.0,0.0,0.0,0.0,0.0,0.0,1.0,0.0,0.002430555555555555,0.0,0.0,0.002430555555555555,Transit,Fishing - Trawler
700053152,VESSEL_PHI_002,CN,transit,0.999967320261438,trawler,0.9999999827383476,3.26797385620915e-05,0.0,0.0,0.0,0.0,0.0,0.0,0.999967320261438,0.0,0.002430555555555555,0.0,0.0,0.002430555555555555,Transit,Fishing - Trawler
700053152,VESSEL_PHI_002,CN,transit,0.999967320261438,trawler,0.9999999827385576,3.26797385620915e-05,0.0,0.0,0.0,0.0,0.0,0.0,0.999967320261438,0.0,0.002430555555555555,0.0,0.0,0.002430555555555555,Transit,Fishing - Trawler
700053152,VESSEL_PHI_002,CN,transit,0.999967320261438,trawler,0.9999999827383476,3.26797385620915e-05,0.0,0.0,0.0,0.0,0.0,0.0,0.999967320261438,0.0,0.002430555555555555,0.0,0.0,0.002430555555555555,Transit,Fishing - Trawler
700053152,VESSEL_PHI_002,CN,transit,0.9910784313725491,trawler,0.9999999827383476,3.26797385620915e-05,0.0,0.0,0.0,0.0,0.008888888888888889,0.0,0.9910784313725491,0.0,0.002430555555555555,0.0,0.0,0.002430555555555555,Transit,Fishing - Trawler
700053152,VESSEL_PHI_002,CN,transit,0.9983333333333333,trawler,0.9999999827383476,0.0,0.0,0.0,0.0016666666666666668,0.0,0.0,0.0,0.9983333333333333,0.0,0.002430555555555555,0.0,0.0,0.002430555555555555,Transit,Fishing - Trawler
700053152,VESSEL_PHI_002,CN,transit,1.0,trawler,0.9999999827385576,0.0,0.0,0.0,0.0,0.0,0.0,0.0,1.0,0.0,0.002430555555555555,0.0,0.0,0.002430555555555555,Transit,Fishing - Trawler
700053152,VESSEL_PHI_002,CN,transit,0.9999890350877193,trawler,0.9999999827385576,1.0964912280701754e-05,0.0,0.0,0.0,0.0,0.0,0.0,0.9999890350877193,0.0,0.002430555555555555,0.0,0.0,0.002430555555555555,Transit,Fishing - Trawler
700053152,VESSEL_PHI_002,CN,transit,1.0,trawler,0.9999999827385576,0.0,0.0,0.0,0.0,0.0,0.0,0.0,1.0,0.0,0.002430555555555555,0.0,0.0,0.002430555555555555,Transit,Fishing - Trawler
700053152,VESSEL_PHI_002,CN,transit,0.9988888888888887,trawler,0.9999999827385576,0.0,0.0,0.0,0.0,0.0,0.0011111111111111111,0.0,0.9988888888888887,0.0,0.002430555555555555,0.0,0.0,0.002430555555555555,Transit,Fishing - Trawler
700053152,VESSEL_PHI_002,CN,transit,0.9999890350877193,trawler,0.9999999827385576,1.0964912280701754e-05,0.0,0.0,0.0,0.0,0.0,0.0,0.9999890350877193,0.0,0.002430555555555555,0.0,0.0,0.002430555555555555,Transit,Fishing - Trawler
700053152,VESSEL_PHI_002,CN,transit,0.9977777777777779,trawler,0.9999999827385576,0.0,0.0,0.0,0.0,0.0,0.0022222222222222222,0.0,0.9977777777777779,0.0,0.002430555555555555,0.0,0.0,0.002430555555555555,Transit,Fishing - Trawler
700053152,VESSEL_PHI_002,CN,transit,0.9983006535947713,trawler,0.9999999827383476,0.0016993464052287581,0.0,0.0,0.0,0.0,0.0,0.0,0.9983006535947713,0.0,0.002430555555555555,0.0,0.0,0.002430555555555555,Transit,Fishing - Trawler
700053152,VESSEL_PHI_002,CN,transit,0.9999890350877193,trawler,0.9999999827385576,1.0964912280701754e-05,0.0,0.0,0.0,0.0,0.0,0.0,0.9999890350877193,0.0,0.002430555555555555,0.0,0.0,0.002430555555555555,Transit,Fishing - Trawler
700053152,VESSEL_PHI_002,CN,transit,0.999967320261438,trawler,0.9999999827383476,3.26797385620915e-05,0.0,0.0,0.0,0.0,0.0,0.0,0.999967320261438,0.0,0.002430555555555555,0.0,0.0,0.002430555555555555,Transit,Fishing - Trawler
700053152,VESSEL_PHI_002,CN,transit,1.0,trawler,0.9999999827383476,0.0,0.0,0.0,0.0,0.0,0.0,0.0,1.0,0.0,0.002430555555555555,0.0,0.0,0.002430555555555555,Transit,Fishing - Trawler
700053153,VESSEL_PHI_003,SG,transit,1.0,longliner,0.7147003753278812,0.0,0.0,0.0,0.0,0.0,0.0,0.0,1.0,0.0,0.002430555555555555,0.0,0.0,0.002430555555555555,Transit,Fishing - Longliner
700053153,VESSEL_PHI_003,SG,transit,1.0,trawler,0.5603955894403707,0.0,0.0,0.0,0.0,0.0,0.0,0.0,1.0,0.0,0.002430555555555555,0.0,0.0,0.002430555555555555,Transit,Fishing - Trawler
700053153,VESSEL_PHI_003,SG,transit,1.0,trawler,0.5603801755872301,0.0,0.0,0.0,0.0,0.0,0.0,0.0,1.0,0.0,0.002430555555555555,0.0,0.0,0.002430555555555555,Transit,Fishing - Trawler
700053153,VESSEL_PHI_003,SG,transit,1.0,trawler,0.5603801755870188,0.0,0.0,0.0,0.0,0.0,0.0,0.0,1.0,0.0,0.002430555555555555,0.0,0.0,0.002430555555555555,Transit,Fishing - Trawler
700053153,VESSEL_PHI_003,SG,transit,1.0,longliner,0.7147003806114637,0.0,0.0,0.0,0.0,0.0,0.0,0.0,1.0,0.0,0.002430555555555555,0.0,0.0,0.002430555555555555,Transit,Fishing - Longliner
700053153,VESSEL_PHI_003,SG,transit,1.0,longliner,0.7147003806114637,0.0,0.0,0.0,0.0,0.0,0.0,0.0,1.0,0.0,0.002430555555555555,0.0,0.0,0.002430555555555555,Transit,Fishing - Longliner
700053153,VESSEL_PHI_003,SG,transit,1.0,trawler,0.5603801755872301,0.0,0.0,0.0,0.0,0.0,0.0,0.0,1.0,0.0,0.002430555555555555,0.0,0.0,0.002430555555555555,Transit,Fishing - Trawler
700053153,VESSEL_PHI_003,SG,fishing,0.7293888888888889,trawler,0.524001300017351,0.0,0.0,0.0016666666666666668,0.7293888888888889,0.023777777777777776,0.016,0.0,0.21305555555555558,0.016111111111111114,0.002430555555555555,0.37844122821069237,0.0,0.37844122821069237,Fishing,Fishing - Trawler
700053153,VESSEL_PHI_003,SG,fishing,0.9784016797657576,trawler,0.524001300017351,0.0,0.0,1.0787486515641855e-05,0.9784016797657576,0.0011111111111111111,0.003365695792880259,0.0,0.01711072584373555,0.0,0.002430555555555555,0.374848404466537,0.0,0.374848404466537,Fishing,Fishing - Trawler
700053153,VESSEL_PHI_003,SG,fishing,0.9773381877022654,trawler,0.5705904212090261,0.0,0.0,0.005010787486515642,0.9773381877022654,0.015,3.2362459546925564e-05,0.0,0.0026186623516720603,0.0,0.002430555555555555,0.3759177104724004,0.0,0.3759177104724004,Fishing,Fishing - Trawler
700053153,VESSEL_PHI_003,SG,fishing,0.9591111111111111,longliner,0.7147979515617398,0.0,0.0,0.0033333333333333335,0.9591111111111111,0.027555555555555552,0.0,0.0,0.0,0.01,0.002430555555555555,0.37585824521640554,0.0,0.37585824521640554,Fishing,Fishing - Longliner
700053153,VESSEL_PHI_003,SG,fishing,0.97,longliner,0.7147979515617398,0.0,0.0,0.0033333333333333335,0.97,0.016666666666666666,0.0,0.0,0.0,0.01,0.002430555555555555,0.37472897709455083,0.0,0.37472897709455083,Fishing,Fishing - Longliner
700053153,VESSEL_PHI_003,SG,fishing,0.9671428571428571,longliner,0.7147979515617398,0.0,0.0,0.0,0.9671428571428571,0.022857142857142857,0.0,0.0,0.0,0.01,0.002430555555555555,0.37427423491716383,0.0,0.37427423491716383,Fishing,Fishing - Longliner
700053153,VESSEL_PHI_003,SG,fishing,0.9691111111111111,longliner,0.7147979515617398,0.0,0.0,0.0033333333333333335,0.9691111111111111,0.017555555555555557,0.0,0.0,0.0,0.01,0.002430555555555555,0.3750643675899338,0.0,0.3750643675899338,Fishing,Fishing - Longliner
700053153,VESSEL_PHI_003,SG,fishing,0.9766666666666667,longliner,0.7140074800554764,0.0,0.0,0.0033333333333333335,0.9766666666666667,0.01,0.0,0.0,0.0,0.01,0.002430555555555555,0.37609556831724833,0.0,0.37609556831724833,Fishing,Fishing - Longliner
700053153,VESSEL_PHI_003,SG,fishing,0.9733333333333334,longliner,0.7147979515608652,0.0,0.0,0.0033333333333333335,0.9733333333333334,0.013333333333333334,0.0,0.0,0.0,0.01,0.002430555555555555,0.37604888591418695,0.0,0.37604888591418695,Fishing,Fishing - Longliner
700053153,VESSEL_PHI_003,SG,fishing,0.9564444444444444,longliner,0.7147979515617398,0.0,0.0,0.0033333333333333335,0.9564444444444444,0.024666666666666667,0.0,0.0,0.005555555555555555,0.01,0.002430555555555555,0.3753801187080517,0.0,0.3753801187080517,Fishing,Fishing - Longliner
700053153,VESSEL_PHI_003,SG,fishing,0.9591111111111111,longliner,0.7147979515617398,0.0,0.0,0.0033333333333333335,0.9591111111111111,0.027555555555555552,0.0,0.0,0.0,0.01,0.002430555555555555,0.3752345388419459,0.0,0.3752345388419459,Fishing,Fishing - Longliner
700053153,VESSEL_PHI_003,SG,fishing,0.9657777777777778,longliner,0.7147979515617398,0.0,0.0,0.0033333333333333335,0.9657777777777778,0.020888888888888887,0.0,0.0,0.0,0.01,0.002430555555555555,0.37598849558632497,0.0,0.37598849558632497,Fishing,Fishing - Longliner
700053153,VESSEL_PHI_003,SG,fishing,0.9733333333333334,longliner,0.7147979515608652,0.0,0.0,0.0033333333333333335,0.9733333333333334,0.013333333333333334,0.0,0.0,0.0,0.01,0.002430555555555555,0.3772248471711007,0.0,0.3772248471711007,Fishing,Fishing - Longliner
700053153,VESSEL_PHI_003,SG,fishing,0.9733333333333334,longliner,0.7147979515617398,0.0,0.0,0.0033333333333333335,0.9733333333333334,0.016666666666666666,0.0,0.0,0.0,0.006666666666666667,0.002430555555555555,0.37892324988086384,0.0,0.37892324988086384,Fishing,Fishing - Longliner
700053153,VESSEL_PHI_003,SG,fishing,0.9583333333333334,longliner,0.7147979515617398,0.0016666666666666668,0.0011111111111111111,0.005555555555555555,0.9583333333333334,0.023333333333333334,0.0,0.0,0.0,0.01,0.002430555555555555,0.38067587029466277,0.0,0.38067587029466277,Fishing,Fishing - Longliner
700053153,VESSEL_PHI_003,SG,fishing,0.9666666666666667,longliner,0.7147979515617398,0.0,0.0,0.0,0.9666666666666667,0.023333333333333334,0.0,0.0,0.0,0.01,0.002430555555555555,0.38165892347429975,0.0,0.38165892347429975,Fishing,Fishing - Longliner
700053153,VESSEL_PHI_003,SG,fishing,0.9671428571428571,longliner,0.7147979515617398,0.0,0.0,0.0033333333333333335,0.9671428571428571,0.019523809523809527,0.0,0.0,0.0,0.01,0.002430555555555555,0.3822157051281316,0.0,0.3822157051281316,Fishing,Fishing - Longliner
700053153,VESSEL_PHI_003,SG,fishing,0.96,longliner,0.7147979515617398,0.0,0.0,0.0033333333333333335,0.96,0.02666666666666667,0.0,0.0,0.0,0.01,0.002430555555555555,0.38277129417090217,0.0,0.38277129417090217,Fishing,Fishing - Longliner
700053153,VESSEL_PHI_003,SG,fishing,0.95,longliner,0.7147979515617398,0.0,0.0,0.0033333333333333335,0.95,0.04,0.0,0.0,0.0,0.006666666666666667,0.002430555555555555,0.38315769398869426,0.0,0.38315769398869426,Fishing,Fishing - Longliner
700053153,VESSEL_PHI_003,SG,fishing,0.965,longliner,0.7147979515617398,0.0,0.0,0.0033333333333333335,0.965,0.025,0.0,0.0,0.0,0.006666666666666667,0.002430555555555555,0.38300725249078155,0.0,0.38300725249078155,Fishing,Fishing - Longliner
700053153,VESSEL_PHI_003,SG,fishing,0.9666666666666667,longliner,0.7147979515617398,0.0,0.0,0.0033333333333333335,0.9666666666666667,0.02,0.0,0.0033333333333333335,0.0,0.006666666666666667,0.002430555555555555,0.3823443466215275,0.0,0.3823443466215275,Fishing,Fishing - Longliner
700053153,VESSEL_PHI_003,SG,fishing,0.9477777777777779,longliner,0.7147979515617398,0.0016666666666666668,0.0,0.005555555555555555,0.9477777777777779,0.035833333333333335,0.0,0.0,0.0,0.009166666666666667,0.002430555555555555,0.38219373270593093,0.0,0.38219373270593093,Fishing,Fishing - Longliner
700053153,VESSEL_PHI_003,SG,fishing,0.9691111111111111,longliner,0.7147979515617398,0.0,0.0,0.0,0.9691111111111111,0.02422222222222222,0.0,0.0,0.0,0.006666666666666667,0.002430555555555555,0.38291061730202064,0.0,0.38291061730202064,Fishing,Fishing - Longliner
700053153,VESSEL_PHI_003,SG,fishing,0.9564444444444444,longliner,0.7496554160828761,0.0016666666666666668,0.0,0.0,0.9564444444444444,0.012222222222222221,0.0,0.0,0.0,0.029666666666666668,0.002430555555555555,0.38382478489477906,0.0,0.38382478489477906,Fishing,Fishing - Longliner
700053153,VESSEL_PHI_003,SG,transit,0.8596111111111111,longliner,0.7513208083724099,0.0027777777777777775,0.0022222222222222222,0.006666666666666667,0.0825,0.020333333333333335,0.0,0.010166666666666666,0.8596111111111111,0.015722222222222224,0.002430555555555555,0.0,0.0,0.002430555555555555,Transit,Fishing - Longliner
700053153,VESSEL_PHI_003,SG,transit,1.0,trawler,0.5161773048088734,0.0,0.0,0.0,0.0,0.0,0.0,0.0,1.0,0.0,0.002430555555555555,0.0,0.0,0.002430555555555555,Transit,Fishing - Trawler
700053153,VESSEL_PHI_003,SG,transit,1.0,longliner,0.6894469580212176,0.0,0.0,0.0,0.0,0.0,0.0,0.0,1.0,0.0,0.002430555555555555,0.0,0.0,0.002430555555555555,Transit,Fishing - Longliner
700053153,VESSEL_PHI_003,SG,transit,1.0,longliner,0.6894470504932808,0.0,0.0,0.0,0.0,0.0,0.0,0.0,1.0,0.0,0.002430555555555555,0.0,0.0,0.002430555555555555,Transit,Fishing - Longliner
700053153,VESSEL_PHI_003,SG,transit,0.9817450980392156,trawler,0.5227227253088261,0.0022549019607843133,0.0,0.0,0.012666666666666666,0.0,0.0033333333333333335,0.0,0.9817450980392156,0.0,0.002430555555555555,0.0,0.0,0.002430555555555555,Transit,Fishing - Trawler
700053153,VESSEL_PHI_003,SG,fishing,0.9099523809523811,longliner,0.7513208084979631,0.0,0.0,0.0,0.9099523809523811,0.006944444444444445,0.0008333333333333334,0.0,0.08060317460317461,0.0016666666666666668,0.002430555555555555,0.39956858696981573,0.0,0.39956858696981573,Fishing,Fishing - Longliner
700053153,VESSEL_PHI_003,SG,fishing,0.97,longliner,0.7147979515608652,0.0,0.0,0.0,0.97,0.012222222222222221,0.0,0.0,0.0,0.01777777777777778,0.002430555555555555,0.39865359662866723,0.0,0.39865359662866723,Fishing,Fishing - Longliner
700053153,VESSEL_PHI_003,SG,fishing,0.9633333333333334,longliner,0.7147979515617398,0.0,0.0,0.0033333333333333335,0.9633333333333334,0.023333333333333334,0.0,0.0,0.0,0.01,0.002430555555555555,0.3970993606905462,0.0,0.3970993606905462,Fishing,Fishing - Longliner
700053153,VESSEL_PHI_003,SG,fishing,0.9673333333333333,longliner,0.7147979515617398,0.0,0.0,0.0033333333333333335,0.9673333333333333,0.019333333333333334,0.0,0.0,0.0,0.01,0.002430555555555555,0.3960796002890293,0.0,0.3960796002890293,Fishing,Fishing - Longliner
700053153,VESSEL_PHI_003,SG,fishing,0.965,longliner,0.7147979515617398,0.0,0.0,0.0033333333333333335,0.965,0.021666666666666667,0.0,0.0,0.0,0.01,0.002430555555555555,0.39499677770429986,0.0,0.39499677770429986,Fishing,Fishing - Longliner
700053153,VESSEL_PHI_003,SG,fishing,0.9533333333333334,longliner,0.7147979515617398,0.0,0.0,0.0033333333333333335,0.9533333333333334,0.03,0.0,0.0033333333333333335,0.0,0.01,0.002430555555555555,0.3934096620458284,0.0,0.3934096620458284,Fishing,Fishing - Longliner
700053153,VESSEL_PHI_003,SG,fishing,0.9671428571428571,longliner,0.7147979515617398,0.0,0.0,0.0,0.9671428571428571,0.022857142857142857,0.0,0.0,0.0,0.01,0.002430555555555555,0.39226637135881204,0.0,0.39226637135881204,Fishing,Fishing - Longliner
700053153,VESSEL_PHI_003,SG,fishing,0.96,longliner,0.7147979515617398,0.0016666666666666668,0.0,0.0033333333333333335,0.96,0.025,0.0,0.0,0.0,0.01,0.002430555555555555,0.3921804056554458,0.0,0.3921804056554458,Fishing,Fishing - Longliner
700053153,VESSEL_PHI_003,SG,fishing,0.9145961242102021,trawler,0.5268354355976225,0.011333333333333332,0.016972222222222222,1.0787486515641855e-05,0.9145961242102021,0.0055,3.2362459546925564e-05,0.007,0.03655517028818,0.008,0.002430555555555555,0.39241022757617783,0.0,0.39241022757617783,Fishing,Fishing - Trawler
700053153,VESSEL_PHI_003,SG,transit,0.8628064954051795,longliner,0.7520632976313057,0.016399853801169588,0.020555555555555553,0.0,0.008698412698412698,0.0014285714285714286,0.0,0.09011111111111111,0.8628064954051795,0.0,0.002430555555555555,0.0,0.0,0.002430555555555555,Transit,Fishing - Longliner
700053153,VESSEL_PHI_003,SG,transit,1.0,trawler,0.5603801755870831,0.0,0.0,0.0,0.0,0.0,0.0,0.0,1.0,0.0,0.002430555555555555,0.0,0.0,0.002430555555555555,Transit,Fishing - Trawler
700053153,VESSEL_PHI_003,SG,transit,0.9999890350877193,longliner,0.7147003806114637,1.0964912280701754e-05,0.0,0.0,0.0,0.0,0.0,0.0,0.9999890350877193,0.0,0.002430555555555555,0.0,0.0,0.002430555555555555,Transit,Fishing - Longliner
700053153,VESSEL_PHI_003,SG,transit,0.9999890350877193,longliner,0.7147003806112548,1.0964912280701754e-05,0.0,0.0,0.0,0.0,0.0,0.0,0.9999890350877193,0.0,0.002430555555555555,0.0,0.0,0.002430555555555555,Transit,Fishing - Longliner
700053153,VESSEL_PHI_003,SG,transit,1.0,longliner,0.7147003753275761,0.0,0.0,0.0,0.0,0.0,0.0,0.0,1.0,0.0,0.002430555555555555,0.0,0.0,0.002430555555555555,Transit,Fishing - Longliner
700053153,VESSEL_PHI_003,SG,transit,1.0,longliner,0.7147003748992606,0.0,0.0,0.0,0.0,0.0,0.0,0.0,1.0,0.0,0.002430555555555555,0.0,0.0,0.002430555555555555,Transit,Fishing - Longliner
700053153,VESSEL_PHI_003,SG,transit,0.9999890350877193,longliner,0.7147003748989555,1.0964912280701754e-05,0.0,0.0,0.0,0.0,0.0,0.0,0.9999890350877193,0.0,0.002430555555555555,0.0,0.0,0.002430555555555555,Transit,Fishing - Longliner
700053153,VESSEL_PHI_003,SG,transit,1.0,longliner,0.6894469572054565,0.0,0.0,0.0,0.0,0.0,0.0,0.0,1.0,0.0,0.002430555555555555,0.0,0.0,0.002430555555555555,Transit,Fishing - Longliner
700053153,VESSEL_PHI_003,SG,transit,1.0,longliner,0.6894469572054565,0.0,0.0,0.0,0.0,0.0,0.0,0.0,1.0,0.0,0.002430555555555555,0.0,0.0,0.002430555555555555,Transit,Fishing - Longliner
700053153,VESSEL_PHI_003,SG,transit,1.0,longliner,0.68944712207618,0.0,0.0,0.0,0.0,0.0,0.0,0.0,1.0,0.0,0.002430555555555555,0.0,0.0,0.002430555555555555,Transit,Fishing - Longliner
700053153,VESSEL_PHI_003,SG,transit,0.9999890350877193,longliner,0.6894471228920116,1.0964912280701754e-05,0.0,0.0,0.0,0.0,0.0,0.0,0.9999890350877193,0.0,0.002430555555555555,0.0,0.0,0.002430555555555555,Transit,Fishing - Longliner
700053153,VESSEL_PHI_003,SG,transit,1.0,longliner,0.6894469580216959,0.0,0.0,0.0,0.0,0.0,0.0,0.0,1.0,0.0,0.002430555555555555,0.0,0.0,0.002430555555555555,Transit,Fishing - Longliner
700053153,VESSEL_PHI_003,SG,transit,0.9999890350877193,longliner,0.6894471175760635,1.0964912280701754e-05,0.0,0.0,0.0,0.0,0.0,0.0,0.9999890350877193,0.0,0.002430555555555555,0.0,0.0,0.002430555555555555,Transit,Fishing - Longliner
700053153,VESSEL_PHI_003,SG,transit,0.9999890350877193,longliner,0.6894471175760635,1.0964912280701754e-05,0.0,0.0,0.0,0.0,0.0,0.0,0.9999890350877193,0.0,0.002430555555555555,0.0,0.0,0.002430555555555555,Transit,Fishing - Longliner
700053153,VESSEL_PHI_003,SG,transit,0.9999890350877193,longliner,0.7147003806114637,1.0964912280701754e-05,0.0,0.0,0.0,0.0,0.0,0.0,0.9999890350877193,0.0,0.002430555555555555,0.0,0.0,0.002430555555555555,Transit,Fishing - Longliner
700053153,VESSEL_PHI_003,SG,transit,0.9999890350877193,longliner,0.7147003806114637,1.0964912280701754e-05,0.0,0.0,0.0,0.0,0.0,0.0,0.9999890350877193,0.0,0.002430555555555555,0.0,0.0,0.002430555555555555,Transit,Fishing - Longliner
700053153,VESSEL_PHI_003,SG,transit,1.0,longliner,0.7147003753278812,0.0,0.0,0.0,0.0,0.0,0.0,0.0,1.0,0.0,0.002430555555555555,0.0,0.0,0.002430555555555555,Transit,Fishing - Longliner
700053153,VESSEL_PHI_003,SG,transit,1.0,longliner,0.6202831134106097,0.0,0.0,0.0,0.0,0.0,0.0,0.0,1.0,0.0,0.002430555555555555,0.0,0.0,0.002430555555555555,Transit,Fishing - Longliner
700053153,VESSEL_PHI_003,SG,transit,1.0,longliner,0.7147003806117688,0.0,0.0,0.0,0.0,0.0,0.0,0.0,1.0,0.0,0.002430555555555555,0.0,0.0,0.002430555555555555,Transit,Fishing - Longliner
700053153,VESSEL_PHI_003,SG,transit,1.0,longliner,0.7147003806112548,0.0,0.0,0.0,0.0,0.0,0.0,0.0,1.0,0.0,0.002430555555555555,0.0,0.0,0.002430555555555555,Transit,Fishing - Longliner
700053153,VESSEL_PHI_003,SG,transit,1.0,longliner,0.7147003806113302,0.0,0.0,0.0,0.0,0.0,0.0,0.0,1.0,0.0,0.002430555555555555,0.0,0.0,0.002430555555555555,Transit,Fishing - Longliner
700053153,VESSEL_PHI_003,SG,transit,1.0,longliner,0.7147003806117688,0.0,0.0,0.0,0.0,0.0,0.0,0.0,1.0,0.0,0.002430555555555555,0.0,0.0,0.002430555555555555,Transit,Fishing - Longliner
700053153,VESSEL_PHI_003,SG,transit,1.0,longliner,0.7147003806117688,0.0,0.0,0.0,0.0,0.0,0.0,0.0,1.0,0.0,0.002430555555555555,0.0,0.0,0.002430555555555555,Transit,Fishing - Longliner
700053153,VESSEL_PHI_003,SG,transit,0.9958888888888888,longliner,0.6202831173863536,0.0,0.003,0.0,0.0,0.0011111111111111111,0.0,0.0,0.9958888888888888,0.0,0.002430555555555555,0.0,0.0,0.002430555555555555,Transit,Fishing - Longliner
700053153,VESSEL_PHI_003,SG,transit,1.0,trawler,0.5603801755870831,0.0,0.0,0.0,0.0,0.0,0.0,0.0,1.0,0.0,0.002430555555555555,0.0,0.0,0.002430555555555555,Transit,Fishing - Trawler
700053153,VESSEL_PHI_003,SG,transit,0.9999890350877193,longliner,0.7147003753275761,1.0964912280701754e-05,0.0,0.0,0.0,0.0,0.0,0.0,0.9999890350877193,0.0,0.002430555555555555,0.0,0.0,0.002430555555555555,Transit,Fishing - Longliner
700053153,VESSEL_PHI_003,SG,transit,1.0,longliner,0.7147003748016586,0.0,0.0,0.0,0.0,0.0,0.0,0.0,1.0,0.0,0.002430555555555555,0.0,0.0,0.002430555555555555,Transit,Fishing - Longliner
700053153,VESSEL_PHI_003,SG,transit,1.0,longliner,0.6202831173903026,0.0,0.0,0.0,0.0,0.0,0.0,0.0,1.0,0.0,0.002430555555555555,0.0,0.0,0.002430555555555555,Transit,Fishing - Longliner
700053153,VESSEL_PHI_003,SG,transit,1.0,longliner,0.6202831173854518,0.0,0.0,0.0,0.0,0.0,0.0,0.0,1.0,0.0,0.002430555555555555,0.0,0.0,0.002430555555555555,Transit,Fishing - Longliner
700053153,VESSEL_PHI_003,SG,transit,0.9975445906432747,trawler,0.5603801755870831,1.0964912280701754e-05,0.0013333333333333335,0.0,0.0,0.0011111111111111111,0.0,0.0,0.9975445906432747,0.0,0.002430555555555555,0.0,0.0,0.002430555555555555,Transit,Fishing - Trawler
700053153,VESSEL_PHI_003,SG,transit,1.0,trawler,0.5603801755870831,0.0,0.0,0.0,0.0,0.0,0.0,0.0,1.0,0.0,0.002430555555555555,0.0,0.0,0.002430555555555555,Transit,Fishing - Trawler
700053153,VESSEL_PHI_003,SG,transit,1.0,trawler,0.5603801755870831,0.0,0.0,0.0,0.0,0.0,0.0,0.0,1.0,0.0,0.002430555555555555,0.0,0.0,0.002430555555555555,Transit,Fishing - Trawler
700053153,VESSEL_PHI_003,SG,transit,1.0,trawler,0.5603801755872301,0.0,0.0,0.0,0.0,0.0,0.0,0.0,1.0,0.0,0.002430555555555555,0.0,0.0,0.002430555555555555,Transit,Fishing - Trawler
700053153,VESSEL_PHI_003,SG,transit,1.0,trawler,0.5603801755872301,0.0,0.0,0.0,0.0,0.0,0.0,0.0,1.0,0.0,0.002430555555555555,0.0,0.0,0.002430555555555555,Transit,Fishing - Trawler
700053153,VESSEL_PHI_003,SG,transit,0.9999890350877193,longliner,0.7147003799520821,1.0964912280701754e-05,0.0,0.0,0.0,0.0,0.0,0.0,0.9999890350877193,0.0,0.002430555555555555,0.0,0.0,0.002430555555555555,Transit,Fishing - Longliner
700053153,VESSEL_PHI_003,SG,transit,0.9999890350877193,longliner,0.7495655916247109,1.0964912280701754e-05,0.0,0.0,0.0,0.0,0.0,0.0,0.9999890350877193,0.0,0.002430555555555555,0.0,0.0,0.002430555555555555,Transit,Fishing - Longliner
700053153,VESSEL_PHI_003,SG,transit,0.9999890350877193,trawler,0.5603801755870831,1.0964912280701754e-05,0.0,0.0,0.0,0.0,0.0,0.0,0.9999890350877193,0.0,0.002430555555555555,0.0,0.0,0.002430555555555555,Transit,Fishing - Trawler
700053153,VESSEL_PHI_003,SG,transit,0.9999890350877193,longliner,0.7147003806178279,1.0964912280701754e-05,0.0,0.0,0.0,0.0,0.0,0.0,0.9999890350877193,0.0,0.002430555555555555,0.0,0.0,0.002430555555555555,Transit,Fishing - Longliner
700053153,VESSEL_PHI_003,SG,transit,0.9999890350877193,longliner,0.7147003806178279,1.0964912280701754e-05,0.0,0.0,0.0,0.0,0.0,0.0,0.9999890350877193,0.0,0.002430555555555555,0.0,0.0,0.002430555555555555,Transit,Fishing - Longliner
700053153,VESSEL_PHI_003,SG,transit,1.0,longliner,0.7147003806114637,0.0,0.0,0.0,0.0,0.0,0.0,0.0,1.0,0.0,0.002430555555555555,0.0,0.0,0.002430555555555555,Transit,Fishing - Longliner
700053154,VESSEL_PHI_004,MH,transit,1.0,trawler,0.9999999827582592,0.0,0.0,0.0,0.0,0.0,0.0,0.0,1.0,0.0,0.002430555555555555,0.0,0.0,0.002430555555555555,Transit,Fishing - Trawler
700053154,VESSEL_PHI_004,MH,transit,1.0,trawler,0.9999999827383476,0.0,0.0,0.0,0.0,0.0,0.0,0.0,1.0,0.0,0.002430555555555555,0.0,0.0,0.002430555555555555,Transit,Fishing - Trawler
700053154,VESSEL_PHI_004,MH,transit,1.0,trawler,0.9999999827510938,0.0,0.0,0.0,0.0,0.0,0.0,0.0,1.0,0.0,0.002430555555555555,0.0,0.0,0.002430555555555555,Transit,Fishing - Trawler
700053154,VESSEL_PHI_004,MH,transit,1.0,trawler,0.9999999827510938,0.0,0.0,0.0,0.0,0.0,0.0,0.0,1.0,0.0,0.002430555555555555,0.0,0.0,0.002430555555555555,Transit,Fishing - Trawler
700053154,VESSEL_PHI_004,MH,transit,1.0,trawler,0.9999999827383476,0.0,0.0,0.0,0.0,0.0,0.0,0.0,1.0,0.0,0.002430555555555555,0.0,0.0,0.002430555555555555,Transit,Fishing - Trawler
700053154,VESSEL_PHI_004,MH,transit,1.0,trawler,0.9999999827385576,0.0,0.0,0.0,0.0,0.0,0.0,0.0,1.0,0.0,0.002430555555555555,0.0,0.0,0.002430555555555555,Transit,Fishing - Trawler
700053154,VESSEL_PHI_004,MH,transit,1.0,trawler,0.9999999827383476,0.0,0.0,0.0,0.0,0.0,0.0,0.0,1.0,0.0,0.002430555555555555,0.0,0.0,0.002430555555555555,Transit,Fishing - Trawler
700053154,VESSEL_PHI_004,MH,transit,1.0,trawler,0.9999999827385576,0.0,0.0,0.0,0.0,0.0,0.0,0.0,1.0,0.0,0.002430555555555555,0.0,0.0,0.002430555555555555,Transit,Fishing - Trawler
700053154,VESSEL_PHI_004,MH,transit,0.8927222222222222,trawler,0.9999999826212361,0.0,0.0,0.0,0.024333333333333332,0.0,0.08294444444444445,0.0,0.8927222222222222,0.0,0.002430555555555555,0.0,0.0,0.002430555555555555,Transit,Fishing - Trawler
700053154,VESSEL_PHI_004,MH,fishing,0.951936507936508,trawler,0.9999999826839764,0.0,0.0,0.0,0.951936507936508,0.0022222222222222222,0.004722222222222221,0.0,0.04111904761904763,0.0,0.002430555555555555,0.42116522894794556,0.0,0.42116522894794556,Fishing,Fishing - Trawler
700053154,VESSEL_PHI_004,MH,fishing,0.9998381877022655,trawler,0.9999999825919607,0.0,0.0,1.0787486515641855e-05,0.9998381877022655,0.0,3.2362459546925564e-05,0.0,0.0001186623516720604,0.0,0.002430555555555555,0.42545570931460275,0.0,0.42545570931460275,Fishing,Fishing - Trawler
700053154,VESSEL_PHI_004,MH,fishing,0.9998381877022655,trawler,0.9999999825919607,0.0,0.0,1.0787486515641855e-05,0.9998381877022655,0.0,3.2362459546925564e-05,0.0,0.0001186623516720604,0.0,0.002430555555555555,0.4279739216778232,0.0,0.4279739216778232,Fishing,Fishing - Trawler
700053154,VESSEL_PHI_004,MH,fishing,0.9998381877022655,trawler,0.9999999825919607,0.0,0.0,1.0787486515641855e-05,0.9998381877022655,0.0,3.2362459546925564e-05,0.0,0.0001186623516720604,0.0,0.002430555555555555,0.4290071945112892,0.0,0.4290071945112892,Fishing,Fishing - Trawler
700053154,VESSEL_PHI_004,MH,fishing,0.9998381877022655,trawler,0.9999999825919607,0.0,0.0,1.0787486515641855e-05,0.9998381877022655,0.0,3.2362459546925564e-05,0.0,0.0001186623516720604,0.0,0.002430555555555555,0.4303834725687764,0.0,0.4303834725687764,Fishing,Fishing - Trawler
700053154,VESSEL_PHI_004,MH,fishing,0.9998381877022655,trawler,0.9999999825919607,0.0,0.0,1.0787486515641855e-05,0.9998381877022655,0.0,3.2362459546925564e-05,0.0,0.0001186623516720604,0.0,0.002430555555555555,0.4323841034466678,0.0,0.4323841034466678,Fishing,Fishing - Trawler
700053154,VESSEL_PHI_004,MH,fishing,0.9998381877022655,trawler,0.9999999826046923,0.0,0.0,1.0787486515641855e-05,0.9998381877022655,0.0,3.2362459546925564e-05,0.0,0.0001186623516720604,0.0,0.002430555555555555,0.43317839550336557,0.0,0.43317839550336557,Fishing,Fishing - Trawler
700053154,VESSEL_PHI_004,MH,fishing,0.9998381877022655,trawler,0.9999999826046923,0.0,0.0,1.0787486515641855e-05,0.9998381877022655,0.0,3.2362459546925564e-05,0.0,0.0001186623516720604,0.0,0.002430555555555555,0.43459729581857787,0.0,0.43459729581857787,Fishing,Fishing - Trawler
700053154,VESSEL_PHI_004,MH,fishing,0.9998381877022655,trawler,0.9999999825919607,0.0,0.0,1.0787486515641855e-05,0.9998381877022655,0.0,3.2362459546925564e-05,0.0,0.0001186623516720604,0.0,0.002430555555555555,0.43517546177718996,0.0,0.43517546177718996,Fishing,Fishing - Trawler
700053154,VESSEL_PHI_004,MH,fishing,0.9987270765911542,trawler,0.9999999825919607,0.0,0.0,1.0787486515641855e-05,0.9987270765911542,0.0011111111111111111,3.2362459546925564e-05,0.0,0.0001186623516720604,0.0,0.002430555555555555,0.4328646967286672,0.0,0.4328646967286672,Fishing,Fishing - Trawler
700053154,VESSEL_PHI_004,MH,fishing,0.9957270765911543,trawler,0.9999999825919607,0.0,0.0,1.0787486515641855e-05,0.9957270765911543,0.0,3.2362459546925564e-05,0.0,0.0028964401294498386,0.0013333333333333335,0.002430555555555555,0.42933566049971744,0.0,0.42933566049971744,Fishing,Fishing - Trawler
700053154,VESSEL_PHI_004,MH,fishing,0.9998381877022655,trawler,0.9999999813355428,0.0,0.0,1.0787486515641855e-05,0.9998381877022655,0.0,3.2362459546925564e-05,0.0,0.0001186623516720604,0.0,0.002430555555555555,0.42667915301884174,0.0,0.42667915301884174,Fishing,Fishing - Trawler
700053154,VESSEL_PHI_004,MH,fishing,0.9998381877022655,trawler,0.9999999809466803,0.0,0.0,1.0787486515641855e-05,0.9998381877022655,0.0,3.2362459546925564e-05,0.0,0.0001186623516720604,0.0,0.002430555555555555,0.42510788831914675,0.0,0.42510788831914675,Fishing,Fishing - Trawler
700053154,VESSEL_PHI_004,MH,fishing,0.9998381877022655,trawler,0.9999999809466803,0.0,0.0,1.0787486515641855e-05,0.9998381877022655,0.0,3.2362459546925564e-05,0.0,0.0001186623516720604,0.0,0.002430555555555555,0.4228542122340686,0.0,0.4228542122340686,Fishing,Fishing - Trawler
700053154,VESSEL_PHI_004,MH,fishing,0.9998381877022655,trawler,0.9999999812073236,0.0,0.0,1.0787486515641855e-05,0.9998381877022655,0.0,3.2362459546925564e-05,0.0,0.0001186623516720604,0.0,0.002430555555555555,0.4199811152502104,0.0,0.4199811152502104,Fishing,Fishing - Trawler
700053154,VESSEL_PHI_004,MH,fishing,0.9998381877022655,trawler,0.9999999814454698,0.0,0.0,1.0787486515641855e-05,0.9998381877022655,0.0,3.2362459546925564e-05,0.0,0.0001186623516720604,0.0,0.002430555555555555,0.4182551953016933,0.0,0.4182551953016933,Fishing,Fishing - Trawler
700053154,VESSEL_PHI_004,MH,fishing,0.9981715210355988,trawler,0.9999999814454698,0.0,0.0,1.0787486515641855e-05,0.9981715210355988,0.0016666666666666668,3.2362459546925564e-05,0.0,0.0001186623516720604,0.0,0.002430555555555555,0.4181026682812014,0.0,0.4181026682812014,Fishing,Fishing - Trawler
700053154,VESSEL_PHI_004,MH,fishing,0.9981715210355988,trawler,0.9999999812063355,0.0,0.0,1.0787486515641855e-05,0.9981715210355988,0.0016666666666666668,3.2362459546925564e-05,0.0,0.0001186623516720604,0.0,0.002430555555555555,0.4186265331958807,0.0,0.4186265331958807,Fishing,Fishing - Trawler
700053154,VESSEL_PHI_004,MH,transit,0.7490234242564338,trawler,0.9999999826839764,0.0,0.0,0.0041218985976267525,0.15533818770226537,0.03903968253968254,0.014365695792880257,0.0033333333333333335,0.7490234242564338,0.034777777777777776,0.002430555555555555,0.0,0.0,0.002430555555555555,Transit,Fishing - Trawler
700053154,VESSEL_PHI_004,MH,transit,0.987025974025974,trawler,0.999999982778344,0.0,0.0,0.0,0.008095238095238095,0.0,0.0012121212121212121,0.003666666666666667,0.987025974025974,0.0,0.002430555555555555,0.0,0.0,0.002430555555555555,Transit,Fishing - Trawler
700053154,VESSEL_PHI_004,MH,transit,0.9983333333333333,trawler,0.9999999827383476,0.0,0.0,0.0,0.0,0.0,0.0016666666666666668,0.0,0.9983333333333333,0.0,0.002430555555555555,0.0,0.0,0.002430555555555555,Transit,Fishing - Trawler
700053154,VESSEL_PHI_004,MH,transit,0.9029519956850053,trawler,0.9999999825913918,0.0,0.0,1.0787486515641855e-05,0.04233818770226538,0.0016666666666666668,0.05303236245954692,0.0,0.9029519956850053,0.0,0.002430555555555555,0.0,0.0,0.002430555555555555,Transit,Fishing - Trawler
700053154,VESSEL_PHI_004,MH,fishing,0.9761794575435353,trawler,0.9999999826839764,0.0,0.0,1.0787486515641855e-05,0.9761794575435353,0.0011111111111111111,3.2362459546925564e-05,0.0,0.022666281399291107,0.0,0.002430555555555555,0.4156590832174538,0.0,0.4156590832174538,Fishing,Fishing - Trawler
700053154,VESSEL_PHI_004,MH,fishing,0.9892826321467099,trawler,0.9999999825919607,0.0,0.0016666666666666668,0.0022330097087378637,0.9892826321467099,0.0,3.2362459546925564e-05,0.0,0.006785329018338728,0.0,0.002430555555555555,0.4164077560125121,0.0,0.4164077560125121,Fishing,Fishing - Trawler
700053154,VESSEL_PHI_004,MH,fishing,0.9971715210355986,trawler,0.9999999825919607,0.0,0.0,1.0787486515641855e-05,0.9971715210355986,0.0,0.0026990291262135925,0.0,0.0001186623516720604,0.0,0.002430555555555555,0.4194759304578714,0.0,0.4194759304578714,Fishing,Fishing - Trawler
700053154,VESSEL_PHI_004,MH,fishing,0.9998381877022655,trawler,0.9999999826752527,0.0,0.0,1.0787486515641855e-05,0.9998381877022655,0.0,3.2362459546925564e-05,0.0,0.0001186623516720604,0.0,0.002430555555555555,0.4224143525087573,0.0,0.4224143525087573,Fishing,Fishing - Trawler
700053154,VESSEL_PHI_004,MH,fishing,0.9998381877022655,trawler,0.9999999813801245,0.0,0.0,1.0787486515641855e-05,0.9998381877022655,0.0,3.2362459546925564e-05,0.0,0.0001186623516720604,0.0,0.002430555555555555,0.42362492994911743,0.0,0.42362492994911743,Fishing,Fishing - Trawler
700053154,VESSEL_PHI_004,MH,fishing,0.9987270765911542,trawler,0.9999999814454329,0.0,0.0,1.0787486515641855e-05,0.9987270765911542,0.0011111111111111111,3.2362459546925564e-05,0.0,0.0001186623516720604,0.0,0.002430555555555555,0.424909555353782,0.0,0.424909555353782,Fishing,Fishing - Trawler
700053154,VESSEL_PHI_004,MH,fishing,0.9976159654800432,trawler,0.9999999812073236,0.0,0.0,1.0787486515641855e-05,0.9976159654800432,0.0022222222222222222,3.2362459546925564e-05,0.0,0.0001186623516720604,0.0,0.002430555555555555,0.4257524164062827,0.0,0.4257524164062827,Fishing,Fishing - Trawler
700053154,VESSEL_PHI_004,MH,fishing,0.9998381877022655,trawler,0.999999982611849,0.0,0.0,1.0787486515641855e-05,0.9998381877022655,0.0,3.2362459546925564e-05,0.0,0.0001186623516720604,0.0,0.002430555555555555,0.4259785307864671,0.0,0.4259785307864671,Fishing,Fishing - Trawler
700053154,VESSEL_PHI_004,MH,fishing,0.9926159654800432,trawler,0.9999999825919607,0.0,0.0,1.0787486515641855e-05,0.9926159654800432,0.0,3.2362459546925564e-05,0.0,0.007340884573894283,0.0,0.002430555555555555,0.42877476217278804,0.0,0.42877476217278804,Fishing,Fishing - Trawler
700053154,VESSEL_PHI_004,MH,fishing,0.9998381877022655,trawler,0.9999999825919607,0.0,0.0,1.0787486515641855e-05,0.9998381877022655,0.0,3.2362459546925564e-05,0.0,0.0001186623516720604,0.0,0.002430555555555555,0.43266957199086614,0.0,0.43266957199086614,Fishing,Fishing - Trawler
700053154,VESSEL_PHI_004,MH,fishing,0.9959492988133766,trawler,0.9999999826116711,0.0,0.0,1.0787486515641855e-05,0.9959492988133766,0.0,3.2362459546925564e-05,0.0,0.0040075512405609495,0.0,0.002430555555555555,0.4348917995063487,0.0,0.4348917995063487,Fishing,Fishing - Trawler
700053154,VESSEL_PHI_004,MH,transit,0.9233646940977039,trawler,0.9999999805256093,0.0031666666666666666,0.02816666666666667,0.0016774541531823083,0.02131437817845585,0.007555555555555555,0.0044768069039913694,0.006666666666666667,0.9233646940977039,0.003611111111111111,0.002430555555555555,0.0,0.0,0.002430555555555555,Transit,Fishing - Trawler
700053154,VESSEL_PHI_004,MH,transit,0.9983333333333333,trawler,0.99999998047944,0.0,0.0,0.0,0.0,0.0,0.0016666666666666668,0.0,0.9983333333333333,0.0,0.002430555555555555,0.0,0.0,0.002430555555555555,Transit,Fishing - Trawler
700053154,VESSEL_PHI_004,MH,transit,1.0,trawler,0.9999999827383476,0.0,0.0,0.0,0.0,0.0,0.0,0.0,1.0,0.0,0.002430555555555555,0.0,0.0,0.002430555555555555,Transit,Fishing - Trawler
700053154,VESSEL_PHI_004,MH,transit,1.0,trawler,0.9999999827385576,0.0,0.0,0.0,0.0,0.0,0.0,0.0,1.0,0.0,0.002430555555555555,0.0,0.0,0.002430555555555555,Transit,Fishing - Trawler
700053154,VESSEL_PHI_004,MH,transit,1.0,trawler,0.9999999838265494,0.0,0.0,0.0,0.0,0.0,0.0,0.0,1.0,0.0,0.002430555555555555,0.0,0.0,0.002430555555555555,Transit,Fishing - Trawler
700053154,VESSEL_PHI_004,MH,transit,1.0,trawler,0.9999999827383476,0.0,0.0,0.0,0.0,0.0,0.0,0.0,1.0,0.0,0.002430555555555555,0.0,0.0,0.002430555555555555,Transit,Fishing - Trawler
700053154,VESSEL_PHI_004,MH,transit,1.0,trawler,0.9999999827383476,0.0,0.0,0.0,0.0,0.0,0.0,0.0,1.0,0.0,0.002430555555555555,0.0,0.0,0.002430555555555555,Transit,Fishing - Trawler
700053154,VESSEL_PHI_004,MH,transit,0.9999890350877193,trawler,0.9999999827513039,1.0964912280701754e-05,0.0,0.0,0.0,0.0,0.0,0.0,0.9999890350877193,0.0,0.002430555555555555,0.0,0.0,0.002430555555555555,Transit,Fishing - Trawler
700053154,VESSEL_PHI_004,MH,transit,1.0,trawler,0.9999999827401861,0.0,0.0,0.0,0.0,0.0,0.0,0.0,1.0,0.0,0.002430555555555555,0.0,0.0,0.002430555555555555,Transit,Fishing - Trawler
700053154,VESSEL_PHI_004,MH,transit,1.0,trawler,0.9999999828977336,0.0,0.0,0.0,0.0,0.0,0.0,0.0,1.0,0.0,0.002430555555555555,0.0,0.0,0.002430555555555555,Transit,Fishing - Trawler
700053154,VESSEL_PHI_004,MH,transit,0.9999890350877193,trawler,0.9999999828911524,1.0964912280701754e-05,0.0,0.0,0.0,0.0,0.0,0.0,0.9999890350877193,0.0,0.002430555555555555,0.0,0.0,0.002430555555555555,Transit,Fishing - Trawler
700053154,VESSEL_PHI_004,MH,transit,0.9999890350877193,trawler,0.9999999838264337,1.0964912280701754e-05,0.0,0.0,0.0,0.0,0.0,0.0,0.9999890350877193,0.0,0.002430555555555555,0.0,0.0,0.002430555555555555,Transit,Fishing - Trawler
700053154,VESSEL_PHI_004,MH,transit,0.998655701754386,trawler,0.9999999827385576,0.001344298245614035,0.0,0.0,0.0,0.0,0.0,0.0,0.998655701754386,0.0,0.002430555555555555,0.0,0.0,0.002430555555555555,Transit,Fishing - Trawler
700053154,VESSEL_PHI_004,MH,transit,0.999967320261438,trawler,0.9999999827385576,3.26797385620915e-05,0.0,0.0,0.0,0.0,0.0,0.0,0.999967320261438,0.0,0.002430555555555555,0.0,0.0,0.002430555555555555,Transit,Fishing - Trawler
700053154,VESSEL_PHI_004,MH,transit,1.0,trawler,0.9999999827383476,0.0,0.0,0.0,0.0,0.0,0.0,0.0,1.0,0.0,0.002430555555555555,0.0,0.0,0.002430555555555555,Transit,Fishing - Trawler
700053154,VESSEL_PHI_004,MH,transit,1.0,trawler,0.9999999827383476,0.0,0.0,0.0,0.0,0.0,0.0,0.0,1.0,0.0,0.002430555555555555,0.0,0.0,0.002430555555555555,Transit,Fishing - Trawler
700053154,VESSEL_PHI_004,MH,transit,1.0,trawler,0.9999999827385576,0.0,0.0,0.0,0.0,0.0,0.0,0.0,1.0,0.0,0.002430555555555555,0.0,0.0,0.002430555555555555,Transit,Fishing - Trawler
700053154,VESSEL_PHI_004,MH,transit,1.0,trawler,0.9999999827383476,0.0,0.0,0.0,0.0,0.0,0.0,0.0,1.0,0.0,0.002430555555555555,0.0,0.0,0.002430555555555555,Transit,Fishing - Trawler
700053154,VESSEL_PHI_004,MH,transit,0.9999890350877193,trawler,0.9999999827385576,1.0964912280701754e-05,0.0,0.0,0.0,0.0,0.0,0.0,0.9999890350877193,0.0,0.002430555555555555,0.0,0.0,0.002430555555555555,Transit,Fishing - Trawler
700053154,VESSEL_PHI_004,MH,transit,1.0,trawler,0.9999999827383476,0.0,0.0,0.0,0.0,0.0,0.0,0.0,1.0,0.0,0.002430555555555555,0.0,0.0,0.002430555555555555,Transit,Fishing - Trawler
700053154,VESSEL_PHI_004,MH,transit,0.9983333333333333,trawler,0.9999999827385576,0.0,0.0,0.0,0.0,0.0,0.0,0.0016666666666666668,0.9983333333333333,0.0,0.002430555555555555,0.0,0.0,0.002430555555555555,Transit,Fishing - Trawler
700053154,VESSEL_PHI_004,MH,transit,0.9999890350877193,trawler,0.9999999827403959,1.0964912280701754e-05,0.0,0.0,0.0,0.0,0.0,0.0,0.9999890350877193,0.0,0.002430555555555555,0.0,0.0,0.002430555555555555,Transit,Fishing - Trawler
700053154,VESSEL_PHI_004,MH,transit,0.9999890350877193,trawler,0.9999999827513039,1.0964912280701754e-05,0.0,0.0,0.0,0.0,0.0,0.0,0.9999890350877193,0.0,0.002430555555555555,0.0,0.0,0.002430555555555555,Transit,Fishing - Trawler
700053154,VESSEL_PHI_004,MH,transit,1.0,trawler,0.9999999827385576,0.0,0.0,0.0,0.0,0.0,0.0,0.0,1.0,0.0,0.002430555555555555,0.0,0.0,0.002430555555555555,Transit,Fishing - Trawler
700053154,VESSEL_PHI_004,MH,transit,1.0,trawler,0.9999999827385576,0.0,0.0,0.0,0.0,0.0,0.0,0.0,1.0,0.0,0.002430555555555555,0.0,0.0,0.002430555555555555,Transit,Fishing - Trawler
700053154,VESSEL_PHI_004,MH,transit,0.9916557017543859,trawler,0.9999999828099021,0.006677631578947369,0.0,0.0,0.0,0.0,0.0,0.0016666666666666668,0.9916557017543859,0.0,0.002430555555555555,0.0,0.0,0.002430555555555555,Transit,Fishing - Trawler
700053154,VESSEL_PHI_004,MH,transit,0.9999563553491572,trawler,0.9999999827584688,4.364465084279326e-05,0.0,0.0,0.0,0.0,0.0,0.0,0.9999563553491572,0.0,0.002430555555555555,0.0,0.0,0.002430555555555555,Transit,Fishing - Trawler
700053154,VESSEL_PHI_004,MH,transit,0.9966339869281046,trawler,0.9999999827510938,3.26797385620915e-05,0.0,0.0,0.0,0.0,0.0033333333333333335,0.0,0.9966339869281046,0.0,0.002430555555555555,0.0,0.0,0.002430555555555555,Transit,Fishing - Trawler
700053154,VESSEL_PHI_004,MH,transit,1.0,trawler,0.9999999822042701,0.0,0.0,0.0,0.0,0.0,0.0,0.0,1.0,0.0,0.002430555555555555,0.0,0.0,0.002430555555555555,Transit,Fishing - Trawler
700053154,VESSEL_PHI_004,MH,transit,1.0,trawler,0.9999999833538655,0.0,0.0,0.0,0.0,0.0,0.0,0.0,1.0,0.0,0.002430555555555555,0.0,0.0,0.002430555555555555,Transit,Fishing - Trawler
700053154,VESSEL_PHI_004,MH,transit,0.9999563553491572,trawler,0.9999999827385576,4.364465084279326e-05,0.0,0.0,0.0,0.0,0.0,0.0,0.9999563553491572,0.0,0.002430555555555555,0.0,0.0,0.002430555555555555,Transit,Fishing - Trawler
700053154,VESSEL_PHI_004,MH,transit,1.0,trawler,0.9999999827385576,0.0,0.0,0.0,0.0,0.0,0.0,0.0,1.0,0.0,0.002430555555555555,0.0,0.0,0.002430555555555555,Transit,Fishing - Trawler
700053154,VESSEL_PHI_004,MH,transit,1.0,trawler,0.9999999827385576,0.0,0.0,0.0,0.0,0.0,0.0,0.0,1.0,0.0,0.002430555555555555,0.0,0.0,0.002430555555555555,Transit,Fishing - Trawler
700053154,VESSEL_PHI_004,MH,transit,1.0,trawler,0.9999999827385576,0.0,0.0,0.0,0.0,0.0,0.0,0.0,1.0,0.0,0.002430555555555555,0.0,0.0,0.002430555555555555,Transit,Fishing - Trawler
700053154,VESSEL_PHI_004,MH,transit,1.0,trawler,0.9999999827582592,0.0,0.0,0.0,0.0,0.0,0.0,0.0,1.0,0.0,0.002430555555555555,0.0,0.0,0.002430555555555555,Transit,Fishing - Trawler
700053154,VESSEL_PHI_004,MH,transit,0.9983006535947713,trawler,0.9999999827383476,3.26797385620915e-05,0.0,0.0,0.0,0.0,0.0016666666666666668,0.0,0.9983006535947713,0.0,0.002430555555555555,0.0,0.0,0.002430555555555555,Transit,Fishing - Trawler
700053154,VESSEL_PHI_004,MH,transit,0.9999563553491572,trawler,0.9999999827385576,4.364465084279326e-05,0.0,0.0,0.0,0.0,0.0,0.0,0.9999563553491572,0.0,0.002430555555555555,0.0,0.0,0.002430555555555555,Transit,Fishing - Trawler
700053154,VESSEL_PHI_004,MH,transit,0.9999563553491572,trawler,0.9999999827385576,4.364465084279326e-05,0.0,0.0,0.0,0.0,0.0,0.0,0.9999563553491572,0.0,0.002430555555555555,0.0,0.0,0.002430555555555555,Transit,Fishing - Trawler
700053154,VESSEL_PHI_004,MH,transit,1.0,trawler,0.9999999827383476,0.0,0.0,0.0,0.0,0.0,0.0,0.0,1.0,0.0,0.002430555555555555,0.0,0.0,0.002430555555555555,Transit,Fishing - Trawler
700053154,VESSEL_PHI_004,MH,transit,1.0,trawler,0.9999999827385576,0.0,0.0,0.0,0.0,0.0,0.0,0.0,1.0,0.0,0.002430555555555555,0.0,0.0,0.002430555555555555,Transit,Fishing - Trawler
700053154,VESSEL_PHI_004,MH,transit,1.0,trawler,0.9999999827513039,0.0,0.0,0.0,0.0,0.0,0.0,0.0,1.0,0.0,0.002430555555555555,0.0,0.0,0.002430555555555555,Transit,Fishing - Trawler
700053154,VESSEL_PHI_004,MH,transit,0.9966339869281046,trawler,0.9999999827383476,3.26797385620915e-05,0.0,0.0,0.0,0.0,0.0033333333333333335,0.0,0.9966339869281046,0.0,0.002430555555555555,0.0,0.0,0.002430555555555555,Transit,Fishing - Trawler
700053154,VESSEL_PHI_004,MH,transit,0.999967320261438,trawler,0.9999999827385576,3.26797385620915e-05,0.0,0.0,0.0,0.0,0.0,0.0,0.999967320261438,0.0,0.002430555555555555,0.0,0.0,0.002430555555555555,Transit,Fishing - Trawler
700053155,VESSEL_PHI_005,TW,transit,1.0,trawler,0.999999983223491,0.0,0.0,0.0,0.0,0.0,0.0,0.0,1.0,0.0,0.002430555555555555,0.0,0.0,0.002430555555555555,Transit,Fishing - Trawler
700053155,VESSEL_PHI_005,TW,transit,1.0,trawler,0.9999999832039094,0.0,0.0,0.0,0.0,0.0,0.0,0.0,1.0,0.0,0.002430555555555555,0.0,0.0,0.002430555555555555,Transit,Fishing - Trawler
700053155,VESSEL_PHI_005,TW,transit,1.0,trawler,0.9999999832039094,0.0,0.0,0.0,0.0,0.0,0.0,0.0,1.0,0.0,0.002430555555555555,0.0,0.0,0.002430555555555555,Transit,Fishing - Trawler
700053155,VESSEL_PHI_005,TW,transit,1.0,trawler,0.9999999832039094,0.0,0.0,0.0,0.0,0.0,0.0,0.0,1.0,0.0,0.002430555555555555,0.0,0.0,0.002430555555555555,Transit,Fishing - Trawler
700053155,VESSEL_PHI_005,TW,transit,1.0,trawler,0.9999999832039094,0.0,0.0,0.0,0.0,0.0,0.0,0.0,1.0,0.0,0.002430555555555555,0.0,0.0,0.002430555555555555,Transit,Fishing - Trawler
700053155,VESSEL_PHI_005,TW,transit,1.0,trawler,0.9999999832039094,0.0,0.0,0.0,0.0,0.0,0.0,0.0,1.0,0.0,0.002430555555555555,0.0,0.0,0.002430555555555555,Transit,Fishing - Trawler
700053155,VESSEL_PHI_005,TW,transit,0.9878562091503269,trawler,0.999999982376706,3.26797385620915e-05,0.0,0.0016666666666666668,0.008777777777777778,0.0,0.0,0.0,0.9878562091503269,0.0016666666666666668,0.002430555555555555,0.0,0.0,0.002430555555555555,Transit,Fishing - Trawler
700053155,VESSEL_PHI_005,TW,fishing,0.9638381877022655,trawler,0.9999999824148619,0.0,0.0,1.0787486515641855e-05,0.9638381877022655,0.0,0.003365695792880259,0.0,0.03278532901833873,0.0,0.002430555555555555,0.3692502762133443,0.0,0.3692502762133443,Fishing,Fishing - Trawler
700053155,VESSEL_PHI_005,TW,fishing,0.9998381877022655,trawler,0.9999999823959024,0.0,0.0,1.0787486515641855e-05,0.9998381877022655,0.0,3.2362459546925564e-05,0.0,0.0001186623516720604,0.0,0.002430555555555555,0.3695163434722873,0.0,0.3695163434722873,Fishing,Fishing - Trawler
700053155,VESSEL_PHI_005,TW,fishing,0.9998381877022655,trawler,0.9999999823959024,0.0,0.0,1.0787486515641855e-05,0.9998381877022655,0.0,3.2362459546925564e-05,0.0,0.0001186623516720604,0.0,0.002430555555555555,0.37147099537916983,0.0,0.37147099537916983,Fishing,Fishing - Trawler
700053155,VESSEL_PHI_005,TW,fishing,0.9998381877022655,trawler,0.9999999823959024,0.0,0.0,1.0787486515641855e-05,0.9998381877022655,0.0,3.2362459546925564e-05,0.0,0.0001186623516720604,0.0,0.002430555555555555,0.37403457937692325,0.0,0.37403457937692325,Fishing,Fishing - Trawler
700053155,VESSEL_PHI_005,TW,fishing,0.9998381877022655,trawler,0.9999999823959024,0.0,0.0,1.0787486515641855e-05,0.9998381877022655,0.0,3.2362459546925564e-05,0.0,0.0001186623516720604,0.0,0.002430555555555555,0.37688726893030694,0.0,0.37688726893030694,Fishing,Fishing - Trawler
700053155,VESSEL_PHI_005,TW,fishing,0.9998381877022655,trawler,0.9999999823959024,0.0,0.0,1.0787486515641855e-05,0.9998381877022655,0.0,3.2362459546925564e-05,0.0,0.0001186623516720604,0.0,0.002430555555555555,0.3800390415063931,0.0,0.3800390415063931,Fishing,Fishing - Trawler
700053155,VESSEL_PHI_005,TW,fishing,0.9998381877022655,trawler,0.9999999823959024,0.0,0.0,1.0787486515641855e-05,0.9998381877022655,0.0,3.2362459546925564e-05,0.0,0.0001186623516720604,0.0,0.002430555555555555,0.3831446331713282,0.0,0.3831446331713282,Fishing,Fishing - Trawler
700053155,VESSEL_PHI_005,TW,fishing,0.9998381877022655,trawler,0.9999999823959024,0.0,0.0,1.0787486515641855e-05,0.9998381877022655,0.0,3.2362459546925564e-05,0.0,0.0001186623516720604,0.0,0.002430555555555555,0.38540615901321384,0.0,0.38540615901321384,Fishing,Fishing - Trawler
700053155,VESSEL_PHI_005,TW,fishing,0.9998381877022655,trawler,0.9999999823959024,0.0,0.0,1.0787486515641855e-05,0.9998381877022655,0.0,3.2362459546925564e-05,0.0,0.0001186623516720604,0.0,0.002430555555555555,0.3872220797071356,0.0,0.3872220797071356,Fishing,Fishing - Trawler
700053155,VESSEL_PHI_005,TW,fishing,0.9998381877022655,trawler,0.9999999823959024,0.0,0.0,1.0787486515641855e-05,0.9998381877022655,0.0,3.2362459546925564e-05,0.0,0.0001186623516720604,0.0,0.002430555555555555,0.3896940791104371,0.0,0.3896940791104371,Fishing,Fishing - Trawler
700053155,VESSEL_PHI_005,TW,fishing,0.9962826321467098,trawler,0.9999999822830806,0.0,0.0,0.0013441208198489752,0.9962826321467098,0.0022222222222222222,3.2362459546925564e-05,0.0,0.0001186623516720604,0.0,0.002430555555555555,0.39062822386604346,0.0,0.39062822386604346,Fishing,Fishing - Trawler
700053155,VESSEL_PHI_005,TW,fishing,0.9966666666666667,trawler,0.9999999834429323,0.0,0.0,0.0,0.9966666666666667,0.0033333333333333335,0.0,0.0,0.0,0.0,0.002430555555555555,0.38936698235704725,0.0,0.38936698235704725,Fishing,Fishing - Trawler
700053155,VESSEL_PHI_005,TW,fishing,0.992393743257821,trawler,0.9999999821880771,0.0,0.0,0.004677454153182309,0.992393743257821,0.0027777777777777775,3.2362459546925564e-05,0.0,0.0001186623516720604,0.0,0.002430555555555555,0.3887136984025585,0.0,0.3887136984025585,Fishing,Fishing - Trawler
700053155,VESSEL_PHI_005,TW,fishing,0.9998381877022655,trawler,0.9999999821253093,0.0,0.0,1.0787486515641855e-05,0.9998381877022655,0.0,3.2362459546925564e-05,0.0,0.0001186623516720604,0.0,0.002430555555555555,0.38985551361436077,0.0,0.38985551361436077,Fishing,Fishing - Trawler
700053155,VESSEL_PHI_005,TW,fishing,0.9998381877022655,trawler,0.9999999821253093,0.0,0.0,1.0787486515641855e-05,0.9998381877022655,0.0,3.2362459546925564e-05,0.0,0.0001186623516720604,0.0,0.002430555555555555,0.39237673112204624,0.0,0.39237673112204624,Fishing,Fishing - Trawler
700053155,VESSEL_PHI_005,TW,fishing,0.9981715210355988,trawler,0.9999999808141801,0.0,0.0,1.0787486515641855e-05,0.9981715210355988,0.0,3.2362459546925564e-05,0.0,0.0001186623516720604,0.0016666666666666668,0.002430555555555555,0.394946887361538,0.0,0.394946887361538,Fishing,Fishing - Trawler
700053155,VESSEL_PHI_005,TW,fishing,0.9998381877022655,trawler,0.9999999823959024,0.0,0.0,1.0787486515641855e-05,0.9998381877022655,0.0,3.2362459546925564e-05,0.0,0.0001186623516720604,0.0,0.002430555555555555,0.3955936103862194,0.0,0.3955936103862194,Fishing,Fishing - Trawler
700053155,VESSEL_PHI_005,TW,fishing,0.9998381877022655,trawler,0.9999999823959024,0.0,0.0,1.0787486515641855e-05,0.9998381877022655,0.0,3.2362459546925564e-05,0.0,0.0001186623516720604,0.0,0.002430555555555555,0.39524553625193226,0.0,0.39524553625193226,Fishing,Fishing - Trawler
700053155,VESSEL_PHI_005,TW,fishing,0.9998381877022655,trawler,0.9999999823959024,0.0,0.0,1.0787486515641855e-05,0.9998381877022655,0.0,3.2362459546925564e-05,0.0,0.0001186623516720604,0.0,0.002430555555555555,0.39643493829347753,0.0,0.39643493829347753,Fishing,Fishing - Trawler
700053155,VESSEL_PHI_005,TW,fishing,0.9998381877022655,trawler,0.9999999823959024,0.0,0.0,1.0787486515641855e-05,0.9998381877022655,0.0,3.2362459546925564e-05,0.0,0.0001186623516720604,0.0,0.002430555555555555,0.3984303048678395,0.0,0.3984303048678395,Fishing,Fishing - Trawler
700053155,VESSEL_PHI_005,TW,fishing,0.9998381877022655,trawler,0.9999999823959024,0.0,0.0,1.0787486515641855e-05,0.9998381877022655,0.0,3.2362459546925564e-05,0.0,0.0001186623516720604,0.0,0.002430555555555555,0.39981896505085973,0.0,0.39981896505085973,Fishing,Fishing - Trawler
700053155,VESSEL_PHI_005,TW,fishing,0.9998381877022655,trawler,0.9999999823959024,0.0,0.0,1.0787486515641855e-05,0.9998381877022655,0.0,3.2362459546925564e-05,0.0,0.0001186623516720604,0.0,0.002430555555555555,0.39986786680026776,0.0,0.39986786680026776,Fishing,Fishing - Trawler
700053155,VESSEL_PHI_005,TW,fishing,0.9998381877022655,trawler,0.9999999823959024,0.0,0.0,1.0787486515641855e-05,0.9998381877022655,0.0,3.2362459546925564e-05,0.0,0.0001186623516720604,0.0,0.002430555555555555,0.3980428710812996,0.0,0.3980428710812996,Fishing,Fishing - Trawler
700053155,VESSEL_PHI_005,TW,fishing,0.9998381877022655,trawler,0.9999999823959024,0.0,0.0,1.0787486515641855e-05,0.9998381877022655,0.0,3.2362459546925564e-05,0.0,0.0001186623516720604,0.0,0.002430555555555555,0.39507933714071974,0.0,0.39507933714071974,Fishing,Fishing - Trawler
700053155,VESSEL_PHI_005,TW,fishing,0.9998381877022655,trawler,0.9999999823959024,0.0,0.0,1.0787486515641855e-05,0.9998381877022655,0.0,3.2362459546925564e-05,0.0,0.0001186623516720604,0.0,0.002430555555555555,0.39257751021830123,0.0,0.39257751021830123,Fishing,Fishing - Trawler
700053155,VESSEL_PHI_005,TW,fishing,0.9998381877022655,trawler,0.9999999823959024,0.0,0.0,1.0787486515641855e-05,0.9998381877022655,0.0,3.2362459546925564e-05,0.0,0.0001186623516720604,0.0,0.002430555555555555,0.3915830656098835,0.0,0.3915830656098835,Fishing,Fishing - Trawler
700053155,VESSEL_PHI_005,TW,fishing,0.9998381877022655,trawler,0.9999999824148619,0.0,0.0,1.0787486515641855e-05,0.9998381877022655,0.0,3.2362459546925564e-05,0.0,0.0001186623516720604,0.0,0.002430555555555555,0.3926072698114776,0.0,0.3926072698114776,Fishing,Fishing - Trawler
700053155,VESSEL_PHI_005,TW,transit,0.9501944444444445,trawler,0.9999999824593379,0.0020833333333333333,0.0033333333333333335,0.005,0.01511111111111111,0.0,0.0,0.024277777777777777,0.9501944444444445,0.0,0.002430555555555555,0.0,0.0,0.002430555555555555,Transit,Fishing - Trawler
700053155,VESSEL_PHI_005,TW,transit,0.9999563553491572,trawler,0.999999983216518,4.364465084279326e-05,0.0,0.0,0.0,0.0,0.0,0.0,0.9999563553491572,0.0,0.002430555555555555,0.0,0.0,0.002430555555555555,Transit,Fishing - Trawler
700053155,VESSEL_PHI_005,TW,transit,0.9999563553491572,trawler,0.9999999832041139,4.364465084279326e-05,0.0,0.0,0.0,0.0,0.0,0.0,0.9999563553491572,0.0,0.002430555555555555,0.0,0.0,0.002430555555555555,Transit,Fishing - Trawler
700053155,VESSEL_PHI_005,TW,transit,0.9913107546048722,trawler,0.9999999823541542,3.26797385620915e-05,0.0,0.0,0.0,0.0,0.008656565656565656,0.0,0.9913107546048722,0.0,0.002430555555555555,0.0,0.0,0.002430555555555555,Transit,Fishing - Trawler
700053155,VESSEL_PHI_005,TW,fishing,0.9585683464324243,trawler,0.9999999824184008,0.0,0.0,1.0787486515641855e-05,0.9585683464324243,0.0,0.013365695792880257,0.0,0.028055170288179998,0.0,0.002430555555555555,0.4142813065907933,0.0,0.4142813065907933,Fishing,Fishing - Trawler
700053155,VESSEL_PHI_005,TW,fishing,0.9934492988133765,trawler,0.9999999824148619,0.0,0.0,1.0787486515641855e-05,0.9934492988133765,0.0,3.2362459546925564e-05,0.0,0.006507551240560949,0.0,0.002430555555555555,0.4135269681985717,0.0,0.4135269681985717,Fishing,Fishing - Trawler
700053155,VESSEL_PHI_005,TW,fishing,0.9998381877022655,trawler,0.9999999823959024,0.0,0.0,1.0787486515641855e-05,0.9998381877022655,0.0,3.2362459546925564e-05,0.0,0.0001186623516720604,0.0,0.002430555555555555,0.4135435338521248,0.0,0.4135435338521248,Fishing,Fishing - Trawler
700053155,VESSEL_PHI_005,TW,fishing,0.9998381877022655,trawler,0.9999999823959024,0.0,0.0,1.0787486515641855e-05,0.9998381877022655,0.0,3.2362459546925564e-05,0.0,0.0001186623516720604,0.0,0.002430555555555555,0.4163219478615031,0.0,0.4163219478615031,Fishing,Fishing - Trawler
700053155,VESSEL_PHI_005,TW,fishing,0.9991715210355987,trawler,0.9999999808141801,0.0,0.0,1.0787486515641855e-05,0.9991715210355987,0.0,3.2362459546925564e-05,0.0,0.0007853290183387271,0.0,0.002430555555555555,0.4187233921513448,0.0,0.4187233921513448,Fishing,Fishing - Trawler
700053155,VESSEL_PHI_005,TW,fishing,0.9998381877022655,trawler,0.9999999811882011,0.0,0.0,1.0787486515641855e-05,0.9998381877022655,0.0,3.2362459546925564e-05,0.0,0.0001186623516720604,0.0,0.002430555555555555,0.420238490217974,0.0,0.420238490217974,Fishing,Fishing - Trawler
700053155,VESSEL_PHI_005,TW,fishing,0.9998381877022655,trawler,0.9999999811882011,0.0,0.0,1.0787486515641855e-05,0.9998381877022655,0.0,3.2362459546925564e-05,0.0,0.0001186623516720604,0.0,0.002430555555555555,0.42000153797589795,0.0,0.42000153797589795,Fishing,Fishing - Trawler
700053155,VESSEL_PHI_005,TW,fishing,0.998504854368932,trawler,0.9999999808141801,0.0,0.0,1.0787486515641855e-05,0.998504854368932,0.0,3.2362459546925564e-05,0.0,0.0001186623516720604,0.0013333333333333335,0.002430555555555555,0.41903992149338454,0.0,0.41903992149338454,Fishing,Fishing - Trawler
700053155,VESSEL_PHI_005,TW,fishing,0.9998381877022655,trawler,0.9999999823959024,0.0,0.0,1.0787486515641855e-05,0.9998381877022655,0.0,3.2362459546925564e-05,0.0,0.0001186623516720604,0.0,0.002430555555555555,0.4204139693432962,0.0,0.4204139693432962,Fishing,Fishing - Trawler
700053155,VESSEL_PHI_005,TW,fishing,0.9998381877022655,trawler,0.9999999823959024,0.0,0.0,1.0787486515641855e-05,0.9998381877022655,0.0,3.2362459546925564e-05,0.0,0.0001186623516720604,0.0,0.002430555555555555,0.42379392025442847,0.0,0.42379392025442847,Fishing,Fishing - Trawler
700053155,VESSEL_PHI_005,TW,transit,0.8845198412698414,trawler,0.9999999824593379,0.0004166666666666667,0.018166666666666668,0.0016666666666666668,0.06916666666666667,0.01361111111111111,0.003452380952380952,0.004722222222222221,0.8845198412698414,0.004277777777777777,0.002430555555555555,0.0,0.0,0.002430555555555555,Transit,Fishing - Trawler
700053155,VESSEL_PHI_005,TW,transit,1.0,trawler,0.9999999832231136,0.0,0.0,0.0,0.0,0.0,0.0,0.0,1.0,0.0,0.002430555555555555,0.0,0.0,0.002430555555555555,Transit,Fishing - Trawler
700053155,VESSEL_PHI_005,TW,transit,0.9993333333333334,trawler,0.9999999832039094,0.0,0.0,0.0,0.0,0.0,0.0006666666666666668,0.0,0.9993333333333334,0.0,0.002430555555555555,0.0,0.0,0.002430555555555555,Transit,Fishing - Trawler
700053155,VESSEL_PHI_005,TW,transit,1.0,trawler,0.9999999832039094,0.0,0.0,0.0,0.0,0.0,0.0,0.0,1.0,0.0,0.002430555555555555,0.0,0.0,0.002430555555555555,Transit,Fishing - Trawler
700053155,VESSEL_PHI_005,TW,transit,0.9983333333333333,trawler,0.9999999832039094,0.0,0.0,0.0,0.0,0.0,0.0016666666666666668,0.0,0.9983333333333333,0.0,0.002430555555555555,0.0,0.0,0.002430555555555555,Transit,Fishing - Trawler
700053155,VESSEL_PHI_005,TW,transit,1.0,trawler,0.9999999832039094,0.0,0.0,0.0,0.0,0.0,0.0,0.0,1.0,0.0,0.002430555555555555,0.0,0.0,0.002430555555555555,Transit,Fishing - Trawler
700053155,VESSEL_PHI_005,TW,transit,0.9999890350877193,trawler,0.9999999832041139,1.0964912280701754e-05,0.0,0.0,0.0,0.0,0.0,0.0,0.9999890350877193,0.0,0.002430555555555555,0.0,0.0,0.002430555555555555,Transit,Fishing - Trawler
700053155,VESSEL_PHI_005,TW,transit,1.0,trawler,0.9999999832041139,0.0,0.0,0.0,0.0,0.0,0.0,0.0,1.0,0.0,0.002430555555555555,0.0,0.0,0.002430555555555555,Transit,Fishing - Trawler
700053155,VESSEL_PHI_005,TW,transit,1.0,trawler,0.9999999842579212,0.0,0.0,0.0,0.0,0.0,0.0,0.0,1.0,0.0,0.002430555555555555,0.0,0.0,0.002430555555555555,Transit,Fishing - Trawler
700053155,VESSEL_PHI_005,TW,transit,1.0,trawler,0.9999999842581129,0.0,0.0,0.0,0.0,0.0,0.0,0.0,1.0,0.0,0.002430555555555555,0.0,0.0,0.002430555555555555,Transit,Fishing - Trawler
700053155,VESSEL_PHI_005,TW,transit,1.0,trawler,0.9999999842579212,0.0,0.0,0.0,0.0,0.0,0.0,0.0,1.0,0.0,0.002430555555555555,0.0,0.0,0.002430555555555555,Transit,Fishing - Trawler
700053155,VESSEL_PHI_005,TW,transit,1.0,trawler,0.9999999832041139,0.0,0.0,0.0,0.0,0.0,0.0,0.0,1.0,0.0,0.002430555555555555,0.0,0.0,0.002430555555555555,Transit,Fishing - Trawler
700053155,VESSEL_PHI_005,TW,transit,1.0,trawler,0.9999999832039094,0.0,0.0,0.0,0.0,0.0,0.0,0.0,1.0,0.0,0.002430555555555555,0.0,0.0,0.002430555555555555,Transit,Fishing - Trawler
700053155,VESSEL_PHI_005,TW,transit,1.0,trawler,0.9999999832039094,0.0,0.0,0.0,0.0,0.0,0.0,0.0,1.0,0.0,0.002430555555555555,0.0,0.0,0.002430555555555555,Transit,Fishing - Trawler
700053155,VESSEL_PHI_005,TW,transit,1.0,trawler,0.9999999832039094,0.0,0.0,0.0,0.0,0.0,0.0,0.0,1.0,0.0,0.002430555555555555,0.0,0.0,0.002430555555555555,Transit,Fishing - Trawler
700053155,VESSEL_PHI_005,TW,transit,0.9983333333333333,trawler,0.9999999832041139,0.0,0.0,0.0,0.0,0.0,0.0016666666666666668,0.0,0.9983333333333333,0.0,0.002430555555555555,0.0,0.0,0.002430555555555555,Transit,Fishing - Trawler
700053155,VESSEL_PHI_005,TW,transit,0.9955555555555556,trawler,0.9999999832041139,0.0027777777777777775,0.0,0.0,0.0,0.0,0.0,0.0016666666666666668,0.9955555555555556,0.0,0.002430555555555555,0.0,0.0,0.002430555555555555,Transit,Fishing - Trawler
700053155,VESSEL_PHI_005,TW,transit,0.9983333333333333,trawler,0.9999999832041139,0.0,0.0,0.0,0.0,0.0,0.0016666666666666668,0.0,0.9983333333333333,0.0,0.002430555555555555,0.0,0.0,0.002430555555555555,Transit,Fishing - Trawler
700053155,VESSEL_PHI_005,TW,transit,0.9999890350877193,trawler,0.9999999832041139,1.0964912280701754e-05,0.0,0.0,0.0,0.0,0.0,0.0,0.9999890350877193,0.0,0.002430555555555555,0.0,0.0,0.002430555555555555,Transit,Fishing - Trawler
700053155,VESSEL_PHI_005,TW,transit,0.9999890350877193,trawler,0.9999999832041139,1.0964912280701754e-05,0.0,0.0,0.0,0.0,0.0,0.0,0.9999890350877193,0.0,0.002430555555555555,0.0,0.0,0.002430555555555555,Transit,Fishing - Trawler
700053155,VESSEL_PHI_005,TW,transit,0.9999890350877193,trawler,0.9999999832041139,1.0964912280701754e-05,0.0,0.0,0.0,0.0,0.0,0.0,0.9999890350877193,0.0,0.002430555555555555,0.0,0.0,0.002430555555555555,Transit,Fishing - Trawler
700053155,VESSEL_PHI_005,TW,transit,0.9999890350877193,trawler,0.9999999832041139,1.0964912280701754e-05,0.0,0.0,0.0,0.0,0.0,0.0,0.9999890350877193,0.0,0.002430555555555555,0.0,0.0,0.002430555555555555,Transit,Fishing - Trawler
700053155,VESSEL_PHI_005,TW,transit,0.9999890350877193,trawler,0.9999999832041139,1.0964912280701754e-05,0.0,0.0,0.0,0.0,0.0,0.0,0.9999890350877193,0.0,0.002430555555555555,0.0,0.0,0.002430555555555555,Transit,Fishing - Trawler
700053155,VESSEL_PHI_005,TW,transit,1.0,trawler,0.9999999832041139,0.0,0.0,0.0,0.0,0.0,0.0,0.0,1.0,0.0,0.002430555555555555,0.0,0.0,0.002430555555555555,Transit,Fishing - Trawler
700053155,VESSEL_PHI_005,TW,transit,0.9956666666666666,trawler,0.9999999832041139,0.0,0.003666666666666667,0.0,0.0006666666666666668,0.0,0.0,0.0,0.9956666666666666,0.0,0.002430555555555555,0.0,0.0,0.002430555555555555,Transit,Fishing - Trawler
700053155,VESSEL_PHI_005,TW,transit,0.9966666666666667,trawler,0.9999999832039094,0.0,0.002,0.0,0.0006666666666666668,0.0,0.0006666666666666668,0.0,0.9966666666666667,0.0,0.002430555555555555,0.0,0.0,0.002430555555555555,Transit,Fishing - Trawler
700053155,VESSEL_PHI_005,TW,transit,0.9999890350877193,trawler,0.9999999832041139,1.0964912280701754e-05,0.0,0.0,0.0,0.0,0.0,0.0,0.9999890350877193,0.0,0.002430555555555555,0.0,0.0,0.002430555555555555,Transit,Fishing - Trawler
700053155,VESSEL_PHI_005,TW,transit,0.9923223684210526,trawler,0.9999999832041139,1.0964912280701754e-05,0.005333333333333334,0.0,0.002333333333333333,0.0,0.0,0.0,0.9923223684210526,0.0,0.002430555555555555,0.0,0.0,0.002430555555555555,Transit,Fishing - Trawler
700053155,VESSEL_PHI_005,TW,transit,0.9999890350877193,trawler,0.9999999832041139,1.0964912280701754e-05,0.0,0.0,0.0,0.0,0.0,0.0,0.9999890350877193,0.0,0.002430555555555555,0.0,0.0,0.002430555555555555,Transit,Fishing - Trawler
700053155,VESSEL_PHI_005,TW,transit,0.9999890350877193,trawler,0.9999999832041139,1.0964912280701754e-05,0.0,0.0,0.0,0.0,0.0,0.0,0.9999890350877193,0.0,0.002430555555555555,0.0,0.0,0.002430555555555555,Transit,Fishing - Trawler
700053155,VESSEL_PHI_005,TW,transit,0.9969890350877193,trawler,0.9999999832041139,1.0964912280701754e-05,0.0,0.0,0.0,0.0,0.0016666666666666668,0.0013333333333333335,0.9969890350877193,0.0,0.002430555555555555,0.0,0.0,0.002430555555555555,Transit,Fishing - Trawler
700053155,VESSEL_PHI_005,TW,transit,0.9999890350877193,trawler,0.999999983216518,1.0964912280701754e-05,0.0,0.0,0.0,0.0,0.0,0.0,0.9999890350877193,0.0,0.002430555555555555,0.0,0.0,0.002430555555555555,Transit,Fishing - Trawler
700053155,VESSEL_PHI_005,TW,transit,1.0,trawler,0.9999999832039094,0.0,0.0,0.0,0.0,0.0,0.0,0.0,1.0,0.0,0.002430555555555555,0.0,0.0,0.002430555555555555,Transit,Fishing - Trawler
700053155,VESSEL_PHI_005,TW,transit,1.0,trawler,0.9999999832039094,0.0,0.0,0.0,0.0,0.0,0.0,0.0,1.0,0.0,0.002430555555555555,0.0,0.0,0.002430555555555555,Transit,Fishing - Trawler
700053155,VESSEL_PHI_005,TW,transit,0.9983333333333333,trawler,0.9999999832041139,0.0,0.0,0.0,0.0,0.0,0.0,0.0016666666666666668,0.9983333333333333,0.0,0.002430555555555555,0.0,0.0,0.002430555555555555,Transit,Fishing - Trawler
700053155,VESSEL_PHI_005,TW,transit,0.9983006535947713,trawler,0.9999999832039094,3.26797385620915e-05,0.0,0.0,0.0,0.0,0.0,0.0016666666666666668,0.9983006535947713,0.0,0.002430555555555555,0.0,0.0,0.002430555555555555,Transit,Fishing - Trawler
700053155,VESSEL_PHI_005,TW,transit,0.9983333333333333,trawler,0.9999999832039094,0.0,0.0,0.0,0.0,0.0,0.0,0.0016666666666666668,0.9983333333333333,0.0,0.002430555555555555,0.0,0.0,0.002430555555555555,Transit,Fishing - Trawler
700053156,VESSEL_PHI_006,MH,transit,0.9999890350877193,longliner,0.9999999760273194,1.0964912280701754e-05,0.0,0.0,0.0,0.0,0.0,0.0,0.9999890350877193,0.0,0.002430555555555555,0.0,0.0,0.002430555555555555,Transit,Fishing - Longliner
700053156,VESSEL_PHI_006,MH,transit,0.9999890350877193,longliner,0.9999999769327131,1.0964912280701754e-05,0.0,0.0,0.0,0.0,0.0,0.0,0.9999890350877193,0.0,0.002430555555555555,0.0,0.0,0.002430555555555555,Transit,Fishing - Longliner
700053156,VESSEL_PHI_006,MH,transit,1.0,longliner,0.9999999769324736,0.0,0.0,0.0,0.0,0.0,0.0,0.0,1.0,0.0,0.002430555555555555,0.0,0.0,0.002430555555555555,Transit,Fishing - Longliner
700053156,VESSEL_PHI_006,MH,transit,1.0,longliner,0.9999999769324736,0.0,0.0,0.0,0.0,0.0,0.0,0.0,1.0,0.0,0.002430555555555555,0.0,0.0,0.002430555555555555,Transit,Fishing - Longliner
700053156,VESSEL_PHI_006,MH,transit,1.0,longliner,0.9999999769327131,0.0,0.0,0.0,0.0,0.0,0.0,0.0,1.0,0.0,0.002430555555555555,0.0,0.0,0.002430555555555555,Transit,Fishing - Longliner
700053156,VESSEL_PHI_006,MH,transit,0.9983333333333333,longliner,0.9999999769327131,0.0,0.0,0.0,0.0,0.0,0.0,0.0016666666666666668,0.9983333333333333,0.0,0.002430555555555555,0.0,0.0,0.002430555555555555,Transit,Fishing - Longliner
700053156,VESSEL_PHI_006,MH,transit,1.0,longliner,0.9999999769324736,0.0,0.0,0.0,0.0,0.0,0.0,0.0,1.0,0.0,0.002430555555555555,0.0,0.0,0.002430555555555555,Transit,Fishing - Longliner
700053156,VESSEL_PHI_006,MH,transit,0.9758562091503268,longliner,0.9999999768264519,0.002810457516339869,0.0,0.0,0.013555555555555555,0.0,0.007777777777777777,0.0,0.9758562091503268,0.0,0.002430555555555555,0.0,0.0,0.002430555555555555,Transit,Fishing - Longliner
700053156,VESSEL_PHI_006,MH,fishing,0.957031746031746,longliner,0.999999974767078,0.0,0.0019047619047619048,0.0016666666666666668,0.957031746031746,0.002666666666666667,0.004166666666666667,0.0,0.032563492063492065,0.0,0.002430555555555555,0.4233285496097313,0.0,0.4233285496097313,Fishing,Fishing - Longliner
700053156,VESSEL_PHI_006,MH,fishing,0.9998381877022655,longliner,0.9999999754662628,0.0,0.0,1.0787486515641855e-05,0.9998381877022655,0.0,3.2362459546925564e-05,0.0,0.0001186623516720604,0.0,0.002430555555555555,0.4267480525877028,0.0,0.4267480525877028,Fishing,Fishing - Longliner
700053156,VESSEL_PHI_006,MH,fishing,1.0,longliner,0.9999999758417913,0.0,0.0,0.0,1.0,0.0,0.0,0.0,0.0,0.0,0.002430555555555555,0.42816739600885345,0.0,0.42816739600885345,Fishing,Fishing - Longliner
700053156,VESSEL_PHI_006,MH,fishing,1.0,longliner,0.9999999758417913,0.0,0.0,0.0,1.0,0.0,0.0,0.0,0.0,0.0,0.002430555555555555,0.42814215642209713,0.0,0.42814215642209713,Fishing,Fishing - Longliner
700053156,VESSEL_PHI_006,MH,fishing,0.9966666666666667,longliner,0.9999999758417913,0.0,0.0,0.0,0.9966666666666667,0.0033333333333333335,0.0,0.0,0.0,0.0,0.002430555555555555,0.4273860472242337,0.0,0.4273860472242337,Fishing,Fishing - Longliner
700053156,VESSEL_PHI_006,MH,fishing,0.9927777777777778,longliner,0.9999999758417913,0.0,0.0,0.0022222222222222222,0.9927777777777778,0.0027777777777777775,0.0,0.0022222222222222222,0.0,0.0,0.002430555555555555,0.4266712474332649,0.0,0.4266712474332649,Fishing,Fishing - Longliner
700053156,VESSEL_PHI_006,MH,fishing,0.9899999999999998,longliner,0.9999999758417913,0.0,0.0016666666666666668,0.0,0.9899999999999998,0.0033333333333333335,0.0,0.0,0.0038888888888888883,0.0011111111111111111,0.002430555555555555,0.4257640636668845,0.0,0.4257640636668845,Fishing,Fishing - Longliner
700053156,VESSEL_PHI_006,MH,fishing,1.0,longliner,0.9999999758417913,0.0,0.0,0.0,1.0,0.0,0.0,0.0,0.0,0.0,0.002430555555555555,0.42458995808724154,0.0,0.42458995808724154,Fishing,Fishing - Longliner
700053156,VESSEL_PHI_006,MH,fishing,1.0,longliner,0.9999999758417913,0.0,0.0,0.0,1.0,0.0,0.0,0.0,0.0,0.0,0.002430555555555555,0.42307904445519895,0.0,0.42307904445519895,Fishing,Fishing - Longliner
700053156,VESSEL_PHI_006,MH,fishing,0.8638253968253968,longliner,0.9999999758675685,0.017936507936507935,0.053015873015873016,0.0,0.8638253968253968,0.010833333333333334,0.0,0.021111111111111112,0.03161111111111112,0.0016666666666666668,0.002430555555555555,0.421282043894535,0.0,0.421282043894535,Fishing,Fishing - Longliner
700053156,VESSEL_PHI_006,MH,fishing,0.9951111111111112,longliner,0.9999999758769872,0.0,0.0,0.0,0.9951111111111112,0.00488888888888889,0.0,0.0,0.0,0.0,0.002430555555555555,0.4193821111580214,0.0,0.4193821111580214,Fishing,Fishing - Longliner
700053156,VESSEL_PHI_006,MH,fishing,0.9977777777777779,longliner,0.9999999758417913,0.0,0.0,0.0,0.9977777777777779,0.0022222222222222222,0.0,0.0,0.0,0.0,0.002430555555555555,0.4178525160259934,0.0,0.4178525160259934,Fishing,Fishing - Longliner
700053156,VESSEL_PHI_006,MH,fishing,0.9977777777777779,longliner,0.9999999758769872,0.0,0.0,0.0,0.9977777777777779,0.0022222222222222222,0.0,0.0,0.0,0.0,0.002430555555555555,0.41806446569268074,0.0,0.41806446569268074,Fishing,Fishing - Longliner
700053156,VESSEL_PHI_006,MH,fishing,0.9966666666666667,longliner,0.9999999758417913,0.0,0.0016666666666666668,0.0,0.9966666666666667,0.0,0.0,0.0,0.0,0.0016666666666666668,0.002430555555555555,0.41969394783058067,0.0,0.41969394783058067,Fishing,Fishing - Longliner
700053156,VESSEL_PHI_006,MH,fishing,1.0,longliner,0.9999999758417913,0.0,0.0,0.0,1.0,0.0,0.0,0.0,0.0,0.0,0.002430555555555555,0.4213336428902409,0.0,0.4213336428902409,Fishing,Fishing - Longliner
700053156,VESSEL_PHI_006,MH,fishing,0.9983333333333333,longliner,0.9999999758417913,0.0,0.0,0.0,0.9983333333333333,0.0016666666666666668,0.0,0.0,0.0,0.0,0.002430555555555555,0.42235493363125837,0.0,0.42235493363125837,Fishing,Fishing - Longliner
700053156,VESSEL_PHI_006,MH,fishing,1.0,longliner,0.9999999758417913,0.0,0.0,0.0,1.0,0.0,0.0,0.0,0.0,0.0,0.002430555555555555,0.42282274839416356,0.0,0.42282274839416356,Fishing,Fishing - Longliner
700053156,VESSEL_PHI_006,MH,fishing,1.0,longliner,0.9999999758417913,0.0,0.0,0.0,1.0,0.0,0.0,0.0,0.0,0.0,0.002430555555555555,0.4227655368587474,0.0,0.4227655368587474,Fishing,Fishing - Longliner
700053156,VESSEL_PHI_006,MH,fishing,0.9966666666666667,longliner,0.9999999758417913,0.0,0.0,0.0,0.9966666666666667,0.0033333333333333335,0.0,0.0,0.0,0.0,0.002430555555555555,0.42189010188673526,0.0,0.42189010188673526,Fishing,Fishing - Longliner
700053156,VESSEL_PHI_006,MH,fishing,0.9956666666666666,longliner,0.9999999758417913,0.0,0.0016666666666666668,0.0,0.9956666666666666,0.002666666666666667,0.0,0.0,0.0,0.0,0.002430555555555555,0.42125444073650464,0.0,0.42125444073650464,Fishing,Fishing - Longliner
700053156,VESSEL_PHI_006,MH,fishing,1.0,longliner,0.9999999758417913,0.0,0.0,0.0,1.0,0.0,0.0,0.0,0.0,0.0,0.002430555555555555,0.4219617790060248,0.0,0.4219617790060248,Fishing,Fishing - Longliner
700053156,VESSEL_PHI_006,MH,fishing,1.0,longliner,0.9999999758417913,0.0,0.0,0.0,1.0,0.0,0.0,0.0,0.0,0.0,0.002430555555555555,0.4233185462971923,0.0,0.4233185462971923,Fishing,Fishing - Longliner
700053156,VESSEL_PHI_006,MH,fishing,1.0,longliner,0.9999999758417913,0.0,0.0,0.0,1.0,0.0,0.0,0.0,0.0,0.0,0.002430555555555555,0.42407718928397287,0.0,0.42407718928397287,Fishing,Fishing - Longliner
700053156,VESSEL_PHI_006,MH,fishing,1.0,longliner,0.9999999758417913,0.0,0.0,0.0,1.0,0.0,0.0,0.0,0.0,0.0,0.002430555555555555,0.4237797109992251,0.0,0.4237797109992251,Fishing,Fishing - Longliner
700053156,VESSEL_PHI_006,MH,fishing,0.9933333333333333,longliner,0.9999999758417913,0.0,0.0,0.0,0.9933333333333333,0.006666666666666667,0.0,0.0,0.0,0.0,0.002430555555555555,0.42289829573697524,0.0,0.42289829573697524,Fishing,Fishing - Longliner
700053156,VESSEL_PHI_006,MH,fishing,0.9991111111111112,longliner,0.9999999758417913,0.0,0.0,0.0,0.9991111111111112,0.0008888888888888888,0.0,0.0,0.0,0.0,0.002430555555555555,0.4229336003396911,0.0,0.4229336003396911,Fishing,Fishing - Longliner
700053156,VESSEL_PHI_006,MH,fishing,0.9983333333333333,longliner,0.9999999758546835,0.0,0.0,0.0,0.9983333333333333,0.0,0.0,0.0,0.0,0.0016666666666666668,0.002430555555555555,0.4238063873904242,0.0,0.4238063873904242,Fishing,Fishing - Longliner
700053156,VESSEL_PHI_006,MH,transit,0.7695631067961165,longliner,0.999999972536385,0.0,0.0044444444444444444,0.009455231930960087,0.15039374325782093,0.0295,0.011976806903991371,0.0011111111111111111,0.7695631067961165,0.02355555555555556,0.002430555555555555,0.0,0.0,0.002430555555555555,Transit,Fishing - Longliner
700053156,VESSEL_PHI_006,MH,transit,0.9958006535947713,longliner,0.9999999750403361,0.000866013071895425,0.0,0.0,0.0,0.0,0.0016666666666666668,0.0016666666666666668,0.9958006535947713,0.0,0.002430555555555555,0.0,0.0,0.002430555555555555,Transit,Fishing - Longliner
700053156,VESSEL_PHI_006,MH,transit,0.9983006535947713,longliner,0.9999999767884024,0.0016993464052287581,0.0,0.0,0.0,0.0,0.0,0.0,0.9983006535947713,0.0,0.002430555555555555,0.0,0.0,0.002430555555555555,Transit,Fishing - Longliner
700053156,VESSEL_PHI_006,MH,fishing,0.9520634920634922,longliner,0.9999999725291396,0.0,0.0,0.0,0.9520634920634922,0.004074074074074074,0.0008333333333333334,0.0,0.04219576719576719,0.0008333333333333334,0.002430555555555555,0.4512084414247547,0.0,0.4512084414247547,Fishing,Fishing - Longliner
700053156,VESSEL_PHI_006,MH,fishing,0.9905555555555554,longliner,0.9999999758599559,0.0,0.0,0.0,0.9905555555555554,0.0,0.0,0.0,0.0,0.009444444444444443,0.002430555555555555,0.4541883330120282,0.0,0.4541883330120282,Fishing,Fishing - Longliner
700053156,VESSEL_PHI_006,MH,fishing,0.995,longliner,0.9999999758452695,0.0,0.0,0.0,0.995,0.0008333333333333334,0.0,0.0,0.0025,0.0016666666666666668,0.002430555555555555,0.4534755429765851,0.0,0.4534755429765851,Fishing,Fishing - Longliner
700053156,VESSEL_PHI_006,MH,fishing,0.9955555555555554,longliner,0.9999999758452695,0.0,0.0011111111111111111,0.0033333333333333335,0.9955555555555554,0.0,0.0,0.0,0.0,0.0,0.002430555555555555,0.45192292895621233,0.0,0.45192292895621233,Fishing,Fishing - Longliner
700053156,VESSEL_PHI_006,MH,fishing,1.0,longliner,0.9999999758417913,0.0,0.0,0.0,1.0,0.0,0.0,0.0,0.0,0.0,0.002430555555555555,0.4514606251009564,0.0,0.4514606251009564,Fishing,Fishing - Longliner
700053156,VESSEL_PHI_006,MH,fishing,0.9983333333333333,longliner,0.9999999758417913,0.0,0.0,0.0,0.9983333333333333,0.0,0.0,0.0,0.0,0.0016666666666666668,0.002430555555555555,0.4525512335034,0.0,0.4525512335034,Fishing,Fishing - Longliner
700053156,VESSEL_PHI_006,MH,fishing,0.9966666666666667,longliner,0.9999999758417913,0.0,0.0,0.0,0.9966666666666667,0.0033333333333333335,0.0,0.0,0.0,0.0,0.002430555555555555,0.4538814806959647,0.0,0.4538814806959647,Fishing,Fishing - Longliner
700053156,VESSEL_PHI_006,MH,fishing,1.0,longliner,0.9999999758417913,0.0,0.0,0.0,1.0,0.0,0.0,0.0,0.0,0.0,0.002430555555555555,0.45455279014382116,0.0,0.45455279014382116,Fishing,Fishing - Longliner
700053156,VESSEL_PHI_006,MH,fishing,0.9991666666666666,longliner,0.9999999758417913,0.0,0.0,0.0,0.9991666666666666,0.0008333333333333334,0.0,0.0,0.0,0.0,0.002430555555555555,0.4542134518507605,0.0,0.4542134518507605,Fishing,Fishing - Longliner
700053156,VESSEL_PHI_006,MH,fishing,0.9975,longliner,0.9999999758417913,0.0,0.0,0.0,0.9975,0.0025,0.0,0.0,0.0,0.0,0.002430555555555555,0.45336034844770345,0.0,0.45336034844770345,Fishing,Fishing - Longliner
700053156,VESSEL_PHI_006,MH,fishing,1.0,longliner,0.9999999758417913,0.0,0.0,0.0,1.0,0.0,0.0,0.0,0.0,0.0,0.002430555555555555,0.4526974209917404,0.0,0.4526974209917404,Fishing,Fishing - Longliner
700053156,VESSEL_PHI_006,MH,fishing,0.9594850130990907,longliner,0.9999999763413142,0.0,0.006027777777777778,1.0787486515641855e-05,0.9594850130990907,0.0025,3.2362459546925564e-05,0.0,0.02777739251040222,0.004166666666666667,0.002430555555555555,0.45178074728759055,0.0,0.45178074728759055,Fishing,Fishing - Longliner
700053156,VESSEL_PHI_006,MH,transit,0.9122178687008784,longliner,0.9999999725374481,0.004166666666666667,0.0022222222222222222,0.0016774541531823083,0.046727076591154264,0.010734126984126983,0.0016990291262135922,0.01861111111111111,0.9122178687008784,0.0019444444444444442,0.002430555555555555,0.0,0.0,0.002430555555555555,Transit,Fishing - Longliner
700053156,VESSEL_PHI_006,MH,transit,1.0,longliner,0.9999999769327131,0.0,0.0,0.0,0.0,0.0,0.0,0.0,1.0,0.0,0.002430555555555555,0.0,0.0,0.002430555555555555,Transit,Fishing - Longliner
700053156,VESSEL_PHI_006,MH,transit,1.0,longliner,0.9999999769327131,0.0,0.0,0.0,0.0,0.0,0.0,0.0,1.0,0.0,0.002430555555555555,0.0,0.0,0.002430555555555555,Transit,Fishing - Longliner
700053156,VESSEL_PHI_006,MH,transit,1.0,longliner,0.9999999769324736,0.0,0.0,0.0,0.0,0.0,0.0,0.0,1.0,0.0,0.002430555555555555,0.0,0.0,0.002430555555555555,Transit,Fishing - Longliner
700053156,VESSEL_PHI_006,MH,transit,1.0,longliner,0.9999999769324736,0.0,0.0,0.0,0.0,0.0,0.0,0.0,1.0,0.0,0.002430555555555555,0.0,0.0,0.002430555555555555,Transit,Fishing - Longliner
700053156,VESSEL_PHI_006,MH,transit,1.0,longliner,0.9999999769324736,0.0,0.0,0.0,0.0,0.0,0.0,0.0,1.0,0.0,0.002430555555555555,0.0,0.0,0.002430555555555555,Transit,Fishing - Longliner
700053156,VESSEL_PHI_006,MH,transit,1.0,longliner,0.9999999769324736,0.0,0.0,0.0,0.0,0.0,0.0,0.0,1.0,0.0,0.002430555555555555,0.0,0.0,0.002430555555555555,Transit,Fishing - Longliner
700053156,VESSEL_PHI_006,MH,transit,1.0,longliner,0.9999999769327131,0.0,0.0,0.0,0.0,0.0,0.0,0.0,1.0,0.0,0.002430555555555555,0.0,0.0,0.002430555555555555,Transit,Fishing - Longliner
700053156,VESSEL_PHI_006,MH,transit,1.0,longliner,0.9999999769324736,0.0,0.0,0.0,0.0,0.0,0.0,0.0,1.0,0.0,0.002430555555555555,0.0,0.0,0.002430555555555555,Transit,Fishing - Longliner
700053156,VESSEL_PHI_006,MH,transit,1.0,longliner,0.9999999769325721,0.0,0.0,0.0,0.0,0.0,0.0,0.0,1.0,0.0,0.002430555555555555,0.0,0.0,0.002430555555555555,Transit,Fishing - Longliner
700053156,VESSEL_PHI_006,MH,transit,1.0,longliner,0.9999999760269626,0.0,0.0,0.0,0.0,0.0,0.0,0.0,1.0,0.0,0.002430555555555555,0.0,0.0,0.002430555555555555,Transit,Fishing - Longliner
700053156,VESSEL_PHI_006,MH,transit,1.0,longliner,0.9999999709588117,0.0,0.0,0.0,0.0,0.0,0.0,0.0,1.0,0.0,0.002430555555555555,0.0,0.0,0.002430555555555555,Transit,Fishing - Longliner
700053156,VESSEL_PHI_006,MH,transit,1.0,longliner,0.9999999763686606,0.0,0.0,0.0,0.0,0.0,0.0,0.0,1.0,0.0,0.002430555555555555,0.0,0.0,0.002430555555555555,Transit,Fishing - Longliner
700053156,VESSEL_PHI_006,MH,transit,0.9999890350877193,longliner,0.9999999769327131,1.0964912280701754e-05,0.0,0.0,0.0,0.0,0.0,0.0,0.9999890350877193,0.0,0.002430555555555555,0.0,0.0,0.002430555555555555,Transit,Fishing - Longliner
700053156,VESSEL_PHI_006,MH,transit,1.0,longliner,0.9999999769327131,0.0,0.0,0.0,0.0,0.0,0.0,0.0,1.0,0.0,0.002430555555555555,0.0,0.0,0.002430555555555555,Transit,Fishing - Longliner
700053156,VESSEL_PHI_006,MH,transit,1.0,longliner,0.9999999769324736,0.0,0.0,0.0,0.0,0.0,0.0,0.0,1.0,0.0,0.002430555555555555,0.0,0.0,0.002430555555555555,Transit,Fishing - Longliner
700053156,VESSEL_PHI_006,MH,transit,1.0,longliner,0.9999999769324736,0.0,0.0,0.0,0.0,0.0,0.0,0.0,1.0,0.0,0.002430555555555555,0.0,0.0,0.002430555555555555,Transit,Fishing - Longliner
700053156,VESSEL_PHI_006,MH,transit,0.9999890350877193,longliner,0.9999999769327131,1.0964912280701754e-05,0.0,0.0,0.0,0.0,0.0,0.0,0.9999890350877193,0.0,0.002430555555555555,0.0,0.0,0.002430555555555555,Transit,Fishing - Longliner
700053156,VESSEL_PHI_006,MH,transit,1.0,longliner,0.9999999769327131,0.0,0.0,0.0,0.0,0.0,0.0,0.0,1.0,0.0,0.002430555555555555,0.0,0.0,0.002430555555555555,Transit,Fishing - Longliner
700053156,VESSEL_PHI_006,MH,transit,0.9999890350877193,longliner,0.9999999769327131,1.0964912280701754e-05,0.0,0.0,0.0,0.0,0.0,0.0,0.9999890350877193,0.0,0.002430555555555555,0.0,0.0,0.002430555555555555,Transit,Fishing - Longliner
700053156,VESSEL_PHI_006,MH,transit,0.9999890350877193,longliner,0.9999999769327131,1.0964912280701754e-05,0.0,0.0,0.0,0.0,0.0,0.0,0.9999890350877193,0.0,0.002430555555555555,0.0,0.0,0.002430555555555555,Transit,Fishing - Longliner
700053156,VESSEL_PHI_006,MH,transit,1.0,longliner,0.9999999769324736,0.0,0.0,0.0,0.0,0.0,0.0,0.0,1.0,0.0,0.002430555555555555,0.0,0.0,0.002430555555555555,Transit,Fishing - Longliner
700053156,VESSEL_PHI_006,MH,transit,1.0,longliner,0.9999999769324736,0.0,0.0,0.0,0.0,0.0,0.0,0.0,1.0,0.0,0.002430555555555555,0.0,0.0,0.002430555555555555,Transit,Fishing - Longliner
700053156,VESSEL_PHI_006,MH,transit,1.0,longliner,0.9999999769324736,0.0,0.0,0.0,0.0,0.0,0.0,0.0,1.0,0.0,0.002430555555555555,0.0,0.0,0.002430555555555555,Transit,Fishing - Longliner
700053156,VESSEL_PHI_006,MH,transit,1.0,longliner,0.9999999769327131,0.0,0.0,0.0,0.0,0.0,0.0,0.0,1.0,0.0,0.002430555555555555,0.0,0.0,0.002430555555555555,Transit,Fishing - Longliner
700053156,VESSEL_PHI_006,MH,transit,1.0,longliner,0.9999999769324736,0.0,0.0,0.0,0.0,0.0,0.0,0.0,1.0,0.0,0.002430555555555555,0.0,0.0,0.002430555555555555,Transit,Fishing - Longliner
700053156,VESSEL_PHI_006,MH,transit,0.9988888888888887,longliner,0.9999999769327131,0.0,0.0,0.0,0.0,0.0,0.0011111111111111111,0.0,0.9988888888888887,0.0,0.002430555555555555,0.0,0.0,0.002430555555555555,Transit,Fishing - Longliner
700053156,VESSEL_PHI_006,MH,transit,0.9999890350877193,longliner,0.9999999769327131,1.0964912280701754e-05,0.0,0.0,0.0,0.0,0.0,0.0,0.9999890350877193,0.0,0.002430555555555555,0.0,0.0,0.002430555555555555,Transit,Fishing - Longliner
700053156,VESSEL_PHI_006,MH,transit,1.0,longliner,0.9999999769324736,0.0,0.0,0.0,0.0,0.0,0.0,0.0,1.0,0.0,0.002430555555555555,0.0,0.0,0.002430555555555555,Transit,Fishing - Longliner
700053156,VESSEL_PHI_006,MH,transit,1.0,longliner,0.9999999769324736,0.0,0.0,0.0,0.0,0.0,0.0,0.0,1.0,0.0,0.002430555555555555,0.0,0.0,0.002430555555555555,Transit,Fishing - Longliner
700053156,VESSEL_PHI_006,MH,transit,1.0,longliner,0.9999999763685329,0.0,0.0,0.0,0.0,0.0,0.0,0.0,1.0,0.0,0.002430555555555555,0.0,0.0,0.002430555555555555,Transit,Fishing - Longliner
700053156,VESSEL_PHI_006,MH,transit,1.0,longliner,0.9999999763767383,0.0,0.0,0.0,0.0,0.0,0.0,0.0,1.0,0.0,0.002430555555555555,0.0,0.0,0.002430555555555555,Transit,Fishing - Longliner
700053156,VESSEL_PHI_006,MH,transit,1.0,longliner,0.9999999757796448,0.0,0.0,0.0,0.0,0.0,0.0,0.0,1.0,0.0,0.002430555555555555,0.0,0.0,0.002430555555555555,Transit,Fishing - Longliner
700053156,VESSEL_PHI_006,MH,transit,1.0,longliner,0.9999999763682975,0.0,0.0,0.0,0.0,0.0,0.0,0.0,1.0,0.0,0.002430555555555555,0.0,0.0,0.002430555555555555,Transit,Fishing - Longliner
700053156,VESSEL_PHI_006,MH,transit,1.0,longliner,0.9999999765772217,0.0,0.0,0.0,0.0,0.0,0.0,0.0,1.0,0.0,0.002430555555555555,0.0,0.0,0.002430555555555555,Transit,Fishing - Longliner
700053157,VESSEL_PHI_007,SG,transit,1.0,trawler,0.9999914305951244,0.0,0.0,0.0,0.0,0.0,0.0,0.0,1.0,0.0,0.002430555555555555,0.0,0.0,0.002430555555555555,Transit,Fishing - Trawler
700053157,VESSEL_PHI_007,SG,transit,1.0,trawler,0.9999903304110704,0.0,0.0,0.0,0.0,0.0,0.0,0.0,1.0,0.0,0.002430555555555555,0.0,0.0,0.002430555555555555,Transit,Fishing - Trawler
700053157,VESSEL_PHI_007,SG,transit,1.0,trawler,0.9999990932143179,0.0,0.0,0.0,0.0,0.0,0.0,0.0,1.0,0.0,0.002430555555555555,0.0,0.0,0.002430555555555555,Transit,Fishing - Trawler
700053157,VESSEL_PHI_007,SG,transit,1.0,trawler,0.9999903304112621,0.0,0.0,0.0,0.0,0.0,0.0,0.0,1.0,0.0,0.002430555555555555,0.0,0.0,0.002430555555555555,Transit,Fishing - Trawler
700053157,VESSEL_PHI_007,SG,transit,1.0,trawler,0.9999903304112621,0.0,0.0,0.0,0.0,0.0,0.0,0.0,1.0,0.0,0.002430555555555555,0.0,0.0,0.002430555555555555,Transit,Fishing - Trawler
700053157,VESSEL_PHI_007,SG,transit,0.9999890350877193,trawler,0.9999903304112621,1.0964912280701754e-05,0.0,0.0,0.0,0.0,0.0,0.0,0.9999890350877193,0.0,0.002430555555555555,0.0,0.0,0.002430555555555555,Transit,Fishing - Trawler
700053157,VESSEL_PHI_007,SG,transit,1.0,trawler,0.9999903304110704,0.0,0.0,0.0,0.0,0.0,0.0,0.0,1.0,0.0,0.002430555555555555,0.0,0.0,0.002430555555555555,Transit,Fishing - Trawler
700053157,VESSEL_PHI_007,SG,transit,1.0,trawler,0.9999914305798024,0.0,0.0,0.0,0.0,0.0,0.0,0.0,1.0,0.0,0.002430555555555555,0.0,0.0,0.002430555555555555,Transit,Fishing - Trawler
700053157,VESSEL_PHI_007,SG,transit,1.0,trawler,0.9999914305798024,0.0,0.0,0.0,0.0,0.0,0.0,0.0,1.0,0.0,0.002430555555555555,0.0,0.0,0.002430555555555555,Transit,Fishing - Trawler
700053157,VESSEL_PHI_007,SG,transit,0.9805555555555556,trawler,0.9999975952239153,0.0,0.0,0.0,0.015,0.0,0.0033333333333333335,0.0011111111111111111,0.9805555555555556,0.0,0.002430555555555555,0.0,0.0,0.002430555555555555,Transit,Fishing - Trawler
700053157,VESSEL_PHI_007,SG,fishing,0.7270048543689321,trawler,0.9999981941720809,0.0,0.0,1.0787486515641855e-05,0.7270048543689321,0.0011111111111111111,0.003365695792880259,0.014444444444444444,0.25239644012944984,0.0016666666666666668,0.002430555555555555,0.6,0.0,0.6,Fishing,Fishing - Trawler
700053157,VESSEL_PHI_007,SG,fishing,0.9798381877022655,trawler,0.9999999760065491,0.0,0.008888888888888889,0.0033441208198489755,0.9798381877022655,0.0,3.2362459546925564e-05,0.0,0.007896440129449837,0.0,0.002430555555555555,0.6,0.0,0.6,Fishing,Fishing - Trawler
700053157,VESSEL_PHI_007,SG,fishing,0.9781715210355988,trawler,0.9999999761211195,0.0,0.012222222222222221,0.0033441208198489755,0.9781715210355988,0.0,3.2362459546925564e-05,0.0,0.006229773462783171,0.0,0.002430555555555555,0.6,0.0,0.6,Fishing,Fishing - Trawler
700053157,VESSEL_PHI_007,SG,fishing,0.9731715210355988,trawler,0.9999999761210915,0.0,0.012222222222222221,0.0033441208198489755,0.9731715210355988,0.0,0.003365695792880259,0.0,0.007896440129449837,0.0,0.002430555555555555,0.6,0.0,0.6,Fishing,Fishing - Trawler
700053157,VESSEL_PHI_007,SG,fishing,0.9715048543689322,trawler,0.9999999761210915,0.0,0.012222222222222221,0.0033441208198489755,0.9715048543689322,0.0,0.003365695792880259,0.0,0.009563106796116506,0.0,0.002430555555555555,0.6,0.0,0.6,Fishing,Fishing - Trawler
700053157,VESSEL_PHI_007,SG,fishing,0.9698381877022655,trawler,0.9999999761211195,0.0,0.012222222222222221,0.0033441208198489755,0.9698381877022655,0.0,0.003365695792880259,0.0,0.011229773462783173,0.0,0.002430555555555555,0.6,0.0,0.6,Fishing,Fishing - Trawler
700053157,VESSEL_PHI_007,SG,fishing,0.9815048543689322,trawler,0.9999999762006097,0.0,0.008888888888888889,0.0033441208198489755,0.9815048543689322,0.0,3.2362459546925564e-05,0.0,0.006229773462783171,0.0,0.002430555555555555,0.6,0.0,0.6,Fishing,Fishing - Trawler
700053157,VESSEL_PHI_007,SG,fishing,0.9648381877022655,trawler,0.9999999621531307,0.0,0.008888888888888889,0.0033441208198489755,0.9648381877022655,0.011666666666666667,3.2362459546925564e-05,0.0,0.006229773462783171,0.005,0.002430555555555555,0.6,0.0,0.6,Fishing,Fishing - Trawler
700053157,VESSEL_PHI_007,SG,fishing,0.9543381877022654,trawler,0.9999999628289675,0.0,0.008888888888888889,0.004677454153182309,0.9543381877022654,0.019166666666666665,3.2362459546925564e-05,0.0,0.006229773462783171,0.006666666666666667,0.002430555555555555,0.6,0.0,0.6,Fishing,Fishing - Trawler
700053157,VESSEL_PHI_007,SG,fishing,0.9681715210355988,trawler,0.999999974554896,0.0,0.012222222222222221,0.0033441208198489755,0.9681715210355988,0.0033333333333333335,3.2362459546925564e-05,0.0,0.006229773462783171,0.006666666666666667,0.002430555555555555,0.6,0.0,0.6,Fishing,Fishing - Trawler
700053157,VESSEL_PHI_007,SG,fishing,0.9740048543689321,trawler,0.9999999761211195,0.0,0.008888888888888889,0.0033441208198489755,0.9740048543689321,0.0075,3.2362459546925564e-05,0.0,0.006229773462783171,0.0,0.002430555555555555,0.6,0.0,0.6,Fishing,Fishing - Trawler
700053157,VESSEL_PHI_007,SG,fishing,0.9765048543689322,trawler,0.9999999745531445,0.0,0.008888888888888889,0.0033441208198489755,0.9765048543689322,0.005,3.2362459546925564e-05,0.0,0.006229773462783171,0.0,0.002430555555555555,0.6,0.0,0.6,Fishing,Fishing - Trawler
700053157,VESSEL_PHI_007,SG,fishing,0.9798381877022655,trawler,0.99999997492412,0.0,0.008888888888888889,0.0033441208198489755,0.9798381877022655,0.0016666666666666668,3.2362459546925564e-05,0.0,0.006229773462783171,0.0,0.002430555555555555,0.6,0.0,0.6,Fishing,Fishing - Trawler
700053157,VESSEL_PHI_007,SG,fishing,0.9781715210355988,trawler,0.9999999745531445,0.0,0.012222222222222221,0.0033441208198489755,0.9781715210355988,0.0,3.2362459546925564e-05,0.0,0.006229773462783171,0.0,0.002430555555555555,0.6,0.0,0.6,Fishing,Fishing - Trawler
700053157,VESSEL_PHI_007,SG,fishing,0.9815048543689322,trawler,0.99999997492412,0.0,0.008888888888888889,0.0033441208198489755,0.9815048543689322,0.0,3.2362459546925564e-05,0.0,0.006229773462783171,0.0,0.002430555555555555,0.6,0.0,0.6,Fishing,Fishing - Trawler
700053157,VESSEL_PHI_007,SG,fishing,0.9765048543689322,trawler,0.9999999699124373,0.0,0.008888888888888889,0.0033441208198489755,0.9765048543689322,0.005,3.2362459546925564e-05,0.0,0.006229773462783171,0.0,0.002430555555555555,0.6,0.0,0.6,Fishing,Fishing - Trawler
700053157,VESSEL_PHI_007,SG,fishing,0.9605048543689321,trawler,0.9999999750035686,0.0,0.012222222222222221,0.006677454153182308,0.9605048543689321,0.007666666666666666,3.2362459546925564e-05,0.0,0.006229773462783171,0.006666666666666667,0.002430555555555555,0.6,0.0,0.6,Fishing,Fishing - Trawler
700053157,VESSEL_PHI_007,SG,fishing,0.9581715210355988,trawler,0.9999999621533576,0.0,0.012222222222222221,0.008344120819848975,0.9581715210355988,0.0033333333333333335,3.2362459546925564e-05,0.0,0.007896440129449837,0.01,0.002430555555555555,0.6,0.0,0.6,Fishing,Fishing - Trawler
700053157,VESSEL_PHI_007,SG,fishing,0.9565048543689322,trawler,0.9999999689000568,0.0,0.012222222222222221,0.006677454153182308,0.9565048543689322,0.01,3.2362459546925564e-05,0.0,0.006229773462783171,0.008333333333333333,0.002430555555555555,0.6,0.0,0.6,Fishing,Fishing - Trawler
700053157,VESSEL_PHI_007,SG,fishing,0.7688809523809526,trawler,0.9999999071865786,0.0011111111111111111,0.017277777777777777,0.013333333333333334,0.7688809523809526,0.021222222222222222,0.0,0.004,0.17084126984126982,0.0033333333333333335,0.002430555555555555,0.6,0.0,0.6,Fishing,Fishing - Trawler
700053157,VESSEL_PHI_007,SG,transit,0.9625228758169935,trawler,0.9999999732185523,0.008366013071895424,0.005,0.0,0.008444444444444445,0.0,0.0016666666666666668,0.014,0.9625228758169935,0.0,0.002430555555555555,0.0,0.0,0.002430555555555555,Transit,Fishing - Trawler
700053157,VESSEL_PHI_007,SG,transit,1.0,trawler,0.9999990938932058,0.0,0.0,0.0,0.0,0.0,0.0,0.0,1.0,0.0,0.002430555555555555,0.0,0.0,0.002430555555555555,Transit,Fishing - Trawler
700053157,VESSEL_PHI_007,SG,transit,1.0,trawler,0.9999914305799723,0.0,0.0,0.0,0.0,0.0,0.0,0.0,1.0,0.0,0.002430555555555555,0.0,0.0,0.002430555555555555,Transit,Fishing - Trawler
700053157,VESSEL_PHI_007,SG,transit,0.9709523809523811,trawler,0.9999984399903157,0.0,0.0,0.0033333333333333335,0.015714285714285715,0.0,0.01,0.0,0.9709523809523811,0.0,0.002430555555555555,0.0,0.0,0.002430555555555555,Transit,Fishing - Trawler
700053157,VESSEL_PHI_007,SG,fishing,0.8667905686546462,trawler,0.9999941562256479,0.0,0.0,1.0787486515641855e-05,0.8667905686546462,0.0685,0.006699029126213592,0.0,0.03138850362151333,0.02661111111111111,0.002430555555555555,0.6,0.0,0.6,Fishing,Fishing - Trawler
700053157,VESSEL_PHI_007,SG,fishing,0.9801715210355987,trawler,0.9999999762006097,0.0,0.008888888888888889,0.0033441208198489755,0.9801715210355987,0.0,3.2362459546925564e-05,0.0,0.006229773462783171,0.0013333333333333335,0.002430555555555555,0.6,0.0,0.6,Fishing,Fishing - Trawler
700053157,VESSEL_PHI_007,SG,fishing,0.9815048543689322,trawler,0.9999999761211195,0.0,0.008888888888888889,0.0033441208198489755,0.9815048543689322,0.0,3.2362459546925564e-05,0.0,0.006229773462783171,0.0,0.002430555555555555,0.6,0.0,0.6,Fishing,Fishing - Trawler
700053157,VESSEL_PHI_007,SG,fishing,0.9765048543689322,trawler,0.9999999761211195,0.0,0.012222222222222221,0.0033441208198489755,0.9765048543689322,0.0016666666666666668,3.2362459546925564e-05,0.0,0.006229773462783171,0.0,0.002430555555555555,0.6,0.0,0.6,Fishing,Fishing - Trawler
700053157,VESSEL_PHI_007,SG,fishing,0.9815048543689322,trawler,0.9999999745531445,0.0,0.008888888888888889,0.0033441208198489755,0.9815048543689322,0.0,3.2362459546925564e-05,0.0,0.006229773462783171,0.0,0.002430555555555555,0.6,0.0,0.6,Fishing,Fishing - Trawler
700053157,VESSEL_PHI_007,SG,fishing,0.9815048543689322,trawler,0.9999999760197636,0.0,0.008888888888888889,0.0033441208198489755,0.9815048543689322,0.0,3.2362459546925564e-05,0.0,0.006229773462783171,0.0,0.002430555555555555,0.6,0.0,0.6,Fishing,Fishing - Trawler
700053157,VESSEL_PHI_007,SG,fishing,0.9815048543689322,trawler,0.9999999761464914,0.0,0.008888888888888889,0.0033441208198489755,0.9815048543689322,0.0,3.2362459546925564e-05,0.0,0.006229773462783171,0.0,0.002430555555555555,0.6,0.0,0.6,Fishing,Fishing - Trawler
700053157,VESSEL_PHI_007,SG,fishing,0.9768381877022654,trawler,0.9999999761211195,0.0,0.012222222222222221,0.0033441208198489755,0.9768381877022654,0.0,3.2362459546925564e-05,0.0,0.006229773462783171,0.0013333333333333335,0.002430555555555555,0.6,0.0,0.6,Fishing,Fishing - Trawler
700053157,VESSEL_PHI_007,SG,fishing,0.9781715210355988,trawler,0.9999999761211195,0.0,0.012222222222222221,0.0033441208198489755,0.9781715210355988,0.0,3.2362459546925564e-05,0.0,0.006229773462783171,0.0,0.002430555555555555,0.6,0.0,0.6,Fishing,Fishing - Trawler
700053157,VESSEL_PHI_007,SG,fishing,0.9773381877022654,trawler,0.9999999761211195,0.0,0.008888888888888889,0.0033441208198489755,0.9773381877022654,0.004166666666666667,3.2362459546925564e-05,0.0,0.006229773462783171,0.0,0.002430555555555555,0.6,0.0,0.6,Fishing,Fishing - Trawler
700053157,VESSEL_PHI_007,SG,fishing,0.9815048543689322,trawler,0.9999999761211195,0.0,0.008888888888888889,0.0033441208198489755,0.9815048543689322,0.0,3.2362459546925564e-05,0.0,0.006229773462783171,0.0,0.002430555555555555,0.6,0.0,0.6,Fishing,Fishing - Trawler
700053157,VESSEL_PHI_007,SG,fishing,0.9768381877022654,trawler,0.9999999761211195,0.0,0.012222222222222221,0.0033441208198489755,0.9768381877022654,0.0,3.2362459546925564e-05,0.0,0.006229773462783171,0.0013333333333333335,0.002430555555555555,0.6,0.0,0.6,Fishing,Fishing - Trawler
700053157,VESSEL_PHI_007,SG,fishing,0.9687270765911544,trawler,0.9999999761211195,0.0,0.012222222222222221,0.006677454153182308,0.9687270765911544,0.0,3.2362459546925564e-05,0.0,0.012340884573894284,0.0,0.002430555555555555,0.6,0.0,0.6,Fishing,Fishing - Trawler
700053157,VESSEL_PHI_007,SG,fishing,0.9768381877022654,trawler,0.9999999761211195,0.0,0.012222222222222221,0.0033441208198489755,0.9768381877022654,0.0,3.2362459546925564e-05,0.0,0.006229773462783171,0.0013333333333333335,0.002430555555555555,0.6,0.0,0.6,Fishing,Fishing - Trawler
700053157,VESSEL_PHI_007,SG,fishing,0.9556715210355988,trawler,0.9999999761211195,0.0,0.012222222222222221,0.008899676375404529,0.9556715210355988,0.0075,3.2362459546925564e-05,0.0,0.009007551240560949,0.006666666666666667,0.002430555555555555,0.6,0.0,0.6,Fishing,Fishing - Trawler
700053157,VESSEL_PHI_007,SG,fishing,0.9815048543689322,trawler,0.9999999757177104,0.0,0.008888888888888889,0.0033441208198489755,0.9815048543689322,0.0,3.2362459546925564e-05,0.0,0.006229773462783171,0.0,0.002430555555555555,0.6,0.0,0.6,Fishing,Fishing - Trawler
700053157,VESSEL_PHI_007,SG,fishing,0.8971794575435353,trawler,0.9999999760505075,0.0033333333333333335,0.008333333333333333,1.0787486515641855e-05,0.8971794575435353,0.0038888888888888883,0.003365695792880259,0.0022222222222222222,0.08166628139929112,0.0,0.002430555555555555,0.6,0.0,0.6,Fishing,Fishing - Trawler
700053157,VESSEL_PHI_007,SG,transit,0.9222222222222223,trawler,0.9999998835716377,0.019444444444444445,0.01,0.0,0.011555555555555557,0.0,0.0016666666666666668,0.035111111111111114,0.9222222222222223,0.0,0.002430555555555555,0.0,0.0,0.002430555555555555,Transit,Fishing - Trawler
700053157,VESSEL_PHI_007,SG,transit,1.0,trawler,0.9999903288722611,0.0,0.0,0.0,0.0,0.0,0.0,0.0,1.0,0.0,0.002430555555555555,0.0,0.0,0.002430555555555555,Transit,Fishing - Trawler
700053157,VESSEL_PHI_007,SG,transit,0.9999890350877193,trawler,0.9999914292000414,1.0964912280701754e-05,0.0,0.0,0.0,0.0,0.0,0.0,0.9999890350877193,0.0,0.002430555555555555,0.0,0.0,0.002430555555555555,Transit,Fishing - Trawler
700053157,VESSEL_PHI_007,SG,transit,1.0,trawler,0.9999293409149626,0.0,0.0,0.0,0.0,0.0,0.0,0.0,1.0,0.0,0.002430555555555555,0.0,0.0,0.002430555555555555,Transit,Fishing - Trawler
700053157,VESSEL_PHI_007,SG,transit,1.0,trawler,0.9998707436728955,0.0,0.0,0.0,0.0,0.0,0.0,0.0,1.0,0.0,0.002430555555555555,0.0,0.0,0.002430555555555555,Transit,Fishing - Trawler
700053157,VESSEL_PHI_007,SG,transit,0.9999890350877193,trawler,0.9999914235708142,1.0964912280701754e-05,0.0,0.0,0.0,0.0,0.0,0.0,0.9999890350877193,0.0,0.002430555555555555,0.0,0.0,0.002430555555555555,Transit,Fishing - Trawler
700053157,VESSEL_PHI_007,SG,transit,1.0,trawler,0.9999914291534263,0.0,0.0,0.0,0.0,0.0,0.0,0.0,1.0,0.0,0.002430555555555555,0.0,0.0,0.002430555555555555,Transit,Fishing - Trawler
700053157,VESSEL_PHI_007,SG,transit,0.9999890350877193,trawler,0.999991224447471,1.0964912280701754e-05,0.0,0.0,0.0,0.0,0.0,0.0,0.9999890350877193,0.0,0.002430555555555555,0.0,0.0,0.002430555555555555,Transit,Fishing - Trawler
700053157,VESSEL_PHI_007,SG,transit,0.9999890350877193,trawler,0.9999914292163863,1.0964912280701754e-05,0.0,0.0,0.0,0.0,0.0,0.0,0.9999890350877193,0.0,0.002430555555555555,0.0,0.0,0.002430555555555555,Transit,Fishing - Trawler
700053157,VESSEL_PHI_007,SG,transit,0.9999890350877193,trawler,0.9999914305799723,1.0964912280701754e-05,0.0,0.0,0.0,0.0,0.0,0.0,0.9999890350877193,0.0,0.002430555555555555,0.0,0.0,0.002430555555555555,Transit,Fishing - Trawler
700053157,VESSEL_PHI_007,SG,transit,0.9999890350877193,trawler,0.9999914305799723,1.0964912280701754e-05,0.0,0.0,0.0,0.0,0.0,0.0,0.9999890350877193,0.0,0.002430555555555555,0.0,0.0,0.002430555555555555,Transit,Fishing - Trawler
700053157,VESSEL_PHI_007,SG,transit,0.9999890350877193,trawler,0.9999914305799723,1.0964912280701754e-05,0.0,0.0,0.0,0.0,0.0,0.0,0.9999890350877193,0.0,0.002430555555555555,0.0,0.0,0.002430555555555555,Transit,Fishing - Trawler
700053157,VESSEL_PHI_007,SG,transit,0.9999890350877193,trawler,0.9999914305865709,1.0964912280701754e-05,0.0,0.0,0.0,0.0,0.0,0.0,0.9999890350877193,0.0,0.002430555555555555,0.0,0.0,0.002430555555555555,Transit,Fishing - Trawler
700053157,VESSEL_PHI_007,SG,transit,1.0,trawler,0.9999914305799723,0.0,0.0,0.0,0.0,0.0,0.0,0.0,1.0,0.0,0.002430555555555555,0.0,0.0,0.002430555555555555,Transit,Fishing - Trawler
700053157,VESSEL_PHI_007,SG,transit,1.0,trawler,0.9999914305798024,0.0,0.0,0.0,0.0,0.0,0.0,0.0,1.0,0.0,0.002430555555555555,0.0,0.0,0.002430555555555555,Transit,Fishing - Trawler
700053157,VESSEL_PHI_007,SG,transit,1.0,trawler,0.9999914305946077,0.0,0.0,0.0,0.0,0.0,0.0,0.0,1.0,0.0,0.002430555555555555,0.0,0.0,0.002430555555555555,Transit,Fishing - Trawler
700053157,VESSEL_PHI_007,SG,transit,1.0,trawler,0.9999914305799723,0.0,0.0,0.0,0.0,0.0,0.0,0.0,1.0,0.0,0.002430555555555555,0.0,0.0,0.002430555555555555,Transit,Fishing - Trawler
700053157,VESSEL_PHI_007,SG,transit,1.0,trawler,0.9999914305865709,0.0,0.0,0.0,0.0,0.0,0.0,0.0,1.0,0.0,0.002430555555555555,0.0,0.0,0.002430555555555555,Transit,Fishing - Trawler
700053157,VESSEL_PHI_007,SG,transit,0.9999890350877193,trawler,0.9999914305865709,1.0964912280701754e-05,0.0,0.0,0.0,0.0,0.0,0.0,0.9999890350877193,0.0,0.002430555555555555,0.0,0.0,0.002430555555555555,Transit,Fishing - Trawler
700053157,VESSEL_PHI_007,SG,transit,1.0,trawler,0.9999914305865709,0.0,0.0,0.0,0.0,0.0,0.0,0.0,1.0,0.0,0.002430555555555555,0.0,0.0,0.002430555555555555,Transit,Fishing - Trawler
700053157,VESSEL_PHI_007,SG,transit,1.0,trawler,0.9999914269695456,0.0,0.0,0.0,0.0,0.0,0.0,0.0,1.0,0.0,0.002430555555555555,0.0,0.0,0.002430555555555555,Transit,Fishing - Trawler
700053157,VESSEL_PHI_007,SG,transit,0.9999890350877193,trawler,0.9999914277380983,1.0964912280701754e-05,0.0,0.0,0.0,0.0,0.0,0.0,0.9999890350877193,0.0,0.002430555555555555,0.0,0.0,0.002430555555555555,Transit,Fishing - Trawler
700053157,VESSEL_PHI_007,SG,transit,1.0,trawler,0.9999914269761468,0.0,0.0,0.0,0.0,0.0,0.0,0.0,1.0,0.0,0.002430555555555555,0.0,0.0,0.002430555555555555,Transit,Fishing - Trawler
700053157,VESSEL_PHI_007,SG,transit,1.0,trawler,0.9999914269841872,0.0,0.0,0.0,0.0,0.0,0.0,0.0,1.0,0.0,0.002430555555555555,0.0,0.0,0.002430555555555555,Transit,Fishing - Trawler
700053157,VESSEL_PHI_007,SG,transit,1.0,trawler,0.9999914291056519,0.0,0.0,0.0,0.0,0.0,0.0,0.0,1.0,0.0,0.002430555555555555,0.0,0.0,0.002430555555555555,Transit,Fishing - Trawler
700053157,VESSEL_PHI_007,SG,transit,1.0,trawler,0.9999914292064712,0.0,0.0,0.0,0.0,0.0,0.0,0.0,1.0,0.0,0.002430555555555555,0.0,0.0,0.002430555555555555,Transit,Fishing - Trawler
700053157,VESSEL_PHI_007,SG,transit,0.9999890350877193,trawler,0.9999914305865709,1.0964912280701754e-05,0.0,0.0,0.0,0.0,0.0,0.0,0.9999890350877193,0.0,0.002430555555555555,0.0,0.0,0.002430555555555555,Transit,Fishing - Trawler
700053157,VESSEL_PHI_007,SG,transit,1.0,trawler,0.999991430586401,0.0,0.0,0.0,0.0,0.0,0.0,0.0,1.0,0.0,0.002430555555555555,0.0,0.0,0.002430555555555555,Transit,Fishing - Trawler
700053157,VESSEL_PHI_007,SG,transit,1.0,trawler,0.9999914292000414,0.0,0.0,0.0,0.0,0.0,0.0,0.0,1.0,0.0,0.002430555555555555,0.0,0.0,0.002430555555555555,Transit,Fishing - Trawler
700053157,VESSEL_PHI_007,SG,transit,0.9999890350877193,trawler,0.9999914292071567,1.0964912280701754e-05,0.0,0.0,0.0,0.0,0.0,0.0,0.9999890350877193,0.0,0.002430555555555555,0.0,0.0,0.002430555555555555,Transit,Fishing - Trawler
700053157,VESSEL_PHI_007,SG,transit,1.0,trawler,0.9999914305946077,0.0,0.0,0.0,0.0,0.0,0.0,0.0,1.0,0.0,0.002430555555555555,0.0,0.0,0.002430555555555555,Transit,Fishing - Trawler
700053157,VESSEL_PHI_007,SG,transit,1.0,trawler,0.9999914305799723,0.0,0.0,0.0,0.0,0.0,0.0,0.0,1.0,0.0,0.002430555555555555,0.0,0.0,0.002430555555555555,Transit,Fishing - Trawler
700053157,VESSEL_PHI_007,SG,transit,0.9999890350877193,trawler,0.9999914247590334,1.0964912280701754e-05,0.0,0.0,0.0,0.0,0.0,0.0,0.9999890350877193,0.0,0.002430555555555555,0.0,0.0,0.002430555555555555,Transit,Fishing - Trawler
700053157,VESSEL_PHI_007,SG,transit,1.0,trawler,0.9999914292183821,0.0,0.0,0.0,0.0,0.0,0.0,0.0,1.0,0.0,0.002430555555555555,0.0,0.0,0.002430555555555555,Transit,Fishing - Trawler
700053158,VESSEL_PHI_008,ID,transit,0.999967320261438,longliner,0.9999999499236537,3.26797385620915e-05,0.0,0.0,0.0,0.0,0.0,0.0,0.999967320261438,0.0,0.002430555555555555,0.0,0.0,0.002430555555555555,Transit,Fishing - Longliner
700053158,VESSEL_PHI_008,ID,transit,0.999967320261438,longliner,0.9999999499236537,3.26797385620915e-05,0.0,0.0,0.0,0.0,0.0,0.0,0.999967320261438,0.0,0.002430555555555555,0.0,0.0,0.002430555555555555,Transit,Fishing - Longliner
700053158,VESSEL_PHI_008,ID,transit,1.0,longliner,0.9999999499211677,0.0,0.0,0.0,0.0,0.0,0.0,0.0,1.0,0.0,0.002430555555555555,0.0,0.0,0.002430555555555555,Transit,Fishing - Longliner
700053158,VESSEL_PHI_008,ID,transit,0.9999890350877193,longliner,0.9999999499211677,1.0964912280701754e-05,0.0,0.0,0.0,0.0,0.0,0.0,0.9999890350877193,0.0,0.002430555555555555,0.0,0.0,0.002430555555555555,Transit,Fishing - Longliner
700053158,VESSEL_PHI_008,ID,transit,0.999967320261438,longliner,0.9999999499211677,3.26797385620915e-05,0.0,0.0,0.0,0.0,0.0,0.0,0.999967320261438,0.0,0.002430555555555555,0.0,0.0,0.002430555555555555,Transit,Fishing - Longliner
700053158,VESSEL_PHI_008,ID,transit,0.9933006535947713,longliner,0.9999999499236537,3.26797385620915e-05,0.0,0.0,0.0,0.0,0.006666666666666667,0.0,0.9933006535947713,0.0,0.002430555555555555,0.0,0.0,0.002430555555555555,Transit,Fishing - Longliner
700053158,VESSEL_PHI_008,ID,transit,0.9966339869281046,longliner,0.9999999499236537,3.26797385620915e-05,0.0,0.0,0.0,0.0,0.0033333333333333335,0.0,0.9966339869281046,0.0,0.002430555555555555,0.0,0.0,0.002430555555555555,Transit,Fishing - Longliner
700053158,VESSEL_PHI_008,ID,transit,1.0,longliner,0.9999999499211677,0.0,0.0,0.0,0.0,0.0,0.0,0.0,1.0,0.0,0.002430555555555555,0.0,0.0,0.002430555555555555,Transit,Fishing - Longliner
700053158,VESSEL_PHI_008,ID,transit,0.999967320261438,longliner,0.9999999499209064,3.26797385620915e-05,0.0,0.0,0.0,0.0,0.0,0.0,0.999967320261438,0.0,0.002430555555555555,0.0,0.0,0.002430555555555555,Transit,Fishing - Longliner
700053158,VESSEL_PHI_008,ID,transit,0.999967320261438,longliner,0.9999999499211677,3.26797385620915e-05,0.0,0.0,0.0,0.0,0.0,0.0,0.999967320261438,0.0,0.002430555555555555,0.0,0.0,0.002430555555555555,Transit,Fishing - Longliner
700053158,VESSEL_PHI_008,ID,transit,1.0,longliner,0.9999999499211677,0.0,0.0,0.0,0.0,0.0,0.0,0.0,1.0,0.0,0.002430555555555555,0.0,0.0,0.002430555555555555,Transit,Fishing - Longliner
700053158,VESSEL_PHI_008,ID,transit,0.9805228758169934,longliner,0.9999999562248972,3.26797385620915e-05,0.0,0.0,0.01111111111111111,0.0033333333333333335,0.005,0.0,0.9805228758169934,0.0,0.002430555555555555,0.0,0.0,0.002430555555555555,Transit,Fishing - Longliner
700053158,VESSEL_PHI_008,ID,fishing,0.961846124210202,longliner,0.9999999562355236,0.0,0.0,1.0787486515641855e-05,0.961846124210202,0.0,0.013699029126213593,0.0,0.02055517028818,0.0038888888888888883,0.002430555555555555,0.5077759582444639,0.0,0.5077759582444639,Fishing,Fishing - Longliner
700053158,VESSEL_PHI_008,ID,fishing,0.9931715210355988,longliner,0.9999999477302327,0.0,0.0,1.0787486515641855e-05,0.9931715210355988,0.0,0.003365695792880259,0.0,0.0034519956850053934,0.0,0.002430555555555555,0.5126050425898169,0.0,0.5126050425898169,Fishing,Fishing - Longliner
700053158,VESSEL_PHI_008,ID,fishing,0.9965048543689321,longliner,0.9999999477302327,0.0,0.0,1.0787486515641855e-05,0.9965048543689321,0.0,0.0008656957928802589,0.0,0.0026186623516720603,0.0,0.002430555555555555,0.516209658770853,0.0,0.516209658770853,Fishing,Fishing - Longliner
700053158,VESSEL_PHI_008,ID,fishing,0.9931715210355988,longliner,0.9999999477302327,0.0,0.0,0.0033441208198489755,0.9931715210355988,0.0,0.0008656957928802589,0.0,0.0026186623516720603,0.0,0.002430555555555555,0.5182985677588761,0.0,0.5182985677588761,Fishing,Fishing - Longliner
700053158,VESSEL_PHI_008,ID,fishing,0.9848381877022655,longliner,0.9999999477302327,0.0,0.0,1.0787486515641855e-05,0.9848381877022655,0.0,0.0041990291262135925,0.0,0.010951995685005394,0.0,0.002430555555555555,0.5176943124206423,0.0,0.5176943124206423,Fishing,Fishing - Longliner
700053158,VESSEL_PHI_008,ID,fishing,0.9965048543689321,longliner,0.9999999477302327,0.0,0.0,1.0787486515641855e-05,0.9965048543689321,0.0,0.0008656957928802589,0.0,0.0026186623516720603,0.0,0.002430555555555555,0.5155004836681287,0.0,0.5155004836681287,Fishing,Fishing - Longliner
700053158,VESSEL_PHI_008,ID,fishing,0.9998381877022655,longliner,0.9999999477302327,0.0,0.0,1.0787486515641855e-05,0.9998381877022655,0.0,3.2362459546925564e-05,0.0,0.0001186623516720604,0.0,0.002430555555555555,0.5130139093095225,0.0,0.5130139093095225,Fishing,Fishing - Longliner
700053158,VESSEL_PHI_008,ID,fishing,0.9915048543689321,longliner,0.9999999477302327,0.0,0.0,0.0033441208198489755,0.9915048543689321,0.0,0.005032362459546926,0.0,0.0001186623516720604,0.0,0.002430555555555555,0.510281387070284,0.0,0.510281387070284,Fishing,Fishing - Longliner
700053158,VESSEL_PHI_008,ID,fishing,0.9915048543689321,longliner,0.9999999477302327,0.0,0.0,0.0033441208198489755,0.9915048543689321,0.0,0.005032362459546926,0.0,0.0001186623516720604,0.0,0.002430555555555555,0.5072279373570225,0.0,0.5072279373570225,Fishing,Fishing - Longliner
700053158,VESSEL_PHI_008,ID,fishing,0.9998381877022655,longliner,0.9999999477302327,0.0,0.0,1.0787486515641855e-05,0.9998381877022655,0.0,3.2362459546925564e-05,0.0,0.0001186623516720604,0.0,0.002430555555555555,0.5043289785419445,0.0,0.5043289785419445,Fishing,Fishing - Longliner
700053158,VESSEL_PHI_008,ID,fishing,0.9998381877022655,longliner,0.9999999477302327,0.0,0.0,1.0787486515641855e-05,0.9998381877022655,0.0,3.2362459546925564e-05,0.0,0.0001186623516720604,0.0,0.002430555555555555,0.5024406732089133,0.0,0.5024406732089133,Fishing,Fishing - Longliner
700053158,VESSEL_PHI_008,ID,fishing,0.9948381877022655,longliner,0.9999999477302327,0.0,0.0,1.0787486515641855e-05,0.9948381877022655,0.0009523809523809524,3.2362459546925564e-05,0.0,0.0001186623516720604,0.004047619047619048,0.002430555555555555,0.503389620364154,0.0,0.503389620364154,Fishing,Fishing - Longliner
700053158,VESSEL_PHI_008,ID,fishing,0.9931715210355988,longliner,0.9999999477302327,0.0,0.0,1.0787486515641855e-05,0.9931715210355988,0.0009523809523809524,3.2362459546925564e-05,0.0,0.0001186623516720604,0.005714285714285714,0.002430555555555555,0.5059347991453453,0.0,0.5059347991453453,Fishing,Fishing - Longliner
700053158,VESSEL_PHI_008,ID,fishing,0.9580127908768685,longliner,0.9999999453192728,0.01626984126984127,0.0022222222222222222,0.001121898597626753,0.9580127908768685,0.007222222222222224,3.2362459546925564e-05,0.006666666666666667,0.008451995685005395,0.0,0.002430555555555555,0.5072735692660952,0.0,0.5072735692660952,Fishing,Fishing - Longliner
700053158,VESSEL_PHI_008,ID,fishing,0.9998381877022655,longliner,0.9999999562231666,0.0,0.0,1.0787486515641855e-05,0.9998381877022655,0.0,3.2362459546925564e-05,0.0,0.0001186623516720604,0.0,0.002430555555555555,0.5070543547449093,0.0,0.5070543547449093,Fishing,Fishing - Longliner
700053158,VESSEL_PHI_008,ID,transit,0.7481424718754816,longliner,0.9999999562355236,0.0011111111111111111,0.0044444444444444444,0.0016774541531823083,0.17481437817845583,0.029944444444444447,0.019754584681769147,0.0011111111111111111,0.7481424718754816,0.018999999999999996,0.002430555555555555,0.0,0.0,0.002430555555555555,Transit,Fishing - Longliner
700053158,VESSEL_PHI_008,ID,transit,0.9975,longliner,0.9999999499236537,0.0,0.0,0.0,0.0,0.0,0.0025,0.0,0.9975,0.0,0.002430555555555555,0.0,0.0,0.002430555555555555,Transit,Fishing - Longliner
700053158,VESSEL_PHI_008,ID,transit,1.0,longliner,0.9999999499211677,0.0,0.0,0.0,0.0,0.0,0.0,0.0,1.0,0.0,0.002430555555555555,0.0,0.0,0.002430555555555555,Transit,Fishing - Longliner
700053158,VESSEL_PHI_008,ID,transit,1.0,longliner,0.9999999499211677,0.0,0.0,0.0,0.0,0.0,0.0,0.0,1.0,0.0,0.002430555555555555,0.0,0.0,0.002430555555555555,Transit,Fishing - Longliner
700053158,VESSEL_PHI_008,ID,transit,1.0,longliner,0.9999999499236537,0.0,0.0,0.0,0.0,0.0,0.0,0.0,1.0,0.0,0.002430555555555555,0.0,0.0,0.002430555555555555,Transit,Fishing - Longliner
700053158,VESSEL_PHI_008,ID,transit,1.0,longliner,0.9999999499236537,0.0,0.0,0.0,0.0,0.0,0.0,0.0,1.0,0.0,0.002430555555555555,0.0,0.0,0.002430555555555555,Transit,Fishing - Longliner
700053158,VESSEL_PHI_008,ID,transit,0.9840149393090568,longliner,0.9999999477301561,3.26797385620915e-05,0.0,0.0,0.010952380952380951,0.0,0.005,0.0,0.9840149393090568,0.0,0.002430555555555555,0.0,0.0,0.002430555555555555,Transit,Fishing - Longliner
700053158,VESSEL_PHI_008,ID,fishing,0.8364444444444444,longliner,0.9999999562355556,0.0,0.0,0.0,0.8364444444444444,0.0,0.06944444444444445,0.0,0.09411111111111113,0.0,0.002430555555555555,0.42944591124114634,0.0,0.42944591124114634,Fishing,Fishing - Longliner
700053158,VESSEL_PHI_008,ID,fishing,0.9541159654800432,longliner,0.999999956228658,0.0,0.0,1.0787486515641855e-05,0.9541159654800432,0.0,0.006143473570658037,0.0,0.038063106796116505,0.0016666666666666668,0.002430555555555555,0.4270646803579255,0.0,0.4270646803579255,Fishing,Fishing - Longliner
700053158,VESSEL_PHI_008,ID,fishing,0.9998381877022655,longliner,0.9999999477302327,0.0,0.0,1.0787486515641855e-05,0.9998381877022655,0.0,3.2362459546925564e-05,0.0,0.0001186623516720604,0.0,0.002430555555555555,0.42992006711540987,0.0,0.42992006711540987,Fishing,Fishing - Longliner
700053158,VESSEL_PHI_008,ID,fishing,0.9998381877022655,longliner,0.9999999477302327,0.0,0.0,1.0787486515641855e-05,0.9998381877022655,0.0,3.2362459546925564e-05,0.0,0.0001186623516720604,0.0,0.002430555555555555,0.43338177673281536,0.0,0.43338177673281536,Fishing,Fishing - Longliner
700053158,VESSEL_PHI_008,ID,fishing,0.9998381877022655,longliner,0.9999999477302327,0.0,0.0,1.0787486515641855e-05,0.9998381877022655,0.0,3.2362459546925564e-05,0.0,0.0001186623516720604,0.0,0.002430555555555555,0.43601359217537916,0.0,0.43601359217537916,Fishing,Fishing - Longliner
700053158,VESSEL_PHI_008,ID,fishing,0.9998381877022655,longliner,0.9999999477302327,0.0,0.0,1.0787486515641855e-05,0.9998381877022655,0.0,3.2362459546925564e-05,0.0,0.0001186623516720604,0.0,0.002430555555555555,0.43867255664092736,0.0,0.43867255664092736,Fishing,Fishing - Longliner
700053158,VESSEL_PHI_008,ID,fishing,0.9998381877022655,longliner,0.9999999472041367,0.0,0.0,1.0787486515641855e-05,0.9998381877022655,0.0,3.2362459546925564e-05,0.0,0.0001186623516720604,0.0,0.002430555555555555,0.4416452651399568,0.0,0.4416452651399568,Fishing,Fishing - Longliner
700053158,VESSEL_PHI_008,ID,transit,0.8615555555555553,longliner,0.9999999556442183,0.007777777777777777,0.017277777777777777,0.002444444444444445,0.0762222222222222,0.0075,0.0,0.02722222222222222,0.8615555555555553,0.0,0.002430555555555555,0.0,0.0,0.002430555555555555,Transit,Fishing - Longliner
700053158,VESSEL_PHI_008,ID,transit,0.9690704948646123,longliner,0.9999999556443799,0.0011437908496732027,0.0,0.0,0.013396825396825397,0.0,0.0,0.016388888888888887,0.9690704948646123,0.0,0.002430555555555555,0.0,0.0,0.002430555555555555,Transit,Fishing - Longliner
700053158,VESSEL_PHI_008,ID,transit,0.9949563553491572,longliner,0.9999999499211677,0.005043644650842794,0.0,0.0,0.0,0.0,0.0,0.0,0.9949563553491572,0.0,0.002430555555555555,0.0,0.0,0.002430555555555555,Transit,Fishing - Longliner
700053158,VESSEL_PHI_008,ID,transit,0.999967320261438,longliner,0.9999999499236537,3.26797385620915e-05,0.0,0.0,0.0,0.0,0.0,0.0,0.999967320261438,0.0,0.002430555555555555,0.0,0.0,0.002430555555555555,Transit,Fishing - Longliner
700053158,VESSEL_PHI_008,ID,transit,1.0,longliner,0.9999999499211677,0.0,0.0,0.0,0.0,0.0,0.0,0.0,1.0,0.0,0.002430555555555555,0.0,0.0,0.002430555555555555,Transit,Fishing - Longliner
700053158,VESSEL_PHI_008,ID,transit,0.9999890350877193,longliner,0.9999999499211677,1.0964912280701754e-05,0.0,0.0,0.0,0.0,0.0,0.0,0.9999890350877193,0.0,0.002430555555555555,0.0,0.0,0.002430555555555555,Transit,Fishing - Longliner
700053158,VESSEL_PHI_008,ID,transit,1.0,longliner,0.9999999499209064,0.0,0.0,0.0,0.0,0.0,0.0,0.0,1.0,0.0,0.002430555555555555,0.0,0.0,0.002430555555555555,Transit,Fishing - Longliner
700053158,VESSEL_PHI_008,ID,transit,0.9999890350877193,longliner,0.9999999499211677,1.0964912280701754e-05,0.0,0.0,0.0,0.0,0.0,0.0,0.9999890350877193,0.0,0.002430555555555555,0.0,0.0,0.002430555555555555,Transit,Fishing - Longliner
700053158,VESSEL_PHI_008,ID,transit,1.0,longliner,0.9999999499236537,0.0,0.0,0.0,0.0,0.0,0.0,0.0,1.0,0.0,0.002430555555555555,0.0,0.0,0.002430555555555555,Transit,Fishing - Longliner
700053158,VESSEL_PHI_008,ID,transit,1.0,longliner,0.9999999499211677,0.0,0.0,0.0,0.0,0.0,0.0,0.0,1.0,0.0,0.002430555555555555,0.0,0.0,0.002430555555555555,Transit,Fishing - Longliner
700053158,VESSEL_PHI_008,ID,transit,0.9977341331269352,longliner,0.9999999499211677,4.364465084279326e-05,0.0,0.0,0.0,0.0,0.0022222222222222222,0.0,0.9977341331269352,0.0,0.002430555555555555,0.0,0.0,0.002430555555555555,Transit,Fishing - Longliner
700053158,VESSEL_PHI_008,ID,transit,0.9877450980392158,longliner,0.9999999499211677,3.26797385620915e-05,0.0,0.0,0.0,0.0,0.012222222222222221,0.0,0.9877450980392158,0.0,0.002430555555555555,0.0,0.0,0.002430555555555555,Transit,Fishing - Longliner
700053158,VESSEL_PHI_008,ID,transit,0.9877450980392158,longliner,0.9999999499211677,3.26797385620915e-05,0.0,0.0,0.0,0.0,0.012222222222222221,0.0,0.9877450980392158,0.0,0.002430555555555555,0.0,0.0,0.002430555555555555,Transit,Fishing - Longliner
700053158,VESSEL_PHI_008,ID,transit,0.9933006535947713,longliner,0.9999999499211677,3.26797385620915e-05,0.0,0.0,0.0,0.0,0.006666666666666667,0.0,0.9933006535947713,0.0,0.002430555555555555,0.0,0.0,0.002430555555555555,Transit,Fishing - Longliner
700053158,VESSEL_PHI_008,ID,transit,0.999967320261438,longliner,0.9999999499211677,3.26797385620915e-05,0.0,0.0,0.0,0.0,0.0,0.0,0.999967320261438,0.0,0.002430555555555555,0.0,0.0,0.002430555555555555,Transit,Fishing - Longliner
700053158,VESSEL_PHI_008,ID,transit,0.9944117647058826,longliner,0.9999999499211677,3.26797385620915e-05,0.0,0.0,0.0,0.0,0.005555555555555555,0.0,0.9944117647058826,0.0,0.002430555555555555,0.0,0.0,0.002430555555555555,Transit,Fishing - Longliner
700053158,VESSEL_PHI_008,ID,transit,1.0,longliner,0.9999999499236537,0.0,0.0,0.0,0.0,0.0,0.0,0.0,1.0,0.0,0.002430555555555555,0.0,0.0,0.002430555555555555,Transit,Fishing - Longliner
700053158,VESSEL_PHI_008,ID,transit,1.0,longliner,0.9999999499211677,0.0,0.0,0.0,0.0,0.0,0.0,0.0,1.0,0.0,0.002430555555555555,0.0,0.0,0.002430555555555555,Transit,Fishing - Longliner
700053158,VESSEL_PHI_008,ID,transit,1.0,longliner,0.9999999499236537,0.0,0.0,0.0,0.0,0.0,0.0,0.0,1.0,0.0,0.002430555555555555,0.0,0.0,0.002430555555555555,Transit,Fishing - Longliner
700053158,VESSEL_PHI_008,ID,transit,0.999967320261438,longliner,0.9999999499211677,3.26797385620915e-05,0.0,0.0,0.0,0.0,0.0,0.0,0.999967320261438,0.0,0.002430555555555555,0.0,0.0,0.002430555555555555,Transit,Fishing - Longliner
700053158,VESSEL_PHI_008,ID,transit,0.999967320261438,longliner,0.9999999499211677,3.26797385620915e-05,0.0,0.0,0.0,0.0,0.0,0.0,0.999967320261438,0.0,0.002430555555555555,0.0,0.0,0.002430555555555555,Transit,Fishing - Longliner
700053158,VESSEL_PHI_008,ID,transit,1.0,longliner,0.9999999499236537,0.0,0.0,0.0,0.0,0.0,0.0,0.0,1.0,0.0,0.002430555555555555,0.0,0.0,0.002430555555555555,Transit,Fishing - Longliner
700053158,VESSEL_PHI_008,ID,transit,0.9999890350877193,longliner,0.9999999499211677,1.0964912280701754e-05,0.0,0.0,0.0,0.0,0.0,0.0,0.9999890350877193,0.0,0.002430555555555555,0.0,0.0,0.002430555555555555,Transit,Fishing - Longliner
700053158,VESSEL_PHI_008,ID,transit,0.999967320261438,longliner,0.9999999499209064,3.26797385620915e-05,0.0,0.0,0.0,0.0,0.0,0.0,0.999967320261438,0.0,0.002430555555555555,0.0,0.0,0.002430555555555555,Transit,Fishing - Longliner
700053158,VESSEL_PHI_008,ID,transit,0.9961666666666668,longliner,0.9999999499211677,0.0,0.0013333333333333335,0.0,0.0,0.0,0.0025,0.0,0.9961666666666668,0.0,0.002430555555555555,0.0,0.0,0.002430555555555555,Transit,Fishing - Longliner
700053158,VESSEL_PHI_008,ID,transit,0.9960784313725491,longliner,0.9999999499211677,3.26797385620915e-05,0.0,0.0,0.0,0.0,0.0038888888888888883,0.0,0.9960784313725491,0.0,0.002430555555555555,0.0,0.0,0.002430555555555555,Transit,Fishing - Longliner
700053158,VESSEL_PHI_008,ID,transit,1.0,longliner,0.9999999499236537,0.0,0.0,0.0,0.0,0.0,0.0,0.0,1.0,0.0,0.002430555555555555,0.0,0.0,0.002430555555555555,Transit,Fishing - Longliner
700053158,VESSEL_PHI_008,ID,transit,1.0,longliner,0.9999999499236537,0.0,0.0,0.0,0.0,0.0,0.0,0.0,1.0,0.0,0.002430555555555555,0.0,0.0,0.002430555555555555,Transit,Fishing - Longliner
700053158,VESSEL_PHI_008,ID,transit,1.0,longliner,0.9999999499209064,0.0,0.0,0.0,0.0,0.0,0.0,0.0,1.0,0.0,0.002430555555555555,0.0,0.0,0.002430555555555555,Transit,Fishing - Longliner
700053158,VESSEL_PHI_008,ID,transit,0.9999890350877193,longliner,0.9999999499211677,1.0964912280701754e-05,0.0,0.0,0.0,0.0,0.0,0.0,0.9999890350877193,0.0,0.002430555555555555,0.0,0.0,0.002430555555555555,Transit,Fishing - Longliner
700053158,VESSEL_PHI_008,ID,transit,0.9999890350877193,longliner,0.9999999499211677,1.0964912280701754e-05,0.0,0.0,0.0,0.0,0.0,0.0,0.9999890350877193,0.0,0.002430555555555555,0.0,0.0,0.002430555555555555,Transit,Fishing - Longliner
700053158,VESSEL_PHI_008,ID,transit,0.9988562091503267,longliner,0.9999999499211677,0.0011437908496732027,0.0,0.0,0.0,0.0,0.0,0.0,0.9988562091503267,0.0,0.002430555555555555,0.0,0.0,0.002430555555555555,Transit,Fishing - Longliner
700053158,VESSEL_PHI_008,ID,transit,1.0,longliner,0.9999999499236537,0.0,0.0,0.0,0.0,0.0,0.0,0.0,1.0,0.0,0.002430555555555555,0.0,0.0,0.002430555555555555,Transit,Fishing - Longliner
700053158,VESSEL_PHI_008,ID,transit,0.9999890350877193,longliner,0.9999999499211677,1.0964912280701754e-05,0.0,0.0,0.0,0.0,0.0,0.0,0.9999890350877193,0.0,0.002430555555555555,0.0,0.0,0.002430555555555555,Transit,Fishing - Longliner
700053158,VESSEL_PHI_008,ID,transit,1.0,longliner,0.9999999733234224,0.0,0.0,0.0,0.0,0.0,0.0,0.0,1.0,0.0,0.002430555555555555,0.0,0.0,0.002430555555555555,Transit,Fishing - Longliner
700053158,VESSEL_PHI_008,ID,transit,0.9999890350877193,longliner,0.9999999733233806,1.0964912280701754e-05,0.0,0.0,0.0,0.0,0.0,0.0,0.9999890350877193,0.0,0.002430555555555555,0.0,0.0,0.002430555555555555,Transit,Fishing - Longliner
700053158,VESSEL_PHI_008,ID,transit,1.0,longliner,0.9999999733233806,0.0,0.0,0.0,0.0,0.0,0.0,0.0,1.0,0.0,0.002430555555555555,0.0,0.0,0.002430555555555555,Transit,Fishing - Longliner
700053158,VESSEL_PHI_008,ID,transit,1.0,longliner,0.9999999733233806,0.0,0.0,0.0,0.0,0.0,0.0,0.0,1.0,0.0,0.002430555555555555,0.0,0.0,0.002430555555555555,Transit,Fishing - Longliner
700053158,VESSEL_PHI_008,ID,transit,0.9999890350877193,longliner,0.9999999733233806,1.0964912280701754e-05,0.0,0.0,0.0,0.0,0.0,0.0,0.9999890350877193,0.0,0.002430555555555555,0.0,0.0,0.002430555555555555,Transit,Fishing - Longliner
700053158,VESSEL_PHI_008,ID,transit,1.0,longliner,0.9999999733229716,0.0,0.0,0.0,0.0,0.0,0.0,0.0,1.0,0.0,0.002430555555555555,0.0,0.0,0.002430555555555555,Transit,Fishing - Longliner
700053158,VESSEL_PHI_008,ID,transit,1.0,longliner,0.9999999733229716,0.0,0.0,0.0,0.0,0.0,0.0,0.0,1.0,0.0,0.002430555555555555,0.0,0.0,0.002430555555555555,Transit,Fishing - Longliner
700053158,VESSEL_PHI_008,ID,transit,1.0,longliner,0.9999999733258673,0.0,0.0,0.0,0.0,0.0,0.0,0.0,1.0,0.0,0.002430555555555555,0.0,0.0,0.002430555555555555,Transit,Fishing - Longliner
700053158,VESSEL_PHI_008,ID,transit,1.0,longliner,0.9999999733231193,0.0,0.0,0.0,0.0,0.0,0.0,0.0,1.0,0.0,0.002430555555555555,0.0,0.0,0.002430555555555555,Transit,Fishing - Longliner
700053158,VESSEL_PHI_008,ID,transit,1.0,longliner,0.9999999733258673,0.0,0.0,0.0,0.0,0.0,0.0,0.0,1.0,0.0,0.002430555555555555,0.0,0.0,0.002430555555555555,Transit,Fishing - Longliner
700053159,VESSEL_PHI_009,SG,transit,0.9866666666666667,trawler,0.999999981855422,0.0,0.0016666666666666668,0.0,0.0033333333333333335,0.0,0.008333333333333333,0.0,0.9866666666666667,0.0,0.002430555555555555,0.0,0.0,0.002430555555555555,Transit,Fishing - Trawler
700053159,VESSEL_PHI_009,SG,transit,1.0,trawler,0.999999981855422,0.0,0.0,0.0,0.0,0.0,0.0,0.0,1.0,0.0,0.002430555555555555,0.0,0.0,0.002430555555555555,Transit,Fishing - Trawler
700053159,VESSEL_PHI_009,SG,transit,1.0,trawler,0.999999981855422,0.0,0.0,0.0,0.0,0.0,0.0,0.0,1.0,0.0,0.002430555555555555,0.0,0.0,0.002430555555555555,Transit,Fishing - Trawler
700053159,VESSEL_PHI_009,SG,transit,0.9983333333333333,trawler,0.999999981855422,0.0,0.0,0.0,0.0,0.0,0.0,0.0016666666666666668,0.9983333333333333,0.0,0.002430555555555555,0.0,0.0,0.002430555555555555,Transit,Fishing - Trawler
700053159,VESSEL_PHI_009,SG,transit,1.0,trawler,0.999999981855422,0.0,0.0,0.0,0.0,0.0,0.0,0.0,1.0,0.0,0.002430555555555555,0.0,0.0,0.002430555555555555,Transit,Fishing - Trawler
700053159,VESSEL_PHI_009,SG,transit,1.0,trawler,0.999999981855422,0.0,0.0,0.0,0.0,0.0,0.0,0.0,1.0,0.0,0.002430555555555555,0.0,0.0,0.002430555555555555,Transit,Fishing - Trawler
700053159,VESSEL_PHI_009,SG,transit,0.9771895424836601,trawler,0.9999999799969608,3.26797385620915e-05,0.0,0.0033333333333333335,0.012777777777777777,0.0016666666666666668,0.005,0.0,0.9771895424836601,0.0,0.002430555555555555,0.0,0.0,0.002430555555555555,Transit,Fishing - Trawler
700053159,VESSEL_PHI_009,SG,fishing,0.9849016797657574,trawler,0.9999999799978718,0.0,0.0,1.0787486515641855e-05,0.9849016797657574,0.0,3.2362459546925564e-05,0.0,0.015055170288179997,0.0,0.002430555555555555,0.48666279729039275,0.0,0.48666279729039275,Fishing,Fishing - Trawler
700053159,VESSEL_PHI_009,SG,fishing,0.9998381877022655,trawler,0.9999999800016368,0.0,0.0,1.0787486515641855e-05,0.9998381877022655,0.0,3.2362459546925564e-05,0.0,0.0001186623516720604,0.0,0.002430555555555555,0.4904129242719384,0.0,0.4904129242719384,Fishing,Fishing - Trawler
700053159,VESSEL_PHI_009,SG,fishing,0.9998381877022655,trawler,0.9999999800016368,0.0,0.0,1.0787486515641855e-05,0.9998381877022655,0.0,3.2362459546925564e-05,0.0,0.0001186623516720604,0.0,0.002430555555555555,0.49230423804951895,0.0,0.49230423804951895,Fishing,Fishing - Trawler
700053159,VESSEL_PHI_009,SG,fishing,0.9998381877022655,trawler,0.9999999795549654,0.0,0.0,1.0787486515641855e-05,0.9998381877022655,0.0,3.2362459546925564e-05,0.0,0.0001186623516720604,0.0,0.002430555555555555,0.49158061231238337,0.0,0.49158061231238337,Fishing,Fishing - Trawler
700053159,VESSEL_PHI_009,SG,fishing,0.9998381877022655,trawler,0.9999999795549654,0.0,0.0,1.0787486515641855e-05,0.9998381877022655,0.0,3.2362459546925564e-05,0.0,0.0001186623516720604,0.0,0.002430555555555555,0.49023650410420694,0.0,0.49023650410420694,Fishing,Fishing - Trawler
700053159,VESSEL_PHI_009,SG,fishing,0.9998381877022655,trawler,0.9999999800016368,0.0,0.0,1.0787486515641855e-05,0.9998381877022655,0.0,3.2362459546925564e-05,0.0,0.0001186623516720604,0.0,0.002430555555555555,0.49112134575234984,0.0,0.49112134575234984,Fishing,Fishing - Trawler
700053159,VESSEL_PHI_009,SG,fishing,0.9998381877022655,trawler,0.9999999800016368,0.0,0.0,1.0787486515641855e-05,0.9998381877022655,0.0,3.2362459546925564e-05,0.0,0.0001186623516720604,0.0,0.002430555555555555,0.49349907639480484,0.0,0.49349907639480484,Fishing,Fishing - Trawler
700053159,VESSEL_PHI_009,SG,fishing,0.9998381877022655,trawler,0.9999999800016368,0.0,0.0,1.0787486515641855e-05,0.9998381877022655,0.0,3.2362459546925564e-05,0.0,0.0001186623516720604,0.0,0.002430555555555555,0.49626683936822824,0.0,0.49626683936822824,Fishing,Fishing - Trawler
700053159,VESSEL_PHI_009,SG,fishing,0.9998381877022655,trawler,0.9999999800016368,0.0,0.0,1.0787486515641855e-05,0.9998381877022655,0.0,3.2362459546925564e-05,0.0,0.0001186623516720604,0.0,0.002430555555555555,0.49914285133063674,0.0,0.49914285133063674,Fishing,Fishing - Trawler
700053159,VESSEL_PHI_009,SG,fishing,0.9998381877022655,trawler,0.9999999800016368,0.0,0.0,1.0787486515641855e-05,0.9998381877022655,0.0,3.2362459546925564e-05,0.0,0.0001186623516720604,0.0,0.002430555555555555,0.49945330995714454,0.0,0.49945330995714454,Fishing,Fishing - Trawler
700053159,VESSEL_PHI_009,SG,fishing,0.9998381877022655,trawler,0.9999999800016368,0.0,0.0,1.0787486515641855e-05,0.9998381877022655,0.0,3.2362459546925564e-05,0.0,0.0001186623516720604,0.0,0.002430555555555555,0.49759313231013624,0.0,0.49759313231013624,Fishing,Fishing - Trawler
700053159,VESSEL_PHI_009,SG,fishing,0.9998381877022655,trawler,0.9999999786743905,0.0,0.0,1.0787486515641855e-05,0.9998381877022655,0.0,3.2362459546925564e-05,0.0,0.0001186623516720604,0.0,0.002430555555555555,0.4958302872928917,0.0,0.4958302872928917,Fishing,Fishing - Trawler
700053159,VESSEL_PHI_009,SG,fishing,0.9998381877022655,trawler,0.9999999782643381,0.0,0.0,1.0787486515641855e-05,0.9998381877022655,0.0,3.2362459546925564e-05,0.0,0.0001186623516720604,0.0,0.002430555555555555,0.49360453689298633,0.0,0.49360453689298633,Fishing,Fishing - Trawler
700053159,VESSEL_PHI_009,SG,fishing,0.9747588226229003,trawler,0.9999999799978718,0.0,0.0019047619047619048,1.0787486515641855e-05,0.9747588226229003,0.0038888888888888883,3.2362459546925564e-05,0.0,0.019404376637386346,0.0,0.002430555555555555,0.4921618663966737,0.0,0.4921618663966737,Fishing,Fishing - Trawler
700053159,VESSEL_PHI_009,SG,transit,0.973968253968254,trawler,0.9999999794002215,0.0,0.0011111111111111111,0.0,0.006587301587301587,0.0,0.0,0.018333333333333333,0.973968253968254,0.0,0.002430555555555555,0.0,0.0,0.002430555555555555,Transit,Fishing - Trawler
700053159,VESSEL_PHI_009,SG,transit,0.9975555555555555,trawler,0.9999999818556432,0.0,0.0013333333333333335,0.0,0.0,0.0011111111111111111,0.0,0.0,0.9975555555555555,0.0,0.002430555555555555,0.0,0.0,0.002430555555555555,Transit,Fishing - Trawler
700053159,VESSEL_PHI_009,SG,transit,1.0,trawler,0.999999981855422,0.0,0.0,0.0,0.0,0.0,0.0,0.0,1.0,0.0,0.002430555555555555,0.0,0.0,0.002430555555555555,Transit,Fishing - Trawler
700053159,VESSEL_PHI_009,SG,transit,1.0,trawler,0.9999999818556432,0.0,0.0,0.0,0.0,0.0,0.0,0.0,1.0,0.0,0.002430555555555555,0.0,0.0,0.002430555555555555,Transit,Fishing - Trawler
700053159,VESSEL_PHI_009,SG,transit,0.9695631067961165,trawler,0.9999999799978718,0.0,0.0,1.0787486515641855e-05,0.0048381877022653725,0.0,0.02558791801510248,0.0,0.9695631067961165,0.0,0.002430555555555555,0.0,0.0,0.002430555555555555,Transit,Fishing - Trawler
700053159,VESSEL_PHI_009,SG,fishing,0.9874572353213131,trawler,0.9999999799978718,0.0,0.0,1.0787486515641855e-05,0.9874572353213131,0.0011111111111111111,3.2362459546925564e-05,0.0,0.009166281399291107,0.0022222222222222222,0.002430555555555555,0.5010618612066008,0.0,0.5010618612066008,Fishing,Fishing - Trawler
700053159,VESSEL_PHI_009,SG,fishing,0.9998381877022655,trawler,0.9999999800025459,0.0,0.0,1.0787486515641855e-05,0.9998381877022655,0.0,3.2362459546925564e-05,0.0,0.0001186623516720604,0.0,0.002430555555555555,0.4977040966688265,0.0,0.4977040966688265,Fishing,Fishing - Trawler
700053159,VESSEL_PHI_009,SG,fishing,0.9998381877022655,trawler,0.9999999800016368,0.0,0.0,1.0787486515641855e-05,0.9998381877022655,0.0,3.2362459546925564e-05,0.0,0.0001186623516720604,0.0,0.002430555555555555,0.49624862858942553,0.0,0.49624862858942553,Fishing,Fishing - Trawler
700053159,VESSEL_PHI_009,SG,fishing,0.9998381877022655,trawler,0.9999999800016368,0.0,0.0,1.0787486515641855e-05,0.9998381877022655,0.0,3.2362459546925564e-05,0.0,0.0001186623516720604,0.0,0.002430555555555555,0.49394193582137513,0.0,0.49394193582137513,Fishing,Fishing - Trawler
700053159,VESSEL_PHI_009,SG,fishing,0.9998381877022655,trawler,0.9999999786743905,0.0,0.0,1.0787486515641855e-05,0.9998381877022655,0.0,3.2362459546925564e-05,0.0,0.0001186623516720604,0.0,0.002430555555555555,0.4911893786615952,0.0,0.4911893786615952,Fishing,Fishing - Trawler
700053159,VESSEL_PHI_009,SG,fishing,0.9998381877022655,trawler,0.9999999786743905,0.0,0.0,1.0787486515641855e-05,0.9998381877022655,0.0,3.2362459546925564e-05,0.0,0.0001186623516720604,0.0,0.002430555555555555,0.4899372053913713,0.0,0.4899372053913713,Fishing,Fishing - Trawler
700053159,VESSEL_PHI_009,SG,fishing,0.9998381877022655,trawler,0.9999999786743905,0.0,0.0,1.0787486515641855e-05,0.9998381877022655,0.0,3.2362459546925564e-05,0.0,0.0001186623516720604,0.0,0.002430555555555555,0.48835378247934114,0.0,0.48835378247934114,Fishing,Fishing - Trawler
700053159,VESSEL_PHI_009,SG,fishing,0.9998381877022655,trawler,0.9999999785391844,0.0,0.0,1.0787486515641855e-05,0.9998381877022655,0.0,3.2362459546925564e-05,0.0,0.0001186623516720604,0.0,0.002430555555555555,0.4860869900654742,0.0,0.4860869900654742,Fishing,Fishing - Trawler
700053159,VESSEL_PHI_009,SG,fishing,0.9998381877022655,trawler,0.9999999800016368,0.0,0.0,1.0787486515641855e-05,0.9998381877022655,0.0,3.2362459546925564e-05,0.0,0.0001186623516720604,0.0,0.002430555555555555,0.4852464812650539,0.0,0.4852464812650539,Fishing,Fishing - Trawler
700053159,VESSEL_PHI_009,SG,fishing,0.9998381877022655,trawler,0.9999999800016368,0.0,0.0,1.0787486515641855e-05,0.9998381877022655,0.0,3.2362459546925564e-05,0.0,0.0001186623516720604,0.0,0.002430555555555555,0.4862113308210195,0.0,0.4862113308210195,Fishing,Fishing - Trawler
700053159,VESSEL_PHI_009,SG,fishing,0.9998381877022655,trawler,0.9999999800016368,0.0,0.0,1.0787486515641855e-05,0.9998381877022655,0.0,3.2362459546925564e-05,0.0,0.0001186623516720604,0.0,0.002430555555555555,0.48821380687817917,0.0,0.48821380687817917,Fishing,Fishing - Trawler
700053159,VESSEL_PHI_009,SG,fishing,0.9981715210355988,trawler,0.9999999800016368,0.0,0.0,1.0787486515641855e-05,0.9981715210355988,0.0016666666666666668,3.2362459546925564e-05,0.0,0.0001186623516720604,0.0,0.002430555555555555,0.4902211330637928,0.0,0.4902211330637928,Fishing,Fishing - Trawler
700053159,VESSEL_PHI_009,SG,fishing,0.9998381877022655,trawler,0.9999999782643381,0.0,0.0,1.0787486515641855e-05,0.9998381877022655,0.0,3.2362459546925564e-05,0.0,0.0001186623516720604,0.0,0.002430555555555555,0.49198602514950884,0.0,0.49198602514950884,Fishing,Fishing - Trawler
700053159,VESSEL_PHI_009,SG,fishing,0.9981715210355988,trawler,0.9999999800016368,0.0,0.0,1.0787486515641855e-05,0.9981715210355988,0.0,3.2362459546925564e-05,0.0,0.0001186623516720604,0.0016666666666666668,0.002430555555555555,0.49345150401134413,0.0,0.49345150401134413,Fishing,Fishing - Trawler
700053159,VESSEL_PHI_009,SG,fishing,0.9998381877022655,trawler,0.9999999800016368,0.0,0.0,1.0787486515641855e-05,0.9998381877022655,0.0,3.2362459546925564e-05,0.0,0.0001186623516720604,0.0,0.002430555555555555,0.4925118943673933,0.0,0.4925118943673933,Fishing,Fishing - Trawler
700053159,VESSEL_PHI_009,SG,fishing,0.9998381877022655,trawler,0.9999999782643381,0.0,0.0,1.0787486515641855e-05,0.9998381877022655,0.0,3.2362459546925564e-05,0.0,0.0001186623516720604,0.0,0.002430555555555555,0.490148892223948,0.0,0.490148892223948,Fishing,Fishing - Trawler
700053159,VESSEL_PHI_009,SG,fishing,0.9998381877022655,trawler,0.9999999800016368,0.0,0.0,1.0787486515641855e-05,0.9998381877022655,0.0,3.2362459546925564e-05,0.0,0.0001186623516720604,0.0,0.002430555555555555,0.4876737115111307,0.0,0.4876737115111307,Fishing,Fishing - Trawler
700053159,VESSEL_PHI_009,SG,fishing,0.9998381877022655,trawler,0.9999999800016368,0.0,0.0,1.0787486515641855e-05,0.9998381877022655,0.0,3.2362459546925564e-05,0.0,0.0001186623516720604,0.0,0.002430555555555555,0.48569621509721983,0.0,0.48569621509721983,Fishing,Fishing - Trawler
700053159,VESSEL_PHI_009,SG,fishing,0.9956715210355989,trawler,0.9999999799978718,0.0,0.0,1.0787486515641855e-05,0.9956715210355989,0.0,3.2362459546925564e-05,0.0,0.004285329018338726,0.0,0.002430555555555555,0.4854719825949776,0.0,0.4854719825949776,Fishing,Fishing - Trawler
700053159,VESSEL_PHI_009,SG,transit,0.9223408845738942,trawler,0.9999999799978718,0.0006666666666666668,0.0,0.001121898597626753,0.059949298813376496,0.0,0.003365695792880259,0.010333333333333333,0.9223408845738942,0.0022222222222222222,0.002430555555555555,0.0,0.0,0.002430555555555555,Transit,Fishing - Trawler
700053159,VESSEL_PHI_009,SG,transit,1.0,trawler,0.9999999818563311,0.0,0.0,0.0,0.0,0.0,0.0,0.0,1.0,0.0,0.002430555555555555,0.0,0.0,0.002430555555555555,Transit,Fishing - Trawler
700053159,VESSEL_PHI_009,SG,transit,1.0,trawler,0.999999981855422,0.0,0.0,0.0,0.0,0.0,0.0,0.0,1.0,0.0,0.002430555555555555,0.0,0.0,0.002430555555555555,Transit,Fishing - Trawler
700053159,VESSEL_PHI_009,SG,transit,0.9966666666666667,trawler,0.999999981855422,0.0,0.0,0.0,0.0033333333333333335,0.0,0.0,0.0,0.9966666666666667,0.0,0.002430555555555555,0.0,0.0,0.002430555555555555,Transit,Fishing - Trawler
700053159,VESSEL_PHI_009,SG,transit,0.9999563553491572,trawler,0.9999999818556432,4.364465084279326e-05,0.0,0.0,0.0,0.0,0.0,0.0,0.9999563553491572,0.0,0.002430555555555555,0.0,0.0,0.002430555555555555,Transit,Fishing - Trawler
700053159,VESSEL_PHI_009,SG,transit,0.999967320261438,trawler,0.9999999818556432,3.26797385620915e-05,0.0,0.0,0.0,0.0,0.0,0.0,0.999967320261438,0.0,0.002430555555555555,0.0,0.0,0.002430555555555555,Transit,Fishing - Trawler
700053159,VESSEL_PHI_009,SG,transit,1.0,trawler,0.999999981855422,0.0,0.0,0.0,0.0,0.0,0.0,0.0,1.0,0.0,0.002430555555555555,0.0,0.0,0.002430555555555555,Transit,Fishing - Trawler
700053159,VESSEL_PHI_009,SG,transit,0.9999890350877193,trawler,0.9999999818556432,1.0964912280701754e-05,0.0,0.0,0.0,0.0,0.0,0.0,0.9999890350877193,0.0,0.002430555555555555,0.0,0.0,0.002430555555555555,Transit,Fishing - Trawler
700053159,VESSEL_PHI_009,SG,transit,0.9999890350877193,trawler,0.9999999818556432,1.0964912280701754e-05,0.0,0.0,0.0,0.0,0.0,0.0,0.9999890350877193,0.0,0.002430555555555555,0.0,0.0,0.002430555555555555,Transit,Fishing - Trawler
700053159,VESSEL_PHI_009,SG,transit,0.9999563553491572,trawler,0.9999999818556432,4.364465084279326e-05,0.0,0.0,0.0,0.0,0.0,0.0,0.9999563553491572,0.0,0.002430555555555555,0.0,0.0,0.002430555555555555,Transit,Fishing - Trawler
700053159,VESSEL_PHI_009,SG,transit,1.0,trawler,0.999999981855422,0.0,0.0,0.0,0.0,0.0,0.0,0.0,1.0,0.0,0.002430555555555555,0.0,0.0,0.002430555555555555,Transit,Fishing - Trawler
700053159,VESSEL_PHI_009,SG,transit,1.0,trawler,0.999999981855422,0.0,0.0,0.0,0.0,0.0,0.0,0.0,1.0,0.0,0.002430555555555555,0.0,0.0,0.002430555555555555,Transit,Fishing - Trawler
700053159,VESSEL_PHI_009,SG,transit,0.9999890350877193,trawler,0.9999999818556432,1.0964912280701754e-05,0.0,0.0,0.0,0.0,0.0,0.0,0.9999890350877193,0.0,0.002430555555555555,0.0,0.0,0.002430555555555555,Transit,Fishing - Trawler
700053159,VESSEL_PHI_009,SG,transit,0.9999890350877193,trawler,0.9999999818556432,1.0964912280701754e-05,0.0,0.0,0.0,0.0,0.0,0.0,0.9999890350877193,0.0,0.002430555555555555,0.0,0.0,0.002430555555555555,Transit,Fishing - Trawler
700053159,VESSEL_PHI_009,SG,transit,0.9983223684210526,trawler,0.9999999818556432,1.0964912280701754e-05,0.0,0.0,0.0,0.0,0.0,0.0016666666666666668,0.9983223684210526,0.0,0.002430555555555555,0.0,0.0,0.002430555555555555,Transit,Fishing - Trawler
700053159,VESSEL_PHI_009,SG,transit,1.0,trawler,0.9999999627302382,0.0,0.0,0.0,0.0,0.0,0.0,0.0,1.0,0.0,0.002430555555555555,0.0,0.0,0.002430555555555555,Transit,Fishing - Trawler
700053159,VESSEL_PHI_009,SG,transit,1.0,trawler,0.9999999627302382,0.0,0.0,0.0,0.0,0.0,0.0,0.0,1.0,0.0,0.002430555555555555,0.0,0.0,0.002430555555555555,Transit,Fishing - Trawler
700053159,VESSEL_PHI_009,SG,transit,1.0,trawler,0.999999981855422,0.0,0.0,0.0,0.0,0.0,0.0,0.0,1.0,0.0,0.002430555555555555,0.0,0.0,0.002430555555555555,Transit,Fishing - Trawler
700053159,VESSEL_PHI_009,SG,transit,1.0,trawler,0.999999981855422,0.0,0.0,0.0,0.0,0.0,0.0,0.0,1.0,0.0,0.002430555555555555,0.0,0.0,0.002430555555555555,Transit,Fishing - Trawler
700053159,VESSEL_PHI_009,SG,transit,0.9977777777777778,trawler,0.9999999818563311,0.0,0.0022222222222222222,0.0,0.0,0.0,0.0,0.0,0.9977777777777778,0.0,0.002430555555555555,0.0,0.0,0.002430555555555555,Transit,Fishing - Trawler
700053159,VESSEL_PHI_009,SG,transit,0.9999890350877193,trawler,0.9999999627302382,1.0964912280701754e-05,0.0,0.0,0.0,0.0,0.0,0.0,0.9999890350877193,0.0,0.002430555555555555,0.0,0.0,0.002430555555555555,Transit,Fishing - Trawler
700053159,VESSEL_PHI_009,SG,transit,0.9999890350877193,trawler,0.9999999818556432,1.0964912280701754e-05,0.0,0.0,0.0,0.0,0.0,0.0,0.9999890350877193,0.0,0.002430555555555555,0.0,0.0,0.002430555555555555,Transit,Fishing - Trawler
700053159,VESSEL_PHI_009,SG,transit,0.9988888888888887,trawler,0.999999981856552,0.0011111111111111111,0.0,0.0,0.0,0.0,0.0,0.0,0.9988888888888887,0.0,0.002430555555555555,0.0,0.0,0.002430555555555555,Transit,Fishing - Trawler
700053159,VESSEL_PHI_009,SG,transit,0.9961111111111113,trawler,0.9999999818516571,0.0022222222222222222,0.0,0.0,0.0,0.0,0.0,0.0016666666666666668,0.9961111111111113,0.0,0.002430555555555555,0.0,0.0,0.002430555555555555,Transit,Fishing - Trawler
700053159,VESSEL_PHI_009,SG,transit,1.0,trawler,0.9999999818563311,0.0,0.0,0.0,0.0,0.0,0.0,0.0,1.0,0.0,0.002430555555555555,0.0,0.0,0.002430555555555555,Transit,Fishing - Trawler
700053159,VESSEL_PHI_009,SG,transit,1.0,trawler,0.9999999818556432,0.0,0.0,0.0,0.0,0.0,0.0,0.0,1.0,0.0,0.002430555555555555,0.0,0.0,0.002430555555555555,Transit,Fishing - Trawler
700053159,VESSEL_PHI_009,SG,transit,1.0,trawler,0.999999981855422,0.0,0.0,0.0,0.0,0.0,0.0,0.0,1.0,0.0,0.002430555555555555,0.0,0.0,0.002430555555555555,Transit,Fishing - Trawler
700053159,VESSEL_PHI_009,SG,transit,0.999967320261438,trawler,0.9999999818556432,3.26797385620915e-05,0.0,0.0,0.0,0.0,0.0,0.0,0.999967320261438,0.0,0.002430555555555555,0.0,0.0,0.002430555555555555,Transit,Fishing - Trawler
700053159,VESSEL_PHI_009,SG,transit,1.0,trawler,0.9999999818556432,0.0,0.0,0.0,0.0,0.0,0.0,0.0,1.0,0.0,0.002430555555555555,0.0,0.0,0.002430555555555555,Transit,Fishing - Trawler
700053159,VESSEL_PHI_009,SG,transit,1.0,trawler,0.9999999428225103,0.0,0.0,0.0,0.0,0.0,0.0,0.0,1.0,0.0,0.002430555555555555,0.0,0.0,0.002430555555555555,Transit,Fishing - Trawler
700053159,VESSEL_PHI_009,SG,transit,1.0,trawler,0.999999981856552,0.0,0.0,0.0,0.0,0.0,0.0,0.0,1.0,0.0,0.002430555555555555,0.0,0.0,0.002430555555555555,Transit,Fishing - Trawler
700053159,VESSEL_PHI_009,SG,transit,1.0,trawler,0.9999999818556432,0.0,0.0,0.0,0.0,0.0,0.0,0.0,1.0,0.0,0.002430555555555555,0.0,0.0,0.002430555555555555,Transit,Fishing - Trawler
700053159,VESSEL_PHI_009,SG,transit,1.0,trawler,0.9999999818556432,0.0,0.0,0.0,0.0,0.0,0.0,0.0,1.0,0.0,0.002430555555555555,0.0,0.0,0.002430555555555555,Transit,Fishing - Trawler
700053159,VESSEL_PHI_009,SG,transit,1.0,trawler,0.9999999818556432,0.0,0.0,0.0,0.0,0.0,0.0,0.0,1.0,0.0,0.002430555555555555,0.0,0.0,0.002430555555555555,Transit,Fishing - Trawler
700053159,VESSEL_PHI_009,SG,transit,1.0,trawler,0.999999981855422,0.0,0.0,0.0,0.0,0.0,0.0,0.0,1.0,0.0,0.002430555555555555,0.0,0.0,0.002430555555555555,Transit,Fishing - Trawler
700053159,VESSEL_PHI_009,SG,transit,1.0,trawler,0.999999981855422,0.0,0.0,0.0,0.0,0.0,0.0,0.0,1.0,0.0,0.002430555555555555,0.0,0.0,0.002430555555555555,Transit,Fishing - Trawler
700053159,VESSEL_PHI_009,SG,transit,1.0,trawler,0.9999999818556432,0.0,0.0,0.0,0.0,0.0,0.0,0.0,1.0,0.0,0.002430555555555555,0.0,0.0,0.002430555555555555,Transit,Fishing - Trawler
700053159,VESSEL_PHI_009,SG,transit,1.0,trawler,0.9999999818556432,0.0,0.0,0.0,0.0,0.0,0.0,0.0,1.0,0.0,0.002430555555555555,0.0,0.0,0.002430555555555555,Transit,Fishing - Trawler
700053159,VESSEL_PHI_009,SG,transit,0.999967320261438,trawler,0.999999981855422,3.26797385620915e-05,0.0,0.0,0.0,0.0,0.0,0.0,0.999967320261438,0.0,0.002430555555555555,0.0,0.0,0.002430555555555555,Transit,Fishing - Trawler
700053159,VESSEL_PHI_009,SG,transit,1.0,trawler,0.9999999818556432,0.0,0.0,0.0,0.0,0.0,0.0,0.0,1.0,0.0,0.002430555555555555,0.0,0.0,0.002430555555555555,Transit,Fishing - Trawler
700053160,VESSEL_PHI_010,MH,transit,1.0,purse_seiner,0.9999999770886242,0.0,0.0,0.0,0.0,0.0,0.0,0.0,1.0,0.0,0.002430555555555555,0.0,0.0,0.002430555555555555,Transit,Fishing - Purse Seiner
700053160,VESSEL_PHI_010,MH,transit,1.0,purse_seiner,0.9999294557389615,0.0,0.0,0.0,0.0,0.0,0.0,0.0,1.0,0.0,0.002430555555555555,0.0,0.0,0.002430555555555555,Transit,Fishing - Purse Seiner
700053160,VESSEL_PHI_010,MH,transit,1.0,purse_seiner,0.9999446764824667,0.0,0.0,0.0,0.0,0.0,0.0,0.0,1.0,0.0,0.002430555555555555,0.0,0.0,0.002430555555555555,Transit,Fishing - Purse Seiner
700053160,VESSEL_PHI_010,MH,transit,0.9999890350877193,purse_seiner,0.99999997511605,1.0964912280701754e-05,0.0,0.0,0.0,0.0,0.0,0.0,0.9999890350877193,0.0,0.002430555555555555,0.0,0.0,0.002430555555555555,Transit,Fishing - Purse Seiner
700053160,VESSEL_PHI_010,MH,transit,1.0,purse_seiner,0.9999999770886242,0.0,0.0,0.0,0.0,0.0,0.0,0.0,1.0,0.0,0.002430555555555555,0.0,0.0,0.002430555555555555,Transit,Fishing - Purse Seiner
700053160,VESSEL_PHI_010,MH,transit,1.0,purse_seiner,0.9999999770886242,0.0,0.0,0.0,0.0,0.0,0.0,0.0,1.0,0.0,0.002430555555555555,0.0,0.0,0.002430555555555555,Transit,Fishing - Purse Seiner
700053160,VESSEL_PHI_010,MH,transit,0.9999890350877193,purse_seiner,0.9999999770886242,1.0964912280701754e-05,0.0,0.0,0.0,0.0,0.0,0.0,0.9999890350877193,0.0,0.002430555555555555,0.0,0.0,0.002430555555555555,Transit,Fishing - Purse Seiner
700053160,VESSEL_PHI_010,MH,transit,1.0,purse_seiner,0.9999999770886242,0.0,0.0,0.0,0.0,0.0,0.0,0.0,1.0,0.0,0.002430555555555555,0.0,0.0,0.002430555555555555,Transit,Fishing - Purse Seiner
700053160,VESSEL_PHI_010,MH,transit,1.0,purse_seiner,0.9999999770886242,0.0,0.0,0.0,0.0,0.0,0.0,0.0,1.0,0.0,0.002430555555555555,0.0,0.0,0.002430555555555555,Transit,Fishing - Purse Seiner
700053160,VESSEL_PHI_010,MH,transit,1.0,purse_seiner,0.9999999770886242,0.0,0.0,0.0,0.0,0.0,0.0,0.0,1.0,0.0,0.002430555555555555,0.0,0.0,0.002430555555555555,Transit,Fishing - Purse Seiner
700053160,VESSEL_PHI_010,MH,transit,1.0,purse_seiner,0.9999999775893761,0.0,0.0,0.0,0.0,0.0,0.0,0.0,1.0,0.0,0.002430555555555555,0.0,0.0,0.002430555555555555,Transit,Fishing - Purse Seiner
700053160,VESSEL_PHI_010,MH,fishing,0.746,purse_seiner,0.9999999664810035,0.0025,0.0,0.005,0.746,0.008888888888888889,0.0,0.009000000000000001,0.22694444444444442,0.0016666666666666668,0.002430555555555555,0.6,0.0,0.6,Fishing,Fishing - Purse Seiner
700053160,VESSEL_PHI_010,MH,fishing,0.9815048543689322,purse_seiner,0.999999972813976,0.0,0.008888888888888889,0.0033441208198489755,0.9815048543689322,0.0,3.2362459546925564e-05,0.0,0.006229773462783171,0.0,0.002430555555555555,0.6,0.0,0.6,Fishing,Fishing - Purse Seiner
700053160,VESSEL_PHI_010,MH,fishing,0.9631715210355988,purse_seiner,0.9999999710674594,0.0,0.012222222222222221,0.008899676375404529,0.9631715210355988,0.009444444444444443,3.2362459546925564e-05,0.0,0.006229773462783171,0.0,0.002430555555555555,0.6,0.0,0.6,Fishing,Fishing - Purse Seiner
700053160,VESSEL_PHI_010,MH,fishing,0.9781715210355988,purse_seiner,0.9999999712018292,0.0,0.008888888888888889,0.0033441208198489755,0.9781715210355988,0.0033333333333333335,3.2362459546925564e-05,0.0,0.006229773462783171,0.0,0.002430555555555555,0.6,0.0,0.6,Fishing,Fishing - Purse Seiner
700053160,VESSEL_PHI_010,MH,fishing,0.9790048543689321,purse_seiner,0.9999999704223772,0.0,0.008888888888888889,0.0033441208198489755,0.9790048543689321,0.0025,3.2362459546925564e-05,0.0,0.006229773462783171,0.0,0.002430555555555555,0.6,0.0,0.6,Fishing,Fishing - Purse Seiner
700053160,VESSEL_PHI_010,MH,fishing,0.9535683464324242,purse_seiner,0.999999971010763,0.002380952380952381,0.013333333333333334,0.0033441208198489755,0.9535683464324242,0.0061111111111111106,0.003365695792880259,0.0,0.014563106796116507,0.0033333333333333335,0.002430555555555555,0.6,0.0,0.6,Fishing,Fishing - Purse Seiner
700053160,VESSEL_PHI_010,MH,fishing,0.9681715210355988,purse_seiner,0.9999999687934346,0.0,0.008888888888888889,0.0033441208198489755,0.9681715210355988,0.006666666666666667,3.2362459546925564e-05,0.0,0.006229773462783171,0.006666666666666667,0.002430555555555555,0.6,0.0,0.6,Fishing,Fishing - Purse Seiner
700053160,VESSEL_PHI_010,MH,fishing,0.9606715210355988,purse_seiner,0.9999996804085074,0.0,0.008888888888888889,0.0033441208198489755,0.9606715210355988,0.015833333333333335,3.2362459546925564e-05,0.0,0.006229773462783171,0.005,0.002430555555555555,0.6,0.0,0.6,Fishing,Fishing - Purse Seiner
700053160,VESSEL_PHI_010,MH,fishing,0.9681715210355988,purse_seiner,0.9999999687934346,0.0,0.008888888888888889,0.0033441208198489755,0.9681715210355988,0.008333333333333333,3.2362459546925564e-05,0.0,0.006229773462783171,0.005,0.002430555555555555,0.6,0.0,0.6,Fishing,Fishing - Purse Seiner
700053160,VESSEL_PHI_010,MH,fishing,0.9815048543689322,purse_seiner,0.999999971168341,0.0,0.008888888888888889,0.0033441208198489755,0.9815048543689322,0.0,3.2362459546925564e-05,0.0,0.006229773462783171,0.0,0.002430555555555555,0.6,0.0,0.6,Fishing,Fishing - Purse Seiner
700053160,VESSEL_PHI_010,MH,fishing,0.6313223146863924,purse_seiner,0.9999999706114853,0.0,0.005833333333333334,0.010010787486515642,0.6313223146863924,0.029296296296296293,0.025921251348435814,0.005,0.28761601684902655,0.005,0.002430555555555555,0.6,0.0,0.6,Fishing,Fishing - Purse Seiner
700053160,VESSEL_PHI_010,MH,transit,0.9961111111111113,purse_seiner,0.9999999598276222,0.0038888888888888883,0.0,0.0,0.0,0.0,0.0,0.0,0.9961111111111113,0.0,0.002430555555555555,0.0,0.0,0.002430555555555555,Transit,Fishing - Purse Seiner
700053160,VESSEL_PHI_010,MH,transit,0.9999890350877193,purse_seiner,0.9999999811945125,1.0964912280701754e-05,0.0,0.0,0.0,0.0,0.0,0.0,0.9999890350877193,0.0,0.002430555555555555,0.0,0.0,0.002430555555555555,Transit,Fishing - Purse Seiner
700053160,VESSEL_PHI_010,MH,transit,0.9999890350877193,purse_seiner,0.9999999776373484,1.0964912280701754e-05,0.0,0.0,0.0,0.0,0.0,0.0,0.9999890350877193,0.0,0.002430555555555555,0.0,0.0,0.002430555555555555,Transit,Fishing - Purse Seiner
700053160,VESSEL_PHI_010,MH,transit,1.0,purse_seiner,0.9999999770886242,0.0,0.0,0.0,0.0,0.0,0.0,0.0,1.0,0.0,0.002430555555555555,0.0,0.0,0.002430555555555555,Transit,Fishing - Purse Seiner
700053160,VESSEL_PHI_010,MH,transit,0.929202380952381,purse_seiner,0.9999999775870055,0.0,0.0,0.005,0.04121428571428571,0.007916666666666667,0.016666666666666666,0.0,0.929202380952381,0.0,0.002430555555555555,0.0,0.0,0.002430555555555555,Transit,Fishing - Purse Seiner
700053160,VESSEL_PHI_010,MH,fishing,0.6635762829403606,purse_seiner,0.9999999644899883,0.0027777777777777775,0.0,1.0787486515641855e-05,0.6635762829403606,0.02266666666666667,0.05075458468176915,0.0,0.25054723378024346,0.009666666666666667,0.002430555555555555,0.6,0.0,0.6,Fishing,Fishing - Purse Seiner
700053160,VESSEL_PHI_010,MH,fishing,0.9318937432578209,purse_seiner,0.9999999737897731,0.0,0.012222222222222221,0.0033441208198489755,0.9318937432578209,0.01111111111111111,3.2362459546925564e-05,0.0,0.0380631067961165,0.0033333333333333335,0.002430555555555555,0.6,0.0,0.6,Fishing,Fishing - Purse Seiner
700053160,VESSEL_PHI_010,MH,fishing,0.9157905686546463,purse_seiner,0.9999999687933917,0.004880952380952382,0.012777777777777779,0.02278856526429342,0.9157905686546463,0.019,3.2362459546925564e-05,0.002666666666666667,0.017618662351672056,0.0044444444444444444,0.002430555555555555,0.6,0.0,0.6,Fishing,Fishing - Purse Seiner
700053160,VESSEL_PHI_010,MH,fishing,0.9773381877022654,purse_seiner,0.999999971168341,0.0,0.008888888888888889,0.0033441208198489755,0.9773381877022654,0.004166666666666667,3.2362459546925564e-05,0.0,0.006229773462783171,0.0,0.002430555555555555,0.6,0.0,0.6,Fishing,Fishing - Purse Seiner
700053160,VESSEL_PHI_010,MH,fishing,0.9781715210355988,purse_seiner,0.999999971168341,0.0,0.012222222222222221,0.0033441208198489755,0.9781715210355988,0.0,3.2362459546925564e-05,0.0,0.006229773462783171,0.0,0.002430555555555555,0.6,0.0,0.6,Fishing,Fishing - Purse Seiner
700053160,VESSEL_PHI_010,MH,fishing,0.9765048543689322,purse_seiner,0.999999971168341,0.0,0.008888888888888889,0.0033441208198489755,0.9765048543689322,0.0,0.003365695792880259,0.0,0.007896440129449837,0.0,0.002430555555555555,0.6,0.0,0.6,Fishing,Fishing - Purse Seiner
700053160,VESSEL_PHI_010,MH,fishing,0.9781715210355988,purse_seiner,0.999999970071165,0.0,0.012222222222222221,0.0033441208198489755,0.9781715210355988,0.0,3.2362459546925564e-05,0.0,0.006229773462783171,0.0,0.002430555555555555,0.6,0.0,0.6,Fishing,Fishing - Purse Seiner
700053160,VESSEL_PHI_010,MH,fishing,0.9773381877022654,purse_seiner,0.9999999579515337,0.0,0.008888888888888889,0.0033441208198489755,0.9773381877022654,0.004166666666666667,3.2362459546925564e-05,0.0,0.006229773462783171,0.0,0.002430555555555555,0.6,0.0,0.6,Fishing,Fishing - Purse Seiner
700053160,VESSEL_PHI_010,MH,fishing,0.9673381877022655,purse_seiner,0.9999999398001366,0.0,0.008888888888888889,0.006677454153182308,0.9673381877022655,0.010833333333333334,3.2362459546925564e-05,0.0,0.006229773462783171,0.0,0.002430555555555555,0.6,0.0,0.6,Fishing,Fishing - Purse Seiner
700053160,VESSEL_PHI_010,MH,fishing,0.9790048543689321,purse_seiner,0.9999999687934346,0.0,0.008888888888888889,0.0033441208198489755,0.9790048543689321,0.0025,3.2362459546925564e-05,0.0,0.006229773462783171,0.0,0.002430555555555555,0.6,0.0,0.6,Fishing,Fishing - Purse Seiner
700053160,VESSEL_PHI_010,MH,fishing,0.9815048543689322,purse_seiner,0.9999999705822553,0.0,0.008888888888888889,0.0033441208198489755,0.9815048543689322,0.0,3.2362459546925564e-05,0.0,0.006229773462783171,0.0,0.002430555555555555,0.6,0.0,0.6,Fishing,Fishing - Purse Seiner
700053160,VESSEL_PHI_010,MH,fishing,0.9765048543689322,purse_seiner,0.999999971168341,0.0,0.008888888888888889,0.0033441208198489755,0.9765048543689322,0.005,3.2362459546925564e-05,0.0,0.006229773462783171,0.0,0.002430555555555555,0.6,0.0,0.6,Fishing,Fishing - Purse Seiner
700053160,VESSEL_PHI_010,MH,fishing,0.9731715210355988,purse_seiner,0.9999999737817351,0.0,0.012222222222222221,0.0033441208198489755,0.9731715210355988,0.0,0.003365695792880259,0.0,0.007896440129449837,0.0,0.002430555555555555,0.6,0.0,0.6,Fishing,Fishing - Purse Seiner
700053160,VESSEL_PHI_010,MH,transit,0.7318562091503267,purse_seiner,0.9999999674072344,0.008866013071895424,0.0075,0.018333333333333333,0.09733333333333333,0.06066666666666667,0.010333333333333333,0.059555555555555556,0.7318562091503267,0.005555555555555555,0.002430555555555555,0.0,0.0,0.002430555555555555,Transit,Fishing - Purse Seiner
700053160,VESSEL_PHI_010,MH,transit,1.0,purse_seiner,0.9999999012231358,0.0,0.0,0.0,0.0,0.0,0.0,0.0,1.0,0.0,0.002430555555555555,0.0,0.0,0.002430555555555555,Transit,Fishing - Purse Seiner
700053160,VESSEL_PHI_010,MH,transit,1.0,purse_seiner,0.9999999770886242,0.0,0.0,0.0,0.0,0.0,0.0,0.0,1.0,0.0,0.002430555555555555,0.0,0.0,0.002430555555555555,Transit,Fishing - Purse Seiner
700053160,VESSEL_PHI_010,MH,transit,1.0,purse_seiner,0.9999999756885386,0.0,0.0,0.0,0.0,0.0,0.0,0.0,1.0,0.0,0.002430555555555555,0.0,0.0,0.002430555555555555,Transit,Fishing - Purse Seiner
700053160,VESSEL_PHI_010,MH,transit,1.0,purse_seiner,0.99999997511605,0.0,0.0,0.0,0.0,0.0,0.0,0.0,1.0,0.0,0.002430555555555555,0.0,0.0,0.002430555555555555,Transit,Fishing - Purse Seiner
700053160,VESSEL_PHI_010,MH,transit,1.0,purse_seiner,0.9999999770886242,0.0,0.0,0.0,0.0,0.0,0.0,0.0,1.0,0.0,0.002430555555555555,0.0,0.0,0.002430555555555555,Transit,Fishing - Purse Seiner
700053160,VESSEL_PHI_010,MH,transit,0.9999890350877193,purse_seiner,0.9999999770886242,1.0964912280701754e-05,0.0,0.0,0.0,0.0,0.0,0.0,0.9999890350877193,0.0,0.002430555555555555,0.0,0.0,0.002430555555555555,Transit,Fishing - Purse Seiner
700053160,VESSEL_PHI_010,MH,transit,1.0,purse_seiner,0.9999999770886242,0.0,0.0,0.0,0.0,0.0,0.0,0.0,1.0,0.0,0.002430555555555555,0.0,0.0,0.002430555555555555,Transit,Fishing - Purse Seiner
700053160,VESSEL_PHI_010,MH,transit,1.0,purse_seiner,0.9999999778232813,0.0,0.0,0.0,0.0,0.0,0.0,0.0,1.0,0.0,0.002430555555555555,0.0,0.0,0.002430555555555555,Transit,Fishing - Purse Seiner
700053160,VESSEL_PHI_010,MH,transit,1.0,purse_seiner,0.9999999770886242,0.0,0.0,0.0,0.0,0.0,0.0,0.0,1.0,0.0,0.002430555555555555,0.0,0.0,0.002430555555555555,Transit,Fishing - Purse Seiner
700053160,VESSEL_PHI_010,MH,transit,1.0,purse_seiner,0.9999999770886242,0.0,0.0,0.0,0.0,0.0,0.0,0.0,1.0,0.0,0.002430555555555555,0.0,0.0,0.002430555555555555,Transit,Fishing - Purse Seiner
700053160,VESSEL_PHI_010,MH,transit,1.0,purse_seiner,0.9999999770886242,0.0,0.0,0.0,0.0,0.0,0.0,0.0,1.0,0.0,0.002430555555555555,0.0,0.0,0.002430555555555555,Transit,Fishing - Purse Seiner
700053160,VESSEL_PHI_010,MH,transit,1.0,purse_seiner,0.9999999770886242,0.0,0.0,0.0,0.0,0.0,0.0,0.0,1.0,0.0,0.002430555555555555,0.0,0.0,0.002430555555555555,Transit,Fishing - Purse Seiner
700053160,VESSEL_PHI_010,MH,transit,0.9983223684210526,purse_seiner,0.9999999770886242,1.0964912280701754e-05,0.0,0.0,0.0,0.0,0.0,0.0016666666666666668,0.9983223684210526,0.0,0.002430555555555555,0.0,0.0,0.002430555555555555,Transit,Fishing - Purse Seiner
700053160,VESSEL_PHI_010,MH,transit,1.0,purse_seiner,0.9999999770886242,0.0,0.0,0.0,0.0,0.0,0.0,0.0,1.0,0.0,0.002430555555555555,0.0,0.0,0.002430555555555555,Transit,Fishing - Purse Seiner
700053160,VESSEL_PHI_010,MH,transit,1.0,purse_seiner,0.99999997511605,0.0,0.0,0.0,0.0,0.0,0.0,0.0,1.0,0.0,0.002430555555555555,0.0,0.0,0.002430555555555555,Transit,Fishing - Purse Seiner
700053160,VESSEL_PHI_010,MH,transit,1.0,purse_seiner,0.99999997511605,0.0,0.0,0.0,0.0,0.0,0.0,0.0,1.0,0.0,0.002430555555555555,0.0,0.0,0.002430555555555555,Transit,Fishing - Purse Seiner
700053160,VESSEL_PHI_010,MH,transit,0.9999890350877193,purse_seiner,0.9999999770886242,1.0964912280701754e-05,0.0,0.0,0.0,0.0,0.0,0.0,0.9999890350877193,0.0,0.002430555555555555,0.0,0.0,0.002430555555555555,Transit,Fishing - Purse Seiner
700053160,VESSEL_PHI_010,MH,transit,1.0,purse_seiner,0.9999999770886242,0.0,0.0,0.0,0.0,0.0,0.0,0.0,1.0,0.0,0.002430555555555555,0.0,0.0,0.002430555555555555,Transit,Fishing - Purse Seiner
700053160,VESSEL_PHI_010,MH,transit,1.0,purse_seiner,0.9999999770886242,0.0,0.0,0.0,0.0,0.0,0.0,0.0,1.0,0.0,0.002430555555555555,0.0,0.0,0.002430555555555555,Transit,Fishing - Purse Seiner
700053160,VESSEL_PHI_010,MH,transit,0.9999890350877193,purse_seiner,0.9999999770886242,1.0964912280701754e-05,0.0,0.0,0.0,0.0,0.0,0.0,0.9999890350877193,0.0,0.002430555555555555,0.0,0.0,0.002430555555555555,Transit,Fishing - Purse Seiner
700053160,VESSEL_PHI_010,MH,transit,1.0,purse_seiner,0.9999999770886242,0.0,0.0,0.0,0.0,0.0,0.0,0.0,1.0,0.0,0.002430555555555555,0.0,0.0,0.002430555555555555,Transit,Fishing - Purse Seiner
700053160,VESSEL_PHI_010,MH,transit,1.0,purse_seiner,0.9999999770886242,0.0,0.0,0.0,0.0,0.0,0.0,0.0,1.0,0.0,0.002430555555555555,0.0,0.0,0.002430555555555555,Transit,Fishing - Purse Seiner
700053160,VESSEL_PHI_010,MH,transit,1.0,purse_seiner,0.9999999770886242,0.0,0.0,0.0,0.0,0.0,0.0,0.0,1.0,0.0,0.002430555555555555,0.0,0.0,0.002430555555555555,Transit,Fishing - Purse Seiner
700053160,VESSEL_PHI_010,MH,transit,0.9999890350877193,purse_seiner,0.9999999770886242,1.0964912280701754e-05,0.0,0.0,0.0,0.0,0.0,0.0,0.9999890350877193,0.0,0.002430555555555555,0.0,0.0,0.002430555555555555,Transit,Fishing - Purse Seiner
700053160,VESSEL_PHI_010,MH,transit,1.0,purse_seiner,0.9999999770886242,0.0,0.0,0.0,0.0,0.0,0.0,0.0,1.0,0.0,0.002430555555555555,0.0,0.0,0.002430555555555555,Transit,Fishing - Purse Seiner
700053160,VESSEL_PHI_010,MH,transit,1.0,purse_seiner,0.9999999770886242,0.0,0.0,0.0,0.0,0.0,0.0,0.0,1.0,0.0,0.002430555555555555,0.0,0.0,0.002430555555555555,Transit,Fishing - Purse Seiner
700053160,VESSEL_PHI_010,MH,transit,0.9999890350877193,purse_seiner,0.9999999770886242,1.0964912280701754e-05,0.0,0.0,0.0,0.0,0.0,0.0,0.9999890350877193,0.0,0.002430555555555555,0.0,0.0,0.002430555555555555,Transit,Fishing - Purse Seiner
700053160,VESSEL_PHI_010,MH,transit,1.0,purse_seiner,0.9999999770886242,0.0,0.0,0.0,0.0,0.0,0.0,0.0,1.0,0.0,0.002430555555555555,0.0,0.0,0.002430555555555555,Transit,Fishing - Purse Seiner
700053160,VESSEL_PHI_010,MH,transit,0.9999890350877193,purse_seiner,0.9999999770886242,1.0964912280701754e-05,0.0,0.0,0.0,0.0,0.0,0.0,0.9999890350877193,0.0,0.002430555555555555,0.0,0.0,0.002430555555555555,Transit,Fishing - Purse Seiner
700053160,VESSEL_PHI_010,MH,transit,0.9969890350877193,purse_seiner,0.9999999770886242,0.0030109649122807016,0.0,0.0,0.0,0.0,0.0,0.0,0.9969890350877193,0.0,0.002430555555555555,0.0,0.0,0.002430555555555555,Transit,Fishing - Purse Seiner
700053160,VESSEL_PHI_010,MH,transit,1.0,purse_seiner,0.9999999770886242,0.0,0.0,0.0,0.0,0.0,0.0,0.0,1.0,0.0,0.002430555555555555,0.0,0.0,0.002430555555555555,Transit,Fishing - Purse Seiner
700053160,VESSEL_PHI_010,MH,transit,1.0,purse_seiner,0.9999999770886242,0.0,0.0,0.0,0.0,0.0,0.0,0.0,1.0,0.0,0.002430555555555555,0.0,0.0,0.002430555555555555,Transit,Fishing - Purse Seiner
700053160,VESSEL_PHI_010,MH,transit,1.0,purse_seiner,0.9999999770886242,0.0,0.0,0.0,0.0,0.0,0.0,0.0,1.0,0.0,0.002430555555555555,0.0,0.0,0.002430555555555555,Transit,Fishing - Purse Seiner
700053160,VESSEL_PHI_010,MH,transit,1.0,purse_seiner,0.9999999770886242,0.0,0.0,0.0,0.0,0.0,0.0,0.0,1.0,0.0,0.002430555555555555,0.0,0.0,0.002430555555555555,Transit,Fishing - Purse Seiner
700053160,VESSEL_PHI_010,MH,transit,0.9999890350877193,purse_seiner,0.9999999778232813,1.0964912280701754e-05,0.0,0.0,0.0,0.0,0.0,0.0,0.9999890350877193,0.0,0.002430555555555555,0.0,0.0,0.002430555555555555,Transit,Fishing - Purse Seiner
700053160,VESSEL_PHI_010,MH,transit,0.9999890350877193,purse_seiner,0.9999999768266018,1.0964912280701754e-05,0.0,0.0,0.0,0.0,0.0,0.0,0.9999890350877193,0.0,0.002430555555555555,0.0,0.0,0.002430555555555555,Transit,Fishing - Purse Seiner
700053160,VESSEL_PHI_010,MH,transit,0.9999890350877193,purse_seiner,0.9999999778232813,1.0964912280701754e-05,0.0,0.0,0.0,0.0,0.0,0.0,0.9999890350877193,0.0,0.002430555555555555,0.0,0.0,0.002430555555555555,Transit,Fishing - Purse Seiner
700053160,VESSEL_PHI_010,MH,transit,1.0,purse_seiner,0.9999999778232813,0.0,0.0,0.0,0.0,0.0,0.0,0.0,1.0,0.0,0.002430555555555555,0.0,0.0,0.002430555555555555,Transit,Fishing - Purse Seiner
700053160,VESSEL_PHI_010,MH,transit,1.0,purse_seiner,0.9999999770886242,0.0,0.0,0.0,0.0,0.0,0.0,0.0,1.0,0.0,0.002430555555555555,0.0,0.0,0.002430555555555555,Transit,Fishing - Purse Seiner
700053160,VESSEL_PHI_010,MH,transit,1.0,purse_seiner,0.9999999770886242,0.0,0.0,0.0,0.0,0.0,0.0,0.0,1.0,0.0,0.002430555555555555,0.0,0.0,0.002430555555555555,Transit,Fishing - Purse Seiner
700053160,VESSEL_PHI_010,MH,transit,1.0,purse_seiner,0.99999997511605,0.0,0.0,0.0,0.0,0.0,0.0,0.0,1.0,0.0,0.002430555555555555,0.0,0.0,0.002430555555555555,Transit,Fishing - Purse Seiner
700053160,VESSEL_PHI_010,MH,transit,1.0,purse_seiner,0.9999999751138389,0.0,0.0,0.0,0.0,0.0,0.0,0.0,1.0,0.0,0.002430555555555555,0.0,0.0,0.002430555555555555,Transit,Fishing - Purse Seiner
700053160,VESSEL_PHI_010,MH,transit,1.0,purse_seiner,0.9999999770886242,0.0,0.0,0.0,0.0,0.0,0.0,0.0,1.0,0.0,0.002430555555555555,0.0,0.0,0.002430555555555555,Transit,Fishing - Purse Seiner
700053160,VESSEL_PHI_010,MH,transit,1.0,purse_seiner,0.99999997511605,0.0,0.0,0.0,0.0,0.0,0.0,0.0,1.0,0.0,0.002430555555555555,0.0,0.0,0.002430555555555555,Transit,Fishing - Purse Seiner
700053161,VESSEL_PHI_011,PH,transit,0.9983006535947713,trawler,0.9999999831756227,3.26797385620915e-05,0.0,0.0,0.0,0.0,0.0,0.0016666666666666668,0.9983006535947713,0.0,0.002430555555555555,0.0,0.0,0.002430555555555555,Transit,Fishing - Trawler
700053161,VESSEL_PHI_011,PH,transit,1.0,trawler,0.9999999831756227,0.0,0.0,0.0,0.0,0.0,0.0,0.0,1.0,0.0,0.002430555555555555,0.0,0.0,0.002430555555555555,Transit,Fishing - Trawler
700053161,VESSEL_PHI_011,PH,transit,0.9977896886824906,trawler,0.9999999831756227,0.0008769779841761266,0.0,0.0,0.0,0.0,0.0,0.0013333333333333335,0.9977896886824906,0.0,0.002430555555555555,0.0,0.0,0.002430555555555555,Transit,Fishing - Trawler
700053161,VESSEL_PHI_011,PH,transit,0.9987551990493166,trawler,0.9999999831754179,3.26797385620915e-05,0.0,0.0,0.0,0.0,0.0012121212121212121,0.0,0.9987551990493166,0.0,0.002430555555555555,0.0,0.0,0.002430555555555555,Transit,Fishing - Trawler
700053161,VESSEL_PHI_011,PH,transit,1.0,trawler,0.9999999831754179,0.0,0.0,0.0,0.0,0.0,0.0,0.0,1.0,0.0,0.002430555555555555,0.0,0.0,0.002430555555555555,Transit,Fishing - Trawler
700053161,VESSEL_PHI_011,PH,transit,0.9048333333333337,trawler,0.9999999807525889,0.0,0.0,0.0,0.06122222222222221,0.0016666666666666668,0.029277777777777778,0.0,0.9048333333333337,0.003,0.002430555555555555,0.0,0.0,0.002430555555555555,Transit,Fishing - Trawler
700053161,VESSEL_PHI_011,PH,fishing,0.9692142857142858,trawler,0.9999999809124717,0.0,0.0,0.0,0.9692142857142858,0.0,0.0,0.0,0.02911904761904762,0.0016666666666666668,0.002430555555555555,0.6,0.0,0.6,Fishing,Fishing - Trawler
700053161,VESSEL_PHI_011,PH,fishing,0.9998381877022655,trawler,0.9999999809218024,0.0,0.0,1.0787486515641855e-05,0.9998381877022655,0.0,3.2362459546925564e-05,0.0,0.0001186623516720604,0.0,0.002430555555555555,0.6,0.0,0.6,Fishing,Fishing - Trawler
700053161,VESSEL_PHI_011,PH,fishing,0.9998381877022655,trawler,0.9999999805252114,0.0,0.0,1.0787486515641855e-05,0.9998381877022655,0.0,3.2362459546925564e-05,0.0,0.0001186623516720604,0.0,0.002430555555555555,0.6,0.0,0.6,Fishing,Fishing - Trawler
700053161,VESSEL_PHI_011,PH,fishing,0.9542588226229003,trawler,0.9999999809218024,0.0,0.008333333333333333,0.00801078748651564,0.9542588226229003,0.0,3.2362459546925564e-05,0.004166666666666667,0.023531360764370474,0.0016666666666666668,0.002430555555555555,0.6,0.0,0.6,Fishing,Fishing - Trawler
700053161,VESSEL_PHI_011,PH,fishing,0.9998381877022655,trawler,0.9999999809218024,0.0,0.0,1.0787486515641855e-05,0.9998381877022655,0.0,3.2362459546925564e-05,0.0,0.0001186623516720604,0.0,0.002430555555555555,0.6,0.0,0.6,Fishing,Fishing - Trawler
700053161,VESSEL_PHI_011,PH,fishing,0.9998381877022655,trawler,0.9999999793785566,0.0,0.0,1.0787486515641855e-05,0.9998381877022655,0.0,3.2362459546925564e-05,0.0,0.0001186623516720604,0.0,0.002430555555555555,0.6,0.0,0.6,Fishing,Fishing - Trawler
700053161,VESSEL_PHI_011,PH,fishing,0.9969810448451225,trawler,0.9999999793785566,0.0,0.0,1.0787486515641855e-05,0.9969810448451225,0.0,3.2362459546925564e-05,0.0,0.0029758052088149174,0.0,0.002430555555555555,0.6,0.0,0.6,Fishing,Fishing - Trawler
700053161,VESSEL_PHI_011,PH,fishing,0.9998381877022655,trawler,0.9999999809218024,0.0,0.0,1.0787486515641855e-05,0.9998381877022655,0.0,3.2362459546925564e-05,0.0,0.0001186623516720604,0.0,0.002430555555555555,0.6,0.0,0.6,Fishing,Fishing - Trawler
700053161,VESSEL_PHI_011,PH,fishing,0.9998381877022655,trawler,0.9999999809218024,0.0,0.0,1.0787486515641855e-05,0.9998381877022655,0.0,3.2362459546925564e-05,0.0,0.0001186623516720604,0.0,0.002430555555555555,0.6,0.0,0.6,Fishing,Fishing - Trawler
700053161,VESSEL_PHI_011,PH,fishing,0.9998381877022655,trawler,0.9999999809124717,0.0,0.0,1.0787486515641855e-05,0.9998381877022655,0.0,3.2362459546925564e-05,0.0,0.0001186623516720604,0.0,0.002430555555555555,0.6,0.0,0.6,Fishing,Fishing - Trawler
700053161,VESSEL_PHI_011,PH,transit,0.9739444444444445,trawler,0.9999999814729993,0.0,0.0,0.0,0.01,0.0,0.0,0.016055555555555556,0.9739444444444445,0.0,0.002430555555555555,0.0,0.0,0.002430555555555555,Transit,Fishing - Trawler
700053161,VESSEL_PHI_011,PH,transit,0.987626050420168,trawler,0.9999999831652994,3.26797385620915e-05,0.0,0.0,0.010119047619047618,0.0,0.0,0.0022222222222222222,0.987626050420168,0.0,0.002430555555555555,0.0,0.0,0.002430555555555555,Transit,Fishing - Trawler
700053161,VESSEL_PHI_011,PH,transit,0.999967320261438,trawler,0.9999999831756227,3.26797385620915e-05,0.0,0.0,0.0,0.0,0.0,0.0,0.999967320261438,0.0,0.002430555555555555,0.0,0.0,0.002430555555555555,Transit,Fishing - Trawler
700053161,VESSEL_PHI_011,PH,transit,0.9666339869281046,trawler,0.9999999807619985,3.26797385620915e-05,0.0,0.0,0.011666666666666667,0.0,0.021666666666666667,0.0,0.9666339869281046,0.0,0.002430555555555555,0.0,0.0,0.002430555555555555,Transit,Fishing - Trawler
700053161,VESSEL_PHI_011,PH,fishing,0.9000048543689322,trawler,0.9999999809124717,0.0,0.0,1.0787486515641855e-05,0.9000048543689322,0.0,0.0011434735706580366,0.0,0.09884088457389428,0.0,0.002430555555555555,0.6,0.0,0.6,Fishing,Fishing - Trawler
700053161,VESSEL_PHI_011,PH,fishing,0.9812270765911543,trawler,0.9999999809124717,0.0,0.0,1.0787486515641855e-05,0.9812270765911543,0.0,0.0011434735706580366,0.0,0.015951995685005393,0.0016666666666666668,0.002430555555555555,0.6,0.0,0.6,Fishing,Fishing - Trawler
700053161,VESSEL_PHI_011,PH,fishing,0.9869492988133766,trawler,0.9999999809218024,0.0,0.0,0.001121898597626753,0.9869492988133766,0.0,0.002810140237324703,0.0,0.00911866235167206,0.0,0.002430555555555555,0.6,0.0,0.6,Fishing,Fishing - Trawler
700053161,VESSEL_PHI_011,PH,fishing,0.9998381877022655,trawler,0.9999999809218024,0.0,0.0,1.0787486515641855e-05,0.9998381877022655,0.0,3.2362459546925564e-05,0.0,0.0001186623516720604,0.0,0.002430555555555555,0.6,0.0,0.6,Fishing,Fishing - Trawler
700053161,VESSEL_PHI_011,PH,fishing,0.9998381877022655,trawler,0.9999999809218024,0.0,0.0,1.0787486515641855e-05,0.9998381877022655,0.0,3.2362459546925564e-05,0.0,0.0001186623516720604,0.0,0.002430555555555555,0.6,0.0,0.6,Fishing,Fishing - Trawler
700053161,VESSEL_PHI_011,PH,fishing,0.9824572353213129,trawler,0.9999999809218024,0.002380952380952381,0.0022222222222222222,1.0787486515641855e-05,0.9824572353213129,0.0051111111111111105,3.2362459546925564e-05,0.002666666666666667,0.00511866235167206,0.0,0.002430555555555555,0.6,0.0,0.6,Fishing,Fishing - Trawler
700053161,VESSEL_PHI_011,PH,fishing,0.9998381877022655,trawler,0.9999999809218024,0.0,0.0,1.0787486515641855e-05,0.9998381877022655,0.0,3.2362459546925564e-05,0.0,0.0001186623516720604,0.0,0.002430555555555555,0.5993950694149579,0.0,0.5993950694149579,Fishing,Fishing - Trawler
700053161,VESSEL_PHI_011,PH,fishing,0.9998381877022655,trawler,0.9999999809124717,0.0,0.0,1.0787486515641855e-05,0.9998381877022655,0.0,3.2362459546925564e-05,0.0,0.0001186623516720604,0.0,0.002430555555555555,0.5973567629515737,0.0,0.5973567629515737,Fishing,Fishing - Trawler
700053161,VESSEL_PHI_011,PH,transit,0.9571825396825397,trawler,0.9999999809124717,0.0,0.0,0.0016666666666666668,0.030484126984126985,0.0,0.0,0.009,0.9571825396825397,0.0016666666666666668,0.002430555555555555,0.0,0.0,0.002430555555555555,Transit,Fishing - Trawler
700053161,VESSEL_PHI_011,PH,transit,0.9999563553491572,trawler,0.9999999831756227,4.364465084279326e-05,0.0,0.0,0.0,0.0,0.0,0.0,0.9999563553491572,0.0,0.002430555555555555,0.0,0.0,0.002430555555555555,Transit,Fishing - Trawler
700053161,VESSEL_PHI_011,PH,transit,1.0,trawler,0.9999999831756227,0.0,0.0,0.0,0.0,0.0,0.0,0.0,1.0,0.0,0.002430555555555555,0.0,0.0,0.002430555555555555,Transit,Fishing - Trawler
700053161,VESSEL_PHI_011,PH,transit,1.0,trawler,0.9999999831754179,0.0,0.0,0.0,0.0,0.0,0.0,0.0,1.0,0.0,0.002430555555555555,0.0,0.0,0.002430555555555555,Transit,Fishing - Trawler
700053161,VESSEL_PHI_011,PH,transit,0.999967320261438,trawler,0.9999999831754179,3.26797385620915e-05,0.0,0.0,0.0,0.0,0.0,0.0,0.999967320261438,0.0,0.002430555555555555,0.0,0.0,0.002430555555555555,Transit,Fishing - Trawler
700053161,VESSEL_PHI_011,PH,transit,0.999967320261438,trawler,0.9999999831754179,3.26797385620915e-05,0.0,0.0,0.0,0.0,0.0,0.0,0.999967320261438,0.0,0.002430555555555555,0.0,0.0,0.002430555555555555,Transit,Fishing - Trawler
700053161,VESSEL_PHI_011,PH,transit,0.999967320261438,trawler,0.9999999831756227,3.26797385620915e-05,0.0,0.0,0.0,0.0,0.0,0.0,0.999967320261438,0.0,0.002430555555555555,0.0,0.0,0.002430555555555555,Transit,Fishing - Trawler
700053161,VESSEL_PHI_011,PH,transit,0.999967320261438,trawler,0.9999999831754179,3.26797385620915e-05,0.0,0.0,0.0,0.0,0.0,0.0,0.999967320261438,0.0,0.002430555555555555,0.0,0.0,0.002430555555555555,Transit,Fishing - Trawler
700053161,VESSEL_PHI_011,PH,transit,0.9982896886824906,trawler,0.9999999831756227,4.364465084279326e-05,0.0,0.0,0.0,0.0,0.0,0.0016666666666666668,0.9982896886824906,0.0,0.002430555555555555,0.0,0.0,0.002430555555555555,Transit,Fishing - Trawler
700053161,VESSEL_PHI_011,PH,transit,0.999967320261438,trawler,0.9999999831754179,3.26797385620915e-05,0.0,0.0,0.0,0.0,0.0,0.0,0.999967320261438,0.0,0.002430555555555555,0.0,0.0,0.002430555555555555,Transit,Fishing - Trawler
700053161,VESSEL_PHI_011,PH,transit,0.999967320261438,trawler,0.9999999831756227,3.26797385620915e-05,0.0,0.0,0.0,0.0,0.0,0.0,0.999967320261438,0.0,0.002430555555555555,0.0,0.0,0.002430555555555555,Transit,Fishing - Trawler
700053161,VESSEL_PHI_011,PH,transit,0.9999563553491572,trawler,0.9999999831756227,4.364465084279326e-05,0.0,0.0,0.0,0.0,0.0,0.0,0.9999563553491572,0.0,0.002430555555555555,0.0,0.0,0.002430555555555555,Transit,Fishing - Trawler
700053161,VESSEL_PHI_011,PH,transit,0.9979673202614379,trawler,0.9999999831756227,3.26797385620915e-05,0.0,0.0,0.0,0.0,0.0,0.002,0.9979673202614379,0.0,0.002430555555555555,0.0,0.0,0.002430555555555555,Transit,Fishing - Trawler
700053161,VESSEL_PHI_011,PH,transit,0.998845244238046,trawler,0.9999999831756227,0.0011547557619539044,0.0,0.0,0.0,0.0,0.0,0.0,0.998845244238046,0.0,0.002430555555555555,0.0,0.0,0.002430555555555555,Transit,Fishing - Trawler
700053161,VESSEL_PHI_011,PH,transit,1.0,trawler,0.9999999831754179,0.0,0.0,0.0,0.0,0.0,0.0,0.0,1.0,0.0,0.002430555555555555,0.0,0.0,0.002430555555555555,Transit,Fishing - Trawler
700053161,VESSEL_PHI_011,PH,transit,1.0,trawler,0.9999999831756227,0.0,0.0,0.0,0.0,0.0,0.0,0.0,1.0,0.0,0.002430555555555555,0.0,0.0,0.002430555555555555,Transit,Fishing - Trawler
700053161,VESSEL_PHI_011,PH,transit,1.0,trawler,0.9999999831754179,0.0,0.0,0.0,0.0,0.0,0.0,0.0,1.0,0.0,0.002430555555555555,0.0,0.0,0.002430555555555555,Transit,Fishing - Trawler
700053161,VESSEL_PHI_011,PH,transit,1.0,trawler,0.9999999831754179,0.0,0.0,0.0,0.0,0.0,0.0,0.0,1.0,0.0,0.002430555555555555,0.0,0.0,0.002430555555555555,Transit,Fishing - Trawler
700053161,VESSEL_PHI_011,PH,transit,1.0,trawler,0.9999999831754179,0.0,0.0,0.0,0.0,0.0,0.0,0.0,1.0,0.0,0.002430555555555555,0.0,0.0,0.002430555555555555,Transit,Fishing - Trawler
700053161,VESSEL_PHI_011,PH,transit,1.0,trawler,0.9999999831756227,0.0,0.0,0.0,0.0,0.0,0.0,0.0,1.0,0.0,0.002430555555555555,0.0,0.0,0.002430555555555555,Transit,Fishing - Trawler
700053161,VESSEL_PHI_011,PH,transit,0.9975555555555555,trawler,0.9999999844675149,0.0,0.0013333333333333335,0.0,0.0,0.0011111111111111111,0.0,0.0,0.9975555555555555,0.0,0.002430555555555555,0.0,0.0,0.002430555555555555,Transit,Fishing - Trawler
700053161,VESSEL_PHI_011,PH,transit,1.0,trawler,0.9999999831756227,0.0,0.0,0.0,0.0,0.0,0.0,0.0,1.0,0.0,0.002430555555555555,0.0,0.0,0.002430555555555555,Transit,Fishing - Trawler
700053161,VESSEL_PHI_011,PH,transit,0.9977777777777778,trawler,0.9999999831756227,0.0011111111111111111,0.0,0.0,0.0,0.0011111111111111111,0.0,0.0,0.9977777777777778,0.0,0.002430555555555555,0.0,0.0,0.002430555555555555,Transit,Fishing - Trawler
700053161,VESSEL_PHI_011,PH,transit,1.0,trawler,0.9999999831754179,0.0,0.0,0.0,0.0,0.0,0.0,0.0,1.0,0.0,0.002430555555555555,0.0,0.0,0.002430555555555555,Transit,Fishing - Trawler
700053161,VESSEL_PHI_011,PH,transit,1.0,trawler,0.9999999831754179,0.0,0.0,0.0,0.0,0.0,0.0,0.0,1.0,0.0,0.002430555555555555,0.0,0.0,0.002430555555555555,Transit,Fishing - Trawler
700053161,VESSEL_PHI_011,PH,transit,0.999967320261438,trawler,0.9999999831754179,3.26797385620915e-05,0.0,0.0,0.0,0.0,0.0,0.0,0.999967320261438,0.0,0.002430555555555555,0.0,0.0,0.002430555555555555,Transit,Fishing - Trawler
700053161,VESSEL_PHI_011,PH,transit,1.0,trawler,0.9999999831756227,0.0,0.0,0.0,0.0,0.0,0.0,0.0,1.0,0.0,0.002430555555555555,0.0,0.0,0.002430555555555555,Transit,Fishing - Trawler
700053161,VESSEL_PHI_011,PH,transit,0.999967320261438,trawler,0.9999999831754179,3.26797385620915e-05,0.0,0.0,0.0,0.0,0.0,0.0,0.999967320261438,0.0,0.002430555555555555,0.0,0.0,0.002430555555555555,Transit,Fishing - Trawler
700053161,VESSEL_PHI_011,PH,transit,0.9987551990493166,trawler,0.9999999831754179,3.26797385620915e-05,0.0,0.0,0.0,0.0,0.0012121212121212121,0.0,0.9987551990493166,0.0,0.002430555555555555,0.0,0.0,0.002430555555555555,Transit,Fishing - Trawler
700053161,VESSEL_PHI_011,PH,transit,0.999967320261438,trawler,0.9999999831754179,3.26797385620915e-05,0.0,0.0,0.0,0.0,0.0,0.0,0.999967320261438,0.0,0.002430555555555555,0.0,0.0,0.002430555555555555,Transit,Fishing - Trawler
700053161,VESSEL_PHI_011,PH,transit,0.999967320261438,trawler,0.9999999831754179,3.26797385620915e-05,0.0,0.0,0.0,0.0,0.0,0.0,0.999967320261438,0.0,0.002430555555555555,0.0,0.0,0.002430555555555555,Transit,Fishing - Trawler
700053161,VESSEL_PHI_011,PH,transit,0.9983333333333333,trawler,0.9999999831754179,0.0,0.0,0.0,0.0,0.0,0.0016666666666666668,0.0,0.9983333333333333,0.0,0.002430555555555555,0.0,0.0,0.002430555555555555,Transit,Fishing - Trawler
700053161,VESSEL_PHI_011,PH,transit,1.0,trawler,0.9999999831754179,0.0,0.0,0.0,0.0,0.0,0.0,0.0,1.0,0.0,0.002430555555555555,0.0,0.0,0.002430555555555555,Transit,Fishing - Trawler
700053161,VESSEL_PHI_011,PH,transit,1.0,trawler,0.9999999831754179,0.0,0.0,0.0,0.0,0.0,0.0,0.0,1.0,0.0,0.002430555555555555,0.0,0.0,0.002430555555555555,Transit,Fishing - Trawler
700053161,VESSEL_PHI_011,PH,transit,1.0,trawler,0.9999999831754179,0.0,0.0,0.0,0.0,0.0,0.0,0.0,1.0,0.0,0.002430555555555555,0.0,0.0,0.002430555555555555,Transit,Fishing - Trawler
700053161,VESSEL_PHI_011,PH,transit,0.9999563553491572,trawler,0.9999999831756227,4.364465084279326e-05,0.0,0.0,0.0,0.0,0.0,0.0,0.9999563553491572,0.0,0.002430555555555555,0.0,0.0,0.002430555555555555,Transit,Fishing - Trawler
700053161,VESSEL_PHI_011,PH,transit,1.0,trawler,0.9999999831756227,0.0,0.0,0.0,0.0,0.0,0.0,0.0,1.0,0.0,0.002430555555555555,0.0,0.0,0.002430555555555555,Transit,Fishing - Trawler
700053161,VESSEL_PHI_011,PH,transit,0.9999890350877193,trawler,0.9999999831756227,1.0964912280701754e-05,0.0,0.0,0.0,0.0,0.0,0.0,0.9999890350877193,0.0,0.002430555555555555,0.0,0.0,0.002430555555555555,Transit,Fishing - Trawler
700053161,VESSEL_PHI_011,PH,transit,1.0,trawler,0.9999999831756227,0.0,0.0,0.0,0.0,0.0,0.0,0.0,1.0,0.0,0.002430555555555555,0.0,0.0,0.002430555555555555,Transit,Fishing - Trawler
700053161,VESSEL_PHI_011,PH,transit,0.9999890350877193,trawler,0.9999999831756227,1.0964912280701754e-05,0.0,0.0,0.0,0.0,0.0,0.0,0.9999890350877193,0.0,0.002430555555555555,0.0,0.0,0.002430555555555555,Transit,Fishing - Trawler
700053161,VESSEL_PHI_011,PH,transit,0.9999890350877193,trawler,0.9999999831756227,1.0964912280701754e-05,0.0,0.0,0.0,0.0,0.0,0.0,0.9999890350877193,0.0,0.002430555555555555,0.0,0.0,0.002430555555555555,Transit,Fishing - Trawler
700053161,VESSEL_PHI_011,PH,transit,1.0,trawler,0.9999999831756227,0.0,0.0,0.0,0.0,0.0,0.0,0.0,1.0,0.0,0.002430555555555555,0.0,0.0,0.002430555555555555,Transit,Fishing - Trawler
700053161,VESSEL_PHI_011,PH,transit,0.999967320261438,trawler,0.9999999831756227,3.26797385620915e-05,0.0,0.0,0.0,0.0,0.0,0.0,0.999967320261438,0.0,0.002430555555555555,0.0,0.0,0.002430555555555555,Transit,Fishing - Trawler
700053161,VESSEL_PHI_011,PH,transit,0.9971895424836602,trawler,0.9999999831756227,0.002810457516339869,0.0,0.0,0.0,0.0,0.0,0.0,0.9971895424836602,0.0,0.002430555555555555,0.0,0.0,0.002430555555555555,Transit,Fishing - Trawler
700053161,VESSEL_PHI_011,PH,transit,1.0,trawler,0.9999999831754179,0.0,0.0,0.0,0.0,0.0,0.0,0.0,1.0,0.0,0.002430555555555555,0.0,0.0,0.002430555555555555,Transit,Fishing - Trawler
700053161,VESSEL_PHI_011,PH,transit,0.9999890350877193,trawler,0.9999999831756227,1.0964912280701754e-05,0.0,0.0,0.0,0.0,0.0,0.0,0.9999890350877193,0.0,0.002430555555555555,0.0,0.0,0.002430555555555555,Transit,Fishing - Trawler
700053161,VESSEL_PHI_011,PH,transit,1.0,trawler,0.9999999831754179,0.0,0.0,0.0,0.0,0.0,0.0,0.0,1.0,0.0,0.002430555555555555,0.0,0.0,0.002430555555555555,Transit,Fishing - Trawler
700053161,VESSEL_PHI_011,PH,transit,1.0,trawler,0.9999999831754179,0.0,0.0,0.0,0.0,0.0,0.0,0.0,1.0,0.0,0.002430555555555555,0.0,0.0,0.002430555555555555,Transit,Fishing - Trawler
700053161,VESSEL_PHI_011,PH,transit,1.0,trawler,0.9999999844673257,0.0,0.0,0.0,0.0,0.0,0.0,0.0,1.0,0.0,0.002430555555555555,0.0,0.0,0.002430555555555555,Transit,Fishing - Trawler
700053161,VESSEL_PHI_011,PH,transit,1.0,trawler,0.9999999844673257,0.0,0.0,0.0,0.0,0.0,0.0,0.0,1.0,0.0,0.002430555555555555,0.0,0.0,0.002430555555555555,Transit,Fishing - Trawler
700053161,VESSEL_PHI_011,PH,transit,0.9894444444444443,trawler,0.9999999831754179,0.0,0.0,0.0,0.0016666666666666668,0.0,0.008888888888888889,0.0,0.9894444444444443,0.0,0.002430555555555555,0.0,0.0,0.002430555555555555,Transit,Fishing - Trawler
700053161,VESSEL_PHI_011,PH,transit,1.0,trawler,0.9999999831754179,0.0,0.0,0.0,0.0,0.0,0.0,0.0,1.0,0.0,0.002430555555555555,0.0,0.0,0.002430555555555555,Transit,Fishing - Trawler
700053161,VESSEL_PHI_011,PH,transit,0.9988562091503269,trawler,0.9999999831754179,0.0011437908496732027,0.0,0.0,0.0,0.0,0.0,0.0,0.9988562091503269,0.0,0.002430555555555555,0.0,0.0,0.002430555555555555,Transit,Fishing - Trawler
700053161,VESSEL_PHI_011,PH,transit,0.999967320261438,trawler,0.9999999831756227,3.26797385620915e-05,0.0,0.0,0.0,0.0,0.0,0.0,0.999967320261438,0.0,0.002430555555555555,0.0,0.0,0.002430555555555555,Transit,Fishing - Trawler
700053161,VESSEL_PHI_011,PH,transit,0.999967320261438,trawler,0.9999999831756227,3.26797385620915e-05,0.0,0.0,0.0,0.0,0.0,0.0,0.999967320261438,0.0,0.002430555555555555,0.0,0.0,0.002430555555555555,Transit,Fishing - Trawler
700053161,VESSEL_PHI_011,PH,transit,0.999967320261438,trawler,0.9999999831754179,3.26797385620915e-05,0.0,0.0,0.0,0.0,0.0,0.0,0.999967320261438,0.0,0.002430555555555555,0.0,0.0,0.002430555555555555,Transit,Fishing - Trawler
700053161,VESSEL_PHI_011,PH,transit,1.0,trawler,0.9999999831754179,0.0,0.0,0.0,0.0,0.0,0.0,0.0,1.0,0.0,0.002430555555555555,0.0,0.0,0.002430555555555555,Transit,Fishing - Trawler
700053162,VESSEL_PHI_012,SG,transit,0.9966339869281046,trawler,0.9999999749246111,3.26797385620915e-05,0.0,0.0,0.0,0.0,0.0033333333333333335,0.0,0.9966339869281046,0.0,0.002430555555555555,0.0,0.0,0.002430555555555555,Transit,Fishing - Trawler
700053162,VESSEL_PHI_012,SG,transit,0.9999890350877193,trawler,0.9999999742242975,1.0964912280701754e-05,0.0,0.0,0.0,0.0,0.0,0.0,0.9999890350877193,0.0,0.002430555555555555,0.0,0.0,0.002430555555555555,Transit,Fishing - Trawler
700053162,VESSEL_PHI_012,SG,transit,1.0,trawler,0.999999972463751,0.0,0.0,0.0,0.0,0.0,0.0,0.0,1.0,0.0,0.002430555555555555,0.0,0.0,0.002430555555555555,Transit,Fishing - Trawler
700053162,VESSEL_PHI_012,SG,transit,1.0,trawler,0.9999999724636702,0.0,0.0,0.0,0.0,0.0,0.0,0.0,1.0,0.0,0.002430555555555555,0.0,0.0,0.002430555555555555,Transit,Fishing - Trawler
700053162,VESSEL_PHI_012,SG,transit,1.0,trawler,0.9999999749246111,0.0,0.0,0.0,0.0,0.0,0.0,0.0,1.0,0.0,0.002430555555555555,0.0,0.0,0.002430555555555555,Transit,Fishing - Trawler
700053162,VESSEL_PHI_012,SG,transit,1.0,trawler,0.9999999749246111,0.0,0.0,0.0,0.0,0.0,0.0,0.0,1.0,0.0,0.002430555555555555,0.0,0.0,0.002430555555555555,Transit,Fishing - Trawler
700053162,VESSEL_PHI_012,SG,transit,0.6806736694677872,trawler,0.9999999552744414,3.26797385620915e-05,0.0,0.0,0.11616666666666667,0.016015873015873018,0.18461111111111114,0.0,0.6806736694677872,0.0025,0.002430555555555555,0.0,0.0,0.002430555555555555,Transit,Fishing - Trawler
700053162,VESSEL_PHI_012,SG,fishing,0.942615965480043,trawler,0.9999999552881906,0.0,0.0,1.0787486515641855e-05,0.942615965480043,0.0,0.00947680690399137,0.0,0.046229773462783175,0.0016666666666666668,0.002430555555555555,0.4341188568392735,0.0,0.4341188568392735,Fishing,Fishing - Trawler
700053162,VESSEL_PHI_012,SG,fishing,0.9865048543689322,trawler,0.9999999551837253,0.0,0.0,1.0787486515641855e-05,0.9865048543689322,0.0009523809523809524,3.2362459546925564e-05,0.0,0.008451995685005395,0.004047619047619048,0.002430555555555555,0.43589531949374033,0.0,0.43589531949374033,Fishing,Fishing - Trawler
700053162,VESSEL_PHI_012,SG,fishing,0.9998381877022655,trawler,0.9999999551837253,0.0,0.0,1.0787486515641855e-05,0.9998381877022655,0.0,3.2362459546925564e-05,0.0,0.0001186623516720604,0.0,0.002430555555555555,0.43947774831172776,0.0,0.43947774831172776,Fishing,Fishing - Trawler
700053162,VESSEL_PHI_012,SG,fishing,0.9998381877022655,trawler,0.9999999551837253,0.0,0.0,1.0787486515641855e-05,0.9998381877022655,0.0,3.2362459546925564e-05,0.0,0.0001186623516720604,0.0,0.002430555555555555,0.4419179372234291,0.0,0.4419179372234291,Fishing,Fishing - Trawler
700053162,VESSEL_PHI_012,SG,fishing,0.9998381877022655,trawler,0.9999999551837253,0.0,0.0,1.0787486515641855e-05,0.9998381877022655,0.0,3.2362459546925564e-05,0.0,0.0001186623516720604,0.0,0.002430555555555555,0.4435037912581066,0.0,0.4435037912581066,Fishing,Fishing - Trawler
700053162,VESSEL_PHI_012,SG,fishing,0.9948381877022655,trawler,0.9999999551837253,0.0,0.0,1.0787486515641855e-05,0.9948381877022655,0.0009523809523809524,3.2362459546925564e-05,0.0,0.0001186623516720604,0.004047619047619048,0.002430555555555555,0.44546008687711125,0.0,0.44546008687711125,Fishing,Fishing - Trawler
700053162,VESSEL_PHI_012,SG,fishing,0.9998381877022655,trawler,0.9999999551837253,0.0,0.0,1.0787486515641855e-05,0.9998381877022655,0.0,3.2362459546925564e-05,0.0,0.0001186623516720604,0.0,0.002430555555555555,0.44649043933395094,0.0,0.44649043933395094,Fishing,Fishing - Trawler
700053162,VESSEL_PHI_012,SG,fishing,0.9998381877022655,trawler,0.9999999535384451,0.0,0.0,1.0787486515641855e-05,0.9998381877022655,0.0,3.2362459546925564e-05,0.0,0.0001186623516720604,0.0,0.002430555555555555,0.44554169924003034,0.0,0.44554169924003034,Fishing,Fishing - Trawler
700053162,VESSEL_PHI_012,SG,fishing,0.9976159654800432,trawler,0.9999999537990886,0.0,0.0,1.0787486515641855e-05,0.9976159654800432,0.0022222222222222222,3.2362459546925564e-05,0.0,0.0001186623516720604,0.0,0.002430555555555555,0.445809694572531,0.0,0.445809694572531,Fishing,Fishing - Trawler
700053162,VESSEL_PHI_012,SG,fishing,0.9998381877022655,trawler,0.9999999535384451,0.0,0.0,1.0787486515641855e-05,0.9998381877022655,0.0,3.2362459546925564e-05,0.0,0.0001186623516720604,0.0,0.002430555555555555,0.448147053536669,0.0,0.448147053536669,Fishing,Fishing - Trawler
700053162,VESSEL_PHI_012,SG,fishing,0.9998381877022655,trawler,0.9999999535384451,0.0,0.0,1.0787486515641855e-05,0.9998381877022655,0.0,3.2362459546925564e-05,0.0,0.0001186623516720604,0.0,0.002430555555555555,0.4488872325260236,0.0,0.4488872325260236,Fishing,Fishing - Trawler
700053162,VESSEL_PHI_012,SG,fishing,0.9998381877022655,trawler,0.9999999539273076,0.0,0.0,1.0787486515641855e-05,0.9998381877022655,0.0,3.2362459546925564e-05,0.0,0.0001186623516720604,0.0,0.002430555555555555,0.44691219858272796,0.0,0.44691219858272796,Fishing,Fishing - Trawler
700053162,VESSEL_PHI_012,SG,fishing,0.9998381877022655,trawler,0.9999999539273076,0.0,0.0,1.0787486515641855e-05,0.9998381877022655,0.0,3.2362459546925564e-05,0.0,0.0001186623516720604,0.0,0.002430555555555555,0.44558393271285834,0.0,0.44558393271285834,Fishing,Fishing - Trawler
700053162,VESSEL_PHI_012,SG,fishing,0.9965048543689321,trawler,0.9999999615453602,0.0,0.0,1.0787486515641855e-05,0.9965048543689321,0.0033333333333333335,3.2362459546925564e-05,0.0,0.0001186623516720604,0.0,0.002430555555555555,0.4451987080232814,0.0,0.4451987080232814,Fishing,Fishing - Trawler
700053162,VESSEL_PHI_012,SG,fishing,0.9981715210355988,trawler,0.9999999539273076,0.0,0.0,1.0787486515641855e-05,0.9981715210355988,0.0016666666666666668,3.2362459546925564e-05,0.0,0.0001186623516720604,0.0,0.002430555555555555,0.4443976004209167,0.0,0.4443976004209167,Fishing,Fishing - Trawler
700053162,VESSEL_PHI_012,SG,fishing,0.9998381877022655,trawler,0.9999999539273076,0.0,0.0,1.0787486515641855e-05,0.9998381877022655,0.0,3.2362459546925564e-05,0.0,0.0001186623516720604,0.0,0.002430555555555555,0.44513628777278064,0.0,0.44513628777278064,Fishing,Fishing - Trawler
700053162,VESSEL_PHI_012,SG,fishing,0.9976159654800432,trawler,0.9999999537990886,0.0,0.0,1.0787486515641855e-05,0.9976159654800432,0.0022222222222222222,3.2362459546925564e-05,0.0,0.0001186623516720604,0.0,0.002430555555555555,0.4458577619791413,0.0,0.4458577619791413,Fishing,Fishing - Trawler
700053162,VESSEL_PHI_012,SG,fishing,0.9998381877022655,trawler,0.9999999551837253,0.0,0.0,1.0787486515641855e-05,0.9998381877022655,0.0,3.2362459546925564e-05,0.0,0.0001186623516720604,0.0,0.002430555555555555,0.4437600284081272,0.0,0.4437600284081272,Fishing,Fishing - Trawler
700053162,VESSEL_PHI_012,SG,fishing,0.9826159654800432,trawler,0.9999999552707679,0.0,0.0,1.0787486515641855e-05,0.9826159654800432,0.0016666666666666668,0.003365695792880259,0.0,0.012340884573894283,0.0,0.002430555555555555,0.4409807998876863,0.0,0.4409807998876863,Fishing,Fishing - Trawler
700053162,VESSEL_PHI_012,SG,transit,0.8482698412698413,trawler,0.9999999552707679,0.0011111111111111111,0.010611111111111111,0.004111111111111111,0.08344444444444446,0.008166666666666668,0.022896825396825398,0.01777777777777778,0.8482698412698413,0.003611111111111111,0.002430555555555555,0.0,0.0,0.002430555555555555,Transit,Fishing - Trawler
700053162,VESSEL_PHI_012,SG,transit,0.9933333333333333,trawler,0.9999999749665529,0.0,0.0,0.0,0.0,0.0,0.006666666666666667,0.0,0.9933333333333333,0.0,0.002430555555555555,0.0,0.0,0.002430555555555555,Transit,Fishing - Trawler
700053162,VESSEL_PHI_012,SG,transit,1.0,trawler,0.9999999749445221,0.0,0.0,0.0,0.0,0.0,0.0,0.0,1.0,0.0,0.002430555555555555,0.0,0.0,0.002430555555555555,Transit,Fishing - Trawler
700053162,VESSEL_PHI_012,SG,transit,1.0,trawler,0.999999974204177,0.0,0.0,0.0,0.0,0.0,0.0,0.0,1.0,0.0,0.002430555555555555,0.0,0.0,0.002430555555555555,Transit,Fishing - Trawler
700053162,VESSEL_PHI_012,SG,transit,0.9896557017543859,trawler,0.999999974204387,0.0011220760233918126,0.0038888888888888883,0.0,0.0,0.0,0.0,0.005333333333333334,0.9896557017543859,0.0,0.002430555555555555,0.0,0.0,0.002430555555555555,Transit,Fishing - Trawler
700053162,VESSEL_PHI_012,SG,transit,0.9423809523809524,trawler,0.999999955151369,0.0,0.0,0.0,0.011666666666666667,0.0011111111111111111,0.04484126984126984,0.0,0.9423809523809524,0.0,0.002430555555555555,0.0,0.0,0.002430555555555555,Transit,Fishing - Trawler
700053162,VESSEL_PHI_012,SG,fishing,0.9492222222222222,trawler,0.9999999553169372,0.0,0.0,0.0,0.9492222222222222,0.0033333333333333335,0.013333333333333334,0.0,0.03411111111111112,0.0,0.002430555555555555,0.42803184124473004,0.0,0.42803184124473004,Fishing,Fishing - Trawler
700053162,VESSEL_PHI_012,SG,fishing,0.9965048543689321,trawler,0.9999999552036134,0.0,0.0,1.0787486515641855e-05,0.9965048543689321,0.0,3.2362459546925564e-05,0.0,0.0034519956850053934,0.0,0.002430555555555555,0.4287726531219043,0.0,0.4287726531219043,Fishing,Fishing - Trawler
700053162,VESSEL_PHI_012,SG,fishing,0.9998381877022655,trawler,0.9999999551837253,0.0,0.0,1.0787486515641855e-05,0.9998381877022655,0.0,3.2362459546925564e-05,0.0,0.0001186623516720604,0.0,0.002430555555555555,0.4297772922327805,0.0,0.4297772922327805,Fishing,Fishing - Trawler
700053162,VESSEL_PHI_012,SG,fishing,0.9998381877022655,trawler,0.9999999551837253,0.0,0.0,1.0787486515641855e-05,0.9998381877022655,0.0,3.2362459546925564e-05,0.0,0.0001186623516720604,0.0,0.002430555555555555,0.4284550058417911,0.0,0.4284550058417911,Fishing,Fishing - Trawler
700053162,VESSEL_PHI_012,SG,fishing,0.9998381877022655,trawler,0.9999999551837253,0.0,0.0,1.0787486515641855e-05,0.9998381877022655,0.0,3.2362459546925564e-05,0.0,0.0001186623516720604,0.0,0.002430555555555555,0.42591650314940965,0.0,0.42591650314940965,Fishing,Fishing - Trawler
700053162,VESSEL_PHI_012,SG,fishing,0.9998381877022655,trawler,0.9999999551837253,0.0,0.0,1.0787486515641855e-05,0.9998381877022655,0.0,3.2362459546925564e-05,0.0,0.0001186623516720604,0.0,0.002430555555555555,0.42289847264723346,0.0,0.42289847264723346,Fishing,Fishing - Trawler
700053162,VESSEL_PHI_012,SG,fishing,0.9998381877022655,trawler,0.9999999551837253,0.0,0.0,1.0787486515641855e-05,0.9998381877022655,0.0,3.2362459546925564e-05,0.0,0.0001186623516720604,0.0,0.002430555555555555,0.4201643766319244,0.0,0.4201643766319244,Fishing,Fishing - Trawler
700053162,VESSEL_PHI_012,SG,fishing,0.9998381877022655,trawler,0.9999999551837253,0.0,0.0,1.0787486515641855e-05,0.9998381877022655,0.0,3.2362459546925564e-05,0.0,0.0001186623516720604,0.0,0.002430555555555555,0.4183934938550874,0.0,0.4183934938550874,Fishing,Fishing - Trawler
700053162,VESSEL_PHI_012,SG,fishing,0.9998381877022655,trawler,0.9999999551837253,0.0,0.0,1.0787486515641855e-05,0.9998381877022655,0.0,3.2362459546925564e-05,0.0,0.0001186623516720604,0.0,0.002430555555555555,0.41625651631479316,0.0,0.41625651631479316,Fishing,Fishing - Trawler
700053162,VESSEL_PHI_012,SG,fishing,0.9998381877022655,trawler,0.9999999551837253,0.0,0.0,1.0787486515641855e-05,0.9998381877022655,0.0,3.2362459546925564e-05,0.0,0.0001186623516720604,0.0,0.002430555555555555,0.41404221697054233,0.0,0.41404221697054233,Fishing,Fishing - Trawler
700053162,VESSEL_PHI_012,SG,fishing,0.9998381877022655,trawler,0.9999999551837253,0.0,0.0,1.0787486515641855e-05,0.9998381877022655,0.0,3.2362459546925564e-05,0.0,0.0001186623516720604,0.0,0.002430555555555555,0.41221207599789855,0.0,0.41221207599789855,Fishing,Fishing - Trawler
700053162,VESSEL_PHI_012,SG,fishing,0.9931715210355988,trawler,0.9999999551837253,0.0,0.0,1.0787486515641855e-05,0.9931715210355988,0.003452380952380952,3.2362459546925564e-05,0.0,0.0001186623516720604,0.0032142857142857142,0.002430555555555555,0.4092574627732536,0.0,0.4092574627732536,Fishing,Fishing - Trawler
700053162,VESSEL_PHI_012,SG,fishing,0.9998381877022655,trawler,0.9999999535384451,0.0,0.0,1.0787486515641855e-05,0.9998381877022655,0.0,3.2362459546925564e-05,0.0,0.0001186623516720604,0.0,0.002430555555555555,0.40598155121324275,0.0,0.40598155121324275,Fishing,Fishing - Trawler
700053162,VESSEL_PHI_012,SG,fishing,0.9998381877022655,trawler,0.9999999537990886,0.0,0.0,1.0787486515641855e-05,0.9998381877022655,0.0,3.2362459546925564e-05,0.0,0.0001186623516720604,0.0,0.002430555555555555,0.404317543531877,0.0,0.404317543531877,Fishing,Fishing - Trawler
700053162,VESSEL_PHI_012,SG,fishing,0.9998381877022655,trawler,0.9999999535384451,0.0,0.0,1.0787486515641855e-05,0.9998381877022655,0.0,3.2362459546925564e-05,0.0,0.0001186623516720604,0.0,0.002430555555555555,0.4052453835217733,0.0,0.4052453835217733,Fishing,Fishing - Trawler
700053162,VESSEL_PHI_012,SG,fishing,0.9998381877022655,trawler,0.9999999547610228,0.0,0.0,1.0787486515641855e-05,0.9998381877022655,0.0,3.2362459546925564e-05,0.0,0.0001186623516720604,0.0,0.002430555555555555,0.40620910982002034,0.0,0.40620910982002034,Fishing,Fishing - Trawler
700053162,VESSEL_PHI_012,SG,fishing,0.9998381877022655,trawler,0.9999999535384451,0.0,0.0,1.0787486515641855e-05,0.9998381877022655,0.0,3.2362459546925564e-05,0.0,0.0001186623516720604,0.0,0.002430555555555555,0.40685841274456436,0.0,0.40685841274456436,Fishing,Fishing - Trawler
700053162,VESSEL_PHI_012,SG,fishing,0.9981715210355988,trawler,0.9999999614800149,0.0,0.0,1.0787486515641855e-05,0.9981715210355988,0.0016666666666666668,3.2362459546925564e-05,0.0,0.0001186623516720604,0.0,0.002430555555555555,0.4086936466630648,0.0,0.4086936466630648,Fishing,Fishing - Trawler
700053162,VESSEL_PHI_012,SG,fishing,0.9953937432578209,trawler,0.9999999615453602,0.0,0.0,1.0787486515641855e-05,0.9953937432578209,0.0044444444444444444,3.2362459546925564e-05,0.0,0.0001186623516720604,0.0,0.002430555555555555,0.4108681252706978,0.0,0.4108681252706978,Fishing,Fishing - Trawler
700053162,VESSEL_PHI_012,SG,fishing,0.9981715210355988,trawler,0.9999999614800149,0.0,0.0,1.0787486515641855e-05,0.9981715210355988,0.0016666666666666668,3.2362459546925564e-05,0.0,0.0001186623516720604,0.0,0.002430555555555555,0.41291769935229583,0.0,0.41291769935229583,Fishing,Fishing - Trawler
700053162,VESSEL_PHI_012,SG,fishing,0.9998381877022655,trawler,0.9999999552707679,0.0,0.0,1.0787486515641855e-05,0.9998381877022655,0.0,3.2362459546925564e-05,0.0,0.0001186623516720604,0.0,0.002430555555555555,0.41530529290216206,0.0,0.41530529290216206,Fishing,Fishing - Trawler
700053162,VESSEL_PHI_012,SG,transit,0.8904444444444443,trawler,0.9999999553169372,0.0011111111111111111,0.0,0.002444444444444445,0.07622222222222223,0.015333333333333332,0.008333333333333333,0.00611111111111111,0.8904444444444443,0.0,0.002430555555555555,0.0,0.0,0.002430555555555555,Transit,Fishing - Trawler
700053162,VESSEL_PHI_012,SG,transit,0.9536132756132757,trawler,0.9999999749538213,0.0016666666666666668,0.0,0.0,0.019007936507936505,0.0016666666666666668,0.008434343434343435,0.015611111111111112,0.9536132756132757,0.0,0.002430555555555555,0.0,0.0,0.002430555555555555,Transit,Fishing - Trawler
700053162,VESSEL_PHI_012,SG,transit,0.9966666666666667,trawler,0.9999999742171333,0.0,0.0,0.0,0.0,0.0,0.0033333333333333335,0.0,0.9966666666666667,0.0,0.002430555555555555,0.0,0.0,0.002430555555555555,Transit,Fishing - Trawler
700053162,VESSEL_PHI_012,SG,transit,1.0,trawler,0.9999999749246111,0.0,0.0,0.0,0.0,0.0,0.0,0.0,1.0,0.0,0.002430555555555555,0.0,0.0,0.002430555555555555,Transit,Fishing - Trawler
700053162,VESSEL_PHI_012,SG,transit,1.0,trawler,0.9999999749246111,0.0,0.0,0.0,0.0,0.0,0.0,0.0,1.0,0.0,0.002430555555555555,0.0,0.0,0.002430555555555555,Transit,Fishing - Trawler
700053162,VESSEL_PHI_012,SG,transit,0.999967320261438,trawler,0.999999974204177,3.26797385620915e-05,0.0,0.0,0.0,0.0,0.0,0.0,0.999967320261438,0.0,0.002430555555555555,0.0,0.0,0.002430555555555555,Transit,Fishing - Trawler
700053162,VESSEL_PHI_012,SG,transit,0.9966339869281046,trawler,0.999999974204387,3.26797385620915e-05,0.0,0.0,0.0,0.0,0.0033333333333333335,0.0,0.9966339869281046,0.0,0.002430555555555555,0.0,0.0,0.002430555555555555,Transit,Fishing - Trawler
700053162,VESSEL_PHI_012,SG,transit,0.9916339869281046,trawler,0.9999999742342265,3.26797385620915e-05,0.0,0.0,0.0,0.0,0.008333333333333333,0.0,0.9916339869281046,0.0,0.002430555555555555,0.0,0.0,0.002430555555555555,Transit,Fishing - Trawler
700053162,VESSEL_PHI_012,SG,transit,0.9999563553491572,trawler,0.9999999742242975,4.364465084279326e-05,0.0,0.0,0.0,0.0,0.0,0.0,0.9999563553491572,0.0,0.002430555555555555,0.0,0.0,0.002430555555555555,Transit,Fishing - Trawler
700053162,VESSEL_PHI_012,SG,transit,0.9999890350877193,trawler,0.9999999758864534,1.0964912280701754e-05,0.0,0.0,0.0,0.0,0.0,0.0,0.9999890350877193,0.0,0.002430555555555555,0.0,0.0,0.002430555555555555,Transit,Fishing - Trawler
700053162,VESSEL_PHI_012,SG,transit,1.0,trawler,0.9999999765050015,0.0,0.0,0.0,0.0,0.0,0.0,0.0,1.0,0.0,0.002430555555555555,0.0,0.0,0.002430555555555555,Transit,Fishing - Trawler
700053162,VESSEL_PHI_012,SG,transit,0.9999890350877193,trawler,0.999999974204387,1.0964912280701754e-05,0.0,0.0,0.0,0.0,0.0,0.0,0.9999890350877193,0.0,0.002430555555555555,0.0,0.0,0.002430555555555555,Transit,Fishing - Trawler
700053162,VESSEL_PHI_012,SG,transit,1.0,trawler,0.999999974204387,0.0,0.0,0.0,0.0,0.0,0.0,0.0,1.0,0.0,0.002430555555555555,0.0,0.0,0.002430555555555555,Transit,Fishing - Trawler
700053162,VESSEL_PHI_012,SG,transit,0.9988562091503267,trawler,0.9999999742062253,0.0011437908496732027,0.0,0.0,0.0,0.0,0.0,0.0,0.9988562091503267,0.0,0.002430555555555555,0.0,0.0,0.002430555555555555,Transit,Fishing - Trawler
700053162,VESSEL_PHI_012,SG,transit,0.9983223684210526,trawler,0.999999974204387,0.0016776315789473683,0.0,0.0,0.0,0.0,0.0,0.0,0.9983223684210526,0.0,0.002430555555555555,0.0,0.0,0.002430555555555555,Transit,Fishing - Trawler
700053162,VESSEL_PHI_012,SG,transit,1.0,trawler,0.999999974204387,0.0,0.0,0.0,0.0,0.0,0.0,0.0,1.0,0.0,0.002430555555555555,0.0,0.0,0.002430555555555555,Transit,Fishing - Trawler
700053162,VESSEL_PHI_012,SG,transit,1.0,trawler,0.9999999742171333,0.0,0.0,0.0,0.0,0.0,0.0,0.0,1.0,0.0,0.002430555555555555,0.0,0.0,0.002430555555555555,Transit,Fishing - Trawler
700053162,VESSEL_PHI_012,SG,transit,1.0,trawler,0.9999999749246111,0.0,0.0,0.0,0.0,0.0,0.0,0.0,1.0,0.0,0.002430555555555555,0.0,0.0,0.002430555555555555,Transit,Fishing - Trawler
700053162,VESSEL_PHI_012,SG,transit,0.9916339869281046,trawler,0.9999999749246111,3.26797385620915e-05,0.0,0.0,0.0,0.0,0.008333333333333333,0.0,0.9916339869281046,0.0,0.002430555555555555,0.0,0.0,0.002430555555555555,Transit,Fishing - Trawler
700053162,VESSEL_PHI_012,SG,transit,0.9916339869281046,trawler,0.9999999749445221,3.26797385620915e-05,0.0,0.0,0.0,0.0,0.008333333333333333,0.0,0.9916339869281046,0.0,0.002430555555555555,0.0,0.0,0.002430555555555555,Transit,Fishing - Trawler
700053162,VESSEL_PHI_012,SG,transit,1.0,trawler,0.9999999749246111,0.0,0.0,0.0,0.0,0.0,0.0,0.0,1.0,0.0,0.002430555555555555,0.0,0.0,0.002430555555555555,Transit,Fishing - Trawler
700053162,VESSEL_PHI_012,SG,transit,0.9999890350877193,trawler,0.999999974204387,1.0964912280701754e-05,0.0,0.0,0.0,0.0,0.0,0.0,0.9999890350877193,0.0,0.002430555555555555,0.0,0.0,0.002430555555555555,Transit,Fishing - Trawler
700053162,VESSEL_PHI_012,SG,transit,0.9983223684210526,trawler,0.9999999742062253,1.0964912280701754e-05,0.0016666666666666668,0.0,0.0,0.0,0.0,0.0,0.9983223684210526,0.0,0.002430555555555555,0.0,0.0,0.002430555555555555,Transit,Fishing - Trawler
700053162,VESSEL_PHI_012,SG,transit,1.0,trawler,0.999999974204387,0.0,0.0,0.0,0.0,0.0,0.0,0.0,1.0,0.0,0.002430555555555555,0.0,0.0,0.002430555555555555,Transit,Fishing - Trawler
700053162,VESSEL_PHI_012,SG,transit,0.9943223684210526,trawler,0.999999974204387,1.0964912280701754e-05,0.0,0.0,0.0,0.0,0.005666666666666666,0.0,0.9943223684210526,0.0,0.002430555555555555,0.0,0.0,0.002430555555555555,Transit,Fishing - Trawler
700053162,VESSEL_PHI_012,SG,transit,0.9983333333333333,trawler,0.9999999742171333,0.0,0.0,0.0,0.0,0.0,0.0016666666666666668,0.0,0.9983333333333333,0.0,0.002430555555555555,0.0,0.0,0.002430555555555555,Transit,Fishing - Trawler
700053162,VESSEL_PHI_012,SG,transit,1.0,trawler,0.9999999749246111,0.0,0.0,0.0,0.0,0.0,0.0,0.0,1.0,0.0,0.002430555555555555,0.0,0.0,0.002430555555555555,Transit,Fishing - Trawler
700053162,VESSEL_PHI_012,SG,transit,1.0,trawler,0.9999999749246111,0.0,0.0,0.0,0.0,0.0,0.0,0.0,1.0,0.0,0.002430555555555555,0.0,0.0,0.002430555555555555,Transit,Fishing - Trawler
700053162,VESSEL_PHI_012,SG,transit,1.0,trawler,0.9999999749246111,0.0,0.0,0.0,0.0,0.0,0.0,0.0,1.0,0.0,0.002430555555555555,0.0,0.0,0.002430555555555555,Transit,Fishing - Trawler
700053162,VESSEL_PHI_012,SG,transit,1.0,trawler,0.999999974204177,0.0,0.0,0.0,0.0,0.0,0.0,0.0,1.0,0.0,0.002430555555555555,0.0,0.0,0.002430555555555555,Transit,Fishing - Trawler
700053162,VESSEL_PHI_012,SG,transit,0.999967320261438,trawler,0.9999999749246111,3.26797385620915e-05,0.0,0.0,0.0,0.0,0.0,0.0,0.999967320261438,0.0,0.002430555555555555,0.0,0.0,0.002430555555555555,Transit,Fishing - Trawler
700053162,VESSEL_PHI_012,SG,transit,0.999967320261438,trawler,0.9999999749246111,3.26797385620915e-05,0.0,0.0,0.0,0.0,0.0,0.0,0.999967320261438,0.0,0.002430555555555555,0.0,0.0,0.002430555555555555,Transit,Fishing - Trawler
700053163,VESSEL_PHI_013,MH,transit,1.0,longliner,0.9999999787773686,0.0,0.0,0.0,0.0,0.0,0.0,0.0,1.0,0.0,0.002430555555555555,0.0,0.0,0.002430555555555555,Transit,Fishing - Longliner
700053163,VESSEL_PHI_013,MH,transit,1.0,longliner,0.9999999787776084,0.0,0.0,0.0,0.0,0.0,0.0,0.0,1.0,0.0,0.002430555555555555,0.0,0.0,0.002430555555555555,Transit,Fishing - Longliner
700053163,VESSEL_PHI_013,MH,transit,1.0,longliner,0.9999999787773686,0.0,0.0,0.0,0.0,0.0,0.0,0.0,1.0,0.0,0.002430555555555555,0.0,0.0,0.002430555555555555,Transit,Fishing - Longliner
700053163,VESSEL_PHI_013,MH,transit,1.0,longliner,0.9999999787773686,0.0,0.0,0.0,0.0,0.0,0.0,0.0,1.0,0.0,0.002430555555555555,0.0,0.0,0.002430555555555555,Transit,Fishing - Longliner
700053163,VESSEL_PHI_013,MH,transit,1.0,longliner,0.9999999787861555,0.0,0.0,0.0,0.0,0.0,0.0,0.0,1.0,0.0,0.002430555555555555,0.0,0.0,0.002430555555555555,Transit,Fishing - Longliner
700053163,VESSEL_PHI_013,MH,transit,0.9999890350877193,longliner,0.9999999787776084,1.0964912280701754e-05,0.0,0.0,0.0,0.0,0.0,0.0,0.9999890350877193,0.0,0.002430555555555555,0.0,0.0,0.002430555555555555,Transit,Fishing - Longliner
700053163,VESSEL_PHI_013,MH,transit,1.0,longliner,0.9999999787773686,0.0,0.0,0.0,0.0,0.0,0.0,0.0,1.0,0.0,0.002430555555555555,0.0,0.0,0.002430555555555555,Transit,Fishing - Longliner
700053163,VESSEL_PHI_013,MH,transit,1.0,longliner,0.9999999778574253,0.0,0.0,0.0,0.0,0.0,0.0,0.0,1.0,0.0,0.002430555555555555,0.0,0.0,0.002430555555555555,Transit,Fishing - Longliner
700053163,VESSEL_PHI_013,MH,transit,1.0,longliner,0.9999999778572066,0.0,0.0,0.0,0.0,0.0,0.0,0.0,1.0,0.0,0.002430555555555555,0.0,0.0,0.002430555555555555,Transit,Fishing - Longliner
700053163,VESSEL_PHI_013,MH,transit,1.0,longliner,0.9999999791399945,0.0,0.0,0.0,0.0,0.0,0.0,0.0,1.0,0.0,0.002430555555555555,0.0,0.0,0.002430555555555555,Transit,Fishing - Longliner
700053163,VESSEL_PHI_013,MH,transit,0.9912698412698412,longliner,0.9999999793339944,0.0,0.0,0.0,0.0033333333333333335,0.0,0.005396825396825397,0.0,0.9912698412698412,0.0,0.002430555555555555,0.0,0.0,0.002430555555555555,Transit,Fishing - Longliner
700053163,VESSEL_PHI_013,MH,fishing,0.9185127908768687,longliner,0.9999999771912743,0.0,0.0,1.0787486515641855e-05,0.9185127908768687,0.003611111111111111,0.0041990291262135925,0.0,0.07199961473262445,0.0016666666666666668,0.002430555555555555,0.3610041944902634,0.0,0.3610041944902634,Fishing,Fishing - Longliner
700053163,VESSEL_PHI_013,MH,fishing,0.9888381877022655,longliner,0.9999999779838786,0.0,0.0,1.0787486515641855e-05,0.9888381877022655,0.008222222222222223,3.2362459546925564e-05,0.0,0.0012297734627831716,0.0016666666666666668,0.002430555555555555,0.36312012510075603,0.0,0.36312012510075603,Fishing,Fishing - Longliner
700053163,VESSEL_PHI_013,MH,fishing,0.9946666666666668,longliner,0.9999999783649851,0.0,0.0,0.0,0.9946666666666668,0.004222222222222222,0.0,0.0,0.0011111111111111111,0.0,0.002430555555555555,0.3641463935987894,0.0,0.3641463935987894,Fishing,Fishing - Longliner
700053163,VESSEL_PHI_013,MH,fishing,1.0,longliner,0.9999999783649851,0.0,0.0,0.0,1.0,0.0,0.0,0.0,0.0,0.0,0.002430555555555555,0.36430537404981195,0.0,0.36430537404981195,Fishing,Fishing - Longliner
700053163,VESSEL_PHI_013,MH,fishing,0.9936666666666667,longliner,0.9999999783649851,0.0,0.0,0.0,0.9936666666666667,0.004666666666666666,0.0,0.0,0.0,0.0016666666666666668,0.002430555555555555,0.3649816324179471,0.0,0.3649816324179471,Fishing,Fishing - Longliner
700053163,VESSEL_PHI_013,MH,fishing,0.9983333333333333,longliner,0.9999999783649851,0.0,0.0,0.0,0.9983333333333333,0.0016666666666666668,0.0,0.0,0.0,0.0,0.002430555555555555,0.3649673071373506,0.0,0.3649673071373506,Fishing,Fishing - Longliner
700053163,VESSEL_PHI_013,MH,fishing,1.0,longliner,0.9999999783649851,0.0,0.0,0.0,1.0,0.0,0.0,0.0,0.0,0.0,0.002430555555555555,0.363688999281008,0.0,0.363688999281008,Fishing,Fishing - Longliner
700053163,VESSEL_PHI_013,MH,fishing,0.9961111111111113,longliner,0.9999999783649851,0.0,0.0,0.0022222222222222222,0.9961111111111113,0.0016666666666666668,0.0,0.0,0.0,0.0,0.002430555555555555,0.3631203192163749,0.0,0.3631203192163749,Fishing,Fishing - Longliner
700053163,VESSEL_PHI_013,MH,fishing,0.9968888888888888,longliner,0.9999999783649851,0.0,0.0,0.0,0.9968888888888888,0.0031111111111111114,0.0,0.0,0.0,0.0,0.002430555555555555,0.3631266852474056,0.0,0.3631266852474056,Fishing,Fishing - Longliner
700053163,VESSEL_PHI_013,MH,fishing,1.0,longliner,0.9999999783649851,0.0,0.0,0.0,1.0,0.0,0.0,0.0,0.0,0.0,0.002430555555555555,0.36270143322435655,0.0,0.36270143322435655,Fishing,Fishing - Longliner
700053163,VESSEL_PHI_013,MH,fishing,0.9955555555555556,longliner,0.999999978365542,0.0,0.0,0.0,0.9955555555555556,0.0033333333333333335,0.0,0.0,0.0,0.0011111111111111111,0.002430555555555555,0.36266129195681757,0.0,0.36266129195681757,Fishing,Fishing - Longliner
700053163,VESSEL_PHI_013,MH,fishing,1.0,longliner,0.9999999783649851,0.0,0.0,0.0,1.0,0.0,0.0,0.0,0.0,0.0,0.002430555555555555,0.36332743603080847,0.0,0.36332743603080847,Fishing,Fishing - Longliner
700053163,VESSEL_PHI_013,MH,fishing,0.9901428571428571,longliner,0.9999999783649851,0.0,0.0,0.0,0.9901428571428571,0.009857142857142858,0.0,0.0,0.0,0.0,0.002430555555555555,0.3644955650888659,0.0,0.3644955650888659,Fishing,Fishing - Longliner
700053163,VESSEL_PHI_013,MH,fishing,0.9933333333333333,longliner,0.9999999783649851,0.0,0.0,0.0,0.9933333333333333,0.006666666666666667,0.0,0.0,0.0,0.0,0.002430555555555555,0.3654390385361487,0.0,0.3654390385361487,Fishing,Fishing - Longliner
700053163,VESSEL_PHI_013,MH,fishing,0.9941111111111112,longliner,0.9999999783649851,0.0,0.0,0.0,0.9941111111111112,0.005888888888888889,0.0,0.0,0.0,0.0,0.002430555555555555,0.36521601060841147,0.0,0.36521601060841147,Fishing,Fishing - Longliner
700053163,VESSEL_PHI_013,MH,fishing,0.9963333333333333,longliner,0.9999999783649851,0.0,0.0,0.0,0.9963333333333333,0.003666666666666667,0.0,0.0,0.0,0.0,0.002430555555555555,0.3640511190745851,0.0,0.3640511190745851,Fishing,Fishing - Longliner
700053163,VESSEL_PHI_013,MH,fishing,0.9933333333333333,longliner,0.9999999783649851,0.0,0.0,0.0,0.9933333333333333,0.006666666666666667,0.0,0.0,0.0,0.0,0.002430555555555555,0.3630037553407877,0.0,0.3630037553407877,Fishing,Fishing - Longliner
700053163,VESSEL_PHI_013,MH,fishing,0.9958333333333333,longliner,0.9999999783649851,0.0,0.0,0.0,0.9958333333333333,0.004166666666666667,0.0,0.0,0.0,0.0,0.002430555555555555,0.3628431820907017,0.0,0.3628431820907017,Fishing,Fishing - Longliner
700053163,VESSEL_PHI_013,MH,fishing,1.0,longliner,0.9999999783649851,0.0,0.0,0.0,1.0,0.0,0.0,0.0,0.0,0.0,0.002430555555555555,0.3632668039792989,0.0,0.3632668039792989,Fishing,Fishing - Longliner
700053163,VESSEL_PHI_013,MH,fishing,1.0,longliner,0.9999999783649851,0.0,0.0,0.0,1.0,0.0,0.0,0.0,0.0,0.0,0.002430555555555555,0.36376081709049063,0.0,0.36376081709049063,Fishing,Fishing - Longliner
700053163,VESSEL_PHI_013,MH,fishing,0.9972222222222221,longliner,0.9999999783649851,0.0,0.0,0.0,0.9972222222222221,0.0027777777777777775,0.0,0.0,0.0,0.0,0.002430555555555555,0.36354395285439184,0.0,0.36354395285439184,Fishing,Fishing - Longliner
700053163,VESSEL_PHI_013,MH,fishing,0.9894444444444443,longliner,0.9999999783649851,0.0016666666666666668,0.0016666666666666668,0.0,0.9894444444444443,0.005,0.0,0.0,0.0022222222222222222,0.0,0.002430555555555555,0.36241220174116767,0.0,0.36241220174116767,Fishing,Fishing - Longliner
700053163,VESSEL_PHI_013,MH,fishing,0.995,longliner,0.9999999783649851,0.0,0.0,0.0,0.995,0.005,0.0,0.0,0.0,0.0,0.002430555555555555,0.3609438263100452,0.0,0.3609438263100452,Fishing,Fishing - Longliner
700053163,VESSEL_PHI_013,MH,fishing,1.0,longliner,0.9999999783649851,0.0,0.0,0.0,1.0,0.0,0.0,0.0,0.0,0.0,0.002430555555555555,0.3591266668926505,0.0,0.3591266668926505,Fishing,Fishing - Longliner
700053163,VESSEL_PHI_013,MH,fishing,0.9973333333333333,longliner,0.9999999783649851,0.0,0.0,0.0,0.9973333333333333,0.002666666666666667,0.0,0.0,0.0,0.0,0.002430555555555555,0.3580803256549298,0.0,0.3580803256549298,Fishing,Fishing - Longliner
700053163,VESSEL_PHI_013,MH,fishing,0.9839572353213131,longliner,0.9999999793328005,0.0,0.0,1.0787486515641855e-05,0.9839572353213131,0.002666666666666667,3.2362459546925564e-05,0.0,0.011666281399291108,0.0016666666666666668,0.002430555555555555,0.3589773326576114,0.0,0.3589773326576114,Fishing,Fishing - Longliner
700053163,VESSEL_PHI_013,MH,transit,0.9768888888888889,longliner,0.9999999776533595,0.0,0.0,0.0,0.007222222222222222,0.0,0.0,0.015888888888888893,0.9768888888888889,0.0,0.002430555555555555,0.0,0.0,0.002430555555555555,Transit,Fishing - Longliner
700053163,VESSEL_PHI_013,MH,transit,0.993111111111111,longliner,0.9999999792822463,0.0,0.0,0.0,0.0038888888888888883,0.0013333333333333335,0.0016666666666666668,0.0,0.993111111111111,0.0,0.002430555555555555,0.0,0.0,0.002430555555555555,Transit,Fishing - Longliner
700053163,VESSEL_PHI_013,MH,fishing,0.8302857142857143,longliner,0.9999999771912743,0.0,0.0,0.0,0.8302857142857143,0.0005555555555555556,0.06522222222222222,0.0,0.10115873015873016,0.002777777777777778,0.002430555555555555,0.37343796147547537,0.0,0.37343796147547537,Fishing,Fishing - Longliner
700053163,VESSEL_PHI_013,MH,fishing,0.9725366004006781,longliner,0.9999999792986842,0.0,0.0019047619047619048,1.0787486515641855e-05,0.9725366004006781,0.0011111111111111111,3.2362459546925564e-05,0.0,0.024404376637386347,0.0,0.002430555555555555,0.37354108363458266,0.0,0.37354108363458266,Fishing,Fishing - Longliner
700053163,VESSEL_PHI_013,MH,fishing,0.9983333333333333,longliner,0.9999999783649851,0.0,0.0,0.0,0.9983333333333333,0.0,0.0,0.0,0.0,0.0016666666666666668,0.002430555555555555,0.37180859566138913,0.0,0.37180859566138913,Fishing,Fishing - Longliner
700053163,VESSEL_PHI_013,MH,fishing,0.9954444444444445,longliner,0.9999999783649851,0.0,0.0,0.0022222222222222222,0.9954444444444445,0.0016666666666666668,0.0,0.0,0.0,0.0006666666666666668,0.002430555555555555,0.37243258459005846,0.0,0.37243258459005846,Fishing,Fishing - Longliner
700053163,VESSEL_PHI_013,MH,fishing,1.0,longliner,0.9999999783649851,0.0,0.0,0.0,1.0,0.0,0.0,0.0,0.0,0.0,0.002430555555555555,0.3736065949926909,0.0,0.3736065949926909,Fishing,Fishing - Longliner
700053163,VESSEL_PHI_013,MH,fishing,0.9883333333333333,longliner,0.9999999783649851,0.0,0.0,0.005555555555555555,0.9883333333333333,0.0,0.0,0.0,0.0,0.0061111111111111106,0.002430555555555555,0.3737831383237478,0.0,0.3737831383237478,Fishing,Fishing - Longliner
700053163,VESSEL_PHI_013,MH,fishing,1.0,longliner,0.9999999783649851,0.0,0.0,0.0,1.0,0.0,0.0,0.0,0.0,0.0,0.002430555555555555,0.37310277542283654,0.0,0.37310277542283654,Fishing,Fishing - Longliner
700053163,VESSEL_PHI_013,MH,fishing,1.0,longliner,0.9999999783649851,0.0,0.0,0.0,1.0,0.0,0.0,0.0,0.0,0.0,0.002430555555555555,0.37180370731627577,0.0,0.37180370731627577,Fishing,Fishing - Longliner
700053163,VESSEL_PHI_013,MH,fishing,1.0,longliner,0.9999999783649851,0.0,0.0,0.0,1.0,0.0,0.0,0.0,0.0,0.0,0.002430555555555555,0.37025996663102856,0.0,0.37025996663102856,Fishing,Fishing - Longliner
700053163,VESSEL_PHI_013,MH,fishing,1.0,longliner,0.9999999783649851,0.0,0.0,0.0,1.0,0.0,0.0,0.0,0.0,0.0,0.002430555555555555,0.36985108411121564,0.0,0.36985108411121564,Fishing,Fishing - Longliner
700053163,VESSEL_PHI_013,MH,fishing,1.0,longliner,0.9999999783649851,0.0,0.0,0.0,1.0,0.0,0.0,0.0,0.0,0.0,0.002430555555555555,0.37051251318221606,0.0,0.37051251318221606,Fishing,Fishing - Longliner
700053163,VESSEL_PHI_013,MH,fishing,1.0,longliner,0.9999999783649851,0.0,0.0,0.0,1.0,0.0,0.0,0.0,0.0,0.0,0.002430555555555555,0.37197793767125675,0.0,0.37197793767125675,Fishing,Fishing - Longliner
700053163,VESSEL_PHI_013,MH,fishing,0.9941666666666666,longliner,0.9999999783649851,0.0,0.0011111111111111111,0.0022222222222222222,0.9941666666666666,0.0025,0.0,0.0,0.0,0.0,0.002430555555555555,0.37409142785181493,0.0,0.37409142785181493,Fishing,Fishing - Longliner
700053163,VESSEL_PHI_013,MH,fishing,0.9991111111111112,longliner,0.9999999783649851,0.0,0.0,0.0,0.9991111111111112,0.0008888888888888888,0.0,0.0,0.0,0.0,0.002430555555555555,0.37594443811265826,0.0,0.37594443811265826,Fishing,Fishing - Longliner
700053163,VESSEL_PHI_013,MH,fishing,1.0,longliner,0.9999999783649851,0.0,0.0,0.0,1.0,0.0,0.0,0.0,0.0,0.0,0.002430555555555555,0.37655649302640526,0.0,0.37655649302640526,Fishing,Fishing - Longliner
700053163,VESSEL_PHI_013,MH,fishing,1.0,longliner,0.9999999783649851,0.0,0.0,0.0,1.0,0.0,0.0,0.0,0.0,0.0,0.002430555555555555,0.376418471927647,0.0,0.376418471927647,Fishing,Fishing - Longliner
700053163,VESSEL_PHI_013,MH,fishing,0.9941666666666666,longliner,0.9999999783649851,0.0,0.0,0.0,0.9941666666666666,0.005833333333333334,0.0,0.0,0.0,0.0,0.002430555555555555,0.37664390748216986,0.0,0.37664390748216986,Fishing,Fishing - Longliner
700053163,VESSEL_PHI_013,MH,fishing,0.9269651718292498,longliner,0.9999999749406778,0.0055,0.00977777777777778,1.0787486515641855e-05,0.9269651718292498,0.0025,3.2362459546925564e-05,0.002833333333333333,0.05238056711357682,0.0,0.002430555555555555,0.3755827007285327,0.0,0.3755827007285327,Fishing,Fishing - Longliner
700053163,VESSEL_PHI_013,MH,transit,0.9687380952380952,longliner,0.9999999776533595,0.0027777777777777775,0.0016666666666666668,0.0,0.006333333333333333,0.0014285714285714286,0.0,0.019055555555555555,0.9687380952380952,0.0,0.002430555555555555,0.0,0.0,0.002430555555555555,Transit,Fishing - Longliner
700053163,VESSEL_PHI_013,MH,transit,0.9983333333333333,longliner,0.9999999794824257,0.0,0.0,0.0,0.0016666666666666668,0.0,0.0,0.0,0.9983333333333333,0.0,0.002430555555555555,0.0,0.0,0.002430555555555555,Transit,Fishing - Longliner
700053163,VESSEL_PHI_013,MH,transit,0.9988888888888887,longliner,0.9999999787776084,0.0,0.0,0.0,0.0,0.0,0.0011111111111111111,0.0,0.9988888888888887,0.0,0.002430555555555555,0.0,0.0,0.002430555555555555,Transit,Fishing - Longliner
700053163,VESSEL_PHI_013,MH,transit,0.9999890350877193,longliner,0.9999999787776084,1.0964912280701754e-05,0.0,0.0,0.0,0.0,0.0,0.0,0.9999890350877193,0.0,0.002430555555555555,0.0,0.0,0.002430555555555555,Transit,Fishing - Longliner
700053163,VESSEL_PHI_013,MH,transit,1.0,longliner,0.9999999787773686,0.0,0.0,0.0,0.0,0.0,0.0,0.0,1.0,0.0,0.002430555555555555,0.0,0.0,0.002430555555555555,Transit,Fishing - Longliner
700053163,VESSEL_PHI_013,MH,transit,1.0,longliner,0.9999999787773686,0.0,0.0,0.0,0.0,0.0,0.0,0.0,1.0,0.0,0.002430555555555555,0.0,0.0,0.002430555555555555,Transit,Fishing - Longliner
700053163,VESSEL_PHI_013,MH,transit,1.0,longliner,0.9999999787773686,0.0,0.0,0.0,0.0,0.0,0.0,0.0,1.0,0.0,0.002430555555555555,0.0,0.0,0.002430555555555555,Transit,Fishing - Longliner
700053163,VESSEL_PHI_013,MH,transit,1.0,longliner,0.9999999787773686,0.0,0.0,0.0,0.0,0.0,0.0,0.0,1.0,0.0,0.002430555555555555,0.0,0.0,0.002430555555555555,Transit,Fishing - Longliner
700053163,VESSEL_PHI_013,MH,transit,1.0,longliner,0.9999999787776084,0.0,0.0,0.0,0.0,0.0,0.0,0.0,1.0,0.0,0.002430555555555555,0.0,0.0,0.002430555555555555,Transit,Fishing - Longliner
700053163,VESSEL_PHI_013,MH,transit,1.0,longliner,0.9999999787776084,0.0,0.0,0.0,0.0,0.0,0.0,0.0,1.0,0.0,0.002430555555555555,0.0,0.0,0.002430555555555555,Transit,Fishing - Longliner
700053163,VESSEL_PHI_013,MH,transit,0.9999890350877193,longliner,0.9999999787776084,1.0964912280701754e-05,0.0,0.0,0.0,0.0,0.0,0.0,0.9999890350877193,0.0,0.002430555555555555,0.0,0.0,0.002430555555555555,Transit,Fishing - Longliner
700053163,VESSEL_PHI_013,MH,transit,0.9983333333333333,longliner,0.9999999794824257,0.0,0.0,0.0,0.0016666666666666668,0.0,0.0,0.0,0.9983333333333333,0.0,0.002430555555555555,0.0,0.0,0.002430555555555555,Transit,Fishing - Longliner
700053163,VESSEL_PHI_013,MH,transit,1.0,longliner,0.9999999794824257,0.0,0.0,0.0,0.0,0.0,0.0,0.0,1.0,0.0,0.002430555555555555,0.0,0.0,0.002430555555555555,Transit,Fishing - Longliner
700053163,VESSEL_PHI_013,MH,transit,1.0,longliner,0.9999999787772273,0.0,0.0,0.0,0.0,0.0,0.0,0.0,1.0,0.0,0.002430555555555555,0.0,0.0,0.002430555555555555,Transit,Fishing - Longliner
700053163,VESSEL_PHI_013,MH,transit,1.0,longliner,0.9999999787773686,0.0,0.0,0.0,0.0,0.0,0.0,0.0,1.0,0.0,0.002430555555555555,0.0,0.0,0.002430555555555555,Transit,Fishing - Longliner
700053163,VESSEL_PHI_013,MH,transit,1.0,longliner,0.9999999787773686,0.0,0.0,0.0,0.0,0.0,0.0,0.0,1.0,0.0,0.002430555555555555,0.0,0.0,0.002430555555555555,Transit,Fishing - Longliner
700053163,VESSEL_PHI_013,MH,transit,1.0,longliner,0.9999999787773686,0.0,0.0,0.0,0.0,0.0,0.0,0.0,1.0,0.0,0.002430555555555555,0.0,0.0,0.002430555555555555,Transit,Fishing - Longliner
700053163,VESSEL_PHI_013,MH,transit,1.0,longliner,0.9999999787773686,0.0,0.0,0.0,0.0,0.0,0.0,0.0,1.0,0.0,0.002430555555555555,0.0,0.0,0.002430555555555555,Transit,Fishing - Longliner
700053163,VESSEL_PHI_013,MH,transit,1.0,longliner,0.9999999787773686,0.0,0.0,0.0,0.0,0.0,0.0,0.0,1.0,0.0,0.002430555555555555,0.0,0.0,0.002430555555555555,Transit,Fishing - Longliner
700053163,VESSEL_PHI_013,MH,transit,1.0,longliner,0.9999999787772273,0.0,0.0,0.0,0.0,0.0,0.0,0.0,1.0,0.0,0.002430555555555555,0.0,0.0,0.002430555555555555,Transit,Fishing - Longliner
700053163,VESSEL_PHI_013,MH,transit,0.9999890350877193,longliner,0.9999999787776084,1.0964912280701754e-05,0.0,0.0,0.0,0.0,0.0,0.0,0.9999890350877193,0.0,0.002430555555555555,0.0,0.0,0.002430555555555555,Transit,Fishing - Longliner
700053163,VESSEL_PHI_013,MH,transit,0.9999890350877193,longliner,0.9999999787776084,1.0964912280701754e-05,0.0,0.0,0.0,0.0,0.0,0.0,0.9999890350877193,0.0,0.002430555555555555,0.0,0.0,0.002430555555555555,Transit,Fishing - Longliner
700053163,VESSEL_PHI_013,MH,transit,0.9999890350877193,longliner,0.9999999787776084,1.0964912280701754e-05,0.0,0.0,0.0,0.0,0.0,0.0,0.9999890350877193,0.0,0.002430555555555555,0.0,0.0,0.002430555555555555,Transit,Fishing - Longliner
700053163,VESSEL_PHI_013,MH,transit,1.0,longliner,0.9999999787776084,0.0,0.0,0.0,0.0,0.0,0.0,0.0,1.0,0.0,0.002430555555555555,0.0,0.0,0.002430555555555555,Transit,Fishing - Longliner
700053163,VESSEL_PHI_013,MH,transit,1.0,longliner,0.9999999787773686,0.0,0.0,0.0,0.0,0.0,0.0,0.0,1.0,0.0,0.002430555555555555,0.0,0.0,0.002430555555555555,Transit,Fishing - Longliner
700053163,VESSEL_PHI_013,MH,transit,1.0,longliner,0.9999999791399949,0.0,0.0,0.0,0.0,0.0,0.0,0.0,1.0,0.0,0.002430555555555555,0.0,0.0,0.002430555555555555,Transit,Fishing - Longliner
700053163,VESSEL_PHI_013,MH,transit,1.0,longliner,0.9999999787773686,0.0,0.0,0.0,0.0,0.0,0.0,0.0,1.0,0.0,0.002430555555555555,0.0,0.0,0.002430555555555555,Transit,Fishing - Longliner
700053163,VESSEL_PHI_013,MH,transit,0.9999890350877193,longliner,0.9999999787776084,1.0964912280701754e-05,0.0,0.0,0.0,0.0,0.0,0.0,0.9999890350877193,0.0,0.002430555555555555,0.0,0.0,0.002430555555555555,Transit,Fishing - Longliner
700053164,VESSEL_PHI_014,TW,transit,0.9999890350877193,purse_seiner,0.9999999776376499,1.0964912280701754e-05,0.0,0.0,0.0,0.0,0.0,0.0,0.9999890350877193,0.0,0.002430555555555555,0.0,0.0,0.002430555555555555,Transit,Fishing - Purse Seiner
700053164,VESSEL_PHI_014,TW,transit,0.9999890350877193,purse_seiner,0.9999999770889317,1.0964912280701754e-05,0.0,0.0,0.0,0.0,0.0,0.0,0.9999890350877193,0.0,0.002430555555555555,0.0,0.0,0.002430555555555555,Transit,Fishing - Purse Seiner
700053164,VESSEL_PHI_014,TW,transit,0.9999890350877193,purse_seiner,0.9999999751163573,1.0964912280701754e-05,0.0,0.0,0.0,0.0,0.0,0.0,0.9999890350877193,0.0,0.002430555555555555,0.0,0.0,0.002430555555555555,Transit,Fishing - Purse Seiner
700053164,VESSEL_PHI_014,TW,transit,0.9999890350877193,purse_seiner,0.9999999744337449,1.0964912280701754e-05,0.0,0.0,0.0,0.0,0.0,0.0,0.9999890350877193,0.0,0.002430555555555555,0.0,0.0,0.002430555555555555,Transit,Fishing - Purse Seiner
700053164,VESSEL_PHI_014,TW,transit,1.0,purse_seiner,0.9999999749990418,0.0,0.0,0.0,0.0,0.0,0.0,0.0,1.0,0.0,0.002430555555555555,0.0,0.0,0.002430555555555555,Transit,Fishing - Purse Seiner
700053164,VESSEL_PHI_014,TW,transit,0.9999890350877193,purse_seiner,0.9999999770889317,1.0964912280701754e-05,0.0,0.0,0.0,0.0,0.0,0.0,0.9999890350877193,0.0,0.002430555555555555,0.0,0.0,0.002430555555555555,Transit,Fishing - Purse Seiner
700053164,VESSEL_PHI_014,TW,transit,0.9762222222222222,purse_seiner,0.9999999754409382,0.0,0.0,0.0033333333333333335,0.012777777777777777,0.0011111111111111111,0.00488888888888889,0.0,0.9762222222222222,0.0016666666666666668,0.002430555555555555,0.0,0.0,0.002430555555555555,Transit,Fishing - Purse Seiner
700053164,VESSEL_PHI_014,TW,fishing,0.9770634920634922,purse_seiner,0.9999999790358214,0.0,0.0,0.0,0.9770634920634922,0.0022222222222222222,0.0,0.0,0.020714285714285713,0.0,0.002430555555555555,0.37699842606102413,0.0,0.37699842606102413,Fishing,Fishing - Purse Seiner
700053164,VESSEL_PHI_014,TW,fishing,0.9978381877022654,purse_seiner,0.9999999774434879,0.0,0.0,1.0787486515641855e-05,0.9978381877022654,0.0006666666666666668,3.2362459546925564e-05,0.0,0.001451995685005394,0.0,0.002430555555555555,0.3788980614660213,0.0,0.3788980614660213,Fishing,Fishing - Purse Seiner
700053164,VESSEL_PHI_014,TW,fishing,0.9998381877022655,purse_seiner,0.9999999774278069,0.0,0.0,1.0787486515641855e-05,0.9998381877022655,0.0,3.2362459546925564e-05,0.0,0.0001186623516720604,0.0,0.002430555555555555,0.3816691631936416,0.0,0.3816691631936416,Fishing,Fishing - Purse Seiner
700053164,VESSEL_PHI_014,TW,fishing,0.9998381877022655,purse_seiner,0.9999999774821468,0.0,0.0,1.0787486515641855e-05,0.9998381877022655,0.0,3.2362459546925564e-05,0.0,0.0001186623516720604,0.0,0.002430555555555555,0.38474371540817354,0.0,0.38474371540817354,Fishing,Fishing - Purse Seiner
700053164,VESSEL_PHI_014,TW,fishing,0.9998381877022655,purse_seiner,0.9999999775078078,0.0,0.0,1.0787486515641855e-05,0.9998381877022655,0.0,3.2362459546925564e-05,0.0,0.0001186623516720604,0.0,0.002430555555555555,0.3861887028954171,0.0,0.3861887028954171,Fishing,Fishing - Purse Seiner
700053164,VESSEL_PHI_014,TW,fishing,0.9965048543689321,purse_seiner,0.9999999759172661,0.0,0.0,1.0787486515641855e-05,0.9965048543689321,0.0033333333333333335,3.2362459546925564e-05,0.0,0.0001186623516720604,0.0,0.002430555555555555,0.3864711119745645,0.0,0.3864711119745645,Fishing,Fishing - Purse Seiner
700053164,VESSEL_PHI_014,TW,fishing,0.9965048543689321,purse_seiner,0.9999999771130329,0.0,0.0,1.0787486515641855e-05,0.9965048543689321,0.0033333333333333335,3.2362459546925564e-05,0.0,0.0001186623516720604,0.0,0.002430555555555555,0.38759702221639913,0.0,0.38759702221639913,Fishing,Fishing - Purse Seiner
700053164,VESSEL_PHI_014,TW,fishing,0.9998381877022655,purse_seiner,0.9999999774278069,0.0,0.0,1.0787486515641855e-05,0.9998381877022655,0.0,3.2362459546925564e-05,0.0,0.0001186623516720604,0.0,0.002430555555555555,0.388515269365299,0.0,0.388515269365299,Fishing,Fishing - Purse Seiner
700053164,VESSEL_PHI_014,TW,fishing,0.9998381877022655,purse_seiner,0.9999999774278069,0.0,0.0,1.0787486515641855e-05,0.9998381877022655,0.0,3.2362459546925564e-05,0.0,0.0001186623516720604,0.0,0.002430555555555555,0.3896527430810225,0.0,0.3896527430810225,Fishing,Fishing - Purse Seiner
700053164,VESSEL_PHI_014,TW,fishing,0.9998381877022655,purse_seiner,0.9999999774821468,0.0,0.0,1.0787486515641855e-05,0.9998381877022655,0.0,3.2362459546925564e-05,0.0,0.0001186623516720604,0.0,0.002430555555555555,0.3909734853153779,0.0,0.3909734853153779,Fishing,Fishing - Purse Seiner
700053164,VESSEL_PHI_014,TW,fishing,0.9998381877022655,purse_seiner,0.9999999756249381,0.0,0.0,1.0787486515641855e-05,0.9998381877022655,0.0,3.2362459546925564e-05,0.0,0.0001186623516720604,0.0,0.002430555555555555,0.3914223857341006,0.0,0.3914223857341006,Fishing,Fishing - Purse Seiner
700053164,VESSEL_PHI_014,TW,fishing,0.9998381877022655,purse_seiner,0.9999999775557354,0.0,0.0,1.0787486515641855e-05,0.9998381877022655,0.0,3.2362459546925564e-05,0.0,0.0001186623516720604,0.0,0.002430555555555555,0.39051761072875363,0.0,0.39051761072875363,Fishing,Fishing - Purse Seiner
700053164,VESSEL_PHI_014,TW,fishing,0.9998381877022655,purse_seiner,0.9999999774821468,0.0,0.0,1.0787486515641855e-05,0.9998381877022655,0.0,3.2362459546925564e-05,0.0,0.0001186623516720604,0.0,0.002430555555555555,0.3891620148429941,0.0,0.3891620148429941,Fishing,Fishing - Purse Seiner
700053164,VESSEL_PHI_014,TW,fishing,0.9998381877022655,purse_seiner,0.9999999756249381,0.0,0.0,1.0787486515641855e-05,0.9998381877022655,0.0,3.2362459546925564e-05,0.0,0.0001186623516720604,0.0,0.002430555555555555,0.3901165876435517,0.0,0.3901165876435517,Fishing,Fishing - Purse Seiner
700053164,VESSEL_PHI_014,TW,fishing,0.9998381877022655,purse_seiner,0.9999999774278069,0.0,0.0,1.0787486515641855e-05,0.9998381877022655,0.0,3.2362459546925564e-05,0.0,0.0001186623516720604,0.0,0.002430555555555555,0.39130924501910824,0.0,0.39130924501910824,Fishing,Fishing - Purse Seiner
700053164,VESSEL_PHI_014,TW,fishing,0.9998381877022655,purse_seiner,0.9999999774434879,0.0,0.0,1.0787486515641855e-05,0.9998381877022655,0.0,3.2362459546925564e-05,0.0,0.0001186623516720604,0.0,0.002430555555555555,0.39131851652539335,0.0,0.39131851652539335,Fishing,Fishing - Purse Seiner
700053164,VESSEL_PHI_014,TW,transit,0.8496666666666667,purse_seiner,0.9999999744424408,0.0,0.004,0.005,0.09853174603174604,0.017238095238095236,0.01400793650793651,0.0016666666666666668,0.8496666666666667,0.00988888888888889,0.002430555555555555,0.0,0.0,0.002430555555555555,Transit,Fishing - Purse Seiner
700053164,VESSEL_PHI_014,TW,transit,0.9999890350877193,purse_seiner,0.99999996285196,1.0964912280701754e-05,0.0,0.0,0.0,0.0,0.0,0.0,0.9999890350877193,0.0,0.002430555555555555,0.0,0.0,0.002430555555555555,Transit,Fishing - Purse Seiner
700053164,VESSEL_PHI_014,TW,transit,1.0,purse_seiner,0.9999999368474413,0.0,0.0,0.0,0.0,0.0,0.0,0.0,1.0,0.0,0.002430555555555555,0.0,0.0,0.002430555555555555,Transit,Fishing - Purse Seiner
700053164,VESSEL_PHI_014,TW,transit,1.0,purse_seiner,0.9999999770889317,0.0,0.0,0.0,0.0,0.0,0.0,0.0,1.0,0.0,0.002430555555555555,0.0,0.0,0.002430555555555555,Transit,Fishing - Purse Seiner
700053164,VESSEL_PHI_014,TW,transit,0.9891111111111112,purse_seiner,0.9999999774874654,0.0,0.0,0.0,0.005888888888888889,0.0016666666666666668,0.0033333333333333335,0.0,0.9891111111111112,0.0,0.002430555555555555,0.0,0.0,0.002430555555555555,Transit,Fishing - Purse Seiner
700053164,VESSEL_PHI_014,TW,fishing,0.9247857142857142,purse_seiner,0.9999999732077027,0.0016666666666666668,0.0,0.0,0.9247857142857142,0.02705555555555556,0.0,0.0,0.03265873015873016,0.013833333333333335,0.002430555555555555,0.4455095809582777,0.0,0.4455095809582777,Fishing,Fishing - Purse Seiner
700053164,VESSEL_PHI_014,TW,fishing,0.9998381877022655,purse_seiner,0.999999978945179,0.0,0.0,1.0787486515641855e-05,0.9998381877022655,0.0,3.2362459546925564e-05,0.0,0.0001186623516720604,0.0,0.002430555555555555,0.44504929840577434,0.0,0.44504929840577434,Fishing,Fishing - Purse Seiner
700053164,VESSEL_PHI_014,TW,fishing,0.9981715210355988,purse_seiner,0.9999999774821468,0.0,0.0,0.0016774541531823083,0.9981715210355988,0.0,3.2362459546925564e-05,0.0,0.0001186623516720604,0.0,0.002430555555555555,0.44200469015604854,0.0,0.44200469015604854,Fishing,Fishing - Purse Seiner
700053164,VESSEL_PHI_014,TW,fishing,0.9998381877022655,purse_seiner,0.9999999774821468,0.0,0.0,1.0787486515641855e-05,0.9998381877022655,0.0,3.2362459546925564e-05,0.0,0.0001186623516720604,0.0,0.002430555555555555,0.43920800334899174,0.0,0.43920800334899174,Fishing,Fishing - Purse Seiner
700053164,VESSEL_PHI_014,TW,fishing,0.9998381877022655,purse_seiner,0.9999999774821468,0.0,0.0,1.0787486515641855e-05,0.9998381877022655,0.0,3.2362459546925564e-05,0.0,0.0001186623516720604,0.0,0.002430555555555555,0.4369064306667887,0.0,0.4369064306667887,Fishing,Fishing - Purse Seiner
700053164,VESSEL_PHI_014,TW,fishing,0.9998381877022655,purse_seiner,0.9999999770239326,0.0,0.0,1.0787486515641855e-05,0.9998381877022655,0.0,3.2362459546925564e-05,0.0,0.0001186623516720604,0.0,0.002430555555555555,0.4358097442374549,0.0,0.4358097442374549,Fishing,Fishing - Purse Seiner
700053164,VESSEL_PHI_014,TW,fishing,0.9998381877022655,purse_seiner,0.9999999756249381,0.0,0.0,1.0787486515641855e-05,0.9998381877022655,0.0,3.2362459546925564e-05,0.0,0.0001186623516720604,0.0,0.002430555555555555,0.43748923194150097,0.0,0.43748923194150097,Fishing,Fishing - Purse Seiner
700053164,VESSEL_PHI_014,TW,fishing,0.9998381877022655,purse_seiner,0.9999999756249381,0.0,0.0,1.0787486515641855e-05,0.9998381877022655,0.0,3.2362459546925564e-05,0.0,0.0001186623516720604,0.0,0.002430555555555555,0.43976349306356943,0.0,0.43976349306356943,Fishing,Fishing - Purse Seiner
700053164,VESSEL_PHI_014,TW,fishing,0.9998381877022655,purse_seiner,0.9999999774821468,0.0,0.0,1.0787486515641855e-05,0.9998381877022655,0.0,3.2362459546925564e-05,0.0,0.0001186623516720604,0.0,0.002430555555555555,0.4406450028060812,0.0,0.4406450028060812,Fishing,Fishing - Purse Seiner
700053164,VESSEL_PHI_014,TW,fishing,0.9965048543689321,purse_seiner,0.9999999774821468,0.0,0.0,1.0787486515641855e-05,0.9965048543689321,0.0033333333333333335,3.2362459546925564e-05,0.0,0.0001186623516720604,0.0,0.002430555555555555,0.4406308149653396,0.0,0.4406308149653396,Fishing,Fishing - Purse Seiner
700053164,VESSEL_PHI_014,TW,fishing,0.9998381877022655,purse_seiner,0.9999999774821468,0.0,0.0,1.0787486515641855e-05,0.9998381877022655,0.0,3.2362459546925564e-05,0.0,0.0001186623516720604,0.0,0.002430555555555555,0.438946461028831,0.0,0.438946461028831,Fishing,Fishing - Purse Seiner
700053164,VESSEL_PHI_014,TW,fishing,0.9998381877022655,purse_seiner,0.9999999756249381,0.0,0.0,1.0787486515641855e-05,0.9998381877022655,0.0,3.2362459546925564e-05,0.0,0.0001186623516720604,0.0,0.002430555555555555,0.435918726310332,0.0,0.435918726310332,Fishing,Fishing - Purse Seiner
700053164,VESSEL_PHI_014,TW,fishing,0.9998381877022655,purse_seiner,0.9999999761717865,0.0,0.0,1.0787486515641855e-05,0.9998381877022655,0.0,3.2362459546925564e-05,0.0,0.0001186623516720604,0.0,0.002430555555555555,0.4337244132872966,0.0,0.4337244132872966,Fishing,Fishing - Purse Seiner
700053164,VESSEL_PHI_014,TW,fishing,0.9998381877022655,purse_seiner,0.999999976997683,0.0,0.0,1.0787486515641855e-05,0.9998381877022655,0.0,3.2362459546925564e-05,0.0,0.0001186623516720604,0.0,0.002430555555555555,0.43378057841474454,0.0,0.43378057841474454,Fishing,Fishing - Purse Seiner
700053164,VESSEL_PHI_014,TW,fishing,0.9981715210355988,purse_seiner,0.9999999793241832,0.0,0.0,1.0787486515641855e-05,0.9981715210355988,0.0016666666666666668,3.2362459546925564e-05,0.0,0.0001186623516720604,0.0,0.002430555555555555,0.4355923379178359,0.0,0.4355923379178359,Fishing,Fishing - Purse Seiner
700053164,VESSEL_PHI_014,TW,fishing,0.9998381877022655,purse_seiner,0.9999999760701085,0.0,0.0,1.0787486515641855e-05,0.9998381877022655,0.0,3.2362459546925564e-05,0.0,0.0001186623516720604,0.0,0.002430555555555555,0.4374349903763214,0.0,0.4374349903763214,Fishing,Fishing - Purse Seiner
700053164,VESSEL_PHI_014,TW,fishing,0.9942826321467099,purse_seiner,0.9999999756131929,0.0,0.0,1.0787486515641855e-05,0.9942826321467099,0.005555555555555555,3.2362459546925564e-05,0.0,0.0001186623516720604,0.0,0.002430555555555555,0.43845494848250655,0.0,0.43845494848250655,Fishing,Fishing - Purse Seiner
700053164,VESSEL_PHI_014,TW,transit,0.7669999999999999,purse_seiner,0.9999999743288697,0.0016666666666666668,0.0,0.0016666666666666668,0.1168095238095238,0.043238095238095235,0.04317460317460318,0.005,0.7669999999999999,0.021444444444444443,0.002430555555555555,0.0,0.0,0.002430555555555555,Transit,Fishing - Purse Seiner
700053164,VESSEL_PHI_014,TW,transit,1.0,purse_seiner,0.9999999628641256,0.0,0.0,0.0,0.0,0.0,0.0,0.0,1.0,0.0,0.002430555555555555,0.0,0.0,0.002430555555555555,Transit,Fishing - Purse Seiner
700053164,VESSEL_PHI_014,TW,transit,1.0,purse_seiner,0.9999999761404573,0.0,0.0,0.0,0.0,0.0,0.0,0.0,1.0,0.0,0.002430555555555555,0.0,0.0,0.002430555555555555,Transit,Fishing - Purse Seiner
700053164,VESSEL_PHI_014,TW,transit,0.9999890350877193,purse_seiner,0.9999999770889317,1.0964912280701754e-05,0.0,0.0,0.0,0.0,0.0,0.0,0.9999890350877193,0.0,0.002430555555555555,0.0,0.0,0.002430555555555555,Transit,Fishing - Purse Seiner
700053164,VESSEL_PHI_014,TW,transit,1.0,purse_seiner,0.9999999770889317,0.0,0.0,0.0,0.0,0.0,0.0,0.0,1.0,0.0,0.002430555555555555,0.0,0.0,0.002430555555555555,Transit,Fishing - Purse Seiner
700053164,VESSEL_PHI_014,TW,transit,1.0,purse_seiner,0.9999999770889317,0.0,0.0,0.0,0.0,0.0,0.0,0.0,1.0,0.0,0.002430555555555555,0.0,0.0,0.002430555555555555,Transit,Fishing - Purse Seiner
700053164,VESSEL_PHI_014,TW,transit,1.0,purse_seiner,0.9999999770889317,0.0,0.0,0.0,0.0,0.0,0.0,0.0,1.0,0.0,0.002430555555555555,0.0,0.0,0.002430555555555555,Transit,Fishing - Purse Seiner
700053164,VESSEL_PHI_014,TW,transit,1.0,purse_seiner,0.9999999751163573,0.0,0.0,0.0,0.0,0.0,0.0,0.0,1.0,0.0,0.002430555555555555,0.0,0.0,0.002430555555555555,Transit,Fishing - Purse Seiner
700053164,VESSEL_PHI_014,TW,transit,1.0,purse_seiner,0.9999999758023118,0.0,0.0,0.0,0.0,0.0,0.0,0.0,1.0,0.0,0.002430555555555555,0.0,0.0,0.002430555555555555,Transit,Fishing - Purse Seiner
700053164,VESSEL_PHI_014,TW,transit,1.0,purse_seiner,0.9999999797829056,0.0,0.0,0.0,0.0,0.0,0.0,0.0,1.0,0.0,0.002430555555555555,0.0,0.0,0.002430555555555555,Transit,Fishing - Purse Seiner
700053164,VESSEL_PHI_014,TW,transit,1.0,purse_seiner,0.9999999770889317,0.0,0.0,0.0,0.0,0.0,0.0,0.0,1.0,0.0,0.002430555555555555,0.0,0.0,0.002430555555555555,Transit,Fishing - Purse Seiner
700053164,VESSEL_PHI_014,TW,transit,1.0,purse_seiner,0.9999999770889317,0.0,0.0,0.0,0.0,0.0,0.0,0.0,1.0,0.0,0.002430555555555555,0.0,0.0,0.002430555555555555,Transit,Fishing - Purse Seiner
700053164,VESSEL_PHI_014,TW,transit,1.0,purse_seiner,0.9999999770889317,0.0,0.0,0.0,0.0,0.0,0.0,0.0,1.0,0.0,0.002430555555555555,0.0,0.0,0.002430555555555555,Transit,Fishing - Purse Seiner
700053164,VESSEL_PHI_014,TW,transit,1.0,purse_seiner,0.9999999770889317,0.0,0.0,0.0,0.0,0.0,0.0,0.0,1.0,0.0,0.002430555555555555,0.0,0.0,0.002430555555555555,Transit,Fishing - Purse Seiner
700053164,VESSEL_PHI_014,TW,transit,1.0,purse_seiner,0.9999999770889317,0.0,0.0,0.0,0.0,0.0,0.0,0.0,1.0,0.0,0.002430555555555555,0.0,0.0,0.002430555555555555,Transit,Fishing - Purse Seiner
700053164,VESSEL_PHI_014,TW,transit,1.0,purse_seiner,0.9999999770889317,0.0,0.0,0.0,0.0,0.0,0.0,0.0,1.0,0.0,0.002430555555555555,0.0,0.0,0.002430555555555555,Transit,Fishing - Purse Seiner
700053164,VESSEL_PHI_014,TW,transit,1.0,purse_seiner,0.9999999770584277,0.0,0.0,0.0,0.0,0.0,0.0,0.0,1.0,0.0,0.002430555555555555,0.0,0.0,0.002430555555555555,Transit,Fishing - Purse Seiner
700053164,VESSEL_PHI_014,TW,transit,0.9999890350877193,purse_seiner,0.9999999770889317,1.0964912280701754e-05,0.0,0.0,0.0,0.0,0.0,0.0,0.9999890350877193,0.0,0.002430555555555555,0.0,0.0,0.002430555555555555,Transit,Fishing - Purse Seiner
700053164,VESSEL_PHI_014,TW,transit,0.9999890350877193,purse_seiner,0.9999999751163573,1.0964912280701754e-05,0.0,0.0,0.0,0.0,0.0,0.0,0.9999890350877193,0.0,0.002430555555555555,0.0,0.0,0.002430555555555555,Transit,Fishing - Purse Seiner
700053164,VESSEL_PHI_014,TW,transit,1.0,purse_seiner,0.9999999751163573,0.0,0.0,0.0,0.0,0.0,0.0,0.0,1.0,0.0,0.002430555555555555,0.0,0.0,0.002430555555555555,Transit,Fishing - Purse Seiner
700053164,VESSEL_PHI_014,TW,transit,1.0,purse_seiner,0.9999999770889317,0.0,0.0,0.0,0.0,0.0,0.0,0.0,1.0,0.0,0.002430555555555555,0.0,0.0,0.002430555555555555,Transit,Fishing - Purse Seiner
700053164,VESSEL_PHI_014,TW,transit,1.0,purse_seiner,0.9999999770889317,0.0,0.0,0.0,0.0,0.0,0.0,0.0,1.0,0.0,0.002430555555555555,0.0,0.0,0.002430555555555555,Transit,Fishing - Purse Seiner
700053164,VESSEL_PHI_014,TW,transit,1.0,purse_seiner,0.9999999770889317,0.0,0.0,0.0,0.0,0.0,0.0,0.0,1.0,0.0,0.002430555555555555,0.0,0.0,0.002430555555555555,Transit,Fishing - Purse Seiner
700053164,VESSEL_PHI_014,TW,transit,1.0,purse_seiner,0.9999999770889317,0.0,0.0,0.0,0.0,0.0,0.0,0.0,1.0,0.0,0.002430555555555555,0.0,0.0,0.002430555555555555,Transit,Fishing - Purse Seiner
700053164,VESSEL_PHI_014,TW,transit,1.0,purse_seiner,0.9999999751163573,0.0,0.0,0.0,0.0,0.0,0.0,0.0,1.0,0.0,0.002430555555555555,0.0,0.0,0.002430555555555555,Transit,Fishing - Purse Seiner
700053164,VESSEL_PHI_014,TW,transit,1.0,purse_seiner,0.9999999751163573,0.0,0.0,0.0,0.0,0.0,0.0,0.0,1.0,0.0,0.002430555555555555,0.0,0.0,0.002430555555555555,Transit,Fishing - Purse Seiner
700053164,VESSEL_PHI_014,TW,transit,1.0,purse_seiner,0.9999999770889317,0.0,0.0,0.0,0.0,0.0,0.0,0.0,1.0,0.0,0.002430555555555555,0.0,0.0,0.002430555555555555,Transit,Fishing - Purse Seiner
700053164,VESSEL_PHI_014,TW,transit,0.9999890350877193,purse_seiner,0.9999999770889317,1.0964912280701754e-05,0.0,0.0,0.0,0.0,0.0,0.0,0.9999890350877193,0.0,0.002430555555555555,0.0,0.0,0.002430555555555555,Transit,Fishing - Purse Seiner
700053164,VESSEL_PHI_014,TW,transit,0.9999890350877193,purse_seiner,0.9999999751163573,1.0964912280701754e-05,0.0,0.0,0.0,0.0,0.0,0.0,0.9999890350877193,0.0,0.002430555555555555,0.0,0.0,0.002430555555555555,Transit,Fishing - Purse Seiner
700053164,VESSEL_PHI_014,TW,transit,1.0,purse_seiner,0.9999999756888401,0.0,0.0,0.0,0.0,0.0,0.0,0.0,1.0,0.0,0.002430555555555555,0.0,0.0,0.002430555555555555,Transit,Fishing - Purse Seiner
700053164,VESSEL_PHI_014,TW,transit,1.0,purse_seiner,0.9999999751163573,0.0,0.0,0.0,0.0,0.0,0.0,0.0,1.0,0.0,0.002430555555555555,0.0,0.0,0.002430555555555555,Transit,Fishing - Purse Seiner
700053164,VESSEL_PHI_014,TW,transit,1.0,purse_seiner,0.9999999751141462,0.0,0.0,0.0,0.0,0.0,0.0,0.0,1.0,0.0,0.002430555555555555,0.0,0.0,0.002430555555555555,Transit,Fishing - Purse Seiner
700053164,VESSEL_PHI_014,TW,transit,1.0,purse_seiner,0.9999999770889317,0.0,0.0,0.0,0.0,0.0,0.0,0.0,1.0,0.0,0.002430555555555555,0.0,0.0,0.002430555555555555,Transit,Fishing - Purse Seiner
700053164,VESSEL_PHI_014,TW,transit,1.0,purse_seiner,0.9999999770889317,0.0,0.0,0.0,0.0,0.0,0.0,0.0,1.0,0.0,0.002430555555555555,0.0,0.0,0.002430555555555555,Transit,Fishing - Purse Seiner
700053164,VESSEL_PHI_014,TW,transit,1.0,purse_seiner,0.9999999770889317,0.0,0.0,0.0,0.0,0.0,0.0,0.0,1.0,0.0,0.002430555555555555,0.0,0.0,0.002430555555555555,Transit,Fishing - Purse Seiner
700053164,VESSEL_PHI_014,TW,transit,0.9999890350877193,purse_seiner,0.9999999770889317,1.0964912280701754e-05,0.0,0.0,0.0,0.0,0.0,0.0,0.9999890350877193,0.0,0.002430555555555555,0.0,0.0,0.002430555555555555,Transit,Fishing - Purse Seiner
700053164,VESSEL_PHI_014,TW,transit,0.9999890350877193,purse_seiner,0.9999999770889317,1.0964912280701754e-05,0.0,0.0,0.0,0.0,0.0,0.0,0.9999890350877193,0.0,0.002430555555555555,0.0,0.0,0.002430555555555555,Transit,Fishing - Purse Seiner
700053164,VESSEL_PHI_014,TW,transit,1.0,purse_seiner,0.9999999751163573,0.0,0.0,0.0,0.0,0.0,0.0,0.0,1.0,0.0,0.002430555555555555,0.0,0.0,0.002430555555555555,Transit,Fishing - Purse Seiner
700053164,VESSEL_PHI_014,TW,transit,1.0,purse_seiner,0.9999999751163573,0.0,0.0,0.0,0.0,0.0,0.0,0.0,1.0,0.0,0.002430555555555555,0.0,0.0,0.002430555555555555,Transit,Fishing - Purse Seiner
700053164,VESSEL_PHI_014,TW,transit,1.0,purse_seiner,0.9999999770889317,0.0,0.0,0.0,0.0,0.0,0.0,0.0,1.0,0.0,0.002430555555555555,0.0,0.0,0.002430555555555555,Transit,Fishing - Purse Seiner
700053165,VESSEL_PHI_015,MH,transit,1.0,longliner,0.9999999733209051,0.0,0.0,0.0,0.0,0.0,0.0,0.0,1.0,0.0,0.002430555555555555,0.0,0.0,0.002430555555555555,Transit,Fishing - Longliner
700053165,VESSEL_PHI_015,MH,transit,0.9983333333333333,longliner,0.9999999733209051,0.0,0.0,0.0,0.0016666666666666668,0.0,0.0,0.0,0.9983333333333333,0.0,0.002430555555555555,0.0,0.0,0.002430555555555555,Transit,Fishing - Longliner
700053165,VESSEL_PHI_015,MH,transit,1.0,longliner,0.9999999733171494,0.0,0.0,0.0,0.0,0.0,0.0,0.0,1.0,0.0,0.002430555555555555,0.0,0.0,0.002430555555555555,Transit,Fishing - Longliner
700053165,VESSEL_PHI_015,MH,transit,0.9999890350877193,longliner,0.9999999499145252,1.0964912280701754e-05,0.0,0.0,0.0,0.0,0.0,0.0,0.9999890350877193,0.0,0.002430555555555555,0.0,0.0,0.002430555555555555,Transit,Fishing - Longliner
700053165,VESSEL_PHI_015,MH,transit,1.0,longliner,0.9999999733171494,0.0,0.0,0.0,0.0,0.0,0.0,0.0,1.0,0.0,0.002430555555555555,0.0,0.0,0.002430555555555555,Transit,Fishing - Longliner
700053165,VESSEL_PHI_015,MH,transit,0.9913333333333333,longliner,0.9999999562103729,0.0,0.0,0.0,0.006666666666666667,0.002,0.0,0.0,0.9913333333333333,0.0,0.002430555555555555,0.0,0.0,0.002430555555555555,Transit,Fishing - Longliner
700053165,VESSEL_PHI_015,MH,fishing,0.9462905686546463,longliner,0.9999999718321616,0.0,0.0,1.0787486515641855e-05,0.9462905686546463,0.006555555555555556,0.005032362459546926,0.0006666666666666668,0.029221836954846658,0.012222222222222221,0.002430555555555555,0.35,0.0,0.35,Fishing,Fishing - Longliner
700053165,VESSEL_PHI_015,MH,fishing,0.9915048543689321,longliner,0.9999999545016874,0.0,0.0,1.0787486515641855e-05,0.9915048543689321,0.008333333333333333,3.2362459546925564e-05,0.0,0.0001186623516720604,0.0,0.002430555555555555,0.35,0.0,0.35,Fishing,Fishing - Longliner
700053165,VESSEL_PHI_015,MH,fishing,1.0,longliner,0.9999999718909834,0.0,0.0,0.0,1.0,0.0,0.0,0.0,0.0,0.0,0.002430555555555555,0.35,0.0,0.35,Fishing,Fishing - Longliner
700053165,VESSEL_PHI_015,MH,fishing,1.0,longliner,0.9999999718909834,0.0,0.0,0.0,1.0,0.0,0.0,0.0,0.0,0.0,0.002430555555555555,0.35,0.0,0.35,Fishing,Fishing - Longliner
700053165,VESSEL_PHI_015,MH,fishing,1.0,longliner,0.9999999718909834,0.0,0.0,0.0,1.0,0.0,0.0,0.0,0.0,0.0,0.002430555555555555,0.35,0.0,0.35,Fishing,Fishing - Longliner
700053165,VESSEL_PHI_015,MH,fishing,0.9817222222222222,longliner,0.9999999718916047,0.0044444444444444444,0.0016666666666666668,0.0,0.9817222222222222,0.0008333333333333334,0.0,0.005,0.0,0.006333333333333333,0.002430555555555555,0.35,0.0,0.35,Fishing,Fishing - Longliner
700053165,VESSEL_PHI_015,MH,fishing,0.9641111111111109,longliner,0.9999999718931737,0.009333333333333332,0.0033333333333333335,0.01111111111111111,0.9641111111111109,0.003833333333333333,0.0,0.0,0.0,0.008277777777777778,0.002430555555555555,0.35,0.0,0.35,Fishing,Fishing - Longliner
700053165,VESSEL_PHI_015,MH,fishing,0.9853333333333334,longliner,0.9999999718916047,0.0,0.0,0.0,0.9853333333333334,0.0,0.0,0.0,0.0,0.014666666666666668,0.002430555555555555,0.35,0.0,0.35,Fishing,Fishing - Longliner
700053165,VESSEL_PHI_015,MH,fishing,0.9983333333333333,longliner,0.9999999718909834,0.0,0.0,0.0,0.9983333333333333,0.0,0.0,0.0,0.0,0.0016666666666666668,0.002430555555555555,0.35,0.0,0.35,Fishing,Fishing - Longliner
700053165,VESSEL_PHI_015,MH,fishing,0.9983333333333333,longliner,0.9999999718909834,0.0,0.0,0.0,0.9983333333333333,0.0016666666666666668,0.0,0.0,0.0,0.0,0.002430555555555555,0.35,0.0,0.35,Fishing,Fishing - Longliner
700053165,VESSEL_PHI_015,MH,fishing,0.9944444444444446,longliner,0.9999999718909834,0.0,0.0,0.0,0.9944444444444446,0.0016666666666666668,0.0,0.0,0.0022222222222222222,0.0016666666666666668,0.002430555555555555,0.35,0.0,0.35,Fishing,Fishing - Longliner
700053165,VESSEL_PHI_015,MH,fishing,1.0,longliner,0.9999999718909834,0.0,0.0,0.0,1.0,0.0,0.0,0.0,0.0,0.0,0.002430555555555555,0.35,0.0,0.35,Fishing,Fishing - Longliner
700053165,VESSEL_PHI_015,MH,fishing,0.9973333333333333,longliner,0.9999999718909834,0.002666666666666667,0.0,0.0,0.9973333333333333,0.0,0.0,0.0,0.0,0.0,0.002430555555555555,0.35,0.0,0.35,Fishing,Fishing - Longliner
700053165,VESSEL_PHI_015,MH,fishing,0.9977777777777779,longliner,0.9999999718909834,0.0,0.0,0.0,0.9977777777777779,0.0022222222222222222,0.0,0.0,0.0,0.0,0.002430555555555555,0.35,0.0,0.35,Fishing,Fishing - Longliner
700053165,VESSEL_PHI_015,MH,fishing,0.9936111111111112,longliner,0.9999999718909834,0.0,0.0,0.0,0.9936111111111112,0.006388888888888888,0.0,0.0,0.0,0.0,0.002430555555555555,0.35,0.0,0.35,Fishing,Fishing - Longliner
700053165,VESSEL_PHI_015,MH,fishing,0.9988888888888889,longliner,0.9999999718909834,0.0,0.0,0.0,0.9988888888888889,0.0011111111111111111,0.0,0.0,0.0,0.0,0.002430555555555555,0.35,0.0,0.35,Fishing,Fishing - Longliner
700053165,VESSEL_PHI_015,MH,fishing,0.9983333333333333,longliner,0.9999999718909834,0.0,0.0,0.0,0.9983333333333333,0.0,0.0,0.0,0.0,0.0016666666666666668,0.002430555555555555,0.35,0.0,0.35,Fishing,Fishing - Longliner
700053165,VESSEL_PHI_015,MH,fishing,0.9983333333333333,longliner,0.9999999718909834,0.0,0.0,0.0,0.9983333333333333,0.0016666666666666668,0.0,0.0,0.0,0.0,0.002430555555555555,0.35,0.0,0.35,Fishing,Fishing - Longliner
700053165,VESSEL_PHI_015,MH,fishing,0.9983333333333333,longliner,0.9999999718909834,0.0,0.0,0.0,0.9983333333333333,0.0016666666666666668,0.0,0.0,0.0,0.0,0.002430555555555555,0.35,0.0,0.35,Fishing,Fishing - Longliner
700053165,VESSEL_PHI_015,MH,fishing,0.9983333333333333,longliner,0.9999999718909834,0.0,0.0,0.0,0.9983333333333333,0.0016666666666666668,0.0,0.0,0.0,0.0,0.002430555555555555,0.35,0.0,0.35,Fishing,Fishing - Longliner
700053165,VESSEL_PHI_015,MH,fishing,0.9958333333333333,longliner,0.9999999718909834,0.0,0.0,0.0,0.9958333333333333,0.004166666666666667,0.0,0.0,0.0,0.0,0.002430555555555555,0.35,0.0,0.35,Fishing,Fishing - Longliner
700053165,VESSEL_PHI_015,MH,fishing,0.9875,longliner,0.9999999718909834,0.0,0.0,0.0,0.9875,0.004166666666666667,0.0,0.0,0.0,0.008333333333333333,0.002430555555555555,0.35,0.0,0.35,Fishing,Fishing - Longliner
700053165,VESSEL_PHI_015,MH,fishing,0.9873611111111112,longliner,0.9999999764427164,0.0,0.00125,0.0,0.9873611111111112,0.0,0.0,0.0,0.0025,0.008888888888888889,0.002430555555555555,0.35,0.0,0.35,Fishing,Fishing - Longliner
700053165,VESSEL_PHI_015,MH,transit,0.9257218369548467,longliner,0.9999999718321163,0.0025,0.005,0.0016774541531823083,0.03856834643242411,0.013888888888888886,3.2362459546925564e-05,0.007777777777777777,0.9257218369548467,0.004833333333333334,0.002430555555555555,0.0,0.0,0.002430555555555555,Transit,Fishing - Longliner
700053165,VESSEL_PHI_015,MH,transit,0.9930228758169936,longliner,0.999999958051238,0.0011437908496732027,0.0,0.0,0.0,0.0,0.005833333333333334,0.0,0.9930228758169936,0.0,0.002430555555555555,0.0,0.0,0.002430555555555555,Transit,Fishing - Longliner
700053165,VESSEL_PHI_015,MH,transit,1.0,longliner,0.9999999733171494,0.0,0.0,0.0,0.0,0.0,0.0,0.0,1.0,0.0,0.002430555555555555,0.0,0.0,0.002430555555555555,Transit,Fishing - Longliner
700053165,VESSEL_PHI_015,MH,transit,0.9999890350877193,longliner,0.9999999733175586,1.0964912280701754e-05,0.0,0.0,0.0,0.0,0.0,0.0,0.9999890350877193,0.0,0.002430555555555555,0.0,0.0,0.002430555555555555,Transit,Fishing - Longliner
700053165,VESSEL_PHI_015,MH,transit,1.0,longliner,0.9999999733172971,0.0,0.0,0.0,0.0,0.0,0.0,0.0,1.0,0.0,0.002430555555555555,0.0,0.0,0.002430555555555555,Transit,Fishing - Longliner
700053165,VESSEL_PHI_015,MH,transit,1.0,longliner,0.9999999733209051,0.0,0.0,0.0,0.0,0.0,0.0,0.0,1.0,0.0,0.002430555555555555,0.0,0.0,0.002430555555555555,Transit,Fishing - Longliner
700053165,VESSEL_PHI_015,MH,transit,1.0,longliner,0.9999999580483636,0.0,0.0,0.0,0.0,0.0,0.0,0.0,1.0,0.0,0.002430555555555555,0.0,0.0,0.002430555555555555,Transit,Fishing - Longliner
700053165,VESSEL_PHI_015,MH,fishing,0.9141159654800431,longliner,0.9999999718321163,0.0,0.0,1.0787486515641855e-05,0.9141159654800431,0.0005555555555555556,0.003365695792880259,0.0011111111111111111,0.07334088457389429,0.0075,0.002430555555555555,0.39196093100061713,0.0,0.39196093100061713,Fishing,Fishing - Longliner
700053165,VESSEL_PHI_015,MH,fishing,0.9998381877022655,longliner,0.9999999562142975,0.0,0.0,1.0787486515641855e-05,0.9998381877022655,0.0,3.2362459546925564e-05,0.0,0.0001186623516720604,0.0,0.002430555555555555,0.3945985014611304,0.0,0.3945985014611304,Fishing,Fishing - Longliner
700053165,VESSEL_PHI_015,MH,fishing,0.9933333333333333,longliner,0.9999999713615925,0.0,0.0,0.0033333333333333335,0.9933333333333333,0.0025,0.0,0.0,0.0,0.0008333333333333334,0.002430555555555555,0.39319035854788265,0.0,0.39319035854788265,Fishing,Fishing - Longliner
700053165,VESSEL_PHI_015,MH,fishing,0.9979999999999999,longliner,0.9999999718909834,0.0,0.0,0.0,0.9979999999999999,0.002,0.0,0.0,0.0,0.0,0.002430555555555555,0.3925083672455012,0.0,0.3925083672455012,Fishing,Fishing - Longliner
700053165,VESSEL_PHI_015,MH,fishing,0.9669444444444444,longliner,0.9999999718916047,0.006111111111111111,0.005,0.00861111111111111,0.9669444444444444,0.0033333333333333335,0.0,0.007222222222222222,0.0,0.0027777777777777775,0.002430555555555555,0.39212624179212496,0.0,0.39212624179212496,Fishing,Fishing - Longliner
700053165,VESSEL_PHI_015,MH,fishing,0.9756111111111113,longliner,0.9999999718919487,0.007777777777777777,0.0,0.0,0.9756111111111113,0.009166666666666667,0.0,0.0,0.0,0.0074444444444444445,0.002430555555555555,0.3916000055331501,0.0,0.3916000055331501,Fishing,Fishing - Longliner
700053165,VESSEL_PHI_015,MH,fishing,0.995,longliner,0.9999999718909834,0.0,0.0,0.0,0.995,0.0,0.0,0.0,0.0,0.005,0.002430555555555555,0.39118913091084884,0.0,0.39118913091084884,Fishing,Fishing - Longliner
700053165,VESSEL_PHI_015,MH,fishing,0.9977777777777779,longliner,0.9999999713654769,0.0,0.0,0.0,0.9977777777777779,0.0022222222222222222,0.0,0.0,0.0,0.0,0.002430555555555555,0.3921158309441234,0.0,0.3921158309441234,Fishing,Fishing - Longliner
700053165,VESSEL_PHI_015,MH,fishing,0.9991111111111112,longliner,0.9999999718909834,0.0,0.0,0.0,0.9991111111111112,0.0008888888888888888,0.0,0.0,0.0,0.0,0.002430555555555555,0.39347298161145233,0.0,0.39347298161145233,Fishing,Fishing - Longliner
700053165,VESSEL_PHI_015,MH,fishing,0.9455555555555555,longliner,0.9999999718779483,0.006,0.009444444444444443,0.0,0.9455555555555555,0.006666666666666667,0.0,0.021111111111111112,0.007222222222222222,0.004,0.002430555555555555,0.3940664933107846,0.0,0.3940664933107846,Fishing,Fishing - Longliner
700053165,VESSEL_PHI_015,MH,fishing,1.0,longliner,0.9999999718909834,0.0,0.0,0.0,1.0,0.0,0.0,0.0,0.0,0.0,0.002430555555555555,0.3950648139880758,0.0,0.3950648139880758,Fishing,Fishing - Longliner
700053165,VESSEL_PHI_015,MH,fishing,1.0,longliner,0.9999999718909834,0.0,0.0,0.0,1.0,0.0,0.0,0.0,0.0,0.0,0.002430555555555555,0.3964985982329082,0.0,0.3964985982329082,Fishing,Fishing - Longliner
700053165,VESSEL_PHI_015,MH,fishing,0.9883333333333333,longliner,0.9999999718909834,0.0,0.0016666666666666668,0.005555555555555555,0.9883333333333333,0.0,0.0,0.0016666666666666668,0.0,0.0027777777777777775,0.002430555555555555,0.39742811088852337,0.0,0.39742811088852337,Fishing,Fishing - Longliner
700053165,VESSEL_PHI_015,MH,fishing,0.9983333333333333,longliner,0.9999999718909834,0.0016666666666666668,0.0,0.0,0.9983333333333333,0.0,0.0,0.0,0.0,0.0,0.002430555555555555,0.3978371392674193,0.0,0.3978371392674193,Fishing,Fishing - Longliner
700053165,VESSEL_PHI_015,MH,fishing,1.0,longliner,0.9999999718909834,0.0,0.0,0.0,1.0,0.0,0.0,0.0,0.0,0.0,0.002430555555555555,0.39754914843967903,0.0,0.39754914843967903,Fishing,Fishing - Longliner
700053165,VESSEL_PHI_015,MH,fishing,0.9991111111111112,longliner,0.9999999718909834,0.0,0.0,0.0,0.9991111111111112,0.0008888888888888888,0.0,0.0,0.0,0.0,0.002430555555555555,0.3962938762969163,0.0,0.3962938762969163,Fishing,Fishing - Longliner
700053165,VESSEL_PHI_015,MH,fishing,0.9966666666666667,longliner,0.9999999718909834,0.0,0.0,0.0,0.9966666666666667,0.0033333333333333335,0.0,0.0,0.0,0.0,0.002430555555555555,0.39499753929621134,0.0,0.39499753929621134,Fishing,Fishing - Longliner
700053165,VESSEL_PHI_015,MH,fishing,1.0,longliner,0.9999999718909834,0.0,0.0,0.0,1.0,0.0,0.0,0.0,0.0,0.0,0.002430555555555555,0.3938385478793361,0.0,0.3938385478793361,Fishing,Fishing - Longliner
700053165,VESSEL_PHI_015,MH,fishing,1.0,longliner,0.9999999718909834,0.0,0.0,0.0,1.0,0.0,0.0,0.0,0.0,0.0,0.002430555555555555,0.3927487997539289,0.0,0.3927487997539289,Fishing,Fishing - Longliner
700053165,VESSEL_PHI_015,MH,fishing,0.9902777777777779,longliner,0.9999999718909834,0.0,0.0,0.0,0.9902777777777779,0.0,0.0,0.0,0.0,0.009722222222222222,0.002430555555555555,0.3919348465081043,0.0,0.3919348465081043,Fishing,Fishing - Longliner
700053165,VESSEL_PHI_015,MH,transit,0.7913091385421481,longliner,0.9999999718321163,0.0022222222222222222,0.009166666666666667,0.009455231930960087,0.13066358452766222,0.016873015873015873,0.015587918015102483,0.0,0.7913091385421481,0.024722222222222222,0.002430555555555555,0.0,0.0,0.002430555555555555,Transit,Fishing - Longliner
700053165,VESSEL_PHI_015,MH,transit,1.0,longliner,0.9999999580521473,0.0,0.0,0.0,0.0,0.0,0.0,0.0,1.0,0.0,0.002430555555555555,0.0,0.0,0.002430555555555555,Transit,Fishing - Longliner
700053165,VESSEL_PHI_015,MH,transit,1.0,longliner,0.9999999499142637,0.0,0.0,0.0,0.0,0.0,0.0,0.0,1.0,0.0,0.002430555555555555,0.0,0.0,0.002430555555555555,Transit,Fishing - Longliner
700053165,VESSEL_PHI_015,MH,transit,1.0,longliner,0.9999999733204963,0.0,0.0,0.0,0.0,0.0,0.0,0.0,1.0,0.0,0.002430555555555555,0.0,0.0,0.002430555555555555,Transit,Fishing - Longliner
700053165,VESSEL_PHI_015,MH,transit,0.9991666666666666,longliner,0.9999999733209051,0.0,0.0,0.0,0.0,0.0,0.0008333333333333334,0.0,0.9991666666666666,0.0,0.002430555555555555,0.0,0.0,0.002430555555555555,Transit,Fishing - Longliner
700053165,VESSEL_PHI_015,MH,transit,0.9999890350877193,longliner,0.9999999499145252,1.0964912280701754e-05,0.0,0.0,0.0,0.0,0.0,0.0,0.9999890350877193,0.0,0.002430555555555555,0.0,0.0,0.002430555555555555,Transit,Fishing - Longliner
700053165,VESSEL_PHI_015,MH,transit,1.0,longliner,0.9999999499142637,0.0,0.0,0.0,0.0,0.0,0.0,0.0,1.0,0.0,0.002430555555555555,0.0,0.0,0.002430555555555555,Transit,Fishing - Longliner
700053165,VESSEL_PHI_015,MH,transit,1.0,longliner,0.9999999733209051,0.0,0.0,0.0,0.0,0.0,0.0,0.0,1.0,0.0,0.002430555555555555,0.0,0.0,0.002430555555555555,Transit,Fishing - Longliner
700053165,VESSEL_PHI_015,MH,transit,1.0,longliner,0.9999999733209051,0.0,0.0,0.0,0.0,0.0,0.0,0.0,1.0,0.0,0.002430555555555555,0.0,0.0,0.002430555555555555,Transit,Fishing - Longliner
700053165,VESSEL_PHI_015,MH,transit,1.0,longliner,0.9999999733168878,0.0,0.0,0.0,0.0,0.0,0.0,0.0,1.0,0.0,0.002430555555555555,0.0,0.0,0.002430555555555555,Transit,Fishing - Longliner
700053165,VESSEL_PHI_015,MH,transit,1.0,longliner,0.9999999733204963,0.0,0.0,0.0,0.0,0.0,0.0,0.0,1.0,0.0,0.002430555555555555,0.0,0.0,0.002430555555555555,Transit,Fishing - Longliner
700053165,VESSEL_PHI_015,MH,transit,1.0,longliner,0.9999999733175586,0.0,0.0,0.0,0.0,0.0,0.0,0.0,1.0,0.0,0.002430555555555555,0.0,0.0,0.002430555555555555,Transit,Fishing - Longliner
700053165,VESSEL_PHI_015,MH,transit,0.9999890350877193,longliner,0.9999999733175586,1.0964912280701754e-05,0.0,0.0,0.0,0.0,0.0,0.0,0.9999890350877193,0.0,0.002430555555555555,0.0,0.0,0.002430555555555555,Transit,Fishing - Longliner
700053165,VESSEL_PHI_015,MH,transit,1.0,longliner,0.9999999733175586,0.0,0.0,0.0,0.0,0.0,0.0,0.0,1.0,0.0,0.002430555555555555,0.0,0.0,0.002430555555555555,Transit,Fishing - Longliner
700053165,VESSEL_PHI_015,MH,transit,1.0,longliner,0.9999999720218858,0.0,0.0,0.0,0.0,0.0,0.0,0.0,1.0,0.0,0.002430555555555555,0.0,0.0,0.002430555555555555,Transit,Fishing - Longliner
700053165,VESSEL_PHI_015,MH,transit,0.9983333333333333,longliner,0.9999999720214766,0.0,0.0,0.0,0.0,0.0,0.0,0.0016666666666666668,0.9983333333333333,0.0,0.002430555555555555,0.0,0.0,0.002430555555555555,Transit,Fishing - Longliner
700053165,VESSEL_PHI_015,MH,transit,1.0,longliner,0.9999999499142637,0.0,0.0,0.0,0.0,0.0,0.0,0.0,1.0,0.0,0.002430555555555555,0.0,0.0,0.002430555555555555,Transit,Fishing - Longliner
700053165,VESSEL_PHI_015,MH,transit,1.0,longliner,0.9999999733171494,0.0,0.0,0.0,0.0,0.0,0.0,0.0,1.0,0.0,0.002430555555555555,0.0,0.0,0.002430555555555555,Transit,Fishing - Longliner
700053165,VESSEL_PHI_015,MH,transit,1.0,longliner,0.9999999733175586,0.0,0.0,0.0,0.0,0.0,0.0,0.0,1.0,0.0,0.002430555555555555,0.0,0.0,0.002430555555555555,Transit,Fishing - Longliner
700053165,VESSEL_PHI_015,MH,transit,1.0,longliner,0.9999999733172971,0.0,0.0,0.0,0.0,0.0,0.0,0.0,1.0,0.0,0.002430555555555555,0.0,0.0,0.002430555555555555,Transit,Fishing - Longliner
700053165,VESSEL_PHI_015,MH,transit,0.9999890350877193,longliner,0.9999999733175586,1.0964912280701754e-05,0.0,0.0,0.0,0.0,0.0,0.0,0.9999890350877193,0.0,0.002430555555555555,0.0,0.0,0.002430555555555555,Transit,Fishing - Longliner
700053165,VESSEL_PHI_015,MH,transit,1.0,longliner,0.9999999733171494,0.0,0.0,0.0,0.0,0.0,0.0,0.0,1.0,0.0,0.002430555555555555,0.0,0.0,0.002430555555555555,Transit,Fishing - Longliner
700053165,VESSEL_PHI_015,MH,transit,1.0,longliner,0.9999999733209051,0.0,0.0,0.0,0.0,0.0,0.0,0.0,1.0,0.0,0.002430555555555555,0.0,0.0,0.002430555555555555,Transit,Fishing - Longliner
700053165,VESSEL_PHI_015,MH,transit,1.0,longliner,0.9999999733209051,0.0,0.0,0.0,0.0,0.0,0.0,0.0,1.0,0.0,0.002430555555555555,0.0,0.0,0.002430555555555555,Transit,Fishing - Longliner
700053165,VESSEL_PHI_015,MH,transit,1.0,longliner,0.9999999733175586,0.0,0.0,0.0,0.0,0.0,0.0,0.0,1.0,0.0,0.002430555555555555,0.0,0.0,0.002430555555555555,Transit,Fishing - Longliner
700053165,VESSEL_PHI_015,MH,transit,1.0,longliner,0.9999999733204963,0.0,0.0,0.0,0.0,0.0,0.0,0.0,1.0,0.0,0.002430555555555555,0.0,0.0,0.002430555555555555,Transit,Fishing - Longliner
700053165,VESSEL_PHI_015,MH,transit,1.0,longliner,0.9999999733204963,0.0,0.0,0.0,0.0,0.0,0.0,0.0,1.0,0.0,0.002430555555555555,0.0,0.0,0.002430555555555555,Transit,Fishing - Longliner
700053165,VESSEL_PHI_015,MH,transit,1.0,longliner,0.9999999733209051,0.0,0.0,0.0,0.0,0.0,0.0,0.0,1.0,0.0,0.002430555555555555,0.0,0.0,0.002430555555555555,Transit,Fishing - Longliner
700053165,VESSEL_PHI_015,MH,transit,0.9999890350877193,longliner,0.9999999720218858,1.0964912280701754e-05,0.0,0.0,0.0,0.0,0.0,0.0,0.9999890350877193,0.0,0.002430555555555555,0.0,0.0,0.002430555555555555,Transit,Fishing - Longliner
700053166,VESSEL_PHI_016,ID,transit,0.999967320261438,trawler,0.999999983170886,3.26797385620915e-05,0.0,0.0,0.0,0.0,0.0,0.0,0.999967320261438,0.0,0.002430555555555555,0.0,0.0,0.002430555555555555,Transit,Fishing - Trawler
700053166,VESSEL_PHI_016,ID,transit,1.0,trawler,0.9999999831704177,0.0,0.0,0.0,0.0,0.0,0.0,0.0,1.0,0.0,0.002430555555555555,0.0,0.0,0.002430555555555555,Transit,Fishing - Trawler
700053166,VESSEL_PHI_016,ID,transit,1.0,trawler,0.9999999776956083,0.0,0.0,0.0,0.0,0.0,0.0,0.0,1.0,0.0,0.002430555555555555,0.0,0.0,0.002430555555555555,Transit,Fishing - Trawler
700053166,VESSEL_PHI_016,ID,transit,1.0,trawler,0.9999999776960107,0.0,0.0,0.0,0.0,0.0,0.0,0.0,1.0,0.0,0.002430555555555555,0.0,0.0,0.002430555555555555,Transit,Fishing - Trawler
700053166,VESSEL_PHI_016,ID,transit,0.8019444444444445,trawler,0.9999999807464154,0.0,0.0,0.0,0.06666666666666667,0.009222222222222222,0.11533333333333334,0.0,0.8019444444444445,0.006833333333333333,0.002430555555555555,0.0,0.0,0.002430555555555555,Transit,Fishing - Trawler
700053166,VESSEL_PHI_016,ID,fishing,0.9566031746031746,trawler,0.9999999809064134,0.0,0.0,0.0,0.9566031746031746,0.0011111111111111111,0.0016666666666666668,0.0,0.038952380952380954,0.0016666666666666668,0.002430555555555555,0.5096014383874422,0.0,0.5096014383874422,Fishing,Fishing - Trawler
700053166,VESSEL_PHI_016,ID,fishing,0.998504854368932,trawler,0.999999980918176,0.0,0.0,1.0787486515641855e-05,0.998504854368932,0.0,3.2362459546925564e-05,0.0,0.0001186623516720604,0.0013333333333333335,0.002430555555555555,0.5142520679037831,0.0,0.5142520679037831,Fishing,Fishing - Trawler
700053166,VESSEL_PHI_016,ID,fishing,0.9965048543689321,trawler,0.999999980918176,0.0,0.0,1.0787486515641855e-05,0.9965048543689321,0.0,0.0008656957928802589,0.0,0.0026186623516720603,0.0,0.002430555555555555,0.5176387063234608,0.0,0.5176387063234608,Fishing,Fishing - Trawler
700053166,VESSEL_PHI_016,ID,fishing,0.9951715210355987,trawler,0.999999980918176,0.0,0.0,1.0787486515641855e-05,0.9951715210355987,0.0,0.0008656957928802589,0.0,0.0026186623516720603,0.0013333333333333335,0.002430555555555555,0.5205798165084061,0.0,0.5205798165084061,Fishing,Fishing - Trawler
700053166,VESSEL_PHI_016,ID,fishing,0.9965048543689321,trawler,0.999999980918176,0.0,0.0,1.0787486515641855e-05,0.9965048543689321,0.0,0.0008656957928802589,0.0,0.0026186623516720603,0.0,0.002430555555555555,0.523427619325618,0.0,0.523427619325618,Fishing,Fishing - Trawler
700053166,VESSEL_PHI_016,ID,fishing,0.9965048543689321,trawler,0.999999980918176,0.0,0.0,1.0787486515641855e-05,0.9965048543689321,0.0,0.0008656957928802589,0.0,0.0026186623516720603,0.0,0.002430555555555555,0.5254211921464659,0.0,0.5254211921464659,Fishing,Fishing - Trawler
700053166,VESSEL_PHI_016,ID,fishing,0.9948381877022655,trawler,0.999999980918176,0.0,0.0,1.0787486515641855e-05,0.9948381877022655,0.0,0.0008656957928802589,0.0,0.004285329018338727,0.0,0.002430555555555555,0.524860393619593,0.0,0.524860393619593,Fishing,Fishing - Trawler
700053166,VESSEL_PHI_016,ID,fishing,0.9965048543689321,trawler,0.999999980918176,0.0,0.0,1.0787486515641855e-05,0.9965048543689321,0.0,0.0008656957928802589,0.0,0.0026186623516720603,0.0,0.002430555555555555,0.5219622754890272,0.0,0.5219622754890272,Fishing,Fishing - Trawler
700053166,VESSEL_PHI_016,ID,fishing,0.9903937432578211,trawler,0.9999999793749301,0.0,0.0,1.0787486515641855e-05,0.9903937432578211,0.0025,0.0008656957928802589,0.0,0.0037297734627831716,0.0025,0.002430555555555555,0.5188533918462084,0.0,0.5188533918462084,Fishing,Fishing - Trawler
700053166,VESSEL_PHI_016,ID,fishing,0.9953937432578212,trawler,0.9999999805215848,0.0,0.0,1.0787486515641855e-05,0.9953937432578212,0.0,0.0008656957928802589,0.0,0.0037297734627831716,0.0,0.002430555555555555,0.5157165117243234,0.0,0.5157165117243234,Fishing,Fishing - Trawler
700053166,VESSEL_PHI_016,ID,fishing,0.9987270765911545,trawler,0.999999980918176,0.0,0.0,1.0787486515641855e-05,0.9987270765911545,0.0,3.2362459546925564e-05,0.0,0.0012297734627831716,0.0,0.002430555555555555,0.5125191624905184,0.0,0.5125191624905184,Fishing,Fishing - Trawler
700053166,VESSEL_PHI_016,ID,fishing,0.9987270765911545,trawler,0.999999980918176,0.0,0.0,1.0787486515641855e-05,0.9987270765911545,0.0,3.2362459546925564e-05,0.0,0.0012297734627831716,0.0,0.002430555555555555,0.5120846802241872,0.0,0.5120846802241872,Fishing,Fishing - Trawler
700053166,VESSEL_PHI_016,ID,fishing,0.9948381877022655,trawler,0.999999980918176,0.0,0.0,1.0787486515641855e-05,0.9948381877022655,0.0,0.0008656957928802589,0.0,0.004285329018338727,0.0,0.002430555555555555,0.5146056113346918,0.0,0.5146056113346918,Fishing,Fishing - Trawler
700053166,VESSEL_PHI_016,ID,fishing,0.9965048543689321,trawler,0.999999980918176,0.0,0.0,1.0787486515641855e-05,0.9965048543689321,0.0,0.0008656957928802589,0.0,0.0026186623516720603,0.0,0.002430555555555555,0.5162944221286625,0.0,0.5162944221286625,Fishing,Fishing - Trawler
700053166,VESSEL_PHI_016,ID,fishing,0.9931715210355988,trawler,0.9999999791220475,0.0,0.0,1.0787486515641855e-05,0.9931715210355988,0.0033333333333333335,0.0008656957928802589,0.0,0.0026186623516720603,0.0,0.002430555555555555,0.517578473656002,0.0,0.517578473656002,Fishing,Fishing - Trawler
700053166,VESSEL_PHI_016,ID,fishing,0.9965048543689321,trawler,0.9999999793749301,0.0,0.0,1.0787486515641855e-05,0.9965048543689321,0.0,0.0008656957928802589,0.0,0.0026186623516720603,0.0,0.002430555555555555,0.5188260498649678,0.0,0.5188260498649678,Fishing,Fishing - Trawler
700053166,VESSEL_PHI_016,ID,fishing,0.9965048543689321,trawler,0.9999999793749004,0.0,0.0,1.0787486515641855e-05,0.9965048543689321,0.0,0.0008656957928802589,0.0,0.0026186623516720603,0.0,0.002430555555555555,0.5176974882136045,0.0,0.5176974882136045,Fishing,Fishing - Trawler
700053166,VESSEL_PHI_016,ID,fishing,0.9965048543689321,trawler,0.9999999797392491,0.0,0.0,1.0787486515641855e-05,0.9965048543689321,0.0,0.0008656957928802589,0.0,0.0026186623516720603,0.0,0.002430555555555555,0.5150068396951634,0.0,0.5150068396951634,Fishing,Fishing - Trawler
700053166,VESSEL_PHI_016,ID,fishing,0.9998381877022655,trawler,0.9999999793749301,0.0,0.0,1.0787486515641855e-05,0.9998381877022655,0.0,3.2362459546925564e-05,0.0,0.0001186623516720604,0.0,0.002430555555555555,0.5123227133969656,0.0,0.5123227133969656,Fishing,Fishing - Trawler
700053166,VESSEL_PHI_016,ID,fishing,0.9998381877022655,trawler,0.9999999793749004,0.0,0.0,1.0787486515641855e-05,0.9998381877022655,0.0,3.2362459546925564e-05,0.0,0.0001186623516720604,0.0,0.002430555555555555,0.5097729791534057,0.0,0.5097729791534057,Fishing,Fishing - Trawler
700053166,VESSEL_PHI_016,ID,fishing,0.9981715210355988,trawler,0.9999999797392491,0.0,0.0,1.0787486515641855e-05,0.9981715210355988,0.0016666666666666668,3.2362459546925564e-05,0.0,0.0001186623516720604,0.0,0.002430555555555555,0.508312541542217,0.0,0.508312541542217,Fishing,Fishing - Trawler
700053166,VESSEL_PHI_016,ID,fishing,0.9601715210355987,trawler,0.9999999809015049,0.0027777777777777775,0.009999999999999998,0.004677454153182309,0.9601715210355987,0.0,3.2362459546925564e-05,0.0011111111111111111,0.02122977346278317,0.0,0.002430555555555555,0.5069582402164908,0.0,0.5069582402164908,Fishing,Fishing - Trawler
700053166,VESSEL_PHI_016,ID,transit,0.9687777777777777,trawler,0.9999999814662924,0.0031666666666666666,0.0,0.0,0.007222222222222222,0.0016666666666666668,0.0,0.019166666666666665,0.9687777777777777,0.0,0.002430555555555555,0.0,0.0,0.002430555555555555,Transit,Fishing - Trawler
700053166,VESSEL_PHI_016,ID,transit,0.9974563553491572,trawler,0.9999999831528089,4.364465084279326e-05,0.0,0.0,0.0,0.0,0.0025,0.0,0.9974563553491572,0.0,0.002430555555555555,0.0,0.0,0.002430555555555555,Transit,Fishing - Trawler
700053166,VESSEL_PHI_016,ID,transit,0.9999890350877193,trawler,0.9999999831704177,1.0964912280701754e-05,0.0,0.0,0.0,0.0,0.0,0.0,0.9999890350877193,0.0,0.002430555555555555,0.0,0.0,0.002430555555555555,Transit,Fishing - Trawler
700053166,VESSEL_PHI_016,ID,transit,0.8686190476190476,trawler,0.9999999807465417,0.0,0.0,0.0,0.09015873015873017,0.009444444444444443,0.02788888888888889,0.0,0.8686190476190476,0.0038888888888888883,0.002430555555555555,0.0,0.0,0.002430555555555555,Transit,Fishing - Trawler
700053166,VESSEL_PHI_016,ID,fishing,0.9611239019879796,trawler,0.9999999809064134,0.0,0.0,1.0787486515641855e-05,0.9611239019879796,0.0,3.2362459546925564e-05,0.0,0.03605517028817999,0.0027777777777777775,0.002430555555555555,0.48371977686064316,0.0,0.48371977686064316,Fishing,Fishing - Trawler
700053166,VESSEL_PHI_016,ID,fishing,0.9998381877022655,trawler,0.999999980918176,0.0,0.0,1.0787486515641855e-05,0.9998381877022655,0.0,3.2362459546925564e-05,0.0,0.0001186623516720604,0.0,0.002430555555555555,0.480322288741991,0.0,0.480322288741991,Fishing,Fishing - Trawler
700053166,VESSEL_PHI_016,ID,fishing,0.9998381877022655,trawler,0.999999980918176,0.0,0.0,1.0787486515641855e-05,0.9998381877022655,0.0,3.2362459546925564e-05,0.0,0.0001186623516720604,0.0,0.002430555555555555,0.4775085419729627,0.0,0.4775085419729627,Fishing,Fishing - Trawler
700053166,VESSEL_PHI_016,ID,fishing,0.9998381877022655,trawler,0.999999980918176,0.0,0.0,1.0787486515641855e-05,0.9998381877022655,0.0,3.2362459546925564e-05,0.0,0.0001186623516720604,0.0,0.002430555555555555,0.4760249057143957,0.0,0.4760249057143957,Fishing,Fishing - Trawler
700053166,VESSEL_PHI_016,ID,fishing,0.9998381877022655,trawler,0.999999980918176,0.0,0.0,1.0787486515641855e-05,0.9998381877022655,0.0,3.2362459546925564e-05,0.0,0.0001186623516720604,0.0,0.002430555555555555,0.47705613160721744,0.0,0.47705613160721744,Fishing,Fishing - Trawler
700053166,VESSEL_PHI_016,ID,fishing,0.9998381877022655,trawler,0.999999980918176,0.0,0.0,1.0787486515641855e-05,0.9998381877022655,0.0,3.2362459546925564e-05,0.0,0.0001186623516720604,0.0,0.002430555555555555,0.4797638189420763,0.0,0.4797638189420763,Fishing,Fishing - Trawler
700053166,VESSEL_PHI_016,ID,fishing,0.9998381877022655,trawler,0.999999980918176,0.0,0.0,1.0787486515641855e-05,0.9998381877022655,0.0,3.2362459546925564e-05,0.0,0.0001186623516720604,0.0,0.002430555555555555,0.48041673725768874,0.0,0.48041673725768874,Fishing,Fishing - Trawler
700053166,VESSEL_PHI_016,ID,fishing,0.9998381877022655,trawler,0.9999999793749301,0.0,0.0,1.0787486515641855e-05,0.9998381877022655,0.0,3.2362459546925564e-05,0.0,0.0001186623516720604,0.0,0.002430555555555555,0.47840544412558406,0.0,0.47840544412558406,Fishing,Fishing - Trawler
700053166,VESSEL_PHI_016,ID,fishing,0.9981715210355988,trawler,0.9999999793749301,0.0,0.0,1.0787486515641855e-05,0.9981715210355988,0.0,3.2362459546925564e-05,0.0,0.0001186623516720604,0.0016666666666666668,0.002430555555555555,0.4757356176967077,0.0,0.4757356176967077,Fishing,Fishing - Trawler
700053166,VESSEL_PHI_016,ID,fishing,0.9998381877022655,trawler,0.999999980918176,0.0,0.0,1.0787486515641855e-05,0.9998381877022655,0.0,3.2362459546925564e-05,0.0,0.0001186623516720604,0.0,0.002430555555555555,0.4730089891547211,0.0,0.4730089891547211,Fishing,Fishing - Trawler
700053166,VESSEL_PHI_016,ID,fishing,0.9998381877022655,trawler,0.999999980918176,0.0,0.0,1.0787486515641855e-05,0.9998381877022655,0.0,3.2362459546925564e-05,0.0,0.0001186623516720604,0.0,0.002430555555555555,0.47037062449281364,0.0,0.47037062449281364,Fishing,Fishing - Trawler
700053166,VESSEL_PHI_016,ID,fishing,0.7181794575435354,trawler,0.9999999809064134,0.0,0.0019444444444444442,0.006677454153182308,0.7181794575435354,0.03805555555555555,0.008254584681769149,0.0,0.2106662813992911,0.016222222222222225,0.002430555555555555,0.4684072942763394,0.0,0.4684072942763394,Fishing,Fishing - Trawler
700053166,VESSEL_PHI_016,ID,transit,0.9697005772005771,trawler,0.9999999810484707,0.0033333333333333335,0.0011111111111111111,0.0,0.005753968253968254,0.0,0.006212121212121212,0.013888888888888886,0.9697005772005771,0.0,0.002430555555555555,0.0,0.0,0.002430555555555555,Transit,Fishing - Trawler
700053166,VESSEL_PHI_016,ID,transit,1.0,trawler,0.999999983170213,0.0,0.0,0.0,0.0,0.0,0.0,0.0,1.0,0.0,0.002430555555555555,0.0,0.0,0.002430555555555555,Transit,Fishing - Trawler
700053166,VESSEL_PHI_016,ID,transit,1.0,trawler,0.999999983170213,0.0,0.0,0.0,0.0,0.0,0.0,0.0,1.0,0.0,0.002430555555555555,0.0,0.0,0.002430555555555555,Transit,Fishing - Trawler
700053166,VESSEL_PHI_016,ID,transit,1.0,trawler,0.999999983170886,0.0,0.0,0.0,0.0,0.0,0.0,0.0,1.0,0.0,0.002430555555555555,0.0,0.0,0.002430555555555555,Transit,Fishing - Trawler
700053166,VESSEL_PHI_016,ID,transit,1.0,trawler,0.999999983170886,0.0,0.0,0.0,0.0,0.0,0.0,0.0,1.0,0.0,0.002430555555555555,0.0,0.0,0.002430555555555555,Transit,Fishing - Trawler
700053166,VESSEL_PHI_016,ID,transit,1.0,trawler,0.9999999761746458,0.0,0.0,0.0,0.0,0.0,0.0,0.0,1.0,0.0,0.002430555555555555,0.0,0.0,0.002430555555555555,Transit,Fishing - Trawler
700053166,VESSEL_PHI_016,ID,transit,1.0,trawler,0.9999999761744364,0.0,0.0,0.0,0.0,0.0,0.0,0.0,1.0,0.0,0.002430555555555555,0.0,0.0,0.002430555555555555,Transit,Fishing - Trawler
700053166,VESSEL_PHI_016,ID,transit,1.0,trawler,0.9999999761744364,0.0,0.0,0.0,0.0,0.0,0.0,0.0,1.0,0.0,0.002430555555555555,0.0,0.0,0.002430555555555555,Transit,Fishing - Trawler
700053166,VESSEL_PHI_016,ID,transit,0.9999890350877193,trawler,0.9999999789658631,1.0964912280701754e-05,0.0,0.0,0.0,0.0,0.0,0.0,0.9999890350877193,0.0,0.002430555555555555,0.0,0.0,0.002430555555555555,Transit,Fishing - Trawler
700053166,VESSEL_PHI_016,ID,transit,1.0,trawler,0.9999999831704177,0.0,0.0,0.0,0.0,0.0,0.0,0.0,1.0,0.0,0.002430555555555555,0.0,0.0,0.002430555555555555,Transit,Fishing - Trawler
700053166,VESSEL_PHI_016,ID,transit,0.9991666666666666,trawler,0.9999999831704177,0.0008333333333333334,0.0,0.0,0.0,0.0,0.0,0.0,0.9991666666666666,0.0,0.002430555555555555,0.0,0.0,0.002430555555555555,Transit,Fishing - Trawler
700053166,VESSEL_PHI_016,ID,transit,1.0,trawler,0.9999999850027439,0.0,0.0,0.0,0.0,0.0,0.0,0.0,1.0,0.0,0.002430555555555555,0.0,0.0,0.002430555555555555,Transit,Fishing - Trawler
700053166,VESSEL_PHI_016,ID,transit,1.0,trawler,0.9999999761744364,0.0,0.0,0.0,0.0,0.0,0.0,0.0,1.0,0.0,0.002430555555555555,0.0,0.0,0.002430555555555555,Transit,Fishing - Trawler
700053166,VESSEL_PHI_016,ID,transit,0.9999890350877193,trawler,0.9999999831704177,1.0964912280701754e-05,0.0,0.0,0.0,0.0,0.0,0.0,0.9999890350877193,0.0,0.002430555555555555,0.0,0.0,0.002430555555555555,Transit,Fishing - Trawler
700053166,VESSEL_PHI_016,ID,transit,0.999967320261438,trawler,0.999999983170886,3.26797385620915e-05,0.0,0.0,0.0,0.0,0.0,0.0,0.999967320261438,0.0,0.002430555555555555,0.0,0.0,0.002430555555555555,Transit,Fishing - Trawler
700053166,VESSEL_PHI_016,ID,transit,1.0,trawler,0.999999983170886,0.0,0.0,0.0,0.0,0.0,0.0,0.0,1.0,0.0,0.002430555555555555,0.0,0.0,0.002430555555555555,Transit,Fishing - Trawler
700053166,VESSEL_PHI_016,ID,transit,1.0,trawler,0.999999983170886,0.0,0.0,0.0,0.0,0.0,0.0,0.0,1.0,0.0,0.002430555555555555,0.0,0.0,0.002430555555555555,Transit,Fishing - Trawler
700053166,VESSEL_PHI_016,ID,transit,1.0,trawler,0.9999999831704177,0.0,0.0,0.0,0.0,0.0,0.0,0.0,1.0,0.0,0.002430555555555555,0.0,0.0,0.002430555555555555,Transit,Fishing - Trawler
700053166,VESSEL_PHI_016,ID,transit,0.9999890350877193,trawler,0.9999999831704177,1.0964912280701754e-05,0.0,0.0,0.0,0.0,0.0,0.0,0.9999890350877193,0.0,0.002430555555555555,0.0,0.0,0.002430555555555555,Transit,Fishing - Trawler
700053166,VESSEL_PHI_016,ID,transit,1.0,trawler,0.9999999831704177,0.0,0.0,0.0,0.0,0.0,0.0,0.0,1.0,0.0,0.002430555555555555,0.0,0.0,0.002430555555555555,Transit,Fishing - Trawler
700053166,VESSEL_PHI_016,ID,transit,1.0,trawler,0.9999999831704177,0.0,0.0,0.0,0.0,0.0,0.0,0.0,1.0,0.0,0.002430555555555555,0.0,0.0,0.002430555555555555,Transit,Fishing - Trawler
700053166,VESSEL_PHI_016,ID,transit,0.9999890350877193,trawler,0.9999999831704177,1.0964912280701754e-05,0.0,0.0,0.0,0.0,0.0,0.0,0.9999890350877193,0.0,0.002430555555555555,0.0,0.0,0.002430555555555555,Transit,Fishing - Trawler
700053166,VESSEL_PHI_016,ID,transit,0.9983333333333333,trawler,0.9999999831704177,0.0,0.0,0.0,0.0,0.0,0.0,0.0016666666666666668,0.9983333333333333,0.0,0.002430555555555555,0.0,0.0,0.002430555555555555,Transit,Fishing - Trawler
700053166,VESSEL_PHI_016,ID,transit,0.9958006535947713,trawler,0.9999999831704177,3.26797385620915e-05,0.0,0.0,0.0,0.0,0.004166666666666667,0.0,0.9958006535947713,0.0,0.002430555555555555,0.0,0.0,0.002430555555555555,Transit,Fishing - Trawler
700053166,VESSEL_PHI_016,ID,transit,1.0,trawler,0.999999983170886,0.0,0.0,0.0,0.0,0.0,0.0,0.0,1.0,0.0,0.002430555555555555,0.0,0.0,0.002430555555555555,Transit,Fishing - Trawler
700053166,VESSEL_PHI_016,ID,transit,0.9983223684210526,trawler,0.9999999831704177,1.0964912280701754e-05,0.0,0.0,0.0,0.0,0.0,0.0016666666666666668,0.9983223684210526,0.0,0.002430555555555555,0.0,0.0,0.002430555555555555,Transit,Fishing - Trawler
700053166,VESSEL_PHI_016,ID,transit,1.0,trawler,0.9999999831704177,0.0,0.0,0.0,0.0,0.0,0.0,0.0,1.0,0.0,0.002430555555555555,0.0,0.0,0.002430555555555555,Transit,Fishing - Trawler
700053166,VESSEL_PHI_016,ID,transit,1.0,trawler,0.999999983170886,0.0,0.0,0.0,0.0,0.0,0.0,0.0,1.0,0.0,0.002430555555555555,0.0,0.0,0.002430555555555555,Transit,Fishing - Trawler
700053166,VESSEL_PHI_016,ID,transit,1.0,trawler,0.9999999761746458,0.0,0.0,0.0,0.0,0.0,0.0,0.0,1.0,0.0,0.002430555555555555,0.0,0.0,0.002430555555555555,Transit,Fishing - Trawler
700053166,VESSEL_PHI_016,ID,transit,1.0,trawler,0.999999983170886,0.0,0.0,0.0,0.0,0.0,0.0,0.0,1.0,0.0,0.002430555555555555,0.0,0.0,0.002430555555555555,Transit,Fishing - Trawler
700053166,VESSEL_PHI_016,ID,transit,0.999967320261438,trawler,0.999999983170213,3.26797385620915e-05,0.0,0.0,0.0,0.0,0.0,0.0,0.999967320261438,0.0,0.002430555555555555,0.0,0.0,0.002430555555555555,Transit,Fishing - Trawler
700053166,VESSEL_PHI_016,ID,transit,0.9966339869281046,trawler,0.999999983170886,3.26797385620915e-05,0.0,0.0,0.0,0.0,0.0033333333333333335,0.0,0.9966339869281046,0.0,0.002430555555555555,0.0,0.0,0.002430555555555555,Transit,Fishing - Trawler
700053166,VESSEL_PHI_016,ID,transit,1.0,trawler,0.999999983170886,0.0,0.0,0.0,0.0,0.0,0.0,0.0,1.0,0.0,0.002430555555555555,0.0,0.0,0.002430555555555555,Transit,Fishing - Trawler
700053166,VESSEL_PHI_016,ID,transit,0.9975,trawler,0.9999999831704177,0.0,0.0,0.0,0.0,0.0,0.0025,0.0,0.9975,0.0,0.002430555555555555,0.0,0.0,0.002430555555555555,Transit,Fishing - Trawler
700053166,VESSEL_PHI_016,ID,transit,0.9976666666666667,trawler,0.9999999831704177,0.0,0.0,0.0,0.0,0.0,0.002333333333333333,0.0,0.9976666666666667,0.0,0.002430555555555555,0.0,0.0,0.002430555555555555,Transit,Fishing - Trawler
700053166,VESSEL_PHI_016,ID,transit,0.995155701754386,trawler,0.9999999831704177,1.0964912280701754e-05,0.0,0.0,0.0,0.0,0.004833333333333334,0.0,0.995155701754386,0.0,0.002430555555555555,0.0,0.0,0.002430555555555555,Transit,Fishing - Trawler
700053166,VESSEL_PHI_016,ID,transit,1.0,trawler,0.999999983170886,0.0,0.0,0.0,0.0,0.0,0.0,0.0,1.0,0.0,0.002430555555555555,0.0,0.0,0.002430555555555555,Transit,Fishing - Trawler
700053166,VESSEL_PHI_016,ID,transit,1.0,trawler,0.9999999761746458,0.0,0.0,0.0,0.0,0.0,0.0,0.0,1.0,0.0,0.002430555555555555,0.0,0.0,0.002430555555555555,Transit,Fishing - Trawler
700053166,VESSEL_PHI_016,ID,transit,0.9999890350877193,trawler,0.999999978966263,1.0964912280701754e-05,0.0,0.0,0.0,0.0,0.0,0.0,0.9999890350877193,0.0,0.002430555555555555,0.0,0.0,0.002430555555555555,Transit,Fishing - Trawler
700053166,VESSEL_PHI_016,ID,transit,0.9999890350877193,trawler,0.9999999789662788,1.0964912280701754e-05,0.0,0.0,0.0,0.0,0.0,0.0,0.9999890350877193,0.0,0.002430555555555555,0.0,0.0,0.002430555555555555,Transit,Fishing - Trawler
700053166,VESSEL_PHI_016,ID,transit,0.9999890350877193,trawler,0.9999999789667591,1.0964912280701754e-05,0.0,0.0,0.0,0.0,0.0,0.0,0.9999890350877193,0.0,0.002430555555555555,0.0,0.0,0.002430555555555555,Transit,Fishing - Trawler
700053166,VESSEL_PHI_016,ID,transit,1.0,trawler,0.999999983170886,0.0,0.0,0.0,0.0,0.0,0.0,0.0,1.0,0.0,0.002430555555555555,0.0,0.0,0.002430555555555555,Transit,Fishing - Trawler
700053167,VESSEL_PHI_017,CN,transit,0.9999563553491572,trawler,0.999999983191986,4.364465084279326e-05,0.0,0.0,0.0,0.0,0.0,0.0,0.9999563553491572,0.0,0.002430555555555555,0.0,0.0,0.002430555555555555,Transit,Fishing - Trawler
700053167,VESSEL_PHI_017,CN,transit,0.999967320261438,trawler,0.9999999831875669,3.26797385620915e-05,0.0,0.0,0.0,0.0,0.0,0.0,0.999967320261438,0.0,0.002430555555555555,0.0,0.0,0.002430555555555555,Transit,Fishing - Trawler
700053167,VESSEL_PHI_017,CN,transit,0.9999563553491572,trawler,0.9999999831875669,4.364465084279326e-05,0.0,0.0,0.0,0.0,0.0,0.0,0.9999563553491572,0.0,0.002430555555555555,0.0,0.0,0.002430555555555555,Transit,Fishing - Trawler
700053167,VESSEL_PHI_017,CN,transit,1.0,trawler,0.9999999831873622,0.0,0.0,0.0,0.0,0.0,0.0,0.0,1.0,0.0,0.002430555555555555,0.0,0.0,0.002430555555555555,Transit,Fishing - Trawler
700053167,VESSEL_PHI_017,CN,transit,0.999967320261438,trawler,0.9999999831917817,3.26797385620915e-05,0.0,0.0,0.0,0.0,0.0,0.0,0.999967320261438,0.0,0.002430555555555555,0.0,0.0,0.002430555555555555,Transit,Fishing - Trawler
700053167,VESSEL_PHI_017,CN,transit,1.0,trawler,0.9999999831873622,0.0,0.0,0.0,0.0,0.0,0.0,0.0,1.0,0.0,0.002430555555555555,0.0,0.0,0.002430555555555555,Transit,Fishing - Trawler
700053167,VESSEL_PHI_017,CN,transit,0.9999890350877193,trawler,0.9999999831875669,1.0964912280701754e-05,0.0,0.0,0.0,0.0,0.0,0.0,0.9999890350877193,0.0,0.002430555555555555,0.0,0.0,0.002430555555555555,Transit,Fishing - Trawler
700053167,VESSEL_PHI_017,CN,transit,0.8492377099707197,trawler,0.9999999807764991,0.0,0.0,0.0016774541531823083,0.06788580674988443,0.006333333333333333,0.06986569579288027,0.0,0.8492377099707197,0.005,0.002430555555555555,0.0,0.0,0.002430555555555555,Transit,Fishing - Trawler
700053167,VESSEL_PHI_017,CN,fishing,0.9930127908768687,trawler,0.9999999809364241,0.0,0.0,1.0787486515641855e-05,0.9930127908768687,0.0011111111111111111,3.2362459546925564e-05,0.0,0.005832948065957774,0.0,0.002430555555555555,0.4546179094063162,0.0,0.4546179094063162,Fishing,Fishing - Trawler
700053167,VESSEL_PHI_017,CN,fishing,0.9998381877022655,trawler,0.999999980936329,0.0,0.0,1.0787486515641855e-05,0.9998381877022655,0.0,3.2362459546925564e-05,0.0,0.0001186623516720604,0.0,0.002430555555555555,0.4531487606760729,0.0,0.4531487606760729,Fishing,Fishing - Trawler
700053167,VESSEL_PHI_017,CN,fishing,0.9981715210355988,trawler,0.9999999797574703,0.0,0.0,1.0787486515641855e-05,0.9981715210355988,0.0,3.2362459546925564e-05,0.0,0.0017853290183387272,0.0,0.002430555555555555,0.45238880371724344,0.0,0.45238880371724344,Fishing,Fishing - Trawler
700053167,VESSEL_PHI_017,CN,fishing,0.9971715210355988,trawler,0.9999999822020541,0.0,0.0,1.0787486515641855e-05,0.9971715210355988,0.002666666666666667,3.2362459546925564e-05,0.0,0.0001186623516720604,0.0,0.002430555555555555,0.4516665796150491,0.0,0.4516665796150491,Fishing,Fishing - Trawler
700053167,VESSEL_PHI_017,CN,fishing,0.9998381877022655,trawler,0.9999999822019624,0.0,0.0,1.0787486515641855e-05,0.9998381877022655,0.0,3.2362459546925564e-05,0.0,0.0001186623516720604,0.0,0.002430555555555555,0.4502784687698375,0.0,0.4502784687698375,Fishing,Fishing - Trawler
700053167,VESSEL_PHI_017,CN,fishing,0.9998381877022655,trawler,0.9999999822020541,0.0,0.0,1.0787486515641855e-05,0.9998381877022655,0.0,3.2362459546925564e-05,0.0,0.0001186623516720604,0.0,0.002430555555555555,0.44895525170564554,0.0,0.44895525170564554,Fishing,Fishing - Trawler
700053167,VESSEL_PHI_017,CN,fishing,0.9998381877022655,trawler,0.9999999797574703,0.0,0.0,1.0787486515641855e-05,0.9998381877022655,0.0,3.2362459546925564e-05,0.0,0.0001186623516720604,0.0,0.002430555555555555,0.44686820048440035,0.0,0.44686820048440035,Fishing,Fishing - Trawler
700053167,VESSEL_PHI_017,CN,fishing,0.9965048543689321,trawler,0.9999999821393305,0.0,0.0,1.0787486515641855e-05,0.9965048543689321,0.0,3.2362459546925564e-05,0.0,0.0001186623516720604,0.0033333333333333335,0.002430555555555555,0.4462193585527987,0.0,0.4462193585527987,Fishing,Fishing - Trawler
700053167,VESSEL_PHI_017,CN,fishing,0.9998381877022655,trawler,0.9999999805440104,0.0,0.0,1.0787486515641855e-05,0.9998381877022655,0.0,3.2362459546925564e-05,0.0,0.0001186623516720604,0.0,0.002430555555555555,0.4479448006704425,0.0,0.4479448006704425,Fishing,Fishing - Trawler
700053167,VESSEL_PHI_017,CN,fishing,0.9941715210355987,trawler,0.999999980936329,0.0,0.0,1.0787486515641855e-05,0.9941715210355987,0.0,3.2362459546925564e-05,0.0,0.004118662351672061,0.0016666666666666668,0.002430555555555555,0.45098391598470267,0.0,0.45098391598470267,Fishing,Fishing - Trawler
700053167,VESSEL_PHI_017,CN,fishing,0.9355079365079365,trawler,0.9999999833269188,0.007666666666666666,0.013293650793650793,0.0,0.9355079365079365,0.0009523809523809524,0.0,0.013055555555555555,0.02547619047619048,0.004047619047619048,0.002430555555555555,0.454352519961325,0.0,0.454352519961325,Fishing,Fishing - Trawler
700053167,VESSEL_PHI_017,CN,fishing,0.9998381877022655,trawler,0.9999999805397607,0.0,0.0,1.0787486515641855e-05,0.9998381877022655,0.0,3.2362459546925564e-05,0.0,0.0001186623516720604,0.0,0.002430555555555555,0.456151281693394,0.0,0.456151281693394,Fishing,Fishing - Trawler
700053167,VESSEL_PHI_017,CN,fishing,0.9998381877022655,trawler,0.999999980936329,0.0,0.0,1.0787486515641855e-05,0.9998381877022655,0.0,3.2362459546925564e-05,0.0,0.0001186623516720604,0.0,0.002430555555555555,0.4549797978057476,0.0,0.4549797978057476,Fishing,Fishing - Trawler
700053167,VESSEL_PHI_017,CN,fishing,0.9998381877022655,trawler,0.999999980936329,0.0,0.0,1.0787486515641855e-05,0.9998381877022655,0.0,3.2362459546925564e-05,0.0,0.0001186623516720604,0.0,0.002430555555555555,0.4519355820273758,0.0,0.4519355820273758,Fishing,Fishing - Trawler
700053167,VESSEL_PHI_017,CN,fishing,0.9998381877022655,trawler,0.9999999797574703,0.0,0.0,1.0787486515641855e-05,0.9998381877022655,0.0,3.2362459546925564e-05,0.0,0.0001186623516720604,0.0,0.002430555555555555,0.44939594170094643,0.0,0.44939594170094643,Fishing,Fishing - Trawler
700053167,VESSEL_PHI_017,CN,fishing,0.9965048543689321,trawler,0.9999999797574703,0.0,0.0,0.0033441208198489755,0.9965048543689321,0.0,3.2362459546925564e-05,0.0,0.0001186623516720604,0.0,0.002430555555555555,0.4469446125208962,0.0,0.4469446125208962,Fishing,Fishing - Trawler
700053167,VESSEL_PHI_017,CN,fishing,0.9998381877022655,trawler,0.999999980936329,0.0,0.0,1.0787486515641855e-05,0.9998381877022655,0.0,3.2362459546925564e-05,0.0,0.0001186623516720604,0.0,0.002430555555555555,0.44490160864847184,0.0,0.44490160864847184,Fishing,Fishing - Trawler
700053167,VESSEL_PHI_017,CN,fishing,0.9998381877022655,trawler,0.999999980936329,0.0,0.0,1.0787486515641855e-05,0.9998381877022655,0.0,3.2362459546925564e-05,0.0,0.0001186623516720604,0.0,0.002430555555555555,0.4458396981032636,0.0,0.4458396981032636,Fishing,Fishing - Trawler
700053167,VESSEL_PHI_017,CN,fishing,0.9998381877022655,trawler,0.999999980936329,0.0,0.0,1.0787486515641855e-05,0.9998381877022655,0.0,3.2362459546925564e-05,0.0,0.0001186623516720604,0.0,0.002430555555555555,0.4487599392823188,0.0,0.4487599392823188,Fishing,Fishing - Trawler
700053167,VESSEL_PHI_017,CN,fishing,0.9998381877022655,trawler,0.999999980936329,0.0,0.0,1.0787486515641855e-05,0.9998381877022655,0.0,3.2362459546925564e-05,0.0,0.0001186623516720604,0.0,0.002430555555555555,0.4509139755055077,0.0,0.4509139755055077,Fishing,Fishing - Trawler
700053167,VESSEL_PHI_017,CN,fishing,0.9998381877022655,trawler,0.999999980936329,0.0,0.0,1.0787486515641855e-05,0.9998381877022655,0.0,3.2362459546925564e-05,0.0,0.0001186623516720604,0.0,0.002430555555555555,0.4535146332002939,0.0,0.4535146332002939,Fishing,Fishing - Trawler
700053167,VESSEL_PHI_017,CN,fishing,0.9998381877022655,trawler,0.999999980936329,0.0,0.0,1.0787486515641855e-05,0.9998381877022655,0.0,3.2362459546925564e-05,0.0,0.0001186623516720604,0.0,0.002430555555555555,0.4570218104676606,0.0,0.4570218104676606,Fishing,Fishing - Trawler
700053167,VESSEL_PHI_017,CN,fishing,0.9998381877022655,trawler,0.999999980936329,0.0,0.0,1.0787486515641855e-05,0.9998381877022655,0.0,3.2362459546925564e-05,0.0,0.0001186623516720604,0.0,0.002430555555555555,0.46059040189798817,0.0,0.46059040189798817,Fishing,Fishing - Trawler
700053167,VESSEL_PHI_017,CN,fishing,0.9998381877022655,trawler,0.999999980936329,0.0,0.0,1.0787486515641855e-05,0.9998381877022655,0.0,3.2362459546925564e-05,0.0,0.0001186623516720604,0.0,0.002430555555555555,0.46417649590519977,0.0,0.46417649590519977,Fishing,Fishing - Trawler
700053167,VESSEL_PHI_017,CN,fishing,0.9998381877022655,trawler,0.999999980936329,0.0,0.0,1.0787486515641855e-05,0.9998381877022655,0.0,3.2362459546925564e-05,0.0,0.0001186623516720604,0.0,0.002430555555555555,0.4651602190500279,0.0,0.4651602190500279,Fishing,Fishing - Trawler
700053167,VESSEL_PHI_017,CN,fishing,0.9998381877022655,trawler,0.9999999797574703,0.0,0.0,1.0787486515641855e-05,0.9998381877022655,0.0,3.2362459546925564e-05,0.0,0.0001186623516720604,0.0,0.002430555555555555,0.46327182944841083,0.0,0.46327182944841083,Fishing,Fishing - Trawler
700053167,VESSEL_PHI_017,CN,fishing,0.9998381877022655,trawler,0.9999999797574703,0.0,0.0,1.0787486515641855e-05,0.9998381877022655,0.0,3.2362459546925564e-05,0.0,0.0001186623516720604,0.0,0.002430555555555555,0.46156137704232153,0.0,0.46156137704232153,Fishing,Fishing - Trawler
700053167,VESSEL_PHI_017,CN,fishing,0.9205842194482972,trawler,0.9999999809364241,0.0,0.0035714285714285713,1.0787486515641855e-05,0.9205842194482972,0.005277777777777778,0.002865695792880259,0.0,0.06769009092310063,0.0,0.002430555555555555,0.4603426759541769,0.0,0.4603426759541769,Fishing,Fishing - Trawler
700053167,VESSEL_PHI_017,CN,transit,0.9713165266106442,trawler,0.9999999814947632,0.0031437908496732025,0.0,0.0,0.011095238095238094,0.0,0.0,0.014444444444444447,0.9713165266106442,0.0,0.002430555555555555,0.0,0.0,0.002430555555555555,Transit,Fishing - Trawler
700053167,VESSEL_PHI_017,CN,transit,1.0,trawler,0.9999999831873622,0.0,0.0,0.0,0.0,0.0,0.0,0.0,1.0,0.0,0.002430555555555555,0.0,0.0,0.002430555555555555,Transit,Fishing - Trawler
700053167,VESSEL_PHI_017,CN,fishing,0.7918888888888891,trawler,0.9999999809364241,0.0016666666666666668,0.0,0.0033333333333333335,0.7918888888888891,0.002444444444444445,0.002,0.002888888888888889,0.19577777777777775,0.0,0.002430555555555555,0.45026403461051345,0.0,0.45026403461051345,Fishing,Fishing - Trawler
700053167,VESSEL_PHI_017,CN,fishing,0.9940048543689322,trawler,0.9999999809364241,0.0,0.0,1.0787486515641855e-05,0.9940048543689322,0.0,3.2362459546925564e-05,0.0,0.005951995685005393,0.0,0.002430555555555555,0.4474341379469594,0.0,0.4474341379469594,Fishing,Fishing - Trawler
700053167,VESSEL_PHI_017,CN,fishing,0.9998381877022655,trawler,0.999999980936329,0.0,0.0,1.0787486515641855e-05,0.9998381877022655,0.0,3.2362459546925564e-05,0.0,0.0001186623516720604,0.0,0.002430555555555555,0.44539783334862953,0.0,0.44539783334862953,Fishing,Fishing - Trawler
700053167,VESSEL_PHI_017,CN,fishing,0.9998381877022655,trawler,0.999999980936329,0.0,0.0,1.0787486515641855e-05,0.9998381877022655,0.0,3.2362459546925564e-05,0.0,0.0001186623516720604,0.0,0.002430555555555555,0.4435640817459724,0.0,0.4435640817459724,Fishing,Fishing - Trawler
700053167,VESSEL_PHI_017,CN,fishing,0.9998381877022655,trawler,0.999999980936329,0.0,0.0,1.0787486515641855e-05,0.9998381877022655,0.0,3.2362459546925564e-05,0.0,0.0001186623516720604,0.0,0.002430555555555555,0.44184491327144815,0.0,0.44184491327144815,Fishing,Fishing - Trawler
700053167,VESSEL_PHI_017,CN,fishing,0.9998381877022655,trawler,0.999999980936329,0.0,0.0,1.0787486515641855e-05,0.9998381877022655,0.0,3.2362459546925564e-05,0.0,0.0001186623516720604,0.0,0.002430555555555555,0.4393830794714629,0.0,0.4393830794714629,Fishing,Fishing - Trawler
700053167,VESSEL_PHI_017,CN,fishing,0.9998381877022655,trawler,0.999999980936329,0.0,0.0,1.0787486515641855e-05,0.9998381877022655,0.0,3.2362459546925564e-05,0.0,0.0001186623516720604,0.0,0.002430555555555555,0.43611777959468323,0.0,0.43611777959468323,Fishing,Fishing - Trawler
700053167,VESSEL_PHI_017,CN,fishing,0.9998381877022655,trawler,0.9999999793931724,0.0,0.0,1.0787486515641855e-05,0.9998381877022655,0.0,3.2362459546925564e-05,0.0,0.0001186623516720604,0.0,0.002430555555555555,0.4331585371784892,0.0,0.4331585371784892,Fishing,Fishing - Trawler
700053167,VESSEL_PHI_017,CN,fishing,0.9998381877022655,trawler,0.9999999793931724,0.0,0.0,1.0787486515641855e-05,0.9998381877022655,0.0,3.2362459546925564e-05,0.0,0.0001186623516720604,0.0,0.002430555555555555,0.43215704596900606,0.0,0.43215704596900606,Fishing,Fishing - Trawler
700053167,VESSEL_PHI_017,CN,fishing,0.9998381877022655,trawler,0.999999980936329,0.0,0.0,1.0787486515641855e-05,0.9998381877022655,0.0,3.2362459546925564e-05,0.0,0.0001186623516720604,0.0,0.002430555555555555,0.4334664362121791,0.0,0.4334664362121791,Fishing,Fishing - Trawler
700053167,VESSEL_PHI_017,CN,fishing,0.9998381877022655,trawler,0.999999980936329,0.0,0.0,1.0787486515641855e-05,0.9998381877022655,0.0,3.2362459546925564e-05,0.0,0.0001186623516720604,0.0,0.002430555555555555,0.4341985876498664,0.0,0.4341985876498664,Fishing,Fishing - Trawler
700053167,VESSEL_PHI_017,CN,fishing,0.9998381877022655,trawler,0.999999980936329,0.0,0.0,1.0787486515641855e-05,0.9998381877022655,0.0,3.2362459546925564e-05,0.0,0.0001186623516720604,0.0,0.002430555555555555,0.4337652371356603,0.0,0.4337652371356603,Fishing,Fishing - Trawler
700053167,VESSEL_PHI_017,CN,transit,0.942857142857143,trawler,0.9999999814947632,0.0025,0.009722222222222222,0.0,0.023253968253968253,0.0044444444444444444,0.0011111111111111111,0.013611111111111114,0.942857142857143,0.0025,0.002430555555555555,0.0,0.0,0.002430555555555555,Transit,Fishing - Trawler
700053167,VESSEL_PHI_017,CN,transit,0.9983333333333333,trawler,0.999999981339594,0.0,0.0016666666666666668,0.0,0.0,0.0,0.0,0.0,0.9983333333333333,0.0,0.002430555555555555,0.0,0.0,0.002430555555555555,Transit,Fishing - Trawler
700053167,VESSEL_PHI_017,CN,transit,0.9999890350877193,trawler,0.9999999831875669,1.0964912280701754e-05,0.0,0.0,0.0,0.0,0.0,0.0,0.9999890350877193,0.0,0.002430555555555555,0.0,0.0,0.002430555555555555,Transit,Fishing - Trawler
700053167,VESSEL_PHI_017,CN,transit,0.9892857142857142,trawler,0.9999999831875669,0.004563492063492063,0.0025,0.0,0.0,0.0036507936507936506,0.0,0.0,0.9892857142857142,0.0,0.002430555555555555,0.0,0.0,0.002430555555555555,Transit,Fishing - Trawler
700053167,VESSEL_PHI_017,CN,transit,1.0,trawler,0.9999999844806557,0.0,0.0,0.0,0.0,0.0,0.0,0.0,1.0,0.0,0.002430555555555555,0.0,0.0,0.002430555555555555,Transit,Fishing - Trawler
700053167,VESSEL_PHI_017,CN,transit,1.0,trawler,0.9999999831873622,0.0,0.0,0.0,0.0,0.0,0.0,0.0,1.0,0.0,0.002430555555555555,0.0,0.0,0.002430555555555555,Transit,Fishing - Trawler
700053167,VESSEL_PHI_017,CN,transit,0.9999890350877193,trawler,0.9999999831875669,1.0964912280701754e-05,0.0,0.0,0.0,0.0,0.0,0.0,0.9999890350877193,0.0,0.002430555555555555,0.0,0.0,0.002430555555555555,Transit,Fishing - Trawler
700053167,VESSEL_PHI_017,CN,transit,0.9999890350877193,trawler,0.9999999831875669,1.0964912280701754e-05,0.0,0.0,0.0,0.0,0.0,0.0,0.9999890350877193,0.0,0.002430555555555555,0.0,0.0,0.002430555555555555,Transit,Fishing - Trawler
700053167,VESSEL_PHI_017,CN,transit,1.0,trawler,0.9999999831873622,0.0,0.0,0.0,0.0,0.0,0.0,0.0,1.0,0.0,0.002430555555555555,0.0,0.0,0.002430555555555555,Transit,Fishing - Trawler
700053167,VESSEL_PHI_017,CN,transit,0.9999563553491572,trawler,0.9999999831875669,4.364465084279326e-05,0.0,0.0,0.0,0.0,0.0,0.0,0.9999563553491572,0.0,0.002430555555555555,0.0,0.0,0.002430555555555555,Transit,Fishing - Trawler
700053167,VESSEL_PHI_017,CN,transit,0.9954109008037026,trawler,0.9999999831875669,0.0033769779841761266,0.0,0.0,0.0,0.0,0.0012121212121212121,0.0,0.9954109008037026,0.0,0.002430555555555555,0.0,0.0,0.002430555555555555,Transit,Fishing - Trawler
700053167,VESSEL_PHI_017,CN,transit,0.998845244238046,trawler,0.9999999831875669,0.0011547557619539044,0.0,0.0,0.0,0.0,0.0,0.0,0.998845244238046,0.0,0.002430555555555555,0.0,0.0,0.002430555555555555,Transit,Fishing - Trawler
700053167,VESSEL_PHI_017,CN,transit,0.9999890350877193,trawler,0.9999999831875669,1.0964912280701754e-05,0.0,0.0,0.0,0.0,0.0,0.0,0.9999890350877193,0.0,0.002430555555555555,0.0,0.0,0.002430555555555555,Transit,Fishing - Trawler
700053167,VESSEL_PHI_017,CN,transit,1.0,trawler,0.9999999789895144,0.0,0.0,0.0,0.0,0.0,0.0,0.0,1.0,0.0,0.002430555555555555,0.0,0.0,0.002430555555555555,Transit,Fishing - Trawler
700053167,VESSEL_PHI_017,CN,transit,1.0,trawler,0.9999999831873622,0.0,0.0,0.0,0.0,0.0,0.0,0.0,1.0,0.0,0.002430555555555555,0.0,0.0,0.002430555555555555,Transit,Fishing - Trawler
700053167,VESSEL_PHI_017,CN,transit,1.0,trawler,0.9999999831873622,0.0,0.0,0.0,0.0,0.0,0.0,0.0,1.0,0.0,0.002430555555555555,0.0,0.0,0.002430555555555555,Transit,Fishing - Trawler
700053167,VESSEL_PHI_017,CN,transit,1.0,trawler,0.9999999831873622,0.0,0.0,0.0,0.0,0.0,0.0,0.0,1.0,0.0,0.002430555555555555,0.0,0.0,0.002430555555555555,Transit,Fishing - Trawler
700053167,VESSEL_PHI_017,CN,transit,1.0,trawler,0.9999999831873622,0.0,0.0,0.0,0.0,0.0,0.0,0.0,1.0,0.0,0.002430555555555555,0.0,0.0,0.002430555555555555,Transit,Fishing - Trawler
700053167,VESSEL_PHI_017,CN,transit,1.0,trawler,0.9999999831873622,0.0,0.0,0.0,0.0,0.0,0.0,0.0,1.0,0.0,0.002430555555555555,0.0,0.0,0.002430555555555555,Transit,Fishing - Trawler
700053167,VESSEL_PHI_017,CN,transit,0.999967320261438,trawler,0.9999999831917817,3.26797385620915e-05,0.0,0.0,0.0,0.0,0.0,0.0,0.999967320261438,0.0,0.002430555555555555,0.0,0.0,0.002430555555555555,Transit,Fishing - Trawler
700053167,VESSEL_PHI_017,CN,transit,0.999967320261438,trawler,0.9999999831917817,3.26797385620915e-05,0.0,0.0,0.0,0.0,0.0,0.0,0.999967320261438,0.0,0.002430555555555555,0.0,0.0,0.002430555555555555,Transit,Fishing - Trawler
700053167,VESSEL_PHI_017,CN,transit,0.9911111111111113,trawler,0.9999999831873622,0.0,0.0,0.0,0.0022222222222222222,0.0033333333333333335,0.0033333333333333335,0.0,0.9911111111111113,0.0,0.002430555555555555,0.0,0.0,0.002430555555555555,Transit,Fishing - Trawler
700053167,VESSEL_PHI_017,CN,transit,1.0,trawler,0.9999999831873622,0.0,0.0,0.0,0.0,0.0,0.0,0.0,1.0,0.0,0.002430555555555555,0.0,0.0,0.002430555555555555,Transit,Fishing - Trawler
700053167,VESSEL_PHI_017,CN,transit,1.0,trawler,0.9999999831873622,0.0,0.0,0.0,0.0,0.0,0.0,0.0,1.0,0.0,0.002430555555555555,0.0,0.0,0.002430555555555555,Transit,Fishing - Trawler
700053167,VESSEL_PHI_017,CN,transit,1.0,trawler,0.9999999831873622,0.0,0.0,0.0,0.0,0.0,0.0,0.0,1.0,0.0,0.002430555555555555,0.0,0.0,0.002430555555555555,Transit,Fishing - Trawler
700053167,VESSEL_PHI_017,CN,transit,1.0,trawler,0.9999999831875669,0.0,0.0,0.0,0.0,0.0,0.0,0.0,1.0,0.0,0.002430555555555555,0.0,0.0,0.002430555555555555,Transit,Fishing - Trawler
700053167,VESSEL_PHI_017,CN,transit,1.0,trawler,0.9999999831875669,0.0,0.0,0.0,0.0,0.0,0.0,0.0,1.0,0.0,0.002430555555555555,0.0,0.0,0.002430555555555555,Transit,Fishing - Trawler
700053167,VESSEL_PHI_017,CN,transit,0.9999890350877193,trawler,0.9999999831875669,1.0964912280701754e-05,0.0,0.0,0.0,0.0,0.0,0.0,0.9999890350877193,0.0,0.002430555555555555,0.0,0.0,0.002430555555555555,Transit,Fishing - Trawler
700053167,VESSEL_PHI_017,CN,transit,1.0,trawler,0.9999999831873622,0.0,0.0,0.0,0.0,0.0,0.0,0.0,1.0,0.0,0.002430555555555555,0.0,0.0,0.002430555555555555,Transit,Fishing - Trawler
700053167,VESSEL_PHI_017,CN,transit,1.0,trawler,0.9999999831873622,0.0,0.0,0.0,0.0,0.0,0.0,0.0,1.0,0.0,0.002430555555555555,0.0,0.0,0.002430555555555555,Transit,Fishing - Trawler
700053167,VESSEL_PHI_017,CN,transit,1.0,trawler,0.9999999831875669,0.0,0.0,0.0,0.0,0.0,0.0,0.0,1.0,0.0,0.002430555555555555,0.0,0.0,0.002430555555555555,Transit,Fishing - Trawler
700053167,VESSEL_PHI_017,CN,transit,0.9999890350877193,trawler,0.9999999831875669,1.0964912280701754e-05,0.0,0.0,0.0,0.0,0.0,0.0,0.9999890350877193,0.0,0.002430555555555555,0.0,0.0,0.002430555555555555,Transit,Fishing - Trawler
700053167,VESSEL_PHI_017,CN,transit,1.0,trawler,0.9999999789897005,0.0,0.0,0.0,0.0,0.0,0.0,0.0,1.0,0.0,0.002430555555555555,0.0,0.0,0.002430555555555555,Transit,Fishing - Trawler
700053167,VESSEL_PHI_017,CN,transit,1.0,trawler,0.9999999789897005,0.0,0.0,0.0,0.0,0.0,0.0,0.0,1.0,0.0,0.002430555555555555,0.0,0.0,0.002430555555555555,Transit,Fishing - Trawler
700053167,VESSEL_PHI_017,CN,transit,1.0,trawler,0.9999999831873622,0.0,0.0,0.0,0.0,0.0,0.0,0.0,1.0,0.0,0.002430555555555555,0.0,0.0,0.002430555555555555,Transit,Fishing - Trawler
700053168,VESSEL_PHI_018,SG,transit,1.0,purse_seiner,0.9999999750168911,0.0,0.0,0.0,0.0,0.0,0.0,0.0,1.0,0.0,0.002430555555555555,0.0,0.0,0.002430555555555555,Transit,Fishing - Purse Seiner
700053168,VESSEL_PHI_018,SG,transit,1.0,purse_seiner,0.9999999754921761,0.0,0.0,0.0,0.0,0.0,0.0,0.0,1.0,0.0,0.002430555555555555,0.0,0.0,0.002430555555555555,Transit,Fishing - Purse Seiner
700053168,VESSEL_PHI_018,SG,transit,0.9983333333333333,purse_seiner,0.999999973373072,0.0,0.0016666666666666668,0.0,0.0,0.0,0.0,0.0,0.9983333333333333,0.0,0.002430555555555555,0.0,0.0,0.002430555555555555,Transit,Fishing - Purse Seiner
700053168,VESSEL_PHI_018,SG,transit,1.0,purse_seiner,0.9999999774266789,0.0,0.0,0.0,0.0,0.0,0.0,0.0,1.0,0.0,0.002430555555555555,0.0,0.0,0.002430555555555555,Transit,Fishing - Purse Seiner
700053168,VESSEL_PHI_018,SG,transit,0.9999890350877193,purse_seiner,0.9999999774287912,1.0964912280701754e-05,0.0,0.0,0.0,0.0,0.0,0.0,0.9999890350877193,0.0,0.002430555555555555,0.0,0.0,0.002430555555555555,Transit,Fishing - Purse Seiner
700053168,VESSEL_PHI_018,SG,transit,0.8493333333333333,purse_seiner,0.9999999631353116,0.0016666666666666668,0.0,0.0,0.08461111111111112,0.017083333333333336,0.03833333333333333,0.0,0.8493333333333333,0.008972222222222223,0.002430555555555555,0.0,0.0,0.002430555555555555,Transit,Fishing - Purse Seiner
700053168,VESSEL_PHI_018,SG,fishing,0.9538461242102019,purse_seiner,0.9999999648067016,0.0,0.0,1.0787486515641855e-05,0.9538461242102019,0.008222222222222221,0.0044768069039913694,0.0,0.014444059177068886,0.019000000000000003,0.002430555555555555,0.6,0.0,0.6,Fishing,Fishing - Purse Seiner
700053168,VESSEL_PHI_018,SG,fishing,0.9998381877022655,purse_seiner,0.9999999366009256,0.0,0.0,1.0787486515641855e-05,0.9998381877022655,0.0,3.2362459546925564e-05,0.0,0.0001186623516720604,0.0,0.002430555555555555,0.6,0.0,0.6,Fishing,Fishing - Purse Seiner
700053168,VESSEL_PHI_018,SG,fishing,0.9998381877022655,purse_seiner,0.9999999367216403,0.0,0.0,1.0787486515641855e-05,0.9998381877022655,0.0,3.2362459546925564e-05,0.0,0.0001186623516720604,0.0,0.002430555555555555,0.6,0.0,0.6,Fishing,Fishing - Purse Seiner
700053168,VESSEL_PHI_018,SG,fishing,0.9970604099244876,purse_seiner,0.9999999365802652,0.0,0.0,1.0787486515641855e-05,0.9970604099244876,0.0,0.0011434735706580366,0.0,0.0017853290183387272,0.0,0.002430555555555555,0.6,0.0,0.6,Fishing,Fishing - Purse Seiner
700053168,VESSEL_PHI_018,SG,fishing,0.9998381877022655,purse_seiner,0.9999999365802652,0.0,0.0,1.0787486515641855e-05,0.9998381877022655,0.0,3.2362459546925564e-05,0.0,0.0001186623516720604,0.0,0.002430555555555555,0.6,0.0,0.6,Fishing,Fishing - Purse Seiner
700053168,VESSEL_PHI_018,SG,fishing,0.9998381877022655,purse_seiner,0.9999999365802652,0.0,0.0,1.0787486515641855e-05,0.9998381877022655,0.0,3.2362459546925564e-05,0.0,0.0001186623516720604,0.0,0.002430555555555555,0.6,0.0,0.6,Fishing,Fishing - Purse Seiner
700053168,VESSEL_PHI_018,SG,fishing,0.9998381877022655,purse_seiner,0.9999999365802652,0.0,0.0,1.0787486515641855e-05,0.9998381877022655,0.0,3.2362459546925564e-05,0.0,0.0001186623516720604,0.0,0.002430555555555555,0.6,0.0,0.6,Fishing,Fishing - Purse Seiner
700053168,VESSEL_PHI_018,SG,fishing,0.9998381877022655,purse_seiner,0.9999999365802652,0.0,0.0,1.0787486515641855e-05,0.9998381877022655,0.0,3.2362459546925564e-05,0.0,0.0001186623516720604,0.0,0.002430555555555555,0.6,0.0,0.6,Fishing,Fishing - Purse Seiner
700053168,VESSEL_PHI_018,SG,fishing,0.9998381877022655,purse_seiner,0.9999999365802652,0.0,0.0,1.0787486515641855e-05,0.9998381877022655,0.0,3.2362459546925564e-05,0.0,0.0001186623516720604,0.0,0.002430555555555555,0.6,0.0,0.6,Fishing,Fishing - Purse Seiner
700053168,VESSEL_PHI_018,SG,fishing,0.9998381877022655,purse_seiner,0.999999933878679,0.0,0.0,1.0787486515641855e-05,0.9998381877022655,0.0,3.2362459546925564e-05,0.0,0.0001186623516720604,0.0,0.002430555555555555,0.6,0.0,0.6,Fishing,Fishing - Purse Seiner
700053168,VESSEL_PHI_018,SG,fishing,0.9924572353213129,purse_seiner,0.9999999330445644,0.002380952380952381,0.0022222222222222222,1.0787486515641855e-05,0.9924572353213129,0.0016666666666666668,3.2362459546925564e-05,0.0,0.0012297734627831716,0.0,0.002430555555555555,0.6,0.0,0.6,Fishing,Fishing - Purse Seiner
700053168,VESSEL_PHI_018,SG,fishing,0.9998381877022655,purse_seiner,0.999999933878679,0.0,0.0,1.0787486515641855e-05,0.9998381877022655,0.0,3.2362459546925564e-05,0.0,0.0001186623516720604,0.0,0.002430555555555555,0.6,0.0,0.6,Fishing,Fishing - Purse Seiner
700053168,VESSEL_PHI_018,SG,fishing,0.9998381877022655,purse_seiner,0.9999999336036476,0.0,0.0,1.0787486515641855e-05,0.9998381877022655,0.0,3.2362459546925564e-05,0.0,0.0001186623516720604,0.0,0.002430555555555555,0.6,0.0,0.6,Fishing,Fishing - Purse Seiner
700053168,VESSEL_PHI_018,SG,fishing,0.6351825396825398,purse_seiner,0.9999999515362575,0.007222222222222222,0.010888888888888889,0.0016666666666666668,0.6351825396825398,0.007222222222222224,0.0,0.0,0.33781746031746046,0.0,0.002430555555555555,0.6,0.0,0.6,Fishing,Fishing - Purse Seiner
700053168,VESSEL_PHI_018,SG,transit,0.9931111111111112,purse_seiner,0.999999916798717,0.003,0.0,0.0,0.0038888888888888883,0.0,0.0,0.0,0.9931111111111112,0.0,0.002430555555555555,0.0,0.0,0.002430555555555555,Transit,Fishing - Purse Seiner
700053168,VESSEL_PHI_018,SG,transit,1.0,purse_seiner,0.9999998727687591,0.0,0.0,0.0,0.0,0.0,0.0,0.0,1.0,0.0,0.002430555555555555,0.0,0.0,0.002430555555555555,Transit,Fishing - Purse Seiner
700053168,VESSEL_PHI_018,SG,transit,1.0,purse_seiner,0.9999999547528071,0.0,0.0,0.0,0.0,0.0,0.0,0.0,1.0,0.0,0.002430555555555555,0.0,0.0,0.002430555555555555,Transit,Fishing - Purse Seiner
700053168,VESSEL_PHI_018,SG,transit,0.9999890350877193,purse_seiner,0.9999999774287912,1.0964912280701754e-05,0.0,0.0,0.0,0.0,0.0,0.0,0.9999890350877193,0.0,0.002430555555555555,0.0,0.0,0.002430555555555555,Transit,Fishing - Purse Seiner
700053168,VESSEL_PHI_018,SG,transit,0.9875555555555555,purse_seiner,0.9999999774270459,0.0,0.0,0.0033333333333333335,0.0061111111111111106,0.003,0.0,0.0,0.9875555555555555,0.0,0.002430555555555555,0.0,0.0,0.002430555555555555,Transit,Fishing - Purse Seiner
700053168,VESSEL_PHI_018,SG,fishing,0.904563492063492,purse_seiner,0.9999999646671555,0.0027777777777777775,0.0,0.0,0.904563492063492,0.0022222222222222222,0.018444444444444444,0.0,0.07199206349206348,0.0,0.002430555555555555,0.6,0.0,0.6,Fishing,Fishing - Purse Seiner
700053168,VESSEL_PHI_018,SG,fishing,0.9948381877022655,purse_seiner,0.9999999365695951,0.0,0.0016666666666666668,1.0787486515641855e-05,0.9948381877022655,0.0,3.2362459546925564e-05,0.0,0.0034519956850053934,0.0,0.002430555555555555,0.6,0.0,0.6,Fishing,Fishing - Purse Seiner
700053168,VESSEL_PHI_018,SG,fishing,0.9998381877022655,purse_seiner,0.9999999367127668,0.0,0.0,1.0787486515641855e-05,0.9998381877022655,0.0,3.2362459546925564e-05,0.0,0.0001186623516720604,0.0,0.002430555555555555,0.6,0.0,0.6,Fishing,Fishing - Purse Seiner
700053168,VESSEL_PHI_018,SG,fishing,0.9998381877022655,purse_seiner,0.9999999365802652,0.0,0.0,1.0787486515641855e-05,0.9998381877022655,0.0,3.2362459546925564e-05,0.0,0.0001186623516720604,0.0,0.002430555555555555,0.6,0.0,0.6,Fishing,Fishing - Purse Seiner
700053168,VESSEL_PHI_018,SG,fishing,0.9965048543689321,purse_seiner,0.9999999365802652,0.0,0.0,1.0787486515641855e-05,0.9965048543689321,0.0,3.2362459546925564e-05,0.0,0.0034519956850053934,0.0,0.002430555555555555,0.6,0.0,0.6,Fishing,Fishing - Purse Seiner
700053168,VESSEL_PHI_018,SG,fishing,0.9998381877022655,purse_seiner,0.9999999367216403,0.0,0.0,1.0787486515641855e-05,0.9998381877022655,0.0,3.2362459546925564e-05,0.0,0.0001186623516720604,0.0,0.002430555555555555,0.6,0.0,0.6,Fishing,Fishing - Purse Seiner
700053168,VESSEL_PHI_018,SG,fishing,0.9998381877022655,purse_seiner,0.999999933878679,0.0,0.0,1.0787486515641855e-05,0.9998381877022655,0.0,3.2362459546925564e-05,0.0,0.0001186623516720604,0.0,0.002430555555555555,0.6,0.0,0.6,Fishing,Fishing - Purse Seiner
700053168,VESSEL_PHI_018,SG,fishing,0.9965048543689321,purse_seiner,0.9999999365802652,0.0,0.0033333333333333335,1.0787486515641855e-05,0.9965048543689321,0.0,3.2362459546925564e-05,0.0,0.0001186623516720604,0.0,0.002430555555555555,0.6,0.0,0.6,Fishing,Fishing - Purse Seiner
700053168,VESSEL_PHI_018,SG,fishing,0.9965048543689321,purse_seiner,0.9999999330445644,0.0,0.0033333333333333335,1.0787486515641855e-05,0.9965048543689321,0.0,3.2362459546925564e-05,0.0,0.0001186623516720604,0.0,0.002430555555555555,0.6,0.0,0.6,Fishing,Fishing - Purse Seiner
700053168,VESSEL_PHI_018,SG,fishing,0.9987270765911542,purse_seiner,0.999999933878679,0.0,0.0,1.0787486515641855e-05,0.9987270765911542,0.0011111111111111111,3.2362459546925564e-05,0.0,0.0001186623516720604,0.0,0.002430555555555555,0.6,0.0,0.6,Fishing,Fishing - Purse Seiner
700053168,VESSEL_PHI_018,SG,fishing,0.9116239019879797,purse_seiner,0.9999999366343297,0.005,0.0205,1.0787486515641855e-05,0.9116239019879797,0.0,3.2362459546925564e-05,0.0016666666666666668,0.06116628139929111,0.0,0.002430555555555555,0.6,0.0,0.6,Fishing,Fishing - Purse Seiner
700053168,VESSEL_PHI_018,SG,transit,0.9053809523809523,purse_seiner,0.9999999479453507,0.025055555555555553,0.005999999999999999,0.0,0.017396825396825397,0.0016666666666666668,0.0,0.044500000000000005,0.9053809523809523,0.0,0.002430555555555555,0.0,0.0,0.002430555555555555,Transit,Fishing - Purse Seiner
700053168,VESSEL_PHI_018,SG,transit,1.0,purse_seiner,0.9999999786816594,0.0,0.0,0.0,0.0,0.0,0.0,0.0,1.0,0.0,0.002430555555555555,0.0,0.0,0.002430555555555555,Transit,Fishing - Purse Seiner
700053168,VESSEL_PHI_018,SG,transit,1.0,purse_seiner,0.9999999774285654,0.0,0.0,0.0,0.0,0.0,0.0,0.0,1.0,0.0,0.002430555555555555,0.0,0.0,0.002430555555555555,Transit,Fishing - Purse Seiner
700053168,VESSEL_PHI_018,SG,transit,1.0,purse_seiner,0.9999999774285654,0.0,0.0,0.0,0.0,0.0,0.0,0.0,1.0,0.0,0.002430555555555555,0.0,0.0,0.002430555555555555,Transit,Fishing - Purse Seiner
700053168,VESSEL_PHI_018,SG,transit,1.0,purse_seiner,0.9999999774285654,0.0,0.0,0.0,0.0,0.0,0.0,0.0,1.0,0.0,0.002430555555555555,0.0,0.0,0.002430555555555555,Transit,Fishing - Purse Seiner
700053168,VESSEL_PHI_018,SG,transit,1.0,purse_seiner,0.9999999774287912,0.0,0.0,0.0,0.0,0.0,0.0,0.0,1.0,0.0,0.002430555555555555,0.0,0.0,0.002430555555555555,Transit,Fishing - Purse Seiner
700053168,VESSEL_PHI_018,SG,transit,1.0,purse_seiner,0.9999999774287912,0.0,0.0,0.0,0.0,0.0,0.0,0.0,1.0,0.0,0.002430555555555555,0.0,0.0,0.002430555555555555,Transit,Fishing - Purse Seiner
700053168,VESSEL_PHI_018,SG,transit,1.0,purse_seiner,0.9999999774287912,0.0,0.0,0.0,0.0,0.0,0.0,0.0,1.0,0.0,0.002430555555555555,0.0,0.0,0.002430555555555555,Transit,Fishing - Purse Seiner
700053168,VESSEL_PHI_018,SG,transit,1.0,purse_seiner,0.9999999774285654,0.0,0.0,0.0,0.0,0.0,0.0,0.0,1.0,0.0,0.002430555555555555,0.0,0.0,0.002430555555555555,Transit,Fishing - Purse Seiner
700053168,VESSEL_PHI_018,SG,transit,0.9999890350877193,purse_seiner,0.9999999774287912,1.0964912280701754e-05,0.0,0.0,0.0,0.0,0.0,0.0,0.9999890350877193,0.0,0.002430555555555555,0.0,0.0,0.002430555555555555,Transit,Fishing - Purse Seiner
700053168,VESSEL_PHI_018,SG,transit,1.0,purse_seiner,0.9999999774285654,0.0,0.0,0.0,0.0,0.0,0.0,0.0,1.0,0.0,0.002430555555555555,0.0,0.0,0.002430555555555555,Transit,Fishing - Purse Seiner
700053168,VESSEL_PHI_018,SG,transit,1.0,purse_seiner,0.9999999774286698,0.0,0.0,0.0,0.0,0.0,0.0,0.0,1.0,0.0,0.002430555555555555,0.0,0.0,0.002430555555555555,Transit,Fishing - Purse Seiner
700053168,VESSEL_PHI_018,SG,transit,0.9999890350877193,purse_seiner,0.9999999774286698,1.0964912280701754e-05,0.0,0.0,0.0,0.0,0.0,0.0,0.9999890350877193,0.0,0.002430555555555555,0.0,0.0,0.002430555555555555,Transit,Fishing - Purse Seiner
700053168,VESSEL_PHI_018,SG,transit,1.0,purse_seiner,0.9999999774286698,0.0,0.0,0.0,0.0,0.0,0.0,0.0,1.0,0.0,0.002430555555555555,0.0,0.0,0.002430555555555555,Transit,Fishing - Purse Seiner
700053168,VESSEL_PHI_018,SG,transit,1.0,purse_seiner,0.9999999774284442,0.0,0.0,0.0,0.0,0.0,0.0,0.0,1.0,0.0,0.002430555555555555,0.0,0.0,0.002430555555555555,Transit,Fishing - Purse Seiner
700053168,VESSEL_PHI_018,SG,transit,1.0,purse_seiner,0.9999999708632097,0.0,0.0,0.0,0.0,0.0,0.0,0.0,1.0,0.0,0.002430555555555555,0.0,0.0,0.002430555555555555,Transit,Fishing - Purse Seiner
700053168,VESSEL_PHI_018,SG,transit,1.0,purse_seiner,0.9999999774286698,0.0,0.0,0.0,0.0,0.0,0.0,0.0,1.0,0.0,0.002430555555555555,0.0,0.0,0.002430555555555555,Transit,Fishing - Purse Seiner
700053168,VESSEL_PHI_018,SG,transit,1.0,purse_seiner,0.9999999774286698,0.0,0.0,0.0,0.0,0.0,0.0,0.0,1.0,0.0,0.002430555555555555,0.0,0.0,0.002430555555555555,Transit,Fishing - Purse Seiner
700053168,VESSEL_PHI_018,SG,transit,1.0,purse_seiner,0.9999999754918317,0.0,0.0,0.0,0.0,0.0,0.0,0.0,1.0,0.0,0.002430555555555555,0.0,0.0,0.002430555555555555,Transit,Fishing - Purse Seiner
700053168,VESSEL_PHI_018,SG,transit,1.0,purse_seiner,0.9999999754918317,0.0,0.0,0.0,0.0,0.0,0.0,0.0,1.0,0.0,0.002430555555555555,0.0,0.0,0.002430555555555555,Transit,Fishing - Purse Seiner
700053168,VESSEL_PHI_018,SG,transit,1.0,purse_seiner,0.9999999774286698,0.0,0.0,0.0,0.0,0.0,0.0,0.0,1.0,0.0,0.002430555555555555,0.0,0.0,0.002430555555555555,Transit,Fishing - Purse Seiner
700053168,VESSEL_PHI_018,SG,transit,0.9999890350877193,purse_seiner,0.9999999774286698,1.0964912280701754e-05,0.0,0.0,0.0,0.0,0.0,0.0,0.9999890350877193,0.0,0.002430555555555555,0.0,0.0,0.002430555555555555,Transit,Fishing - Purse Seiner
700053168,VESSEL_PHI_018,SG,transit,1.0,purse_seiner,0.9999999774286698,0.0,0.0,0.0,0.0,0.0,0.0,0.0,1.0,0.0,0.002430555555555555,0.0,0.0,0.002430555555555555,Transit,Fishing - Purse Seiner
700053168,VESSEL_PHI_018,SG,transit,1.0,purse_seiner,0.9999999774284442,0.0,0.0,0.0,0.0,0.0,0.0,0.0,1.0,0.0,0.002430555555555555,0.0,0.0,0.002430555555555555,Transit,Fishing - Purse Seiner
700053168,VESSEL_PHI_018,SG,transit,1.0,purse_seiner,0.9999999774286698,0.0,0.0,0.0,0.0,0.0,0.0,0.0,1.0,0.0,0.002430555555555555,0.0,0.0,0.002430555555555555,Transit,Fishing - Purse Seiner
700053168,VESSEL_PHI_018,SG,transit,1.0,purse_seiner,0.9999999774284442,0.0,0.0,0.0,0.0,0.0,0.0,0.0,1.0,0.0,0.002430555555555555,0.0,0.0,0.002430555555555555,Transit,Fishing - Purse Seiner
700053168,VESSEL_PHI_018,SG,transit,1.0,purse_seiner,0.9999999754918317,0.0,0.0,0.0,0.0,0.0,0.0,0.0,1.0,0.0,0.002430555555555555,0.0,0.0,0.002430555555555555,Transit,Fishing - Purse Seiner
700053168,VESSEL_PHI_018,SG,transit,1.0,purse_seiner,0.9999999754920562,0.0,0.0,0.0,0.0,0.0,0.0,0.0,1.0,0.0,0.002430555555555555,0.0,0.0,0.002430555555555555,Transit,Fishing - Purse Seiner
700053168,VESSEL_PHI_018,SG,transit,1.0,purse_seiner,0.9999999774287912,0.0,0.0,0.0,0.0,0.0,0.0,0.0,1.0,0.0,0.002430555555555555,0.0,0.0,0.002430555555555555,Transit,Fishing - Purse Seiner
700053168,VESSEL_PHI_018,SG,transit,0.9999890350877193,purse_seiner,0.9999999774287912,1.0964912280701754e-05,0.0,0.0,0.0,0.0,0.0,0.0,0.9999890350877193,0.0,0.002430555555555555,0.0,0.0,0.002430555555555555,Transit,Fishing - Purse Seiner
700053168,VESSEL_PHI_018,SG,transit,1.0,purse_seiner,0.9999999774284442,0.0,0.0,0.0,0.0,0.0,0.0,0.0,1.0,0.0,0.002430555555555555,0.0,0.0,0.002430555555555555,Transit,Fishing - Purse Seiner
700053168,VESSEL_PHI_018,SG,transit,1.0,purse_seiner,0.9999999774284442,0.0,0.0,0.0,0.0,0.0,0.0,0.0,1.0,0.0,0.002430555555555555,0.0,0.0,0.002430555555555555,Transit,Fishing - Purse Seiner
700053168,VESSEL_PHI_018,SG,transit,0.9999890350877193,purse_seiner,0.9999999774286698,1.0964912280701754e-05,0.0,0.0,0.0,0.0,0.0,0.0,0.9999890350877193,0.0,0.002430555555555555,0.0,0.0,0.002430555555555555,Transit,Fishing - Purse Seiner
700053168,VESSEL_PHI_018,SG,transit,1.0,purse_seiner,0.9999999774286698,0.0,0.0,0.0,0.0,0.0,0.0,0.0,1.0,0.0,0.002430555555555555,0.0,0.0,0.002430555555555555,Transit,Fishing - Purse Seiner
700053168,VESSEL_PHI_018,SG,transit,1.0,purse_seiner,0.9999999774284442,0.0,0.0,0.0,0.0,0.0,0.0,0.0,1.0,0.0,0.002430555555555555,0.0,0.0,0.002430555555555555,Transit,Fishing - Purse Seiner
700053168,VESSEL_PHI_018,SG,transit,1.0,purse_seiner,0.9999999774285654,0.0,0.0,0.0,0.0,0.0,0.0,0.0,1.0,0.0,0.002430555555555555,0.0,0.0,0.002430555555555555,Transit,Fishing - Purse Seiner
700053168,VESSEL_PHI_018,SG,transit,1.0,purse_seiner,0.9999999754921761,0.0,0.0,0.0,0.0,0.0,0.0,0.0,1.0,0.0,0.002430555555555555,0.0,0.0,0.002430555555555555,Transit,Fishing - Purse Seiner
700053168,VESSEL_PHI_018,SG,transit,1.0,purse_seiner,0.9999999754919514,0.0,0.0,0.0,0.0,0.0,0.0,0.0,1.0,0.0,0.002430555555555555,0.0,0.0,0.002430555555555555,Transit,Fishing - Purse Seiner
700053168,VESSEL_PHI_018,SG,transit,1.0,purse_seiner,0.9999999774285654,0.0,0.0,0.0,0.0,0.0,0.0,0.0,1.0,0.0,0.002430555555555555,0.0,0.0,0.002430555555555555,Transit,Fishing - Purse Seiner
700053168,VESSEL_PHI_018,SG,transit,1.0,purse_seiner,0.9999999774285654,0.0,0.0,0.0,0.0,0.0,0.0,0.0,1.0,0.0,0.002430555555555555,0.0,0.0,0.002430555555555555,Transit,Fishing - Purse Seiner
700053168,VESSEL_PHI_018,SG,transit,0.9983223684210526,purse_seiner,0.9999999774287912,1.0964912280701754e-05,0.0,0.0,0.0,0.0,0.0,0.0016666666666666668,0.9983223684210526,0.0,0.002430555555555555,0.0,0.0,0.002430555555555555,Transit,Fishing - Purse Seiner
700053168,VESSEL_PHI_018,SG,transit,1.0,purse_seiner,0.9999999774287912,0.0,0.0,0.0,0.0,0.0,0.0,0.0,1.0,0.0,0.002430555555555555,0.0,0.0,0.002430555555555555,Transit,Fishing - Purse Seiner
700053168,VESSEL_PHI_018,SG,transit,0.9999890350877193,purse_seiner,0.999999977426783,1.0964912280701754e-05,0.0,0.0,0.0,0.0,0.0,0.0,0.9999890350877193,0.0,0.002430555555555555,0.0,0.0,0.002430555555555555,Transit,Fishing - Purse Seiner
700053168,VESSEL_PHI_018,SG,transit,0.9999890350877193,purse_seiner,0.9999999774287912,1.0964912280701754e-05,0.0,0.0,0.0,0.0,0.0,0.0,0.9999890350877193,0.0,0.002430555555555555,0.0,0.0,0.002430555555555555,Transit,Fishing - Purse Seiner
700053168,VESSEL_PHI_018,SG,transit,1.0,purse_seiner,0.9999999774287912,0.0,0.0,0.0,0.0,0.0,0.0,0.0,1.0,0.0,0.002430555555555555,0.0,0.0,0.002430555555555555,Transit,Fishing - Purse Seiner
700053168,VESSEL_PHI_018,SG,transit,0.9999890350877193,purse_seiner,0.9999999774287912,1.0964912280701754e-05,0.0,0.0,0.0,0.0,0.0,0.0,0.9999890350877193,0.0,0.002430555555555555,0.0,0.0,0.002430555555555555,Transit,Fishing - Purse Seiner
700053168,VESSEL_PHI_018,SG,transit,0.9983223684210526,purse_seiner,0.9999999754921761,0.0016776315789473683,0.0,0.0,0.0,0.0,0.0,0.0,0.9983223684210526,0.0,0.002430555555555555,0.0,0.0,0.002430555555555555,Transit,Fishing - Purse Seiner
700053168,VESSEL_PHI_018,SG,transit,1.0,purse_seiner,0.9999999754921761,0.0,0.0,0.0,0.0,0.0,0.0,0.0,1.0,0.0,0.002430555555555555,0.0,0.0,0.002430555555555555,Transit,Fishing - Purse Seiner
700053168,VESSEL_PHI_018,SG,transit,1.0,purse_seiner,0.9999999774287912,0.0,0.0,0.0,0.0,0.0,0.0,0.0,1.0,0.0,0.002430555555555555,0.0,0.0,0.002430555555555555,Transit,Fishing - Purse Seiner
700053169,VESSEL_PHI_019,CN,transit,1.0,longliner,0.9999999739514911,0.0,0.0,0.0,0.0,0.0,0.0,0.0,1.0,0.0,0.002430555555555555,0.0,0.0,0.002430555555555555,Transit,Fishing - Longliner
700053169,VESSEL_PHI_019,CN,transit,1.0,longliner,0.9999999753147389,0.0,0.0,0.0,0.0,0.0,0.0,0.0,1.0,0.0,0.002430555555555555,0.0,0.0,0.002430555555555555,Transit,Fishing - Longliner
700053169,VESSEL_PHI_019,CN,transit,1.0,longliner,0.9999999753136145,0.0,0.0,0.0,0.0,0.0,0.0,0.0,1.0,0.0,0.002430555555555555,0.0,0.0,0.002430555555555555,Transit,Fishing - Longliner
700053169,VESSEL_PHI_019,CN,transit,1.0,longliner,0.999999962555059,0.0,0.0,0.0,0.0,0.0,0.0,0.0,1.0,0.0,0.002430555555555555,0.0,0.0,0.002430555555555555,Transit,Fishing - Longliner
700053169,VESSEL_PHI_019,CN,transit,1.0,longliner,0.9999999753150145,0.0,0.0,0.0,0.0,0.0,0.0,0.0,1.0,0.0,0.002430555555555555,0.0,0.0,0.002430555555555555,Transit,Fishing - Longliner
700053169,VESSEL_PHI_019,CN,transit,1.0,longliner,0.9999999753150145,0.0,0.0,0.0,0.0,0.0,0.0,0.0,1.0,0.0,0.002430555555555555,0.0,0.0,0.002430555555555555,Transit,Fishing - Longliner
700053169,VESSEL_PHI_019,CN,transit,1.0,longliner,0.9999999753147389,0.0,0.0,0.0,0.0,0.0,0.0,0.0,1.0,0.0,0.002430555555555555,0.0,0.0,0.002430555555555555,Transit,Fishing - Longliner
700053169,VESSEL_PHI_019,CN,transit,1.0,longliner,0.9999999753147389,0.0,0.0,0.0,0.0,0.0,0.0,0.0,1.0,0.0,0.002430555555555555,0.0,0.0,0.002430555555555555,Transit,Fishing - Longliner
700053169,VESSEL_PHI_019,CN,transit,0.979888888888889,longliner,0.99999995851206,0.0,0.0,0.0,0.02011111111111111,0.0,0.0,0.0,0.979888888888889,0.0,0.002430555555555555,0.0,0.0,0.002430555555555555,Transit,Fishing - Longliner
700053169,VESSEL_PHI_019,CN,fishing,0.9705127908768687,longliner,0.9999999674742306,0.0,0.0,1.0787486515641855e-05,0.9705127908768687,0.0,3.2362459546925564e-05,0.0,0.026944059177068887,0.0025,0.002430555555555555,0.5009434909808506,0.0,0.5009434909808506,Fishing,Fishing - Longliner
700053169,VESSEL_PHI_019,CN,fishing,0.9965048543689321,longliner,0.9999999585249658,0.0,0.0,1.0787486515641855e-05,0.9965048543689321,0.0033333333333333335,3.2362459546925564e-05,0.0,0.0001186623516720604,0.0,0.002430555555555555,0.504521314142678,0.0,0.504521314142678,Fishing,Fishing - Longliner
700053169,VESSEL_PHI_019,CN,fishing,0.9933333333333333,longliner,0.9999999753572605,0.0,0.0,0.006666666666666667,0.9933333333333333,0.0,0.0,0.0,0.0,0.0,0.002430555555555555,0.5069400231074712,0.0,0.5069400231074712,Fishing,Fishing - Longliner
700053169,VESSEL_PHI_019,CN,fishing,0.9983333333333333,longliner,0.9999999759139085,0.0,0.0,0.0,0.9983333333333333,0.0016666666666666668,0.0,0.0,0.0,0.0,0.002430555555555555,0.5079549152756011,0.0,0.5079549152756011,Fishing,Fishing - Longliner
700053169,VESSEL_PHI_019,CN,fishing,1.0,longliner,0.9999999759139085,0.0,0.0,0.0,1.0,0.0,0.0,0.0,0.0,0.0,0.002430555555555555,0.5076839883438249,0.0,0.5076839883438249,Fishing,Fishing - Longliner
700053169,VESSEL_PHI_019,CN,fishing,1.0,longliner,0.9999999759139085,0.0,0.0,0.0,1.0,0.0,0.0,0.0,0.0,0.0,0.002430555555555555,0.5071829851521127,0.0,0.5071829851521127,Fishing,Fishing - Longliner
700053169,VESSEL_PHI_019,CN,fishing,1.0,longliner,0.9999999759139085,0.0,0.0,0.0,1.0,0.0,0.0,0.0,0.0,0.0,0.002430555555555555,0.5073819568932659,0.0,0.5073819568932659,Fishing,Fishing - Longliner
700053169,VESSEL_PHI_019,CN,fishing,0.9941111111111112,longliner,0.9999999759139085,0.0,0.0,0.0,0.9941111111111112,0.004222222222222222,0.0,0.0,0.0,0.0016666666666666668,0.002430555555555555,0.5084835139097647,0.0,0.5084835139097647,Fishing,Fishing - Longliner
700053169,VESSEL_PHI_019,CN,fishing,0.9983333333333333,longliner,0.9999999759139085,0.0,0.0,0.0,0.9983333333333333,0.0,0.0,0.0,0.0,0.0016666666666666668,0.002430555555555555,0.5100058372814075,0.0,0.5100058372814075,Fishing,Fishing - Longliner
700053169,VESSEL_PHI_019,CN,fishing,0.9966666666666667,longliner,0.9999999759139085,0.0,0.0,0.0,0.9966666666666667,0.0033333333333333335,0.0,0.0,0.0,0.0,0.002430555555555555,0.5112300179107231,0.0,0.5112300179107231,Fishing,Fishing - Longliner
700053169,VESSEL_PHI_019,CN,fishing,0.9966666666666667,longliner,0.9999999759139085,0.0,0.0,0.0,0.9966666666666667,0.0033333333333333335,0.0,0.0,0.0,0.0,0.002430555555555555,0.5118332850265814,0.0,0.5118332850265814,Fishing,Fishing - Longliner
700053169,VESSEL_PHI_019,CN,fishing,1.0,longliner,0.9999999759139085,0.0,0.0,0.0,1.0,0.0,0.0,0.0,0.0,0.0,0.002430555555555555,0.5125573488321712,0.0,0.5125573488321712,Fishing,Fishing - Longliner
700053169,VESSEL_PHI_019,CN,fishing,1.0,longliner,0.9999999759139085,0.0,0.0,0.0,1.0,0.0,0.0,0.0,0.0,0.0,0.002430555555555555,0.5135508470302758,0.0,0.5135508470302758,Fishing,Fishing - Longliner
700053169,VESSEL_PHI_019,CN,transit,0.6849043766373863,longliner,0.9999999674739957,0.008888888888888889,0.01384920634920635,0.0077885652642934195,0.18614771151178916,0.05466666666666666,0.011421251348435815,0.0011111111111111111,0.6849043766373863,0.031222222222222224,0.002430555555555555,0.0,0.0,0.002430555555555555,Transit,Fishing - Longliner
700053169,VESSEL_PHI_019,CN,transit,0.996078431372549,longliner,0.9999999595019834,0.0039215686274509795,0.0,0.0,0.0,0.0,0.0,0.0,0.996078431372549,0.0,0.002430555555555555,0.0,0.0,0.002430555555555555,Transit,Fishing - Longliner
700053169,VESSEL_PHI_019,CN,transit,0.9999890350877193,longliner,0.9999999753150145,1.0964912280701754e-05,0.0,0.0,0.0,0.0,0.0,0.0,0.9999890350877193,0.0,0.002430555555555555,0.0,0.0,0.002430555555555555,Transit,Fishing - Longliner
700053169,VESSEL_PHI_019,CN,transit,0.9999890350877193,longliner,0.9999999753150145,1.0964912280701754e-05,0.0,0.0,0.0,0.0,0.0,0.0,0.9999890350877193,0.0,0.002430555555555555,0.0,0.0,0.002430555555555555,Transit,Fishing - Longliner
700053169,VESSEL_PHI_019,CN,transit,0.9999890350877193,longliner,0.9999999753150145,1.0964912280701754e-05,0.0,0.0,0.0,0.0,0.0,0.0,0.9999890350877193,0.0,0.002430555555555555,0.0,0.0,0.002430555555555555,Transit,Fishing - Longliner
700053169,VESSEL_PHI_019,CN,transit,0.9483333333333334,longliner,0.9999999701347126,0.008222222222222223,0.0,0.0016666666666666668,0.03844444444444445,0.0,0.0033333333333333335,0.0,0.9483333333333334,0.0,0.002430555555555555,0.0,0.0,0.002430555555555555,Transit,Fishing - Longliner
700053169,VESSEL_PHI_019,CN,fishing,0.9652350130990908,longliner,0.9999999701333571,0.0011111111111111111,0.0,1.0787486515641855e-05,0.9652350130990908,0.0011111111111111111,3.2362459546925564e-05,0.0,0.032499614732624436,0.0,0.002430555555555555,0.544032950540309,0.0,0.544032950540309,Fishing,Fishing - Longliner
700053169,VESSEL_PHI_019,CN,fishing,0.9983333333333333,longliner,0.9999999759198602,0.0,0.0,0.0,0.9983333333333333,0.0016666666666666668,0.0,0.0,0.0,0.0,0.002430555555555555,0.5460605243950948,0.0,0.5460605243950948,Fishing,Fishing - Longliner
700053169,VESSEL_PHI_019,CN,fishing,0.995,longliner,0.9999999759139085,0.0,0.0,0.0,0.995,0.005,0.0,0.0,0.0,0.0,0.002430555555555555,0.5457747515092326,0.0,0.5457747515092326,Fishing,Fishing - Longliner
700053169,VESSEL_PHI_019,CN,fishing,0.9933333333333333,longliner,0.9999999759139085,0.0,0.0,0.0,0.9933333333333333,0.006666666666666667,0.0,0.0,0.0,0.0,0.002430555555555555,0.5446399885636407,0.0,0.5446399885636407,Fishing,Fishing - Longliner
700053169,VESSEL_PHI_019,CN,fishing,1.0,longliner,0.9999999759139085,0.0,0.0,0.0,1.0,0.0,0.0,0.0,0.0,0.0,0.002430555555555555,0.5439807793465199,0.0,0.5439807793465199,Fishing,Fishing - Longliner
700053169,VESSEL_PHI_019,CN,fishing,1.0,longliner,0.9999999759139085,0.0,0.0,0.0,1.0,0.0,0.0,0.0,0.0,0.0,0.002430555555555555,0.5436251489333648,0.0,0.5436251489333648,Fishing,Fishing - Longliner
700053169,VESSEL_PHI_019,CN,fishing,0.997142857142857,longliner,0.9999999759139085,0.0,0.0,0.0,0.997142857142857,0.002857142857142857,0.0,0.0,0.0,0.0,0.002430555555555555,0.543517622215548,0.0,0.543517622215548,Fishing,Fishing - Longliner
700053169,VESSEL_PHI_019,CN,fishing,0.8937826321467097,longliner,0.9999999674739957,0.01,0.0011111111111111111,1.0787486515641855e-05,0.8937826321467097,0.011888888888888888,3.2362459546925564e-05,0.0033333333333333335,0.07817421790722763,0.0016666666666666668,0.002430555555555555,0.5425944059224744,0.0,0.5425944059224744,Fishing,Fishing - Longliner
700053169,VESSEL_PHI_019,CN,transit,0.9172530345471521,longliner,0.99999997116792,0.040643790849673206,0.005,0.0,0.016674603174603175,0.0014285714285714286,0.0,0.019,0.9172530345471521,0.0,0.002430555555555555,0.0,0.0,0.002430555555555555,Transit,Fishing - Longliner
700053169,VESSEL_PHI_019,CN,transit,1.0,longliner,0.9999999753150145,0.0,0.0,0.0,0.0,0.0,0.0,0.0,1.0,0.0,0.002430555555555555,0.0,0.0,0.002430555555555555,Transit,Fishing - Longliner
700053169,VESSEL_PHI_019,CN,transit,0.9999890350877193,longliner,0.9999999753150145,1.0964912280701754e-05,0.0,0.0,0.0,0.0,0.0,0.0,0.9999890350877193,0.0,0.002430555555555555,0.0,0.0,0.002430555555555555,Transit,Fishing - Longliner
700053169,VESSEL_PHI_019,CN,transit,0.9999890350877193,longliner,0.9999999753150145,1.0964912280701754e-05,0.0,0.0,0.0,0.0,0.0,0.0,0.9999890350877193,0.0,0.002430555555555555,0.0,0.0,0.002430555555555555,Transit,Fishing - Longliner
700053169,VESSEL_PHI_019,CN,transit,1.0,longliner,0.9999999753147389,0.0,0.0,0.0,0.0,0.0,0.0,0.0,1.0,0.0,0.002430555555555555,0.0,0.0,0.002430555555555555,Transit,Fishing - Longliner
700053169,VESSEL_PHI_019,CN,transit,0.9999890350877193,longliner,0.9999999753136145,1.0964912280701754e-05,0.0,0.0,0.0,0.0,0.0,0.0,0.9999890350877193,0.0,0.002430555555555555,0.0,0.0,0.002430555555555555,Transit,Fishing - Longliner
700053169,VESSEL_PHI_019,CN,transit,0.9999890350877193,longliner,0.9999999625553345,1.0964912280701754e-05,0.0,0.0,0.0,0.0,0.0,0.0,0.9999890350877193,0.0,0.002430555555555555,0.0,0.0,0.002430555555555555,Transit,Fishing - Longliner
700053169,VESSEL_PHI_019,CN,transit,1.0,longliner,0.9999999625553345,0.0,0.0,0.0,0.0,0.0,0.0,0.0,1.0,0.0,0.002430555555555555,0.0,0.0,0.002430555555555555,Transit,Fishing - Longliner
700053169,VESSEL_PHI_019,CN,transit,1.0,longliner,0.999999975313339,0.0,0.0,0.0,0.0,0.0,0.0,0.0,1.0,0.0,0.002430555555555555,0.0,0.0,0.002430555555555555,Transit,Fishing - Longliner
700053169,VESSEL_PHI_019,CN,transit,1.0,longliner,0.999999964390767,0.0,0.0,0.0,0.0,0.0,0.0,0.0,1.0,0.0,0.002430555555555555,0.0,0.0,0.002430555555555555,Transit,Fishing - Longliner
700053169,VESSEL_PHI_019,CN,transit,1.0,longliner,0.9999999647184804,0.0,0.0,0.0,0.0,0.0,0.0,0.0,1.0,0.0,0.002430555555555555,0.0,0.0,0.002430555555555555,Transit,Fishing - Longliner
700053169,VESSEL_PHI_019,CN,transit,1.0,longliner,0.9999999647184804,0.0,0.0,0.0,0.0,0.0,0.0,0.0,1.0,0.0,0.002430555555555555,0.0,0.0,0.002430555555555555,Transit,Fishing - Longliner
700053169,VESSEL_PHI_019,CN,transit,0.9999890350877193,longliner,0.9999999635046097,1.0964912280701754e-05,0.0,0.0,0.0,0.0,0.0,0.0,0.9999890350877193,0.0,0.002430555555555555,0.0,0.0,0.002430555555555555,Transit,Fishing - Longliner
700053169,VESSEL_PHI_019,CN,transit,1.0,longliner,0.9999999753150145,0.0,0.0,0.0,0.0,0.0,0.0,0.0,1.0,0.0,0.002430555555555555,0.0,0.0,0.002430555555555555,Transit,Fishing - Longliner
700053169,VESSEL_PHI_019,CN,transit,1.0,longliner,0.9999999753150145,0.0,0.0,0.0,0.0,0.0,0.0,0.0,1.0,0.0,0.002430555555555555,0.0,0.0,0.002430555555555555,Transit,Fishing - Longliner
700053169,VESSEL_PHI_019,CN,transit,1.0,longliner,0.9999999753147389,0.0,0.0,0.0,0.0,0.0,0.0,0.0,1.0,0.0,0.002430555555555555,0.0,0.0,0.002430555555555555,Transit,Fishing - Longliner
700053169,VESSEL_PHI_019,CN,transit,1.0,longliner,0.9999999753147389,0.0,0.0,0.0,0.0,0.0,0.0,0.0,1.0,0.0,0.002430555555555555,0.0,0.0,0.002430555555555555,Transit,Fishing - Longliner
700053169,VESSEL_PHI_019,CN,transit,0.9999890350877193,longliner,0.9999999753150145,1.0964912280701754e-05,0.0,0.0,0.0,0.0,0.0,0.0,0.9999890350877193,0.0,0.002430555555555555,0.0,0.0,0.002430555555555555,Transit,Fishing - Longliner
700053169,VESSEL_PHI_019,CN,transit,0.9999890350877193,longliner,0.9999999753150145,1.0964912280701754e-05,0.0,0.0,0.0,0.0,0.0,0.0,0.9999890350877193,0.0,0.002430555555555555,0.0,0.0,0.002430555555555555,Transit,Fishing - Longliner
700053169,VESSEL_PHI_019,CN,transit,0.9999890350877193,longliner,0.9999999753150145,1.0964912280701754e-05,0.0,0.0,0.0,0.0,0.0,0.0,0.9999890350877193,0.0,0.002430555555555555,0.0,0.0,0.002430555555555555,Transit,Fishing - Longliner
700053169,VESSEL_PHI_019,CN,transit,1.0,longliner,0.9999999753150145,0.0,0.0,0.0,0.0,0.0,0.0,0.0,1.0,0.0,0.002430555555555555,0.0,0.0,0.002430555555555555,Transit,Fishing - Longliner
700053169,VESSEL_PHI_019,CN,transit,1.0,longliner,0.9999999753147389,0.0,0.0,0.0,0.0,0.0,0.0,0.0,1.0,0.0,0.002430555555555555,0.0,0.0,0.002430555555555555,Transit,Fishing - Longliner
700053169,VESSEL_PHI_019,CN,transit,1.0,longliner,0.9999999753136145,0.0,0.0,0.0,0.0,0.0,0.0,0.0,1.0,0.0,0.002430555555555555,0.0,0.0,0.002430555555555555,Transit,Fishing - Longliner
700053169,VESSEL_PHI_019,CN,transit,1.0,longliner,0.999999975313339,0.0,0.0,0.0,0.0,0.0,0.0,0.0,1.0,0.0,0.002430555555555555,0.0,0.0,0.002430555555555555,Transit,Fishing - Longliner
700053169,VESSEL_PHI_019,CN,transit,0.995,longliner,0.999999975313339,0.0,0.0,0.0,0.0,0.0,0.005,0.0,0.995,0.0,0.002430555555555555,0.0,0.0,0.002430555555555555,Transit,Fishing - Longliner
700053169,VESSEL_PHI_019,CN,transit,1.0,longliner,0.999999975313339,0.0,0.0,0.0,0.0,0.0,0.0,0.0,1.0,0.0,0.002430555555555555,0.0,0.0,0.002430555555555555,Transit,Fishing - Longliner
700053169,VESSEL_PHI_019,CN,transit,0.9999890350877193,longliner,0.9999999753136145,1.0964912280701754e-05,0.0,0.0,0.0,0.0,0.0,0.0,0.9999890350877193,0.0,0.002430555555555555,0.0,0.0,0.002430555555555555,Transit,Fishing - Longliner
700053169,VESSEL_PHI_019,CN,transit,1.0,longliner,0.999999962555059,0.0,0.0,0.0,0.0,0.0,0.0,0.0,1.0,0.0,0.002430555555555555,0.0,0.0,0.002430555555555555,Transit,Fishing - Longliner
700053169,VESSEL_PHI_019,CN,transit,1.0,longliner,0.999999975313339,0.0,0.0,0.0,0.0,0.0,0.0,0.0,1.0,0.0,0.002430555555555555,0.0,0.0,0.002430555555555555,Transit,Fishing - Longliner
700053169,VESSEL_PHI_019,CN,transit,1.0,longliner,0.999999975313339,0.0,0.0,0.0,0.0,0.0,0.0,0.0,1.0,0.0,0.002430555555555555,0.0,0.0,0.002430555555555555,Transit,Fishing - Longliner
700053169,VESSEL_PHI_019,CN,transit,0.9999890350877193,longliner,0.9999999753136145,1.0964912280701754e-05,0.0,0.0,0.0,0.0,0.0,0.0,0.9999890350877193,0.0,0.002430555555555555,0.0,0.0,0.002430555555555555,Transit,Fishing - Longliner
700053169,VESSEL_PHI_019,CN,transit,1.0,longliner,0.9999999753150145,0.0,0.0,0.0,0.0,0.0,0.0,0.0,1.0,0.0,0.002430555555555555,0.0,0.0,0.002430555555555555,Transit,Fishing - Longliner
700053169,VESSEL_PHI_019,CN,transit,1.0,longliner,0.9999999753147389,0.0,0.0,0.0,0.0,0.0,0.0,0.0,1.0,0.0,0.002430555555555555,0.0,0.0,0.002430555555555555,Transit,Fishing - Longliner
700053169,VESSEL_PHI_019,CN,transit,1.0,longliner,0.9999999753150145,0.0,0.0,0.0,0.0,0.0,0.0,0.0,1.0,0.0,0.002430555555555555,0.0,0.0,0.002430555555555555,Transit,Fishing - Longliner
700053169,VESSEL_PHI_019,CN,transit,0.9999890350877193,longliner,0.9999999753150145,1.0964912280701754e-05,0.0,0.0,0.0,0.0,0.0,0.0,0.9999890350877193,0.0,0.002430555555555555,0.0,0.0,0.002430555555555555,Transit,Fishing - Longliner
700053169,VESSEL_PHI_019,CN,transit,1.0,longliner,0.9999999753147389,0.0,0.0,0.0,0.0,0.0,0.0,0.0,1.0,0.0,0.002430555555555555,0.0,0.0,0.002430555555555555,Transit,Fishing - Longliner
700053169,VESSEL_PHI_019,CN,transit,1.0,longliner,0.9999999753147389,0.0,0.0,0.0,0.0,0.0,0.0,0.0,1.0,0.0,0.002430555555555555,0.0,0.0,0.002430555555555555,Transit,Fishing - Longliner
700053169,VESSEL_PHI_019,CN,transit,1.0,longliner,0.9999999739514911,0.0,0.0,0.0,0.0,0.0,0.0,0.0,1.0,0.0,0.002430555555555555,0.0,0.0,0.002430555555555555,Transit,Fishing - Longliner
700053169,VESSEL_PHI_019,CN,transit,1.0,longliner,0.9999999739514911,0.0,0.0,0.0,0.0,0.0,0.0,0.0,1.0,0.0,0.002430555555555555,0.0,0.0,0.002430555555555555,Transit,Fishing - Longliner
700053169,VESSEL_PHI_019,CN,transit,1.0,longliner,0.999999975313339,0.0,0.0,0.0,0.0,0.0,0.0,0.0,1.0,0.0,0.002430555555555555,0.0,0.0,0.002430555555555555,Transit,Fishing - Longliner
700053169,VESSEL_PHI_019,CN,transit,1.0,longliner,0.9999999625553345,0.0,0.0,0.0,0.0,0.0,0.0,0.0,1.0,0.0,0.002430555555555555,0.0,0.0,0.002430555555555555,Transit,Fishing - Longliner
700053169,VESSEL_PHI_019,CN,transit,1.0,longliner,0.9999999753150145,0.0,0.0,0.0,0.0,0.0,0.0,0.0,1.0,0.0,0.002430555555555555,0.0,0.0,0.002430555555555555,Transit,Fishing - Longliner
700053169,VESSEL_PHI_019,CN,transit,0.9983333333333333,longliner,0.9999999753150145,0.0,0.0,0.0,0.0016666666666666668,0.0,0.0,0.0,0.9983333333333333,0.0,0.002430555555555555,0.0,0.0,0.002430555555555555,Transit,Fishing - Longliner
700053169,VESSEL_PHI_019,CN,transit,1.0,longliner,0.9999999753147389,0.0,0.0,0.0,0.0,0.0,0.0,0.0,1.0,0.0,0.002430555555555555,0.0,0.0,0.002430555555555555,Transit,Fishing - Longliner
700053169,VESSEL_PHI_019,CN,transit,0.9999890350877193,longliner,0.9999999753150145,1.0964912280701754e-05,0.0,0.0,0.0,0.0,0.0,0.0,0.9999890350877193,0.0,0.002430555555555555,0.0,0.0,0.002430555555555555,Transit,Fishing - Longliner
700053169,VESSEL_PHI_019,CN,transit,1.0,longliner,0.9999999739514911,0.0,0.0,0.0,0.0,0.0,0.0,0.0,1.0,0.0,0.002430555555555555,0.0,0.0,0.002430555555555555,Transit,Fishing - Longliner
700053169,VESSEL_PHI_019,CN,transit,1.0,longliner,0.9999999735024869,0.0,0.0,0.0,0.0,0.0,0.0,0.0,1.0,0.0,0.002430555555555555,0.0,0.0,0.002430555555555555,Transit,Fishing - Longliner
700053169,VESSEL_PHI_019,CN,transit,0.9999890350877193,longliner,0.9999999753150145,1.0964912280701754e-05,0.0,0.0,0.0,0.0,0.0,0.0,0.9999890350877193,0.0,0.002430555555555555,0.0,0.0,0.002430555555555555,Transit,Fishing - Longliner
700053169,VESSEL_PHI_019,CN,transit,1.0,longliner,0.9999999753147389,0.0,0.0,0.0,0.0,0.0,0.0,0.0,1.0,0.0,0.002430555555555555,0.0,0.0,0.002430555555555555,Transit,Fishing - Longliner
750000151,FISH_PHI_TRANS,VU,fishing,0.9451159654800432,trawler,0.9999999824148619,0.0,0.0,1.0787486515641855e-05,0.9451159654800432,0.0033333333333333335,3.2362459546925564e-05,0.0,0.04761866235167206,0.0038888888888888883,0.002430555555555555,0.6499999999999999,0.0,0.6499999999999999,Fishing,Fishing - Trawler
750000151,FISH_PHI_TRANS,VU,fishing,0.9998381877022655,trawler,0.9999999823959024,0.0,0.0,1.0787486515641855e-05,0.9998381877022655,0.0,3.2362459546925564e-05,0.0,0.0001186623516720604,0.0,0.002430555555555555,0.6499999999999999,0.0,0.6499999999999999,Fishing,Fishing - Trawler
750000151,FISH_PHI_TRANS,VU,fishing,0.9857905686546464,trawler,0.9999999823959024,0.002380952380952381,0.0,1.0787486515641855e-05,0.9857905686546464,0.005555555555555555,3.2362459546925564e-05,0.0,0.006229773462783171,0.0,0.002430555555555555,0.6499999999999999,0.0,0.6499999999999999,Fishing,Fishing - Trawler
750000151,FISH_PHI_TRANS,VU,fishing,0.9865048543689322,trawler,0.9999999808141801,0.0,0.0,1.0787486515641855e-05,0.9865048543689322,0.013333333333333334,3.2362459546925564e-05,0.0,0.0001186623516720604,0.0,0.002430555555555555,0.6499999999999999,0.0,0.6499999999999999,Fishing,Fishing - Trawler
750000151,FISH_PHI_TRANS,VU,fishing,0.9953937432578209,trawler,0.9999999811882011,0.0,0.0,1.0787486515641855e-05,0.9953937432578209,0.0044444444444444444,3.2362459546925564e-05,0.0,0.0001186623516720604,0.0,0.002430555555555555,0.6499999999999999,0.0,0.6499999999999999,Fishing,Fishing - Trawler
750000151,FISH_PHI_TRANS,VU,fishing,0.9965048543689321,trawler,0.9999999823959024,0.0,0.0,1.0787486515641855e-05,0.9965048543689321,0.0033333333333333335,3.2362459546925564e-05,0.0,0.0001186623516720604,0.0,0.002430555555555555,0.6499999999999999,0.0,0.6499999999999999,Fishing,Fishing - Trawler
750000151,FISH_PHI_TRANS,VU,fishing,0.9998381877022655,trawler,0.9999999823959024,0.0,0.0,1.0787486515641855e-05,0.9998381877022655,0.0,3.2362459546925564e-05,0.0,0.0001186623516720604,0.0,0.002430555555555555,0.6499999999999999,0.0,0.6499999999999999,Fishing,Fishing - Trawler
750000151,FISH_PHI_TRANS,VU,fishing,0.9998381877022655,trawler,0.9999999811882011,0.0,0.0,1.0787486515641855e-05,0.9998381877022655,0.0,3.2362459546925564e-05,0.0,0.0001186623516720604,0.0,0.002430555555555555,0.6499999999999999,0.0,0.6499999999999999,Fishing,Fishing - Trawler
750000151,FISH_PHI_TRANS,VU,fishing,0.9424122617763394,trawler,0.9999999819582751,0.0,0.0014814814814814814,0.019121898597626752,0.9424122617763394,0.0,0.0016990291262135922,0.0,0.035285329018338724,0.0,0.17236111111111113,0.6499999999999999,0.0,0.6499999999999999,Fishing,Fishing - Trawler
750000151,FISH_PHI_TRANS,VU,fishing,0.9733937432578208,trawler,0.9999999819096473,0.0,0.0,1.0787486515641855e-05,0.9733937432578208,0.0,0.0016990291262135922,0.0,0.02489644012944984,0.0,0.17236111111111113,0.6499999999999999,0.0,0.6499999999999999,Fishing,Fishing - Trawler
750000151,FISH_PHI_TRANS,VU,fishing,0.9998381877022655,trawler,0.9999999821253093,0.0,0.0,1.0787486515641855e-05,0.9998381877022655,0.0,3.2362459546925564e-05,0.0,0.0001186623516720604,0.0,0.002430555555555555,0.6499999999999999,0.0,0.6499999999999999,Fishing,Fishing - Trawler
750000151,FISH_PHI_TRANS,VU,fishing,0.9998381877022655,trawler,0.9999999808141801,0.0,0.0,1.0787486515641855e-05,0.9998381877022655,0.0,3.2362459546925564e-05,0.0,0.0001186623516720604,0.0,0.002430555555555555,0.6499999999999999,0.0,0.6499999999999999,Fishing,Fishing - Trawler
750000151,FISH_PHI_TRANS,VU,fishing,0.9998381877022655,trawler,0.9999999823959024,0.0,0.0,1.0787486515641855e-05,0.9998381877022655,0.0,3.2362459546925564e-05,0.0,0.0001186623516720604,0.0,0.002430555555555555,0.6499999999999999,0.0,0.6499999999999999,Fishing,Fishing - Trawler
750000151,FISH_PHI_TRANS,VU,fishing,0.9998381877022655,trawler,0.9999999823959024,0.0,0.0,1.0787486515641855e-05,0.9998381877022655,0.0,3.2362459546925564e-05,0.0,0.0001186623516720604,0.0,0.002430555555555555,0.6499999999999999,0.0,0.6499999999999999,Fishing,Fishing - Trawler
750000151,FISH_PHI_TRANS,VU,fishing,0.9987270765911542,trawler,0.9999999823959024,0.0,0.0,1.0787486515641855e-05,0.9987270765911542,0.0011111111111111111,3.2362459546925564e-05,0.0,0.0001186623516720604,0.0,0.002430555555555555,0.6499999999999999,0.0,0.6499999999999999,Fishing,Fishing - Trawler
750000151,FISH_PHI_TRANS,VU,fishing,0.9376715210355987,trawler,0.9999999823959024,0.005,0.015555555555555557,0.0013441208198489752,0.9376715210355987,0.0029523809523809524,3.2362459546925564e-05,0.0061111111111111106,0.025951995685005395,0.005380952380952381,0.002430555555555555,0.6499999999999999,0.0,0.6499999999999999,Fishing,Fishing - Trawler
750000151,FISH_PHI_TRANS,VU,transit,0.9502777777777777,trawler,0.9999999814230284,0.0,0.014166666666666666,0.0011111111111111111,0.015277777777777779,0.0,0.0033333333333333335,0.010555555555555556,0.9502777777777777,0.005277777777777778,0.002430555555555555,0.3,0.0,0.3,Transit,Fishing - Trawler
750000151,FISH_PHI_TRANS,VU,transit,0.9949890350877193,trawler,0.9999999832231136,1.0964912280701754e-05,0.0033333333333333335,0.0,0.0016666666666666668,0.0,0.0,0.0,0.9949890350877193,0.0,0.002430555555555555,0.3,0.0,0.3,Transit,Fishing - Trawler
750000151,FISH_PHI_TRANS,VU,transit,1.0,trawler,0.999999983223287,0.0,0.0,0.0,0.0,0.0,0.0,0.0,1.0,0.0,0.002430555555555555,0.3,0.0,0.3,Transit,Fishing - Trawler
750000151,FISH_PHI_TRANS,VU,transit,1.0,trawler,0.9999999832041139,0.0,0.0,0.0,0.0,0.0,0.0,0.0,1.0,0.0,0.002430555555555555,0.3,0.0,0.3,Transit,Fishing - Trawler
750000151,FISH_PHI_TRANS,VU,transit,1.0,trawler,0.9999999832039094,0.0,0.0,0.0,0.0,0.0,0.0,0.0,1.0,0.0,0.002430555555555555,0.3,0.0,0.3,Transit,Fishing - Trawler
750000251,FISH_PHI_TRANS,VU,fishing,0.9367350130990908,longliner,0.9999999585201161,0.0,0.0,1.0787486515641855e-05,0.9367350130990908,0.0032222222222222222,3.2362459546925564e-05,0.0006666666666666668,0.04877739251040222,0.010555555555555556,0.002430555555555555,0.6499999999999999,0.0,0.6499999999999999,Fishing,Fishing - Longliner
750000251,FISH_PHI_TRANS,VU,fishing,0.9998381877022655,longliner,0.9999999585249658,0.0,0.0,1.0787486515641855e-05,0.9998381877022655,0.0,3.2362459546925564e-05,0.0,0.0001186623516720604,0.0,0.002430555555555555,0.6499999999999999,0.0,0.6499999999999999,Fishing,Fishing - Longliner
750000251,FISH_PHI_TRANS,VU,fishing,0.9965048543689321,longliner,0.9999999566930168,0.0,0.0,1.0787486515641855e-05,0.9965048543689321,0.0,3.2362459546925564e-05,0.0,0.0001186623516720604,0.0033333333333333335,0.002430555555555555,0.6499999999999999,0.0,0.6499999999999999,Fishing,Fishing - Longliner
750000251,FISH_PHI_TRANS,VU,fishing,0.9998381877022655,longliner,0.9999999563580911,0.0,0.0,1.0787486515641855e-05,0.9998381877022655,0.0,3.2362459546925564e-05,0.0,0.0001186623516720604,0.0,0.002430555555555555,0.6499999999999999,0.0,0.6499999999999999,Fishing,Fishing - Longliner
750000251,FISH_PHI_TRANS,VU,fishing,0.9998381877022655,longliner,0.9999999585190144,0.0,0.0,1.0787486515641855e-05,0.9998381877022655,0.0,3.2362459546925564e-05,0.0,0.0001186623516720604,0.0,0.002430555555555555,0.6499999999999999,0.0,0.6499999999999999,Fishing,Fishing - Longliner
750000251,FISH_PHI_TRANS,VU,fishing,0.9998381877022655,longliner,0.9999999585190144,0.0,0.0,1.0787486515641855e-05,0.9998381877022655,0.0,3.2362459546925564e-05,0.0,0.0001186623516720604,0.0,0.002430555555555555,0.6499999999999999,0.0,0.6499999999999999,Fishing,Fishing - Longliner
750000251,FISH_PHI_TRANS,VU,fishing,0.9998381877022655,longliner,0.9999999585190144,0.0,0.0,1.0787486515641855e-05,0.9998381877022655,0.0,3.2362459546925564e-05,0.0,0.0001186623516720604,0.0,0.002430555555555555,0.6499999999999999,0.0,0.6499999999999999,Fishing,Fishing - Longliner
750000251,FISH_PHI_TRANS,VU,fishing,0.9998381877022655,longliner,0.9999999585190144,0.0,0.0,1.0787486515641855e-05,0.9998381877022655,0.0,3.2362459546925564e-05,0.0,0.0001186623516720604,0.0,0.002430555555555555,0.6499999999999999,0.0,0.6499999999999999,Fishing,Fishing - Longliner
750000251,FISH_PHI_TRANS,VU,fishing,0.8038333333333333,longliner,0.9999999559620852,0.007111111111111111,0.0,0.0,0.8038333333333333,0.0005555555555555556,0.019722222222222224,0.0,0.16599999999999998,0.002777777777777778,0.17236111111111113,0.6499999999999999,0.0,0.6499999999999999,Fishing,Fishing - Longliner
750000251,FISH_PHI_TRANS,VU,fishing,0.8014122617763394,longliner,0.9999999585190501,0.007111111111111111,0.0014814814814814814,1.0787486515641855e-05,0.8014122617763394,0.0005555555555555556,0.019199029126213595,0.0,0.16745199568500538,0.002777777777777778,0.17236111111111113,0.6499999999999999,0.0,0.6499999999999999,Fishing,Fishing - Longliner
750000251,FISH_PHI_TRANS,VU,fishing,0.9998381877022655,longliner,0.9999999585190144,0.0,0.0,1.0787486515641855e-05,0.9998381877022655,0.0,3.2362459546925564e-05,0.0,0.0001186623516720604,0.0,0.002430555555555555,0.6499999999999999,0.0,0.6499999999999999,Fishing,Fishing - Longliner
750000251,FISH_PHI_TRANS,VU,fishing,0.9998381877022655,longliner,0.9999999585190144,0.0,0.0,1.0787486515641855e-05,0.9998381877022655,0.0,3.2362459546925564e-05,0.0,0.0001186623516720604,0.0,0.002430555555555555,0.6499999999999999,0.0,0.6499999999999999,Fishing,Fishing - Longliner
750000251,FISH_PHI_TRANS,VU,fishing,0.9998381877022655,longliner,0.9999999563580911,0.0,0.0,1.0787486515641855e-05,0.9998381877022655,0.0,3.2362459546925564e-05,0.0,0.0001186623516720604,0.0,0.002430555555555555,0.6499999999999999,0.0,0.6499999999999999,Fishing,Fishing - Longliner
750000251,FISH_PHI_TRANS,VU,fishing,0.9998381877022655,longliner,0.9999999563580911,0.0,0.0,1.0787486515641855e-05,0.9998381877022655,0.0,3.2362459546925564e-05,0.0,0.0001186623516720604,0.0,0.002430555555555555,0.6499999999999999,0.0,0.6499999999999999,Fishing,Fishing - Longliner
750000251,FISH_PHI_TRANS,VU,fishing,0.9998381877022655,longliner,0.9999999585190144,0.0,0.0,1.0787486515641855e-05,0.9998381877022655,0.0,3.2362459546925564e-05,0.0,0.0001186623516720604,0.0,0.002430555555555555,0.6499999999999999,0.0,0.6499999999999999,Fishing,Fishing - Longliner
750000251,FISH_PHI_TRANS,VU,fishing,0.9998381877022655,longliner,0.9999999585249658,0.0,0.0,1.0787486515641855e-05,0.9998381877022655,0.0,3.2362459546925564e-05,0.0,0.0001186623516720604,0.0,0.002430555555555555,0.6499999999999999,0.0,0.6499999999999999,Fishing,Fishing - Longliner
750000251,FISH_PHI_TRANS,VU,transit,0.8855330687830688,longliner,0.9999999701346769,0.0020833333333333333,0.003666666666666667,0.0,0.08280952380952382,0.011185185185185185,0.0022222222222222222,0.011944444444444443,0.8855330687830688,0.0005555555555555556,0.002430555555555555,0.3,0.0,0.3,Transit,Fishing - Longliner
750000251,FISH_PHI_TRANS,VU,transit,0.9988562091503267,longliner,0.9999999625550268,0.0011437908496732027,0.0,0.0,0.0,0.0,0.0,0.0,0.9988562091503267,0.0,0.002430555555555555,0.3,0.0,0.3,Transit,Fishing - Longliner
750000251,FISH_PHI_TRANS,VU,transit,1.0,longliner,0.9999999625553345,0.0,0.0,0.0,0.0,0.0,0.0,0.0,1.0,0.0,0.002430555555555555,0.3,0.0,0.3,Transit,Fishing - Longliner
750000251,FISH_PHI_TRANS,VU,transit,1.0,longliner,0.9999999753136145,0.0,0.0,0.0,0.0,0.0,0.0,0.0,1.0,0.0,0.002430555555555555,0.3,0.0,0.3,Transit,Fishing - Longliner
750000251,FISH_PHI_TRANS,VU,transit,1.0,longliner,0.999999962555059,0.0,0.0,0.0,0.0,0.0,0.0,0.0,1.0,0.0,0.002430555555555555,0.3,0.0,0.3,Transit,Fishing - Longliner
750000351,FISH_PHI_TRANS,TW,fishing,0.9712301587301586,trawler,0.524001300016611,0.0,0.0,0.0,0.9712301587301586,0.0,0.0,0.0,0.025436507936507934,0.0033333333333333335,0.002430555555555555,0.3536178951433999,0.0,0.3536178951433999,Fishing,Fishing - Trawler
750000351,FISH_PHI_TRANS,TW,fishing,0.9998381877022655,trawler,0.5680874776723862,0.0,0.0,1.0787486515641855e-05,0.9998381877022655,0.0,3.2362459546925564e-05,0.0,0.0001186623516720604,0.0,0.002430555555555555,0.3563734378344553,0.0,0.3563734378344553,Fishing,Fishing - Trawler
750000351,FISH_PHI_TRANS,TW,fishing,0.9931715210355988,trawler,0.5680874776723862,0.0,0.0,1.0787486515641855e-05,0.9931715210355988,0.003452380952380952,3.2362459546925564e-05,0.0,0.0001186623516720604,0.0032142857142857142,0.002430555555555555,0.35515282617444277,0.0,0.35515282617444277,Fishing,Fishing - Trawler
750000351,FISH_PHI_TRANS,TW,fishing,0.9976159654800432,trawler,0.5680874776723862,0.0,0.0,0.0022330097087378637,0.9976159654800432,0.0,3.2362459546925564e-05,0.0,0.0001186623516720604,0.0,0.002430555555555555,0.3517581453858122,0.0,0.3517581453858122,Fishing,Fishing - Trawler
750000351,FISH_PHI_TRANS,TW,fishing,0.9998381877022655,trawler,0.5680955034884195,0.0,0.0,1.0787486515641855e-05,0.9998381877022655,0.0,3.2362459546925564e-05,0.0,0.0001186623516720604,0.0,0.002430555555555555,0.35,0.0,0.35,Fishing,Fishing - Trawler
750000351,FISH_PHI_TRANS,TW,fishing,0.9981715210355988,trawler,0.5680955036069213,0.0,0.0,1.0787486515641855e-05,0.9981715210355988,0.0,3.2362459546925564e-05,0.0,0.0017853290183387272,0.0,0.002430555555555555,0.35,0.0,0.35,Fishing,Fishing - Trawler
750000351,FISH_PHI_TRANS,TW,fishing,0.9998381877022655,trawler,0.5636326133239086,0.0,0.0,1.0787486515641855e-05,0.9998381877022655,0.0,3.2362459546925564e-05,0.0,0.0001186623516720604,0.0,0.002430555555555555,0.35,0.0,0.35,Fishing,Fishing - Trawler
750000351,FISH_PHI_TRANS,TW,fishing,0.9998381877022655,trawler,0.5708768444737857,0.0,0.0,1.0787486515641855e-05,0.9998381877022655,0.0,3.2362459546925564e-05,0.0,0.0001186623516720604,0.0,0.002430555555555555,0.35,0.0,0.35,Fishing,Fishing - Trawler
750000351,FISH_PHI_TRANS,TW,fishing,0.8072222222222222,trawler,0.5680874776724057,0.002666666666666667,0.0,0.0,0.8072222222222222,0.0005555555555555556,0.025722222222222223,0.0,0.16105555555555554,0.002777777777777778,0.17236111111111113,0.35,0.0,0.35,Fishing,Fishing - Trawler
750000351,FISH_PHI_TRANS,TW,fishing,0.8060555555555555,trawler,0.5680905941636296,0.0,0.0,0.0,0.8060555555555555,0.0005555555555555556,0.016833333333333332,0.0,0.17377777777777775,0.002777777777777778,0.17236111111111113,0.35,0.0,0.35,Fishing,Fishing - Trawler
750000351,FISH_PHI_TRANS,TW,fishing,0.9938381877022654,trawler,0.5705904212092237,0.0,0.0,1.0787486515641855e-05,0.9938381877022654,0.006,3.2362459546925564e-05,0.0,0.0001186623516720604,0.0,0.002430555555555555,0.35,0.0,0.35,Fishing,Fishing - Trawler
750000351,FISH_PHI_TRANS,TW,fishing,0.9938381877022654,trawler,0.5678082753296767,0.0,0.0,1.0787486515641855e-05,0.9938381877022654,0.006,3.2362459546925564e-05,0.0,0.0001186623516720604,0.0,0.002430555555555555,0.35,0.0,0.35,Fishing,Fishing - Trawler
750000351,FISH_PHI_TRANS,TW,fishing,0.9942826321467099,trawler,0.5678082753094189,0.0,0.0,1.0787486515641855e-05,0.9942826321467099,0.0033333333333333335,3.2362459546925564e-05,0.0,0.0001186623516720604,0.0022222222222222222,0.002430555555555555,0.35,0.0,0.35,Fishing,Fishing - Trawler
750000351,FISH_PHI_TRANS,TW,fishing,0.9898381877022655,trawler,0.5680955036069213,0.0,0.0,0.0033441208198489755,0.9898381877022655,0.006666666666666667,3.2362459546925564e-05,0.0,0.0001186623516720604,0.0,0.002430555555555555,0.35,0.0,0.35,Fishing,Fishing - Trawler
750000351,FISH_PHI_TRANS,TW,fishing,0.9953937432578209,trawler,0.5680955034884195,0.0,0.0,1.0787486515641855e-05,0.9953937432578209,0.0044444444444444444,3.2362459546925564e-05,0.0,0.0001186623516720604,0.0,0.002430555555555555,0.35,0.0,0.35,Fishing,Fishing - Trawler
750000351,FISH_PHI_TRANS,TW,fishing,0.9931715210355988,trawler,0.5240059311676675,0.0,0.0,1.0787486515641855e-05,0.9931715210355988,0.006666666666666667,3.2362459546925564e-05,0.0,0.0001186623516720604,0.0,0.002430555555555555,0.35,0.0,0.35,Fishing,Fishing - Trawler
750000351,FISH_PHI_TRANS,TW,transit,0.7010313607643703,trawler,0.5268304476323434,0.018055555555555554,0.02238888888888889,0.024121898597626753,0.1543699337340114,0.04044444444444445,0.004754584681769147,0.01011111111111111,0.7010313607643703,0.024722222222222222,0.002430555555555555,0.0,0.0,0.002430555555555555,Transit,Fishing - Trawler
750000351,FISH_PHI_TRANS,TW,transit,0.9862142857142858,trawler,0.5161773060843373,0.002,0.0,0.0,0.0067857142857142855,0.0,0.0,0.005,0.9862142857142858,0.0,0.002430555555555555,0.0,0.0,0.002430555555555555,Transit,Fishing - Trawler
750000351,FISH_PHI_TRANS,TW,transit,1.0,trawler,0.5603801755862117,0.0,0.0,0.0,0.0,0.0,0.0,0.0,1.0,0.0,0.002430555555555555,0.0,0.0,0.002430555555555555,Transit,Fishing - Trawler
750000351,FISH_PHI_TRANS,TW,transit,1.0,longliner,0.7147003806114961,0.0,0.0,0.0,0.0,0.0,0.0,0.0,1.0,0.0,0.002430555555555555,0.0,0.0,0.002430555555555555,Transit,Fishing - Longliner
750000351,FISH_PHI_TRANS,TW,transit,1.0,trawler,0.5603801755862117,0.0,0.0,0.0,0.0,0.0,0.0,0.0,1.0,0.0,0.002430555555555555,0.0,0.0,0.002430555555555555,Transit,Fishing - Trawler
750100151,REEFER_PHI_01,MH,transit,1.0,cargo,0.9999981603118804,0.0,0.0,0.0,0.0,0.0,0.0,0.0,1.0,0.0,0.002430555555555555,0.0,0.0,0.002430555555555555,Transit,Cargo
750100151,REEFER_PHI_01,MH,transit,1.0,cargo,0.9999978919958347,0.0,0.0,0.0,0.0,0.0,0.0,0.0,1.0,0.0,0.002430555555555555,0.0,0.0,0.002430555555555555,Transit,Cargo
750100151,REEFER_PHI_01,MH,transit,0.9958223684210527,cargo,0.9999981604330916,1.0964912280701754e-05,0.0,0.0,0.0,0.0,0.0,0.004166666666666667,0.9958223684210527,0.0,0.002430555555555555,0.0,0.0,0.002430555555555555,Transit,Cargo
750100151,REEFER_PHI_01,MH,transit,1.0,cargo,0.9999978919958284,0.0,0.0,0.0,0.0,0.0,0.0,0.0,1.0,0.0,0.002430555555555555,0.0,0.0,0.002430555555555555,Transit,Cargo
750100151,REEFER_PHI_01,MH,transit,0.9983333333333333,cargo,0.9999999882067413,0.0,0.0,0.0,0.0,0.0,0.0016666666666666668,0.0,0.9983333333333333,0.0,0.002430555555555555,0.0,0.0,0.002430555555555555,Transit,Cargo
750100151,REEFER_PHI_01,MH,transit,1.0,cargo,0.9999999882067413,0.0,0.0,0.0,0.0,0.0,0.0,0.0,1.0,0.0,0.002430555555555555,0.0,0.0,0.002430555555555555,Transit,Cargo
750100151,REEFER_PHI_01,MH,transit,0.9752777777777779,cargo,0.9999999887845182,0.0,0.0,0.0,0.0022222222222222222,0.009722222222222222,0.004166666666666667,0.005555555555555555,0.9752777777777779,0.0030555555555555553,0.002430555555555555,0.0,0.0,0.002430555555555555,Transit,Cargo
750100151,REEFER_PHI_01,MH,transshipment,0.6190992063492065,cargo,0.9999999810507986,0.0035,0.0,0.0,0.009000000000000001,0.29128968253968257,0.0027777777777777775,0.0,0.07433333333333333,0.6190992063492065,0.002430555555555555,0.0,0.0,0.002430555555555555,Transshipment at Sea,Cargo
750100151,REEFER_PHI_01,MH,transshipment,0.6053809523809521,cargo,0.9999999822456421,0.03627777777777778,0.005555555555555555,0.008,0.013333333333333334,0.25784126984126987,0.0,0.030555555555555555,0.04305555555555556,0.6053809523809521,0.002430555555555555,0.0,0.0,0.002430555555555555,Transshipment at Sea,Cargo
750100151,REEFER_PHI_01,MH,transshipment,0.5785733323388278,cargo,0.999999981889622,0.04819918699186991,0.004359078590785908,0.001869918699186992,0.011,0.31515430993759463,0.0,0.023510840108401085,0.017333333333333333,0.5785733323388278,0.002430555555555555,0.0,0.0,0.002430555555555555,Transshipment at Sea,Cargo
750100151,REEFER_PHI_01,MH,transit,0.7826428571428571,cargo,0.9999999824288542,0.02412698412698413,0.0033333333333333335,0.0,0.006666666666666667,0.09804761904761905,0.0016666666666666668,0.05384920634920635,0.7826428571428571,0.02966666666666666,0.002430555555555555,0.0,0.0,0.002430555555555555,Transit,Cargo
750100151,REEFER_PHI_01,MH,transit,0.9983223684210526,cargo,0.9999894720885464,0.0016776315789473683,0.0,0.0,0.0,0.0,0.0,0.0,0.9983223684210526,0.0,0.002430555555555555,0.0,0.0,0.002430555555555555,Transit,Cargo
750100151,REEFER_PHI_01,MH,transit,1.0,cargo,0.9999999882064382,0.0,0.0,0.0,0.0,0.0,0.0,0.0,1.0,0.0,0.002430555555555555,0.0,0.0,0.002430555555555555,Transit,Cargo
750100151,REEFER_PHI_01,MH,transit,1.0,cargo,0.9999999882067413,0.0,0.0,0.0,0.0,0.0,0.0,0.0,1.0,0.0,0.002430555555555555,0.0,0.0,0.002430555555555555,Transit,Cargo
750100151,REEFER_PHI_01,MH,transit,1.0,cargo,0.9999999882067413,0.0,0.0,0.0,0.0,0.0,0.0,0.0,1.0,0.0,0.002430555555555555,0.0,0.0,0.002430555555555555,Transit,Cargo
750100151,REEFER_PHI_01,MH,transit,1.0,cargo,0.9999999882067413,0.0,0.0,0.0,0.0,0.0,0.0,0.0,1.0,0.0,0.002430555555555555,0.0,0.0,0.002430555555555555,Transit,Cargo
750100151,REEFER_PHI_01,MH,transit,0.9999890350877193,cargo,0.9999999882067413,1.0964912280701754e-05,0.0,0.0,0.0,0.0,0.0,0.0,0.9999890350877193,0.0,0.002430555555555555,0.0,0.0,0.002430555555555555,Transit,Cargo
750100151,REEFER_PHI_01,MH,transit,1.0,cargo,0.999998449605204,0.0,0.0,0.0,0.0,0.0,0.0,0.0,1.0,0.0,0.002430555555555555,0.0,0.0,0.002430555555555555,Transit,Cargo
750100151,REEFER_PHI_01,MH,transit,1.0,cargo,0.9999992059355628,0.0,0.0,0.0,0.0,0.0,0.0,0.0,1.0,0.0,0.002430555555555555,0.0,0.0,0.002430555555555555,Transit,Cargo
750100251,REEFER_PHI_01,LR,transit,1.0,bulk_carrier,0.9870437190463477,0.0,0.0,0.0,0.0,0.0,0.0,0.0,1.0,0.0,0.002430555555555555,0.0,0.0,0.002430555555555555,Transit,Bulk Carrier
750100251,REEFER_PHI_01,LR,transit,1.0,bulk_carrier,0.9858658586980844,0.0,0.0,0.0,0.0,0.0,0.0,0.0,1.0,0.0,0.002430555555555555,0.0,0.0,0.002430555555555555,Transit,Bulk Carrier
750100251,REEFER_PHI_01,LR,transit,1.0,bulk_carrier,0.9857232926604219,0.0,0.0,0.0,0.0,0.0,0.0,0.0,1.0,0.0,0.002430555555555555,0.0,0.0,0.002430555555555555,Transit,Bulk Carrier
750100251,REEFER_PHI_01,LR,transit,1.0,bulk_carrier,0.9866473585676662,0.0,0.0,0.0,0.0,0.0,0.0,0.0,1.0,0.0,0.002430555555555555,0.0,0.0,0.002430555555555555,Transit,Bulk Carrier
750100251,REEFER_PHI_01,LR,transit,1.0,bulk_carrier,0.987060055484234,0.0,0.0,0.0,0.0,0.0,0.0,0.0,1.0,0.0,0.002430555555555555,0.0,0.0,0.002430555555555555,Transit,Bulk Carrier
750100251,REEFER_PHI_01,LR,transit,1.0,bulk_carrier,0.9827993873437496,0.0,0.0,0.0,0.0,0.0,0.0,0.0,1.0,0.0,0.002430555555555555,0.0,0.0,0.002430555555555555,Transit,Bulk Carrier
750100251,REEFER_PHI_01,LR,transit,0.8836216931216935,bulk_carrier,0.9947410822922788,0.0016666666666666668,0.0,0.0,0.028396825396825396,0.01211111111111111,0.06259259259259259,0.0011111111111111111,0.8836216931216935,0.010499999999999999,0.002430555555555555,0.0,0.0,0.002430555555555555,Transit,Bulk Carrier
750100251,REEFER_PHI_01,LR,transshipment,0.605563492063492,bulk_carrier,0.9445429123043396,0.0016666666666666668,0.0022222222222222222,0.00278856526429342,0.05700485436893204,0.1534047619047619,0.013143473570658037,0.011055555555555555,0.15315040838341806,0.605563492063492,0.002430555555555555,0.0,0.0,0.002430555555555555,Transshipment at Sea,Bulk Carrier
750100251,REEFER_PHI_01,LR,transshipment,0.6619022134847821,bulk_carrier,0.9914070879060717,0.0008333333333333334,0.0030357142857142857,0.0175,0.09158333333333332,0.1677803261977574,0.006388888888888888,0.007333333333333334,0.043642857142857136,0.6619022134847821,0.002430555555555555,0.0,0.0,0.002430555555555555,Transshipment at Sea,Bulk Carrier
750100251,REEFER_PHI_01,LR,transshipment,0.644938411703907,bulk_carrier,0.7229683573439255,0.01919918699186992,0.007200348432055749,0.035758807588075876,0.07949999999999999,0.16297177025505516,0.004166666666666667,0.010233062330623306,0.03603174603174603,0.644938411703907,0.002430555555555555,0.0,0.0,0.002430555555555555,Transshipment at Sea,Bulk Carrier
750100251,REEFER_PHI_01,LR,transit,0.6334761904761906,bulk_carrier,0.9393698693841771,0.015500000000000002,0.007222222222222222,0.007777777777777777,0.030055555555555558,0.18177777777777776,0.0033333333333333335,0.01972222222222222,0.6334761904761906,0.10113492063492063,0.002430555555555555,0.0,0.0,0.002430555555555555,Transit,Bulk Carrier
750100251,REEFER_PHI_01,LR,transit,1.0,bulk_carrier,0.9946460106108256,0.0,0.0,0.0,0.0,0.0,0.0,0.0,1.0,0.0,0.002430555555555555,0.0,0.0,0.002430555555555555,Transit,Bulk Carrier
750100251,REEFER_PHI_01,LR,transit,1.0,bulk_carrier,0.9891473363954145,0.0,0.0,0.0,0.0,0.0,0.0,0.0,1.0,0.0,0.002430555555555555,0.0,0.0,0.002430555555555555,Transit,Bulk Carrier
750100251,REEFER_PHI_01,LR,transit,1.0,bulk_carrier,0.8659374118330656,0.0,0.0,0.0,0.0,0.0,0.0,0.0,1.0,0.0,0.002430555555555555,0.0,0.0,0.002430555555555555,Transit,Bulk Carrier
750100251,REEFER_PHI_01,LR,transit,1.0,bulk_carrier,0.9861383154192198,0.0,0.0,0.0,0.0,0.0,0.0,0.0,1.0,0.0,0.002430555555555555,0.0,0.0,0.002430555555555555,Transit,Bulk Carrier
750100251,REEFER_PHI_01,LR,transit,1.0,cargo,0.9105419597059354,0.0,0.0,0.0,0.0,0.0,0.0,0.0,1.0,0.0,0.002430555555555555,0.0,0.0,0.002430555555555555,Transit,Cargo
750100251,REEFER_PHI_01,LR,transit,0.9999890350877193,cargo,0.9105419549887623,1.0964912280701754e-05,0.0,0.0,0.0,0.0,0.0,0.0,0.9999890350877193,0.0,0.002430555555555555,0.0,0.0,0.002430555555555555,Transit,Cargo
750100251,REEFER_PHI_01,LR,transit,1.0,bulk_carrier,0.9867261286469884,0.0,0.0,0.0,0.0,0.0,0.0,0.0,1.0,0.0,0.002430555555555555,0.0,0.0,0.002430555555555555,Transit,Bulk Carrier
750100251,REEFER_PHI_01,LR,transit,1.0,bulk_carrier,0.9872154391429068,0.0,0.0,0.0,0.0,0.0,0.0,0.0,1.0,0.0,0.002430555555555555,0.0,0.0,0.002430555555555555,Transit,Bulk Carrier
750100351,REEFER_PHI_01,PA,transit,1.0,cargo,0.9999999882067058,0.0,0.0,0.0,0.0,0.0,0.0,0.0,1.0,0.0,0.002430555555555555,0.3,0.0,0.3,Transit,Cargo
750100351,REEFER_PHI_01,PA,transit,1.0,cargo,0.9999999882067058,0.0,0.0,0.0,0.0,0.0,0.0,0.0,1.0,0.0,0.002430555555555555,0.3,0.0,0.3,Transit,Cargo
750100351,REEFER_PHI_01,PA,transit,1.0,cargo,0.9999999882067058,0.0,0.0,0.0,0.0,0.0,0.0,0.0,1.0,0.0,0.002430555555555555,0.3,0.0,0.3,Transit,Cargo
750100351,REEFER_PHI_01,PA,transit,1.0,cargo,0.9999999882067058,0.0,0.0,0.0,0.0,0.0,0.0,0.0,1.0,0.0,0.002430555555555555,0.3,0.0,0.3,Transit,Cargo
750100351,REEFER_PHI_01,PA,transit,0.9999890350877193,cargo,0.9999999882067058,1.0964912280701754e-05,0.0,0.0,0.0,0.0,0.0,0.0,0.9999890350877193,0.0,0.002430555555555555,0.3,0.0,0.3,Transit,Cargo
750100351,REEFER_PHI_01,PA,transit,0.9999890350877193,cargo,0.9999999882067058,1.0964912280701754e-05,0.0,0.0,0.0,0.0,0.0,0.0,0.9999890350877193,0.0,0.002430555555555555,0.3,0.0,0.3,Transit,Cargo
750100351,REEFER_PHI_01,PA,transit,0.9255277777777777,cargo,0.9999999887653822,0.0,0.0,0.0,0.015722222222222224,0.029027777777777774,0.009166666666666667,0.0022222222222222222,0.9255277777777777,0.018333333333333333,0.002430555555555555,0.3,0.0,0.3,Transit,Cargo
750100351,REEFER_PHI_01,PA,transshipment,0.5626031746031747,cargo,0.9999999884008738,0.0,0.0,0.0,0.00661111111111111,0.36934126984126986,0.0011111111111111111,0.0,0.060333333333333336,0.5626031746031747,0.002430555555555555,0.3,0.0,0.3,Transshipment at Sea,Cargo
750100351,REEFER_PHI_01,PA,transshipment,0.5731244357070044,cargo,0.9999916632687235,0.0061111111111111106,0.0,0.0,0.012833333333333334,0.4007644531818843,0.0,0.0,0.007166666666666667,0.5731244357070044,0.002430555555555555,0.3,0.0,0.3,Transshipment at Sea,Cargo
750100351,REEFER_PHI_01,PA,transshipment,0.6164061817387503,cargo,0.9999917764696187,0.011666666666666667,0.0,0.0,0.017833333333333333,0.33542715159458253,0.0,0.0075,0.011166666666666667,0.6164061817387503,0.002430555555555555,0.3,0.0,0.3,Transshipment at Sea,Cargo
750100351,REEFER_PHI_01,PA,transit,0.7626507936507935,cargo,0.9999653452442439,0.03783068783068783,0.005833333333333334,0.0,0.0051190476190476186,0.09456613756613756,0.0,0.044777777777777784,0.7626507936507935,0.04922222222222222,0.002430555555555555,0.3,0.0,0.3,Transit,Cargo
750100351,REEFER_PHI_01,PA,transit,0.9966557017543859,cargo,0.9391403196025047,0.0016776315789473683,0.0,0.0,0.0,0.0,0.0,0.0016666666666666668,0.9966557017543859,0.0,0.002430555555555555,0.3,0.0,0.3,Transit,Cargo
750100351,REEFER_PHI_01,PA,transit,0.9999890350877193,cargo,0.9999667142131151,1.0964912280701754e-05,0.0,0.0,0.0,0.0,0.0,0.0,0.9999890350877193,0.0,0.002430555555555555,0.3,0.0,0.3,Transit,Cargo
750100351,REEFER_PHI_01,PA,transit,0.9849999999999998,cargo,0.9999663218064341,0.006666666666666667,0.0022222222222222222,0.0,0.0,0.005,0.0011111111111111111,0.0,0.9849999999999998,0.0,0.002430555555555555,0.3,0.0,0.3,Transit,Cargo
750100351,REEFER_PHI_01,PA,transit,1.0,cargo,0.9999547428027169,0.0,0.0,0.0,0.0,0.0,0.0,0.0,1.0,0.0,0.002430555555555555,0.3,0.0,0.3,Transit,Cargo
750100351,REEFER_PHI_01,PA,transit,1.0,cargo,0.9999999882067058,0.0,0.0,0.0,0.0,0.0,0.0,0.0,1.0,0.0,0.002430555555555555,0.3,0.0,0.3,Transit,Cargo
750100351,REEFER_PHI_01,PA,transit,0.9999890350877193,cargo,0.9999999882067058,1.0964912280701754e-05,0.0,0.0,0.0,0.0,0.0,0.0,0.9999890350877193,0.0,0.002430555555555555,0.3,0.0,0.3,Transit,Cargo
750100351,REEFER_PHI_01,PA,transit,1.0,cargo,0.9999999882067058,0.0,0.0,0.0,0.0,0.0,0.0,0.0,1.0,0.0,0.002430555555555555,0.3,0.0,0.3,Transit,Cargo
750100351,REEFER_PHI_01,PA,transit,0.9999890350877193,cargo,0.9999999882067058,1.0964912280701754e-05,0.0,0.0,0.0,0.0,0.0,0.0,0.9999890350877193,0.0,0.002430555555555555,0.3,0.0,0.3,Transit,Cargo
760000151,CARGO_PHI_BNKR,CN,transit,0.9983333333333333,cargo,0.9999999888429439,0.0016666666666666668,0.0,0.0,0.0,0.0,0.0,0.0,0.9983333333333333,0.0,0.002430555555555555,0.0,0.0,0.002430555555555555,Transit,Cargo
760000151,CARGO_PHI_BNKR,CN,transit,1.0,cargo,0.9999999888084802,0.0,0.0,0.0,0.0,0.0,0.0,0.0,1.0,0.0,0.002430555555555555,0.0,0.0,0.002430555555555555,Transit,Cargo
760000151,CARGO_PHI_BNKR,CN,transit,0.9983333333333333,cargo,0.9999999888010153,0.0016666666666666668,0.0,0.0,0.0,0.0,0.0,0.0,0.9983333333333333,0.0,0.002430555555555555,0.0,0.0,0.002430555555555555,Transit,Cargo
760000151,CARGO_PHI_BNKR,CN,transit,0.9746666666666666,cargo,0.9999999888358014,0.025333333333333336,0.0,0.0,0.0,0.0,0.0,0.0,0.9746666666666666,0.0,0.002430555555555555,0.0,0.0,0.002430555555555555,Transit,Cargo
760000151,CARGO_PHI_BNKR,CN,transit,0.47300794265074453,cargo,0.9999999884784992,0.40612697798417613,0.004722222222222221,0.0,0.009333333333333332,0.012698412698412698,0.0,0.09244444444444447,0.47300794265074453,0.0016666666666666668,0.002430555555555555,0.0,0.0,0.002430555555555555,Transit,Cargo
760000151,CARGO_PHI_BNKR,CN,anchored,0.8048333333333332,cargo,0.9999997810623629,0.8048333333333332,0.03516666666666667,0.0,0.0,0.0,0.0,0.09422222222222222,0.06577777777777777,0.0,0.002430555555555555,0.0,0.0,0.002430555555555555,Anchored/Moored,Cargo
760000151,CARGO_PHI_BNKR,CN,bunkering,0.5340663919413918,cargo,0.9999999568025367,0.13982051282051286,0.5340663919413918,0.0016666666666666668,0.0033333333333333335,0.00961111111111111,0.0,0.2880575396825398,0.020666666666666663,0.0027777777777777775,0.002430555555555555,0.0,0.0,0.002430555555555555,Bunkering,Cargo
760000151,CARGO_PHI_BNKR,CN,bunkering,0.5000356658923734,cargo,0.9999999567010084,0.24072696476964775,0.5000356658923734,0.001869918699186992,0.0033333333333333335,0.01409620596205962,0.0,0.2227112369337979,0.013873015873015877,0.003353658536585366,0.002430555555555555,0.0,0.0,0.002430555555555555,Bunkering,Cargo
760000151,CARGO_PHI_BNKR,CN,transit,0.7061190476190475,cargo,0.9999999817166686,0.09838888888888887,0.028595238095238097,0.0,0.008833333333333334,0.017722222222222223,0.0016666666666666668,0.12945238095238099,0.7061190476190475,0.009222222222222222,0.002430555555555555,0.0,0.0,0.002430555555555555,Transit,Cargo
760000151,CARGO_PHI_BNKR,CN,transit,0.9401666666666667,cargo,0.9999999888875296,0.02661111111111111,0.0,0.0,0.0,0.0,0.0,0.03322222222222222,0.9401666666666667,0.0,0.002430555555555555,0.0,0.0,0.002430555555555555,Transit,Cargo
760000151,CARGO_PHI_BNKR,CN,transit,0.9983333333333333,cargo,0.9999999888084802,0.0016666666666666668,0.0,0.0,0.0,0.0,0.0,0.0,0.9983333333333333,0.0,0.002430555555555555,0.0,0.0,0.002430555555555555,Transit,Cargo
760000151,CARGO_PHI_BNKR,CN,transit,1.0,cargo,0.9999999888010153,0.0,0.0,0.0,0.0,0.0,0.0,0.0,1.0,0.0,0.002430555555555555,0.0,0.0,0.002430555555555555,Transit,Cargo
760000151,CARGO_PHI_BNKR,CN,transit,0.9983333333333333,cargo,0.9999999888010153,0.0016666666666666668,0.0,0.0,0.0,0.0,0.0,0.0,0.9983333333333333,0.0,0.002430555555555555,0.0,0.0,0.002430555555555555,Transit,Cargo
760000151,CARGO_PHI_BNKR,CN,transit,0.9983333333333333,cargo,0.9999999888323944,0.0016666666666666668,0.0,0.0,0.0,0.0,0.0,0.0,0.9983333333333333,0.0,0.002430555555555555,0.0,0.0,0.002430555555555555,Transit,Cargo
760000151,CARGO_PHI_BNKR,CN,transit,1.0,cargo,0.9999999888010153,0.0,0.0,0.0,0.0,0.0,0.0,0.0,1.0,0.0,0.002430555555555555,0.0,0.0,0.002430555555555555,Transit,Cargo
760000251,CARGO_PHI_BNKR,KR,transit,1.0,cargo,0.9989870976954326,0.0,0.0,0.0,0.0,0.0,0.0,0.0,1.0,0.0,0.002430555555555555,0.0,0.0,0.002430555555555555,Transit,Cargo
760000251,CARGO_PHI_BNKR,KR,transit,0.9977777777777778,cargo,0.9989800644733499,0.0,0.0022222222222222222,0.0,0.0,0.0,0.0,0.0,0.9977777777777778,0.0,0.002430555555555555,0.0,0.0,0.002430555555555555,Transit,Cargo
760000251,CARGO_PHI_BNKR,KR,transit,1.0,cargo,0.9989896720402117,0.0,0.0,0.0,0.0,0.0,0.0,0.0,1.0,0.0,0.002430555555555555,0.0,0.0,0.002430555555555555,Transit,Cargo
760000251,CARGO_PHI_BNKR,KR,transit,0.9746666666666666,purse_seiner,0.9632991103554891,0.025333333333333336,0.0,0.0,0.0,0.0,0.0,0.0,0.9746666666666666,0.0,0.002430555555555555,0.0,0.0,0.002430555555555555,Transit,Fishing - Purse Seiner
760000251,CARGO_PHI_BNKR,KR,transit,0.5819712885154064,purse_seiner,0.7866055641172186,0.28630648926237173,0.0016666666666666668,0.0033333333333333335,0.012166666666666666,0.005,0.0,0.10669841269841271,0.5819712885154064,0.002857142857142857,0.002430555555555555,0.0,0.0,0.002430555555555555,Transit,Fishing - Purse Seiner
760000251,CARGO_PHI_BNKR,KR,anchored,0.5895555555555556,purse_seiner,0.8848213598955806,0.5895555555555556,0.11118253968253967,0.018333333333333333,0.024206349206349207,0.015944444444444445,0.0,0.08511111111111112,0.13955555555555557,0.016111111111111114,0.002430555555555555,0.0,0.0,0.002430555555555555,Anchored/Moored,Fishing - Purse Seiner
760000251,CARGO_PHI_BNKR,KR,sts,0.38566666666666666,cargo,0.7905349102778955,0.17076984126984127,0.27380952380952384,0.03222222222222223,0.021984126984126984,0.01661111111111111,0.0,0.38566666666666666,0.06453174603174604,0.0344047619047619,0.002430555555555555,0.0,0.5,0.5,STS Transfer,Cargo
760000251,CARGO_PHI_BNKR,KR,anchored,0.3701991869918699,cargo,0.7948413565529423,0.3701991869918699,0.19904161827332562,0.027981029810298104,0.034761904761904765,0.01198509485094851,0.0,0.2961219512195123,0.03786507936507937,0.022044134727061553,0.002430555555555555,0.0,0.0,0.002430555555555555,Anchored/Moored,Cargo
760000251,CARGO_PHI_BNKR,KR,transit,0.5873253968253969,cargo,0.9450348702114213,0.13572222222222222,0.0809047619047619,0.01,0.014595238095238097,0.032214285714285716,0.0,0.12282539682539682,0.5873253968253969,0.016412698412698414,0.002430555555555555,0.0,0.0,0.002430555555555555,Transit,Cargo
760000251,CARGO_PHI_BNKR,KR,transit,0.9566666666666669,cargo,0.6319331211600917,0.013944444444444445,0.0,0.0,0.0013333333333333335,0.0,0.0,0.028055555555555552,0.9566666666666669,0.0,0.002430555555555555,0.0,0.0,0.002430555555555555,Transit,Cargo
760000251,CARGO_PHI_BNKR,KR,transit,0.9999890350877193,cargo,0.998982796880551,1.0964912280701754e-05,0.0,0.0,0.0,0.0,0.0,0.0,0.9999890350877193,0.0,0.002430555555555555,0.0,0.0,0.002430555555555555,Transit,Cargo
760000251,CARGO_PHI_BNKR,KR,transit,0.9963779239766082,cargo,0.9989826577550477,1.0964912280701754e-05,0.0,0.0,0.003611111111111111,0.0,0.0,0.0,0.9963779239766082,0.0,0.002430555555555555,0.0,0.0,0.002430555555555555,Transit,Cargo
760000251,CARGO_PHI_BNKR,KR,transit,0.9940555555555557,cargo,0.9989717004287563,0.0,0.0,0.0,0.005944444444444444,0.0,0.0,0.0,0.9940555555555557,0.0,0.002430555555555555,0.0,0.0,0.002430555555555555,Transit,Cargo
760000251,CARGO_PHI_BNKR,KR,transit,0.996388888888889,cargo,0.9989717004287563,0.0,0.0,0.0,0.003611111111111111,0.0,0.0,0.0,0.996388888888889,0.0,0.002430555555555555,0.0,0.0,0.002430555555555555,Transit,Cargo
760000251,CARGO_PHI_BNKR,KR,transit,0.9940555555555557,cargo,0.9989717004287563,0.0,0.0,0.0,0.005944444444444444,0.0,0.0,0.0,0.9940555555555557,0.0,0.002430555555555555,0.0,0.0,0.002430555555555555,Transit,Cargo
760000351,CARGO_PHI_BNKR,KR,transit,1.0,cargo,0.9999938058897734,0.0,0.0,0.0,0.0,0.0,0.0,0.0,1.0,0.0,0.002430555555555555,0.0,0.0,0.002430555555555555,Transit,Cargo
760000351,CARGO_PHI_BNKR,KR,transit,1.0,cargo,0.9999936988391687,0.0,0.0,0.0,0.0,0.0,0.0,0.0,1.0,0.0,0.002430555555555555,0.0,0.0,0.002430555555555555,Transit,Cargo
760000351,CARGO_PHI_BNKR,KR,transit,1.0,cargo,0.9999936988391687,0.0,0.0,0.0,0.0,0.0,0.0,0.0,1.0,0.0,0.002430555555555555,0.0,0.0,0.002430555555555555,Transit,Cargo
760000351,CARGO_PHI_BNKR,KR,transit,0.9791111111111112,cargo,0.9999999874584496,0.020888888888888887,0.0,0.0,0.0,0.0,0.0,0.0,0.9791111111111112,0.0,0.002430555555555555,0.0,0.0,0.002430555555555555,Transit,Cargo
760000351,CARGO_PHI_BNKR,KR,transit,0.5936349206349208,cargo,0.999999982820109,0.3046485474693023,0.007222222222222222,0.0,0.011555555555555555,0.012698412698412698,0.0,0.06857367475292005,0.5936349206349208,0.0016666666666666668,0.002430555555555555,0.0,0.0,0.002430555555555555,Transit,Cargo
760000351,CARGO_PHI_BNKR,KR,anchored,0.6939025157232704,cargo,0.9999980683780786,0.6939025157232704,0.03853968253968254,0.0,0.0019444444444444442,0.023888888888888887,0.0,0.1461292303084756,0.0905952380952381,0.005,0.002430555555555555,0.0,0.0,0.002430555555555555,Anchored/Moored,Cargo
760000351,CARGO_PHI_BNKR,KR,sts,0.45210038787719414,cargo,0.9999998823892463,0.3282405916040292,0.15909320557491288,0.0035365853658536586,0.005,0.0353739837398374,0.0,0.45210038787719414,0.013301587301587302,0.003353658536585366,0.002430555555555555,0.0,0.5,0.5,STS Transfer,Cargo
760000351,CARGO_PHI_BNKR,KR,anchored,0.45935170271514036,cargo,0.9999998821884063,0.45935170271514036,0.13070431668602403,0.005203252032520325,0.0016666666666666668,0.021623983739837396,0.0,0.371489276766083,0.0067460317460317455,0.003214769647696477,0.002430555555555555,0.0,0.0,0.002430555555555555,Anchored/Moored,Cargo
760000351,CARGO_PHI_BNKR,KR,transit,0.5415555555555556,cargo,0.9999920026628941,0.17161904761904764,0.03853968253968254,0.0,0.004555555555555556,0.04027777777777778,0.0,0.19456349206349213,0.5415555555555556,0.008888888888888889,0.002430555555555555,0.0,0.0,0.002430555555555555,Transit,Cargo
760000351,CARGO_PHI_BNKR,KR,transit,0.97,cargo,0.9999994802095811,0.00861111111111111,0.0,0.0,0.0,0.0,0.0,0.02138888888888889,0.97,0.0,0.002430555555555555,0.0,0.0,0.002430555555555555,Transit,Cargo
760000351,CARGO_PHI_BNKR,KR,transit,0.9961001461988305,cargo,0.9999999874584496,0.0038998538011695903,0.0,0.0,0.0,0.0,0.0,0.0,0.9961001461988305,0.0,0.002430555555555555,0.0,0.0,0.002430555555555555,Transit,Cargo
760000351,CARGO_PHI_BNKR,KR,transit,1.0,cargo,0.9999999873495996,0.0,0.0,0.0,0.0,0.0,0.0,0.0,1.0,0.0,0.002430555555555555,0.0,0.0,0.002430555555555555,Transit,Cargo
760000351,CARGO_PHI_BNKR,KR,transit,1.0,cargo,0.999999987357224,0.0,0.0,0.0,0.0,0.0,0.0,0.0,1.0,0.0,0.002430555555555555,0.0,0.0,0.002430555555555555,Transit,Cargo
760000351,CARGO_PHI_BNKR,KR,transit,0.9999890350877193,cargo,0.9999999874584496,1.0964912280701754e-05,0.0,0.0,0.0,0.0,0.0,0.0,0.9999890350877193,0.0,0.002430555555555555,0.0,0.0,0.002430555555555555,Transit,Cargo
760000351,CARGO_PHI_BNKR,KR,transit,0.9999890350877193,cargo,0.9999999874584496,1.0964912280701754e-05,0.0,0.0,0.0,0.0,0.0,0.0,0.9999890350877193,0.0,0.002430555555555555,0.0,0.0,0.002430555555555555,Transit,Cargo
760100151,BARGE_PHI_01,MY,transit,0.9146111111111109,trawler,0.999999981847748,0.005555555555555555,0.02727777777777778,0.0,0.032,0.0,0.0016666666666666668,0.016388888888888887,0.9146111111111109,0.0025,0.002430555555555555,0.0,0.0,0.002430555555555555,Transit,Fishing - Trawler
760100151,BARGE_PHI_01,MY,transit,0.8995000000000001,trawler,0.9999999793964187,0.006666666666666667,0.050388888888888886,0.0,0.023222222222222224,0.0008333333333333334,0.0016666666666666668,0.015222222222222222,0.8995000000000001,0.0025,0.002430555555555555,0.0,0.0,0.002430555555555555,Transit,Fishing - Trawler
760100151,BARGE_PHI_01,MY,transit,0.4035873015873016,trawler,0.9999999793927057,0.07122222222222224,0.3512539682539682,0.01,0.06982539682539683,0.0115,0.0,0.07844444444444444,0.4035873015873016,0.004166666666666667,0.002430555555555555,0.0,0.0,0.002430555555555555,Transit,Fishing - Trawler
760100151,BARGE_PHI_01,MY,bunkering,0.37779894179894175,trawler,0.9999999367210288,0.1717619047619048,0.37779894179894175,0.03944444444444445,0.06383597883597884,0.005,0.0,0.19050000000000003,0.1451111111111111,0.006547619047619048,0.002430555555555555,0.0,0.0,0.002430555555555555,Bunkering,Fishing - Trawler
760100151,BARGE_PHI_01,MY,transit,0.43963492063492066,trawler,0.9999999776554069,0.04694444444444445,0.33908730158730144,0.016666666666666666,0.06252380952380954,0.008055555555555555,0.0,0.0806984126984127,0.43963492063492066,0.006388888888888888,0.002430555555555555,0.0,0.0,0.002430555555555555,Transit,Fishing - Trawler
760100151,BARGE_PHI_01,MY,transit,0.9352222222222221,trawler,0.9999999818478545,0.006666666666666667,0.015833333333333335,0.006666666666666667,0.0255,0.0,0.0016666666666666668,0.008444444444444444,0.9352222222222221,0.0,0.002430555555555555,0.0,0.0,0.002430555555555555,Transit,Fishing - Trawler
760100251,BARGE_PHI_01,SG,transit,0.9259999999999998,trawler,0.9999999827586655,0.008333333333333333,0.021444444444444443,0.0,0.022166666666666664,0.0,0.0016666666666666668,0.020388888888888887,0.9259999999999998,0.0,0.002430555555555555,0.0,0.0,0.002430555555555555,Transit,Fishing - Trawler
760100251,BARGE_PHI_01,SG,transit,0.9025555555555557,trawler,0.9999999827781662,0.009222222222222222,0.050222222222222224,0.0016666666666666668,0.014055555555555556,0.0,0.0016666666666666668,0.020611111111111108,0.9025555555555557,0.0,0.002430555555555555,0.0,0.0,0.002430555555555555,Transit,Fishing - Trawler
760100251,BARGE_PHI_01,SG,bunkering,0.43015873015873013,trawler,0.9999999805593996,0.051500000000000004,0.43015873015873013,0.0075,0.030190476190476195,0.013777777777777776,0.0,0.03561111111111112,0.4284841269841271,0.0027777777777777775,0.002430555555555555,0.0,0.0,0.002430555555555555,Bunkering,Fishing - Trawler
760100251,BARGE_PHI_01,SG,bunkering,0.5408564330881404,trawler,0.9999999832489171,0.08719125048393339,0.5408564330881404,0.053536585365853664,0.04716931216931217,0.006818428184281842,0.0,0.15948703058459157,0.09698412698412696,0.007956833139759967,0.002430555555555555,0.0,0.0,0.002430555555555555,Bunkering,Fishing - Trawler
760100251,BARGE_PHI_01,SG,transit,0.4464444444444445,trawler,0.9999999791864305,0.06888888888888889,0.349515873015873,0.023055555555555555,0.022317460317460323,0.011722222222222222,0.0,0.07083333333333333,0.4464444444444445,0.007222222222222222,0.002430555555555555,0.0,0.0,0.002430555555555555,Transit,Fishing - Trawler
760100251,BARGE_PHI_01,SG,transit,0.9206111111111109,trawler,0.9999999827785534,0.005833333333333334,0.040499999999999994,0.0016666666666666668,0.021277777777777777,0.0,0.0016666666666666668,0.008444444444444444,0.9206111111111109,0.0,0.002430555555555555,0.0,0.0,0.002430555555555555,Transit,Fishing - Trawler
760100351,BARGE_PHI_01,MY,transit,0.9396111111111111,trawler,0.9999999832215859,0.0022222222222222222,0.01588888888888889,0.0033333333333333335,0.010833333333333334,0.0,0.0,0.02811111111111111,0.9396111111111111,0.0,0.002430555555555555,0.0,0.0,0.002430555555555555,Transit,Fishing - Trawler
760100351,BARGE_PHI_01,MY,transit,0.9433888888888888,trawler,0.9999999810015999,0.0,0.0335,0.0,0.015,0.0,0.0038888888888888883,0.004222222222222222,0.9433888888888888,0.0,0.002430555555555555,0.0,0.0,0.002430555555555555,Transit,Fishing - Trawler
760100351,BARGE_PHI_01,MY,bunkering,0.4851706349206349,trawler,0.9999999801255441,0.04522222222222222,0.4851706349206349,0.005,0.06774206349206348,0.014555555555555554,0.0,0.04094444444444444,0.328031746031746,0.013333333333333334,0.002430555555555555,0.0,0.0,0.002430555555555555,Bunkering,Fishing - Trawler
760100351,BARGE_PHI_01,MY,bunkering,0.5483723061040136,trawler,0.9999999836261939,0.09135791715060007,0.5483723061040136,0.03964769647696477,0.04133597883597884,0.011373983739837399,0.0,0.15245528455284552,0.10372222222222222,0.011734610917537747,0.002430555555555555,0.0,0.0,0.002430555555555555,Bunkering,Fishing - Trawler
760100351,BARGE_PHI_01,MY,transit,0.5807936507936505,trawler,0.999999979909906,0.032055555555555566,0.20257142857142868,0.006666666666666667,0.10669047619047617,0.013166666666666667,0.006666666666666667,0.02216666666666667,0.5807936507936505,0.029222222222222226,0.002430555555555555,0.0,0.0,0.002430555555555555,Transit,Fishing - Trawler
760100351,BARGE_PHI_01,MY,transit,0.9619999999999999,trawler,0.999999981419531,0.0,0.013833333333333335,0.0,0.013111111111111112,0.0,0.0,0.011055555555555555,0.9619999999999999,0.0,0.002430555555555555,0.0,0.0,0.002430555555555555,Transit,Fishing - Trawler
770003151,SURVEY_PHI_00,NO,transit,0.5673091385421483,trawler,0.9999999068870824,0.011277777777777777,0.004222222222222222,0.005010787486515642,0.10985406071813837,0.04197883597883598,0.22012495505213953,0.020666666666666667,0.5673091385421483,0.01955555555555556,0.002430555555555555,0.0,0.0,0.002430555555555555,Transit,Fishing - Trawler
770003151,SURVEY_PHI_00,NO,transit,0.49759485282786264,trawler,0.9999999760333679,0.03166666666666666,0.0381111111111111,0.028344120819848974,0.1782350130990908,0.07657142857142857,0.09208791801510248,0.018555555555555554,0.49759485282786264,0.03883333333333334,0.002430555555555555,0.0,0.0,0.002430555555555555,Transit,Fishing - Trawler
770003151,SURVEY_PHI_00,NO,transit,0.3996111111111111,trawler,0.9999999784596254,0.13966666666666666,0.1575396825396825,0.0475,0.0905,0.026055555555555557,0.0016666666666666668,0.1271825396825397,0.3996111111111111,0.010277777777777776,0.002430555555555555,0.0,0.0,0.002430555555555555,Transit,Fishing - Trawler
770003151,SURVEY_PHI_00,NO,transit,0.4096111111111111,trawler,0.9999999783905911,0.14022222222222222,0.15753968253968254,0.04083333333333333,0.08772222222222222,0.023833333333333335,0.0016666666666666668,0.12829365079365082,0.4096111111111111,0.010277777777777776,0.002430555555555555,0.0,0.0,0.002430555555555555,Transit,Fishing - Trawler
770003151,SURVEY_PHI_00,NO,fishing,0.32428263214670977,trawler,0.9999999761211195,0.03133333333333333,0.039896825396825396,0.0676774541531823,0.32428263214670977,0.158,0.05503236245954694,0.012,0.25222977346278314,0.05954761904761904,0.002430555555555555,0.35,0.0,0.35,Fishing,Fishing - Trawler
770003151,SURVEY_PHI_00,NO,fishing,0.3328937432578209,trawler,0.9999999761211195,0.03,0.03734126984126984,0.07434412081984897,0.3328937432578209,0.1468888888888889,0.05503236245954694,0.01,0.243118662351672,0.07038095238095238,0.002430555555555555,0.35,0.0,0.35,Fishing,Fishing - Trawler
770003151,SURVEY_PHI_00,NO,transit,0.37483333333333335,trawler,0.9999999784596254,0.14994444444444444,0.17759523809523808,0.0375,0.08494444444444443,0.0205,0.0016666666666666668,0.13940476190476192,0.37483333333333335,0.01361111111111111,0.002430555555555555,0.0,0.0,0.002430555555555555,Transit,Fishing - Trawler
770003151,SURVEY_PHI_00,NO,transit,0.3637222222222223,trawler,0.9999999784596254,0.15022222222222223,0.1945952380952381,0.0375,0.09138888888888888,0.020055555555555556,0.0016666666666666668,0.12723809523809526,0.3637222222222223,0.01361111111111111,0.002430555555555555,0.0,0.0,0.002430555555555555,Transit,Fishing - Trawler
770003151,SURVEY_PHI_00,NO,fishing,0.33872707659115425,trawler,0.9999999761211195,0.042222222222222223,0.03145238095238095,0.07434412081984897,0.33872707659115425,0.10277777777777777,0.07753236245954692,0.008333333333333333,0.26339644012944985,0.061214285714285714,0.002430555555555555,0.35,0.0,0.35,Fishing,Fishing - Trawler
770003151,SURVEY_PHI_00,NO,fishing,0.33206040992448754,trawler,0.9999999761211195,0.03861111111111111,0.03516666666666667,0.08323300970873786,0.33206040992448754,0.1401111111111111,0.04475458468176915,0.008333333333333333,0.2555075512405609,0.062222222222222213,0.002430555555555555,0.35,0.0,0.35,Fishing,Fishing - Trawler
770003151,SURVEY_PHI_00,NO,transit,0.3965,trawler,0.9999999783905911,0.14772222222222223,0.16426190476190472,0.0375,0.08383333333333333,0.026055555555555557,0.0016666666666666668,0.13218253968253968,0.3965,0.010277777777777776,0.002430555555555555,0.0,0.0,0.002430555555555555,Transit,Fishing - Trawler
770003151,SURVEY_PHI_00,NO,transit,0.4123333333333334,trawler,0.9999999783905911,0.13355555555555557,0.16309523809523807,0.03666666666666667,0.08716666666666666,0.029388888888888888,0.0016666666666666668,0.12584920634920638,0.4123333333333334,0.010277777777777776,0.002430555555555555,0.0,0.0,0.002430555555555555,Transit,Fishing - Trawler
770003151,SURVEY_PHI_00,NO,fishing,0.3226159654800431,trawler,0.9999999761211195,0.023055555555555555,0.029230158730158724,0.08323300970873786,0.3226159654800431,0.13344444444444445,0.07781014023732472,0.0033333333333333335,0.25489644012944984,0.07238095238095238,0.002430555555555555,0.35,0.0,0.35,Fishing,Fishing - Trawler
770003151,SURVEY_PHI_00,NO,fishing,0.31772707659115423,trawler,0.9999999761211195,0.025555555555555554,0.039563492063492064,0.0876774541531823,0.31772707659115423,0.14244444444444443,0.05669902912621359,0.01,0.24689644012944978,0.07343650793650794,0.002430555555555555,0.35,0.0,0.35,Fishing,Fishing - Trawler
770003151,SURVEY_PHI_00,NO,transit,0.37150000000000005,trawler,0.9999999784596254,0.14827777777777779,0.17992857142857144,0.0375,0.08694444444444444,0.021166666666666667,0.0016666666666666668,0.13940476190476192,0.37150000000000005,0.01361111111111111,0.002430555555555555,0.0,0.0,0.002430555555555555,Transit,Fishing - Trawler
770003151,SURVEY_PHI_00,NO,transit,0.4015,trawler,0.9999999784596254,0.13994444444444445,0.17148412698412693,0.0375,0.0805,0.022722222222222224,0.0016666666666666668,0.1310714285714286,0.4015,0.01361111111111111,0.002430555555555555,0.0,0.0,0.002430555555555555,Transit,Fishing - Trawler
770003151,SURVEY_PHI_00,NO,transit,0.5996944444444444,trawler,0.9999999737647747,0.09269444444444444,0.10166666666666668,0.01,0.05716666666666667,0.021333333333333333,0.0016666666666666668,0.11244444444444447,0.5996944444444444,0.0033333333333333335,0.002430555555555555,0.0,0.0,0.002430555555555555,Transit,Fishing - Trawler
780003151,PATROL_PHI_00,PH,patrol_sweep,0.6826889281161127,trawler,0.9999999804514778,0.0,0.0006666666666666668,0.0022330097087378637,0.09389374325782093,0.016444444444444446,0.6826889281161127,0.0,0.18968431891732862,0.014388888888888889,0.002430555555555555,0.0,0.0,0.002430555555555555,Patrol / SAR Sweep,Fishing - Trawler
780003151,PATROL_PHI_00,PH,patrol_sweep,0.8554768069039913,trawler,0.9999999804514778,0.0,0.0,0.0016774541531823083,0.030560409924487598,0.003666666666666667,0.8554768069039913,0.0,0.10000755124056095,0.00861111111111111,0.002430555555555555,0.0,0.0,0.002430555555555555,Patrol / SAR Sweep,Fishing - Trawler
780003151,PATROL_PHI_00,PH,patrol_sweep,0.9638101402373248,trawler,0.9999999804514778,0.0,0.0,1.0787486515641855e-05,0.008727076591154261,0.0017777777777777776,0.9638101402373248,0.0,0.023451995685005396,0.0022222222222222222,0.002430555555555555,0.0,0.0,0.002430555555555555,Patrol / SAR Sweep,Fishing - Trawler
780003151,PATROL_PHI_00,PH,patrol_sweep,0.9207777777777778,trawler,0.9999999804514778,0.0,0.0,0.0016666666666666668,0.02005555555555556,0.0,0.9207777777777778,0.0,0.051111111111111114,0.006388888888888888,0.002430555555555555,0.0,0.0,0.002430555555555555,Patrol / SAR Sweep,Fishing - Trawler
780003151,PATROL_PHI_00,PH,patrol_sweep,0.9792222222222222,trawler,0.9999999804514778,0.0,0.0,0.0,0.0033333333333333335,0.0022222222222222222,0.9792222222222222,0.0,0.01411111111111111,0.0011111111111111111,0.002430555555555555,0.0,0.0,0.002430555555555555,Patrol / SAR Sweep,Fishing - Trawler
780003151,PATROL_PHI_00,PH,patrol_sweep,0.9412222222222223,trawler,0.9999999804514778,0.0,0.0,0.0,0.015555555555555553,0.0011111111111111111,0.9412222222222223,0.0,0.03988888888888889,0.0022222222222222222,0.002430555555555555,0.0,0.0,0.002430555555555555,Patrol / SAR Sweep,Fishing - Trawler
780003151,PATROL_PHI_00,PH,patrol_sweep,0.924973544973545,trawler,0.9999999804514778,0.0,0.0,0.0,0.0044444444444444444,0.0011111111111111111,0.924973544973545,0.0,0.06947089947089946,0.0,0.002430555555555555,0.0,0.0,0.002430555555555555,Patrol / SAR Sweep,Fishing - Trawler
780003151,PATROL_PHI_00,PH,patrol_sweep,0.9234179894179894,trawler,0.9999999804514778,0.0,0.0,0.0,0.008777777777777778,0.0011111111111111111,0.9234179894179894,0.0,0.06447089947089947,0.0022222222222222222,0.002430555555555555,0.0,0.0,0.002430555555555555,Patrol / SAR Sweep,Fishing - Trawler
780003151,PATROL_PHI_00,PH,patrol_sweep,0.9091170185442032,trawler,0.9999999804514778,0.0,0.0,1.0787486515641855e-05,0.01261596548004315,0.0006666666666666668,0.9091170185442032,0.0,0.0753673396003493,0.0022222222222222222,0.002430555555555555,0.0,0.0,0.002430555555555555,Patrol / SAR Sweep,Fishing - Trawler
780003151,PATROL_PHI_00,PH,patrol_sweep,0.8375634920634919,trawler,0.9999999804514778,0.0,0.0,0.0033333333333333335,0.015444444444444446,0.0011111111111111111,0.8375634920634919,0.0,0.14254761904761903,0.0,0.002430555555555555,0.0,0.0,0.002430555555555555,Patrol / SAR Sweep,Fishing - Trawler
780003151,PATROL_PHI_00,PH,patrol_sweep,0.8353947963219807,trawler,0.9999999804514778,0.0,0.0,1.0787486515641855e-05,0.006504854368932039,0.0,0.8353947963219807,0.0,0.15586733960034932,0.0022222222222222222,0.002430555555555555,0.0,0.0,0.002430555555555555,Patrol / SAR Sweep,Fishing - Trawler
780003152,PATROL_PHI_01,PH,transit,0.3253906681236779,longliner,0.9999999771839262,0.0,0.0017777777777777776,0.019121898597626752,0.237504854368932,0.05468253968253969,0.32146670589389037,0.0,0.3253906681236779,0.04005555555555556,0.002430555555555555,0.0,0.0,0.002430555555555555,Transit,Fishing - Longliner
780003152,PATROL_PHI_01,PH,patrol_sweep,0.4554667058938904,longliner,0.9999999771839262,0.0,0.0,0.010788565264293419,0.19861596548004318,0.035571428571428566,0.4554667058938904,0.0,0.2744462236792333,0.025111111111111115,0.002430555555555555,0.0,0.0,0.002430555555555555,Patrol / SAR Sweep,Fishing - Longliner
780003152,PATROL_PHI_01,PH,patrol_sweep,0.45376767676767676,longliner,0.9999999771839262,0.0,0.0,0.010777777777777778,0.19794444444444445,0.03779365079365079,0.45376767676767676,0.0,0.2784942279942279,0.021222222222222222,0.002430555555555555,0.0,0.0,0.002430555555555555,Patrol / SAR Sweep,Fishing - Longliner
780003152,PATROL_PHI_01,PH,patrol_sweep,0.4888000392272236,longliner,0.9999999771839262,0.0038888888888888883,0.0,0.0057885652642934195,0.1364492988133765,0.018571428571428572,0.4888000392272236,0.0,0.33844622367923344,0.008055555555555555,0.002430555555555555,0.0,0.0,0.002430555555555555,Patrol / SAR Sweep,Fishing - Longliner
780003152,PATROL_PHI_01,PH,patrol_sweep,0.5076301106301105,longliner,0.9999999772081506,0.005,0.0016666666666666668,0.005777777777777778,0.09622222222222221,0.012126984126984127,0.5076301106301105,0.006444444444444444,0.3592429052429053,0.005888888888888889,0.002430555555555555,0.0,0.0,0.002430555555555555,Patrol / SAR Sweep,Fishing - Longliner
780003152,PATROL_PHI_01,PH,patrol_sweep,0.510963443963444,longliner,0.9999999772081506,0.005,0.0016666666666666668,0.005777777777777778,0.09955555555555555,0.008793650793650793,0.510963443963444,0.006444444444444444,0.35590957190957195,0.005888888888888889,0.002430555555555555,0.0,0.0,0.002430555555555555,Patrol / SAR Sweep,Fishing - Longliner
780003152,PATROL_PHI_01,PH,patrol_sweep,0.46741115033833475,longliner,0.9999999771839262,0.0038888888888888883,0.0,0.0057885652642934195,0.13311596548004317,0.011904761904761906,0.46741115033833475,0.0,0.36094622367923346,0.016944444444444443,0.002430555555555555,0.0,0.0,0.002430555555555555,Patrol / SAR Sweep,Fishing - Longliner
780003152,PATROL_PHI_01,PH,transit,0.504930735930736,longliner,0.9999999771839262,0.0022222222222222222,0.0,0.009111111111111111,0.14427777777777778,0.018571428571428572,0.31283116883116885,0.0,0.504930735930736,0.008055555555555555,0.002430555555555555,0.0,0.0,0.002430555555555555,Transit,Fishing - Longliner
780003152,PATROL_PHI_01,PH,patrol_sweep,0.5054402508674353,longliner,0.9999999772081506,0.005,0.0016666666666666668,0.0057885652642934195,0.09561596548004314,0.011015873015873015,0.5054402508674353,0.006444444444444444,0.36313934537235515,0.005888888888888889,0.002430555555555555,0.0,0.0,0.002430555555555555,Patrol / SAR Sweep,Fishing - Longliner
780003152,PATROL_PHI_01,PH,transit,0.465607599340609,longliner,0.9999999772081506,0.0033333333333333335,0.0016666666666666668,0.009121898597626753,0.0933699337340114,0.012349206349206348,0.39777358420076864,0.006444444444444444,0.465607599340609,0.010333333333333333,0.002430555555555555,0.0,0.0,0.002430555555555555,Transit,Fishing - Longliner
780003152,PATROL_PHI_01,PH,transit,0.5954545454545456,longliner,0.9999999772081506,0.0033333333333333335,0.0016666666666666668,0.009111111111111111,0.10203174603174604,0.012126984126984127,0.2661645021645022,0.006444444444444444,0.5954545454545456,0.003666666666666667,0.002430555555555555,0.0,0.0,0.002430555555555555,Transit,Fishing - Longliner
780003152,PATROL_PHI_01,PH,patrol_sweep,0.48596344396344393,longliner,0.9999999772081506,0.005,0.0016666666666666668,0.005777777777777778,0.10647619047619047,0.013238095238095238,0.48596344396344393,0.006444444444444444,0.3695444925444927,0.005888888888888889,0.002430555555555555,0.0,0.0,0.002430555555555555,Patrol / SAR Sweep,Fishing - Longliner
780003152,PATROL_PHI_01,PH,transit,0.6401424718754818,longliner,0.9999999772081506,0.0022222222222222222,0.0044444444444444444,0.010010787486515642,0.10331437817845583,0.006333333333333333,0.21931014023732467,0.007222222222222222,0.6401424718754818,0.007,0.002430555555555555,0.0,0.0,0.002430555555555555,Transit,Fishing - Longliner
780003152,PATROL_PHI_01,PH,patrol_sweep,0.49766247308965744,longliner,0.9999999772081506,0.0038888888888888883,0.0,0.004455231930960086,0.10420326706734473,0.011015873015873015,0.49766247308965744,0.004222222222222222,0.36866315489616475,0.005888888888888889,0.002430555555555555,0.0,0.0,0.002430555555555555,Patrol / SAR Sweep,Fishing - Longliner
780003152,PATROL_PHI_01,PH,transit,0.7911658027644869,longliner,0.9999999652168264,0.0545109649122807,0.05533333333333334,0.018333333333333333,0.01722222222222222,0.0011111111111111111,0.0012121212121212121,0.05999999999999999,0.7911658027644869,0.0011111111111111111,0.002430555555555555,0.0,0.0,0.002430555555555555,Transit,Fishing - Longliner
780003152,PATROL_PHI_01,PH,patrol_sweep,0.4904078884078883,longliner,0.9999999772081506,0.005,0.0016666666666666668,0.005777777777777778,0.09703174603174604,0.012126984126984127,0.4904078884078883,0.006444444444444444,0.3756556036556038,0.005888888888888889,0.002430555555555555,0.0,0.0,0.002430555555555555,Patrol / SAR Sweep,Fishing - Longliner
780003152,PATROL_PHI_01,PH,transit,0.6547636839966937,longliner,0.9999999772081506,0.0033333333333333335,0.014166666666666666,0.016344120819848977,0.09242548928956695,0.007,0.19802226144944593,0.00611111111111111,0.6547636839966937,0.007833333333333333,0.002430555555555555,0.0,0.0,0.002430555555555555,Transit,Fishing - Longliner
790003151,DREDGER_PHI_00,US,dredging,0.9664730933023616,purse_seiner,0.9999994205900897,0.0028658536585365853,0.002303523035230352,0.9664730933023616,0.0044444444444444444,0.013373983739837397,0.0,0.00012195121951219511,0.0061111111111111106,0.004306039488966318,0.002430555555555555,0.0,0.0,0.002430555555555555,Dredging,Fishing - Purse Seiner
790003151,DREDGER_PHI_00,US,dredging,0.9854810298102983,purse_seiner,0.9999994205900897,0.0028658536585365853,8.130081300813008e-05,0.9854810298102983,0.003611111111111111,0.0033739837398373985,0.0,0.00012195121951219511,0.0044444444444444444,2.032520325203252e-05,0.002430555555555555,0.0,0.0,0.002430555555555555,Dredging,Fishing - Purse Seiner
790003151,DREDGER_PHI_00,US,dredging,0.9871476964769648,purse_seiner,0.9999994205900897,0.0028658536585365853,0.0017479674796747969,0.9871476964769648,0.0011111111111111111,0.0033739837398373985,0.0,0.00012195121951219511,0.0027777777777777775,0.0008536585365853659,0.002430555555555555,0.0,0.0,0.002430555555555555,Dredging,Fishing - Purse Seiner
790003151,DREDGER_PHI_00,US,dredging,0.9877032520325203,purse_seiner,0.9999994205900897,0.0028658536585365853,0.005636856368563686,0.9877032520325203,0.0,4.065040650406504e-05,0.0,0.00012195121951219511,0.0027777777777777775,0.0008536585365853659,0.002430555555555555,0.0,0.0,0.002430555555555555,Dredging,Fishing - Purse Seiner
790003151,DREDGER_PHI_00,US,dredging,0.9600394363444328,purse_seiner,0.999999421233377,0.006199186991869919,0.006747967479674797,0.9600394363444328,0.008727076591154261,0.0021041424699961286,3.2362459546925564e-05,0.001788617886178862,0.009563106796116504,0.004798102981029811,0.002430555555555555,0.0,0.0,0.002430555555555555,Dredging,Fishing - Purse Seiner
790003151,DREDGER_PHI_00,US,dredging,0.9671029284079248,purse_seiner,0.9999994205900897,0.0028658536585365853,0.005636856368563686,0.9671029284079248,0.007060409924487594,0.004485094850948509,3.2362459546925564e-05,0.00012195121951219511,0.009563106796116504,0.0031314363143631436,0.002430555555555555,0.0,0.0,0.002430555555555555,Dredging,Fishing - Purse Seiner
790003151,DREDGER_PHI_00,US,dredging,0.9559810298102982,purse_seiner,0.9999995443486231,0.0028658536585365853,8.130081300813008e-05,0.9559810298102982,0.015055555555555555,0.006707317073170732,0.0016666666666666668,0.001788617886178862,0.010833333333333334,0.005020325203252032,0.002430555555555555,0.0,0.0,0.002430555555555555,Dredging,Fishing - Purse Seiner
790003151,DREDGER_PHI_00,US,dredging,0.9718143631436313,purse_seiner,0.9999994584260898,0.006199186991869919,8.130081300813008e-05,0.9718143631436313,0.002,4.065040650406504e-05,0.0,0.001788617886178862,0.010833333333333332,0.007242547425474255,0.002430555555555555,0.0,0.0,0.002430555555555555,Dredging,Fishing - Purse Seiner
790003151,DREDGER_PHI_00,US,dredging,0.9716029284079248,purse_seiner,0.9999994205900897,0.0028658536585365853,0.00508130081300813,0.9716029284079248,0.006504854368932039,0.002262872628726287,0.0011434735706580366,0.001788617886178862,0.007063106796116505,0.0016869918699186992,0.002430555555555555,0.0,0.0,0.002430555555555555,Dredging,Fishing - Purse Seiner
790003151,DREDGER_PHI_00,US,dredging,0.9745365853658537,purse_seiner,0.9999994205900897,0.007865853658536585,8.130081300813008e-05,0.9745365853658537,0.003666666666666667,0.0017073170731707317,0.0,0.00012195121951219511,0.010333333333333333,0.0016869918699186992,0.002430555555555555,0.0,0.0,0.002430555555555555,Dredging,Fishing - Purse Seiner
790003151,DREDGER_PHI_00,US,dredging,0.981869918699187,purse_seiner,0.9999994205900897,0.0028658536585365853,0.007859078590785907,0.981869918699187,0.0033333333333333335,0.0005962059620596206,0.0,0.00012195121951219511,0.0,0.003353658536585366,0.002430555555555555,0.0,0.0,0.002430555555555555,Dredging,Fishing - Purse Seiner
790003151,DREDGER_PHI_00,US,dredging,0.9469175377468061,purse_seiner,0.9999994205900897,0.010365853658536586,0.004525745257452574,0.9469175377468061,0.005333333333333334,0.009881920247773906,0.0,0.0009552845528455284,0.018666666666666665,0.003353658536585366,0.002430555555555555,0.0,0.0,0.002430555555555555,Dredging,Fishing - Purse Seiner
800003150,LOITER_PHI_00,PH,transit,1.0,cargo,0.9999999874595561,0.0,0.0,0.0,0.0,0.0,0.0,0.0,1.0,0.0,0.002430555555555555,0.0,0.0,0.002430555555555555,Transit,Cargo
800003150,LOITER_PHI_00,PH,transit,1.0,cargo,0.9999999873503841,0.0,0.0,0.0,0.0,0.0,0.0,0.0,1.0,0.0,0.002430555555555555,0.0,0.0,0.002430555555555555,Transit,Cargo
800003150,LOITER_PHI_00,PH,transit,1.0,cargo,0.9999999873503841,0.0,0.0,0.0,0.0,0.0,0.0,0.0,1.0,0.0,0.002430555555555555,0.0,0.0,0.002430555555555555,Transit,Cargo
800003150,LOITER_PHI_00,PH,transit,1.0,cargo,0.9999999873503841,0.0,0.0,0.0,0.0,0.0,0.0,0.0,1.0,0.0,0.002430555555555555,0.0,0.0,0.002430555555555555,Transit,Cargo
800003150,LOITER_PHI_00,PH,transit,1.0,cargo,0.9999999873514837,0.0,0.0,0.0,0.0,0.0,0.0,0.0,1.0,0.0,0.002430555555555555,0.0,0.0,0.002430555555555555,Transit,Cargo
800003150,LOITER_PHI_00,PH,transit,1.0,cargo,0.9999999873503841,0.0,0.0,0.0,0.0,0.0,0.0,0.0,1.0,0.0,0.002430555555555555,0.0,0.0,0.002430555555555555,Transit,Cargo
800003150,LOITER_PHI_00,PH,transit,0.923611111111111,cargo,0.9999999859988447,0.0,0.0,0.0,0.025277777777777777,0.045833333333333344,0.003611111111111112,0.0008333333333333334,0.923611111111111,0.0008333333333333334,0.002430555555555555,0.0,0.0,0.002430555555555555,Transit,Cargo
800003150,LOITER_PHI_00,PH,loiter,0.7760264550264551,cargo,0.9999999722927374,0.0011111111111111111,0.0,0.0,0.023444444444444445,0.7760264550264551,0.004666666666666666,0.0006666666666666668,0.061592592592592595,0.13249206349206352,0.002430555555555555,0.0,0.0,0.002430555555555555,Loitering,Cargo
800003150,LOITER_PHI_00,PH,loiter,0.8735,cargo,0.9999997160193099,0.0030555555555555553,0.0,0.005,0.024999999999999998,0.8735,0.0011111111111111111,0.012222222222222223,0.027333333333333338,0.052777777777777785,0.002430555555555555,0.0,0.0,0.002430555555555555,Loitering,Cargo
800003150,LOITER_PHI_00,PH,loiter,0.9933358817533129,cargo,0.9999999826871432,0.0,0.0,0.0,0.0,0.9933358817533129,0.0,0.0,0.0,0.006664118246687054,0.002430555555555555,0.0,0.0,0.002430555555555555,Loitering,Cargo
800003150,LOITER_PHI_00,PH,loiter,0.9902803261977575,cargo,0.9999999826758846,0.0,0.0,0.0,0.0033333333333333335,0.9902803261977575,0.0,0.0,0.0,0.006386340468909276,0.002430555555555555,0.0,0.0,0.002430555555555555,Loitering,Cargo
800003150,LOITER_PHI_00,PH,loiter,0.9875025484199798,cargo,0.9999999826856728,0.0,0.0,0.0,0.006666666666666667,0.9875025484199798,0.0,0.0011111111111111111,0.0,0.004719673802242609,0.002430555555555555,0.0,0.0,0.002430555555555555,Loitering,Cargo
800003150,LOITER_PHI_00,PH,loiter,0.9918358817533129,cargo,0.9999999827983254,0.0,0.0,0.0,0.0,0.9918358817533129,0.0,0.0,0.0,0.008164118246687054,0.002430555555555555,0.0,0.0,0.002430555555555555,Loitering,Cargo
800003150,LOITER_PHI_00,PH,loiter,0.9570025484199797,cargo,0.9999999828004883,0.008833333333333334,0.0,0.0,0.0,0.9570025484199797,0.0,0.0027777777777777775,0.0,0.03138634046890928,0.002430555555555555,0.0,0.0,0.002430555555555555,Loitering,Cargo
800003150,LOITER_PHI_00,PH,loiter,0.9947247706422019,cargo,0.9999999826856728,0.0,0.0,0.0,0.0,0.9947247706422019,0.0,0.005,0.0,0.00027522935779816516,0.002430555555555555,0.0,0.0,0.002430555555555555,Loitering,Cargo
800003150,LOITER_PHI_00,PH,loiter,0.8545197441871756,cargo,0.9999999840865563,0.029555555555555557,0.007777777777777777,0.0,0.006944444444444443,0.8545197441871756,0.0,0.013796296296296298,0.0019047619047619048,0.08550141983398864,0.002430555555555555,0.0,0.0,0.002430555555555555,Loitering,Cargo
800003150,LOITER_PHI_00,PH,loiter,0.8371001742160279,cargo,0.9999999840970255,0.08988966318234609,0.004747967479674797,0.0035365853658536586,0.016,0.8371001742160279,0.0,0.007899728997289973,0.0,0.04082588075880758,0.002430555555555555,0.0,0.0,0.002430555555555555,Loitering,Cargo
800003150,LOITER_PHI_00,PH,loiter,0.9922247706422018,cargo,0.9999999828004883,0.0033333333333333335,0.0,0.0,0.0016666666666666668,0.9922247706422018,0.0,0.0,0.0,0.002775229357798165,0.002430555555555555,0.0,0.0,0.002430555555555555,Loitering,Cargo
800003150,LOITER_PHI_00,PH,loiter,0.9875581039755351,cargo,0.9999999826758846,0.0,0.0,0.0,0.0024444444444444444,0.9875581039755351,0.0,0.0,0.0,0.009997451580020385,0.002430555555555555,0.0,0.0,0.002430555555555555,Loitering,Cargo
800003150,LOITER_PHI_00,PH,loiter,0.9963914373088684,cargo,0.9999999826856728,0.0,0.0,0.0,0.0022222222222222222,0.9963914373088684,0.0,0.0,0.0,0.0013863404689092762,0.002430555555555555,0.0,0.0,0.002430555555555555,Loitering,Cargo
800003150,LOITER_PHI_00,PH,loiter,0.9986136595310908,cargo,0.9999999826871432,0.0011111111111111111,0.0,0.0,0.0,0.9986136595310908,0.0,0.0,0.0,0.00027522935779816516,0.002430555555555555,0.0,0.0,0.002430555555555555,Loitering,Cargo
800003150,LOITER_PHI_00,PH,loiter,0.9936136595310908,cargo,0.9999999827987555,0.0016666666666666668,0.0,0.0,0.0,0.9936136595310908,0.0011111111111111111,0.0008333333333333334,0.0,0.002775229357798165,0.002430555555555555,0.0,0.0,0.002430555555555555,Loitering,Cargo
800003150,LOITER_PHI_00,PH,loiter,0.9975025484199795,cargo,0.9999999826856728,0.0,0.0,0.0,0.0022222222222222222,0.9975025484199795,0.0,0.0,0.0,0.00027522935779816516,0.002430555555555555,0.0,0.0,0.002430555555555555,Loitering,Cargo
800003150,LOITER_PHI_00,PH,loiter,0.9417247706422017,cargo,0.9999999831083387,0.0074444444444444445,0.0,0.0,0.004111111111111111,0.9417247706422017,0.0,0.0027777777777777775,0.0,0.04394189602446483,0.002430555555555555,0.0,0.0,0.002430555555555555,Loitering,Cargo
800003150,LOITER_PHI_00,PH,loiter,0.9792803261977574,cargo,0.9999999828004883,0.0,0.0,0.0,0.0,0.9792803261977574,0.0,0.0008333333333333334,0.0,0.019886340468909275,0.002430555555555555,0.0,0.0,0.002430555555555555,Loitering,Cargo
800003150,LOITER_PHI_00,PH,loiter,0.9992485801660113,cargo,0.9999999826856728,0.0,0.0,0.0,0.0004761904761904762,0.9992485801660113,0.0,0.0,0.0,0.00027522935779816516,0.002430555555555555,0.0,0.0,0.002430555555555555,Loitering,Cargo
800003150,LOITER_PHI_00,PH,loiter,0.9936930246104558,cargo,0.9999999826856728,0.0,0.0,0.0,0.006031746031746032,0.9936930246104558,0.0,0.0,0.0,0.00027522935779816516,0.002430555555555555,0.0,0.0,0.002430555555555555,Loitering,Cargo
800003150,LOITER_PHI_00,PH,loiter,0.9944708023882335,cargo,0.9999999826856728,0.0031111111111111114,0.0,0.0,0.0021428571428571425,0.9944708023882335,0.0,0.0,0.0,0.00027522935779816516,0.002430555555555555,0.0,0.0,0.002430555555555555,Loitering,Cargo
800003150,LOITER_PHI_00,PH,anchored,0.6853068783068783,cargo,0.9999999826742952,0.6853068783068783,0.0016666666666666668,0.0033333333333333335,0.002619047619047619,0.23279629629629633,0.0,0.04861111111111111,0.011166666666666667,0.014499999999999999,0.002430555555555555,0.0,0.0,0.002430555555555555,Anchored/Moored,Cargo
800003150,LOITER_PHI_00,PH,anchored,0.8962728937728934,cargo,0.9999999262473939,0.8962728937728934,0.034671550671550665,0.0,0.0022222222222222222,0.0044444444444444444,0.0,0.06127777777777778,0.0011111111111111111,0.0,0.002430555555555555,0.0,0.0,0.002430555555555555,Anchored/Moored,Cargo
800003150,LOITER_PHI_00,PH,anchored,0.9833936314363143,cargo,0.9999999273454645,0.9833936314363143,0.004553523035230352,0.0002032520325203252,0.0,0.0004110207768744354,0.0,0.01141824751580849,0.0,2.032520325203252e-05,0.002430555555555555,0.0,0.0,0.002430555555555555,Anchored/Moored,Cargo
800003150,LOITER_PHI_00,PH,anchored,0.9870047425474255,cargo,0.9999999273370346,0.9870047425474255,0.004553523035230352,0.0002032520325203252,0.0,0.0004110207768744354,0.0,0.007807136404697382,0.0,2.032520325203252e-05,0.002430555555555555,0.0,0.0,0.002430555555555555,Anchored/Moored,Cargo
800003150,LOITER_PHI_00,PH,anchored,0.8410166473093303,cargo,0.9999999840865748,0.8410166473093303,8.130081300813008e-05,0.0002032520325203252,0.0033333333333333335,0.10985017421602786,0.0,0.025550522648083624,0.006666666666666667,0.01329810298102981,0.002430555555555555,0.0,0.0,0.002430555555555555,Anchored/Moored,Cargo
800003150,LOITER_PHI_00,PH,loiter,0.9675819134993446,cargo,0.9999999826758846,0.020555555555555553,0.0,0.0,0.007142857142857143,0.9675819134993446,0.0,0.0,0.0,0.004719673802242609,0.002430555555555555,0.0,0.0,0.002430555555555555,Loitering,Cargo
800003150,LOITER_PHI_00,PH,loiter,0.9997247706422019,cargo,0.9999999826856728,0.0,0.0,0.0,0.0,0.9997247706422019,0.0,0.0,0.0,0.00027522935779816516,0.002430555555555555,0.0,0.0,0.002430555555555555,Loitering,Cargo
800003150,LOITER_PHI_00,PH,loiter,0.9963914373088685,cargo,0.9999999826856728,0.0,0.0,0.0,0.0033333333333333335,0.9963914373088685,0.0,0.0,0.0,0.00027522935779816516,0.002430555555555555,0.0,0.0,0.002430555555555555,Loitering,Cargo
800003150,LOITER_PHI_00,PH,loiter,0.9891692150866462,cargo,0.9999999826758846,0.0,0.0,0.0,0.0033333333333333335,0.9891692150866462,0.0,0.0,0.0,0.007497451580020386,0.002430555555555555,0.0,0.0,0.002430555555555555,Loitering,Cargo
800003150,LOITER_PHI_00,PH,loiter,0.9698914373088686,cargo,0.9999999826861178,0.02027777777777778,0.0006666666666666668,0.0,0.0033333333333333335,0.9698914373088686,0.0,0.0033333333333333335,0.0022222222222222222,0.00027522935779816516,0.002430555555555555,0.0,0.0,0.002430555555555555,Loitering,Cargo
800003150,LOITER_PHI_00,PH,loiter,0.9976612785787097,cargo,0.999999982675222,0.0011111111111111111,0.0,0.0,0.0,0.9976612785787097,0.0,0.0,0.0,0.0012276103101791175,0.002430555555555555,0.0,0.0,0.002430555555555555,Loitering,Cargo
800003150,LOITER_PHI_00,PH,loiter,0.9980581039755352,cargo,0.9999999826856728,0.0,0.0,0.0,0.0,0.9980581039755352,0.0,0.0,0.0,0.0019418960244648317,0.002430555555555555,0.0,0.0,0.002430555555555555,Loitering,Cargo
800003150,LOITER_PHI_00,PH,loiter,0.9997247706422019,cargo,0.9999999826856728,0.0,0.0,0.0,0.0,0.9997247706422019,0.0,0.0,0.0,0.00027522935779816516,0.002430555555555555,0.0,0.0,0.002430555555555555,Loitering,Cargo
800003150,LOITER_PHI_00,PH,loiter,0.9991666666666666,cargo,0.9999999826856728,0.0008333333333333334,0.0,0.0,0.0,0.9991666666666666,0.0,0.0,0.0,0.0,0.002430555555555555,0.0,0.0,0.002430555555555555,Loitering,Cargo
800003150,LOITER_PHI_00,PH,loiter,0.9973914373088686,cargo,0.9999999826856728,0.0016666666666666668,0.0,0.0,0.0006666666666666668,0.9973914373088686,0.0,0.0,0.0,0.00027522935779816516,0.002430555555555555,0.0,0.0,0.002430555555555555,Loitering,Cargo
800003150,LOITER_PHI_00,PH,loiter,0.995915246832678,cargo,0.9999999826856728,0.0,0.0,0.0,0.0004761904761904762,0.995915246832678,0.0,0.0,0.0,0.0036085626911314984,0.002430555555555555,0.0,0.0,0.002430555555555555,Loitering,Cargo
800003150,LOITER_PHI_00,PH,loiter,0.9738319134993448,cargo,0.9999999826856728,0.004,0.0016666666666666668,0.0,0.0015873015873015873,0.9738319134993448,0.0,0.005833333333333334,0.0,0.013080784913353719,0.002430555555555555,0.0,0.0,0.002430555555555555,Loitering,Cargo
800003150,LOITER_PHI_00,PH,loiter,0.9997247706422019,cargo,0.9999999826758846,0.0,0.0,0.0,0.0,0.9997247706422019,0.0,0.0,0.0,0.00027522935779816516,0.002430555555555555,0.0,0.0,0.002430555555555555,Loitering,Cargo
800003150,LOITER_PHI_00,PH,loiter,0.9835025484199796,cargo,0.9999999826856728,0.0,0.0,0.0,0.0067777777777777775,0.9835025484199796,0.0,0.0008333333333333334,0.0016666666666666668,0.007219673802242609,0.002430555555555555,0.0,0.0,0.002430555555555555,Loitering,Cargo
800003150,LOITER_PHI_00,PH,loiter,0.6947328042328041,cargo,0.9999999665455854,0.011944444444444443,0.0,0.0,0.007777777777777777,0.6947328042328041,0.004166666666666667,0.02661111111111111,0.15653703703703709,0.09823015873015874,0.002430555555555555,0.0,0.0,0.002430555555555555,Loitering,Cargo
800003150,LOITER_PHI_00,PH,transit,0.9144444444444444,cargo,0.9999999874664031,0.03883333333333333,0.0,0.0,0.0,0.0022222222222222222,0.0,0.0445,0.9144444444444444,0.0,0.002430555555555555,0.0,0.0,0.002430555555555555,Transit,Cargo
800003150,LOITER_PHI_00,PH,transit,1.0,cargo,0.9999999874575504,0.0,0.0,0.0,0.0,0.0,0.0,0.0,1.0,0.0,0.002430555555555555,0.0,0.0,0.002430555555555555,Transit,Cargo
800003150,LOITER_PHI_00,PH,transit,1.0,cargo,0.9999999874595561,0.0,0.0,0.0,0.0,0.0,0.0,0.0,1.0,0.0,0.002430555555555555,0.0,0.0,0.002430555555555555,Transit,Cargo
800003150,LOITER_PHI_00,PH,transit,1.0,cargo,0.9999999873503841,0.0,0.0,0.0,0.0,0.0,0.0,0.0,1.0,0.0,0.002430555555555555,0.0,0.0,0.002430555555555555,Transit,Cargo
800003150,LOITER_PHI_00,PH,transit,1.0,cargo,0.9999999874595561,0.0,0.0,0.0,0.0,0.0,0.0,0.0,1.0,0.0,0.002430555555555555,0.0,0.0,0.002430555555555555,Transit,Cargo
800003150,LOITER_PHI_00,PH,transit,1.0,cargo,0.9999999873503841,0.0,0.0,0.0,0.0,0.0,0.0,0.0,1.0,0.0,0.002430555555555555,0.0,0.0,0.002430555555555555,Transit,Cargo
800003151,LOITER_PHI_01,VN,transit,0.9999890350877193,cargo,0.9999999882067413,1.0964912280701754e-05,0.0,0.0,0.0,0.0,0.0,0.0,0.9999890350877193,0.0,0.002430555555555555,0.0,0.0,0.002430555555555555,Transit,Cargo
800003151,LOITER_PHI_01,VN,transit,0.9963779239766082,cargo,0.9999999882067413,1.0964912280701754e-05,0.0,0.0,0.003611111111111111,0.0,0.0,0.0,0.9963779239766082,0.0,0.002430555555555555,0.0,0.0,0.002430555555555555,Transit,Cargo
800003151,LOITER_PHI_01,VN,transit,1.0,cargo,0.9999999882143605,0.0,0.0,0.0,0.0,0.0,0.0,0.0,1.0,0.0,0.002430555555555555,0.0,0.0,0.002430555555555555,Transit,Cargo
800003151,LOITER_PHI_01,VN,transit,1.0,cargo,0.9999999882067413,0.0,0.0,0.0,0.0,0.0,0.0,0.0,1.0,0.0,0.002430555555555555,0.0,0.0,0.002430555555555555,Transit,Cargo
800003151,LOITER_PHI_01,VN,transit,1.0,cargo,0.9999999882067413,0.0,0.0,0.0,0.0,0.0,0.0,0.0,1.0,0.0,0.002430555555555555,0.0,0.0,0.002430555555555555,Transit,Cargo
800003151,LOITER_PHI_01,VN,transit,0.9999890350877193,cargo,0.9999999882067413,1.0964912280701754e-05,0.0,0.0,0.0,0.0,0.0,0.0,0.9999890350877193,0.0,0.002430555555555555,0.0,0.0,0.002430555555555555,Transit,Cargo
800003151,LOITER_PHI_01,VN,transit,0.8993769841269843,cargo,0.9999999883207183,0.006388888888888888,0.0,0.0,0.03566666666666667,0.03845634920634921,0.007277777777777779,0.0008333333333333334,0.8993769841269843,0.012,0.002430555555555555,0.0,0.0,0.002430555555555555,Transit,Cargo
800003151,LOITER_PHI_01,VN,loiter,0.7297883597883599,cargo,0.9999999884253549,0.0016666666666666668,0.0,0.0,0.03516666666666667,0.7297883597883599,0.005555555555555555,0.002333333333333333,0.11160846560846557,0.11388095238095239,0.002430555555555555,0.0,0.0,0.002430555555555555,Loitering,Cargo
800003151,LOITER_PHI_01,VN,loiter,0.8560714285714285,cargo,0.9999998729339318,0.0008333333333333334,0.0,0.0016666666666666668,0.029444444444444447,0.8560714285714285,0.0,0.0,0.010873015873015873,0.10111111111111111,0.002430555555555555,0.0,0.0,0.002430555555555555,Loitering,Cargo
800003151,LOITER_PHI_01,VN,loiter,0.9903596912771225,cargo,0.9999999817499291,0.0,0.0,0.002777777777777778,0.0004761904761904762,0.9903596912771225,0.0,0.0,0.0,0.006386340468909276,0.002430555555555555,0.0,0.0,0.002430555555555555,Loitering,Cargo
800003151,LOITER_PHI_01,VN,loiter,0.9938914373088685,cargo,0.9999999817498558,0.0,0.0,0.0,0.0,0.9938914373088685,0.0,0.0,0.0,0.006108562691131498,0.002430555555555555,0.0,0.0,0.002430555555555555,Loitering,Cargo
800003151,LOITER_PHI_01,VN,loiter,0.9619469928644242,cargo,0.9999999817471449,0.02349206349206349,0.0016666666666666668,0.0,0.004285714285714285,0.9619469928644242,0.0,0.00611111111111111,0.0022222222222222222,0.00027522935779816516,0.002430555555555555,0.0,0.0,0.002430555555555555,Loitering,Cargo
800003151,LOITER_PHI_01,VN,loiter,0.8852406436580745,cargo,0.999999981748703,0.016944444444444443,0.0016666666666666668,0.006666666666666667,0.0,0.8852406436580745,0.0,0.004722222222222221,0.005666666666666666,0.07909268967525848,0.002430555555555555,0.0,0.0,0.002430555555555555,Loitering,Cargo
800003151,LOITER_PHI_01,VN,loiter,0.9936111111111112,cargo,0.9999999817489588,0.0,0.0,0.0,0.0008333333333333334,0.9936111111111112,0.0,0.0,0.0,0.005555555555555555,0.002430555555555555,0.0,0.0,0.002430555555555555,Loitering,Cargo
800003151,LOITER_PHI_01,VN,loiter,0.9969469928644241,cargo,0.9999999817498558,0.0027777777777777775,0.0,0.0,0.0,0.9969469928644241,0.0,0.0,0.0,0.00027522935779816516,0.002430555555555555,0.0,0.0,0.002430555555555555,Loitering,Cargo
800003151,LOITER_PHI_01,VN,loiter,0.9936136595310908,cargo,0.9999999817498558,0.0,0.0,0.0033333333333333335,0.0011111111111111111,0.9936136595310908,0.0,0.0,0.0,0.0019418960244648317,0.002430555555555555,0.0,0.0,0.002430555555555555,Loitering,Cargo
800003151,LOITER_PHI_01,VN,loiter,0.9997247706422019,cargo,0.9999999817499291,0.0,0.0,0.0,0.0,0.9997247706422019,0.0,0.0,0.0,0.00027522935779816516,0.002430555555555555,0.0,0.0,0.002430555555555555,Loitering,Cargo
800003151,LOITER_PHI_01,VN,loiter,0.9963914373088685,cargo,0.9999999817499291,0.0,0.0,0.0,0.0033333333333333335,0.9963914373088685,0.0,0.0,0.0,0.00027522935779816516,0.002430555555555555,0.0,0.0,0.002430555555555555,Loitering,Cargo
800003151,LOITER_PHI_01,VN,loiter,0.9969469928644241,cargo,0.9999999817498558,0.0011111111111111111,0.0,0.0,0.0016666666666666668,0.9969469928644241,0.0,0.0,0.0,0.00027522935779816516,0.002430555555555555,0.0,0.0,0.002430555555555555,Loitering,Cargo
800003151,LOITER_PHI_01,VN,loiter,0.9597644531818844,cargo,0.9999999817517203,0.015333333333333332,0.0033333333333333335,0.0,0.0022222222222222222,0.9597644531818844,0.0,0.0016666666666666668,0.0,0.01767999126256007,0.002430555555555555,0.0,0.0,0.002430555555555555,Loitering,Cargo
800003151,LOITER_PHI_01,VN,loiter,0.9328487543820393,cargo,0.9999999817524726,0.024088075880758807,0.008747967479674797,0.0035365853658536586,0.0011111111111111111,0.9328487543820393,0.0,0.004844173441734417,0.0,0.02482333233882798,0.002430555555555555,0.0,0.0,0.002430555555555555,Loitering,Cargo
800003151,LOITER_PHI_01,VN,loiter,0.9800223896898209,cargo,0.999999981749711,0.0027777777777777775,0.0,0.0,0.0,0.9800223896898209,0.0,0.0033333333333333335,0.0,0.013866499199068004,0.002430555555555555,0.0,0.0,0.002430555555555555,Loitering,Cargo
800003151,LOITER_PHI_01,VN,loiter,0.9866692150866463,cargo,0.9999999817494553,0.008888888888888889,0.0,0.0,0.0,0.9866692150866463,0.0,0.0,0.0025,0.0019418960244648317,0.002430555555555555,0.0,0.0,0.002430555555555555,Loitering,Cargo
800003151,LOITER_PHI_01,VN,loiter,0.9850025484199796,cargo,0.9999999818797852,0.0016666666666666668,0.0,0.0,0.005833333333333334,0.9850025484199796,0.0011111111111111111,0.0,0.0,0.006386340468909276,0.002430555555555555,0.0,0.0,0.002430555555555555,Loitering,Cargo
800003151,LOITER_PHI_01,VN,loiter,0.8222803261977575,cargo,0.9999999817471449,0.059103174603174595,0.013333333333333334,0.0016666666666666668,0.027952380952380947,0.8222803261977575,0.0011111111111111111,0.052444444444444446,0.0175,0.0046085626911314985,0.002430555555555555,0.0,0.0,0.002430555555555555,Loitering,Cargo
800003151,LOITER_PHI_01,VN,loiter,0.9009629629629632,cargo,0.999999981748703,0.06287037037037037,0.006388888888888888,0.005,0.0,0.9009629629629632,0.0,0.0027777777777777775,0.006666666666666666,0.015333333333333332,0.002430555555555555,0.0,0.0,0.002430555555555555,Loitering,Cargo
800003151,LOITER_PHI_01,VN,loiter,0.8578464637638951,cargo,0.9999999817471449,0.030648148148148154,0.003,0.0033333333333333335,0.005,0.8578464637638951,0.0,0.026333333333333334,0.006666666666666667,0.06717205475462357,0.002430555555555555,0.0,0.0,0.002430555555555555,Loitering,Cargo
800003151,LOITER_PHI_01,VN,loiter,0.9916692150866464,cargo,0.999999981749711,0.008055555555555555,0.0,0.0,0.0,0.9916692150866464,0.0,0.0,0.0,0.00027522935779816516,0.002430555555555555,0.0,0.0,0.002430555555555555,Loitering,Cargo
800003151,LOITER_PHI_01,VN,anchored,0.7760593823520655,cargo,0.9999999817517203,0.7760593823520655,0.01648301021471753,0.0002032520325203252,0.0017777777777777776,0.1508977932636469,0.0,0.01360607820363918,0.008777777777777778,0.0321949283778552,0.002430555555555555,0.0,0.0,0.002430555555555555,Anchored/Moored,Cargo
800003151,LOITER_PHI_01,VN,anchored,0.97844918699187,cargo,0.9999999821466669,0.97844918699187,0.01644241192411924,0.0002032520325203252,0.0,0.0004110207768744354,0.0,0.004473803071364047,0.0,2.032520325203252e-05,0.002430555555555555,0.0,0.0,0.002430555555555555,Anchored/Moored,Cargo
800003151,LOITER_PHI_01,VN,anchored,0.969838075880759,cargo,0.9999999821466669,0.969838075880759,0.014220189701897017,0.0002032520325203252,0.0,0.0004110207768744354,0.0,0.01530713640469738,0.0,2.032520325203252e-05,0.002430555555555555,0.0,0.0,0.002430555555555555,Anchored/Moored,Cargo
800003151,LOITER_PHI_01,VN,anchored,0.9441388888888891,cargo,0.9999999834872484,0.9441388888888891,0.027694444444444445,0.0,0.0011111111111111111,0.00037037037037037035,0.0,0.021685185185185182,0.005,0.0,0.002430555555555555,0.0,0.0,0.002430555555555555,Anchored/Moored,Cargo
800003151,LOITER_PHI_01,VN,anchored,0.861715060007743,cargo,0.9999999821466669,0.861715060007743,0.03108130081300813,0.0002032520325203252,0.0033333333333333335,0.00874435411020777,0.0,0.08129126338882436,0.009722222222222222,0.003909214092140922,0.002430555555555555,0.0,0.0,0.002430555555555555,Anchored/Moored,Cargo
800003151,LOITER_PHI_01,VN,loiter,0.9345828813661662,cargo,0.999999981749711,0.0364769647696477,8.130081300813008e-05,0.0035365853658536586,0.0,0.9345828813661662,0.0,0.0034552845528455288,0.0,0.02186698313247877,0.002430555555555555,0.0,0.0,0.002430555555555555,Loitering,Cargo
800003151,LOITER_PHI_01,VN,loiter,0.9997247706422019,cargo,0.9999999817498558,0.0,0.0,0.0,0.0,0.9997247706422019,0.0,0.0,0.0,0.00027522935779816516,0.002430555555555555,0.0,0.0,0.002430555555555555,Loitering,Cargo
800003151,LOITER_PHI_01,VN,loiter,0.9975025484199795,cargo,0.9999999817498558,0.0,0.0,0.0,0.0022222222222222222,0.9975025484199795,0.0,0.0,0.0,0.00027522935779816516,0.002430555555555555,0.0,0.0,0.002430555555555555,Loitering,Cargo
800003151,LOITER_PHI_01,VN,loiter,0.9963914373088685,cargo,0.9999999817515987,0.0,0.0,0.0,0.0,0.9963914373088685,0.0,0.0,0.0,0.0036085626911314984,0.002430555555555555,0.0,0.0,0.002430555555555555,Loitering,Cargo
800003151,LOITER_PHI_01,VN,loiter,0.9872247706422018,cargo,0.9999999817498558,0.0,0.0,0.003888888888888889,0.0044444444444444444,0.9872247706422018,0.0,0.0,0.0,0.004441896024464832,0.002430555555555555,0.0,0.0,0.002430555555555555,Loitering,Cargo
800003151,LOITER_PHI_01,VN,loiter,0.9730581039755354,cargo,0.9999999817499291,0.0,0.0,0.0,0.0022222222222222222,0.9730581039755354,0.0,0.0,0.0,0.02471967380224261,0.002430555555555555,0.0,0.0,0.002430555555555555,Loitering,Cargo
800003151,LOITER_PHI_01,VN,loiter,0.9869469928644241,cargo,0.9999999817498558,0.0,0.0,0.006111111111111111,0.0022222222222222222,0.9869469928644241,0.0,0.0,0.0,0.004719673802242609,0.002430555555555555,0.0,0.0,0.002430555555555555,Loitering,Cargo
800003151,LOITER_PHI_01,VN,loiter,0.9291666666666667,cargo,0.9999999525042382,0.0,0.0,0.0016666666666666668,0.028055555555555552,0.9291666666666667,0.0033333333333333335,0.0,0.005555555555555555,0.03222222222222222,0.002430555555555555,0.0,0.0,0.002430555555555555,Loitering,Cargo
800003151,LOITER_PHI_01,VN,loiter,0.9378993738168051,cargo,0.9999999818801858,0.0,0.0,0.004047619047619048,0.0033333333333333335,0.9378993738168051,0.0,0.0,0.0016666666666666668,0.05305300713557594,0.002430555555555555,0.0,0.0,0.002430555555555555,Loitering,Cargo
800003151,LOITER_PHI_01,VN,loiter,0.9997247706422019,cargo,0.999999981749711,0.0,0.0,0.0,0.0,0.9997247706422019,0.0,0.0,0.0,0.00027522935779816516,0.002430555555555555,0.0,0.0,0.002430555555555555,Loitering,Cargo
800003151,LOITER_PHI_01,VN,loiter,0.9885025484199796,cargo,0.999999981748703,0.0038888888888888883,0.0,0.0,0.0,0.9885025484199796,0.0011111111111111111,0.0,0.0,0.006497451580020387,0.002430555555555555,0.0,0.0,0.002430555555555555,Loitering,Cargo
800003151,LOITER_PHI_01,VN,loiter,0.9919469928644241,cargo,0.9999999817494553,0.004722222222222221,0.0,0.0,0.0,0.9919469928644241,0.0,0.0,0.0,0.0033307849133537206,0.002430555555555555,0.0,0.0,0.002430555555555555,Loitering,Cargo
800003151,LOITER_PHI_01,VN,loiter,0.9945819134993447,cargo,0.9999999817498558,0.0016666666666666668,0.0,0.0,0.0021428571428571425,0.9945819134993447,0.0,0.0,0.0,0.0016085626911314986,0.002430555555555555,0.0,0.0,0.002430555555555555,Loitering,Cargo
800003151,LOITER_PHI_01,VN,loiter,0.9878358817533129,cargo,0.9999999817498558,0.008888888888888889,0.0,0.0,0.0016666666666666668,0.9878358817533129,0.0,0.0,0.0,0.0016085626911314986,0.002430555555555555,0.0,0.0,0.002430555555555555,Loitering,Cargo
800003151,LOITER_PHI_01,VN,loiter,0.5878637566137567,cargo,0.9999999808273213,0.05604497354497354,0.013055555555555555,0.0,0.032341269841269844,0.5878637566137567,0.0,0.012277777777777778,0.22102777777777785,0.07738888888888891,0.002430555555555555,0.0,0.0,0.002430555555555555,Loitering,Cargo
800003151,LOITER_PHI_01,VN,transit,0.986388888888889,cargo,0.9999998837981421,0.0061111111111111106,0.0,0.0,0.0,0.0,0.0,0.0075,0.986388888888889,0.0,0.002430555555555555,0.0,0.0,0.002430555555555555,Transit,Cargo
800003151,LOITER_PHI_01,VN,transit,0.9966666666666667,cargo,0.999999988279178,0.0,0.0,0.0,0.0,0.0,0.0,0.0033333333333333335,0.9966666666666667,0.0,0.002430555555555555,0.0,0.0,0.002430555555555555,Transit,Cargo
800003151,LOITER_PHI_01,VN,transit,1.0,cargo,0.9999999882143605,0.0,0.0,0.0,0.0,0.0,0.0,0.0,1.0,0.0,0.002430555555555555,0.0,0.0,0.002430555555555555,Transit,Cargo
800003151,LOITER_PHI_01,VN,transit,1.0,cargo,0.9999999882067413,0.0,0.0,0.0,0.0,0.0,0.0,0.0,1.0,0.0,0.002430555555555555,0.0,0.0,0.002430555555555555,Transit,Cargo
800003151,LOITER_PHI_01,VN,transit,1.0,cargo,0.9999999882067413,0.0,0.0,0.0,0.0,0.0,0.0,0.0,1.0,0.0,0.002430555555555555,0.0,0.0,0.002430555555555555,Transit,Cargo
800003151,LOITER_PHI_01,VN,transit,1.0,cargo,0.9999999882067413,0.0,0.0,0.0,0.0,0.0,0.0,0.0,1.0,0.0,0.002430555555555555,0.0,0.0,0.002430555555555555,Transit,Cargo
800003152,LOITER_PHI_02,CN,transit,1.0,cargo,0.9999999871931261,0.0,0.0,0.0,0.0,0.0,0.0,0.0,1.0,0.0,0.002430555555555555,0.0,0.0,0.002430555555555555,Transit,Cargo
800003152,LOITER_PHI_02,CN,transit,1.0,cargo,0.9999999871803685,0.0,0.0,0.0,0.0,0.0,0.0,0.0,1.0,0.0,0.002430555555555555,0.0,0.0,0.002430555555555555,Transit,Cargo
800003152,LOITER_PHI_02,CN,transit,1.0,cargo,0.999999987187992,0.0,0.0,0.0,0.0,0.0,0.0,0.0,1.0,0.0,0.002430555555555555,0.0,0.0,0.002430555555555555,Transit,Cargo
800003152,LOITER_PHI_02,CN,transit,1.0,cargo,0.999999987196308,0.0,0.0,0.0,0.0,0.0,0.0,0.0,1.0,0.0,0.002430555555555555,0.0,0.0,0.002430555555555555,Transit,Cargo
800003152,LOITER_PHI_02,CN,transit,0.9930555555555555,cargo,0.999999987187992,0.0,0.0,0.0,0.006944444444444443,0.0,0.0,0.0,0.9930555555555555,0.0,0.002430555555555555,0.0,0.0,0.002430555555555555,Transit,Cargo
800003152,LOITER_PHI_02,CN,transit,0.9999890350877193,cargo,0.9999999871919109,1.0964912280701754e-05,0.0,0.0,0.0,0.0,0.0,0.0,0.9999890350877193,0.0,0.002430555555555555,0.0,0.0,0.002430555555555555,Transit,Cargo
800003152,LOITER_PHI_02,CN,transit,0.9044920634920635,cargo,0.9999999872419719,0.005555555555555555,0.0,0.0016666666666666668,0.008952380952380951,0.042444444444444444,0.01861111111111111,0.0011111111111111111,0.9044920634920635,0.017166666666666667,0.002430555555555555,0.0,0.0,0.002430555555555555,Transit,Cargo
800003152,LOITER_PHI_02,CN,loiter,0.780732804232804,cargo,0.9999999793837469,0.0,0.0,0.0,0.01622222222222222,0.780732804232804,0.0,0.005555555555555555,0.05598148148148149,0.14150793650793653,0.002430555555555555,0.0,0.0,0.002430555555555555,Loitering,Cargo
800003152,LOITER_PHI_02,CN,loiter,0.870693024610456,cargo,0.9999999531807853,0.0035555555555555553,0.0,0.0033333333333333335,0.011944444444444443,0.870693024610456,0.0,0.0061111111111111106,0.013333333333333332,0.09102919761176641,0.002430555555555555,0.0,0.0,0.002430555555555555,Loitering,Cargo
800003152,LOITER_PHI_02,CN,loiter,0.9927803261977572,cargo,0.9999999825654776,0.0,0.0,0.0,0.0,0.9927803261977572,0.0,0.0,0.0022222222222222222,0.004997451580020387,0.002430555555555555,0.0,0.0,0.002430555555555555,Loitering,Cargo
800003152,LOITER_PHI_02,CN,loiter,0.9902803261977575,cargo,0.9999999825654776,0.0,0.0,0.0,0.005,0.9902803261977575,0.0,0.0,0.0,0.004719673802242609,0.002430555555555555,0.0,0.0,0.002430555555555555,Loitering,Cargo
800003152,LOITER_PHI_02,CN,loiter,0.9876215960390273,cargo,0.999999982565306,0.0008333333333333334,0.0,0.0,0.0,0.9876215960390273,0.0,0.0,0.0025396825396825397,0.009005388087956895,0.002430555555555555,0.0,0.0,0.002430555555555555,Loitering,Cargo
800003152,LOITER_PHI_02,CN,loiter,0.9955581039755352,cargo,0.9999999825654776,0.0,0.0,0.0,0.0,0.9955581039755352,0.0,0.0,0.0,0.004441896024464832,0.002430555555555555,0.0,0.0,0.002430555555555555,Loitering,Cargo
800003152,LOITER_PHI_02,CN,loiter,0.9513914373088688,cargo,0.9999999825659388,0.022222222222222223,0.0033333333333333335,0.0,0.013055555555555555,0.9513914373088688,0.0,0.004166666666666667,0.0022222222222222222,0.0036085626911314984,0.002430555555555555,0.0,0.0,0.002430555555555555,Loitering,Cargo
800003152,LOITER_PHI_02,CN,loiter,0.9967247706422018,cargo,0.9999999825654776,0.0,0.0,0.0,0.0013333333333333335,0.9967247706422018,0.0,0.0,0.0,0.0019418960244648317,0.002430555555555555,0.0,0.0,0.002430555555555555,Loitering,Cargo
800003152,LOITER_PHI_02,CN,loiter,0.9817525484199797,cargo,0.9999999825654776,0.002,0.0,0.0,0.0,0.9817525484199797,0.0,0.0,0.0,0.016247451580020385,0.002430555555555555,0.0,0.0,0.002430555555555555,Loitering,Cargo
800003152,LOITER_PHI_02,CN,loiter,0.9956136595310909,cargo,0.999999982565306,0.0,0.0,0.0,0.0024444444444444444,0.9956136595310909,0.0,0.0,0.0,0.0019418960244648317,0.002430555555555555,0.0,0.0,0.002430555555555555,Loitering,Cargo
800003152,LOITER_PHI_02,CN,loiter,0.9723358817533131,cargo,0.9999999825654776,0.006388888888888888,0.0013333333333333335,0.0,0.005,0.9723358817533131,0.0,0.006333333333333333,0.0016666666666666668,0.006941896024464832,0.002430555555555555,0.0,0.0,0.002430555555555555,Loitering,Cargo
800003152,LOITER_PHI_02,CN,loiter,0.9877406436580748,cargo,0.9999999825654776,0.0,0.0,0.0,0.0016666666666666668,0.9877406436580748,0.0,0.0,0.0,0.010592689675258482,0.002430555555555555,0.0,0.0,0.002430555555555555,Loitering,Cargo
800003152,LOITER_PHI_02,CN,loiter,0.9471190476190476,cargo,0.9999999825646434,0.006388888888888888,0.0,0.0,0.0011111111111111111,0.9471190476190476,0.0,0.0,0.0,0.04538095238095238,0.002430555555555555,0.0,0.0,0.002430555555555555,Loitering,Cargo
800003152,LOITER_PHI_02,CN,loiter,0.9961136595310908,cargo,0.999999982565306,0.0,0.0,0.0,0.0,0.9961136595310908,0.0,0.0,0.0,0.003886340468909276,0.002430555555555555,0.0,0.0,0.002430555555555555,Loitering,Cargo
800003152,LOITER_PHI_02,CN,loiter,0.9997247706422019,cargo,0.9999999825654776,0.0,0.0,0.0,0.0,0.9997247706422019,0.0,0.0,0.0,0.00027522935779816516,0.002430555555555555,0.0,0.0,0.002430555555555555,Loitering,Cargo
800003152,LOITER_PHI_02,CN,loiter,0.9963914373088685,cargo,0.9999999825654776,0.0,0.0,0.0,0.0,0.9963914373088685,0.0,0.0,0.0016666666666666668,0.0019418960244648317,0.002430555555555555,0.0,0.0,0.002430555555555555,Loitering,Cargo
800003152,LOITER_PHI_02,CN,loiter,0.9837247706422019,cargo,0.999999982565306,0.0,0.0,0.0,0.0016666666666666668,0.9837247706422019,0.0,0.0,0.0,0.014608562691131498,0.002430555555555555,0.0,0.0,0.002430555555555555,Loitering,Cargo
800003152,LOITER_PHI_02,CN,loiter,0.9930581039755352,cargo,0.9999999825654776,0.0,0.0,0.0,0.005,0.9930581039755352,0.0,0.0,0.0,0.0019418960244648317,0.002430555555555555,0.0,0.0,0.002430555555555555,Loitering,Cargo
800003152,LOITER_PHI_02,CN,loiter,0.9997247706422019,cargo,0.9999999825654776,0.0,0.0,0.0,0.0,0.9997247706422019,0.0,0.0,0.0,0.00027522935779816516,0.002430555555555555,0.0,0.0,0.002430555555555555,Loitering,Cargo
800003152,LOITER_PHI_02,CN,loiter,0.9865025484199795,cargo,0.9999999825669473,0.0,0.0,0.0,0.0033333333333333335,0.9865025484199795,0.0,0.0,0.0,0.010164118246687054,0.002430555555555555,0.0,0.0,0.002430555555555555,Loitering,Cargo
800003152,LOITER_PHI_02,CN,loiter,0.9497222222222221,cargo,0.9999999553194756,0.003611111111111111,0.0,0.0016666666666666668,0.02722222222222222,0.9497222222222221,0.0022222222222222222,0.0,0.008373015873015872,0.007182539682539682,0.002430555555555555,0.0,0.0,0.002430555555555555,Loitering,Cargo
800003152,LOITER_PHI_02,CN,anchored,0.7404087301587301,cargo,0.9999999827180944,0.7404087301587301,0.011888888888888888,0.0,0.005396825396825397,0.12288888888888887,0.0,0.07269444444444445,0.015333333333333336,0.03138888888888889,0.002430555555555555,0.0,0.0,0.002430555555555555,Anchored/Moored,Cargo
800003152,LOITER_PHI_02,CN,anchored,0.925264957264957,cargo,0.999999926291017,0.925264957264957,0.027179487179487177,0.0,0.0022222222222222222,0.0016666666666666668,0.0,0.041999999999999996,0.0016666666666666668,0.0,0.002430555555555555,0.0,0.0,0.002430555555555555,Anchored/Moored,Cargo
800003152,LOITER_PHI_02,CN,anchored,0.9790602981029811,cargo,0.9999999273890873,0.9790602981029811,0.005664634146341463,0.0002032520325203252,0.0,0.0017073170731707317,0.0,0.013344173441734416,0.0,2.032520325203252e-05,0.002430555555555555,0.0,0.0,0.002430555555555555,Anchored/Moored,Cargo
800003152,LOITER_PHI_02,CN,anchored,0.9773936314363144,cargo,0.9999999273079891,0.9773936314363144,0.008997967479674795,0.0002032520325203252,0.0,4.065040650406504e-05,0.0,0.013344173441734416,0.0,2.032520325203252e-05,0.002430555555555555,0.0,0.0,0.002430555555555555,Anchored/Moored,Cargo
800003152,LOITER_PHI_02,CN,anchored,0.8832706155632983,cargo,0.9999999840976672,0.8832706155632983,0.0028590785907859077,0.0002032520325203252,0.0,0.06165176151761518,0.0,0.039439411536972516,0.0022222222222222222,0.010353658536585365,0.002430555555555555,0.0,0.0,0.002430555555555555,Anchored/Moored,Cargo
800003152,LOITER_PHI_02,CN,loiter,0.8480247773906311,cargo,0.9999999841277312,0.07247696476964768,0.0036368563685636856,0.0035365853658536586,0.008055555555555555,0.8480247773906311,0.0,0.00567750677506775,0.0,0.058591753774680594,0.002430555555555555,0.0,0.0,0.002430555555555555,Loitering,Cargo
800003152,LOITER_PHI_02,CN,loiter,0.9963914373088685,cargo,0.9999999825654776,0.0,0.0,0.0,0.0016666666666666668,0.9963914373088685,0.0,0.0,0.0,0.0019418960244648317,0.002430555555555555,0.0,0.0,0.002430555555555555,Loitering,Cargo
800003152,LOITER_PHI_02,CN,loiter,0.9966666666666667,cargo,0.9999999825654776,0.0,0.0,0.0,0.0033333333333333335,0.9966666666666667,0.0,0.0,0.0,0.0,0.002430555555555555,0.0,0.0,0.002430555555555555,Loitering,Cargo
800003152,LOITER_PHI_02,CN,loiter,0.9970000000000001,cargo,0.9999999825646434,0.0,0.0,0.0,0.003,0.9970000000000001,0.0,0.0,0.0,0.0,0.002430555555555555,0.0,0.0,0.002430555555555555,Loitering,Cargo
800003152,LOITER_PHI_02,CN,loiter,0.9980581039755352,cargo,0.999999982565306,0.0,0.0,0.0,0.0016666666666666668,0.9980581039755352,0.0,0.0,0.0,0.00027522935779816516,0.002430555555555555,0.0,0.0,0.002430555555555555,Loitering,Cargo
800003152,LOITER_PHI_02,CN,loiter,0.9983333333333333,cargo,0.9999999825654776,0.0,0.0,0.0,0.0,0.9983333333333333,0.0,0.0,0.0,0.0016666666666666668,0.002430555555555555,0.0,0.0,0.002430555555555555,Loitering,Cargo
800003152,LOITER_PHI_02,CN,loiter,0.9908358817533129,cargo,0.9999999825654776,0.0,0.0,0.0,0.006666666666666667,0.9908358817533129,0.0,0.0,0.0,0.0024974515800203875,0.002430555555555555,0.0,0.0,0.002430555555555555,Loitering,Cargo
800003152,LOITER_PHI_02,CN,loiter,0.9997247706422019,cargo,0.9999999825654776,0.0,0.0,0.0,0.0,0.9997247706422019,0.0,0.0,0.0,0.00027522935779816516,0.002430555555555555,0.0,0.0,0.002430555555555555,Loitering,Cargo
800003152,LOITER_PHI_02,CN,loiter,0.9930581039755352,cargo,0.9999999825654776,0.0,0.0,0.0,0.006666666666666667,0.9930581039755352,0.0,0.0,0.0,0.00027522935779816516,0.002430555555555555,0.0,0.0,0.002430555555555555,Loitering,Cargo
800003152,LOITER_PHI_02,CN,loiter,0.9876692150866465,cargo,0.9999999825654776,0.0,0.0,0.0,0.005833333333333334,0.9876692150866465,0.0,0.0,0.0,0.006497451580020387,0.002430555555555555,0.0,0.0,0.002430555555555555,Loitering,Cargo
800003152,LOITER_PHI_02,CN,loiter,0.9925025484199795,cargo,0.9999999825654776,0.0022222222222222222,0.0,0.0,0.005,0.9925025484199795,0.0,0.0,0.0,0.00027522935779816516,0.002430555555555555,0.0,0.0,0.002430555555555555,Loitering,Cargo
800003152,LOITER_PHI_02,CN,loiter,0.9933914373088684,cargo,0.9999999825654776,0.0,0.0,0.0,0.006333333333333333,0.9933914373088684,0.0,0.0,0.0,0.00027522935779816516,0.002430555555555555,0.0,0.0,0.002430555555555555,Loitering,Cargo
800003152,LOITER_PHI_02,CN,loiter,0.9975025484199795,cargo,0.9999999825654776,0.0,0.0,0.0,0.0,0.9975025484199795,0.0,0.0,0.0022222222222222222,0.00027522935779816516,0.002430555555555555,0.0,0.0,0.002430555555555555,Loitering,Cargo
800003152,LOITER_PHI_02,CN,loiter,0.9732961992136304,cargo,0.9999999825654776,0.0,0.0,0.0,0.005,0.9732961992136304,0.0,0.0008333333333333334,0.0022222222222222222,0.01864824523081404,0.002430555555555555,0.0,0.0,0.002430555555555555,Loitering,Cargo
800003152,LOITER_PHI_02,CN,loiter,0.7295634920634922,cargo,0.9999999793996406,0.015,0.0,0.0,0.022055555555555557,0.7295634920634922,0.011555555555555555,0.014999999999999998,0.11487698412698412,0.09194841269841272,0.002430555555555555,0.0,0.0,0.002430555555555555,Loitering,Cargo
800003152,LOITER_PHI_02,CN,transit,0.9758223684210526,cargo,0.9999999859669337,0.014733187134502923,0.0,0.0,0.0,0.0,0.0,0.009444444444444443,0.9758223684210526,0.0,0.002430555555555555,0.0,0.0,0.002430555555555555,Transit,Cargo
800003152,LOITER_PHI_02,CN,transit,1.0,cargo,0.999999987196308,0.0,0.0,0.0,0.0,0.0,0.0,0.0,1.0,0.0,0.002430555555555555,0.0,0.0,0.002430555555555555,Transit,Cargo
800003152,LOITER_PHI_02,CN,transit,1.0,cargo,0.9999999871919939,0.0,0.0,0.0,0.0,0.0,0.0,0.0,1.0,0.0,0.002430555555555555,0.0,0.0,0.002430555555555555,Transit,Cargo
800003152,LOITER_PHI_02,CN,transit,1.0,cargo,0.9999999871803685,0.0,0.0,0.0,0.0,0.0,0.0,0.0,1.0,0.0,0.002430555555555555,0.0,0.0,0.002430555555555555,Transit,Cargo
800003152,LOITER_PHI_02,CN,transit,1.0,cargo,0.9999999871919939,0.0,0.0,0.0,0.0,0.0,0.0,0.0,1.0,0.0,0.002430555555555555,0.0,0.0,0.002430555555555555,Transit,Cargo
800003152,LOITER_PHI_02,CN,transit,1.0,cargo,0.999999987187992,0.0,0.0,0.0,0.0,0.0,0.0,0.0,1.0,0.0,0.002430555555555555,0.0,0.0,0.002430555555555555,Transit,Cargo
800003153,LOITER_PHI_03,TW,transit,0.9999890350877193,cargo,0.9999999871564004,1.0964912280701754e-05,0.0,0.0,0.0,0.0,0.0,0.0,0.9999890350877193,0.0,0.002430555555555555,0.0,0.0,0.002430555555555555,Transit,Cargo
800003153,LOITER_PHI_03,TW,transit,0.9999890350877193,cargo,0.9999999871564004,1.0964912280701754e-05,0.0,0.0,0.0,0.0,0.0,0.0,0.9999890350877193,0.0,0.002430555555555555,0.0,0.0,0.002430555555555555,Transit,Cargo
800003153,LOITER_PHI_03,TW,transit,1.0,cargo,0.9999999871708957,0.0,0.0,0.0,0.0,0.0,0.0,0.0,1.0,0.0,0.002430555555555555,0.0,0.0,0.002430555555555555,Transit,Cargo
800003153,LOITER_PHI_03,TW,transit,1.0,cargo,0.9999999871708957,0.0,0.0,0.0,0.0,0.0,0.0,0.0,1.0,0.0,0.002430555555555555,0.0,0.0,0.002430555555555555,Transit,Cargo
800003153,LOITER_PHI_03,TW,transit,1.0,cargo,0.9999999871708957,0.0,0.0,0.0,0.0,0.0,0.0,0.0,1.0,0.0,0.002430555555555555,0.0,0.0,0.002430555555555555,Transit,Cargo
800003153,LOITER_PHI_03,TW,transit,0.9999890350877193,cargo,0.9999999871564004,1.0964912280701754e-05,0.0,0.0,0.0,0.0,0.0,0.0,0.9999890350877193,0.0,0.002430555555555555,0.0,0.0,0.002430555555555555,Transit,Cargo
800003153,LOITER_PHI_03,TW,transit,0.9453055555555556,cargo,0.9999999873599971,0.0011111111111111111,0.0,0.0,0.017611111111111112,0.01736111111111111,0.005277777777777778,0.0033333333333333335,0.9453055555555556,0.01,0.002430555555555555,0.0,0.0,0.002430555555555555,Transit,Cargo
800003153,LOITER_PHI_03,TW,loiter,0.7326772486772487,cargo,0.9999999874876567,0.0027777777777777775,0.0,0.0,0.021222222222222222,0.7326772486772487,0.005,0.012777777777777779,0.0781084656084656,0.14743650793650795,0.002430555555555555,0.0,0.0,0.002430555555555555,Loitering,Cargo
800003153,LOITER_PHI_03,TW,loiter,0.7332168341342655,cargo,0.9999999832155823,0.013055555555555555,0.003611111111111111,0.00905840653413469,0.01150485436893204,0.7332168341342655,3.2362459546925564e-05,0.015722222222222224,0.031801202034211745,0.18199745158002037,0.002430555555555555,0.0,0.0,0.002430555555555555,Loitering,Cargo
800003153,LOITER_PHI_03,TW,loiter,0.9823914373088686,cargo,0.9999999825318603,0.0016666666666666668,0.0,0.0,0.0033333333333333335,0.9823914373088686,0.0,0.0,0.0,0.012608562691131498,0.002430555555555555,0.0,0.0,0.002430555555555555,Loitering,Cargo
800003153,LOITER_PHI_03,TW,loiter,0.9963914373088684,cargo,0.9999999825318603,0.0,0.0,0.0,0.0,0.9963914373088684,0.0,0.0,0.0,0.0036085626911314984,0.002430555555555555,0.0,0.0,0.002430555555555555,Loitering,Cargo
800003153,LOITER_PHI_03,TW,loiter,0.9976666666666667,cargo,0.9999999825318603,0.0,0.0,0.0,0.0006666666666666668,0.9976666666666667,0.0,0.0,0.0,0.0016666666666666668,0.002430555555555555,0.0,0.0,0.002430555555555555,Loitering,Cargo
800003153,LOITER_PHI_03,TW,loiter,0.9993333333333334,cargo,0.9999999825318603,0.0,0.0,0.0,0.0006666666666666668,0.9993333333333334,0.0,0.0,0.0,0.0,0.002430555555555555,0.0,0.0,0.002430555555555555,Loitering,Cargo
800003153,LOITER_PHI_03,TW,loiter,0.960351754769186,cargo,0.9999999825318603,0.0,0.0,0.0,0.004111111111111111,0.960351754769186,0.0,0.0,0.0,0.03553713411970292,0.002430555555555555,0.0,0.0,0.002430555555555555,Loitering,Cargo
800003153,LOITER_PHI_03,TW,loiter,0.9997247706422019,cargo,0.9999999825318603,0.0,0.0,0.0,0.0,0.9997247706422019,0.0,0.0,0.0,0.00027522935779816516,0.002430555555555555,0.0,0.0,0.002430555555555555,Loitering,Cargo
800003153,LOITER_PHI_03,TW,loiter,0.9963914373088685,cargo,0.9999999825318603,0.0,0.0,0.0,0.0033333333333333335,0.9963914373088685,0.0,0.0,0.0,0.00027522935779816516,0.002430555555555555,0.0,0.0,0.002430555555555555,Loitering,Cargo
800003153,LOITER_PHI_03,TW,loiter,0.9997247706422019,cargo,0.9999999825318603,0.0,0.0,0.0,0.0,0.9997247706422019,0.0,0.0,0.0,0.00027522935779816516,0.002430555555555555,0.0,0.0,0.002430555555555555,Loitering,Cargo
800003153,LOITER_PHI_03,TW,loiter,0.9925819134993447,cargo,0.9999999825318603,0.0,0.0,0.0,0.005476190476190476,0.9925819134993447,0.0,0.0,0.0,0.0019418960244648317,0.002430555555555555,0.0,0.0,0.002430555555555555,Loitering,Cargo
800003153,LOITER_PHI_03,TW,loiter,0.9836136595310908,cargo,0.9999999825164253,0.0011111111111111111,0.0,0.0,0.006666666666666667,0.9836136595310908,0.0,0.0061111111111111106,0.0,0.0024974515800203875,0.002430555555555555,0.0,0.0,0.002430555555555555,Loitering,Cargo
800003153,LOITER_PHI_03,TW,loiter,0.9980581039755352,cargo,0.9999999825318603,0.0,0.0,0.0,0.0,0.9980581039755352,0.0,0.0,0.0,0.0019418960244648317,0.002430555555555555,0.0,0.0,0.002430555555555555,Loitering,Cargo
800003153,LOITER_PHI_03,TW,loiter,0.9997247706422019,cargo,0.9999999825318603,0.0,0.0,0.0,0.0,0.9997247706422019,0.0,0.0,0.0,0.00027522935779816516,0.002430555555555555,0.0,0.0,0.002430555555555555,Loitering,Cargo
800003153,LOITER_PHI_03,TW,loiter,0.9960739769914081,cargo,0.9999999825318603,0.0022222222222222222,0.0,0.0,0.0,0.9960739769914081,0.0,0.0,0.0014285714285714286,0.00027522935779816516,0.002430555555555555,0.0,0.0,0.002430555555555555,Loitering,Cargo
800003153,LOITER_PHI_03,TW,loiter,0.9855184214358524,cargo,0.9999999825318603,0.0,0.0,0.0,0.0044444444444444444,0.9855184214358524,0.0,0.0,0.0030952380952380953,0.006941896024464831,0.002430555555555555,0.0,0.0,0.002430555555555555,Loitering,Cargo
800003153,LOITER_PHI_03,TW,loiter,0.9397247706422018,cargo,0.9999999825278995,0.01111111111111111,0.0016666666666666668,0.006666666666666667,0.013333333333333334,0.9397247706422018,0.0011111111111111111,0.0033333333333333335,0.010555555555555556,0.012497451580020387,0.002430555555555555,0.0,0.0,0.002430555555555555,Loitering,Cargo
800003153,LOITER_PHI_03,TW,loiter,0.9877406436580748,cargo,0.9999999825312275,0.0033333333333333335,0.0,0.002777777777777778,0.0016666666666666668,0.9877406436580748,0.0,0.0,0.0014285714285714286,0.0030530071355759428,0.002430555555555555,0.0,0.0,0.002430555555555555,Loitering,Cargo
800003153,LOITER_PHI_03,TW,loiter,0.9762723896898208,cargo,0.9999999825312275,0.004722222222222221,0.0,0.0,0.0,0.9762723896898208,0.0,0.0,0.0011111111111111111,0.017894276976845785,0.002430555555555555,0.0,0.0,0.002430555555555555,Loitering,Cargo
800003153,LOITER_PHI_03,TW,loiter,0.9997247706422019,cargo,0.9999999825323557,0.0,0.0,0.0,0.0,0.9997247706422019,0.0,0.0,0.0,0.00027522935779816516,0.002430555555555555,0.0,0.0,0.002430555555555555,Loitering,Cargo
800003153,LOITER_PHI_03,TW,loiter,0.9930025484199795,cargo,0.9999999825312275,0.006722222222222222,0.0,0.0,0.0,0.9930025484199795,0.0,0.0,0.0,0.00027522935779816516,0.002430555555555555,0.0,0.0,0.002430555555555555,Loitering,Cargo
800003153,LOITER_PHI_03,TW,anchored,0.7625043752543754,cargo,0.9999999773994434,0.7625043752543754,0.02584615384615385,0.0033333333333333335,0.006222222222222223,0.04390740740740741,0.0,0.08796428571428573,0.030277777777777775,0.039944444444444435,0.002430555555555555,0.0,0.0,0.002430555555555555,Anchored/Moored,Cargo
800003153,LOITER_PHI_03,TW,anchored,0.9618380758807586,cargo,0.9999999822412359,0.9618380758807586,0.013720189701897019,0.0002032520325203252,0.0,4.065040650406504e-05,0.0,0.02195528455284553,0.0022222222222222222,2.032520325203252e-05,0.002430555555555555,0.0,0.0,0.002430555555555555,Anchored/Moored,Cargo
800003153,LOITER_PHI_03,TW,anchored,0.9779491869918698,cargo,0.9999999822281799,0.9779491869918698,0.0028868563685636854,0.0002032520325203252,0.0,4.065040650406504e-05,0.0,0.018899728997289974,0.0,2.032520325203252e-05,0.002430555555555555,0.0,0.0,0.002430555555555555,Anchored/Moored,Cargo
800003153,LOITER_PHI_03,TW,anchored,0.9812825203252032,cargo,0.9999999822091014,0.9812825203252032,0.004553523035230352,0.0002032520325203252,0.0,4.065040650406504e-05,0.0,0.013899728997289973,0.0,2.032520325203252e-05,0.002430555555555555,0.0,0.0,0.002430555555555555,Anchored/Moored,Cargo
800003153,LOITER_PHI_03,TW,anchored,0.8996039488966318,cargo,0.9999999840989713,0.8996039488966318,0.0011924119241192412,0.0002032520325203252,0.0,0.05698509485094851,0.0,0.028328300425861402,0.005555555555555555,0.008131436314363144,0.002430555555555555,0.0,0.0,0.002430555555555555,Anchored/Moored,Cargo
800003153,LOITER_PHI_03,TW,loiter,0.917558103975535,cargo,0.9999999840983989,0.052722222222222226,0.0011111111111111111,0.0,0.015833333333333335,0.917558103975535,0.0,0.0061111111111111106,0.0,0.006664118246687054,0.002430555555555555,0.0,0.0,0.002430555555555555,Loitering,Cargo
800003153,LOITER_PHI_03,TW,loiter,0.9788914373088685,cargo,0.9999999825312275,0.006666666666666667,0.0,0.0,0.008333333333333333,0.9788914373088685,0.0,0.0,0.0,0.006108562691131498,0.002430555555555555,0.0,0.0,0.002430555555555555,Loitering,Cargo
800003153,LOITER_PHI_03,TW,loiter,0.9997247706422019,cargo,0.9999999825312275,0.0,0.0,0.0,0.0,0.9997247706422019,0.0,0.0,0.0,0.00027522935779816516,0.002430555555555555,0.0,0.0,0.002430555555555555,Loitering,Cargo
800003153,LOITER_PHI_03,TW,loiter,0.9997247706422019,cargo,0.9999999825312275,0.0,0.0,0.0,0.0,0.9997247706422019,0.0,0.0,0.0,0.00027522935779816516,0.002430555555555555,0.0,0.0,0.002430555555555555,Loitering,Cargo
800003153,LOITER_PHI_03,TW,loiter,0.9869469928644241,cargo,0.99999998253189,0.0,0.0,0.0,0.0033333333333333335,0.9869469928644241,0.0,0.0,0.0,0.009719673802242609,0.002430555555555555,0.0,0.0,0.002430555555555555,Loitering,Cargo
800003153,LOITER_PHI_03,TW,loiter,0.9973914373088686,cargo,0.9999999825318603,0.0,0.0,0.0,0.002333333333333333,0.9973914373088686,0.0,0.0,0.0,0.00027522935779816516,0.002430555555555555,0.0,0.0,0.002430555555555555,Loitering,Cargo
800003153,LOITER_PHI_03,TW,loiter,0.995,cargo,0.9999999825323259,0.0,0.0,0.0033333333333333335,0.0016666666666666668,0.995,0.0,0.0,0.0,0.0,0.002430555555555555,0.0,0.0,0.002430555555555555,Loitering,Cargo
800003153,LOITER_PHI_03,TW,loiter,0.9941666666666666,cargo,0.9999999825323259,0.0008333333333333334,0.0,0.0,0.005,0.9941666666666666,0.0,0.0,0.0,0.0,0.002430555555555555,0.0,0.0,0.002430555555555555,Loitering,Cargo
800003153,LOITER_PHI_03,TW,loiter,0.9993333333333334,cargo,0.9999999825318603,0.0,0.0,0.0,0.0006666666666666668,0.9993333333333334,0.0,0.0,0.0,0.0,0.002430555555555555,0.0,0.0,0.002430555555555555,Loitering,Cargo
800003153,LOITER_PHI_03,TW,loiter,0.9997247706422019,cargo,0.9999999825323557,0.0,0.0,0.0,0.0,0.9997247706422019,0.0,0.0,0.0,0.00027522935779816516,0.002430555555555555,0.0,0.0,0.002430555555555555,Loitering,Cargo
800003153,LOITER_PHI_03,TW,loiter,0.9997247706422019,cargo,0.9999999825318603,0.0,0.0,0.0,0.0,0.9997247706422019,0.0,0.0,0.0,0.00027522935779816516,0.002430555555555555,0.0,0.0,0.002430555555555555,Loitering,Cargo
800003153,LOITER_PHI_03,TW,loiter,0.9930581039755352,cargo,0.9999999825318603,0.0,0.0,0.0,0.006666666666666667,0.9930581039755352,0.0,0.0,0.0,0.00027522935779816516,0.002430555555555555,0.0,0.0,0.002430555555555555,Loitering,Cargo
800003153,LOITER_PHI_03,TW,loiter,0.9963914373088685,cargo,0.9999999825318603,0.0,0.0,0.0,0.0033333333333333335,0.9963914373088685,0.0,0.0,0.0,0.00027522935779816516,0.002430555555555555,0.0,0.0,0.002430555555555555,Loitering,Cargo
800003153,LOITER_PHI_03,TW,loiter,0.9947247706422019,cargo,0.9999999825318603,0.0,0.0,0.0,0.0033333333333333335,0.9947247706422019,0.0,0.0,0.0,0.0019418960244648317,0.002430555555555555,0.0,0.0,0.002430555555555555,Loitering,Cargo
800003153,LOITER_PHI_03,TW,loiter,0.7355277777777778,cargo,0.999999979601037,0.006031746031746031,0.0,0.0022330097087378637,0.02611596548004315,0.7355277777777778,0.0044768069039913694,0.005,0.1688885036215134,0.051726190476190474,0.002430555555555555,0.0,0.0,0.002430555555555555,Loitering,Cargo
800003153,LOITER_PHI_03,TW,transit,0.9885,cargo,0.9999998210495573,0.008166666666666666,0.0,0.0,0.0,0.0,0.0,0.0033333333333333335,0.9885,0.0,0.002430555555555555,0.0,0.0,0.002430555555555555,Transit,Cargo
800003153,LOITER_PHI_03,TW,transit,0.9999890350877193,cargo,0.999999919720274,1.0964912280701754e-05,0.0,0.0,0.0,0.0,0.0,0.0,0.9999890350877193,0.0,0.002430555555555555,0.0,0.0,0.002430555555555555,Transit,Cargo
800003153,LOITER_PHI_03,TW,transit,0.9999890350877193,cargo,0.9999999872455952,1.0964912280701754e-05,0.0,0.0,0.0,0.0,0.0,0.0,0.9999890350877193,0.0,0.002430555555555555,0.0,0.0,0.002430555555555555,Transit,Cargo
800003153,LOITER_PHI_03,TW,transit,0.9969890350877193,cargo,0.9999999871708957,0.0030109649122807016,0.0,0.0,0.0,0.0,0.0,0.0,0.9969890350877193,0.0,0.002430555555555555,0.0,0.0,0.002430555555555555,Transit,Cargo
800003153,LOITER_PHI_03,TW,transit,1.0,cargo,0.9999999871708957,0.0,0.0,0.0,0.0,0.0,0.0,0.0,1.0,0.0,0.002430555555555555,0.0,0.0,0.002430555555555555,Transit,Cargo
800003153,LOITER_PHI_03,TW,transit,1.0,cargo,0.9999999872154394,0.0,0.0,0.0,0.0,0.0,0.0,0.0,1.0,0.0,0.002430555555555555,0.0,0.0,0.002430555555555555,Transit,Cargo
900003150,STS_TANKER_0_1,PA,transit,1.0,tanker,0.9999999742599845,0.0,0.0,0.0,0.0,0.0,0.0,0.0,1.0,0.0,0.002430555555555555,0.3,0.031134143096836243,0.3,Transit,Tanker
900003150,STS_TANKER_0_1,PA,transit,0.9961001461988304,tanker,0.99999997425596,1.0964912280701754e-05,0.0,0.0,0.0,0.0,0.0,0.0038888888888888883,0.9961001461988304,0.0,0.002430555555555555,0.3,0.027831218124436903,0.3,Transit,Tanker
900003150,STS_TANKER_0_1,PA,transit,0.9999890350877193,tanker,0.9999999745040178,1.0964912280701754e-05,0.0,0.0,0.0,0.0,0.0,0.0,0.9999890350877193,0.0,0.002430555555555555,0.3,0.02452123178333153,0.3,Transit,Tanker
900003150,STS_TANKER_0_1,PA,transit,0.9983223684210526,tanker,0.9999999742599845,1.0964912280701754e-05,0.0,0.0,0.0,0.0,0.0,0.0016666666666666668,0.9983223684210526,0.0,0.002430555555555555,0.3,0.021387428785583567,0.3,Transit,Tanker
900003150,STS_TANKER_0_1,PA,transit,0.9979999999999999,tanker,0.9999999745364225,0.0,0.0,0.0,0.0,0.0,0.0,0.002,0.9979999999999999,0.0,0.002430555555555555,0.3,0.01845325833269672,0.3,Transit,Tanker
900003150,STS_TANKER_0_1,PA,transit,0.9966557017543859,tanker,0.9999999745364225,0.0033442982456140355,0.0,0.0,0.0,0.0,0.0,0.0,0.9966557017543859,0.0,0.002430555555555555,0.3,0.01637865083786929,0.3,Transit,Tanker
900003150,STS_TANKER_0_1,PA,transit,1.0,tanker,0.999999974259874,0.0,0.0,0.0,0.0,0.0,0.0,0.0,1.0,0.0,0.002430555555555555,0.3,0.015452734218561345,0.3,Transit,Tanker
900003150,STS_TANKER_0_1,PA,transit,1.0,tanker,0.9999999744902841,0.0,0.0,0.0,0.0,0.0,0.0,0.0,1.0,0.0,0.002430555555555555,0.3,0.015269441438061946,0.3,Transit,Tanker
900003150,STS_TANKER_0_1,PA,transit,0.9929890350877192,tanker,0.9999999745872694,0.0016776315789473683,0.0,0.0,0.0,0.0,0.0,0.005333333333333334,0.9929890350877192,0.0,0.002430555555555555,0.3,0.015703200697552818,0.3,Transit,Tanker
900003150,STS_TANKER_0_1,PA,sts,0.5833888888888888,tanker,0.9999999705748539,0.046094298245614035,0.011833333333333335,0.0,0.006555555555555556,0.0,0.0,0.5833888888888888,0.35212792397660825,0.0,0.002430555555555555,0.3,0.5165133750915739,0.5165133750915739,STS Transfer,Tanker
900003150,STS_TANKER_0_1,PA,sts,0.8348888888888888,tanker,0.9999999643710816,0.05377777777777778,0.01888888888888889,0.0,0.006388888888888888,0.004166666666666667,0.0,0.8348888888888888,0.08188888888888887,0.0,0.002430555555555555,0.3,0.51707178033298,0.51707178033298,STS Transfer,Tanker
900003150,STS_TANKER_0_1,PA,sts,0.956916928721174,tanker,0.9999999677299375,0.020458071278825995,0.009625,0.0,0.0,0.004333333333333333,0.0,0.956916928721174,0.007,0.0016666666666666668,0.002430555555555555,0.3,0.5172798187011494,0.5172798187011494,STS Transfer,Tanker
900003150,STS_TANKER_0_1,PA,sts,0.9307502620545074,tanker,0.9999999677299375,0.029346960167714885,0.03079166666666666,0.0,0.0,0.0013333333333333335,0.0,0.9307502620545074,0.006111111111111111,0.0016666666666666668,0.002430555555555555,0.3,0.5174123151572719,0.5174123151572719,STS Transfer,Tanker
900003150,STS_TANKER_0_1,PA,sts,0.9180974842767295,tanker,0.9999999680183868,0.029235849056603775,0.042111111111111106,0.0,0.0,0.005277777777777778,0.0,0.9180974842767295,0.005277777777777778,0.0,0.002430555555555555,0.3,0.5174755739106967,0.5174755739106967,STS Transfer,Tanker
900003150,STS_TANKER_0_1,PA,sts,0.9246947064989517,tanker,0.9999999680183868,0.029791404612159327,0.03323611111111111,0.0,0.0,0.0027777777777777775,0.0,0.9246947064989517,0.007833333333333333,0.0016666666666666668,0.002430555555555555,0.3,0.5174850125431956,0.5174850125431956,STS Transfer,Tanker
900003150,STS_TANKER_0_1,PA,sts,0.8681947064989517,tanker,0.9999999724480871,0.05740251572327043,0.05490277777777777,0.0,0.0011111111111111111,0.0033333333333333335,0.0,0.8681947064989517,0.010333333333333333,0.004722222222222222,0.002430555555555555,0.3,0.5175032953758948,0.5175032953758948,STS Transfer,Tanker
900003150,STS_TANKER_0_1,PA,transit,0.8008650793650793,tanker,0.9999999701995483,0.018063492063492063,0.008,0.0,0.0016666666666666668,0.011761904761904762,0.0,0.15464285714285717,0.8008650793650793,0.005,0.002430555555555555,0.3,0.017525291586479926,0.3,Transit,Tanker
900003150,STS_TANKER_0_1,PA,transit,0.9894444444444443,tanker,0.999999974102485,0.005555555555555555,0.0,0.0,0.0,0.0,0.0,0.005,0.9894444444444443,0.0,0.002430555555555555,0.3,0.017642803856765612,0.3,Transit,Tanker
900003150,STS_TANKER_0_1,PA,transit,1.0,tanker,0.9999999744575496,0.0,0.0,0.0,0.0,0.0,0.0,0.0,1.0,0.0,0.002430555555555555,0.3,0.01853427420566571,0.3,Transit,Tanker
900003150,STS_TANKER_0_1,PA,transit,1.0,tanker,0.9999999744593822,0.0,0.0,0.0,0.0,0.0,0.0,0.0,1.0,0.0,0.002430555555555555,0.3,0.020636080296686957,0.3,Transit,Tanker
900003150,STS_TANKER_0_1,PA,transit,0.9949890350877191,tanker,0.9999999744573491,1.0964912280701754e-05,0.0,0.0,0.0,0.0,0.0,0.005,0.9949890350877191,0.0,0.002430555555555555,0.3,0.023375994442591835,0.3,Transit,Tanker
900003150,STS_TANKER_0_1,PA,transit,1.0,tanker,0.9999999744575496,0.0,0.0,0.0,0.0,0.0,0.0,0.0,1.0,0.0,0.002430555555555555,0.3,0.026029857641431932,0.3,Transit,Tanker
900003150,STS_TANKER_0_1,PA,transit,1.0,tanker,0.999999974459459,0.0,0.0,0.0,0.0,0.0,0.0,0.0,1.0,0.0,0.002430555555555555,0.3,0.028291571563149133,0.3,Transit,Tanker
900003150,STS_TANKER_0_1,PA,transit,1.0,tanker,0.99999997388367,0.0,0.0,0.0,0.0,0.0,0.0,0.0,1.0,0.0,0.002430555555555555,0.3,0.030223142205795913,0.3,Transit,Tanker
900003150,STS_TANKER_0_1,PA,transit,1.0,tanker,0.999999974486828,0.0,0.0,0.0,0.0,0.0,0.0,0.0,1.0,0.0,0.002430555555555555,0.3,0.031096485067680438,0.3,Transit,Tanker
900003150,STS_TANKER_0_1,PA,transit,1.0,tanker,0.9999999745040178,0.0,0.0,0.0,0.0,0.0,0.0,0.0,1.0,0.0,0.002430555555555555,0.3,0.030518173443599424,0.3,Transit,Tanker
900003150,STS_TANKER_0_1,PA,transit,0.9941666666666666,tanker,0.999999974259874,0.0,0.0,0.0,0.0,0.0,0.0,0.005833333333333334,0.9941666666666666,0.0,0.002430555555555555,0.3,0.029418342363129086,0.3,Transit,Tanker
900003151,STS_TANKER_0_2,VU,transit,1.0,tanker,0.9999999743850858,0.0,0.0,0.0,0.0,0.0,0.0,0.0,1.0,0.0,0.002430555555555555,0.3,0.031562607410056016,0.3,Transit,Tanker
900003151,STS_TANKER_0_2,VU,transit,1.0,tanker,0.9999999730023704,0.0,0.0,0.0,0.0,0.0,0.0,0.0,1.0,0.0,0.002430555555555555,0.3,0.033410912509443974,0.3,Transit,Tanker
900003151,STS_TANKER_0_2,VU,transit,1.0,tanker,0.9999999743871124,0.0,0.0,0.0,0.0,0.0,0.0,0.0,1.0,0.0,0.002430555555555555,0.3,0.0356304036651977,0.3,Transit,Tanker
900003151,STS_TANKER_0_2,VU,transit,1.0,tanker,0.9999999743820789,0.0,0.0,0.0,0.0,0.0,0.0,0.0,1.0,0.0,0.002430555555555555,0.3,0.037909096881727535,0.3,Transit,Tanker
900003151,STS_TANKER_0_2,VU,transit,1.0,tanker,0.9999999743871124,0.0,0.0,0.0,0.0,0.0,0.0,0.0,1.0,0.0,0.002430555555555555,0.3,0.04124282589777596,0.3,Transit,Tanker
900003151,STS_TANKER_0_2,VU,transit,1.0,tanker,0.9999999732491791,0.0,0.0,0.0,0.0,0.0,0.0,0.0,1.0,0.0,0.002430555555555555,0.3,0.04580841766624383,0.3,Transit,Tanker
900003151,STS_TANKER_0_2,VU,transit,1.0,tanker,0.9999999728004566,0.0,0.0,0.0,0.0,0.0,0.0,0.0,1.0,0.0,0.002430555555555555,0.3,0.050588070264148056,0.3,Transit,Tanker
900003151,STS_TANKER_0_2,VU,transit,0.9999890350877193,tanker,0.9999999743821713,1.0964912280701754e-05,0.0,0.0,0.0,0.0,0.0,0.0,0.9999890350877193,0.0,0.002430555555555555,0.3,0.05550675339628337,0.3,Transit,Tanker
900003151,STS_TANKER_0_2,VU,transit,0.9966666666666667,tanker,0.9999999727938921,0.0,0.0,0.0,0.0,0.0,0.0,0.0033333333333333335,0.9966666666666667,0.0,0.002430555555555555,0.3,0.06062669109993224,0.3,Transit,Tanker
900003151,STS_TANKER_0_2,VU,sts,0.7363492063492061,tanker,0.9999999685838731,0.01457936507936508,0.0,0.0,0.003,0.006388888888888888,0.0,0.7363492063492061,0.23968253968253955,0.0,0.002430555555555555,0.3,0.5647136865127674,0.5647136865127674,STS Transfer,Tanker
900003151,STS_TANKER_0_2,VU,sts,0.8945714285714288,tanker,0.9999999623752555,0.036555555555555556,0.012722222222222222,0.0,0.0033333333333333335,0.01838888888888889,0.0,0.8945714285714288,0.02492857142857143,0.0095,0.002430555555555555,0.3,0.5667034599384511,0.5667034599384511,STS Transfer,Tanker
900003151,STS_TANKER_0_2,VU,sts,0.8392648083623692,tanker,0.9999999618604573,0.07925474254742548,0.07256542779713511,0.0002032520325203252,0.0,0.0023739837398373985,0.0,0.8392648083623692,0.006317460317460318,2.032520325203252e-05,0.002430555555555555,0.3,0.5673633756536695,0.5673633756536695,STS Transfer,Tanker
900003151,STS_TANKER_0_2,VU,sts,0.8662886178861788,tanker,0.9999999618604573,0.07819918699186991,0.05191463414634146,0.0002032520325203252,0.0,0.0017073170731707317,0.0,0.8662886178861788,0.0016666666666666668,2.032520325203252e-05,0.002430555555555555,0.3,0.5678062459012228,0.5678062459012228,STS Transfer,Tanker
900003151,STS_TANKER_0_2,VU,sts,0.9704444444444444,tanker,0.9999999618604573,0.008555555555555554,0.016833333333333336,0.0,0.0,0.0,0.0,0.9704444444444444,0.004166666666666667,0.0,0.002430555555555555,0.3,0.5682755189589592,0.5682755189589592,STS Transfer,Tanker
900003151,STS_TANKER_0_2,VU,sts,0.9121111111111111,tanker,0.9999999618604573,0.025777777777777778,0.03916666666666667,0.0,0.0,0.008055555555555555,0.0,0.9121111111111111,0.014888888888888886,0.0,0.002430555555555555,0.3,0.5688731687941135,0.5688731687941135,STS Transfer,Tanker
900003151,STS_TANKER_0_2,VU,sts,0.9171111111111111,tanker,0.9999999618623646,0.03666666666666667,0.018444444444444447,0.0,0.0,0.007777777777777777,0.0,0.9171111111111111,0.01888888888888889,0.0011111111111111111,0.002430555555555555,0.3,0.5697063376347782,0.5697063376347782,STS Transfer,Tanker
900003151,STS_TANKER_0_2,VU,transit,0.8574365079365077,tanker,0.9999999686297493,0.013944444444444445,0.005333333333333334,0.0,0.009396825396825396,0.012666666666666666,0.0,0.09788888888888886,0.8574365079365077,0.0033333333333333335,0.002430555555555555,0.3,0.07117821705422979,0.3,Transit,Tanker
900003151,STS_TANKER_0_2,VU,transit,0.9881001461988302,tanker,0.9999999728501391,0.008566520467836259,0.0,0.0,0.0,0.0,0.0,0.0033333333333333335,0.9881001461988302,0.0,0.002430555555555555,0.3,0.07452058493163553,0.3,Transit,Tanker
900003151,STS_TANKER_0_2,VU,transit,1.0,tanker,0.9999999732351217,0.0,0.0,0.0,0.0,0.0,0.0,0.0,1.0,0.0,0.002430555555555555,0.3,0.07540136384401852,0.3,Transit,Tanker
900003151,STS_TANKER_0_2,VU,transit,0.9983223684210526,tanker,0.9999999732404266,1.0964912280701754e-05,0.0,0.0,0.0,0.0,0.0,0.0016666666666666668,0.9983223684210526,0.0,0.002430555555555555,0.3,0.07682348296899949,0.3,Transit,Tanker
900003151,STS_TANKER_0_2,VU,transit,1.0,tanker,0.9999999730035541,0.0,0.0,0.0,0.0,0.0,0.0,0.0,1.0,0.0,0.002430555555555555,0.3,0.07915523014507012,0.3,Transit,Tanker
900003151,STS_TANKER_0_2,VU,transit,0.999155701754386,tanker,0.9999999730023704,1.0964912280701754e-05,0.0,0.0,0.0,0.0,0.0008333333333333334,0.0,0.999155701754386,0.0,0.002430555555555555,0.3,0.08238627531855744,0.3,Transit,Tanker
900003151,STS_TANKER_0_2,VU,transit,1.0,tanker,0.999999973231005,0.0,0.0,0.0,0.0,0.0,0.0,0.0,1.0,0.0,0.002430555555555555,0.3,0.08607931372167826,0.3,Transit,Tanker
900003151,STS_TANKER_0_2,VU,transit,1.0,tanker,0.9999999730022125,0.0,0.0,0.0,0.0,0.0,0.0,0.0,1.0,0.0,0.002430555555555555,0.3,0.08975857490649805,0.3,Transit,Tanker
900003151,STS_TANKER_0_2,VU,transit,1.0,tanker,0.9999999743899175,0.0,0.0,0.0,0.0,0.0,0.0,0.0,1.0,0.0,0.002430555555555555,0.3,0.09348875160539794,0.3,Transit,Tanker
900003151,STS_TANKER_0_2,VU,transit,1.0,tanker,0.9999999742393597,0.0,0.0,0.0,0.0,0.0,0.0,0.0,1.0,0.0,0.002430555555555555,0.3,0.09716268097785616,0.3,Transit,Tanker
900003151,STS_TANKER_0_2,VU,transit,1.0,tanker,0.9999999741768395,0.0,0.0,0.0,0.0,0.0,0.0,0.0,1.0,0.0,0.002430555555555555,0.3,0.10103410447648725,0.3,Transit,Tanker
900003160,STS_TANKER_1_1,PA,transit,0.9999890350877193,tanker,0.9999999744932357,1.0964912280701754e-05,0.0,0.0,0.0,0.0,0.0,0.0,0.9999890350877193,0.0,0.002430555555555555,0.3,0.008920806327185966,0.3,Transit,Tanker
900003160,STS_TANKER_1_1,PA,transit,0.9979999999999999,tanker,0.9999999744932357,0.0,0.0,0.0,0.0,0.0,0.0,0.002,0.9979999999999999,0.0,0.002430555555555555,0.3,0.007536431364850842,0.3,Transit,Tanker
900003160,STS_TANKER_1_1,PA,transit,0.9979999999999999,tanker,0.9999999744932357,0.0,0.0,0.0,0.0,0.0,0.0,0.002,0.9979999999999999,0.0,0.002430555555555555,0.3,0.006976349018308958,0.3,Transit,Tanker
900003160,STS_TANKER_1_1,PA,transit,1.0,tanker,0.9999999744932357,0.0,0.0,0.0,0.0,0.0,0.0,0.0,1.0,0.0,0.002430555555555555,0.3,0.00653687766736168,0.3,Transit,Tanker
900003160,STS_TANKER_1_1,PA,transit,1.0,tanker,0.9999999744897792,0.0,0.0,0.0,0.0,0.0,0.0,0.0,1.0,0.0,0.002430555555555555,0.3,0.005707130085418442,0.3,Transit,Tanker
900003160,STS_TANKER_1_1,PA,transit,1.0,tanker,0.9999999744932357,0.0,0.0,0.0,0.0,0.0,0.0,0.0,1.0,0.0,0.002430555555555555,0.3,0.0036395501544314967,0.3,Transit,Tanker
900003160,STS_TANKER_1_1,PA,transit,1.0,tanker,0.9999999744603145,0.0,0.0,0.0,0.0,0.0,0.0,0.0,1.0,0.0,0.002430555555555555,0.3,0.0022810316190256404,0.3,Transit,Tanker
900003160,STS_TANKER_1_1,PA,transit,1.0,tanker,0.9999999744603145,0.0,0.0,0.0,0.0,0.0,0.0,0.0,1.0,0.0,0.002430555555555555,0.3,0.0010188777541219097,0.3,Transit,Tanker
900003160,STS_TANKER_1_1,PA,transit,0.9961001461988305,tanker,0.9999999738714582,0.0016776315789473683,0.0,0.0,0.0,0.0,0.0,0.0022222222222222222,0.9961001461988305,0.0,0.002430555555555555,0.3,0.0,0.3,Transit,Tanker
900003160,STS_TANKER_1_1,PA,sts,0.7777619047619047,tanker,0.9999999694708019,0.02597222222222222,0.0,0.0,0.0038888888888888883,0.0030555555555555553,0.0,0.7777619047619047,0.18709920634920635,0.0022222222222222222,0.002430555555555555,0.3,0.5,0.5,STS Transfer,Tanker
900003160,STS_TANKER_1_1,PA,sts,0.914388888888889,tanker,0.9999999642563495,0.03416666666666667,0.016555555555555556,0.0033333333333333335,0.0025,0.0031666666666666666,0.0,0.914388888888889,0.025888888888888892,0.0,0.002430555555555555,0.3,0.5,0.5,STS Transfer,Tanker
900003160,STS_TANKER_1_1,PA,sts,0.9863888888888888,tanker,0.9999999677322348,0.0008333333333333334,0.01211111111111111,0.0,0.0,0.0006666666666666668,0.0,0.9863888888888888,0.0,0.0,0.002430555555555555,0.3,0.5,0.5,STS Transfer,Tanker
900003160,STS_TANKER_1_1,PA,sts,0.9003699670925279,tanker,0.9999999679210504,0.046043509336192265,0.046282613389320715,0.0002032520325203252,0.0,0.004818428184281842,0.0,0.9003699670925279,0.0014285714285714286,0.0008536585365853659,0.002430555555555555,0.3,0.5,0.5,STS Transfer,Tanker
900003160,STS_TANKER_1_1,PA,sts,0.8338421893147503,tanker,0.999999969644285,0.07975077429345721,0.037547570654277974,0.0002032520325203252,0.005555555555555555,0.012540650406504067,0.0,0.8338421893147503,0.004761904761904762,0.02579810298102981,0.002430555555555555,0.3,0.5,0.5,STS Transfer,Tanker
900003160,STS_TANKER_1_1,PA,sts,0.8493064750290362,tanker,0.999999969606808,0.08115950445218738,0.055380903987611314,0.001869918699186992,0.0,0.005151761517615176,0.0,0.8493064750290362,0.0033333333333333335,0.00379810298102981,0.002430555555555555,0.3,0.5,0.5,STS Transfer,Tanker
900003160,STS_TANKER_1_1,PA,sts,0.9395029036004646,tanker,0.9999999733170659,0.016865853658536586,0.02770034843205574,0.0002032520325203252,0.0,0.0018184281842818428,0.0,0.9395029036004646,0.008333333333333333,0.005575880758807588,0.002430555555555555,0.3,0.5,0.5,STS Transfer,Tanker
900003160,STS_TANKER_1_1,PA,transit,0.7313095238095237,tanker,0.9999999703635591,0.03360317460317461,0.021833333333333333,0.0033333333333333335,0.005174603174603174,0.021023809523809524,0.0,0.18205555555555558,0.7313095238095237,0.0016666666666666668,0.002430555555555555,0.3,0.0,0.3,Transit,Tanker
900003160,STS_TANKER_1_1,PA,transit,0.9979999999999999,tanker,0.9999999740119299,0.0,0.0,0.0,0.0,0.0,0.0,0.002,0.9979999999999999,0.0,0.002430555555555555,0.3,0.0019647736155533765,0.3,Transit,Tanker
900003160,STS_TANKER_1_1,PA,transit,0.9979999999999999,tanker,0.9999999721719343,0.0,0.0,0.0,0.0,0.0,0.0,0.002,0.9979999999999999,0.0,0.002430555555555555,0.3,0.006479665432300301,0.3,Transit,Tanker
900003160,STS_TANKER_1_1,PA,transit,1.0,tanker,0.9999999721718574,0.0,0.0,0.0,0.0,0.0,0.0,0.0,1.0,0.0,0.002430555555555555,0.3,0.011942355038112425,0.3,Transit,Tanker
900003160,STS_TANKER_1_1,PA,transit,1.0,tanker,0.9999999721729426,0.0,0.0,0.0,0.0,0.0,0.0,0.0,1.0,0.0,0.002430555555555555,0.3,0.017560911839232647,0.3,Transit,Tanker
900003160,STS_TANKER_1_1,PA,transit,1.0,tanker,0.9999999742628238,0.0,0.0,0.0,0.0,0.0,0.0,0.0,1.0,0.0,0.002430555555555555,0.3,0.022884679084739474,0.3,Transit,Tanker
900003160,STS_TANKER_1_1,PA,transit,1.0,tanker,0.9999999742628238,0.0,0.0,0.0,0.0,0.0,0.0,0.0,1.0,0.0,0.002430555555555555,0.3,0.02817683763078223,0.3,Transit,Tanker
900003160,STS_TANKER_1_1,PA,transit,0.9979999999999999,tanker,0.9999999742629342,0.0,0.0,0.0,0.0,0.0,0.0,0.002,0.9979999999999999,0.0,0.002430555555555555,0.3,0.03337174236625502,0.3,Transit,Tanker
900003160,STS_TANKER_1_1,PA,transit,1.0,tanker,0.9999999744934414,0.0,0.0,0.0,0.0,0.0,0.0,0.0,1.0,0.0,0.002430555555555555,0.3,0.03839198464912927,0.3,Transit,Tanker
900003160,STS_TANKER_1_1,PA,transit,1.0,tanker,0.9999999744897792,0.0,0.0,0.0,0.0,0.0,0.0,0.0,1.0,0.0,0.002430555555555555,0.3,0.04333585627205708,0.3,Transit,Tanker
900003160,STS_TANKER_1_1,PA,transit,0.9983223684210526,tanker,0.9999999744954262,0.0016776315789473683,0.0,0.0,0.0,0.0,0.0,0.0,0.9983223684210526,0.0,0.002430555555555555,0.3,0.04812990748143609,0.3,Transit,Tanker
900003161,STS_TANKER_1_2,VU,transit,1.0,tanker,0.9999999687005326,0.0,0.0,0.0,0.0,0.0,0.0,0.0,1.0,0.0,0.002430555555555555,0.3,0.0,0.3,Transit,Tanker
900003161,STS_TANKER_1_2,VU,transit,1.0,tanker,0.9999999707396885,0.0,0.0,0.0,0.0,0.0,0.0,0.0,1.0,0.0,0.002430555555555555,0.3,0.0,0.3,Transit,Tanker
900003161,STS_TANKER_1_2,VU,transit,0.9966557017543859,tanker,0.9999999707418215,0.0033442982456140355,0.0,0.0,0.0,0.0,0.0,0.0,0.9966557017543859,0.0,0.002430555555555555,0.3,0.0,0.3,Transit,Tanker
900003161,STS_TANKER_1_2,VU,transit,0.9966557017543859,tanker,0.9999999707440226,0.0033442982456140355,0.0,0.0,0.0,0.0,0.0,0.0,0.9966557017543859,0.0,0.002430555555555555,0.3,0.0,0.3,Transit,Tanker
900003161,STS_TANKER_1_2,VU,transit,0.9999890350877193,tanker,0.999999970742788,1.0964912280701754e-05,0.0,0.0,0.0,0.0,0.0,0.0,0.9999890350877193,0.0,0.002430555555555555,0.3,0.0,0.3,Transit,Tanker
900003161,STS_TANKER_1_2,VU,transit,0.9983333333333333,tanker,0.9999999707453344,0.0016666666666666668,0.0,0.0,0.0,0.0,0.0,0.0,0.9983333333333333,0.0,0.002430555555555555,0.3,0.0,0.3,Transit,Tanker
900003161,STS_TANKER_1_2,VU,transit,0.9983333333333333,tanker,0.9999999691469258,0.0016666666666666668,0.0,0.0,0.0,0.0,0.0,0.0,0.9983333333333333,0.0,0.002430555555555555,0.3,0.0,0.3,Transit,Tanker
900003161,STS_TANKER_1_2,VU,transit,0.9983223684210526,tanker,0.9999999707453344,0.0016776315789473683,0.0,0.0,0.0,0.0,0.0,0.0,0.9983223684210526,0.0,0.002430555555555555,0.3,0.0,0.3,Transit,Tanker
900003161,STS_TANKER_1_2,VU,transit,0.9983223684210526,tanker,0.9999999687918116,0.0016776315789473683,0.0,0.0,0.0,0.0,0.0,0.0,0.9983223684210526,0.0,0.002430555555555555,0.3,2.317709687675773e-05,0.3,Transit,Tanker
900003161,STS_TANKER_1_2,VU,sts,0.5951031746031746,tanker,0.9999999640598851,0.034562552213868,0.0,0.0,0.0033333333333333335,0.005555555555555555,0.0016666666666666668,0.5951031746031746,0.3597787176274019,0.0,0.002430555555555555,0.3,0.501869120010945,0.501869120010945,STS Transfer,Tanker
900003161,STS_TANKER_1_2,VU,sts,0.6321111111111112,tanker,0.9999999529435935,0.17477777777777775,0.07846031746031747,0.0,0.004563492063492064,0.006333333333333333,0.0,0.6321111111111112,0.10375396825396824,0.0,0.002430555555555555,0.3,0.5028718126921851,0.5028718126921851,STS Transfer,Tanker
900003161,STS_TANKER_1_2,VU,sts,0.8866607142857144,tanker,0.9999999540925234,0.04345238095238096,0.017125000000000005,0.0,0.002833333333333333,0.023222222222222224,0.0,0.8866607142857144,0.02303968253968254,0.003666666666666667,0.002430555555555555,0.3,0.5033669476328726,0.5033669476328726,STS Transfer,Tanker
900003161,STS_TANKER_1_2,VU,sts,0.9021051587301588,tanker,0.9999999540964738,0.040230158730158734,0.018680555555555558,0.0,0.006388888888888888,0.015,0.0,0.9021051587301588,0.011150793650793649,0.006444444444444444,0.002430555555555555,0.3,0.5037249924703621,0.5037249924703621,STS Transfer,Tanker
900003161,STS_TANKER_1_2,VU,sts,0.922779761904762,tanker,0.9999999540964738,0.034333333333333334,0.027569444444444445,0.0,0.0,0.0033333333333333335,0.0,0.922779761904762,0.010317460317460315,0.0016666666666666668,0.002430555555555555,0.3,0.5040489506877942,0.5040489506877942,STS Transfer,Tanker
900003161,STS_TANKER_1_2,VU,sts,0.816311507936508,tanker,0.999999954096631,0.05866666666666667,0.07788690476190475,0.0,0.005555555555555555,0.014444444444444444,0.0,0.816311507936508,0.02069047619047619,0.006444444444444444,0.002430555555555555,0.3,0.504341200957596,0.504341200957596,STS Transfer,Tanker
900003161,STS_TANKER_1_2,VU,sts,0.830631871854433,tanker,0.9999951482795292,0.06431029810298103,0.07869836430507161,0.0002032520325203252,0.0,0.0020406504065040654,0.0,0.830631871854433,0.012706349206349206,0.011409214092140922,0.002430555555555555,0.3,0.50450600389724,0.50450600389724,STS Transfer,Tanker
900003161,STS_TANKER_1_2,VU,transit,0.6924841269841269,tanker,0.9999999639312795,0.027246031746031747,0.025458333333333333,0.0,0.011333333333333332,0.008944444444444446,0.0016666666666666668,0.22586706349206348,0.6924841269841269,0.007,0.002430555555555555,0.3,0.0047396878165671345,0.3,Transit,Tanker
900003161,STS_TANKER_1_2,VU,transit,0.99,tanker,0.9999999703146285,0.008333333333333333,0.0,0.0,0.0016666666666666668,0.0,0.0,0.0,0.99,0.0,0.002430555555555555,0.3,0.006213193134547588,0.3,Transit,Tanker
900003161,STS_TANKER_1_2,VU,transit,0.9983333333333333,tanker,0.9999999707485394,0.0016666666666666668,0.0,0.0,0.0,0.0,0.0,0.0,0.9983333333333333,0.0,0.002430555555555555,0.3,0.00976603142090783,0.3,Transit,Tanker
900003161,STS_TANKER_1_2,VU,transit,1.0,tanker,0.9999999707394576,0.0,0.0,0.0,0.0,0.0,0.0,0.0,1.0,0.0,0.002430555555555555,0.3,0.01456933955756837,0.3,Transit,Tanker
900003161,STS_TANKER_1_2,VU,transit,1.0,tanker,0.9999999691631499,0.0,0.0,0.0,0.0,0.0,0.0,0.0,1.0,0.0,0.002430555555555555,0.3,0.01971045242004351,0.3,Transit,Tanker
900003161,STS_TANKER_1_2,VU,transit,0.9999890350877193,tanker,0.9999999705645923,1.0964912280701754e-05,0.0,0.0,0.0,0.0,0.0,0.0,0.9999890350877193,0.0,0.002430555555555555,0.3,0.024953504427072448,0.3,Transit,Tanker
900003161,STS_TANKER_1_2,VU,transit,0.9999890350877193,tanker,0.9999998830080533,1.0964912280701754e-05,0.0,0.0,0.0,0.0,0.0,0.0,0.9999890350877193,0.0,0.002430555555555555,0.3,0.03024204372368948,0.3,Transit,Tanker
900003161,STS_TANKER_1_2,VU,transit,0.9999890350877193,tanker,0.99999996942439,1.0964912280701754e-05,0.0,0.0,0.0,0.0,0.0,0.0,0.9999890350877193,0.0,0.002430555555555555,0.3,0.03546415493017801,0.3,Transit,Tanker
900003161,STS_TANKER_1_2,VU,transit,1.0,tanker,0.9999999707670975,0.0,0.0,0.0,0.0,0.0,0.0,0.0,1.0,0.0,0.002430555555555555,0.3,0.040638216127926514,0.3,Transit,Tanker
900003161,STS_TANKER_1_2,VU,transit,0.9933333333333333,tanker,0.9999999707674989,0.0,0.0,0.0,0.0,0.0033333333333333335,0.0,0.0,0.9933333333333333,0.0033333333333333335,0.002430555555555555,0.3,0.045571367471949537,0.3,Transit,Tanker
900003161,STS_TANKER_1_2,VU,transit,0.9983223684210526,tanker,0.9999999694286916,1.0964912280701754e-05,0.0,0.0,0.0,0.0,0.0,0.0016666666666666668,0.9983223684210526,0.0,0.002430555555555555,0.3,0.050187434193102225,0.3,Transit,Tanker
900003170,STS_TANKER_2_1,PA,transit,0.9977777777777779,tanker,0.9999999497520745,0.0,0.0,0.0,0.0,0.0,0.0,0.0022222222222222222,0.9977777777777779,0.0,0.002430555555555555,0.3,0.019407843307296006,0.3,Transit,Tanker
900003170,STS_TANKER_2_1,PA,transit,1.0,tanker,0.9999999561939835,0.0,0.0,0.0,0.0,0.0,0.0,0.0,1.0,0.0,0.002430555555555555,0.3,0.017249509068759012,0.3,Transit,Tanker
900003170,STS_TANKER_2_1,PA,transit,1.0,tanker,0.9999999561936458,0.0,0.0,0.0,0.0,0.0,0.0,0.0,1.0,0.0,0.002430555555555555,0.3,0.014425775316489566,0.3,Transit,Tanker
900003170,STS_TANKER_2_1,PA,transit,1.0,tanker,0.9999999561946588,0.0,0.0,0.0,0.0,0.0,0.0,0.0,1.0,0.0,0.002430555555555555,0.3,0.0108644666198851,0.3,Transit,Tanker
900003170,STS_TANKER_2_1,PA,transit,1.0,tanker,0.999999949373921,0.0,0.0,0.0,0.0,0.0,0.0,0.0,1.0,0.0,0.002430555555555555,0.3,0.0065272685426644595,0.3,Transit,Tanker
900003170,STS_TANKER_2_1,PA,transit,1.0,tanker,0.9999999561939835,0.0,0.0,0.0,0.0,0.0,0.0,0.0,1.0,0.0,0.002430555555555555,0.3,0.0017374316471941856,0.3,Transit,Tanker
900003170,STS_TANKER_2_1,PA,transit,1.0,tanker,0.9999999561939835,0.0,0.0,0.0,0.0,0.0,0.0,0.0,1.0,0.0,0.002430555555555555,0.3,0.0,0.3,Transit,Tanker
900003170,STS_TANKER_2_1,PA,transit,1.0,tanker,0.9999999497462949,0.0,0.0,0.0,0.0,0.0,0.0,0.0,1.0,0.0,0.002430555555555555,0.3,0.0,0.3,Transit,Tanker
900003170,STS_TANKER_2_1,PA,transit,0.9938779239766082,tanker,0.9999999499339688,1.0964912280701754e-05,0.0,0.0,0.0,0.0,0.0,0.0061111111111111106,0.9938779239766082,0.0,0.002430555555555555,0.3,0.0,0.3,Transit,Tanker
900003170,STS_TANKER_2_1,PA,sts,0.7115714285714287,tanker,0.9999999424207446,0.023222222222222224,0.0,0.0,0.005777777777777778,0.011333333333333332,0.0,0.7115714285714287,0.24587301587301583,0.0022222222222222222,0.002430555555555555,0.3,0.5,0.5,STS Transfer,Tanker
900003170,STS_TANKER_2_1,PA,sts,0.7299444444444443,tanker,0.9999999279184014,0.06616666666666667,0.027793650793650794,0.0,0.015452380952380954,0.049277777777777775,0.0,0.7299444444444443,0.09047619047619046,0.020888888888888887,0.002430555555555555,0.3,0.5,0.5,STS Transfer,Tanker
900003170,STS_TANKER_2_1,PA,sts,0.9394444444444444,tanker,0.9999999265604352,0.023055555555555555,0.012666666666666666,0.0,0.002,0.011222222222222222,0.0,0.9394444444444444,0.009944444444444445,0.0016666666666666668,0.002430555555555555,0.3,0.5,0.5,STS Transfer,Tanker
900003170,STS_TANKER_2_1,PA,sts,0.7062876984126986,tanker,0.9999999257628038,0.15555555555555556,0.11126785714285713,0.0,0.0,0.004666666666666666,0.0,0.7062876984126986,0.020555555555555556,0.0016666666666666668,0.002430555555555555,0.3,0.5,0.5,STS Transfer,Tanker
900003170,STS_TANKER_2_1,PA,sts,0.8314226190476188,tanker,0.999999936349449,0.07887606837606836,0.0685346459096459,0.0,0.0022222222222222222,0.01338888888888889,0.0,0.8314226190476188,0.0008333333333333334,0.004722222222222221,0.002430555555555555,0.3,0.5,0.5,STS Transfer,Tanker
900003170,STS_TANKER_2_1,PA,sts,0.9282638888888888,tanker,0.9999999257626613,0.02672222222222222,0.03118055555555556,0.0,0.0,0.009666666666666667,0.0,0.9282638888888888,0.0008333333333333334,0.0033333333333333335,0.002430555555555555,0.3,0.5,0.5,STS Transfer,Tanker
900003170,STS_TANKER_2_1,PA,sts,0.9395972222222222,tanker,0.9999999261406957,0.016166666666666666,0.02073611111111111,0.0,0.0,0.0037777777777777775,0.0,0.9395972222222222,0.003611111111111111,0.016111111111111114,0.002430555555555555,0.3,0.5,0.5,STS Transfer,Tanker
900003170,STS_TANKER_2_1,PA,transit,0.8504603174603174,tanker,0.9999999458587139,0.01861111111111111,0.0115,0.0,0.009111111111111111,0.009650793650793651,0.0,0.09677777777777775,0.8504603174603174,0.0038888888888888883,0.002430555555555555,0.3,0.0,0.3,Transit,Tanker
900003170,STS_TANKER_2_1,PA,transit,0.994967320261438,tanker,0.9999999476246922,3.26797385620915e-05,0.0,0.0,0.0,0.0,0.0,0.005,0.994967320261438,0.0,0.002430555555555555,0.3,0.0,0.3,Transit,Tanker
900003170,STS_TANKER_2_1,PA,transit,1.0,tanker,0.999999949373921,0.0,0.0,0.0,0.0,0.0,0.0,0.0,1.0,0.0,0.002430555555555555,0.3,0.0,0.3,Transit,Tanker
900003170,STS_TANKER_2_1,PA,transit,1.0,tanker,0.9999999561936458,0.0,0.0,0.0,0.0,0.0,0.0,0.0,1.0,0.0,0.002430555555555555,0.3,0.0,0.3,Transit,Tanker
900003170,STS_TANKER_2_1,PA,transit,0.9999890350877193,tanker,0.9999999619799113,1.0964912280701754e-05,0.0,0.0,0.0,0.0,0.0,0.0,0.9999890350877193,0.0,0.002430555555555555,0.3,0.0,0.3,Transit,Tanker
900003170,STS_TANKER_2_1,PA,transit,0.9999890350877193,tanker,0.9999999619797993,1.0964912280701754e-05,0.0,0.0,0.0,0.0,0.0,0.0,0.9999890350877193,0.0,0.002430555555555555,0.3,0.0,0.3,Transit,Tanker
900003170,STS_TANKER_2_1,PA,transit,1.0,tanker,0.9999999585642442,0.0,0.0,0.0,0.0,0.0,0.0,0.0,1.0,0.0,0.002430555555555555,0.3,0.0,0.3,Transit,Tanker
900003170,STS_TANKER_2_1,PA,transit,1.0,tanker,0.9999999585642442,0.0,0.0,0.0,0.0,0.0,0.0,0.0,1.0,0.0,0.002430555555555555,0.3,0.0,0.3,Transit,Tanker
900003170,STS_TANKER_2_1,PA,transit,1.0,tanker,0.9999999585642442,0.0,0.0,0.0,0.0,0.0,0.0,0.0,1.0,0.0,0.002430555555555555,0.3,0.0,0.3,Transit,Tanker
900003170,STS_TANKER_2_1,PA,transit,1.0,tanker,0.9999999497520878,0.0,0.0,0.0,0.0,0.0,0.0,0.0,1.0,0.0,0.002430555555555555,0.3,0.0,0.3,Transit,Tanker
900003170,STS_TANKER_2_1,PA,transit,1.0,tanker,0.9999999497520878,0.0,0.0,0.0,0.0,0.0,0.0,0.0,1.0,0.0,0.002430555555555555,0.3,0.0,0.3,Transit,Tanker
900003171,STS_TANKER_2_2,VU,transit,0.9958333333333333,tanker,0.9999999743291497,0.0,0.0,0.0,0.0016666666666666668,0.0,0.0,0.0025,0.9958333333333333,0.0,0.002430555555555555,0.3,0.005752811620978854,0.3,Transit,Tanker
900003171,STS_TANKER_2_2,VU,transit,1.0,tanker,0.9999999745904817,0.0,0.0,0.0,0.0,0.0,0.0,0.0,1.0,0.0,0.002430555555555555,0.3,0.009352222437795099,0.3,Transit,Tanker
900003171,STS_TANKER_2_2,VU,transit,1.0,tanker,0.9999999745904817,0.0,0.0,0.0,0.0,0.0,0.0,0.0,1.0,0.0,0.002430555555555555,0.3,0.012382693308068383,0.3,Transit,Tanker
900003171,STS_TANKER_2_2,VU,transit,0.9963223684210525,tanker,0.9999999745700179,1.0964912280701754e-05,0.0,0.0,0.0,0.0,0.0,0.003666666666666667,0.9963223684210525,0.0,0.002430555555555555,0.3,0.015295091800255676,0.3,Transit,Tanker
900003171,STS_TANKER_2_2,VU,transit,0.9963223684210525,tanker,0.9999999745700179,1.0964912280701754e-05,0.0,0.0,0.0,0.0,0.0,0.003666666666666667,0.9963223684210525,0.0,0.002430555555555555,0.3,0.018505376513394668,0.3,Transit,Tanker
900003171,STS_TANKER_2_2,VU,transit,1.0,tanker,0.9999999745862347,0.0,0.0,0.0,0.0,0.0,0.0,0.0,1.0,0.0,0.002430555555555555,0.3,0.021978194023634188,0.3,Transit,Tanker
900003171,STS_TANKER_2_2,VU,transit,0.9972112573099413,tanker,0.9999999745647417,1.0964912280701754e-05,0.0,0.0,0.0,0.0,0.0,0.0027777777777777775,0.9972112573099413,0.0,0.002430555555555555,0.3,0.02551733869292959,0.3,Transit,Tanker
900003171,STS_TANKER_2_2,VU,transit,0.9983223684210526,tanker,0.9999999745700179,1.0964912280701754e-05,0.0,0.0,0.0,0.0,0.0,0.0016666666666666668,0.9983223684210526,0.0,0.002430555555555555,0.3,0.029182543130891123,0.3,Transit,Tanker
900003171,STS_TANKER_2_2,VU,transit,0.9968888888888888,tanker,0.9999999736302554,0.0,0.0,0.0,0.0,0.0,0.0,0.0031111111111111114,0.9968888888888888,0.0,0.002430555555555555,0.3,0.033247211783546296,0.3,Transit,Tanker
900003171,STS_TANKER_2_2,VU,sts,0.7006507936507936,tanker,0.9999999704480027,0.0060555555555555545,0.0,0.0,0.0,0.006388888888888888,0.0,0.7006507936507936,0.28690476190476183,0.0,0.002430555555555555,0.3,0.5367855298978432,0.5367855298978432,STS Transfer,Tanker
900003171,STS_TANKER_2_2,VU,sts,0.9450555555555559,tanker,0.9999999626478334,0.014166666666666666,0.0077222222222222215,0.0,0.0,0.0061111111111111106,0.0,0.9450555555555559,0.024944444444444446,0.002,0.002430555555555555,0.3,0.538658452588945,0.538658452588945,STS Transfer,Tanker
900003171,STS_TANKER_2_2,VU,sts,0.9326775067750676,tanker,0.9999999666937274,0.02851969981238274,0.026427454659161975,0.006869918699186992,0.0,0.0017073170731707317,0.0,0.9326775067750676,0.0037777777777777775,2.032520325203252e-05,0.002430555555555555,0.3,0.5393386516088051,0.5393386516088051,STS Transfer,Tanker
900003171,STS_TANKER_2_2,VU,sts,0.8612376919602529,tanker,0.9999999718633,0.07781029810298103,0.053095189701897014,0.0035365853658536586,0.0,0.004299909665763324,0.0,0.8612376919602529,0.0,2.032520325203252e-05,0.002430555555555555,0.3,0.5396860188816586,0.5396860188816586,STS Transfer,Tanker
900003171,STS_TANKER_2_2,VU,sts,0.8541107078332686,tanker,0.9999999720408873,0.08660394889663182,0.05253963414634147,0.0002032520325203252,0.0,0.0054110207768744345,0.0,0.8541107078332686,0.0,0.0011314363143631436,0.002430555555555555,0.3,0.5398886961973355,0.5398886961973355,STS Transfer,Tanker
900003171,STS_TANKER_2_2,VU,sts,0.9732222222222221,tanker,0.9999999666942365,0.0170982905982906,0.003012820512820513,0.0,0.0,0.0027777777777777775,0.0,0.9732222222222221,0.0038888888888888883,0.0,0.002430555555555555,0.3,0.5401629694492198,0.5401629694492198,STS Transfer,Tanker
900003171,STS_TANKER_2_2,VU,sts,0.9156378242353852,tanker,0.9999999668853772,0.02781029810298103,0.015747967479674798,0.0002032520325203252,0.0016666666666666668,0.018358110723964382,0.0,0.9156378242353852,0.010555555555555554,0.010020325203252033,0.002430555555555555,0.3,0.5406205547458505,0.5406205547458505,STS Transfer,Tanker
900003171,STS_TANKER_2_2,VU,transit,0.7325793650793649,tanker,0.999999971086946,0.042817460317460324,0.024238095238095236,0.0,0.0037301587301587303,0.0033333333333333335,0.0,0.19330158730158734,0.7325793650793649,0.0,0.002430555555555555,0.3,0.04173791506987336,0.3,Transit,Tanker
900003171,STS_TANKER_2_2,VU,transit,0.9955228758169935,tanker,0.9999999750551039,0.004477124183006536,0.0,0.0,0.0,0.0,0.0,0.0,0.9955228758169935,0.0,0.002430555555555555,0.3,0.044506468936916864,0.3,Transit,Tanker
900003171,STS_TANKER_2_2,VU,transit,1.0,tanker,0.999999974497221,0.0,0.0,0.0,0.0,0.0,0.0,0.0,1.0,0.0,0.002430555555555555,0.3,0.04836135063219354,0.3,Transit,Tanker
900003171,STS_TANKER_2_2,VU,transit,1.0,tanker,0.999999974497221,0.0,0.0,0.0,0.0,0.0,0.0,0.0,1.0,0.0,0.002430555555555555,0.3,0.052410267316646865,0.3,Transit,Tanker
900003171,STS_TANKER_2_2,VU,transit,1.0,tanker,0.9999999742552723,0.0,0.0,0.0,0.0,0.0,0.0,0.0,1.0,0.0,0.002430555555555555,0.3,0.056286525157619706,0.3,Transit,Tanker
900003171,STS_TANKER_2_2,VU,transit,1.0,tanker,0.9999999745862347,0.0,0.0,0.0,0.0,0.0,0.0,0.0,1.0,0.0,0.002430555555555555,0.3,0.059813356917673234,0.3,Transit,Tanker
900003171,STS_TANKER_2_2,VU,transit,1.0,tanker,0.9999999745854309,0.0,0.0,0.0,0.0,0.0,0.0,0.0,1.0,0.0,0.002430555555555555,0.3,0.06272589348095176,0.3,Transit,Tanker
900003171,STS_TANKER_2_2,VU,transit,1.0,tanker,0.9999999745862347,0.0,0.0,0.0,0.0,0.0,0.0,0.0,1.0,0.0,0.002430555555555555,0.3,0.06499710284942072,0.3,Transit,Tanker
900003171,STS_TANKER_2_2,VU,transit,0.9983333333333333,tanker,0.9999999745920658,0.0,0.0,0.0,0.0,0.0,0.0,0.0016666666666666668,0.9983333333333333,0.0,0.002430555555555555,0.3,0.06688711171121224,0.3,Transit,Tanker
900003171,STS_TANKER_2_2,VU,transit,0.9983223684210526,tanker,0.9999999745705779,1.0964912280701754e-05,0.0,0.0,0.0,0.0,0.0,0.0016666666666666668,0.9983223684210526,0.0,0.002430555555555555,0.3,0.06848860340734002,0.3,Transit,Tanker
900003171,STS_TANKER_2_2,VU,transit,1.0,tanker,0.999999974242334,0.0,0.0,0.0,0.0,0.0,0.0,0.0,1.0,0.0,0.002430555555555555,0.3,0.07039563213440768,0.3,Transit,Tanker
