mmsi,name,flag,pred_activity,activity_confidence,pred_vessel_type,vessel_confidence,prob_anchored,prob_bunkering,prob_dredging,prob_fishing,prob_loiter,prob_patrol_sweep,prob_sts,prob_transit,prob_transshipment,dark_vessel_risk,iuu_fishing_risk,sts_evasion_risk,overall_anomaly_score,pred_activity_label,pred_vessel_label
500033514,MV_STR_CARGO_000,LR,transit,0.9999137399876772,bulk_carrier,0.9999999734153702,0.0,0.0,0.0,0.0,4.929143561306223e-05,0.0,1.8484288354898337e-05,0.9999137399876772,1.8484288354898337e-05,0.002430555555555555,0.0,0.0,0.002430555555555555,Transit,Bulk Carrier
500033514,MV_STR_CARGO_000,LR,transit,0.9999137399876772,bulk_carrier,0.9999999734153702,0.0,0.0,0.0,0.0,4.929143561306223e-05,0.0,1.8484288354898337e-05,0.9999137399876772,1.8484288354898337e-05,0.002430555555555555,0.0,0.0,0.002430555555555555,Transit,Bulk Carrier
500033514,MV_STR_CARGO_000,LR,transit,0.9999137399876772,bulk_carrier,0.9999999734153702,0.0,0.0,0.0,0.0,4.929143561306223e-05,0.0,1.8484288354898337e-05,0.9999137399876772,1.8484288354898337e-05,0.002430555555555555,0.0,0.0,0.002430555555555555,Transit,Bulk Carrier
500033514,MV_STR_CARGO_000,LR,transit,0.9999137399876772,bulk_carrier,0.9999999734153702,0.0,0.0,0.0,0.0,4.929143561306223e-05,0.0,1.8484288354898337e-05,0.9999137399876772,1.8484288354898337e-05,0.002430555555555555,0.0,0.0,0.002430555555555555,Transit,Bulk Carrier
500033514,MV_STR_CARGO_000,LR,transit,0.9999137399876772,bulk_carrier,0.9999999713786573,0.0,0.0,0.0,0.0,4.929143561306223e-05,0.0,1.8484288354898337e-05,0.9999137399876772,1.8484288354898337e-05,0.002430555555555555,0.0,0.0,0.002430555555555555,Transit,Bulk Carrier
500033514,MV_STR_CARGO_000,LR,transit,0.9999137399876772,bulk_carrier,0.9999999734153702,0.0,0.0,0.0,0.0,4.929143561306223e-05,0.0,1.8484288354898337e-05,0.9999137399876772,1.8484288354898337e-05,0.002430555555555555,0.0,0.0,0.002430555555555555,Transit,Bulk Carrier
500033514,MV_STR_CARGO_000,LR,transit,0.9999137399876772,bulk_carrier,0.9999999734153702,0.0,0.0,0.0,0.0,4.929143561306223e-05,0.0,1.8484288354898337e-05,0.9999137399876772,1.8484288354898337e-05,0.002430555555555555,0.0,0.0,0.002430555555555555,Transit,Bulk Carrier
500033514,MV_STR_CARGO_000,LR,transit,0.9999137399876772,bulk_carrier,0.9999999734153702,0.0,0.0,0.0,0.0,4.929143561306223e-05,0.0,1.8484288354898337e-05,0.9999137399876772,1.8484288354898337e-05,0.002430555555555555,0.0,0.0,0.002430555555555555,Transit,Bulk Carrier
500033514,MV_STR_CARGO_000,LR,transit,0.9999137399876772,bulk_carrier,0.9999999734153702,0.0,0.0,0.0,0.0,4.929143561306223e-05,0.0,1.8484288354898337e-05,0.9999137399876772,1.8484288354898337e-05,0.002430555555555555,0.0,0.0,0.002430555555555555,Transit,Bulk Carrier
500033514,MV_STR_CARGO_000,LR,transit,0.9999137399876772,bulk_carrier,0.9999999734153702,0.0,0.0,0.0,0.0,4.929143561306223e-05,0.0,1.8484288354898337e-05,0.9999137399876772,1.8484288354898337e-05,0.002430555555555555,0.0,0.0,0.002430555555555555,Transit,Bulk Carrier
500033514,MV_STR_CARGO_000,LR,transit,0.9999137399876772,bulk_carrier,0.9999999734153702,0.0,0.0,0.0,0.0,4.929143561306223e-05,0.0,1.8484288354898337e-05,0.9999137399876772,1.8484288354898337e-05,0.002430555555555555,0.0,0.0,0.002430555555555555,Transit,Bulk Carrier
500033514,MV_STR_CARGO_000,LR,transit,0.9999137399876772,bulk_carrier,0.9999999734149692,0.0,0.0,0.0,0.0,4.929143561306223e-05,0.0,1.8484288354898337e-05,0.9999137399876772,1.8484288354898337e-05,0.002430555555555555,0.0,0.0,0.002430555555555555,Transit,Bulk Carrier
500033514,MV_STR_CARGO_000,LR,transit,0.9999137399876772,bulk_carrier,0.9999999734153702,0.0,0.0,0.0,0.0,4.929143561306223e-05,0.0,1.8484288354898337e-05,0.9999137399876772,1.8484288354898337e-05,0.002430555555555555,0.0,0.0,0.002430555555555555,Transit,Bulk Carrier
500033514,MV_STR_CARGO_000,LR,transit,0.9999137399876772,bulk_carrier,0.9999999734153702,0.0,0.0,0.0,0.0,4.929143561306223e-05,0.0,1.8484288354898337e-05,0.9999137399876772,1.8484288354898337e-05,0.002430555555555555,0.0,0.0,0.002430555555555555,Transit,Bulk Carrier
500033514,MV_STR_CARGO_000,LR,transit,0.9999137399876772,bulk_carrier,0.9999999734153702,0.0,0.0,0.0,0.0,4.929143561306223e-05,0.0,1.8484288354898337e-05,0.9999137399876772,1.8484288354898337e-05,0.002430555555555555,0.0,0.0,0.002430555555555555,Transit,Bulk Carrier
500033514,MV_STR_CARGO_000,LR,transit,0.9999137399876772,bulk_carrier,0.9999999734153702,0.0,0.0,0.0,0.0,4.929143561306223e-05,0.0,1.8484288354898337e-05,0.9999137399876772,1.8484288354898337e-05,0.002430555555555555,0.0,0.0,0.002430555555555555,Transit,Bulk Carrier
500033514,MV_STR_CARGO_000,LR,transit,0.9999137399876772,bulk_carrier,0.9999999734153702,0.0,0.0,0.0,0.0,4.929143561306223e-05,0.0,1.8484288354898337e-05,0.9999137399876772,1.8484288354898337e-05,0.002430555555555555,0.0,0.0,0.002430555555555555,Transit,Bulk Carrier
500033514,MV_STR_CARGO_000,LR,transit,0.9999137399876772,bulk_carrier,0.9999999734153702,0.0,0.0,0.0,0.0,4.929143561306223e-05,0.0,1.8484288354898337e-05,0.9999137399876772,1.8484288354898337e-05,0.002430555555555555,0.0,0.0,0.002430555555555555,Transit,Bulk Carrier
500033514,MV_STR_CARGO_000,LR,transit,0.9999137399876772,bulk_carrier,0.9999999734153702,0.0,0.0,0.0,0.0,4.929143561306223e-05,0.0,1.8484288354898337e-05,0.9999137399876772,1.8484288354898337e-05,0.002430555555555555,0.0,0.0,0.002430555555555555,Transit,Bulk Carrier
500033514,MV_STR_CARGO_000,LR,transit,0.9999137399876772,bulk_carrier,0.9999999734153702,0.0,0.0,0.0,0.0,4.929143561306223e-05,0.0,1.8484288354898337e-05,0.9999137399876772,1.8484288354898337e-05,0.002430555555555555,0.0,0.0,0.002430555555555555,Transit,Bulk Carrier
500033514,MV_STR_CARGO_000,LR,transit,0.9999137399876772,bulk_carrier,0.9999999734153702,0.0,0.0,0.0,0.0,4.929143561306223e-05,0.0,1.8484288354898337e-05,0.9999137399876772,1.8484288354898337e-05,0.002430555555555555,0.0,0.0,0.002430555555555555,Transit,Bulk Carrier
500033514,MV_STR_CARGO_000,LR,transit,0.9999137399876772,bulk_carrier,0.9999999732206775,0.0,0.0,0.0,0.0,4.929143561306223e-05,0.0,1.8484288354898337e-05,0.9999137399876772,1.8484288354898337e-05,0.002430555555555555,0.0,0.0,0.002430555555555555,Transit,Bulk Carrier
500033514,MV_STR_CARGO_000,LR,transit,0.9999137399876772,bulk_carrier,0.9999999734153702,0.0,0.0,0.0,0.0,4.929143561306223e-05,0.0,1.8484288354898337e-05,0.9999137399876772,1.8484288354898337e-05,0.002430555555555555,0.0,0.0,0.002430555555555555,Transit,Bulk Carrier
500033514,MV_STR_CARGO_000,LR,transit,0.9999137399876772,bulk_carrier,0.9999999734153702,0.0,0.0,0.0,0.0,4.929143561306223e-05,0.0,1.8484288354898337e-05,0.9999137399876772,1.8484288354898337e-05,0.002430555555555555,0.0,0.0,0.002430555555555555,Transit,Bulk Carrier
500033514,MV_STR_CARGO_000,LR,transit,0.9999137399876772,bulk_carrier,0.9999999734153702,0.0,0.0,0.0,0.0,4.929143561306223e-05,0.0,1.8484288354898337e-05,0.9999137399876772,1.8484288354898337e-05,0.002430555555555555,0.0,0.0,0.002430555555555555,Transit,Bulk Carrier
500033514,MV_STR_CARGO_000,LR,transit,0.9999137399876772,bulk_carrier,0.9999999734153702,0.0,0.0,0.0,0.0,4.929143561306223e-05,0.0,1.8484288354898337e-05,0.9999137399876772,1.8484288354898337e-05,0.002430555555555555,0.0,0.0,0.002430555555555555,Transit,Bulk Carrier
500033514,MV_STR_CARGO_000,LR,transit,0.9999137399876772,bulk_carrier,0.9999999734153702,0.0,0.0,0.0,0.0,4.929143561306223e-05,0.0,1.8484288354898337e-05,0.9999137399876772,1.8484288354898337e-05,0.002430555555555555,0.0,0.0,0.002430555555555555,Transit,Bulk Carrier
500033514,MV_STR_CARGO_000,LR,transit,0.9999137399876772,bulk_carrier,0.9999999734153702,0.0,0.0,0.0,0.0,4.929143561306223e-05,0.0,1.8484288354898337e-05,0.9999137399876772,1.8484288354898337e-05,0.002430555555555555,0.0,0.0,0.002430555555555555,Transit,Bulk Carrier
500033514,MV_STR_CARGO_000,LR,transit,0.9999137399876772,bulk_carrier,0.9999999734153702,0.0,0.0,0.0,0.0,4.929143561306223e-05,0.0,1.8484288354898337e-05,0.9999137399876772,1.8484288354898337e-05,0.002430555555555555,0.0,0.0,0.002430555555555555,Transit,Bulk Carrier
500033514,MV_STR_CARGO_000,LR,transit,0.9999137399876772,bulk_carrier,0.9999999739888692,0.0,0.0,0.0,0.0,4.929143561306223e-05,0.0,1.8484288354898337e-05,0.9999137399876772,1.8484288354898337e-05,0.002430555555555555,0.0,0.0,0.002430555555555555,Transit,Bulk Carrier
500033514,MV_STR_CARGO_000,LR,transit,0.9991666666666666,bulk_carrier,0.9999999739888692,0.0,0.0,0.0,0.0,0.0,0.0,0.0008333333333333334,0.9991666666666666,0.0,0.002430555555555555,0.0,0.0,0.002430555555555555,Transit,Bulk Carrier
500033514,MV_STR_CARGO_000,LR,transit,0.9999137399876772,bulk_carrier,0.999999973990557,0.0,0.0,0.0,0.0,4.929143561306223e-05,0.0,1.8484288354898337e-05,0.9999137399876772,1.8484288354898337e-05,0.002430555555555555,0.0,0.0,0.002430555555555555,Transit,Bulk Carrier
500033514,MV_STR_CARGO_000,LR,transit,0.9999137399876772,bulk_carrier,0.9999999734153702,0.0,0.0,0.0,0.0,4.929143561306223e-05,0.0,1.8484288354898337e-05,0.9999137399876772,1.8484288354898337e-05,0.002430555555555555,0.0,0.0,0.002430555555555555,Transit,Bulk Carrier
500033514,MV_STR_CARGO_000,LR,transit,0.9999137399876772,bulk_carrier,0.9999999734153702,0.0,0.0,0.0,0.0,4.929143561306223e-05,0.0,1.8484288354898337e-05,0.9999137399876772,1.8484288354898337e-05,0.002430555555555555,0.0,0.0,0.002430555555555555,Transit,Bulk Carrier
500033514,MV_STR_CARGO_000,LR,transit,0.9999137399876772,bulk_carrier,0.9999999734153702,0.0,0.0,0.0,0.0,4.929143561306223e-05,0.0,1.8484288354898337e-05,0.9999137399876772,1.8484288354898337e-05,0.002430555555555555,0.0,0.0,0.002430555555555555,Transit,Bulk Carrier
500033514,MV_STR_CARGO_000,LR,transit,0.9999137399876772,bulk_carrier,0.9999999734153702,0.0,0.0,0.0,0.0,4.929143561306223e-05,0.0,1.8484288354898337e-05,0.9999137399876772,1.8484288354898337e-05,0.002430555555555555,0.0,0.0,0.002430555555555555,Transit,Bulk Carrier
500033514,MV_STR_CARGO_000,LR,transit,0.9999137399876772,bulk_carrier,0.9999999734153702,0.0,0.0,0.0,0.0,4.929143561306223e-05,0.0,1.8484288354898337e-05,0.9999137399876772,1.8484288354898337e-05,0.002430555555555555,0.0,0.0,0.002430555555555555,Transit,Bulk Carrier
500033514,MV_STR_CARGO_000,LR,transit,0.9999137399876772,bulk_carrier,0.9999999734153702,0.0,0.0,0.0,0.0,4.929143561306223e-05,0.0,1.8484288354898337e-05,0.9999137399876772,1.8484288354898337e-05,0.002430555555555555,0.0,0.0,0.002430555555555555,Transit,Bulk Carrier
500033514,MV_STR_CARGO_000,LR,transit,0.9999137399876772,bulk_carrier,0.9999999732558869,0.0,0.0,0.0,0.0,4.929143561306223e-05,0.0,1.8484288354898337e-05,0.9999137399876772,1.8484288354898337e-05,0.002430555555555555,0.0,0.0,0.002430555555555555,Transit,Bulk Carrier
500033514,MV_STR_CARGO_000,LR,transit,0.997691517765455,bulk_carrier,0.9999999734507605,0.0022222222222222222,0.0,0.0,0.0,4.929143561306223e-05,0.0,1.8484288354898337e-05,0.997691517765455,1.8484288354898337e-05,0.002430555555555555,0.0,0.0,0.002430555555555555,Transit,Bulk Carrier
500033514,MV_STR_CARGO_000,LR,transit,0.9999137399876772,bulk_carrier,0.9999999734153702,0.0,0.0,0.0,0.0,4.929143561306223e-05,0.0,1.8484288354898337e-05,0.9999137399876772,1.8484288354898337e-05,0.002430555555555555,0.0,0.0,0.002430555555555555,Transit,Bulk Carrier
500033514,MV_STR_CARGO_000,LR,transit,0.9999137399876772,bulk_carrier,0.9999999734153702,0.0,0.0,0.0,0.0,4.929143561306223e-05,0.0,1.8484288354898337e-05,0.9999137399876772,1.8484288354898337e-05,0.002430555555555555,0.0,0.0,0.002430555555555555,Transit,Bulk Carrier
500033514,MV_STR_CARGO_000,LR,transit,0.9999137399876772,bulk_carrier,0.9999999734153702,0.0,0.0,0.0,0.0,4.929143561306223e-05,0.0,1.8484288354898337e-05,0.9999137399876772,1.8484288354898337e-05,0.002430555555555555,0.0,0.0,0.002430555555555555,Transit,Bulk Carrier
500033514,MV_STR_CARGO_000,LR,transit,1.0,bulk_carrier,0.9999999734153702,0.0,0.0,0.0,0.0,0.0,0.0,0.0,1.0,0.0,0.002430555555555555,0.0,0.0,0.002430555555555555,Transit,Bulk Carrier
500033514,MV_STR_CARGO_000,LR,transit,1.0,bulk_carrier,0.9999999734153702,0.0,0.0,0.0,0.0,0.0,0.0,0.0,1.0,0.0,0.002430555555555555,0.0,0.0,0.002430555555555555,Transit,Bulk Carrier
500033514,MV_STR_CARGO_000,LR,transit,0.9999137399876772,bulk_carrier,0.9999999734153702,0.0,0.0,0.0,0.0,4.929143561306223e-05,0.0,1.8484288354898337e-05,0.9999137399876772,1.8484288354898337e-05,0.002430555555555555,0.0,0.0,0.002430555555555555,Transit,Bulk Carrier
500033514,MV_STR_CARGO_000,LR,transit,0.9999137399876772,bulk_carrier,0.9999999734153702,0.0,0.0,0.0,0.0,4.929143561306223e-05,0.0,1.8484288354898337e-05,0.9999137399876772,1.8484288354898337e-05,0.002430555555555555,0.0,0.0,0.002430555555555555,Transit,Bulk Carrier
500033514,MV_STR_CARGO_000,LR,transit,0.9999137399876772,bulk_carrier,0.9999999734153702,0.0,0.0,0.0,0.0,4.929143561306223e-05,0.0,1.8484288354898337e-05,0.9999137399876772,1.8484288354898337e-05,0.002430555555555555,0.0,0.0,0.002430555555555555,Transit,Bulk Carrier
500033514,MV_STR_CARGO_000,LR,transit,0.9999137399876772,bulk_carrier,0.9999999734153702,0.0,0.0,0.0,0.0,4.929143561306223e-05,0.0,1.8484288354898337e-05,0.9999137399876772,1.8484288354898337e-05,0.002430555555555555,0.0,0.0,0.002430555555555555,Transit,Bulk Carrier
500033514,MV_STR_CARGO_000,LR,transit,0.9999137399876772,bulk_carrier,0.9999999734153702,0.0,0.0,0.0,0.0,4.929143561306223e-05,0.0,1.8484288354898337e-05,0.9999137399876772,1.8484288354898337e-05,0.002430555555555555,0.0,0.0,0.002430555555555555,Transit,Bulk Carrier
500033514,MV_STR_CARGO_000,LR,transit,0.9999137399876772,bulk_carrier,0.9999999734153702,0.0,0.0,0.0,0.0,4.929143561306223e-05,0.0,1.8484288354898337e-05,0.9999137399876772,1.8484288354898337e-05,0.002430555555555555,0.0,0.0,0.002430555555555555,Transit,Bulk Carrier
500033514,MV_STR_CARGO_000,LR,transit,0.9999137399876772,bulk_carrier,0.9999999734153702,0.0,0.0,0.0,0.0,4.929143561306223e-05,0.0,1.8484288354898337e-05,0.9999137399876772,1.8484288354898337e-05,0.002430555555555555,0.0,0.0,0.002430555555555555,Transit,Bulk Carrier
500033514,MV_STR_CARGO_000,LR,transit,0.9999137399876772,bulk_carrier,0.9999999734153702,0.0,0.0,0.0,0.0,4.929143561306223e-05,0.0,1.8484288354898337e-05,0.9999137399876772,1.8484288354898337e-05,0.002430555555555555,0.0,0.0,0.002430555555555555,Transit,Bulk Carrier
500033514,MV_STR_CARGO_000,LR,transit,0.9999137399876772,bulk_carrier,0.9999999734153702,0.0,0.0,0.0,0.0,4.929143561306223e-05,0.0,1.8484288354898337e-05,0.9999137399876772,1.8484288354898337e-05,0.002430555555555555,0.0,0.0,0.002430555555555555,Transit,Bulk Carrier
500033514,MV_STR_CARGO_000,LR,transit,0.9999137399876772,bulk_carrier,0.9999999734153702,0.0,0.0,0.0,0.0,4.929143561306223e-05,0.0,1.8484288354898337e-05,0.9999137399876772,1.8484288354898337e-05,0.002430555555555555,0.0,0.0,0.002430555555555555,Transit,Bulk Carrier
500033514,MV_STR_CARGO_000,LR,transit,0.9999137399876772,bulk_carrier,0.9999999734153702,0.0,0.0,0.0,0.0,4.929143561306223e-05,0.0,1.8484288354898337e-05,0.9999137399876772,1.8484288354898337e-05,0.002430555555555555,0.0,0.0,0.002430555555555555,Transit,Bulk Carrier
500033515,MV_STR_CARGO_001,CN,transit,1.0,tanker,0.999975051754657,0.0,0.0,0.0,0.0,0.0,0.0,0.0,1.0,0.0,0.002430555555555555,0.0,0.010441896906970656,0.010441896906970656,Transit,Tanker
500033515,MV_STR_CARGO_001,CN,transit,1.0,tanker,0.9999750533384709,0.0,0.0,0.0,0.0,0.0,0.0,0.0,1.0,0.0,0.002430555555555555,0.0,0.009716307444646853,0.009716307444646853,Transit,Tanker
500033515,MV_STR_CARGO_001,CN,transit,0.9966666666666667,tanker,0.9999750547931849,0.0,0.0,0.0,0.0,0.0,0.0,0.0033333333333333335,0.9966666666666667,0.0,0.002430555555555555,0.0,0.009691280233212887,0.009691280233212887,Transit,Tanker
500033515,MV_STR_CARGO_001,CN,transit,0.9966666666666667,tanker,0.9999750533401915,0.0,0.0,0.0,0.0,0.0,0.0,0.0033333333333333335,0.9966666666666667,0.0,0.002430555555555555,0.0,0.01067694402809189,0.01067694402809189,Transit,Tanker
500033515,MV_STR_CARGO_001,CN,transit,0.9999137399876772,tanker,0.9999750547949052,0.0,0.0,0.0,0.0,4.929143561306223e-05,0.0,1.8484288354898337e-05,0.9999137399876772,1.8484288354898337e-05,0.002430555555555555,0.0,0.006147033915822831,0.006147033915822831,Transit,Tanker
500033515,MV_STR_CARGO_001,CN,transit,0.9999137399876772,tanker,0.9999750533401915,0.0,0.0,0.0,0.0,4.929143561306223e-05,0.0,1.8484288354898337e-05,0.9999137399876772,1.8484288354898337e-05,0.002430555555555555,0.0,0.0,0.002430555555555555,Transit,Tanker
500033515,MV_STR_CARGO_001,CN,transit,0.997691517765455,tanker,0.9999750533401915,0.0022222222222222222,0.0,0.0,0.0,4.929143561306223e-05,0.0,1.8484288354898337e-05,0.997691517765455,1.8484288354898337e-05,0.002430555555555555,0.0,0.0,0.002430555555555555,Transit,Tanker
500033515,MV_STR_CARGO_001,CN,transit,1.0,tanker,0.9999750533384709,0.0,0.0,0.0,0.0,0.0,0.0,0.0,1.0,0.0,0.002430555555555555,0.0,0.0,0.002430555555555555,Transit,Tanker
500033515,MV_STR_CARGO_001,CN,transit,1.0,tanker,0.9999750533384709,0.0,0.0,0.0,0.0,0.0,0.0,0.0,1.0,0.0,0.002430555555555555,0.0,0.0,0.002430555555555555,Transit,Tanker
500033515,MV_STR_CARGO_001,CN,transit,0.9999137399876772,tanker,0.9999750533401915,0.0,0.0,0.0,0.0,4.929143561306223e-05,0.0,1.8484288354898337e-05,0.9999137399876772,1.8484288354898337e-05,0.002430555555555555,0.0,0.0,0.002430555555555555,Transit,Tanker
500033515,MV_STR_CARGO_001,CN,transit,0.9899137399876772,tanker,0.9999750524885115,0.01,0.0,0.0,0.0,4.929143561306223e-05,0.0,1.8484288354898337e-05,0.9899137399876772,1.8484288354898337e-05,0.002430555555555555,0.0,0.0,0.002430555555555555,Transit,Tanker
500033515,MV_STR_CARGO_001,CN,transit,0.9907470733210105,tanker,0.9999750533401915,0.008055555555555555,0.0,0.0,0.0,4.929143561306223e-05,0.0,1.8484288354898337e-05,0.9907470733210105,0.0011295953994660095,0.002430555555555555,0.0,0.0,0.002430555555555555,Transit,Tanker
500033515,MV_STR_CARGO_001,CN,transit,0.9810804066543437,tanker,0.9999750533401915,0.015499999999999998,0.0022222222222222222,0.0,0.0,4.929143561306223e-05,0.0,1.8484288354898337e-05,0.9810804066543437,0.0011295953994660095,0.002430555555555555,0.0,0.0,0.002430555555555555,Transit,Tanker
500033515,MV_STR_CARGO_001,CN,transit,0.9810804066543439,tanker,0.9999750533401915,0.017722222222222223,0.0,0.0,0.0,4.929143561306223e-05,0.0,1.8484288354898337e-05,0.9810804066543439,0.0011295953994660095,0.002430555555555555,0.0,0.0,0.002430555555555555,Transit,Tanker
500033515,MV_STR_CARGO_001,CN,transit,0.9932470733210105,tanker,0.9999750533401915,0.0033333333333333335,0.0,0.0,0.0,4.929143561306223e-05,0.0033333333333333335,1.8484288354898337e-05,0.9932470733210105,1.8484288354898337e-05,0.002430555555555555,0.0,0.0,0.002430555555555555,Transit,Tanker
500033515,MV_STR_CARGO_001,CN,transit,0.9999137399876772,tanker,0.9999750533384709,0.0,0.0,0.0,0.0,4.929143561306223e-05,0.0,1.8484288354898337e-05,0.9999137399876772,1.8484288354898337e-05,0.002430555555555555,0.0,0.0,0.002430555555555555,Transit,Tanker
500033515,MV_STR_CARGO_001,CN,transit,0.9961111111111113,tanker,0.9999750547931849,0.0022222222222222222,0.0,0.0,0.0016666666666666668,0.0,0.0,0.0,0.9961111111111113,0.0,0.002430555555555555,0.0,0.0,0.002430555555555555,Transit,Tanker
500033515,MV_STR_CARGO_001,CN,transit,0.9982470733210105,tanker,0.9999750547949052,0.0,0.0,0.0,0.0016666666666666668,4.929143561306223e-05,0.0,1.8484288354898337e-05,0.9982470733210105,1.8484288354898337e-05,0.002430555555555555,0.0,0.0,0.002430555555555555,Transit,Tanker
500033515,MV_STR_CARGO_001,CN,transit,0.9999137399876772,tanker,0.9999750533384709,0.0,0.0,0.0,0.0,4.929143561306223e-05,0.0,1.8484288354898337e-05,0.9999137399876772,1.8484288354898337e-05,0.002430555555555555,0.0,0.0,0.002430555555555555,Transit,Tanker
500033515,MV_STR_CARGO_001,CN,transit,0.9999137399876772,tanker,0.9999750524885115,0.0,0.0,0.0,0.0,4.929143561306223e-05,0.0,1.8484288354898337e-05,0.9999137399876772,1.8484288354898337e-05,0.002430555555555555,0.0,0.0,0.002430555555555555,Transit,Tanker
500033515,MV_STR_CARGO_001,CN,transit,0.9999137399876772,tanker,0.9999750533401915,0.0,0.0,0.0,0.0,4.929143561306223e-05,0.0,1.8484288354898337e-05,0.9999137399876772,1.8484288354898337e-05,0.002430555555555555,0.0,0.001833936005579069,0.002430555555555555,Transit,Tanker
500033515,MV_STR_CARGO_001,CN,transit,0.9999137399876772,tanker,0.9999750533401915,0.0,0.0,0.0,0.0,4.929143561306223e-05,0.0,1.8484288354898337e-05,0.9999137399876772,1.8484288354898337e-05,0.002430555555555555,0.0,0.00831759515152644,0.00831759515152644,Transit,Tanker
500033515,MV_STR_CARGO_001,CN,transit,0.9999137399876772,tanker,0.9999750524885115,0.0,0.0,0.0,0.0,4.929143561306223e-05,0.0,1.8484288354898337e-05,0.9999137399876772,1.8484288354898337e-05,0.002430555555555555,0.0,0.01501194250636084,0.01501194250636084,Transit,Tanker
500033515,MV_STR_CARGO_001,CN,transit,0.9999137399876772,tanker,0.9999750533401915,0.0,0.0,0.0,0.0,4.929143561306223e-05,0.0,1.8484288354898337e-05,0.9999137399876772,1.8484288354898337e-05,0.002430555555555555,0.0,0.021795822666602092,0.021795822666602092,Transit,Tanker
500033515,MV_STR_CARGO_001,CN,transit,0.9999137399876772,tanker,0.9999750547949052,0.0,0.0,0.0,0.0,4.929143561306223e-05,0.0,1.8484288354898337e-05,0.9999137399876772,1.8484288354898337e-05,0.002430555555555555,0.0,0.028941467936235574,0.028941467936235574,Transit,Tanker
500033515,MV_STR_CARGO_001,CN,transit,0.9999137399876772,tanker,0.9999750547949052,0.0,0.0,0.0,0.0,4.929143561306223e-05,0.0,1.8484288354898337e-05,0.9999137399876772,1.8484288354898337e-05,0.002430555555555555,0.0,0.03626094576445051,0.03626094576445051,Transit,Tanker
500033515,MV_STR_CARGO_001,CN,transit,0.9999137399876772,tanker,0.9999750533401915,0.0,0.0,0.0,0.0,4.929143561306223e-05,0.0,1.8484288354898337e-05,0.9999137399876772,1.8484288354898337e-05,0.002430555555555555,0.0,0.04340719474327962,0.04340719474327962,Transit,Tanker
500033515,MV_STR_CARGO_001,CN,transit,0.9999137399876772,tanker,0.9999750533401915,0.0,0.0,0.0,0.0,4.929143561306223e-05,0.0,1.8484288354898337e-05,0.9999137399876772,1.8484288354898337e-05,0.002430555555555555,0.0,0.050355784755147376,0.050355784755147376,Transit,Tanker
500033515,MV_STR_CARGO_001,CN,transit,0.9999137399876772,tanker,0.9999750547931849,0.0,0.0,0.0,0.0,4.929143561306223e-05,0.0,1.8484288354898337e-05,0.9999137399876772,1.8484288354898337e-05,0.002430555555555555,0.0,0.05705475893620925,0.05705475893620925,Transit,Tanker
500033515,MV_STR_CARGO_001,CN,transit,0.9999137399876772,tanker,0.9999750533384709,0.0,0.0,0.0,0.0,4.929143561306223e-05,0.0,1.8484288354898337e-05,0.9999137399876772,1.8484288354898337e-05,0.002430555555555555,0.0,0.06334288263620756,0.06334288263620756,Transit,Tanker
500033515,MV_STR_CARGO_001,CN,transit,0.9999137399876772,tanker,0.9999750524885115,0.0,0.0,0.0,0.0,4.929143561306223e-05,0.0,1.8484288354898337e-05,0.9999137399876772,1.8484288354898337e-05,0.002430555555555555,0.0,0.06956399570769686,0.06956399570769686,Transit,Tanker
500033515,MV_STR_CARGO_001,CN,transit,0.9999137399876772,tanker,0.9999750533401915,0.0,0.0,0.0,0.0,4.929143561306223e-05,0.0,1.8484288354898337e-05,0.9999137399876772,1.8484288354898337e-05,0.002430555555555555,0.0,0.07605570351897387,0.07605570351897387,Transit,Tanker
500033515,MV_STR_CARGO_001,CN,transit,0.9999137399876772,tanker,0.9999750534011743,0.0,0.0,0.0,0.0,4.929143561306223e-05,0.0,1.8484288354898337e-05,0.9999137399876772,1.8484288354898337e-05,0.002430555555555555,0.0,0.0828940618444305,0.0828940618444305,Transit,Tanker
500033515,MV_STR_CARGO_001,CN,transit,0.9999137399876772,tanker,0.9999750533401915,0.0,0.0,0.0,0.0,4.929143561306223e-05,0.0,1.8484288354898337e-05,0.9999137399876772,1.8484288354898337e-05,0.002430555555555555,0.0,0.08994505627143846,0.08994505627143846,Transit,Tanker
500033515,MV_STR_CARGO_001,CN,transit,0.9999137399876772,tanker,0.999975051754657,0.0,0.0,0.0,0.0,4.929143561306223e-05,0.0,1.8484288354898337e-05,0.9999137399876772,1.8484288354898337e-05,0.002430555555555555,0.0,0.09682041652770369,0.09682041652770369,Transit,Tanker
500033515,MV_STR_CARGO_001,CN,transit,0.9999137399876772,tanker,0.999975051754657,0.0,0.0,0.0,0.0,4.929143561306223e-05,0.0,1.8484288354898337e-05,0.9999137399876772,1.8484288354898337e-05,0.002430555555555555,0.0,0.10360504867102108,0.10360504867102108,Transit,Tanker
500033515,MV_STR_CARGO_001,CN,transit,0.9999137399876772,tanker,0.9999750533401915,0.0,0.0,0.0,0.0,4.929143561306223e-05,0.0,1.8484288354898337e-05,0.9999137399876772,1.8484288354898337e-05,0.002430555555555555,0.0,0.1103558797680291,0.1103558797680291,Transit,Tanker
500033515,MV_STR_CARGO_001,CN,transit,0.9999137399876772,tanker,0.9999750533384709,0.0,0.0,0.0,0.0,4.929143561306223e-05,0.0,1.8484288354898337e-05,0.9999137399876772,1.8484288354898337e-05,0.002430555555555555,0.0,0.11694815878003129,0.11694815878003129,Transit,Tanker
500033515,MV_STR_CARGO_001,CN,transit,0.9999137399876772,tanker,0.9999750533384709,0.0,0.0,0.0,0.0,4.929143561306223e-05,0.0,1.8484288354898337e-05,0.9999137399876772,1.8484288354898337e-05,0.002430555555555555,0.0,0.12334425113574517,0.12334425113574517,Transit,Tanker
500033515,MV_STR_CARGO_001,CN,transit,0.9999137399876772,tanker,0.9999750533384709,0.0,0.0,0.0,0.0,4.929143561306223e-05,0.0,1.8484288354898337e-05,0.9999137399876772,1.8484288354898337e-05,0.002430555555555555,0.0,0.13006601935029655,0.13006601935029655,Transit,Tanker
500033515,MV_STR_CARGO_001,CN,transit,0.9999137399876772,tanker,0.9999750547949052,0.0,0.0,0.0,0.0,4.929143561306223e-05,0.0,1.8484288354898337e-05,0.9999137399876772,1.8484288354898337e-05,0.002430555555555555,0.0,0.1373399100504321,0.1373399100504321,Transit,Tanker
500033515,MV_STR_CARGO_001,CN,transit,0.9999137399876772,tanker,0.9999750533401915,0.0,0.0,0.0,0.0,4.929143561306223e-05,0.0,1.8484288354898337e-05,0.9999137399876772,1.8484288354898337e-05,0.002430555555555555,0.0,0.14444532874837684,0.14444532874837684,Transit,Tanker
500033515,MV_STR_CARGO_001,CN,transit,0.9999137399876772,tanker,0.9999750533401915,0.0,0.0,0.0,0.0,4.929143561306223e-05,0.0,1.8484288354898337e-05,0.9999137399876772,1.8484288354898337e-05,0.002430555555555555,0.0,0.15135263450482117,0.15135263450482117,Transit,Tanker
500033515,MV_STR_CARGO_001,CN,transit,0.9999137399876772,tanker,0.9999750547949052,0.0,0.0,0.0,0.0,4.929143561306223e-05,0.0,1.8484288354898337e-05,0.9999137399876772,1.8484288354898337e-05,0.002430555555555555,0.0,0.15829369157355294,0.15829369157355294,Transit,Tanker
500033515,MV_STR_CARGO_001,CN,transit,0.9999137399876772,tanker,0.9999750533401915,0.0,0.0,0.0,0.0,4.929143561306223e-05,0.0,1.8484288354898337e-05,0.9999137399876772,1.8484288354898337e-05,0.002430555555555555,0.0,0.16510983963779707,0.16510983963779707,Transit,Tanker
500033515,MV_STR_CARGO_001,CN,transit,0.9999137399876772,tanker,0.9999750533401915,0.0,0.0,0.0,0.0,4.929143561306223e-05,0.0,1.8484288354898337e-05,0.9999137399876772,1.8484288354898337e-05,0.002430555555555555,0.0,0.17158070016491073,0.17158070016491073,Transit,Tanker
500033515,MV_STR_CARGO_001,CN,transit,0.9999137399876772,tanker,0.9999750533384709,0.0,0.0,0.0,0.0,4.929143561306223e-05,0.0,1.8484288354898337e-05,0.9999137399876772,1.8484288354898337e-05,0.002430555555555555,0.0,0.17779841754028425,0.17779841754028425,Transit,Tanker
500033515,MV_STR_CARGO_001,CN,transit,0.9999137399876772,tanker,0.9999750533384709,0.0,0.0,0.0,0.0,4.929143561306223e-05,0.0,1.8484288354898337e-05,0.9999137399876772,1.8484288354898337e-05,0.002430555555555555,0.0,0.18438302635649423,0.18438302635649423,Transit,Tanker
500033515,MV_STR_CARGO_001,CN,transit,0.9999137399876772,tanker,0.9999750533401915,0.0,0.0,0.0,0.0,4.929143561306223e-05,0.0,1.8484288354898337e-05,0.9999137399876772,1.8484288354898337e-05,0.002430555555555555,0.0,0.19113835653595646,0.19113835653595646,Transit,Tanker
500033515,MV_STR_CARGO_001,CN,transit,0.9999137399876772,tanker,0.9999750533384709,0.0,0.0,0.0,0.0,4.929143561306223e-05,0.0,1.8484288354898337e-05,0.9999137399876772,1.8484288354898337e-05,0.002430555555555555,0.0,0.19794692103266998,0.19794692103266998,Transit,Tanker
500033515,MV_STR_CARGO_001,CN,transit,0.9999137399876772,tanker,0.9999750533401915,0.0,0.0,0.0,0.0,4.929143561306223e-05,0.0,1.8484288354898337e-05,0.9999137399876772,1.8484288354898337e-05,0.002430555555555555,0.0,0.2,0.2,Transit,Tanker
500033515,MV_STR_CARGO_001,CN,transit,0.9999137399876772,tanker,0.9999750533401915,0.0,0.0,0.0,0.0,4.929143561306223e-05,0.0,1.8484288354898337e-05,0.9999137399876772,1.8484288354898337e-05,0.002430555555555555,0.0,0.2,0.2,Transit,Tanker
500033515,MV_STR_CARGO_001,CN,transit,0.9999137399876772,tanker,0.9999750533401915,0.0,0.0,0.0,0.0,4.929143561306223e-05,0.0,1.8484288354898337e-05,0.9999137399876772,1.8484288354898337e-05,0.002430555555555555,0.0,0.2,0.2,Transit,Tanker
500033515,MV_STR_CARGO_001,CN,transit,0.9999137399876772,tanker,0.9999750533401915,0.0,0.0,0.0,0.0,4.929143561306223e-05,0.0,1.8484288354898337e-05,0.9999137399876772,1.8484288354898337e-05,0.002430555555555555,0.0,0.2,0.2,Transit,Tanker
500033515,MV_STR_CARGO_001,CN,transit,0.9999137399876772,tanker,0.9999750533401915,0.0,0.0,0.0,0.0,4.929143561306223e-05,0.0,1.8484288354898337e-05,0.9999137399876772,1.8484288354898337e-05,0.002430555555555555,0.0,0.2,0.2,Transit,Tanker
500033515,MV_STR_CARGO_001,CN,transit,1.0,tanker,0.999975051754657,0.0,0.0,0.0,0.0,0.0,0.0,0.0,1.0,0.0,0.002430555555555555,0.0,0.2,0.2,Transit,Tanker
500033516,MV_STR_CARGO_002,LR,transit,0.9982470733210105,cargo,0.9988941233424298,0.0,0.0,0.0,0.0016666666666666668,4.929143561306223e-05,0.0,1.8484288354898337e-05,0.9982470733210105,1.8484288354898337e-05,0.002430555555555555,0.0,0.0,0.002430555555555555,Transit,Cargo
500033516,MV_STR_CARGO_002,LR,transit,0.9999137399876772,cargo,0.9988866422015846,0.0,0.0,0.0,0.0,4.929143561306223e-05,0.0,1.8484288354898337e-05,0.9999137399876772,1.8484288354898337e-05,0.002430555555555555,0.0,0.0,0.002430555555555555,Transit,Cargo
500033516,MV_STR_CARGO_002,LR,transit,0.9999137399876772,cargo,0.9988866421798444,0.0,0.0,0.0,0.0,4.929143561306223e-05,0.0,1.8484288354898337e-05,0.9999137399876772,1.8484288354898337e-05,0.002430555555555555,0.0,0.0,0.002430555555555555,Transit,Cargo
500033516,MV_STR_CARGO_002,LR,transit,0.9977777777777778,cargo,0.9988866421556065,0.0022222222222222222,0.0,0.0,0.0,0.0,0.0,0.0,0.9977777777777778,0.0,0.002430555555555555,0.0,0.0,0.002430555555555555,Transit,Cargo
500033516,MV_STR_CARGO_002,LR,transit,0.9977777777777778,cargo,0.9988866421491538,0.0022222222222222222,0.0,0.0,0.0,0.0,0.0,0.0,0.9977777777777778,0.0,0.002430555555555555,0.0,0.0,0.002430555555555555,Transit,Cargo
500033516,MV_STR_CARGO_002,LR,transit,0.9999137399876772,cargo,0.9988866421556065,0.0,0.0,0.0,0.0,4.929143561306223e-05,0.0,1.8484288354898337e-05,0.9999137399876772,1.8484288354898337e-05,0.002430555555555555,0.0,0.0,0.002430555555555555,Transit,Cargo
500033516,MV_STR_CARGO_002,LR,transit,0.9999137399876772,cargo,0.9988866421798444,0.0,0.0,0.0,0.0,4.929143561306223e-05,0.0,1.8484288354898337e-05,0.9999137399876772,1.8484288354898337e-05,0.002430555555555555,0.0,0.0,0.002430555555555555,Transit,Cargo
500033516,MV_STR_CARGO_002,LR,transit,0.9999137399876772,cargo,0.9988866421798444,0.0,0.0,0.0,0.0,4.929143561306223e-05,0.0,1.8484288354898337e-05,0.9999137399876772,1.8484288354898337e-05,0.002430555555555555,0.0,0.0,0.002430555555555555,Transit,Cargo
500033516,MV_STR_CARGO_002,LR,transit,0.9999137399876772,cargo,0.9988866421798444,0.0,0.0,0.0,0.0,4.929143561306223e-05,0.0,1.8484288354898337e-05,0.9999137399876772,1.8484288354898337e-05,0.002430555555555555,0.0,0.0,0.002430555555555555,Transit,Cargo
500033516,MV_STR_CARGO_002,LR,transit,0.9999137399876772,cargo,0.9988941232968502,0.0,0.0,0.0,0.0,4.929143561306223e-05,0.0,1.8484288354898337e-05,0.9999137399876772,1.8484288354898337e-05,0.002430555555555555,0.0,0.0,0.002430555555555555,Transit,Cargo
500033516,MV_STR_CARGO_002,LR,transit,0.9999137399876772,cargo,0.9988866422015846,0.0,0.0,0.0,0.0,4.929143561306223e-05,0.0,1.8484288354898337e-05,0.9999137399876772,1.8484288354898337e-05,0.002430555555555555,0.0,0.0,0.002430555555555555,Transit,Cargo
500033516,MV_STR_CARGO_002,LR,transit,0.9999137399876772,cargo,0.9988866422015846,0.0,0.0,0.0,0.0,4.929143561306223e-05,0.0,1.8484288354898337e-05,0.9999137399876772,1.8484288354898337e-05,0.002430555555555555,0.0,0.0,0.002430555555555555,Transit,Cargo
500033516,MV_STR_CARGO_002,LR,transit,0.9999137399876772,cargo,0.9989104511535527,0.0,0.0,0.0,0.0,4.929143561306223e-05,0.0,1.8484288354898337e-05,0.9999137399876772,1.8484288354898337e-05,0.002430555555555555,0.0,0.0,0.002430555555555555,Transit,Cargo
500033516,MV_STR_CARGO_002,LR,transit,0.9999137399876772,cargo,0.9988866421798444,0.0,0.0,0.0,0.0,4.929143561306223e-05,0.0,1.8484288354898337e-05,0.9999137399876772,1.8484288354898337e-05,0.002430555555555555,0.0,0.0,0.002430555555555555,Transit,Cargo
500033516,MV_STR_CARGO_002,LR,transit,0.9933333333333333,cargo,0.9988866421556065,0.0033333333333333335,0.0,0.0,0.0,0.0,0.0,0.0033333333333333335,0.9933333333333333,0.0,0.002430555555555555,0.0,0.0,0.002430555555555555,Transit,Cargo
500033516,MV_STR_CARGO_002,LR,transit,1.0,cargo,0.9988866421556065,0.0,0.0,0.0,0.0,0.0,0.0,0.0,1.0,0.0,0.002430555555555555,0.0,0.0,0.002430555555555555,Transit,Cargo
500033516,MV_STR_CARGO_002,LR,transit,1.0,cargo,0.9988866421556065,0.0,0.0,0.0,0.0,0.0,0.0,0.0,1.0,0.0,0.002430555555555555,0.0,0.0,0.002430555555555555,Transit,Cargo
500033516,MV_STR_CARGO_002,LR,transit,0.9999137399876772,cargo,0.9988866421556065,0.0,0.0,0.0,0.0,4.929143561306223e-05,0.0,1.8484288354898337e-05,0.9999137399876772,1.8484288354898337e-05,0.002430555555555555,0.0,0.0,0.002430555555555555,Transit,Cargo
500033516,MV_STR_CARGO_002,LR,transit,0.9999137399876772,cargo,0.9988866421491538,0.0,0.0,0.0,0.0,4.929143561306223e-05,0.0,1.8484288354898337e-05,0.9999137399876772,1.8484288354898337e-05,0.002430555555555555,0.0,0.0,0.002430555555555555,Transit,Cargo
500033516,MV_STR_CARGO_002,LR,transit,1.0,cargo,0.9988866421556065,0.0,0.0,0.0,0.0,0.0,0.0,0.0,1.0,0.0,0.002430555555555555,0.0,0.0,0.002430555555555555,Transit,Cargo
500033516,MV_STR_CARGO_002,LR,transit,0.9816666666666667,cargo,0.9988866421798444,0.0033333333333333335,0.0,0.0,0.0,0.0033333333333333335,0.0,0.011666666666666665,0.9816666666666667,0.0,0.002430555555555555,0.0,0.0,0.002430555555555555,Transit,Cargo
500033516,MV_STR_CARGO_002,LR,transit,1.0,cargo,0.9988866421556065,0.0,0.0,0.0,0.0,0.0,0.0,0.0,1.0,0.0,0.002430555555555555,0.0,0.0,0.002430555555555555,Transit,Cargo
500033516,MV_STR_CARGO_002,LR,transit,1.0,cargo,0.9988866421556065,0.0,0.0,0.0,0.0,0.0,0.0,0.0,1.0,0.0,0.002430555555555555,0.0,0.0,0.002430555555555555,Transit,Cargo
500033516,MV_STR_CARGO_002,LR,transit,1.0,cargo,0.9988866421556065,0.0,0.0,0.0,0.0,0.0,0.0,0.0,1.0,0.0,0.002430555555555555,0.0,0.0,0.002430555555555555,Transit,Cargo
500033516,MV_STR_CARGO_002,LR,transit,0.9982470733210105,cargo,0.9988866421733916,0.0,0.0,0.0,0.0016666666666666668,4.929143561306223e-05,0.0,1.8484288354898337e-05,0.9982470733210105,1.8484288354898337e-05,0.002430555555555555,0.0,0.0,0.002430555555555555,Transit,Cargo
500033516,MV_STR_CARGO_002,LR,transit,0.9999137399876772,cargo,0.9988941232163103,0.0,0.0,0.0,0.0,4.929143561306223e-05,0.0,1.8484288354898337e-05,0.9999137399876772,1.8484288354898337e-05,0.002430555555555555,0.0,0.0,0.002430555555555555,Transit,Cargo
500033516,MV_STR_CARGO_002,LR,transit,0.9999137399876772,cargo,0.9988941232163103,0.0,0.0,0.0,0.0,4.929143561306223e-05,0.0,1.8484288354898337e-05,0.9999137399876772,1.8484288354898337e-05,0.002430555555555555,0.0,0.0,0.002430555555555555,Transit,Cargo
500033516,MV_STR_CARGO_002,LR,transit,0.9999137399876772,cargo,0.9988866421556065,0.0,0.0,0.0,0.0,4.929143561306223e-05,0.0,1.8484288354898337e-05,0.9999137399876772,1.8484288354898337e-05,0.002430555555555555,0.0,0.0,0.002430555555555555,Transit,Cargo
500033516,MV_STR_CARGO_002,LR,transit,0.9999137399876772,cargo,0.9988866421556065,0.0,0.0,0.0,0.0,4.929143561306223e-05,0.0,1.8484288354898337e-05,0.9999137399876772,1.8484288354898337e-05,0.002430555555555555,0.0,0.0,0.002430555555555555,Transit,Cargo
500033516,MV_STR_CARGO_002,LR,transit,0.9999137399876772,cargo,0.9988866421798444,0.0,0.0,0.0,0.0,4.929143561306223e-05,0.0,1.8484288354898337e-05,0.9999137399876772,1.8484288354898337e-05,0.002430555555555555,0.0,0.0,0.002430555555555555,Transit,Cargo
500033516,MV_STR_CARGO_002,LR,transit,0.9999137399876772,cargo,0.9988866422015846,0.0,0.0,0.0,0.0,4.929143561306223e-05,0.0,1.8484288354898337e-05,0.9999137399876772,1.8484288354898337e-05,0.002430555555555555,0.0,0.0,0.002430555555555555,Transit,Cargo
500033516,MV_STR_CARGO_002,LR,transit,0.9999137399876772,cargo,0.9988866422015846,0.0,0.0,0.0,0.0,4.929143561306223e-05,0.0,1.8484288354898337e-05,0.9999137399876772,1.8484288354898337e-05,0.002430555555555555,0.0,0.0,0.002430555555555555,Transit,Cargo
500033516,MV_STR_CARGO_002,LR,transit,0.9999137399876772,cargo,0.9988866421798444,0.0,0.0,0.0,0.0,4.929143561306223e-05,0.0,1.8484288354898337e-05,0.9999137399876772,1.8484288354898337e-05,0.002430555555555555,0.0,0.0,0.002430555555555555,Transit,Cargo
500033516,MV_STR_CARGO_002,LR,transit,0.9999137399876772,cargo,0.9988866421556065,0.0,0.0,0.0,0.0,4.929143561306223e-05,0.0,1.8484288354898337e-05,0.9999137399876772,1.8484288354898337e-05,0.002430555555555555,0.0,0.0,0.002430555555555555,Transit,Cargo
500033516,MV_STR_CARGO_002,LR,transit,0.9999137399876772,cargo,0.9988941233758705,0.0,0.0,0.0,0.0,4.929143561306223e-05,0.0,1.8484288354898337e-05,0.9999137399876772,1.8484288354898337e-05,0.002430555555555555,0.0,0.0,0.002430555555555555,Transit,Cargo
500033516,MV_STR_CARGO_002,LR,transit,0.9999137399876772,cargo,0.9988866421798444,0.0,0.0,0.0,0.0,4.929143561306223e-05,0.0,1.8484288354898337e-05,0.9999137399876772,1.8484288354898337e-05,0.002430555555555555,0.0,0.0,0.002430555555555555,Transit,Cargo
500033516,MV_STR_CARGO_002,LR,transit,0.9999137399876772,cargo,0.9988866421491538,0.0,0.0,0.0,0.0,4.929143561306223e-05,0.0,1.8484288354898337e-05,0.9999137399876772,1.8484288354898337e-05,0.002430555555555555,0.0,0.0,0.002430555555555555,Transit,Cargo
500033516,MV_STR_CARGO_002,LR,transit,0.9999137399876772,cargo,0.9988866422015846,0.0,0.0,0.0,0.0,4.929143561306223e-05,0.0,1.8484288354898337e-05,0.9999137399876772,1.8484288354898337e-05,0.002430555555555555,0.0,0.0,0.002430555555555555,Transit,Cargo
500033516,MV_STR_CARGO_002,LR,transit,0.9999137399876772,cargo,0.9988941232968502,0.0,0.0,0.0,0.0,4.929143561306223e-05,0.0,1.8484288354898337e-05,0.9999137399876772,1.8484288354898337e-05,0.002430555555555555,0.0,0.0,0.002430555555555555,Transit,Cargo
500033516,MV_STR_CARGO_002,LR,transit,0.9999137399876772,cargo,0.9988941232968502,0.0,0.0,0.0,0.0,4.929143561306223e-05,0.0,1.8484288354898337e-05,0.9999137399876772,1.8484288354898337e-05,0.002430555555555555,0.0,0.0,0.002430555555555555,Transit,Cargo
500033516,MV_STR_CARGO_002,LR,transit,0.9999137399876772,cargo,0.9988866421556065,0.0,0.0,0.0,0.0,4.929143561306223e-05,0.0,1.8484288354898337e-05,0.9999137399876772,1.8484288354898337e-05,0.002430555555555555,0.0,0.0,0.002430555555555555,Transit,Cargo
500033516,MV_STR_CARGO_002,LR,transit,0.9999137399876772,cargo,0.9988866421556065,0.0,0.0,0.0,0.0,4.929143561306223e-05,0.0,1.8484288354898337e-05,0.9999137399876772,1.8484288354898337e-05,0.002430555555555555,0.0,0.0,0.002430555555555555,Transit,Cargo
500033516,MV_STR_CARGO_002,LR,transit,0.9999137399876772,cargo,0.9988866422257804,0.0,0.0,0.0,0.0,4.929143561306223e-05,0.0,1.8484288354898337e-05,0.9999137399876772,1.8484288354898337e-05,0.002430555555555555,0.0,0.0,0.002430555555555555,Transit,Cargo
500033516,MV_STR_CARGO_002,LR,transit,0.9999137399876772,cargo,0.9988866422015846,0.0,0.0,0.0,0.0,4.929143561306223e-05,0.0,1.8484288354898337e-05,0.9999137399876772,1.8484288354898337e-05,0.002430555555555555,0.0,0.0,0.002430555555555555,Transit,Cargo
500033516,MV_STR_CARGO_002,LR,transit,0.9999137399876772,cargo,0.9988941233424298,0.0,0.0,0.0,0.0,4.929143561306223e-05,0.0,1.8484288354898337e-05,0.9999137399876772,1.8484288354898337e-05,0.002430555555555555,0.0,0.0,0.002430555555555555,Transit,Cargo
500033516,MV_STR_CARGO_002,LR,transit,0.9999137399876772,cargo,0.9988866421733916,0.0,0.0,0.0,0.0,4.929143561306223e-05,0.0,1.8484288354898337e-05,0.9999137399876772,1.8484288354898337e-05,0.002430555555555555,0.0,0.0,0.002430555555555555,Transit,Cargo
500033516,MV_STR_CARGO_002,LR,transit,0.9999137399876772,cargo,0.9988941232968502,0.0,0.0,0.0,0.0,4.929143561306223e-05,0.0,1.8484288354898337e-05,0.9999137399876772,1.8484288354898337e-05,0.002430555555555555,0.0,0.0,0.002430555555555555,Transit,Cargo
500033516,MV_STR_CARGO_002,LR,transit,0.9999137399876772,cargo,0.9988866422257804,0.0,0.0,0.0,0.0,4.929143561306223e-05,0.0,1.8484288354898337e-05,0.9999137399876772,1.8484288354898337e-05,0.002430555555555555,0.0,0.0,0.002430555555555555,Transit,Cargo
500033516,MV_STR_CARGO_002,LR,transit,0.9999137399876772,cargo,0.9988941233424298,0.0,0.0,0.0,0.0,4.929143561306223e-05,0.0,1.8484288354898337e-05,0.9999137399876772,1.8484288354898337e-05,0.002430555555555555,0.0,0.0,0.002430555555555555,Transit,Cargo
500033516,MV_STR_CARGO_002,LR,transit,0.9999137399876772,cargo,0.9988866421798444,0.0,0.0,0.0,0.0,4.929143561306223e-05,0.0,1.8484288354898337e-05,0.9999137399876772,1.8484288354898337e-05,0.002430555555555555,0.0,0.0,0.002430555555555555,Transit,Cargo
500033516,MV_STR_CARGO_002,LR,transit,0.9999137399876772,cargo,0.9988866421556065,0.0,0.0,0.0,0.0,4.929143561306223e-05,0.0,1.8484288354898337e-05,0.9999137399876772,1.8484288354898337e-05,0.002430555555555555,0.0,0.0,0.002430555555555555,Transit,Cargo
500033516,MV_STR_CARGO_002,LR,transit,0.9999137399876772,cargo,0.9988866421798444,0.0,0.0,0.0,0.0,4.929143561306223e-05,0.0,1.8484288354898337e-05,0.9999137399876772,1.8484288354898337e-05,0.002430555555555555,0.0,0.0,0.002430555555555555,Transit,Cargo
500033516,MV_STR_CARGO_002,LR,transit,0.9999137399876772,cargo,0.9988866421798444,0.0,0.0,0.0,0.0,4.929143561306223e-05,0.0,1.8484288354898337e-05,0.9999137399876772,1.8484288354898337e-05,0.002430555555555555,0.0,0.0,0.002430555555555555,Transit,Cargo
500033516,MV_STR_CARGO_002,LR,transit,0.9999137399876772,cargo,0.9988866422015846,0.0,0.0,0.0,0.0,4.929143561306223e-05,0.0,1.8484288354898337e-05,0.9999137399876772,1.8484288354898337e-05,0.002430555555555555,0.0,0.0,0.002430555555555555,Transit,Cargo
500033516,MV_STR_CARGO_002,LR,transit,0.9999137399876772,cargo,0.9988866422015846,0.0,0.0,0.0,0.0,4.929143561306223e-05,0.0,1.8484288354898337e-05,0.9999137399876772,1.8484288354898337e-05,0.002430555555555555,0.0,0.0,0.002430555555555555,Transit,Cargo
500033516,MV_STR_CARGO_002,LR,transit,0.9999137399876772,cargo,0.9988866421798444,0.0,0.0,0.0,0.0,4.929143561306223e-05,0.0,1.8484288354898337e-05,0.9999137399876772,1.8484288354898337e-05,0.002430555555555555,0.0,0.0,0.002430555555555555,Transit,Cargo
500033517,MV_STR_CARGO_003,PH,transit,0.9999137399876772,tanker,0.9999999848752519,0.0,0.0,0.0,0.0,4.929143561306223e-05,0.0,1.8484288354898337e-05,0.9999137399876772,1.8484288354898337e-05,0.002430555555555555,0.0,0.06704860630043256,0.06704860630043256,Transit,Tanker
500033517,MV_STR_CARGO_003,PH,transit,0.9999137399876772,tanker,0.9999999848752519,0.0,0.0,0.0,0.0,4.929143561306223e-05,0.0,1.8484288354898337e-05,0.9999137399876772,1.8484288354898337e-05,0.002430555555555555,0.0,0.07150809475181157,0.07150809475181157,Transit,Tanker
500033517,MV_STR_CARGO_003,PH,transit,0.9999137399876772,tanker,0.9999999845605343,0.0,0.0,0.0,0.0,4.929143561306223e-05,0.0,1.8484288354898337e-05,0.9999137399876772,1.8484288354898337e-05,0.002430555555555555,0.0,0.07590011325927055,0.07590011325927055,Transit,Tanker
500033517,MV_STR_CARGO_003,PH,transit,0.9999137399876772,tanker,0.9999999845605343,0.0,0.0,0.0,0.0,4.929143561306223e-05,0.0,1.8484288354898337e-05,0.9999137399876772,1.8484288354898337e-05,0.002430555555555555,0.0,0.08003484893425224,0.08003484893425224,Transit,Tanker
500033517,MV_STR_CARGO_003,PH,transit,0.9999137399876772,tanker,0.9999999845231933,0.0,0.0,0.0,0.0,4.929143561306223e-05,0.0,1.8484288354898337e-05,0.9999137399876772,1.8484288354898337e-05,0.002430555555555555,0.0,0.08455269404729904,0.08455269404729904,Transit,Tanker
500033517,MV_STR_CARGO_003,PH,transit,0.9999137399876772,tanker,0.9999999848097789,0.0,0.0,0.0,0.0,4.929143561306223e-05,0.0,1.8484288354898337e-05,0.9999137399876772,1.8484288354898337e-05,0.002430555555555555,0.0,0.08924896448239733,0.08924896448239733,Transit,Tanker
500033517,MV_STR_CARGO_003,PH,transit,0.9999137399876772,tanker,0.9999999845231933,0.0,0.0,0.0,0.0,4.929143561306223e-05,0.0,1.8484288354898337e-05,0.9999137399876772,1.8484288354898337e-05,0.002430555555555555,0.0,0.093610085359182,0.093610085359182,Transit,Tanker
500033517,MV_STR_CARGO_003,PH,transit,0.9999137399876772,tanker,0.9999999848785841,0.0,0.0,0.0,0.0,4.929143561306223e-05,0.0,1.8484288354898337e-05,0.9999137399876772,1.8484288354898337e-05,0.002430555555555555,0.0,0.09848119688693337,0.09848119688693337,Transit,Tanker
500033517,MV_STR_CARGO_003,PH,transit,0.9999137399876772,tanker,0.9999999848785841,0.0,0.0,0.0,0.0,4.929143561306223e-05,0.0,1.8484288354898337e-05,0.9999137399876772,1.8484288354898337e-05,0.002430555555555555,0.0,0.10412755097704902,0.10412755097704902,Transit,Tanker
500033517,MV_STR_CARGO_003,PH,transit,0.9999137399876772,tanker,0.9999999848785841,0.0,0.0,0.0,0.0,4.929143561306223e-05,0.0,1.8484288354898337e-05,0.9999137399876772,1.8484288354898337e-05,0.002430555555555555,0.0,0.10989152996169645,0.10989152996169645,Transit,Tanker
500033517,MV_STR_CARGO_003,PH,transit,0.9999137399876772,tanker,0.9999999845603118,0.0,0.0,0.0,0.0,4.929143561306223e-05,0.0,1.8484288354898337e-05,0.9999137399876772,1.8484288354898337e-05,0.002430555555555555,0.0,0.11535249153442383,0.11535249153442383,Transit,Tanker
500033517,MV_STR_CARGO_003,PH,transit,0.9999137399876772,tanker,0.9999999845603118,0.0,0.0,0.0,0.0,4.929143561306223e-05,0.0,1.8484288354898337e-05,0.9999137399876772,1.8484288354898337e-05,0.002430555555555555,0.0,0.12052889428882337,0.12052889428882337,Transit,Tanker
500033517,MV_STR_CARGO_003,PH,transit,0.9999137399876772,tanker,0.9999999845231933,0.0,0.0,0.0,0.0,4.929143561306223e-05,0.0,1.8484288354898337e-05,0.9999137399876772,1.8484288354898337e-05,0.002430555555555555,0.0,0.12546181111674218,0.12546181111674218,Transit,Tanker
500033517,MV_STR_CARGO_003,PH,transit,0.9999137399876772,tanker,0.9999999845231933,0.0,0.0,0.0,0.0,4.929143561306223e-05,0.0,1.8484288354898337e-05,0.9999137399876772,1.8484288354898337e-05,0.002430555555555555,0.0,0.13014248521918179,0.13014248521918179,Transit,Tanker
500033517,MV_STR_CARGO_003,PH,transit,0.9999137399876772,tanker,0.9999999848774526,0.0,0.0,0.0,0.0,4.929143561306223e-05,0.0,1.8484288354898337e-05,0.9999137399876772,1.8484288354898337e-05,0.002430555555555555,0.0,0.134912824404938,0.134912824404938,Transit,Tanker
500033517,MV_STR_CARGO_003,PH,transit,0.9999137399876772,tanker,0.9999999848785841,0.0,0.0,0.0,0.0,4.929143561306223e-05,0.0,1.8484288354898337e-05,0.9999137399876772,1.8484288354898337e-05,0.002430555555555555,0.0,0.1401276966772987,0.1401276966772987,Transit,Tanker
500033517,MV_STR_CARGO_003,PH,transit,0.9999137399876772,tanker,0.9999999845606138,0.0,0.0,0.0,0.0,4.929143561306223e-05,0.0,1.8484288354898337e-05,0.9999137399876772,1.8484288354898337e-05,0.002430555555555555,0.0,0.14548186285895093,0.14548186285895093,Transit,Tanker
500033517,MV_STR_CARGO_003,PH,transit,0.9999137399876772,tanker,0.9999999845231933,0.0,0.0,0.0,0.0,4.929143561306223e-05,0.0,1.8484288354898337e-05,0.9999137399876772,1.8484288354898337e-05,0.002430555555555555,0.0,0.15038987355474953,0.15038987355474953,Transit,Tanker
500033517,MV_STR_CARGO_003,PH,transit,0.9982470733210105,tanker,0.9999999845601859,0.0,0.0,0.0,0.0,4.929143561306223e-05,0.0016666666666666668,1.8484288354898337e-05,0.9982470733210105,1.8484288354898337e-05,0.002430555555555555,0.0,0.15523434998732466,0.15523434998732466,Transit,Tanker
500033517,MV_STR_CARGO_003,PH,transit,0.9999137399876772,tanker,0.9999999845231933,0.0,0.0,0.0,0.0,4.929143561306223e-05,0.0,1.8484288354898337e-05,0.9999137399876772,1.8484288354898337e-05,0.002430555555555555,0.0,0.16033316076391363,0.16033316076391363,Transit,Tanker
500033517,MV_STR_CARGO_003,PH,transit,0.9999137399876772,tanker,0.9999999845601859,0.0,0.0,0.0,0.0,4.929143561306223e-05,0.0,1.8484288354898337e-05,0.9999137399876772,1.8484288354898337e-05,0.002430555555555555,0.0,0.1654101149398026,0.1654101149398026,Transit,Tanker
500033517,MV_STR_CARGO_003,PH,transit,0.9999137399876772,tanker,0.9999999845231933,0.0,0.0,0.0,0.0,4.929143561306223e-05,0.0,1.8484288354898337e-05,0.9999137399876772,1.8484288354898337e-05,0.002430555555555555,0.0,0.17010495019059926,0.17010495019059926,Transit,Tanker
500033517,MV_STR_CARGO_003,PH,transit,0.9999137399876772,tanker,0.9999999845231933,0.0,0.0,0.0,0.0,4.929143561306223e-05,0.0,1.8484288354898337e-05,0.9999137399876772,1.8484288354898337e-05,0.002430555555555555,0.0,0.17438170083421395,0.17438170083421395,Transit,Tanker
500033517,MV_STR_CARGO_003,PH,transit,0.9999137399876772,tanker,0.9999999845231933,0.0,0.0,0.0,0.0,4.929143561306223e-05,0.0,1.8484288354898337e-05,0.9999137399876772,1.8484288354898337e-05,0.002430555555555555,0.0,0.17855951661951325,0.17855951661951325,Transit,Tanker
500033517,MV_STR_CARGO_003,PH,transit,0.9713581844321214,tanker,0.9999999845601859,0.0,0.0,0.0,0.006666666666666667,0.007271513657835283,0.012222222222222221,1.8484288354898337e-05,0.9713581844321214,0.002462928732799343,0.002430555555555555,0.0,0.18310738445941344,0.18310738445941344,Transit,Tanker
500033517,MV_STR_CARGO_003,PH,transit,0.9965804066543439,tanker,0.9999999845231933,0.0,0.0,0.0,0.0,4.929143561306223e-05,0.0,0.0033518176216882317,0.9965804066543439,1.8484288354898337e-05,0.002430555555555555,0.0,0.18804831958666676,0.18804831958666676,Transit,Tanker
500033517,MV_STR_CARGO_003,PH,transit,0.9999137399876772,tanker,0.9999999845231933,0.0,0.0,0.0,0.0,4.929143561306223e-05,0.0,1.8484288354898337e-05,0.9999137399876772,1.8484288354898337e-05,0.002430555555555555,0.0,0.19317087228819796,0.19317087228819796,Transit,Tanker
500033517,MV_STR_CARGO_003,PH,transit,0.9999137399876772,tanker,0.9999999848747652,0.0,0.0,0.0,0.0,4.929143561306223e-05,0.0,1.8484288354898337e-05,0.9999137399876772,1.8484288354898337e-05,0.002430555555555555,0.0,0.19857222832570998,0.19857222832570998,Transit,Tanker
500033517,MV_STR_CARGO_003,PH,transit,0.9999137399876772,tanker,0.9999999845231933,0.0,0.0,0.0,0.0,4.929143561306223e-05,0.0,1.8484288354898337e-05,0.9999137399876772,1.8484288354898337e-05,0.002430555555555555,0.0,0.2,0.2,Transit,Tanker
500033517,MV_STR_CARGO_003,PH,transit,0.994691517765455,tanker,0.9999999848749317,0.0,0.0,0.0,0.0,4.929143561306223e-05,0.0,0.005240706510577121,0.994691517765455,1.8484288354898337e-05,0.002430555555555555,0.0,0.2,0.2,Transit,Tanker
500033517,MV_STR_CARGO_003,PH,transit,0.994691517765455,tanker,0.9999999845605343,0.0,0.0,0.0,0.0,4.929143561306223e-05,0.0,0.005240706510577121,0.994691517765455,1.8484288354898337e-05,0.002430555555555555,0.0,0.2,0.2,Transit,Tanker
500033517,MV_STR_CARGO_003,PH,transit,0.9941359622098993,tanker,0.9999999845231933,0.0,0.0,0.0,0.0,4.929143561306223e-05,0.0,0.005796262066132676,0.9941359622098993,1.8484288354898337e-05,0.002430555555555555,0.0,0.2,0.2,Transit,Tanker
500033517,MV_STR_CARGO_003,PH,transit,0.9821359622098995,tanker,0.9999999845231933,0.0,0.0,0.0,0.0,4.929143561306223e-05,0.0,0.017796262066132672,0.9821359622098995,1.8484288354898337e-05,0.002430555555555555,0.0,0.2,0.2,Transit,Tanker
500033517,MV_STR_CARGO_003,PH,transit,0.9924692955432328,tanker,0.9999999845231933,0.0,0.0,0.0,0.0,4.929143561306223e-05,0.0,0.007462928732799343,0.9924692955432328,1.8484288354898337e-05,0.002430555555555555,0.0,0.2,0.2,Transit,Tanker
500033517,MV_STR_CARGO_003,PH,transit,0.9649692955432326,tanker,0.9999999845231933,0.0016666666666666668,0.0,0.0,0.0,0.0008826247689463956,0.0,0.032462928732799344,0.9649692955432326,1.8484288354898337e-05,0.002430555555555555,0.0,0.2,0.2,Transit,Tanker
500033517,MV_STR_CARGO_003,PH,transit,0.9810804066543439,tanker,0.9999999845231933,0.0,0.0,0.0,0.0,0.0008826247689463956,0.0,0.018018484288354897,0.9810804066543439,1.8484288354898337e-05,0.002430555555555555,0.0,0.2,0.2,Transit,Tanker
500033517,MV_STR_CARGO_003,PH,transit,0.9952470733210106,tanker,0.9999999845231933,0.0,0.0,0.0,0.0,4.929143561306223e-05,0.0,0.004685150955021565,0.9952470733210106,1.8484288354898337e-05,0.002430555555555555,0.0,0.2,0.2,Transit,Tanker
500033517,MV_STR_CARGO_003,PH,transit,0.9963581844321217,tanker,0.9999999845231933,0.0,0.0,0.0,0.0,4.929143561306223e-05,0.0,0.003574039843910454,0.9963581844321217,1.8484288354898337e-05,0.002430555555555555,0.0,0.2,0.2,Transit,Tanker
500033517,MV_STR_CARGO_003,PH,transit,0.994691517765455,tanker,0.9999999845605343,0.0,0.0,0.0,0.0,4.929143561306223e-05,0.0,0.005240706510577121,0.994691517765455,1.8484288354898337e-05,0.002430555555555555,0.0,0.2,0.2,Transit,Tanker
500033517,MV_STR_CARGO_003,PH,transit,0.9924692955432328,tanker,0.9999999845605343,0.0,0.0,0.0,0.0,4.929143561306223e-05,0.0,0.007462928732799343,0.9924692955432328,1.8484288354898337e-05,0.002430555555555555,0.0,0.2,0.2,Transit,Tanker
500033517,MV_STR_CARGO_003,PH,transit,0.9963581844321217,tanker,0.9999999845231933,0.0,0.0,0.0,0.0,4.929143561306223e-05,0.0,0.003574039843910454,0.9963581844321217,1.8484288354898337e-05,0.002430555555555555,0.0,0.2,0.2,Transit,Tanker
500033517,MV_STR_CARGO_003,PH,transit,0.9985804066543438,tanker,0.9999999845231933,0.0,0.0,0.0,0.0,4.929143561306223e-05,0.0,0.0013518176216882319,0.9985804066543438,1.8484288354898337e-05,0.002430555555555555,0.0,0.2,0.2,Transit,Tanker
500033517,MV_STR_CARGO_003,PH,transit,0.9999137399876772,tanker,0.9999999845231933,0.0,0.0,0.0,0.0,4.929143561306223e-05,0.0,1.8484288354898337e-05,0.9999137399876772,1.8484288354898337e-05,0.002430555555555555,0.0,0.2,0.2,Transit,Tanker
500033517,MV_STR_CARGO_003,PH,transit,0.9999137399876772,tanker,0.9999999845603118,0.0,0.0,0.0,0.0,4.929143561306223e-05,0.0,1.8484288354898337e-05,0.9999137399876772,1.8484288354898337e-05,0.002430555555555555,0.0,0.2,0.2,Transit,Tanker
500033517,MV_STR_CARGO_003,PH,transit,0.9965804066543439,tanker,0.9999999845603118,0.0,0.0,0.0,0.0,4.929143561306223e-05,0.0,0.0033518176216882317,0.9965804066543439,1.8484288354898337e-05,0.002430555555555555,0.0,0.2,0.2,Transit,Tanker
500033517,MV_STR_CARGO_003,PH,transit,0.9963581844321217,tanker,0.9999999845231933,0.0,0.0,0.0,0.0,4.929143561306223e-05,0.0,0.003574039843910454,0.9963581844321217,1.8484288354898337e-05,0.002430555555555555,0.0,0.2,0.2,Transit,Tanker
500033517,MV_STR_CARGO_003,PH,transit,0.9924692955432328,tanker,0.9999999845231933,0.0,0.0,0.0,0.0,4.929143561306223e-05,0.0,0.007462928732799343,0.9924692955432328,1.8484288354898337e-05,0.002430555555555555,0.0,0.2,0.2,Transit,Tanker
500033517,MV_STR_CARGO_003,PH,transit,0.9691359622098994,tanker,0.9999999845231933,0.0008333333333333334,0.0016666666666666668,0.0,0.0022222222222222222,0.0008826247689463956,0.0,0.025240706510577124,0.9691359622098994,1.8484288354898337e-05,0.002430555555555555,0.0,0.2,0.2,Transit,Tanker
500033517,MV_STR_CARGO_003,PH,transit,0.9927470733210106,tanker,0.9999999845231933,0.0,0.0,0.0,0.0,4.929143561306223e-05,0.0,0.007185150955021566,0.9927470733210106,1.8484288354898337e-05,0.002430555555555555,0.0,0.2,0.2,Transit,Tanker
500033517,MV_STR_CARGO_003,PH,transit,0.9965804066543439,tanker,0.9999999844831402,0.0,0.0,0.0,0.0,0.0017159581022797288,0.0016666666666666668,1.8484288354898337e-05,0.9965804066543439,1.8484288354898337e-05,0.002430555555555555,0.0,0.2,0.2,Transit,Tanker
500033517,MV_STR_CARGO_003,PH,transit,0.9982470733210105,tanker,0.9999999845231933,0.0,0.0,0.0,0.0,4.929143561306223e-05,0.0,0.001685150955021565,0.9982470733210105,1.8484288354898337e-05,0.002430555555555555,0.0,0.2,0.2,Transit,Tanker
500033517,MV_STR_CARGO_003,PH,transit,0.9982470733210105,tanker,0.9999999844828187,0.0,0.0,0.0,0.0,4.929143561306223e-05,0.0,0.001685150955021565,0.9982470733210105,1.8484288354898337e-05,0.002430555555555555,0.0,0.2,0.2,Transit,Tanker
500033517,MV_STR_CARGO_003,PH,transit,0.9999137399876772,tanker,0.9999999845231933,0.0,0.0,0.0,0.0,4.929143561306223e-05,0.0,1.8484288354898337e-05,0.9999137399876772,1.8484288354898337e-05,0.002430555555555555,0.0,0.2,0.2,Transit,Tanker
500033517,MV_STR_CARGO_003,PH,transit,0.9999137399876772,tanker,0.9999999845231933,0.0,0.0,0.0,0.0,4.929143561306223e-05,0.0,1.8484288354898337e-05,0.9999137399876772,1.8484288354898337e-05,0.002430555555555555,0.0,0.2,0.2,Transit,Tanker
500033517,MV_STR_CARGO_003,PH,transit,0.9999137399876772,tanker,0.9999999845231933,0.0,0.0,0.0,0.0,4.929143561306223e-05,0.0,1.8484288354898337e-05,0.9999137399876772,1.8484288354898337e-05,0.002430555555555555,0.0,0.2,0.2,Transit,Tanker
500033517,MV_STR_CARGO_003,PH,transit,0.9999137399876772,tanker,0.9999999845231933,0.0,0.0,0.0,0.0,4.929143561306223e-05,0.0,1.8484288354898337e-05,0.9999137399876772,1.8484288354898337e-05,0.002430555555555555,0.0,0.2,0.2,Transit,Tanker
500033518,MV_STR_CARGO_004,MY,transit,0.9999137399876772,bulk_carrier,0.9999999658066564,0.0,0.0,0.0,0.0,4.929143561306223e-05,0.0,1.8484288354898337e-05,0.9999137399876772,1.8484288354898337e-05,0.002430555555555555,0.0,0.0,0.002430555555555555,Transit,Bulk Carrier
500033518,MV_STR_CARGO_004,MY,transit,0.9999137399876772,bulk_carrier,0.9999999658517894,0.0,0.0,0.0,0.0,4.929143561306223e-05,0.0,1.8484288354898337e-05,0.9999137399876772,1.8484288354898337e-05,0.002430555555555555,0.0,0.0,0.002430555555555555,Transit,Bulk Carrier
500033518,MV_STR_CARGO_004,MY,transit,0.9687470733210106,bulk_carrier,0.9999999658527386,0.0033333333333333335,0.0,0.0,0.006666666666666667,0.011271513657835285,0.005833333333333334,1.8484288354898337e-05,0.9687470733210106,0.0041295953994660095,0.002430555555555555,0.0,0.0,0.002430555555555555,Transit,Bulk Carrier
500033518,MV_STR_CARGO_004,MY,transit,0.9999137399876772,bulk_carrier,0.999999965807605,0.0,0.0,0.0,0.0,4.929143561306223e-05,0.0,1.8484288354898337e-05,0.9999137399876772,1.8484288354898337e-05,0.002430555555555555,0.0,0.0,0.002430555555555555,Transit,Bulk Carrier
500033518,MV_STR_CARGO_004,MY,transit,0.9999137399876772,bulk_carrier,0.9999999658517339,0.0,0.0,0.0,0.0,4.929143561306223e-05,0.0,1.8484288354898337e-05,0.9999137399876772,1.8484288354898337e-05,0.002430555555555555,0.0,0.0,0.002430555555555555,Transit,Bulk Carrier
500033518,MV_STR_CARGO_004,MY,transit,0.9999137399876772,bulk_carrier,0.9999999664384205,0.0,0.0,0.0,0.0,4.929143561306223e-05,0.0,1.8484288354898337e-05,0.9999137399876772,1.8484288354898337e-05,0.002430555555555555,0.0,0.0,0.002430555555555555,Transit,Bulk Carrier
500033518,MV_STR_CARGO_004,MY,transit,0.9888888888888889,bulk_carrier,0.9999999664390962,0.0,0.0,0.0,0.0016666666666666668,0.005,0.0033333333333333335,0.0,0.9888888888888889,0.0011111111111111111,0.002430555555555555,0.0,0.0,0.002430555555555555,Transit,Bulk Carrier
500033518,MV_STR_CARGO_004,MY,transit,0.9999137399876772,bulk_carrier,0.9999999658521536,0.0,0.0,0.0,0.0,4.929143561306223e-05,0.0,1.8484288354898337e-05,0.9999137399876772,1.8484288354898337e-05,0.002430555555555555,0.0,0.0,0.002430555555555555,Transit,Bulk Carrier
500033518,MV_STR_CARGO_004,MY,transit,0.9999137399876772,bulk_carrier,0.999999965807605,0.0,0.0,0.0,0.0,4.929143561306223e-05,0.0,1.8484288354898337e-05,0.9999137399876772,1.8484288354898337e-05,0.002430555555555555,0.0,0.0,0.002430555555555555,Transit,Bulk Carrier
500033518,MV_STR_CARGO_004,MY,transit,0.9999137399876772,bulk_carrier,0.999999965807605,0.0,0.0,0.0,0.0,4.929143561306223e-05,0.0,1.8484288354898337e-05,0.9999137399876772,1.8484288354898337e-05,0.002430555555555555,0.0,0.0,0.002430555555555555,Transit,Bulk Carrier
500033518,MV_STR_CARGO_004,MY,transit,0.9999137399876772,bulk_carrier,0.9999999608008472,0.0,0.0,0.0,0.0,4.929143561306223e-05,0.0,1.8484288354898337e-05,0.9999137399876772,1.8484288354898337e-05,0.002430555555555555,0.0,0.0,0.002430555555555555,Transit,Bulk Carrier
500033518,MV_STR_CARGO_004,MY,transit,0.9999137399876772,bulk_carrier,0.999999965807605,0.0,0.0,0.0,0.0,4.929143561306223e-05,0.0,1.8484288354898337e-05,0.9999137399876772,1.8484288354898337e-05,0.002430555555555555,0.0,0.0,0.002430555555555555,Transit,Bulk Carrier
500033518,MV_STR_CARGO_004,MY,transit,0.9999137399876772,bulk_carrier,0.999999965807605,0.0,0.0,0.0,0.0,4.929143561306223e-05,0.0,1.8484288354898337e-05,0.9999137399876772,1.8484288354898337e-05,0.002430555555555555,0.0,0.0,0.002430555555555555,Transit,Bulk Carrier
500033518,MV_STR_CARGO_004,MY,transit,0.9999137399876772,bulk_carrier,0.999999965807605,0.0,0.0,0.0,0.0,4.929143561306223e-05,0.0,1.8484288354898337e-05,0.9999137399876772,1.8484288354898337e-05,0.002430555555555555,0.0,0.0,0.002430555555555555,Transit,Bulk Carrier
500033518,MV_STR_CARGO_004,MY,transit,0.9999137399876772,bulk_carrier,0.999999965807605,0.0,0.0,0.0,0.0,4.929143561306223e-05,0.0,1.8484288354898337e-05,0.9999137399876772,1.8484288354898337e-05,0.002430555555555555,0.0,0.0,0.002430555555555555,Transit,Bulk Carrier
500033518,MV_STR_CARGO_004,MY,transit,0.9999137399876772,bulk_carrier,0.999999965807605,0.0,0.0,0.0,0.0,4.929143561306223e-05,0.0,1.8484288354898337e-05,0.9999137399876772,1.8484288354898337e-05,0.002430555555555555,0.0,0.0,0.002430555555555555,Transit,Bulk Carrier
500033518,MV_STR_CARGO_004,MY,transit,0.9999137399876772,bulk_carrier,0.999999965807605,0.0,0.0,0.0,0.0,4.929143561306223e-05,0.0,1.8484288354898337e-05,0.9999137399876772,1.8484288354898337e-05,0.002430555555555555,0.0,0.0,0.002430555555555555,Transit,Bulk Carrier
500033518,MV_STR_CARGO_004,MY,transit,0.9999137399876772,bulk_carrier,0.999999965807605,0.0,0.0,0.0,0.0,4.929143561306223e-05,0.0,1.8484288354898337e-05,0.9999137399876772,1.8484288354898337e-05,0.002430555555555555,0.0,0.0,0.002430555555555555,Transit,Bulk Carrier
500033518,MV_STR_CARGO_004,MY,transit,0.9999137399876772,bulk_carrier,0.999999965807605,0.0,0.0,0.0,0.0,4.929143561306223e-05,0.0,1.8484288354898337e-05,0.9999137399876772,1.8484288354898337e-05,0.002430555555555555,0.0,0.0,0.002430555555555555,Transit,Bulk Carrier
500033518,MV_STR_CARGO_004,MY,transit,0.9999137399876772,bulk_carrier,0.9999999658241164,0.0,0.0,0.0,0.0,4.929143561306223e-05,0.0,1.8484288354898337e-05,0.9999137399876772,1.8484288354898337e-05,0.002430555555555555,0.0,0.0,0.002430555555555555,Transit,Bulk Carrier
500033518,MV_STR_CARGO_004,MY,transit,0.9999137399876772,bulk_carrier,0.9999999658241164,0.0,0.0,0.0,0.0,4.929143561306223e-05,0.0,1.8484288354898337e-05,0.9999137399876772,1.8484288354898337e-05,0.002430555555555555,0.0,0.0,0.002430555555555555,Transit,Bulk Carrier
500033518,MV_STR_CARGO_004,MY,transit,0.9999137399876772,bulk_carrier,0.9999999658066564,0.0,0.0,0.0,0.0,4.929143561306223e-05,0.0,1.8484288354898337e-05,0.9999137399876772,1.8484288354898337e-05,0.002430555555555555,0.0,0.0,0.002430555555555555,Transit,Bulk Carrier
500033518,MV_STR_CARGO_004,MY,transit,0.9999137399876772,bulk_carrier,0.9999999658068152,0.0,0.0,0.0,0.0,4.929143561306223e-05,0.0,1.8484288354898337e-05,0.9999137399876772,1.8484288354898337e-05,0.002430555555555555,0.0,0.0,0.002430555555555555,Transit,Bulk Carrier
500033518,MV_STR_CARGO_004,MY,transit,0.9999137399876772,bulk_carrier,0.999999965807605,0.0,0.0,0.0,0.0,4.929143561306223e-05,0.0,1.8484288354898337e-05,0.9999137399876772,1.8484288354898337e-05,0.002430555555555555,0.0,0.0,0.002430555555555555,Transit,Bulk Carrier
500033518,MV_STR_CARGO_004,MY,transit,0.9999137399876772,bulk_carrier,0.999999965807605,0.0,0.0,0.0,0.0,4.929143561306223e-05,0.0,1.8484288354898337e-05,0.9999137399876772,1.8484288354898337e-05,0.002430555555555555,0.0,0.0,0.002430555555555555,Transit,Bulk Carrier
500033518,MV_STR_CARGO_004,MY,transit,0.9999137399876772,bulk_carrier,0.999999965833423,0.0,0.0,0.0,0.0,4.929143561306223e-05,0.0,1.8484288354898337e-05,0.9999137399876772,1.8484288354898337e-05,0.002430555555555555,0.0,0.0,0.002430555555555555,Transit,Bulk Carrier
500033518,MV_STR_CARGO_004,MY,transit,0.9999137399876772,bulk_carrier,0.9999999658066377,0.0,0.0,0.0,0.0,4.929143561306223e-05,0.0,1.8484288354898337e-05,0.9999137399876772,1.8484288354898337e-05,0.002430555555555555,0.0,0.0,0.002430555555555555,Transit,Bulk Carrier
500033518,MV_STR_CARGO_004,MY,transit,0.9999137399876772,bulk_carrier,0.999999965807605,0.0,0.0,0.0,0.0,4.929143561306223e-05,0.0,1.8484288354898337e-05,0.9999137399876772,1.8484288354898337e-05,0.002430555555555555,0.0,0.0,0.002430555555555555,Transit,Bulk Carrier
500033518,MV_STR_CARGO_004,MY,transit,0.9999137399876772,bulk_carrier,0.999999965807605,0.0,0.0,0.0,0.0,4.929143561306223e-05,0.0,1.8484288354898337e-05,0.9999137399876772,1.8484288354898337e-05,0.002430555555555555,0.0,0.0,0.002430555555555555,Transit,Bulk Carrier
500033518,MV_STR_CARGO_004,MY,transit,0.9999137399876772,bulk_carrier,0.9999999658241164,0.0,0.0,0.0,0.0,4.929143561306223e-05,0.0,1.8484288354898337e-05,0.9999137399876772,1.8484288354898337e-05,0.002430555555555555,0.0,0.0,0.002430555555555555,Transit,Bulk Carrier
500033518,MV_STR_CARGO_004,MY,transit,0.9999137399876772,bulk_carrier,0.9999999658517339,0.0,0.0,0.0,0.0,4.929143561306223e-05,0.0,1.8484288354898337e-05,0.9999137399876772,1.8484288354898337e-05,0.002430555555555555,0.0,0.0,0.002430555555555555,Transit,Bulk Carrier
500033518,MV_STR_CARGO_004,MY,transit,0.9999137399876772,bulk_carrier,0.9999999658525821,0.0,0.0,0.0,0.0,4.929143561306223e-05,0.0,1.8484288354898337e-05,0.9999137399876772,1.8484288354898337e-05,0.002430555555555555,0.0,0.0,0.002430555555555555,Transit,Bulk Carrier
500033518,MV_STR_CARGO_004,MY,transit,0.9999137399876772,bulk_carrier,0.999999965807605,0.0,0.0,0.0,0.0,4.929143561306223e-05,0.0,1.8484288354898337e-05,0.9999137399876772,1.8484288354898337e-05,0.002430555555555555,0.0,0.0,0.002430555555555555,Transit,Bulk Carrier
500033518,MV_STR_CARGO_004,MY,transit,0.9999137399876772,bulk_carrier,0.999999965807605,0.0,0.0,0.0,0.0,4.929143561306223e-05,0.0,1.8484288354898337e-05,0.9999137399876772,1.8484288354898337e-05,0.002430555555555555,0.0,0.0,0.002430555555555555,Transit,Bulk Carrier
500033518,MV_STR_CARGO_004,MY,transit,0.9999137399876772,bulk_carrier,0.999999965807605,0.0,0.0,0.0,0.0,4.929143561306223e-05,0.0,1.8484288354898337e-05,0.9999137399876772,1.8484288354898337e-05,0.002430555555555555,0.0,0.0,0.002430555555555555,Transit,Bulk Carrier
500033518,MV_STR_CARGO_004,MY,transit,0.9999137399876772,bulk_carrier,0.999999965807605,0.0,0.0,0.0,0.0,4.929143561306223e-05,0.0,1.8484288354898337e-05,0.9999137399876772,1.8484288354898337e-05,0.002430555555555555,0.0,0.0,0.002430555555555555,Transit,Bulk Carrier
500033518,MV_STR_CARGO_004,MY,transit,0.9999137399876772,bulk_carrier,0.999999965807605,0.0,0.0,0.0,0.0,4.929143561306223e-05,0.0,1.8484288354898337e-05,0.9999137399876772,1.8484288354898337e-05,0.002430555555555555,0.0,0.0,0.002430555555555555,Transit,Bulk Carrier
500033518,MV_STR_CARGO_004,MY,transit,0.9999137399876772,bulk_carrier,0.9999999658106705,0.0,0.0,0.0,0.0,4.929143561306223e-05,0.0,1.8484288354898337e-05,0.9999137399876772,1.8484288354898337e-05,0.002430555555555555,0.0,0.0,0.002430555555555555,Transit,Bulk Carrier
500033518,MV_STR_CARGO_004,MY,transit,0.9999137399876772,bulk_carrier,0.9999999658241164,0.0,0.0,0.0,0.0,4.929143561306223e-05,0.0,1.8484288354898337e-05,0.9999137399876772,1.8484288354898337e-05,0.002430555555555555,0.0,0.0,0.002430555555555555,Transit,Bulk Carrier
500033518,MV_STR_CARGO_004,MY,transit,0.9999137399876772,bulk_carrier,0.9999999658232702,0.0,0.0,0.0,0.0,4.929143561306223e-05,0.0,1.8484288354898337e-05,0.9999137399876772,1.8484288354898337e-05,0.002430555555555555,0.0,0.0,0.002430555555555555,Transit,Bulk Carrier
500033518,MV_STR_CARGO_004,MY,transit,0.9999137399876772,bulk_carrier,0.9999999658232702,0.0,0.0,0.0,0.0,4.929143561306223e-05,0.0,1.8484288354898337e-05,0.9999137399876772,1.8484288354898337e-05,0.002430555555555555,0.0,0.0,0.002430555555555555,Transit,Bulk Carrier
500033518,MV_STR_CARGO_004,MY,transit,0.9999137399876772,bulk_carrier,0.9999999658241164,0.0,0.0,0.0,0.0,4.929143561306223e-05,0.0,1.8484288354898337e-05,0.9999137399876772,1.8484288354898337e-05,0.002430555555555555,0.0,0.0,0.002430555555555555,Transit,Bulk Carrier
500033518,MV_STR_CARGO_004,MY,transit,0.9999137399876772,bulk_carrier,0.999999965807605,0.0,0.0,0.0,0.0,4.929143561306223e-05,0.0,1.8484288354898337e-05,0.9999137399876772,1.8484288354898337e-05,0.002430555555555555,0.0,0.0,0.002430555555555555,Transit,Bulk Carrier
500033518,MV_STR_CARGO_004,MY,transit,0.9999137399876772,bulk_carrier,0.999999965807605,0.0,0.0,0.0,0.0,4.929143561306223e-05,0.0,1.8484288354898337e-05,0.9999137399876772,1.8484288354898337e-05,0.002430555555555555,0.0,0.0,0.002430555555555555,Transit,Bulk Carrier
500033518,MV_STR_CARGO_004,MY,transit,0.9999137399876772,bulk_carrier,0.999999965807605,0.0,0.0,0.0,0.0,4.929143561306223e-05,0.0,1.8484288354898337e-05,0.9999137399876772,1.8484288354898337e-05,0.002430555555555555,0.0,0.0,0.002430555555555555,Transit,Bulk Carrier
500033518,MV_STR_CARGO_004,MY,transit,0.9999137399876772,bulk_carrier,0.9999999658068152,0.0,0.0,0.0,0.0,4.929143561306223e-05,0.0,1.8484288354898337e-05,0.9999137399876772,1.8484288354898337e-05,0.002430555555555555,0.0,0.0,0.002430555555555555,Transit,Bulk Carrier
500033518,MV_STR_CARGO_004,MY,transit,0.9999137399876772,bulk_carrier,0.9999999658066564,0.0,0.0,0.0,0.0,4.929143561306223e-05,0.0,1.8484288354898337e-05,0.9999137399876772,1.8484288354898337e-05,0.002430555555555555,0.0,0.0,0.002430555555555555,Transit,Bulk Carrier
500033518,MV_STR_CARGO_004,MY,transit,0.9999137399876772,bulk_carrier,0.999999965807605,0.0,0.0,0.0,0.0,4.929143561306223e-05,0.0,1.8484288354898337e-05,0.9999137399876772,1.8484288354898337e-05,0.002430555555555555,0.0,0.0,0.002430555555555555,Transit,Bulk Carrier
500033518,MV_STR_CARGO_004,MY,transit,0.9982470733210105,bulk_carrier,0.999999965807605,0.0,0.0,0.0,0.0,0.0017159581022797288,0.0,1.8484288354898337e-05,0.9982470733210105,1.8484288354898337e-05,0.002430555555555555,0.0,0.0,0.002430555555555555,Transit,Bulk Carrier
500033518,MV_STR_CARGO_004,MY,transit,0.9999137399876772,bulk_carrier,0.999999965807605,0.0,0.0,0.0,0.0,4.929143561306223e-05,0.0,1.8484288354898337e-05,0.9999137399876772,1.8484288354898337e-05,0.002430555555555555,0.0,0.0,0.002430555555555555,Transit,Bulk Carrier
500033518,MV_STR_CARGO_004,MY,transit,0.9999137399876772,bulk_carrier,0.9999999658098807,0.0,0.0,0.0,0.0,4.929143561306223e-05,0.0,1.8484288354898337e-05,0.9999137399876772,1.8484288354898337e-05,0.002430555555555555,0.0,0.0,0.002430555555555555,Transit,Bulk Carrier
500033518,MV_STR_CARGO_004,MY,transit,0.9999137399876772,bulk_carrier,0.999999965807605,0.0,0.0,0.0,0.0,4.929143561306223e-05,0.0,1.8484288354898337e-05,0.9999137399876772,1.8484288354898337e-05,0.002430555555555555,0.0,0.0,0.002430555555555555,Transit,Bulk Carrier
500033518,MV_STR_CARGO_004,MY,transit,0.9999137399876772,bulk_carrier,0.999999965807605,0.0,0.0,0.0,0.0,4.929143561306223e-05,0.0,1.8484288354898337e-05,0.9999137399876772,1.8484288354898337e-05,0.002430555555555555,0.0,0.0,0.002430555555555555,Transit,Bulk Carrier
500033518,MV_STR_CARGO_004,MY,transit,0.9999137399876772,bulk_carrier,0.999999965807605,0.0,0.0,0.0,0.0,4.929143561306223e-05,0.0,1.8484288354898337e-05,0.9999137399876772,1.8484288354898337e-05,0.002430555555555555,0.0,0.0,0.002430555555555555,Transit,Bulk Carrier
500033518,MV_STR_CARGO_004,MY,transit,0.9999137399876772,bulk_carrier,0.9999999658528965,0.0,0.0,0.0,0.0,4.929143561306223e-05,0.0,1.8484288354898337e-05,0.9999137399876772,1.8484288354898337e-05,0.002430555555555555,0.0,0.0,0.002430555555555555,Transit,Bulk Carrier
500033518,MV_STR_CARGO_004,MY,transit,0.9999137399876772,bulk_carrier,0.9999999658524682,0.0,0.0,0.0,0.0,4.929143561306223e-05,0.0,1.8484288354898337e-05,0.9999137399876772,1.8484288354898337e-05,0.002430555555555555,0.0,0.0,0.002430555555555555,Transit,Bulk Carrier
500033519,MV_STR_CARGO_005,JP,transit,0.9911111111111113,tanker,0.9999999845231933,0.0033333333333333335,0.0,0.0,0.0,0.0,0.0,0.005555555555555555,0.9911111111111113,0.0,0.002430555555555555,0.0,0.0606426601679022,0.0606426601679022,Transit,Tanker
500033519,MV_STR_CARGO_005,JP,transit,1.0,tanker,0.9999999845605343,0.0,0.0,0.0,0.0,0.0,0.0,0.0,1.0,0.0,0.002430555555555555,0.0,0.06237285951765723,0.06237285951765723,Transit,Tanker
500033519,MV_STR_CARGO_005,JP,transit,1.0,tanker,0.9999999845605343,0.0,0.0,0.0,0.0,0.0,0.0,0.0,1.0,0.0,0.002430555555555555,0.0,0.06451615888272412,0.06451615888272412,Transit,Tanker
500033519,MV_STR_CARGO_005,JP,transit,0.9891666666666666,tanker,0.9999999845231933,0.0033333333333333335,0.0,0.0,0.0,0.0,0.0,0.0075,0.9891666666666666,0.0,0.002430555555555555,0.0,0.06657225021579748,0.06657225021579748,Transit,Tanker
500033519,MV_STR_CARGO_005,JP,transit,1.0,tanker,0.9999999845231933,0.0,0.0,0.0,0.0,0.0,0.0,0.0,1.0,0.0,0.002430555555555555,0.0,0.0684272830826567,0.0684272830826567,Transit,Tanker
500033519,MV_STR_CARGO_005,JP,transit,1.0,tanker,0.9999999844465031,0.0,0.0,0.0,0.0,0.0,0.0,0.0,1.0,0.0,0.002430555555555555,0.0,0.07061847648547948,0.07061847648547948,Transit,Tanker
500033519,MV_STR_CARGO_005,JP,transit,1.0,tanker,0.9999999848786532,0.0,0.0,0.0,0.0,0.0,0.0,0.0,1.0,0.0,0.002430555555555555,0.0,0.07362709207244471,0.07362709207244471,Transit,Tanker
500033519,MV_STR_CARGO_005,JP,transit,0.9988888888888887,tanker,0.9999999845608363,0.0,0.0,0.0,0.0,0.0,0.0,0.0011111111111111111,0.9988888888888887,0.0,0.002430555555555555,0.0,0.07658952725425001,0.07658952725425001,Transit,Tanker
500033519,MV_STR_CARGO_005,JP,transit,0.9999137399876772,tanker,0.9999999845231933,0.0,0.0,0.0,0.0,4.929143561306223e-05,0.0,1.8484288354898337e-05,0.9999137399876772,1.8484288354898337e-05,0.002430555555555555,0.0,0.07888839066924197,0.07888839066924197,Transit,Tanker
500033519,MV_STR_CARGO_005,JP,transit,0.9999137399876772,tanker,0.9999999845231933,0.0,0.0,0.0,0.0,4.929143561306223e-05,0.0,1.8484288354898337e-05,0.9999137399876772,1.8484288354898337e-05,0.002430555555555555,0.0,0.08068532948564539,0.08068532948564539,Transit,Tanker
500033519,MV_STR_CARGO_005,JP,transit,0.9999137399876772,tanker,0.9999999845231933,0.0,0.0,0.0,0.0,4.929143561306223e-05,0.0,1.8484288354898337e-05,0.9999137399876772,1.8484288354898337e-05,0.002430555555555555,0.0,0.08157973100425653,0.08157973100425653,Transit,Tanker
500033519,MV_STR_CARGO_005,JP,transit,0.9999137399876772,tanker,0.9999999845231933,0.0,0.0,0.0,0.0,4.929143561306223e-05,0.0,1.8484288354898337e-05,0.9999137399876772,1.8484288354898337e-05,0.002430555555555555,0.0,0.08122858617927432,0.08122858617927432,Transit,Tanker
500033519,MV_STR_CARGO_005,JP,transit,0.9999137399876772,tanker,0.9999999845231933,0.0,0.0,0.0,0.0,4.929143561306223e-05,0.0,1.8484288354898337e-05,0.9999137399876772,1.8484288354898337e-05,0.002430555555555555,0.0,0.08075551591940593,0.08075551591940593,Transit,Tanker
500033519,MV_STR_CARGO_005,JP,transit,0.9999137399876772,tanker,0.9999999845231933,0.0,0.0,0.0,0.0,4.929143561306223e-05,0.0,1.8484288354898337e-05,0.9999137399876772,1.8484288354898337e-05,0.002430555555555555,0.0,0.08053439612833836,0.08053439612833836,Transit,Tanker
500033519,MV_STR_CARGO_005,JP,transit,0.9999137399876772,tanker,0.9999999845231933,0.0,0.0,0.0,0.0,4.929143561306223e-05,0.0,1.8484288354898337e-05,0.9999137399876772,1.8484288354898337e-05,0.002430555555555555,0.0,0.0799028945901946,0.0799028945901946,Transit,Tanker
500033519,MV_STR_CARGO_005,JP,transit,0.9999137399876772,tanker,0.9999999845231933,0.0,0.0,0.0,0.0,4.929143561306223e-05,0.0,1.8484288354898337e-05,0.9999137399876772,1.8484288354898337e-05,0.002430555555555555,0.0,0.07977614220653811,0.07977614220653811,Transit,Tanker
500033519,MV_STR_CARGO_005,JP,transit,0.9999137399876772,tanker,0.999999984875019,0.0,0.0,0.0,0.0,4.929143561306223e-05,0.0,1.8484288354898337e-05,0.9999137399876772,1.8484288354898337e-05,0.002430555555555555,0.0,0.08010467278789654,0.08010467278789654,Transit,Tanker
500033519,MV_STR_CARGO_005,JP,transit,0.9999137399876772,tanker,0.999999984875019,0.0,0.0,0.0,0.0,4.929143561306223e-05,0.0,1.8484288354898337e-05,0.9999137399876772,1.8484288354898337e-05,0.002430555555555555,0.0,0.08099384361982648,0.08099384361982648,Transit,Tanker
500033519,MV_STR_CARGO_005,JP,transit,0.9999137399876772,tanker,0.9999999845605343,0.0,0.0,0.0,0.0,4.929143561306223e-05,0.0,1.8484288354898337e-05,0.9999137399876772,1.8484288354898337e-05,0.002430555555555555,0.0,0.08354820098113346,0.08354820098113346,Transit,Tanker
500033519,MV_STR_CARGO_005,JP,transit,0.9999137399876772,tanker,0.9999999845231933,0.0,0.0,0.0,0.0,4.929143561306223e-05,0.0,1.8484288354898337e-05,0.9999137399876772,1.8484288354898337e-05,0.002430555555555555,0.0,0.08656210938902581,0.08656210938902581,Transit,Tanker
500033519,MV_STR_CARGO_005,JP,transit,0.9999137399876772,tanker,0.9999999845606138,0.0,0.0,0.0,0.0,4.929143561306223e-05,0.0,1.8484288354898337e-05,0.9999137399876772,1.8484288354898337e-05,0.002430555555555555,0.0,0.08917381962393928,0.08917381962393928,Transit,Tanker
500033519,MV_STR_CARGO_005,JP,transit,0.9999137399876772,tanker,0.9999999848753209,0.0,0.0,0.0,0.0,4.929143561306223e-05,0.0,1.8484288354898337e-05,0.9999137399876772,1.8484288354898337e-05,0.002430555555555555,0.0,0.09162662332539097,0.09162662332539097,Transit,Tanker
500033519,MV_STR_CARGO_005,JP,transit,0.9999137399876772,tanker,0.9999999848748526,0.0,0.0,0.0,0.0,4.929143561306223e-05,0.0,1.8484288354898337e-05,0.9999137399876772,1.8484288354898337e-05,0.002430555555555555,0.0,0.09386904991032696,0.09386904991032696,Transit,Tanker
500033519,MV_STR_CARGO_005,JP,transit,0.9999137399876772,tanker,0.99999998456033,0.0,0.0,0.0,0.0,4.929143561306223e-05,0.0,1.8484288354898337e-05,0.9999137399876772,1.8484288354898337e-05,0.002430555555555555,0.0,0.09578129943171043,0.09578129943171043,Transit,Tanker
500033519,MV_STR_CARGO_005,JP,transit,0.9999137399876772,tanker,0.9999999845231933,0.0,0.0,0.0,0.0,4.929143561306223e-05,0.0,1.8484288354898337e-05,0.9999137399876772,1.8484288354898337e-05,0.002430555555555555,0.0,0.09738333756188322,0.09738333756188322,Transit,Tanker
500033519,MV_STR_CARGO_005,JP,transit,0.9999137399876772,tanker,0.9999999845231933,0.0,0.0,0.0,0.0,4.929143561306223e-05,0.0,1.8484288354898337e-05,0.9999137399876772,1.8484288354898337e-05,0.002430555555555555,0.0,0.09928096455180202,0.09928096455180202,Transit,Tanker
500033519,MV_STR_CARGO_005,JP,transit,0.9999137399876772,tanker,0.9999999845231933,0.0,0.0,0.0,0.0,4.929143561306223e-05,0.0,1.8484288354898337e-05,0.9999137399876772,1.8484288354898337e-05,0.002430555555555555,0.0,0.10228670088201344,0.10228670088201344,Transit,Tanker
500033519,MV_STR_CARGO_005,JP,transit,0.9999137399876772,tanker,0.9999999848748526,0.0,0.0,0.0,0.0,4.929143561306223e-05,0.0,1.8484288354898337e-05,0.9999137399876772,1.8484288354898337e-05,0.002430555555555555,0.0,0.10634684012789819,0.10634684012789819,Transit,Tanker
500033519,MV_STR_CARGO_005,JP,transit,0.9999137399876772,tanker,0.9999999845231933,0.0,0.0,0.0,0.0,4.929143561306223e-05,0.0,1.8484288354898337e-05,0.9999137399876772,1.8484288354898337e-05,0.002430555555555555,0.0,0.11053193163535804,0.11053193163535804,Transit,Tanker
500033519,MV_STR_CARGO_005,JP,transit,0.9999137399876772,tanker,0.9999999845231933,0.0,0.0,0.0,0.0,4.929143561306223e-05,0.0,1.8484288354898337e-05,0.9999137399876772,1.8484288354898337e-05,0.002430555555555555,0.0,0.11485693672394658,0.11485693672394658,Transit,Tanker
500033519,MV_STR_CARGO_005,JP,transit,0.9999137399876772,tanker,0.9999999845231933,0.0,0.0,0.0,0.0,4.929143561306223e-05,0.0,1.8484288354898337e-05,0.9999137399876772,1.8484288354898337e-05,0.002430555555555555,0.0,0.11944873003058157,0.11944873003058157,Transit,Tanker
500033519,MV_STR_CARGO_005,JP,transit,0.9999137399876772,tanker,0.9999999845605343,0.0,0.0,0.0,0.0,4.929143561306223e-05,0.0,1.8484288354898337e-05,0.9999137399876772,1.8484288354898337e-05,0.002430555555555555,0.0,0.1241960239524947,0.1241960239524947,Transit,Tanker
500033519,MV_STR_CARGO_005,JP,transit,0.9999137399876772,tanker,0.999999984875019,0.0,0.0,0.0,0.0,4.929143561306223e-05,0.0,1.8484288354898337e-05,0.9999137399876772,1.8484288354898337e-05,0.002430555555555555,0.0,0.1292239173267937,0.1292239173267937,Transit,Tanker
500033519,MV_STR_CARGO_005,JP,transit,0.9999137399876772,tanker,0.9999999848786532,0.0,0.0,0.0,0.0,4.929143561306223e-05,0.0,1.8484288354898337e-05,0.9999137399876772,1.8484288354898337e-05,0.002430555555555555,0.0,0.13432237464154956,0.13432237464154956,Transit,Tanker
500033519,MV_STR_CARGO_005,JP,transit,0.9988026288765661,tanker,0.9999999848786532,0.0,0.0,0.0,0.0,4.929143561306223e-05,0.0,0.0011295953994660095,0.9988026288765661,1.8484288354898337e-05,0.002430555555555555,0.0,0.1395918414021281,0.1395918414021281,Transit,Tanker
500033519,MV_STR_CARGO_005,JP,transit,0.9999137399876772,tanker,0.9999999848749719,0.0,0.0,0.0,0.0,4.929143561306223e-05,0.0,1.8484288354898337e-05,0.9999137399876772,1.8484288354898337e-05,0.002430555555555555,0.0,0.14494958974480784,0.14494958974480784,Transit,Tanker
500033519,MV_STR_CARGO_005,JP,transit,0.9999137399876772,tanker,0.9999999845231933,0.0,0.0,0.0,0.0,4.929143561306223e-05,0.0,1.8484288354898337e-05,0.9999137399876772,1.8484288354898337e-05,0.002430555555555555,0.0,0.14986272710937906,0.14986272710937906,Transit,Tanker
500033519,MV_STR_CARGO_005,JP,transit,0.9999137399876772,tanker,0.9999999845231933,0.0,0.0,0.0,0.0,4.929143561306223e-05,0.0,1.8484288354898337e-05,0.9999137399876772,1.8484288354898337e-05,0.002430555555555555,0.0,0.154245679712248,0.154245679712248,Transit,Tanker
500033519,MV_STR_CARGO_005,JP,transit,0.9999137399876772,tanker,0.9999999845605343,0.0,0.0,0.0,0.0,4.929143561306223e-05,0.0,1.8484288354898337e-05,0.9999137399876772,1.8484288354898337e-05,0.002430555555555555,0.0,0.15857731125513952,0.15857731125513952,Transit,Tanker
500033519,MV_STR_CARGO_005,JP,transit,0.9999137399876772,tanker,0.9999999848749719,0.0,0.0,0.0,0.0,4.929143561306223e-05,0.0,1.8484288354898337e-05,0.9999137399876772,1.8484288354898337e-05,0.002430555555555555,0.0,0.16347768201469903,0.16347768201469903,Transit,Tanker
500033519,MV_STR_CARGO_005,JP,transit,0.9999137399876772,tanker,0.9999999848772196,0.0,0.0,0.0,0.0,4.929143561306223e-05,0.0,1.8484288354898337e-05,0.9999137399876772,1.8484288354898337e-05,0.002430555555555555,0.0,0.16888172719815242,0.16888172719815242,Transit,Tanker
500033519,MV_STR_CARGO_005,JP,transit,0.9999137399876772,tanker,0.9999999848783512,0.0,0.0,0.0,0.0,4.929143561306223e-05,0.0,1.8484288354898337e-05,0.9999137399876772,1.8484288354898337e-05,0.002430555555555555,0.0,0.17439205162304816,0.17439205162304816,Transit,Tanker
500033519,MV_STR_CARGO_005,JP,transit,0.9999137399876772,tanker,0.999999984875019,0.0,0.0,0.0,0.0,4.929143561306223e-05,0.0,1.8484288354898337e-05,0.9999137399876772,1.8484288354898337e-05,0.002430555555555555,0.0,0.17987291066989017,0.17987291066989017,Transit,Tanker
500033519,MV_STR_CARGO_005,JP,transit,0.9988888888888887,tanker,0.9999999845231933,0.0,0.0,0.0,0.0,0.0,0.0,0.0011111111111111111,0.9988888888888887,0.0,0.002430555555555555,0.0,0.18512656515616688,0.18512656515616688,Transit,Tanker
500033519,MV_STR_CARGO_005,JP,transit,1.0,tanker,0.9999999845231933,0.0,0.0,0.0,0.0,0.0,0.0,0.0,1.0,0.0,0.002430555555555555,0.0,0.1901579606401652,0.1901579606401652,Transit,Tanker
500033519,MV_STR_CARGO_005,JP,transit,1.0,tanker,0.9999999845231933,0.0,0.0,0.0,0.0,0.0,0.0,0.0,1.0,0.0,0.002430555555555555,0.0,0.19533121408648027,0.19533121408648027,Transit,Tanker
500033519,MV_STR_CARGO_005,JP,transit,0.988611111111111,tanker,0.9999999845231933,0.005833333333333334,0.0,0.0,0.0,0.0,0.0,0.005555555555555555,0.988611111111111,0.0,0.002430555555555555,0.0,0.2,0.2,Transit,Tanker
500033519,MV_STR_CARGO_005,JP,transit,1.0,tanker,0.9999999845231933,0.0,0.0,0.0,0.0,0.0,0.0,0.0,1.0,0.0,0.002430555555555555,0.0,0.2,0.2,Transit,Tanker
500033519,MV_STR_CARGO_005,JP,transit,1.0,tanker,0.9999999847562064,0.0,0.0,0.0,0.0,0.0,0.0,0.0,1.0,0.0,0.002430555555555555,0.0,0.2,0.2,Transit,Tanker
500033519,MV_STR_CARGO_005,JP,transit,0.9999137399876772,tanker,0.9999999848786532,0.0,0.0,0.0,0.0,4.929143561306223e-05,0.0,1.8484288354898337e-05,0.9999137399876772,1.8484288354898337e-05,0.002430555555555555,0.0,0.2,0.2,Transit,Tanker
500033519,MV_STR_CARGO_005,JP,transit,0.9999137399876772,tanker,0.9999999847562064,0.0,0.0,0.0,0.0,4.929143561306223e-05,0.0,1.8484288354898337e-05,0.9999137399876772,1.8484288354898337e-05,0.002430555555555555,0.0,0.2,0.2,Transit,Tanker
500033519,MV_STR_CARGO_005,JP,transit,1.0,tanker,0.9999999845231933,0.0,0.0,0.0,0.0,0.0,0.0,0.0,1.0,0.0,0.002430555555555555,0.0,0.2,0.2,Transit,Tanker
500033519,MV_STR_CARGO_005,JP,transit,0.9954692955432328,tanker,0.9999999845231933,0.0022222222222222222,0.0,0.0,0.0,4.929143561306223e-05,0.0,0.0022407065105771204,0.9954692955432328,1.8484288354898337e-05,0.002430555555555555,0.0,0.2,0.2,Transit,Tanker
500033519,MV_STR_CARGO_005,JP,transit,0.9999137399876772,tanker,0.9999999845231933,0.0,0.0,0.0,0.0,4.929143561306223e-05,0.0,1.8484288354898337e-05,0.9999137399876772,1.8484288354898337e-05,0.002430555555555555,0.0,0.2,0.2,Transit,Tanker
500033519,MV_STR_CARGO_005,JP,transit,1.0,tanker,0.9999999845231933,0.0,0.0,0.0,0.0,0.0,0.0,0.0,1.0,0.0,0.002430555555555555,0.0,0.2,0.2,Transit,Tanker
500033519,MV_STR_CARGO_005,JP,transit,0.9988888888888887,tanker,0.9999999845605343,0.0,0.0,0.0,0.0,0.0,0.0,0.0011111111111111111,0.9988888888888887,0.0,0.002430555555555555,0.0,0.2,0.2,Transit,Tanker
500033520,MV_STR_CARGO_006,JP,transit,0.9999137399876772,bulk_carrier,0.9999999734153702,0.0,0.0,0.0,0.0,4.929143561306223e-05,0.0,1.8484288354898337e-05,0.9999137399876772,1.8484288354898337e-05,0.002430555555555555,0.0,0.0,0.002430555555555555,Transit,Bulk Carrier
500033520,MV_STR_CARGO_006,JP,transit,0.9999137399876772,bulk_carrier,0.9999999734153702,0.0,0.0,0.0,0.0,4.929143561306223e-05,0.0,1.8484288354898337e-05,0.9999137399876772,1.8484288354898337e-05,0.002430555555555555,0.0,0.0,0.002430555555555555,Transit,Bulk Carrier
500033520,MV_STR_CARGO_006,JP,transit,0.9999137399876772,bulk_carrier,0.9999999734153702,0.0,0.0,0.0,0.0,4.929143561306223e-05,0.0,1.8484288354898337e-05,0.9999137399876772,1.8484288354898337e-05,0.002430555555555555,0.0,0.0,0.002430555555555555,Transit,Bulk Carrier
500033520,MV_STR_CARGO_006,JP,transit,0.9999137399876772,bulk_carrier,0.9999999734153702,0.0,0.0,0.0,0.0,4.929143561306223e-05,0.0,1.8484288354898337e-05,0.9999137399876772,1.8484288354898337e-05,0.002430555555555555,0.0,0.0,0.002430555555555555,Transit,Bulk Carrier
500033520,MV_STR_CARGO_006,JP,transit,0.9999137399876772,bulk_carrier,0.9999999734153702,0.0,0.0,0.0,0.0,4.929143561306223e-05,0.0,1.8484288354898337e-05,0.9999137399876772,1.8484288354898337e-05,0.002430555555555555,0.0,0.0,0.002430555555555555,Transit,Bulk Carrier
500033520,MV_STR_CARGO_006,JP,transit,0.9999137399876772,bulk_carrier,0.9999999734153702,0.0,0.0,0.0,0.0,4.929143561306223e-05,0.0,1.8484288354898337e-05,0.9999137399876772,1.8484288354898337e-05,0.002430555555555555,0.0,0.0,0.002430555555555555,Transit,Bulk Carrier
500033520,MV_STR_CARGO_006,JP,transit,0.9999137399876772,bulk_carrier,0.9999999734153702,0.0,0.0,0.0,0.0,4.929143561306223e-05,0.0,1.8484288354898337e-05,0.9999137399876772,1.8484288354898337e-05,0.002430555555555555,0.0,0.0,0.002430555555555555,Transit,Bulk Carrier
500033520,MV_STR_CARGO_006,JP,transit,0.9999137399876772,bulk_carrier,0.9999999734153702,0.0,0.0,0.0,0.0,4.929143561306223e-05,0.0,1.8484288354898337e-05,0.9999137399876772,1.8484288354898337e-05,0.002430555555555555,0.0,0.0,0.002430555555555555,Transit,Bulk Carrier
500033520,MV_STR_CARGO_006,JP,transit,0.9999137399876772,bulk_carrier,0.9999999734153702,0.0,0.0,0.0,0.0,4.929143561306223e-05,0.0,1.8484288354898337e-05,0.9999137399876772,1.8484288354898337e-05,0.002430555555555555,0.0,0.0,0.002430555555555555,Transit,Bulk Carrier
500033520,MV_STR_CARGO_006,JP,transit,0.9999137399876772,bulk_carrier,0.9999999734153702,0.0,0.0,0.0,0.0,4.929143561306223e-05,0.0,1.8484288354898337e-05,0.9999137399876772,1.8484288354898337e-05,0.002430555555555555,0.0,0.0,0.002430555555555555,Transit,Bulk Carrier
500033520,MV_STR_CARGO_006,JP,transit,0.9999137399876772,bulk_carrier,0.9999999734153702,0.0,0.0,0.0,0.0,4.929143561306223e-05,0.0,1.8484288354898337e-05,0.9999137399876772,1.8484288354898337e-05,0.002430555555555555,0.0,0.0,0.002430555555555555,Transit,Bulk Carrier
500033520,MV_STR_CARGO_006,JP,transit,0.9999137399876772,bulk_carrier,0.9999999734153702,0.0,0.0,0.0,0.0,4.929143561306223e-05,0.0,1.8484288354898337e-05,0.9999137399876772,1.8484288354898337e-05,0.002430555555555555,0.0,0.0,0.002430555555555555,Transit,Bulk Carrier
500033520,MV_STR_CARGO_006,JP,transit,0.9999137399876772,bulk_carrier,0.9999999734153702,0.0,0.0,0.0,0.0,4.929143561306223e-05,0.0,1.8484288354898337e-05,0.9999137399876772,1.8484288354898337e-05,0.002430555555555555,0.0,0.0,0.002430555555555555,Transit,Bulk Carrier
500033520,MV_STR_CARGO_006,JP,transit,0.9972470733210105,bulk_carrier,0.9999999734153702,0.0,0.0,0.0,0.0,4.929143561306223e-05,0.0,0.002685150955021565,0.9972470733210105,1.8484288354898337e-05,0.002430555555555555,0.0,0.0,0.002430555555555555,Transit,Bulk Carrier
500033520,MV_STR_CARGO_006,JP,transit,0.9999137399876772,bulk_carrier,0.9999999734153702,0.0,0.0,0.0,0.0,4.929143561306223e-05,0.0,1.8484288354898337e-05,0.9999137399876772,1.8484288354898337e-05,0.002430555555555555,0.0,0.0,0.002430555555555555,Transit,Bulk Carrier
500033520,MV_STR_CARGO_006,JP,transit,0.9999137399876772,bulk_carrier,0.9999999734153702,0.0,0.0,0.0,0.0,4.929143561306223e-05,0.0,1.8484288354898337e-05,0.9999137399876772,1.8484288354898337e-05,0.002430555555555555,0.0,0.0,0.002430555555555555,Transit,Bulk Carrier
500033520,MV_STR_CARGO_006,JP,transit,0.9999137399876772,bulk_carrier,0.9999999734594205,0.0,0.0,0.0,0.0,4.929143561306223e-05,0.0,1.8484288354898337e-05,0.9999137399876772,1.8484288354898337e-05,0.002430555555555555,0.0,0.0,0.002430555555555555,Transit,Bulk Carrier
500033520,MV_STR_CARGO_006,JP,transit,0.9999137399876772,bulk_carrier,0.9999999734153702,0.0,0.0,0.0,0.0,4.929143561306223e-05,0.0,1.8484288354898337e-05,0.9999137399876772,1.8484288354898337e-05,0.002430555555555555,0.0,0.0,0.002430555555555555,Transit,Bulk Carrier
500033520,MV_STR_CARGO_006,JP,transit,0.9999137399876772,bulk_carrier,0.9999999734153702,0.0,0.0,0.0,0.0,4.929143561306223e-05,0.0,1.8484288354898337e-05,0.9999137399876772,1.8484288354898337e-05,0.002430555555555555,0.0,0.0,0.002430555555555555,Transit,Bulk Carrier
500033520,MV_STR_CARGO_006,JP,transit,0.9874692955432327,bulk_carrier,0.9999999734529401,0.0,0.0,0.0,0.012444444444444445,4.929143561306223e-05,0.0,1.8484288354898337e-05,0.9874692955432327,1.8484288354898337e-05,0.43,0.0,0.0,0.43,Transit,Bulk Carrier
500033520,MV_STR_CARGO_006,JP,transit,0.9874692955432327,bulk_carrier,0.9999999734529401,0.0,0.0,0.0,0.012444444444444445,4.929143561306223e-05,0.0,1.8484288354898337e-05,0.9874692955432327,1.8484288354898337e-05,0.43,0.0,0.0,0.43,Transit,Bulk Carrier
500033520,MV_STR_CARGO_006,JP,transit,0.9999137399876772,bulk_carrier,0.9999999734507605,0.0,0.0,0.0,0.0,4.929143561306223e-05,0.0,1.8484288354898337e-05,0.9999137399876772,1.8484288354898337e-05,0.002430555555555555,0.0,0.0,0.002430555555555555,Transit,Bulk Carrier
500033520,MV_STR_CARGO_006,JP,transit,0.9999137399876772,bulk_carrier,0.9999999734509564,0.0,0.0,0.0,0.0,4.929143561306223e-05,0.0,1.8484288354898337e-05,0.9999137399876772,1.8484288354898337e-05,0.002430555555555555,0.0,0.0,0.002430555555555555,Transit,Bulk Carrier
500033520,MV_STR_CARGO_006,JP,transit,0.9999137399876772,bulk_carrier,0.9999999734153702,0.0,0.0,0.0,0.0,4.929143561306223e-05,0.0,1.8484288354898337e-05,0.9999137399876772,1.8484288354898337e-05,0.002430555555555555,0.0,0.0,0.002430555555555555,Transit,Bulk Carrier
500033520,MV_STR_CARGO_006,JP,transit,0.9999137399876772,bulk_carrier,0.999999973419712,0.0,0.0,0.0,0.0,4.929143561306223e-05,0.0,1.8484288354898337e-05,0.9999137399876772,1.8484288354898337e-05,0.002430555555555555,0.0,0.0,0.002430555555555555,Transit,Bulk Carrier
500033520,MV_STR_CARGO_006,JP,transit,0.9999137399876772,bulk_carrier,0.9999999734153702,0.0,0.0,0.0,0.0,4.929143561306223e-05,0.0,1.8484288354898337e-05,0.9999137399876772,1.8484288354898337e-05,0.002430555555555555,0.0,0.0,0.002430555555555555,Transit,Bulk Carrier
500033520,MV_STR_CARGO_006,JP,transit,0.9999137399876772,bulk_carrier,0.9999999734153702,0.0,0.0,0.0,0.0,4.929143561306223e-05,0.0,1.8484288354898337e-05,0.9999137399876772,1.8484288354898337e-05,0.002430555555555555,0.0,0.0,0.002430555555555555,Transit,Bulk Carrier
500033520,MV_STR_CARGO_006,JP,transit,0.9999137399876772,bulk_carrier,0.9999999734153702,0.0,0.0,0.0,0.0,4.929143561306223e-05,0.0,1.8484288354898337e-05,0.9999137399876772,1.8484288354898337e-05,0.002430555555555555,0.0,0.0,0.002430555555555555,Transit,Bulk Carrier
500033520,MV_STR_CARGO_006,JP,transit,0.9999137399876772,bulk_carrier,0.9999999734191667,0.0,0.0,0.0,0.0,4.929143561306223e-05,0.0,1.8484288354898337e-05,0.9999137399876772,1.8484288354898337e-05,0.002430555555555555,0.0,0.0,0.002430555555555555,Transit,Bulk Carrier
500033520,MV_STR_CARGO_006,JP,transit,0.9999137399876772,bulk_carrier,0.9999999734153702,0.0,0.0,0.0,0.0,4.929143561306223e-05,0.0,1.8484288354898337e-05,0.9999137399876772,1.8484288354898337e-05,0.002430555555555555,0.0,0.0,0.002430555555555555,Transit,Bulk Carrier
500033520,MV_STR_CARGO_006,JP,transit,0.9999137399876772,bulk_carrier,0.9999999734153702,0.0,0.0,0.0,0.0,4.929143561306223e-05,0.0,1.8484288354898337e-05,0.9999137399876772,1.8484288354898337e-05,0.002430555555555555,0.0,0.0,0.002430555555555555,Transit,Bulk Carrier
500033520,MV_STR_CARGO_006,JP,transit,0.9974137399876771,bulk_carrier,0.9999999734153702,0.0,0.0,0.0,0.0,4.929143561306223e-05,0.0,0.002518484288354898,0.9974137399876771,1.8484288354898337e-05,0.002430555555555555,0.0,0.0,0.002430555555555555,Transit,Bulk Carrier
500033520,MV_STR_CARGO_006,JP,transit,0.9999137399876772,bulk_carrier,0.9999999734144915,0.0,0.0,0.0,0.0,4.929143561306223e-05,0.0,1.8484288354898337e-05,0.9999137399876772,1.8484288354898337e-05,0.002430555555555555,0.0,0.0,0.002430555555555555,Transit,Bulk Carrier
500033520,MV_STR_CARGO_006,JP,transit,0.9999137399876772,bulk_carrier,0.9999999734144915,0.0,0.0,0.0,0.0,4.929143561306223e-05,0.0,1.8484288354898337e-05,0.9999137399876772,1.8484288354898337e-05,0.002430555555555555,0.0,0.0,0.002430555555555555,Transit,Bulk Carrier
500033520,MV_STR_CARGO_006,JP,transit,0.9999137399876772,bulk_carrier,0.9999999734153702,0.0,0.0,0.0,0.0,4.929143561306223e-05,0.0,1.8484288354898337e-05,0.9999137399876772,1.8484288354898337e-05,0.002430555555555555,0.0,0.0,0.002430555555555555,Transit,Bulk Carrier
500033520,MV_STR_CARGO_006,JP,transit,0.9999137399876772,bulk_carrier,0.9999999734254796,0.0,0.0,0.0,0.0,4.929143561306223e-05,0.0,1.8484288354898337e-05,0.9999137399876772,1.8484288354898337e-05,0.002430555555555555,0.0,0.0,0.002430555555555555,Transit,Bulk Carrier
500033520,MV_STR_CARGO_006,JP,transit,0.9999137399876772,bulk_carrier,0.9999999734144915,0.0,0.0,0.0,0.0,4.929143561306223e-05,0.0,1.8484288354898337e-05,0.9999137399876772,1.8484288354898337e-05,0.002430555555555555,0.0,0.0,0.002430555555555555,Transit,Bulk Carrier
500033520,MV_STR_CARGO_006,JP,transit,0.9999137399876772,bulk_carrier,0.9999999734153702,0.0,0.0,0.0,0.0,4.929143561306223e-05,0.0,1.8484288354898337e-05,0.9999137399876772,1.8484288354898337e-05,0.002430555555555555,0.0,0.0,0.002430555555555555,Transit,Bulk Carrier
500033520,MV_STR_CARGO_006,JP,transit,0.9999137399876772,bulk_carrier,0.999999973451329,0.0,0.0,0.0,0.0,4.929143561306223e-05,0.0,1.8484288354898337e-05,0.9999137399876772,1.8484288354898337e-05,0.002430555555555555,0.0,0.0,0.002430555555555555,Transit,Bulk Carrier
500033521,MV_STR_CARGO_007,MY,transit,0.9999137399876772,bulk_carrier,0.9999999734391665,0.0,0.0,0.0,0.0,4.929143561306223e-05,0.0,1.8484288354898337e-05,0.9999137399876772,1.8484288354898337e-05,0.002430555555555555,0.0,0.0,0.002430555555555555,Transit,Bulk Carrier
500033521,MV_STR_CARGO_007,MY,transit,0.9999137399876772,bulk_carrier,0.9999999734391665,0.0,0.0,0.0,0.0,4.929143561306223e-05,0.0,1.8484288354898337e-05,0.9999137399876772,1.8484288354898337e-05,0.002430555555555555,0.0,0.0,0.002430555555555555,Transit,Bulk Carrier
500033521,MV_STR_CARGO_007,MY,transit,0.9982470733210105,bulk_carrier,0.9999999734386211,0.0016666666666666668,0.0,0.0,0.0,4.929143561306223e-05,0.0,1.8484288354898337e-05,0.9982470733210105,1.8484288354898337e-05,0.002430555555555555,0.0,0.0,0.002430555555555555,Transit,Bulk Carrier
500033521,MV_STR_CARGO_007,MY,transit,0.9982470733210105,bulk_carrier,0.9999999734386211,0.0016666666666666668,0.0,0.0,0.0,4.929143561306223e-05,0.0,1.8484288354898337e-05,0.9982470733210105,1.8484288354898337e-05,0.002430555555555555,0.0,0.0,0.002430555555555555,Transit,Bulk Carrier
500033521,MV_STR_CARGO_007,MY,transit,0.9999137399876772,bulk_carrier,0.9999999734391665,0.0,0.0,0.0,0.0,4.929143561306223e-05,0.0,1.8484288354898337e-05,0.9999137399876772,1.8484288354898337e-05,0.002430555555555555,0.0,0.0,0.002430555555555555,Transit,Bulk Carrier
500033521,MV_STR_CARGO_007,MY,transit,0.9999137399876772,bulk_carrier,0.9999999734391665,0.0,0.0,0.0,0.0,4.929143561306223e-05,0.0,1.8484288354898337e-05,0.9999137399876772,1.8484288354898337e-05,0.002430555555555555,0.0,0.0,0.002430555555555555,Transit,Bulk Carrier
500033521,MV_STR_CARGO_007,MY,transit,0.9982470733210105,bulk_carrier,0.9999999734387655,0.0016666666666666668,0.0,0.0,0.0,4.929143561306223e-05,0.0,1.8484288354898337e-05,0.9982470733210105,1.8484288354898337e-05,0.002430555555555555,0.0,0.0,0.002430555555555555,Transit,Bulk Carrier
500033521,MV_STR_CARGO_007,MY,transit,0.9999137399876772,bulk_carrier,0.9999999734391665,0.0,0.0,0.0,0.0,4.929143561306223e-05,0.0,1.8484288354898337e-05,0.9999137399876772,1.8484288354898337e-05,0.002430555555555555,0.0,0.0,0.002430555555555555,Transit,Bulk Carrier
500033521,MV_STR_CARGO_007,MY,transit,0.9999137399876772,bulk_carrier,0.9999999734391665,0.0,0.0,0.0,0.0,4.929143561306223e-05,0.0,1.8484288354898337e-05,0.9999137399876772,1.8484288354898337e-05,0.002430555555555555,0.0,0.0,0.002430555555555555,Transit,Bulk Carrier
500033521,MV_STR_CARGO_007,MY,transit,0.9999137399876772,bulk_carrier,0.9999999734391665,0.0,0.0,0.0,0.0,4.929143561306223e-05,0.0,1.8484288354898337e-05,0.9999137399876772,1.8484288354898337e-05,0.002430555555555555,0.0,0.0,0.002430555555555555,Transit,Bulk Carrier
500033521,MV_STR_CARGO_007,MY,transit,0.9999137399876772,bulk_carrier,0.9999999734391665,0.0,0.0,0.0,0.0,4.929143561306223e-05,0.0,1.8484288354898337e-05,0.9999137399876772,1.8484288354898337e-05,0.002430555555555555,0.0,0.0,0.002430555555555555,Transit,Bulk Carrier
500033521,MV_STR_CARGO_007,MY,transit,0.9999137399876772,bulk_carrier,0.9999999734391665,0.0,0.0,0.0,0.0,4.929143561306223e-05,0.0,1.8484288354898337e-05,0.9999137399876772,1.8484288354898337e-05,0.002430555555555555,0.0,0.0,0.002430555555555555,Transit,Bulk Carrier
500033521,MV_STR_CARGO_007,MY,transit,0.9999137399876772,bulk_carrier,0.9999999734391665,0.0,0.0,0.0,0.0,4.929143561306223e-05,0.0,1.8484288354898337e-05,0.9999137399876772,1.8484288354898337e-05,0.002430555555555555,0.0,0.0,0.002430555555555555,Transit,Bulk Carrier
500033521,MV_STR_CARGO_007,MY,transit,0.9999137399876772,bulk_carrier,0.9999999734391665,0.0,0.0,0.0,0.0,4.929143561306223e-05,0.0,1.8484288354898337e-05,0.9999137399876772,1.8484288354898337e-05,0.002430555555555555,0.0,0.0,0.002430555555555555,Transit,Bulk Carrier
500033521,MV_STR_CARGO_007,MY,transit,0.9999137399876772,bulk_carrier,0.9999999734391665,0.0,0.0,0.0,0.0,4.929143561306223e-05,0.0,1.8484288354898337e-05,0.9999137399876772,1.8484288354898337e-05,0.002430555555555555,0.0,0.0,0.002430555555555555,Transit,Bulk Carrier
500033521,MV_STR_CARGO_007,MY,transit,0.9999137399876772,bulk_carrier,0.9999999734391665,0.0,0.0,0.0,0.0,4.929143561306223e-05,0.0,1.8484288354898337e-05,0.9999137399876772,1.8484288354898337e-05,0.002430555555555555,0.0,0.0,0.002430555555555555,Transit,Bulk Carrier
500033521,MV_STR_CARGO_007,MY,transit,0.9999137399876772,bulk_carrier,0.9999999734391665,0.0,0.0,0.0,0.0,4.929143561306223e-05,0.0,1.8484288354898337e-05,0.9999137399876772,1.8484288354898337e-05,0.002430555555555555,0.0,0.0,0.002430555555555555,Transit,Bulk Carrier
500033521,MV_STR_CARGO_007,MY,transit,0.9982470733210105,bulk_carrier,0.9999999734391665,0.0016666666666666668,0.0,0.0,0.0,4.929143561306223e-05,0.0,1.8484288354898337e-05,0.9982470733210105,1.8484288354898337e-05,0.002430555555555555,0.0,0.0,0.002430555555555555,Transit,Bulk Carrier
500033521,MV_STR_CARGO_007,MY,transit,0.9999137399876772,bulk_carrier,0.9999999734391665,0.0,0.0,0.0,0.0,4.929143561306223e-05,0.0,1.8484288354898337e-05,0.9999137399876772,1.8484288354898337e-05,0.002430555555555555,0.0,0.0,0.002430555555555555,Transit,Bulk Carrier
500033521,MV_STR_CARGO_007,MY,transit,0.9999137399876772,bulk_carrier,0.9999999734391665,0.0,0.0,0.0,0.0,4.929143561306223e-05,0.0,1.8484288354898337e-05,0.9999137399876772,1.8484288354898337e-05,0.002430555555555555,0.0,0.0,0.002430555555555555,Transit,Bulk Carrier
500033521,MV_STR_CARGO_007,MY,transit,0.9999137399876772,bulk_carrier,0.9999999734391665,0.0,0.0,0.0,0.0,4.929143561306223e-05,0.0,1.8484288354898337e-05,0.9999137399876772,1.8484288354898337e-05,0.002430555555555555,0.0,0.0,0.002430555555555555,Transit,Bulk Carrier
500033521,MV_STR_CARGO_007,MY,transit,0.9999137399876772,bulk_carrier,0.9999999734391665,0.0,0.0,0.0,0.0,4.929143561306223e-05,0.0,1.8484288354898337e-05,0.9999137399876772,1.8484288354898337e-05,0.002430555555555555,0.0,0.0,0.002430555555555555,Transit,Bulk Carrier
500033521,MV_STR_CARGO_007,MY,transit,0.9999137399876772,bulk_carrier,0.9999999734742575,0.0,0.0,0.0,0.0,4.929143561306223e-05,0.0,1.8484288354898337e-05,0.9999137399876772,1.8484288354898337e-05,0.002430555555555555,0.0,0.0,0.002430555555555555,Transit,Bulk Carrier
500033521,MV_STR_CARGO_007,MY,transit,0.9999137399876772,bulk_carrier,0.9999999714342326,0.0,0.0,0.0,0.0,4.929143561306223e-05,0.0,1.8484288354898337e-05,0.9999137399876772,1.8484288354898337e-05,0.002430555555555555,0.0,0.0,0.002430555555555555,Transit,Bulk Carrier
500033521,MV_STR_CARGO_007,MY,transit,0.9999137399876772,bulk_carrier,0.9999999714342326,0.0,0.0,0.0,0.0,4.929143561306223e-05,0.0,1.8484288354898337e-05,0.9999137399876772,1.8484288354898337e-05,0.002430555555555555,0.0,0.0,0.002430555555555555,Transit,Bulk Carrier
500033521,MV_STR_CARGO_007,MY,transit,0.9999137399876772,bulk_carrier,0.9999999734742575,0.0,0.0,0.0,0.0,4.929143561306223e-05,0.0,1.8484288354898337e-05,0.9999137399876772,1.8484288354898337e-05,0.002430555555555555,0.0,0.0,0.002430555555555555,Transit,Bulk Carrier
500033521,MV_STR_CARGO_007,MY,transit,0.9999137399876772,bulk_carrier,0.9999999734391665,0.0,0.0,0.0,0.0,4.929143561306223e-05,0.0,1.8484288354898337e-05,0.9999137399876772,1.8484288354898337e-05,0.002430555555555555,0.0,0.0,0.002430555555555555,Transit,Bulk Carrier
500033521,MV_STR_CARGO_007,MY,transit,0.9999137399876772,bulk_carrier,0.9999999734413936,0.0,0.0,0.0,0.0,4.929143561306223e-05,0.0,1.8484288354898337e-05,0.9999137399876772,1.8484288354898337e-05,0.002430555555555555,0.0,0.0,0.002430555555555555,Transit,Bulk Carrier
500033521,MV_STR_CARGO_007,MY,transit,0.9999137399876772,bulk_carrier,0.9999999734391665,0.0,0.0,0.0,0.0,4.929143561306223e-05,0.0,1.8484288354898337e-05,0.9999137399876772,1.8484288354898337e-05,0.002430555555555555,0.0,0.0,0.002430555555555555,Transit,Bulk Carrier
500033521,MV_STR_CARGO_007,MY,transit,0.9982470733210105,bulk_carrier,0.9999999734419389,0.0,0.0,0.0,0.0,0.0017159581022797288,0.0,1.8484288354898337e-05,0.9982470733210105,1.8484288354898337e-05,0.002430555555555555,0.0,0.0,0.002430555555555555,Transit,Bulk Carrier
500033521,MV_STR_CARGO_007,MY,transit,0.9988026288765661,bulk_carrier,0.9999999734391665,0.0,0.0,0.0,0.0,4.929143561306223e-05,0.0,0.0011295953994660095,0.9988026288765661,1.8484288354898337e-05,0.002430555555555555,0.0,0.0,0.002430555555555555,Transit,Bulk Carrier
500033521,MV_STR_CARGO_007,MY,transit,0.9863026288765662,bulk_carrier,0.9999999734391665,0.0,0.0,0.0,0.0,0.001993735880057507,0.0,0.011685150955021565,0.9863026288765662,1.8484288354898337e-05,0.002430555555555555,0.0,0.0,0.002430555555555555,Transit,Bulk Carrier
500033521,MV_STR_CARGO_007,MY,transit,0.9999137399876772,bulk_carrier,0.9999999734391665,0.0,0.0,0.0,0.0,4.929143561306223e-05,0.0,1.8484288354898337e-05,0.9999137399876772,1.8484288354898337e-05,0.002430555555555555,0.0,0.0,0.002430555555555555,Transit,Bulk Carrier
500033521,MV_STR_CARGO_007,MY,transit,0.9999137399876772,bulk_carrier,0.9999999734391665,0.0,0.0,0.0,0.0,4.929143561306223e-05,0.0,1.8484288354898337e-05,0.9999137399876772,1.8484288354898337e-05,0.002430555555555555,0.0,0.0,0.002430555555555555,Transit,Bulk Carrier
500033521,MV_STR_CARGO_007,MY,transit,0.9999137399876772,bulk_carrier,0.9999999734391665,0.0,0.0,0.0,0.0,4.929143561306223e-05,0.0,1.8484288354898337e-05,0.9999137399876772,1.8484288354898337e-05,0.002430555555555555,0.0,0.0,0.002430555555555555,Transit,Bulk Carrier
500033521,MV_STR_CARGO_007,MY,transit,0.9999137399876772,bulk_carrier,0.9999999714015629,0.0,0.0,0.0,0.0,4.929143561306223e-05,0.0,1.8484288354898337e-05,0.9999137399876772,1.8484288354898337e-05,0.002430555555555555,0.0,0.0,0.002430555555555555,Transit,Bulk Carrier
500033521,MV_STR_CARGO_007,MY,transit,0.9999137399876772,bulk_carrier,0.9999999714015629,0.0,0.0,0.0,0.0,4.929143561306223e-05,0.0,1.8484288354898337e-05,0.9999137399876772,1.8484288354898337e-05,0.002430555555555555,0.0,0.0,0.002430555555555555,Transit,Bulk Carrier
500033521,MV_STR_CARGO_007,MY,transit,0.9999137399876772,bulk_carrier,0.9999999734391665,0.0,0.0,0.0,0.0,4.929143561306223e-05,0.0,1.8484288354898337e-05,0.9999137399876772,1.8484288354898337e-05,0.002430555555555555,0.0,0.0,0.002430555555555555,Transit,Bulk Carrier
500033521,MV_STR_CARGO_007,MY,transit,0.9999137399876772,bulk_carrier,0.9999999734391665,0.0,0.0,0.0,0.0,4.929143561306223e-05,0.0,1.8484288354898337e-05,0.9999137399876772,1.8484288354898337e-05,0.002430555555555555,0.0,0.0,0.002430555555555555,Transit,Bulk Carrier
500033521,MV_STR_CARGO_007,MY,transit,0.9999137399876772,bulk_carrier,0.9999999734391665,0.0,0.0,0.0,0.0,4.929143561306223e-05,0.0,1.8484288354898337e-05,0.9999137399876772,1.8484288354898337e-05,0.002430555555555555,0.0,0.0,0.002430555555555555,Transit,Bulk Carrier
500033521,MV_STR_CARGO_007,MY,transit,0.9824137399876772,bulk_carrier,0.9999999734391665,0.0,0.0,0.0,0.0,0.001993735880057507,0.0,0.015574039843910455,0.9824137399876772,1.8484288354898337e-05,0.002430555555555555,0.0,0.0,0.002430555555555555,Transit,Bulk Carrier
500033521,MV_STR_CARGO_007,MY,transit,0.9999137399876772,bulk_carrier,0.9999999734391665,0.0,0.0,0.0,0.0,4.929143561306223e-05,0.0,1.8484288354898337e-05,0.9999137399876772,1.8484288354898337e-05,0.002430555555555555,0.0,0.0,0.002430555555555555,Transit,Bulk Carrier
500033521,MV_STR_CARGO_007,MY,transit,0.9999137399876772,bulk_carrier,0.9999999740108709,0.0,0.0,0.0,0.0,4.929143561306223e-05,0.0,1.8484288354898337e-05,0.9999137399876772,1.8484288354898337e-05,0.002430555555555555,0.0,0.0,0.002430555555555555,Transit,Bulk Carrier
500033521,MV_STR_CARGO_007,MY,transit,0.9999137399876772,bulk_carrier,0.9999999734745437,0.0,0.0,0.0,0.0,4.929143561306223e-05,0.0,1.8484288354898337e-05,0.9999137399876772,1.8484288354898337e-05,0.002430555555555555,0.0,0.0,0.002430555555555555,Transit,Bulk Carrier
500033521,MV_STR_CARGO_007,MY,transit,0.9999137399876772,bulk_carrier,0.9999999734391665,0.0,0.0,0.0,0.0,4.929143561306223e-05,0.0,1.8484288354898337e-05,0.9999137399876772,1.8484288354898337e-05,0.002430555555555555,0.0,0.0,0.002430555555555555,Transit,Bulk Carrier
500033521,MV_STR_CARGO_007,MY,transit,0.9999137399876772,bulk_carrier,0.9999999734391665,0.0,0.0,0.0,0.0,4.929143561306223e-05,0.0,1.8484288354898337e-05,0.9999137399876772,1.8484288354898337e-05,0.002430555555555555,0.0,0.0,0.002430555555555555,Transit,Bulk Carrier
500033521,MV_STR_CARGO_007,MY,transit,0.9999137399876772,bulk_carrier,0.9999999734391665,0.0,0.0,0.0,0.0,4.929143561306223e-05,0.0,1.8484288354898337e-05,0.9999137399876772,1.8484288354898337e-05,0.002430555555555555,0.0,0.0,0.002430555555555555,Transit,Bulk Carrier
500033521,MV_STR_CARGO_007,MY,transit,0.9999137399876772,bulk_carrier,0.9999999734391665,0.0,0.0,0.0,0.0,4.929143561306223e-05,0.0,1.8484288354898337e-05,0.9999137399876772,1.8484288354898337e-05,0.002430555555555555,0.0,0.0,0.002430555555555555,Transit,Bulk Carrier
500033521,MV_STR_CARGO_007,MY,transit,0.9999137399876772,bulk_carrier,0.9999999734391665,0.0,0.0,0.0,0.0,4.929143561306223e-05,0.0,1.8484288354898337e-05,0.9999137399876772,1.8484288354898337e-05,0.002430555555555555,0.0,0.0,0.002430555555555555,Transit,Bulk Carrier
500033521,MV_STR_CARGO_007,MY,transit,0.9999137399876772,bulk_carrier,0.9999999734391665,0.0,0.0,0.0,0.0,4.929143561306223e-05,0.0,1.8484288354898337e-05,0.9999137399876772,1.8484288354898337e-05,0.002430555555555555,0.0,0.0,0.002430555555555555,Transit,Bulk Carrier
500033521,MV_STR_CARGO_007,MY,transit,0.9982470733210105,bulk_carrier,0.9999999734391665,0.0,0.0,0.0,0.0,4.929143561306223e-05,0.0,0.001685150955021565,0.9982470733210105,1.8484288354898337e-05,0.002430555555555555,0.0,0.0,0.002430555555555555,Transit,Bulk Carrier
500033521,MV_STR_CARGO_007,MY,transit,0.9999137399876772,bulk_carrier,0.9999999734391665,0.0,0.0,0.0,0.0,4.929143561306223e-05,0.0,1.8484288354898337e-05,0.9999137399876772,1.8484288354898337e-05,0.002430555555555555,0.0,0.0,0.002430555555555555,Transit,Bulk Carrier
500033521,MV_STR_CARGO_007,MY,transit,0.9999137399876772,bulk_carrier,0.9999999734391665,0.0,0.0,0.0,0.0,4.929143561306223e-05,0.0,1.8484288354898337e-05,0.9999137399876772,1.8484288354898337e-05,0.002430555555555555,0.0,0.0,0.002430555555555555,Transit,Bulk Carrier
500033521,MV_STR_CARGO_007,MY,transit,0.9999137399876772,bulk_carrier,0.9999999734391665,0.0,0.0,0.0,0.0,4.929143561306223e-05,0.0,1.8484288354898337e-05,0.9999137399876772,1.8484288354898337e-05,0.002430555555555555,0.0,0.0,0.002430555555555555,Transit,Bulk Carrier
500033521,MV_STR_CARGO_007,MY,transit,0.9999137399876772,bulk_carrier,0.9999999734391665,0.0,0.0,0.0,0.0,4.929143561306223e-05,0.0,1.8484288354898337e-05,0.9999137399876772,1.8484288354898337e-05,0.002430555555555555,0.0,0.0,0.002430555555555555,Transit,Bulk Carrier
500033521,MV_STR_CARGO_007,MY,transit,0.9999137399876772,bulk_carrier,0.9999999734391665,0.0,0.0,0.0,0.0,4.929143561306223e-05,0.0,1.8484288354898337e-05,0.9999137399876772,1.8484288354898337e-05,0.002430555555555555,0.0,0.0,0.002430555555555555,Transit,Bulk Carrier
500033522,MV_STR_CARGO_008,KR,transit,0.9999137399876772,tanker,0.9999999845231933,0.0,0.0,0.0,0.0,4.929143561306223e-05,0.0,1.8484288354898337e-05,0.9999137399876772,1.8484288354898337e-05,0.002430555555555555,0.0,0.0198340245359083,0.0198340245359083,Transit,Tanker
500033522,MV_STR_CARGO_008,KR,transit,0.9999137399876772,tanker,0.9999999845231933,0.0,0.0,0.0,0.0,4.929143561306223e-05,0.0,1.8484288354898337e-05,0.9999137399876772,1.8484288354898337e-05,0.002430555555555555,0.0,0.01704392690428901,0.01704392690428901,Transit,Tanker
500033522,MV_STR_CARGO_008,KR,transit,0.9999137399876772,tanker,0.9999999845231933,0.0,0.0,0.0,0.0,4.929143561306223e-05,0.0,1.8484288354898337e-05,0.9999137399876772,1.8484288354898337e-05,0.002430555555555555,0.0,0.013597044205105383,0.013597044205105383,Transit,Tanker
500033522,MV_STR_CARGO_008,KR,transit,0.9999137399876772,tanker,0.9999999845231933,0.0,0.0,0.0,0.0,4.929143561306223e-05,0.0,1.8484288354898337e-05,0.9999137399876772,1.8484288354898337e-05,0.002430555555555555,0.0,0.010360875226988525,0.010360875226988525,Transit,Tanker
500033522,MV_STR_CARGO_008,KR,transit,0.9999137399876772,tanker,0.9999999845231933,0.0,0.0,0.0,0.0,4.929143561306223e-05,0.0,1.8484288354898337e-05,0.9999137399876772,1.8484288354898337e-05,0.002430555555555555,0.0,0.008096723002757444,0.008096723002757444,Transit,Tanker
500033522,MV_STR_CARGO_008,KR,transit,0.9999137399876772,tanker,0.9999999845231933,0.0,0.0,0.0,0.0,4.929143561306223e-05,0.0,1.8484288354898337e-05,0.9999137399876772,1.8484288354898337e-05,0.002430555555555555,0.0,0.006323279168107782,0.006323279168107782,Transit,Tanker
500033522,MV_STR_CARGO_008,KR,transit,0.9999137399876772,tanker,0.9999999845231933,0.0,0.0,0.0,0.0,4.929143561306223e-05,0.0,1.8484288354898337e-05,0.9999137399876772,1.8484288354898337e-05,0.002430555555555555,0.0,0.004624917129252431,0.004624917129252431,Transit,Tanker
500033522,MV_STR_CARGO_008,KR,transit,0.9999137399876772,tanker,0.9999999848753209,0.0,0.0,0.0,0.0,4.929143561306223e-05,0.0,1.8484288354898337e-05,0.9999137399876772,1.8484288354898337e-05,0.002430555555555555,0.0,0.0030391541275801544,0.0030391541275801544,Transit,Tanker
500033522,MV_STR_CARGO_008,KR,transit,0.9999137399876772,tanker,0.9999999848753209,0.0,0.0,0.0,0.0,4.929143561306223e-05,0.0,1.8484288354898337e-05,0.9999137399876772,1.8484288354898337e-05,0.002430555555555555,0.0,0.0016999502477507492,0.002430555555555555,Transit,Tanker
500033522,MV_STR_CARGO_008,KR,transit,0.9999137399876772,tanker,0.9999999848786532,0.0,0.0,0.0,0.0,4.929143561306223e-05,0.0,1.8484288354898337e-05,0.9999137399876772,1.8484288354898337e-05,0.002430555555555555,0.0,0.0002124730554350194,0.002430555555555555,Transit,Tanker
500033522,MV_STR_CARGO_008,KR,transit,0.9999137399876772,tanker,0.9999999845608363,0.0,0.0,0.0,0.0,4.929143561306223e-05,0.0,1.8484288354898337e-05,0.9999137399876772,1.8484288354898337e-05,0.002430555555555555,0.0,0.0,0.002430555555555555,Transit,Tanker
500033522,MV_STR_CARGO_008,KR,transit,0.9999137399876772,tanker,0.9999999845231933,0.0,0.0,0.0,0.0,4.929143561306223e-05,0.0,1.8484288354898337e-05,0.9999137399876772,1.8484288354898337e-05,0.002430555555555555,0.0,0.0,0.002430555555555555,Transit,Tanker
500033522,MV_STR_CARGO_008,KR,transit,0.9999137399876772,tanker,0.9999999845231933,0.0,0.0,0.0,0.0,4.929143561306223e-05,0.0,1.8484288354898337e-05,0.9999137399876772,1.8484288354898337e-05,0.002430555555555555,0.0,0.0,0.002430555555555555,Transit,Tanker
500033522,MV_STR_CARGO_008,KR,transit,0.9999137399876772,tanker,0.9999999845231933,0.0,0.0,0.0,0.0,4.929143561306223e-05,0.0,1.8484288354898337e-05,0.9999137399876772,1.8484288354898337e-05,0.002430555555555555,0.0,0.0,0.002430555555555555,Transit,Tanker
500033522,MV_STR_CARGO_008,KR,transit,0.9999137399876772,tanker,0.9999999845231933,0.0,0.0,0.0,0.0,4.929143561306223e-05,0.0,1.8484288354898337e-05,0.9999137399876772,1.8484288354898337e-05,0.002430555555555555,0.0,0.0,0.002430555555555555,Transit,Tanker
500033522,MV_STR_CARGO_008,KR,transit,0.9999137399876772,tanker,0.9999999845231933,0.0,0.0,0.0,0.0,4.929143561306223e-05,0.0,1.8484288354898337e-05,0.9999137399876772,1.8484288354898337e-05,0.002430555555555555,0.0,0.0,0.002430555555555555,Transit,Tanker
500033522,MV_STR_CARGO_008,KR,transit,0.9999137399876772,tanker,0.9999999845231933,0.0,0.0,0.0,0.0,4.929143561306223e-05,0.0,1.8484288354898337e-05,0.9999137399876772,1.8484288354898337e-05,0.002430555555555555,0.0,0.002196492917937519,0.002430555555555555,Transit,Tanker
500033522,MV_STR_CARGO_008,KR,transit,0.9999137399876772,tanker,0.9999999845231933,0.0,0.0,0.0,0.0,4.929143561306223e-05,0.0,1.8484288354898337e-05,0.9999137399876772,1.8484288354898337e-05,0.002430555555555555,0.0,0.004863809462828422,0.004863809462828422,Transit,Tanker
500033522,MV_STR_CARGO_008,KR,transit,0.997691517765455,tanker,0.9999999845231933,0.0022222222222222222,0.0,0.0,0.0,4.929143561306223e-05,0.0,1.8484288354898337e-05,0.997691517765455,1.8484288354898337e-05,0.002430555555555555,0.0,0.007826844673252814,0.007826844673252814,Transit,Tanker
500033522,MV_STR_CARGO_008,KR,transit,0.9999137399876772,tanker,0.9999999845231933,0.0,0.0,0.0,0.0,4.929143561306223e-05,0.0,1.8484288354898337e-05,0.9999137399876772,1.8484288354898337e-05,0.002430555555555555,0.0,0.011479983310230943,0.011479983310230943,Transit,Tanker
500033522,MV_STR_CARGO_008,KR,transit,0.9999137399876772,tanker,0.9999999845231933,0.0,0.0,0.0,0.0,4.929143561306223e-05,0.0,1.8484288354898337e-05,0.9999137399876772,1.8484288354898337e-05,0.002430555555555555,0.0,0.015613564414935128,0.015613564414935128,Transit,Tanker
500033522,MV_STR_CARGO_008,KR,transit,0.9999137399876772,tanker,0.9999999845231933,0.0,0.0,0.0,0.0,4.929143561306223e-05,0.0,1.8484288354898337e-05,0.9999137399876772,1.8484288354898337e-05,0.002430555555555555,0.0,0.019702982323207437,0.019702982323207437,Transit,Tanker
500033522,MV_STR_CARGO_008,KR,transit,0.9999137399876772,tanker,0.9999999845231933,0.0,0.0,0.0,0.0,4.929143561306223e-05,0.0,1.8484288354898337e-05,0.9999137399876772,1.8484288354898337e-05,0.002430555555555555,0.0,0.02385726140270701,0.02385726140270701,Transit,Tanker
500033522,MV_STR_CARGO_008,KR,transit,0.9999137399876772,tanker,0.9999999845231933,0.0,0.0,0.0,0.0,4.929143561306223e-05,0.0,1.8484288354898337e-05,0.9999137399876772,1.8484288354898337e-05,0.002430555555555555,0.0,0.028173907060602035,0.028173907060602035,Transit,Tanker
500033522,MV_STR_CARGO_008,KR,transit,0.9999137399876772,tanker,0.999999984875019,0.0,0.0,0.0,0.0,4.929143561306223e-05,0.0,1.8484288354898337e-05,0.9999137399876772,1.8484288354898337e-05,0.002430555555555555,0.0,0.03281657575482974,0.03281657575482974,Transit,Tanker
500033522,MV_STR_CARGO_008,KR,transit,0.9935804066543438,tanker,0.999999984875019,0.0,0.0,0.0,0.0,0.0033826247689463956,0.0016666666666666668,1.8484288354898337e-05,0.9935804066543438,0.0013518176216882319,0.002430555555555555,0.0,0.03771409337996115,0.03771409337996115,Transit,Tanker
500033522,MV_STR_CARGO_008,KR,transit,0.9921359622098994,tanker,0.9999999848753209,0.0,0.0,0.0,0.0,0.00782706921339084,0.0,1.8484288354898337e-05,0.9921359622098994,1.8484288354898337e-05,0.002430555555555555,0.0,0.04286305096209161,0.04286305096209161,Transit,Tanker
500033522,MV_STR_CARGO_008,KR,transit,0.9999137399876772,tanker,0.9999999845608363,0.0,0.0,0.0,0.0,4.929143561306223e-05,0.0,1.8484288354898337e-05,0.9999137399876772,1.8484288354898337e-05,0.002430555555555555,0.0,0.04817779968492736,0.04817779968492736,Transit,Tanker
500033522,MV_STR_CARGO_008,KR,transit,0.9999137399876772,tanker,0.9999999845231933,0.0,0.0,0.0,0.0,4.929143561306223e-05,0.0,1.8484288354898337e-05,0.9999137399876772,1.8484288354898337e-05,0.002430555555555555,0.0,0.05345134237720764,0.05345134237720764,Transit,Tanker
500033522,MV_STR_CARGO_008,KR,transit,0.9999137399876772,tanker,0.9999999845231933,0.0,0.0,0.0,0.0,4.929143561306223e-05,0.0,1.8484288354898337e-05,0.9999137399876772,1.8484288354898337e-05,0.002430555555555555,0.0,0.058869702414523745,0.058869702414523745,Transit,Tanker
500033522,MV_STR_CARGO_008,KR,transit,0.9999137399876772,tanker,0.9999999845231933,0.0,0.0,0.0,0.0,4.929143561306223e-05,0.0,1.8484288354898337e-05,0.9999137399876772,1.8484288354898337e-05,0.002430555555555555,0.0,0.0641187529555226,0.0641187529555226,Transit,Tanker
500033522,MV_STR_CARGO_008,KR,transit,0.9999137399876772,tanker,0.9999999845231933,0.0,0.0,0.0,0.0,4.929143561306223e-05,0.0,1.8484288354898337e-05,0.9999137399876772,1.8484288354898337e-05,0.002430555555555555,0.0,0.0688364808138257,0.0688364808138257,Transit,Tanker
500033522,MV_STR_CARGO_008,KR,transit,0.997691517765455,tanker,0.9999999845231933,0.0,0.0,0.0,0.0,4.929143561306223e-05,0.0,0.0022407065105771204,0.997691517765455,1.8484288354898337e-05,0.002430555555555555,0.0,0.07321635757519239,0.07321635757519239,Transit,Tanker
500033522,MV_STR_CARGO_008,KR,transit,0.9999137399876772,tanker,0.9999999845605343,0.0,0.0,0.0,0.0,4.929143561306223e-05,0.0,1.8484288354898337e-05,0.9999137399876772,1.8484288354898337e-05,0.002430555555555555,0.0,0.07787013021646493,0.07787013021646493,Transit,Tanker
500033522,MV_STR_CARGO_008,KR,transit,0.9999137399876772,tanker,0.9999999845605343,0.0,0.0,0.0,0.0,4.929143561306223e-05,0.0,1.8484288354898337e-05,0.9999137399876772,1.8484288354898337e-05,0.002430555555555555,0.0,0.08278425361243769,0.08278425361243769,Transit,Tanker
500033522,MV_STR_CARGO_008,KR,transit,0.9999137399876772,tanker,0.9999999845231933,0.0,0.0,0.0,0.0,4.929143561306223e-05,0.0,1.8484288354898337e-05,0.9999137399876772,1.8484288354898337e-05,0.002430555555555555,0.0,0.08712775105871697,0.08712775105871697,Transit,Tanker
500033522,MV_STR_CARGO_008,KR,transit,0.9999137399876772,tanker,0.9999999845231933,0.0,0.0,0.0,0.0,4.929143561306223e-05,0.0,1.8484288354898337e-05,0.9999137399876772,1.8484288354898337e-05,0.002430555555555555,0.0,0.09098556736602194,0.09098556736602194,Transit,Tanker
500033522,MV_STR_CARGO_008,KR,transit,0.9999137399876772,tanker,0.9999999844462013,0.0,0.0,0.0,0.0,4.929143561306223e-05,0.0,1.8484288354898337e-05,0.9999137399876772,1.8484288354898337e-05,0.002430555555555555,0.0,0.09512715989488871,0.09512715989488871,Transit,Tanker
500033522,MV_STR_CARGO_008,KR,transit,0.9999137399876772,tanker,0.9999999844462013,0.0,0.0,0.0,0.0,4.929143561306223e-05,0.0,1.8484288354898337e-05,0.9999137399876772,1.8484288354898337e-05,0.002430555555555555,0.0,0.09955039955276664,0.09955039955276664,Transit,Tanker
500033522,MV_STR_CARGO_008,KR,transit,0.9999137399876772,tanker,0.9999999845605343,0.0,0.0,0.0,0.0,4.929143561306223e-05,0.0,1.8484288354898337e-05,0.9999137399876772,1.8484288354898337e-05,0.002430555555555555,0.0,0.1039029770512424,0.1039029770512424,Transit,Tanker
500033522,MV_STR_CARGO_008,KR,transit,0.9999137399876772,tanker,0.9999999845231933,0.0,0.0,0.0,0.0,4.929143561306223e-05,0.0,1.8484288354898337e-05,0.9999137399876772,1.8484288354898337e-05,0.002430555555555555,0.0,0.10846941961514876,0.10846941961514876,Transit,Tanker
500033522,MV_STR_CARGO_008,KR,transit,0.9972470733210105,tanker,0.9999999845231933,0.0,0.0,0.0,0.0,4.929143561306223e-05,0.0,0.002685150955021565,0.9972470733210105,1.8484288354898337e-05,0.002430555555555555,0.0,0.11342384924610141,0.11342384924610141,Transit,Tanker
500033522,MV_STR_CARGO_008,KR,transit,0.9999137399876772,tanker,0.9999999845605343,0.0,0.0,0.0,0.0,4.929143561306223e-05,0.0,1.8484288354898337e-05,0.9999137399876772,1.8484288354898337e-05,0.002430555555555555,0.0,0.11869800708521341,0.11869800708521341,Transit,Tanker
500033522,MV_STR_CARGO_008,KR,transit,0.9999137399876772,tanker,0.9999999845605343,0.0,0.0,0.0,0.0,4.929143561306223e-05,0.0,1.8484288354898337e-05,0.9999137399876772,1.8484288354898337e-05,0.002430555555555555,0.0,0.1241711634938906,0.1241711634938906,Transit,Tanker
500033522,MV_STR_CARGO_008,KR,transit,0.9999137399876772,tanker,0.9999999845231933,0.0,0.0,0.0,0.0,4.929143561306223e-05,0.0,1.8484288354898337e-05,0.9999137399876772,1.8484288354898337e-05,0.002430555555555555,0.0,0.12960370541164787,0.12960370541164787,Transit,Tanker
500033522,MV_STR_CARGO_008,KR,transit,0.9999137399876772,tanker,0.9999999845231933,0.0,0.0,0.0,0.0,4.929143561306223e-05,0.0,1.8484288354898337e-05,0.9999137399876772,1.8484288354898337e-05,0.002430555555555555,0.0,0.13502770308304865,0.13502770308304865,Transit,Tanker
500033522,MV_STR_CARGO_008,KR,transit,0.9999137399876772,tanker,0.9999999845605343,0.0,0.0,0.0,0.0,4.929143561306223e-05,0.0,1.8484288354898337e-05,0.9999137399876772,1.8484288354898337e-05,0.002430555555555555,0.0,0.14029875266248615,0.14029875266248615,Transit,Tanker
500033522,MV_STR_CARGO_008,KR,transit,0.9999137399876772,tanker,0.9999999845605343,0.0,0.0,0.0,0.0,4.929143561306223e-05,0.0,1.8484288354898337e-05,0.9999137399876772,1.8484288354898337e-05,0.002430555555555555,0.0,0.1455294578145073,0.1455294578145073,Transit,Tanker
500033522,MV_STR_CARGO_008,KR,transit,0.9999137399876772,tanker,0.9999999845231933,0.0,0.0,0.0,0.0,4.929143561306223e-05,0.0,1.8484288354898337e-05,0.9999137399876772,1.8484288354898337e-05,0.002430555555555555,0.0,0.1505145850739319,0.1505145850739319,Transit,Tanker
500033522,MV_STR_CARGO_008,KR,transit,0.9999137399876772,tanker,0.9999999845231933,0.0,0.0,0.0,0.0,4.929143561306223e-05,0.0,1.8484288354898337e-05,0.9999137399876772,1.8484288354898337e-05,0.002430555555555555,0.0,0.15478251759259032,0.15478251759259032,Transit,Tanker
500033522,MV_STR_CARGO_008,KR,transit,0.9999137399876772,tanker,0.9999999845231933,0.0,0.0,0.0,0.0,4.929143561306223e-05,0.0,1.8484288354898337e-05,0.9999137399876772,1.8484288354898337e-05,0.002430555555555555,0.0,0.15889135812699973,0.15889135812699973,Transit,Tanker
500033522,MV_STR_CARGO_008,KR,transit,0.9999137399876772,tanker,0.9999999845231933,0.0,0.0,0.0,0.0,4.929143561306223e-05,0.0,1.8484288354898337e-05,0.9999137399876772,1.8484288354898337e-05,0.002430555555555555,0.0,0.16342088199183716,0.16342088199183716,Transit,Tanker
500033522,MV_STR_CARGO_008,KR,transit,0.9999137399876772,tanker,0.9999999845231933,0.0,0.0,0.0,0.0,4.929143561306223e-05,0.0,1.8484288354898337e-05,0.9999137399876772,1.8484288354898337e-05,0.002430555555555555,0.0,0.16825434157559951,0.16825434157559951,Transit,Tanker
500033522,MV_STR_CARGO_008,KR,transit,0.9999137399876772,tanker,0.9999999845231933,0.0,0.0,0.0,0.0,4.929143561306223e-05,0.0,1.8484288354898337e-05,0.9999137399876772,1.8484288354898337e-05,0.002430555555555555,0.0,0.17319715033238556,0.17319715033238556,Transit,Tanker
500033522,MV_STR_CARGO_008,KR,transit,0.9999137399876772,tanker,0.9999999845231933,0.0,0.0,0.0,0.0,4.929143561306223e-05,0.0,1.8484288354898337e-05,0.9999137399876772,1.8484288354898337e-05,0.002430555555555555,0.0,0.17802468898370674,0.17802468898370674,Transit,Tanker
500033522,MV_STR_CARGO_008,KR,transit,0.9999137399876772,tanker,0.9999999845231933,0.0,0.0,0.0,0.0,4.929143561306223e-05,0.0,1.8484288354898337e-05,0.9999137399876772,1.8484288354898337e-05,0.002430555555555555,0.0,0.182416378985497,0.182416378985497,Transit,Tanker
500033523,MV_STR_CARGO_009,PH,transit,0.9999137399876772,cargo,0.9999999889910584,0.0,0.0,0.0,0.0,4.929143561306223e-05,0.0,1.8484288354898337e-05,0.9999137399876772,1.8484288354898337e-05,0.002430555555555555,0.0,0.0,0.002430555555555555,Transit,Cargo
500033523,MV_STR_CARGO_009,PH,transit,0.9999137399876772,cargo,0.999999988905575,0.0,0.0,0.0,0.0,4.929143561306223e-05,0.0,1.8484288354898337e-05,0.9999137399876772,1.8484288354898337e-05,0.002430555555555555,0.0,0.0,0.002430555555555555,Transit,Cargo
500033523,MV_STR_CARGO_009,PH,transit,0.9999137399876772,cargo,0.999999988905575,0.0,0.0,0.0,0.0,4.929143561306223e-05,0.0,1.8484288354898337e-05,0.9999137399876772,1.8484288354898337e-05,0.002430555555555555,0.0,0.0,0.002430555555555555,Transit,Cargo
500033523,MV_STR_CARGO_009,PH,transit,0.9999137399876772,cargo,0.999999988905575,0.0,0.0,0.0,0.0,4.929143561306223e-05,0.0,1.8484288354898337e-05,0.9999137399876772,1.8484288354898337e-05,0.002430555555555555,0.0,0.0,0.002430555555555555,Transit,Cargo
500033523,MV_STR_CARGO_009,PH,transit,0.9999137399876772,cargo,0.999999988905575,0.0,0.0,0.0,0.0,4.929143561306223e-05,0.0,1.8484288354898337e-05,0.9999137399876772,1.8484288354898337e-05,0.002430555555555555,0.0,0.0,0.002430555555555555,Transit,Cargo
500033523,MV_STR_CARGO_009,PH,transit,0.9999137399876772,cargo,0.999999988905575,0.0,0.0,0.0,0.0,4.929143561306223e-05,0.0,1.8484288354898337e-05,0.9999137399876772,1.8484288354898337e-05,0.002430555555555555,0.0,0.0,0.002430555555555555,Transit,Cargo
500033523,MV_STR_CARGO_009,PH,transit,0.9999137399876772,cargo,0.999999988905575,0.0,0.0,0.0,0.0,4.929143561306223e-05,0.0,1.8484288354898337e-05,0.9999137399876772,1.8484288354898337e-05,0.002430555555555555,0.0,0.0,0.002430555555555555,Transit,Cargo
500033523,MV_STR_CARGO_009,PH,transit,0.9999137399876772,cargo,0.9999999889070083,0.0,0.0,0.0,0.0,4.929143561306223e-05,0.0,1.8484288354898337e-05,0.9999137399876772,1.8484288354898337e-05,0.002430555555555555,0.0,0.0,0.002430555555555555,Transit,Cargo
500033523,MV_STR_CARGO_009,PH,transit,0.9999137399876772,cargo,0.999999988905575,0.0,0.0,0.0,0.0,4.929143561306223e-05,0.0,1.8484288354898337e-05,0.9999137399876772,1.8484288354898337e-05,0.002430555555555555,0.0,0.0,0.002430555555555555,Transit,Cargo
500033523,MV_STR_CARGO_009,PH,transit,0.9999137399876772,cargo,0.999999988905575,0.0,0.0,0.0,0.0,4.929143561306223e-05,0.0,1.8484288354898337e-05,0.9999137399876772,1.8484288354898337e-05,0.002430555555555555,0.0,0.0,0.002430555555555555,Transit,Cargo
500033523,MV_STR_CARGO_009,PH,transit,0.9999137399876772,cargo,0.9999999889924523,0.0,0.0,0.0,0.0,4.929143561306223e-05,0.0,1.8484288354898337e-05,0.9999137399876772,1.8484288354898337e-05,0.002430555555555555,0.0,0.0,0.002430555555555555,Transit,Cargo
500033523,MV_STR_CARGO_009,PH,transit,0.9971359622098994,cargo,0.9999999889070083,0.0,0.0,0.0,0.0027777777777777775,4.929143561306223e-05,0.0,1.8484288354898337e-05,0.9971359622098994,1.8484288354898337e-05,0.002430555555555555,0.0,0.0,0.002430555555555555,Transit,Cargo
500033523,MV_STR_CARGO_009,PH,transit,0.9999137399876772,cargo,0.9999999889070083,0.0,0.0,0.0,0.0,4.929143561306223e-05,0.0,1.8484288354898337e-05,0.9999137399876772,1.8484288354898337e-05,0.002430555555555555,0.0,0.0,0.002430555555555555,Transit,Cargo
500033523,MV_STR_CARGO_009,PH,transit,0.9999137399876772,cargo,0.999999988905575,0.0,0.0,0.0,0.0,4.929143561306223e-05,0.0,1.8484288354898337e-05,0.9999137399876772,1.8484288354898337e-05,0.002430555555555555,0.0,0.0,0.002430555555555555,Transit,Cargo
500033523,MV_STR_CARGO_009,PH,transit,0.9999137399876772,cargo,0.999999988905575,0.0,0.0,0.0,0.0,4.929143561306223e-05,0.0,1.8484288354898337e-05,0.9999137399876772,1.8484288354898337e-05,0.002430555555555555,0.0,0.0,0.002430555555555555,Transit,Cargo
500033523,MV_STR_CARGO_009,PH,transit,0.9999137399876772,cargo,0.999999988905575,0.0,0.0,0.0,0.0,4.929143561306223e-05,0.0,1.8484288354898337e-05,0.9999137399876772,1.8484288354898337e-05,0.002430555555555555,0.0,0.0,0.002430555555555555,Transit,Cargo
500033523,MV_STR_CARGO_009,PH,transit,0.9999137399876772,cargo,0.9999999889910584,0.0,0.0,0.0,0.0,4.929143561306223e-05,0.0,1.8484288354898337e-05,0.9999137399876772,1.8484288354898337e-05,0.002430555555555555,0.0,0.0,0.002430555555555555,Transit,Cargo
500033523,MV_STR_CARGO_009,PH,transit,0.9999137399876772,cargo,0.9999999889070083,0.0,0.0,0.0,0.0,4.929143561306223e-05,0.0,1.8484288354898337e-05,0.9999137399876772,1.8484288354898337e-05,0.002430555555555555,0.0,0.0,0.002430555555555555,Transit,Cargo
500033523,MV_STR_CARGO_009,PH,transit,0.9999137399876772,cargo,0.9999999889910584,0.0,0.0,0.0,0.0,4.929143561306223e-05,0.0,1.8484288354898337e-05,0.9999137399876772,1.8484288354898337e-05,0.002430555555555555,0.0,0.0,0.002430555555555555,Transit,Cargo
500033523,MV_STR_CARGO_009,PH,transit,0.9999137399876772,cargo,0.999999988905575,0.0,0.0,0.0,0.0,4.929143561306223e-05,0.0,1.8484288354898337e-05,0.9999137399876772,1.8484288354898337e-05,0.002430555555555555,0.0,0.0,0.002430555555555555,Transit,Cargo
500033523,MV_STR_CARGO_009,PH,transit,1.0,cargo,0.999999988905575,0.0,0.0,0.0,0.0,0.0,0.0,0.0,1.0,0.0,0.002430555555555555,0.0,0.0,0.002430555555555555,Transit,Cargo
500033523,MV_STR_CARGO_009,PH,transit,0.995,cargo,0.9999999889910584,0.0,0.0,0.0,0.0,0.0,0.0,0.005,0.995,0.0,0.002430555555555555,0.0,0.0,0.002430555555555555,Transit,Cargo
500033523,MV_STR_CARGO_009,PH,transit,0.9855555555555554,cargo,0.999999988905575,0.008888888888888889,0.0016666666666666668,0.0,0.0,0.0,0.0,0.0038888888888888883,0.9855555555555554,0.0,0.002430555555555555,0.0,0.0,0.002430555555555555,Transit,Cargo
500033523,MV_STR_CARGO_009,PH,transit,0.9975,cargo,0.999999988905575,0.0,0.0,0.0,0.0,0.0,0.0,0.0025,0.9975,0.0,0.002430555555555555,0.0,0.0,0.002430555555555555,Transit,Cargo
500033523,MV_STR_CARGO_009,PH,transit,0.9974137399876771,cargo,0.999999988905575,0.0,0.0,0.0,0.0,4.929143561306223e-05,0.0,0.002518484288354898,0.9974137399876771,1.8484288354898337e-05,0.002430555555555555,0.0,0.0,0.002430555555555555,Transit,Cargo
500033523,MV_STR_CARGO_009,PH,transit,0.9999137399876772,cargo,0.999999988905575,0.0,0.0,0.0,0.0,4.929143561306223e-05,0.0,1.8484288354898337e-05,0.9999137399876772,1.8484288354898337e-05,0.002430555555555555,0.0,0.0,0.002430555555555555,Transit,Cargo
500033523,MV_STR_CARGO_009,PH,transit,0.9999137399876772,cargo,0.999999988905575,0.0,0.0,0.0,0.0,4.929143561306223e-05,0.0,1.8484288354898337e-05,0.9999137399876772,1.8484288354898337e-05,0.002430555555555555,0.0,0.0,0.002430555555555555,Transit,Cargo
500033523,MV_STR_CARGO_009,PH,transit,0.9999137399876772,cargo,0.999999988905575,0.0,0.0,0.0,0.0,4.929143561306223e-05,0.0,1.8484288354898337e-05,0.9999137399876772,1.8484288354898337e-05,0.002430555555555555,0.0,0.0,0.002430555555555555,Transit,Cargo
500033523,MV_STR_CARGO_009,PH,transit,0.9999137399876772,cargo,0.999999988905575,0.0,0.0,0.0,0.0,4.929143561306223e-05,0.0,1.8484288354898337e-05,0.9999137399876772,1.8484288354898337e-05,0.002430555555555555,0.0,0.0,0.002430555555555555,Transit,Cargo
500033523,MV_STR_CARGO_009,PH,transit,0.9999137399876772,cargo,0.999999988905575,0.0,0.0,0.0,0.0,4.929143561306223e-05,0.0,1.8484288354898337e-05,0.9999137399876772,1.8484288354898337e-05,0.002430555555555555,0.0,0.0,0.002430555555555555,Transit,Cargo
500033523,MV_STR_CARGO_009,PH,transit,0.9999137399876772,cargo,0.999999988905575,0.0,0.0,0.0,0.0,4.929143561306223e-05,0.0,1.8484288354898337e-05,0.9999137399876772,1.8484288354898337e-05,0.002430555555555555,0.0,0.0,0.002430555555555555,Transit,Cargo
500033523,MV_STR_CARGO_009,PH,transit,0.9999137399876772,cargo,0.999999988905575,0.0,0.0,0.0,0.0,4.929143561306223e-05,0.0,1.8484288354898337e-05,0.9999137399876772,1.8484288354898337e-05,0.002430555555555555,0.0,0.0,0.002430555555555555,Transit,Cargo
500033523,MV_STR_CARGO_009,PH,transit,0.9999137399876772,cargo,0.999999988905575,0.0,0.0,0.0,0.0,4.929143561306223e-05,0.0,1.8484288354898337e-05,0.9999137399876772,1.8484288354898337e-05,0.002430555555555555,0.0,0.0,0.002430555555555555,Transit,Cargo
500033523,MV_STR_CARGO_009,PH,transit,0.9999137399876772,cargo,0.999999988905575,0.0,0.0,0.0,0.0,4.929143561306223e-05,0.0,1.8484288354898337e-05,0.9999137399876772,1.8484288354898337e-05,0.002430555555555555,0.0,0.0,0.002430555555555555,Transit,Cargo
500033523,MV_STR_CARGO_009,PH,transit,0.9999137399876772,cargo,0.999999988905575,0.0,0.0,0.0,0.0,4.929143561306223e-05,0.0,1.8484288354898337e-05,0.9999137399876772,1.8484288354898337e-05,0.002430555555555555,0.0,0.0,0.002430555555555555,Transit,Cargo
500033523,MV_STR_CARGO_009,PH,transit,0.9999137399876772,cargo,0.999999988905575,0.0,0.0,0.0,0.0,4.929143561306223e-05,0.0,1.8484288354898337e-05,0.9999137399876772,1.8484288354898337e-05,0.002430555555555555,0.0,0.0,0.002430555555555555,Transit,Cargo
500033523,MV_STR_CARGO_009,PH,transit,0.9999137399876772,cargo,0.999999988905575,0.0,0.0,0.0,0.0,4.929143561306223e-05,0.0,1.8484288354898337e-05,0.9999137399876772,1.8484288354898337e-05,0.002430555555555555,0.0,0.0,0.002430555555555555,Transit,Cargo
500033523,MV_STR_CARGO_009,PH,transit,0.9999137399876772,cargo,0.9999999889070083,0.0,0.0,0.0,0.0,4.929143561306223e-05,0.0,1.8484288354898337e-05,0.9999137399876772,1.8484288354898337e-05,0.002430555555555555,0.0,0.0,0.002430555555555555,Transit,Cargo
500033523,MV_STR_CARGO_009,PH,transit,0.9999137399876772,cargo,0.9999999889070083,0.0,0.0,0.0,0.0,4.929143561306223e-05,0.0,1.8484288354898337e-05,0.9999137399876772,1.8484288354898337e-05,0.002430555555555555,0.0,0.0,0.002430555555555555,Transit,Cargo
500033523,MV_STR_CARGO_009,PH,transit,0.9999137399876772,cargo,0.999999988905575,0.0,0.0,0.0,0.0,4.929143561306223e-05,0.0,1.8484288354898337e-05,0.9999137399876772,1.8484288354898337e-05,0.002430555555555555,0.0,0.0,0.002430555555555555,Transit,Cargo
500033523,MV_STR_CARGO_009,PH,transit,0.9999137399876772,cargo,0.999999988905575,0.0,0.0,0.0,0.0,4.929143561306223e-05,0.0,1.8484288354898337e-05,0.9999137399876772,1.8484288354898337e-05,0.002430555555555555,0.0,0.0,0.002430555555555555,Transit,Cargo
500033523,MV_STR_CARGO_009,PH,transit,0.9999137399876772,cargo,0.999999988905575,0.0,0.0,0.0,0.0,4.929143561306223e-05,0.0,1.8484288354898337e-05,0.9999137399876772,1.8484288354898337e-05,0.002430555555555555,0.0,0.0,0.002430555555555555,Transit,Cargo
500033523,MV_STR_CARGO_009,PH,transit,0.9999137399876772,cargo,0.999999988905575,0.0,0.0,0.0,0.0,4.929143561306223e-05,0.0,1.8484288354898337e-05,0.9999137399876772,1.8484288354898337e-05,0.002430555555555555,0.0,0.0,0.002430555555555555,Transit,Cargo
500033523,MV_STR_CARGO_009,PH,transit,0.9999137399876772,cargo,0.999999988905575,0.0,0.0,0.0,0.0,4.929143561306223e-05,0.0,1.8484288354898337e-05,0.9999137399876772,1.8484288354898337e-05,0.002430555555555555,0.0,0.0,0.002430555555555555,Transit,Cargo
500033523,MV_STR_CARGO_009,PH,transit,0.9999137399876772,cargo,0.999999988905575,0.0,0.0,0.0,0.0,4.929143561306223e-05,0.0,1.8484288354898337e-05,0.9999137399876772,1.8484288354898337e-05,0.002430555555555555,0.0,0.0,0.002430555555555555,Transit,Cargo
500033523,MV_STR_CARGO_009,PH,transit,0.9999137399876772,cargo,0.999999988905575,0.0,0.0,0.0,0.0,4.929143561306223e-05,0.0,1.8484288354898337e-05,0.9999137399876772,1.8484288354898337e-05,0.002430555555555555,0.0,0.0,0.002430555555555555,Transit,Cargo
500033523,MV_STR_CARGO_009,PH,transit,0.9999137399876772,cargo,0.999999988905575,0.0,0.0,0.0,0.0,4.929143561306223e-05,0.0,1.8484288354898337e-05,0.9999137399876772,1.8484288354898337e-05,0.002430555555555555,0.0,0.0,0.002430555555555555,Transit,Cargo
500033523,MV_STR_CARGO_009,PH,transit,0.9965804066543439,cargo,0.9999999889910584,0.0033333333333333335,0.0,0.0,0.0,4.929143561306223e-05,0.0,1.8484288354898337e-05,0.9965804066543439,1.8484288354898337e-05,0.002430555555555555,0.0,0.0,0.002430555555555555,Transit,Cargo
500033523,MV_STR_CARGO_009,PH,transit,0.9999137399876772,cargo,0.999999988905575,0.0,0.0,0.0,0.0,4.929143561306223e-05,0.0,1.8484288354898337e-05,0.9999137399876772,1.8484288354898337e-05,0.002430555555555555,0.0,0.0,0.002430555555555555,Transit,Cargo
500033523,MV_STR_CARGO_009,PH,transit,0.9999137399876772,cargo,0.999999988905575,0.0,0.0,0.0,0.0,4.929143561306223e-05,0.0,1.8484288354898337e-05,0.9999137399876772,1.8484288354898337e-05,0.002430555555555555,0.0,0.0,0.002430555555555555,Transit,Cargo
500033523,MV_STR_CARGO_009,PH,transit,0.9999137399876772,cargo,0.999999988905575,0.0,0.0,0.0,0.0,4.929143561306223e-05,0.0,1.8484288354898337e-05,0.9999137399876772,1.8484288354898337e-05,0.002430555555555555,0.0,0.0,0.002430555555555555,Transit,Cargo
500033523,MV_STR_CARGO_009,PH,transit,0.9999137399876772,cargo,0.999999988905575,0.0,0.0,0.0,0.0,4.929143561306223e-05,0.0,1.8484288354898337e-05,0.9999137399876772,1.8484288354898337e-05,0.002430555555555555,0.0,0.0,0.002430555555555555,Transit,Cargo
500033523,MV_STR_CARGO_009,PH,transit,0.9999137399876772,cargo,0.9999999889070083,0.0,0.0,0.0,0.0,4.929143561306223e-05,0.0,1.8484288354898337e-05,0.9999137399876772,1.8484288354898337e-05,0.002430555555555555,0.0,0.0,0.002430555555555555,Transit,Cargo
500033523,MV_STR_CARGO_009,PH,transit,0.9999137399876772,cargo,0.9999999889070083,0.0,0.0,0.0,0.0,4.929143561306223e-05,0.0,1.8484288354898337e-05,0.9999137399876772,1.8484288354898337e-05,0.002430555555555555,0.0,0.0,0.002430555555555555,Transit,Cargo
500033523,MV_STR_CARGO_009,PH,transit,0.9999137399876772,cargo,0.999999988905575,0.0,0.0,0.0,0.0,4.929143561306223e-05,0.0,1.8484288354898337e-05,0.9999137399876772,1.8484288354898337e-05,0.002430555555555555,0.0,0.0,0.002430555555555555,Transit,Cargo
500033523,MV_STR_CARGO_009,PH,transit,0.9999137399876772,cargo,0.999999988905575,0.0,0.0,0.0,0.0,4.929143561306223e-05,0.0,1.8484288354898337e-05,0.9999137399876772,1.8484288354898337e-05,0.002430555555555555,0.0,0.0,0.002430555555555555,Transit,Cargo
500033524,MV_STR_CARGO_010,JP,transit,0.9999137399876772,tanker,0.9999750429283883,0.0,0.0,0.0,0.0,4.929143561306223e-05,0.0,1.8484288354898337e-05,0.9999137399876772,1.8484288354898337e-05,0.002430555555555555,0.0,0.05944588616050808,0.05944588616050808,Transit,Tanker
500033524,MV_STR_CARGO_010,JP,transit,0.9999137399876772,tanker,0.9999999845605343,0.0,0.0,0.0,0.0,4.929143561306223e-05,0.0,1.8484288354898337e-05,0.9999137399876772,1.8484288354898337e-05,0.002430555555555555,0.0,0.055208162458800274,0.055208162458800274,Transit,Tanker
500033524,MV_STR_CARGO_010,JP,transit,0.9999137399876772,tanker,0.9999999845231933,0.0,0.0,0.0,0.0,4.929143561306223e-05,0.0,1.8484288354898337e-05,0.9999137399876772,1.8484288354898337e-05,0.002430555555555555,0.0,0.05035563838065813,0.05035563838065813,Transit,Tanker
500033524,MV_STR_CARGO_010,JP,transit,0.9999137399876772,tanker,0.9999999845231933,0.0,0.0,0.0,0.0,4.929143561306223e-05,0.0,1.8484288354898337e-05,0.9999137399876772,1.8484288354898337e-05,0.002430555555555555,0.0,0.04549407269905322,0.04549407269905322,Transit,Tanker
500033524,MV_STR_CARGO_010,JP,transit,0.9999137399876772,tanker,0.9999999845231933,0.0,0.0,0.0,0.0,4.929143561306223e-05,0.0,1.8484288354898337e-05,0.9999137399876772,1.8484288354898337e-05,0.002430555555555555,0.0,0.04067200642415225,0.04067200642415225,Transit,Tanker
500033524,MV_STR_CARGO_010,JP,transit,0.9999137399876772,tanker,0.999999984875019,0.0,0.0,0.0,0.0,4.929143561306223e-05,0.0,1.8484288354898337e-05,0.9999137399876772,1.8484288354898337e-05,0.002430555555555555,0.0,0.03616999578831422,0.03616999578831422,Transit,Tanker
500033524,MV_STR_CARGO_010,JP,transit,0.9999137399876772,tanker,0.999999984875019,0.0,0.0,0.0,0.0,4.929143561306223e-05,0.0,1.8484288354898337e-05,0.9999137399876772,1.8484288354898337e-05,0.002430555555555555,0.0,0.03178951907342672,0.03178951907342672,Transit,Tanker
500033524,MV_STR_CARGO_010,JP,transit,0.9999137399876772,tanker,0.999999984875019,0.0,0.0,0.0,0.0,4.929143561306223e-05,0.0,1.8484288354898337e-05,0.9999137399876772,1.8484288354898337e-05,0.002430555555555555,0.0,0.027169089372697516,0.027169089372697516,Transit,Tanker
500033524,MV_STR_CARGO_010,JP,transit,0.9999137399876772,tanker,0.9999999845605343,0.0,0.0,0.0,0.0,4.929143561306223e-05,0.0,1.8484288354898337e-05,0.9999137399876772,1.8484288354898337e-05,0.002430555555555555,0.0,0.022887607027867247,0.022887607027867247,Transit,Tanker
500033524,MV_STR_CARGO_010,JP,transit,0.9999137399876772,tanker,0.9999999848775216,0.0,0.0,0.0,0.0,4.929143561306223e-05,0.0,1.8484288354898337e-05,0.9999137399876772,1.8484288354898337e-05,0.002430555555555555,0.0,0.019700232150141928,0.019700232150141928,Transit,Tanker
500033524,MV_STR_CARGO_010,JP,transit,0.9999137399876772,tanker,0.9999999848753209,0.0,0.0,0.0,0.0,4.929143561306223e-05,0.0,1.8484288354898337e-05,0.9999137399876772,1.8484288354898337e-05,0.002430555555555555,0.0,0.018270927811708065,0.018270927811708065,Transit,Tanker
500033524,MV_STR_CARGO_010,JP,transit,0.9999137399876772,tanker,0.9999999845603118,0.0,0.0,0.0,0.0,4.929143561306223e-05,0.0,1.8484288354898337e-05,0.9999137399876772,1.8484288354898337e-05,0.002430555555555555,0.0,0.018171757298597768,0.018171757298597768,Transit,Tanker
500033524,MV_STR_CARGO_010,JP,transit,0.9999137399876772,tanker,0.999999984875019,0.0,0.0,0.0,0.0,4.929143561306223e-05,0.0,1.8484288354898337e-05,0.9999137399876772,1.8484288354898337e-05,0.002430555555555555,0.0,0.019077192574075214,0.019077192574075214,Transit,Tanker
500033524,MV_STR_CARGO_010,JP,transit,0.9999137399876772,tanker,0.999999984875019,0.0,0.0,0.0,0.0,4.929143561306223e-05,0.0,1.8484288354898337e-05,0.9999137399876772,1.8484288354898337e-05,0.002430555555555555,0.0,0.021126216798214276,0.021126216798214276,Transit,Tanker
500033524,MV_STR_CARGO_010,JP,transit,0.9999137399876772,tanker,0.999999984875019,0.0,0.0,0.0,0.0,4.929143561306223e-05,0.0,1.8484288354898337e-05,0.9999137399876772,1.8484288354898337e-05,0.002430555555555555,0.0,0.02394037727943362,0.02394037727943362,Transit,Tanker
500033524,MV_STR_CARGO_010,JP,transit,0.9999137399876772,tanker,0.9999999844462013,0.0,0.0,0.0,0.0,4.929143561306223e-05,0.0,1.8484288354898337e-05,0.9999137399876772,1.8484288354898337e-05,0.002430555555555555,0.0,0.027505709309622928,0.027505709309622928,Transit,Tanker
500033524,MV_STR_CARGO_010,JP,transit,0.9736111111111111,tanker,0.9999999845231933,0.009166666666666667,0.0016666666666666668,0.0,0.0,0.0,0.0,0.015555555555555553,0.9736111111111111,0.0,0.002430555555555555,0.0,0.03176374446835557,0.03176374446835557,Transit,Tanker
500033524,MV_STR_CARGO_010,JP,transit,0.9636111111111111,tanker,0.9999999845231933,0.0175,0.0016666666666666668,0.0,0.0,0.0025,0.0033333333333333335,0.011388888888888888,0.9636111111111111,0.0,0.002430555555555555,0.0,0.03641764704032973,0.03641764704032973,Transit,Tanker
500033524,MV_STR_CARGO_010,JP,transit,0.9988888888888887,tanker,0.9999999845231933,0.0,0.0,0.0,0.0,0.0,0.0,0.0011111111111111111,0.9988888888888887,0.0,0.002430555555555555,0.0,0.04111163956220101,0.04111163956220101,Transit,Tanker
500033524,MV_STR_CARGO_010,JP,transit,1.0,tanker,0.9999999845231933,0.0,0.0,0.0,0.0,0.0,0.0,0.0,1.0,0.0,0.002430555555555555,0.0,0.04563178007564877,0.04563178007564877,Transit,Tanker
500033524,MV_STR_CARGO_010,JP,transit,0.9983333333333333,tanker,0.9999999845231933,0.0,0.0,0.0,0.0,0.0,0.0,0.0016666666666666668,0.9983333333333333,0.0,0.002430555555555555,0.0,0.05027346769183455,0.05027346769183455,Transit,Tanker
500033524,MV_STR_CARGO_010,JP,transit,0.9999137399876772,tanker,0.9999999819495725,0.0,0.0,0.0,0.0,4.929143561306223e-05,0.0,1.8484288354898337e-05,0.9999137399876772,1.8484288354898337e-05,0.002430555555555555,0.0,0.05541993890190099,0.05541993890190099,Transit,Tanker
500033524,MV_STR_CARGO_010,JP,transit,0.9965804066543439,tanker,0.9999999844592464,0.0,0.0,0.0,0.0,0.0017159581022797288,0.0016666666666666668,1.8484288354898337e-05,0.9965804066543439,1.8484288354898337e-05,0.002430555555555555,0.0,0.06073271061590374,0.06073271061590374,Transit,Tanker
500033524,MV_STR_CARGO_010,JP,transit,0.9999137399876772,tanker,0.9999999845603118,0.0,0.0,0.0,0.0,4.929143561306223e-05,0.0,1.8484288354898337e-05,0.9999137399876772,1.8484288354898337e-05,0.002430555555555555,0.0,0.06550909282758997,0.06550909282758997,Transit,Tanker
500033524,MV_STR_CARGO_010,JP,transit,0.9999137399876772,tanker,0.9999999845603118,0.0,0.0,0.0,0.0,4.929143561306223e-05,0.0,1.8484288354898337e-05,0.9999137399876772,1.8484288354898337e-05,0.002430555555555555,0.0,0.06983708878789638,0.06983708878789638,Transit,Tanker
500033524,MV_STR_CARGO_010,JP,transit,0.9999137399876772,tanker,0.99999998456033,0.0,0.0,0.0,0.0,4.929143561306223e-05,0.0,1.8484288354898337e-05,0.9999137399876772,1.8484288354898337e-05,0.002430555555555555,0.0,0.07440753629822393,0.07440753629822393,Transit,Tanker
500033524,MV_STR_CARGO_010,JP,transit,0.9999137399876772,tanker,0.99999998456033,0.0,0.0,0.0,0.0,4.929143561306223e-05,0.0,1.8484288354898337e-05,0.9999137399876772,1.8484288354898337e-05,0.002430555555555555,0.0,0.07919501572112239,0.07919501572112239,Transit,Tanker
500033524,MV_STR_CARGO_010,JP,transit,0.9999137399876772,tanker,0.9999999845231933,0.0,0.0,0.0,0.0,4.929143561306223e-05,0.0,1.8484288354898337e-05,0.9999137399876772,1.8484288354898337e-05,0.002430555555555555,0.0,0.08343973817962226,0.08343973817962226,Transit,Tanker
500033524,MV_STR_CARGO_010,JP,transit,0.9999137399876772,tanker,0.999999984459246,0.0,0.0,0.0,0.0,4.929143561306223e-05,0.0,1.8484288354898337e-05,0.9999137399876772,1.8484288354898337e-05,0.002430555555555555,0.0,0.08701677326244978,0.08701677326244978,Transit,Tanker
500033524,MV_STR_CARGO_010,JP,transit,0.9944692955432327,tanker,0.9999999845231933,0.0,0.0,0.0,0.0,4.929143561306223e-05,0.0,0.005462928732799343,0.9944692955432327,1.8484288354898337e-05,0.002430555555555555,0.0,0.09024076624734906,0.09024076624734906,Transit,Tanker
500033524,MV_STR_CARGO_010,JP,transit,0.9944692955432327,tanker,0.9999999845231933,0.0,0.0,0.0,0.0,4.929143561306223e-05,0.0,0.005462928732799343,0.9944692955432327,1.8484288354898337e-05,0.002430555555555555,0.0,0.09313222485440907,0.09313222485440907,Transit,Tanker
500033524,MV_STR_CARGO_010,JP,transit,0.9971359622098994,tanker,0.9999999845231933,0.0,0.0,0.0,0.0,4.929143561306223e-05,0.0,0.002796262066132676,0.9971359622098994,1.8484288354898337e-05,0.002430555555555555,0.0,0.09577600044774505,0.09577600044774505,Transit,Tanker
500033524,MV_STR_CARGO_010,JP,transit,0.9972470733210105,tanker,0.9999999845231933,0.0,0.0,0.0,0.0,4.929143561306223e-05,0.0,0.002685150955021565,0.9972470733210105,1.8484288354898337e-05,0.002430555555555555,0.0,0.09887163477843015,0.09887163477843015,Transit,Tanker
500033524,MV_STR_CARGO_010,JP,transit,0.9728026288765659,tanker,0.9999999845231933,0.0125,0.0,0.0,0.0,0.0008826247689463956,0.0,0.013796262066132676,0.9728026288765659,1.8484288354898337e-05,0.002430555555555555,0.0,0.10247646052184095,0.10247646052184095,Transit,Tanker
500033524,MV_STR_CARGO_010,JP,transit,0.9999137399876772,tanker,0.9999999845231933,0.0,0.0,0.0,0.0,4.929143561306223e-05,0.0,1.8484288354898337e-05,0.9999137399876772,1.8484288354898337e-05,0.002430555555555555,0.0,0.10625316198053192,0.10625316198053192,Transit,Tanker
500033524,MV_STR_CARGO_010,JP,transit,0.9999137399876772,tanker,0.9999999845605343,0.0,0.0,0.0,0.0,4.929143561306223e-05,0.0,1.8484288354898337e-05,0.9999137399876772,1.8484288354898337e-05,0.002430555555555555,0.0,0.11064394782367921,0.11064394782367921,Transit,Tanker
500033524,MV_STR_CARGO_010,JP,transit,0.9999137399876772,tanker,0.9999999844462013,0.0,0.0,0.0,0.0,4.929143561306223e-05,0.0,1.8484288354898337e-05,0.9999137399876772,1.8484288354898337e-05,0.002430555555555555,0.0,0.11547148304456517,0.11547148304456517,Transit,Tanker
500033524,MV_STR_CARGO_010,JP,transit,0.9834692955432327,tanker,0.9999999844462901,0.0033333333333333335,0.0,0.0,0.0,0.00782706921339084,0.0033333333333333335,1.8484288354898337e-05,0.9834692955432327,0.002018484288354898,0.002430555555555555,0.0,0.11986676616401884,0.11986676616401884,Transit,Tanker
500033524,MV_STR_CARGO_010,JP,transit,0.9982470733210105,tanker,0.9999999845606224,0.0,0.0,0.0,0.0,4.929143561306223e-05,0.0,1.8484288354898337e-05,0.9982470733210105,0.001685150955021565,0.002430555555555555,0.0,0.12296228832708159,0.12296228832708159,Transit,Tanker
500033524,MV_STR_CARGO_010,JP,transit,0.9999137399876772,tanker,0.9999999845231933,0.0,0.0,0.0,0.0,4.929143561306223e-05,0.0,1.8484288354898337e-05,0.9999137399876772,1.8484288354898337e-05,0.002430555555555555,0.0,0.12487435603818903,0.12487435603818903,Transit,Tanker
500033524,MV_STR_CARGO_010,JP,transit,0.9999137399876772,tanker,0.9999999845231933,0.0,0.0,0.0,0.0,4.929143561306223e-05,0.0,1.8484288354898337e-05,0.9999137399876772,1.8484288354898337e-05,0.002430555555555555,0.0,0.12680016771679528,0.12680016771679528,Transit,Tanker
500033524,MV_STR_CARGO_010,JP,transit,0.9999137399876772,tanker,0.9999999845231933,0.0,0.0,0.0,0.0,4.929143561306223e-05,0.0,1.8484288354898337e-05,0.9999137399876772,1.8484288354898337e-05,0.002430555555555555,0.0,0.12931207587942756,0.12931207587942756,Transit,Tanker
500033524,MV_STR_CARGO_010,JP,transit,0.9999137399876772,tanker,0.9999999845231933,0.0,0.0,0.0,0.0,4.929143561306223e-05,0.0,1.8484288354898337e-05,0.9999137399876772,1.8484288354898337e-05,0.002430555555555555,0.0,0.13225822452682373,0.13225822452682373,Transit,Tanker
500033524,MV_STR_CARGO_010,JP,transit,0.9999137399876772,tanker,0.9999999848783512,0.0,0.0,0.0,0.0,4.929143561306223e-05,0.0,1.8484288354898337e-05,0.9999137399876772,1.8484288354898337e-05,0.002430555555555555,0.0,0.1353427421999383,0.1353427421999383,Transit,Tanker
500033524,MV_STR_CARGO_010,JP,transit,0.9999137399876772,tanker,0.9999999848783512,0.0,0.0,0.0,0.0,4.929143561306223e-05,0.0,1.8484288354898337e-05,0.9999137399876772,1.8484288354898337e-05,0.002430555555555555,0.0,0.13822553414974903,0.13822553414974903,Transit,Tanker
500033524,MV_STR_CARGO_010,JP,transit,0.9999137399876772,tanker,0.9999999845605343,0.0,0.0,0.0,0.0,4.929143561306223e-05,0.0,1.8484288354898337e-05,0.9999137399876772,1.8484288354898337e-05,0.002430555555555555,0.0,0.14107725362081366,0.14107725362081366,Transit,Tanker
500033524,MV_STR_CARGO_010,JP,transit,0.9999137399876772,tanker,0.9999999845231933,0.0,0.0,0.0,0.0,4.929143561306223e-05,0.0,1.8484288354898337e-05,0.9999137399876772,1.8484288354898337e-05,0.002430555555555555,0.0,0.14445021434426736,0.14445021434426736,Transit,Tanker
500033524,MV_STR_CARGO_010,JP,transit,0.9999137399876772,tanker,0.9999999845605343,0.0,0.0,0.0,0.0,4.929143561306223e-05,0.0,1.8484288354898337e-05,0.9999137399876772,1.8484288354898337e-05,0.002430555555555555,0.0,0.1484462128515667,0.1484462128515667,Transit,Tanker
500033524,MV_STR_CARGO_010,JP,transit,0.9972470733210105,tanker,0.9999999845605343,0.0,0.0,0.0,0.0,4.929143561306223e-05,0.0,0.002685150955021565,0.9972470733210105,1.8484288354898337e-05,0.002430555555555555,0.0,0.1527722140046113,0.1527722140046113,Transit,Tanker
500033524,MV_STR_CARGO_010,JP,transit,0.9999137399876772,tanker,0.9999999845231933,0.0,0.0,0.0,0.0,4.929143561306223e-05,0.0,1.8484288354898337e-05,0.9999137399876772,1.8484288354898337e-05,0.002430555555555555,0.0,0.15711562432134848,0.15711562432134848,Transit,Tanker
500033524,MV_STR_CARGO_010,JP,transit,0.9999137399876772,tanker,0.9999999845231933,0.0,0.0,0.0,0.0,4.929143561306223e-05,0.0,1.8484288354898337e-05,0.9999137399876772,1.8484288354898337e-05,0.002430555555555555,0.0,0.16120913693453767,0.16120913693453767,Transit,Tanker
500033524,MV_STR_CARGO_010,JP,transit,0.9999137399876772,tanker,0.9999999845231933,0.0,0.0,0.0,0.0,4.929143561306223e-05,0.0,1.8484288354898337e-05,0.9999137399876772,1.8484288354898337e-05,0.002430555555555555,0.0,0.16518030345252588,0.16518030345252588,Transit,Tanker
500033524,MV_STR_CARGO_010,JP,transit,0.9999137399876772,tanker,0.9999999845231933,0.0,0.0,0.0,0.0,4.929143561306223e-05,0.0,1.8484288354898337e-05,0.9999137399876772,1.8484288354898337e-05,0.002430555555555555,0.0,0.16877275915006293,0.16877275915006293,Transit,Tanker
500033524,MV_STR_CARGO_010,JP,transit,0.9999137399876772,tanker,0.9999999845231933,0.0,0.0,0.0,0.0,4.929143561306223e-05,0.0,1.8484288354898337e-05,0.9999137399876772,1.8484288354898337e-05,0.002430555555555555,0.0,0.17205682697468228,0.17205682697468228,Transit,Tanker
500033524,MV_STR_CARGO_010,JP,transit,0.9999137399876772,tanker,0.9999999845231933,0.0,0.0,0.0,0.0,4.929143561306223e-05,0.0,1.8484288354898337e-05,0.9999137399876772,1.8484288354898337e-05,0.002430555555555555,0.0,0.17557430154206294,0.17557430154206294,Transit,Tanker
500033524,MV_STR_CARGO_010,JP,transit,0.9999137399876772,tanker,0.9999999845231933,0.0,0.0,0.0,0.0,4.929143561306223e-05,0.0,1.8484288354898337e-05,0.9999137399876772,1.8484288354898337e-05,0.002430555555555555,0.0,0.1779899116811521,0.1779899116811521,Transit,Tanker
500033525,MV_STR_CARGO_011,CN,transit,0.9999137399876772,tanker,0.9999999845231933,0.0,0.0,0.0,0.0,4.929143561306223e-05,0.0,1.8484288354898337e-05,0.9999137399876772,1.8484288354898337e-05,0.002430555555555555,0.0,0.05978819502731417,0.05978819502731417,Transit,Tanker
500033525,MV_STR_CARGO_011,CN,transit,0.9982470733210105,tanker,0.9999999848786532,0.0,0.0,0.0,0.0,4.929143561306223e-05,0.0,0.001685150955021565,0.9982470733210105,1.8484288354898337e-05,0.002430555555555555,0.0,0.06506401186779456,0.06506401186779456,Transit,Tanker
500033525,MV_STR_CARGO_011,CN,transit,0.9982470733210105,tanker,0.9999999848786532,0.0,0.0,0.0,0.0,4.929143561306223e-05,0.0,0.001685150955021565,0.9982470733210105,1.8484288354898337e-05,0.002430555555555555,0.0,0.07071827788876674,0.07071827788876674,Transit,Tanker
500033525,MV_STR_CARGO_011,CN,transit,0.9982470733210105,tanker,0.999999984875019,0.0,0.0,0.0,0.0,4.929143561306223e-05,0.0,0.001685150955021565,0.9982470733210105,1.8484288354898337e-05,0.002430555555555555,0.0,0.07610397959640326,0.07610397959640326,Transit,Tanker
500033525,MV_STR_CARGO_011,CN,transit,0.9999137399876772,tanker,0.9999999845231933,0.0,0.0,0.0,0.0,4.929143561306223e-05,0.0,1.8484288354898337e-05,0.9999137399876772,1.8484288354898337e-05,0.002430555555555555,0.0,0.08111271430089531,0.08111271430089531,Transit,Tanker
500033525,MV_STR_CARGO_011,CN,transit,0.9999137399876772,tanker,0.9999999845228733,0.0,0.0,0.0,0.0,4.929143561306223e-05,0.0,1.8484288354898337e-05,0.9999137399876772,1.8484288354898337e-05,0.002430555555555555,0.0,0.0859900905037414,0.0859900905037414,Transit,Tanker
500033525,MV_STR_CARGO_011,CN,transit,0.9944692955432327,tanker,0.9999999845231933,0.0,0.0,0.0,0.0,4.929143561306223e-05,0.0,0.005462928732799343,0.9944692955432327,1.8484288354898337e-05,0.002430555555555555,0.0,0.0910156296497157,0.0910156296497157,Transit,Tanker
500033525,MV_STR_CARGO_011,CN,transit,0.9680804066543436,tanker,0.9999999845823233,0.0,0.0,0.0,0.0022222222222222222,0.0008826247689463956,0.0,0.028796262066132675,0.9680804066543436,1.8484288354898337e-05,0.002430555555555555,0.0,0.09615261588386344,0.09615261588386344,Transit,Tanker
500033525,MV_STR_CARGO_011,CN,transit,0.9982470733210105,tanker,0.9999999845605343,0.0,0.0,0.0,0.0,4.929143561306223e-05,0.0,0.001685150955021565,0.9982470733210105,1.8484288354898337e-05,0.002430555555555555,0.0,0.10131848403541986,0.10131848403541986,Transit,Tanker
500033525,MV_STR_CARGO_011,CN,transit,0.9982470733210105,tanker,0.9999999845605343,0.0,0.0,0.0,0.0,4.929143561306223e-05,0.0,0.001685150955021565,0.9982470733210105,1.8484288354898337e-05,0.002430555555555555,0.0,0.10656015973680362,0.10656015973680362,Transit,Tanker
500033525,MV_STR_CARGO_011,CN,transit,0.9971359622098994,tanker,0.9999999845605343,0.0,0.0,0.0,0.0,4.929143561306223e-05,0.0,0.002796262066132676,0.9971359622098994,1.8484288354898337e-05,0.002430555555555555,0.0,0.11180738871560834,0.11180738871560834,Transit,Tanker
500033525,MV_STR_CARGO_011,CN,transit,0.9999137399876772,tanker,0.9999999845231933,0.0,0.0,0.0,0.0,4.929143561306223e-05,0.0,1.8484288354898337e-05,0.9999137399876772,1.8484288354898337e-05,0.002430555555555555,0.0,0.1170135065331272,0.1170135065331272,Transit,Tanker
500033525,MV_STR_CARGO_011,CN,transit,0.9636359622098994,tanker,0.9999999845231933,0.0,0.0,0.0,0.0,0.0008826247689463956,0.0,0.03546292873279934,0.9636359622098994,1.8484288354898337e-05,0.002430555555555555,0.0,0.12218956373841679,0.12218956373841679,Transit,Tanker
500033525,MV_STR_CARGO_011,CN,transit,0.9988026288765661,tanker,0.9999999845231933,0.0,0.0,0.0,0.0,4.929143561306223e-05,0.0,0.0011295953994660095,0.9988026288765661,1.8484288354898337e-05,0.002430555555555555,0.0,0.12747453710934245,0.12747453710934245,Transit,Tanker
500033525,MV_STR_CARGO_011,CN,transit,0.9982470733210105,tanker,0.9999999848753209,0.0,0.0,0.0,0.0,4.929143561306223e-05,0.0,0.001685150955021565,0.9982470733210105,1.8484288354898337e-05,0.002430555555555555,0.0,0.13303672460841412,0.13303672460841412,Transit,Tanker
500033525,MV_STR_CARGO_011,CN,transit,0.9954692955432328,tanker,0.9999999848753209,0.0,0.0,0.0,0.0,4.929143561306223e-05,0.0,0.004462928732799343,0.9954692955432328,1.8484288354898337e-05,0.002430555555555555,0.0,0.13867163299106552,0.13867163299106552,Transit,Tanker
500033525,MV_STR_CARGO_011,CN,transit,0.9999137399876772,tanker,0.9999999819495881,0.0,0.0,0.0,0.0,4.929143561306223e-05,0.0,1.8484288354898337e-05,0.9999137399876772,1.8484288354898337e-05,0.002430555555555555,0.0,0.14421959975424362,0.14421959975424362,Transit,Tanker
500033525,MV_STR_CARGO_011,CN,transit,0.9982470733210105,tanker,0.999999984875019,0.0,0.0,0.0,0.0,4.929143561306223e-05,0.0,0.001685150955021565,0.9982470733210105,1.8484288354898337e-05,0.002430555555555555,0.0,0.14977926371885283,0.14977926371885283,Transit,Tanker
500033525,MV_STR_CARGO_011,CN,transit,0.9982470733210105,tanker,0.9999999845605343,0.0,0.0,0.0,0.0,4.929143561306223e-05,0.0,0.001685150955021565,0.9982470733210105,1.8484288354898337e-05,0.002430555555555555,0.0,0.15528761693436552,0.15528761693436552,Transit,Tanker
500033525,MV_STR_CARGO_011,CN,transit,0.9999137399876772,tanker,0.9999999845231933,0.0,0.0,0.0,0.0,4.929143561306223e-05,0.0,1.8484288354898337e-05,0.9999137399876772,1.8484288354898337e-05,0.002430555555555555,0.0,0.16067805344959155,0.16067805344959155,Transit,Tanker
500033525,MV_STR_CARGO_011,CN,transit,0.9944692955432327,tanker,0.9999999848748526,0.0,0.0,0.0,0.0,4.929143561306223e-05,0.0,0.005462928732799343,0.9944692955432327,1.8484288354898337e-05,0.002430555555555555,0.0,0.1661766674622673,0.1661766674622673,Transit,Tanker
500033525,MV_STR_CARGO_011,CN,transit,0.9982470733210105,tanker,0.9999999845605343,0.0,0.0,0.0,0.0,4.929143561306223e-05,0.0,0.001685150955021565,0.9982470733210105,1.8484288354898337e-05,0.002430555555555555,0.0,0.1717006819901292,0.1717006819901292,Transit,Tanker
500033525,MV_STR_CARGO_011,CN,transit,0.9982470733210105,tanker,0.9999999845605343,0.0,0.0,0.0,0.0,4.929143561306223e-05,0.0,0.001685150955021565,0.9982470733210105,1.8484288354898337e-05,0.002430555555555555,0.0,0.17693294866494513,0.17693294866494513,Transit,Tanker
500033525,MV_STR_CARGO_011,CN,transit,0.9999137399876772,tanker,0.9999999845231933,0.0,0.0,0.0,0.0,4.929143561306223e-05,0.0,1.8484288354898337e-05,0.9999137399876772,1.8484288354898337e-05,0.002430555555555555,0.0,0.18160584342628602,0.18160584342628602,Transit,Tanker
500033525,MV_STR_CARGO_011,CN,transit,0.9999137399876772,tanker,0.9999999845231933,0.0,0.0,0.0,0.0,4.929143561306223e-05,0.0,1.8484288354898337e-05,0.9999137399876772,1.8484288354898337e-05,0.002430555555555555,0.0,0.1856603582039763,0.1856603582039763,Transit,Tanker
500033525,MV_STR_CARGO_011,CN,transit,0.9999137399876772,tanker,0.9999999845231933,0.0,0.0,0.0,0.0,4.929143561306223e-05,0.0,1.8484288354898337e-05,0.9999137399876772,1.8484288354898337e-05,0.002430555555555555,0.0,0.18936500242904208,0.18936500242904208,Transit,Tanker
500033525,MV_STR_CARGO_011,CN,transit,0.997691517765455,tanker,0.9999999845231933,0.0,0.0,0.0,0.0,4.929143561306223e-05,0.0,0.0022407065105771204,0.997691517765455,1.8484288354898337e-05,0.002430555555555555,0.0,0.1926529745378382,0.1926529745378382,Transit,Tanker
500033525,MV_STR_CARGO_011,CN,transit,0.9965804066543439,tanker,0.9999999845231933,0.0033333333333333335,0.0,0.0,0.0,4.929143561306223e-05,0.0,1.8484288354898337e-05,0.9965804066543439,1.8484288354898337e-05,0.002430555555555555,0.0,0.1956973679696019,0.1956973679696019,Transit,Tanker
500033525,MV_STR_CARGO_011,CN,transit,0.9999137399876772,tanker,0.9999999845231933,0.0,0.0,0.0,0.0,4.929143561306223e-05,0.0,1.8484288354898337e-05,0.9999137399876772,1.8484288354898337e-05,0.002430555555555555,0.0,0.1991172604128705,0.1991172604128705,Transit,Tanker
500033525,MV_STR_CARGO_011,CN,transit,0.9999137399876772,tanker,0.9999999847562064,0.0,0.0,0.0,0.0,4.929143561306223e-05,0.0,1.8484288354898337e-05,0.9999137399876772,1.8484288354898337e-05,0.002430555555555555,0.0,0.2,0.2,Transit,Tanker
500033525,MV_STR_CARGO_011,CN,transit,0.9999137399876772,tanker,0.9999999847562064,0.0,0.0,0.0,0.0,4.929143561306223e-05,0.0,1.8484288354898337e-05,0.9999137399876772,1.8484288354898337e-05,0.002430555555555555,0.0,0.2,0.2,Transit,Tanker
500033525,MV_STR_CARGO_011,CN,transit,0.9982470733210105,tanker,0.9999999848720786,0.0,0.0,0.0,0.0,4.929143561306223e-05,0.0,0.001685150955021565,0.9982470733210105,1.8484288354898337e-05,0.002430555555555555,0.0,0.2,0.2,Transit,Tanker
500033525,MV_STR_CARGO_011,CN,transit,0.9982470733210105,tanker,0.999999984875019,0.0,0.0,0.0,0.0,4.929143561306223e-05,0.0,0.001685150955021565,0.9982470733210105,1.8484288354898337e-05,0.002430555555555555,0.0,0.2,0.2,Transit,Tanker
500033525,MV_STR_CARGO_011,CN,transit,0.9982470733210105,tanker,0.9999999845605343,0.0,0.0,0.0,0.0,4.929143561306223e-05,0.0,0.001685150955021565,0.9982470733210105,1.8484288354898337e-05,0.002430555555555555,0.0,0.2,0.2,Transit,Tanker
500033525,MV_STR_CARGO_011,CN,transit,0.9999137399876772,tanker,0.9999999845231933,0.0,0.0,0.0,0.0,4.929143561306223e-05,0.0,1.8484288354898337e-05,0.9999137399876772,1.8484288354898337e-05,0.002430555555555555,0.0,0.2,0.2,Transit,Tanker
500033525,MV_STR_CARGO_011,CN,transit,0.9999137399876772,tanker,0.9999999845231933,0.0,0.0,0.0,0.0,4.929143561306223e-05,0.0,1.8484288354898337e-05,0.9999137399876772,1.8484288354898337e-05,0.002430555555555555,0.0,0.2,0.2,Transit,Tanker
500033525,MV_STR_CARGO_011,CN,transit,0.9999137399876772,tanker,0.9999999844831404,0.0,0.0,0.0,0.0,4.929143561306223e-05,0.0,1.8484288354898337e-05,0.9999137399876772,1.8484288354898337e-05,0.002430555555555555,0.0,0.2,0.2,Transit,Tanker
500033525,MV_STR_CARGO_011,CN,transit,0.9999137399876772,tanker,0.9999999844831404,0.0,0.0,0.0,0.0,4.929143561306223e-05,0.0,1.8484288354898337e-05,0.9999137399876772,1.8484288354898337e-05,0.002430555555555555,0.0,0.2,0.2,Transit,Tanker
500033525,MV_STR_CARGO_011,CN,transit,0.9982470733210105,tanker,0.9999999845605343,0.0,0.0,0.0,0.0,4.929143561306223e-05,0.0,0.001685150955021565,0.9982470733210105,1.8484288354898337e-05,0.002430555555555555,0.0,0.2,0.2,Transit,Tanker
500033525,MV_STR_CARGO_011,CN,transit,0.9982470733210105,tanker,0.9999999848786532,0.0,0.0,0.0,0.0,4.929143561306223e-05,0.0,0.001685150955021565,0.9982470733210105,1.8484288354898337e-05,0.002430555555555555,0.0,0.2,0.2,Transit,Tanker
500033525,MV_STR_CARGO_011,CN,transit,0.9982470733210105,tanker,0.9999999848786532,0.0,0.0,0.0,0.0,4.929143561306223e-05,0.0,0.001685150955021565,0.9982470733210105,1.8484288354898337e-05,0.002430555555555555,0.0,0.2,0.2,Transit,Tanker
500033525,MV_STR_CARGO_011,CN,transit,0.9422470733210104,tanker,0.9999999848753209,0.0,0.0,0.0,0.025833333333333333,0.011271513657835285,0.014833333333333334,0.001685150955021565,0.9422470733210104,0.0041295953994660095,0.002430555555555555,0.0,0.2,0.2,Transit,Tanker
500033525,MV_STR_CARGO_011,CN,transit,0.9999137399876772,tanker,0.9999999845231933,0.0,0.0,0.0,0.0,4.929143561306223e-05,0.0,1.8484288354898337e-05,0.9999137399876772,1.8484288354898337e-05,0.002430555555555555,0.0,0.2,0.2,Transit,Tanker
500033525,MV_STR_CARGO_011,CN,transit,0.9999137399876772,tanker,0.9999999845231933,0.0,0.0,0.0,0.0,4.929143561306223e-05,0.0,1.8484288354898337e-05,0.9999137399876772,1.8484288354898337e-05,0.002430555555555555,0.0,0.2,0.2,Transit,Tanker
500033525,MV_STR_CARGO_011,CN,transit,0.9999137399876772,tanker,0.9999999844831404,0.0,0.0,0.0,0.0,4.929143561306223e-05,0.0,1.8484288354898337e-05,0.9999137399876772,1.8484288354898337e-05,0.002430555555555555,0.0,0.2,0.2,Transit,Tanker
500033525,MV_STR_CARGO_011,CN,transit,0.9999137399876772,tanker,0.9999999845231933,0.0,0.0,0.0,0.0,4.929143561306223e-05,0.0,1.8484288354898337e-05,0.9999137399876772,1.8484288354898337e-05,0.002430555555555555,0.0,0.2,0.2,Transit,Tanker
500033525,MV_STR_CARGO_011,CN,transit,0.9982470733210105,tanker,0.9999999848775216,0.0,0.0,0.0,0.0,4.929143561306223e-05,0.0,0.001685150955021565,0.9982470733210105,1.8484288354898337e-05,0.002430555555555555,0.0,0.2,0.2,Transit,Tanker
500033525,MV_STR_CARGO_011,CN,transit,0.9982470733210105,tanker,0.9999999848786532,0.0,0.0,0.0,0.0,4.929143561306223e-05,0.0,0.001685150955021565,0.9982470733210105,1.8484288354898337e-05,0.002430555555555555,0.0,0.2,0.2,Transit,Tanker
500033525,MV_STR_CARGO_011,CN,transit,0.9982470733210105,tanker,0.999999984875019,0.0,0.0,0.0,0.0,4.929143561306223e-05,0.0,0.001685150955021565,0.9982470733210105,1.8484288354898337e-05,0.002430555555555555,0.0,0.2,0.2,Transit,Tanker
500033525,MV_STR_CARGO_011,CN,transit,0.9982470733210105,tanker,0.9999999845605343,0.0,0.0,0.0,0.0,4.929143561306223e-05,0.0,0.001685150955021565,0.9982470733210105,1.8484288354898337e-05,0.002430555555555555,0.0,0.2,0.2,Transit,Tanker
500033525,MV_STR_CARGO_011,CN,transit,0.9999137399876772,tanker,0.9999999845231933,0.0,0.0,0.0,0.0,4.929143561306223e-05,0.0,1.8484288354898337e-05,0.9999137399876772,1.8484288354898337e-05,0.002430555555555555,0.0,0.2,0.2,Transit,Tanker
500033525,MV_STR_CARGO_011,CN,transit,0.9999137399876772,tanker,0.9999999845231933,0.0,0.0,0.0,0.0,4.929143561306223e-05,0.0,1.8484288354898337e-05,0.9999137399876772,1.8484288354898337e-05,0.002430555555555555,0.0,0.2,0.2,Transit,Tanker
500033525,MV_STR_CARGO_011,CN,transit,0.9971359622098994,tanker,0.9999999844831406,0.0,0.0,0.0,0.0,4.929143561306223e-05,0.0,0.002796262066132676,0.9971359622098994,1.8484288354898337e-05,0.002430555555555555,0.0,0.2,0.2,Transit,Tanker
500033525,MV_STR_CARGO_011,CN,transit,0.9999137399876772,tanker,0.9999999845231933,0.0,0.0,0.0,0.0,4.929143561306223e-05,0.0,1.8484288354898337e-05,0.9999137399876772,1.8484288354898337e-05,0.002430555555555555,0.0,0.2,0.2,Transit,Tanker
500033525,MV_STR_CARGO_011,CN,transit,0.9999137399876772,tanker,0.9999999845231933,0.0,0.0,0.0,0.0,4.929143561306223e-05,0.0,1.8484288354898337e-05,0.9999137399876772,1.8484288354898337e-05,0.002430555555555555,0.0,0.2,0.2,Transit,Tanker
500033525,MV_STR_CARGO_011,CN,transit,0.9982470733210105,tanker,0.9999999845608363,0.0,0.0,0.0,0.0,4.929143561306223e-05,0.0,0.001685150955021565,0.9982470733210105,1.8484288354898337e-05,0.002430555555555555,0.0,0.2,0.2,Transit,Tanker
600003514,ANCHORED_STR_00,MH,anchored,0.8645330687830688,tanker,0.9999999835096935,0.8645330687830688,0.01990740740740741,0.0011111111111111111,0.0027777777777777775,0.0016851851851851852,0.0,0.05917063492063492,0.04814814814814816,0.002666666666666667,0.002430555555555555,0.0,0.0,0.002430555555555555,Anchored/Moored,Tanker
600003514,ANCHORED_STR_00,MH,anchored,0.8500925925925926,tanker,0.9999999834704332,0.8500925925925926,0.02485185185185185,0.0011111111111111111,0.0,0.006296296296296296,0.0,0.11311111111111112,0.004537037037037037,0.0,0.002430555555555555,0.0,0.0,0.002430555555555555,Anchored/Moored,Tanker
600003514,ANCHORED_STR_00,MH,anchored,0.9609205451431247,tanker,0.9999999834704332,0.9609205451431247,0.017643617611178886,0.0,0.0,0.0,0.0,0.020602503912363068,0.0,0.0008333333333333334,0.002430555555555555,0.0,0.0,0.002430555555555555,Anchored/Moored,Tanker
600003514,ANCHORED_STR_00,MH,anchored,0.9998094340320136,tanker,0.9999999834704332,0.9998094340320136,0.00014361761117888435,0.0,0.0,0.0,0.0,4.694835680751174e-05,0.0,0.0,0.002430555555555555,0.0,0.0,0.002430555555555555,Anchored/Moored,Tanker
600003514,ANCHORED_STR_00,MH,anchored,0.9998094340320136,tanker,0.9999999834016737,0.9998094340320136,0.00014361761117888435,0.0,0.0,0.0,0.0,4.694835680751174e-05,0.0,0.0,0.002430555555555555,0.0,0.0,0.002430555555555555,Anchored/Moored,Tanker
600003514,ANCHORED_STR_00,MH,anchored,0.9998094340320136,tanker,0.9999999834704332,0.9998094340320136,0.00014361761117888435,0.0,0.0,0.0,0.0,4.694835680751174e-05,0.0,0.0,0.002430555555555555,0.0,0.0,0.002430555555555555,Anchored/Moored,Tanker
600003514,ANCHORED_STR_00,MH,anchored,0.9922538784764582,tanker,0.9999999834704332,0.9922538784764582,0.007699173166734439,0.0,0.0,0.0,0.0,4.694835680751174e-05,0.0,0.0,0.002430555555555555,0.0,0.0,0.002430555555555555,Anchored/Moored,Tanker
600003514,ANCHORED_STR_00,MH,anchored,0.9998094340320136,tanker,0.9999999834016737,0.9998094340320136,0.00014361761117888435,0.0,0.0,0.0,0.0,4.694835680751174e-05,0.0,0.0,0.002430555555555555,0.0,0.0,0.002430555555555555,Anchored/Moored,Tanker
600003514,ANCHORED_STR_00,MH,anchored,0.998142767365347,tanker,0.9999999834016737,0.998142767365347,0.00014361761117888435,0.0,0.0,0.0,0.0,0.0017136150234741783,0.0,0.0,0.002430555555555555,0.0,0.0,0.002430555555555555,Anchored/Moored,Tanker
600003514,ANCHORED_STR_00,MH,anchored,0.9942538784764581,tanker,0.9999999834016737,0.9942538784764581,0.004032506500067774,0.0,0.0,0.0,0.0,0.0017136150234741783,0.0,0.0,0.002430555555555555,0.0,0.0,0.002430555555555555,Anchored/Moored,Tanker
600003514,ANCHORED_STR_00,MH,anchored,0.9998094340320136,tanker,0.9999999834705144,0.9998094340320136,0.00014361761117888435,0.0,0.0,0.0,0.0,4.694835680751174e-05,0.0,0.0,0.002430555555555555,0.0,0.0,0.002430555555555555,Anchored/Moored,Tanker
600003514,ANCHORED_STR_00,MH,anchored,0.9595872118097915,tanker,0.9999999834704332,0.9595872118097915,0.006032506500067774,0.0,0.0,0.0,0.0,0.034380281690140846,0.0,0.0,0.002430555555555555,0.0,0.0,0.002430555555555555,Anchored/Moored,Tanker
600003514,ANCHORED_STR_00,MH,anchored,0.9688094340320136,tanker,0.9999999834704332,0.9688094340320136,0.00014361761117888435,0.0,0.0,0.0,0.0,0.031046948356807515,0.0,0.0,0.002430555555555555,0.0,0.0,0.002430555555555555,Anchored/Moored,Tanker
600003514,ANCHORED_STR_00,MH,anchored,0.9998094340320136,tanker,0.9999999834016737,0.9998094340320136,0.00014361761117888435,0.0,0.0,0.0,0.0,4.694835680751174e-05,0.0,0.0,0.002430555555555555,0.0,0.0,0.002430555555555555,Anchored/Moored,Tanker
600003514,ANCHORED_STR_00,MH,anchored,0.9998094340320136,tanker,0.9999999834016737,0.9998094340320136,0.00014361761117888435,0.0,0.0,0.0,0.0,4.694835680751174e-05,0.0,0.0,0.002430555555555555,0.0,0.0,0.002430555555555555,Anchored/Moored,Tanker
600003514,ANCHORED_STR_00,MH,anchored,0.998142767365347,tanker,0.9999999834168891,0.998142767365347,0.00014361761117888435,0.0,0.0,0.0,0.0,0.0017136150234741783,0.0,0.0,0.002430555555555555,0.0,0.0,0.002430555555555555,Anchored/Moored,Tanker
600003514,ANCHORED_STR_00,MH,anchored,0.9975872118097914,tanker,0.9999999834704332,0.9975872118097914,0.0023658398334011066,0.0,0.0,0.0,0.0,4.694835680751174e-05,0.0,0.0,0.002430555555555555,0.0,0.0,0.002430555555555555,Anchored/Moored,Tanker
600003514,ANCHORED_STR_00,MH,anchored,0.9998094340320136,tanker,0.9999999834704332,0.9998094340320136,0.00014361761117888435,0.0,0.0,0.0,0.0,4.694835680751174e-05,0.0,0.0,0.002430555555555555,0.0,0.0,0.002430555555555555,Anchored/Moored,Tanker
600003514,ANCHORED_STR_00,MH,anchored,0.9964761006986803,tanker,0.9999999834730495,0.9964761006986803,0.0018102842778455507,0.0,0.0,0.0,0.0,0.0017136150234741783,0.0,0.0,0.002430555555555555,0.0,0.0,0.002430555555555555,Anchored/Moored,Tanker
600003514,ANCHORED_STR_00,MH,anchored,0.9964761006986803,tanker,0.9999999834016737,0.9964761006986803,0.0018102842778455507,0.0,0.0,0.0,0.0,0.0017136150234741783,0.0,0.0,0.002430555555555555,0.0,0.0,0.002430555555555555,Anchored/Moored,Tanker
600003514,ANCHORED_STR_00,MH,anchored,0.9998094340320136,tanker,0.9999999834016737,0.9998094340320136,0.00014361761117888435,0.0,0.0,0.0,0.0,4.694835680751174e-05,0.0,0.0,0.002430555555555555,0.0,0.0,0.002430555555555555,Anchored/Moored,Tanker
600003514,ANCHORED_STR_00,MH,anchored,0.9998094340320136,tanker,0.999999983401592,0.9998094340320136,0.00014361761117888435,0.0,0.0,0.0,0.0,4.694835680751174e-05,0.0,0.0,0.002430555555555555,0.0,0.0,0.002430555555555555,Anchored/Moored,Tanker
600003514,ANCHORED_STR_00,MH,anchored,0.9743649895875692,tanker,0.9999999834704332,0.9743649895875692,0.0069769509445122176,0.0,0.0,0.0025,0.0,0.014491392801251956,0.0016666666666666668,0.0,0.002430555555555555,0.0,0.0,0.002430555555555555,Anchored/Moored,Tanker
600003514,ANCHORED_STR_00,MH,anchored,0.9886983229209027,tanker,0.9999999834704332,0.9886983229209027,0.005421395388956662,0.0,0.0,0.0008333333333333334,0.0,0.003380281690140845,0.0016666666666666668,0.0,0.002430555555555555,0.0,0.0,0.002430555555555555,Anchored/Moored,Tanker
600003514,ANCHORED_STR_00,MH,anchored,0.9998094340320136,tanker,0.9999999834705144,0.9998094340320136,0.00014361761117888435,0.0,0.0,0.0,0.0,4.694835680751174e-05,0.0,0.0,0.002430555555555555,0.0,0.0,0.002430555555555555,Anchored/Moored,Tanker
600003514,ANCHORED_STR_00,MH,anchored,0.9998094340320136,tanker,0.9999999834016737,0.9998094340320136,0.00014361761117888435,0.0,0.0,0.0,0.0,4.694835680751174e-05,0.0,0.0,0.002430555555555555,0.0,0.0,0.002430555555555555,Anchored/Moored,Tanker
600003514,ANCHORED_STR_00,MH,anchored,0.9998094340320136,tanker,0.999999983401592,0.9998094340320136,0.00014361761117888435,0.0,0.0,0.0,0.0,4.694835680751174e-05,0.0,0.0,0.002430555555555555,0.0,0.0,0.002430555555555555,Anchored/Moored,Tanker
600003515,ANCHORED_STR_01,PA,anchored,0.9007314814814814,cargo,0.9999998669037382,0.9007314814814814,0.013796296296296294,0.0011111111111111111,0.005555555555555555,0.005740740740740741,0.0,0.0448611111111111,0.0282037037037037,0.0,0.002430555555555555,0.3,0.0,0.3,Anchored/Moored,Cargo
600003515,ANCHORED_STR_01,PA,anchored,0.9554761006986803,cargo,0.9999999869758649,0.9554761006986803,0.008476950944512219,0.0,0.0,0.0,0.0,0.02971361502347418,0.006333333333333333,0.0,0.002430555555555555,0.3,0.0,0.3,Anchored/Moored,Cargo
600003515,ANCHORED_STR_01,PA,anchored,0.9748094340320137,cargo,0.9999999872567721,0.9748094340320137,0.00681028427784555,0.0,0.0,0.0,0.0,0.018380281690140842,0.0,0.0,0.002430555555555555,0.3,0.0,0.3,Anchored/Moored,Cargo
600003515,ANCHORED_STR_01,PA,anchored,0.9893649895875692,cargo,0.9999999872547943,0.9893649895875692,0.010588062055623328,0.0,0.0,0.0,0.0,4.694835680751174e-05,0.0,0.0,0.002430555555555555,0.3,0.0,0.3,Anchored/Moored,Cargo
600003515,ANCHORED_STR_01,PA,anchored,0.9585316562542359,cargo,0.9999999872547943,0.9585316562542359,0.011365839833401106,0.0,0.0,0.0,0.0,0.027658059467918623,0.002444444444444445,0.0,0.002430555555555555,0.3,0.0,0.3,Anchored/Moored,Cargo
600003515,ANCHORED_STR_01,PA,anchored,0.9921427673653469,cargo,0.9999999872547943,0.9921427673653469,0.006143617611178884,0.0,0.0,0.0,0.0,0.0017136150234741783,0.0,0.0,0.002430555555555555,0.3,0.0,0.3,Anchored/Moored,Cargo
600003515,ANCHORED_STR_01,PA,anchored,0.9899205451431249,cargo,0.9999999872547943,0.9899205451431249,0.010032506500067772,0.0,0.0,0.0,0.0,4.694835680751174e-05,0.0,0.0,0.002430555555555555,0.3,0.0,0.3,Anchored/Moored,Cargo
600003515,ANCHORED_STR_01,PA,anchored,0.9833094340320137,cargo,0.9999999872547943,0.9833094340320137,0.013476950944512218,0.0,0.0,0.0,0.0,0.0032136150234741783,0.0,0.0,0.002430555555555555,0.3,0.0,0.3,Anchored/Moored,Cargo
600003515,ANCHORED_STR_01,PA,anchored,0.957642767365347,cargo,0.9999999872547943,0.957642767365347,0.014865839833401106,0.0,0.004333333333333333,0.0008333333333333334,0.0,0.02232472613458529,0.0,0.0,0.002430555555555555,0.3,0.0,0.3,Anchored/Moored,Cargo
600003515,ANCHORED_STR_01,PA,anchored,0.998142767365347,cargo,0.9999999872547943,0.998142767365347,0.00014361761117888435,0.0,0.0,0.0,0.0,0.0017136150234741783,0.0,0.0,0.002430555555555555,0.3,0.0,0.3,Anchored/Moored,Cargo
600003515,ANCHORED_STR_01,PA,anchored,0.9895316562542358,cargo,0.9999999872567721,0.9895316562542358,0.010421395388956662,0.0,0.0,0.0,0.0,4.694835680751174e-05,0.0,0.0,0.002430555555555555,0.3,0.0,0.3,Anchored/Moored,Cargo
600003515,ANCHORED_STR_01,PA,anchored,0.9815316562542358,cargo,0.9999999872568252,0.9815316562542358,0.010754728722289995,0.0,0.0,0.0,0.0,0.007713615023474179,0.0,0.0,0.002430555555555555,0.3,0.0,0.3,Anchored/Moored,Cargo
600003515,ANCHORED_STR_01,PA,anchored,0.9998094340320136,cargo,0.9999999872547943,0.9998094340320136,0.00014361761117888435,0.0,0.0,0.0,0.0,4.694835680751174e-05,0.0,0.0,0.002430555555555555,0.3,0.0,0.3,Anchored/Moored,Cargo
600003515,ANCHORED_STR_01,PA,anchored,0.998142767365347,cargo,0.9999999872567721,0.998142767365347,0.0018102842778455511,0.0,0.0,0.0,0.0,4.694835680751174e-05,0.0,0.0,0.002430555555555555,0.3,0.0,0.3,Anchored/Moored,Cargo
600003515,ANCHORED_STR_01,PA,anchored,0.9964761006986803,cargo,0.9999999872567721,0.9964761006986803,0.0034769509445122175,0.0,0.0,0.0,0.0,4.694835680751174e-05,0.0,0.0,0.002430555555555555,0.3,0.0,0.3,Anchored/Moored,Cargo
600003515,ANCHORED_STR_01,PA,anchored,0.9959205451431247,cargo,0.9999999872547943,0.9959205451431247,0.004032506500067774,0.0,0.0,0.0,0.0,4.694835680751174e-05,0.0,0.0,0.002430555555555555,0.3,0.0,0.3,Anchored/Moored,Cargo
600003515,ANCHORED_STR_01,PA,anchored,0.9961983229209026,cargo,0.9999999872547943,0.9961983229209026,0.0009769509445122177,0.0,0.0,0.0,0.0,0.002824726134585289,0.0,0.0,0.002430555555555555,0.3,0.0,0.3,Anchored/Moored,Cargo
600003515,ANCHORED_STR_01,PA,anchored,0.9998094340320136,cargo,0.9999999872567721,0.9998094340320136,0.00014361761117888435,0.0,0.0,0.0,0.0,4.694835680751174e-05,0.0,0.0,0.002430555555555555,0.3,0.0,0.3,Anchored/Moored,Cargo
600003515,ANCHORED_STR_01,PA,anchored,0.9998094340320136,cargo,0.9999999872735078,0.9998094340320136,0.00014361761117888435,0.0,0.0,0.0,0.0,4.694835680751174e-05,0.0,0.0,0.002430555555555555,0.3,0.0,0.3,Anchored/Moored,Cargo
600003515,ANCHORED_STR_01,PA,anchored,0.9998094340320136,cargo,0.9999999872547943,0.9998094340320136,0.00014361761117888435,0.0,0.0,0.0,0.0,4.694835680751174e-05,0.0,0.0,0.002430555555555555,0.3,0.0,0.3,Anchored/Moored,Cargo
600003515,ANCHORED_STR_01,PA,anchored,0.9998094340320136,cargo,0.9999999872547943,0.9998094340320136,0.00014361761117888435,0.0,0.0,0.0,0.0,4.694835680751174e-05,0.0,0.0,0.002430555555555555,0.3,0.0,0.3,Anchored/Moored,Cargo
600003515,ANCHORED_STR_01,PA,anchored,0.9998094340320136,cargo,0.9999999872567721,0.9998094340320136,0.00014361761117888435,0.0,0.0,0.0,0.0,4.694835680751174e-05,0.0,0.0,0.002430555555555555,0.3,0.0,0.3,Anchored/Moored,Cargo
600003515,ANCHORED_STR_01,PA,anchored,0.9794205451431247,cargo,0.9999999872568252,0.9794205451431247,0.013199173166734439,0.0,0.0,0.0,0.0,0.0073802816901408445,0.0,0.0,0.002430555555555555,0.3,0.0,0.3,Anchored/Moored,Cargo
600003515,ANCHORED_STR_01,PA,anchored,0.9998094340320136,cargo,0.9999999872547943,0.9998094340320136,0.00014361761117888435,0.0,0.0,0.0,0.0,4.694835680751174e-05,0.0,0.0,0.002430555555555555,0.3,0.0,0.3,Anchored/Moored,Cargo
600003515,ANCHORED_STR_01,PA,anchored,0.9911427673653471,cargo,0.9999999872567721,0.9911427673653471,0.006476950944512218,0.0,0.0,0.0,0.0,0.002380281690140845,0.0,0.0,0.002430555555555555,0.3,0.0,0.3,Anchored/Moored,Cargo
600003515,ANCHORED_STR_01,PA,anchored,0.9803356807511738,cargo,0.9999999872567721,0.9803356807511738,0.006450704225352113,0.0,0.0,0.0,0.0,0.012380281690140845,0.0,0.0008333333333333334,0.002430555555555555,0.3,0.0,0.3,Anchored/Moored,Cargo
600003515,ANCHORED_STR_01,PA,anchored,0.9941983229209027,cargo,0.9999999872735078,0.9941983229209027,0.00014361761117888435,0.0,0.0,0.0,0.0,0.005658059467918623,0.0,0.0,0.002430555555555555,0.3,0.0,0.3,Anchored/Moored,Cargo
600003516,ANCHORED_STR_02,PA,anchored,0.8797830687830686,tanker,0.9999999639795929,0.8797830687830686,0.014574074074074073,0.0044444444444444444,0.0011111111111111111,0.0060185185185185185,0.0,0.028753968253968254,0.06364814814814815,0.0016666666666666668,0.002430555555555555,0.3,0.0,0.3,Anchored/Moored,Tanker
600003516,ANCHORED_STR_02,PA,anchored,0.9362245696400625,tanker,0.9999999663458992,0.9362245696400625,0.016728482003129888,0.0,0.0013333333333333335,0.007777777777777777,0.0,0.027824726134585292,0.0,0.01011111111111111,0.002430555555555555,0.3,0.0,0.3,Anchored/Moored,Tanker
600003516,ANCHORED_STR_02,PA,anchored,0.9998094340320136,tanker,0.9999999663435815,0.9998094340320136,0.00014361761117888435,0.0,0.0,0.0,0.0,4.694835680751174e-05,0.0,0.0,0.002430555555555555,0.3,0.0,0.3,Anchored/Moored,Tanker
600003516,ANCHORED_STR_02,PA,anchored,0.9899205451431249,tanker,0.9999999663435815,0.9899205451431249,0.008365839833401107,0.0,0.0,0.0,0.0,0.0017136150234741783,0.0,0.0,0.002430555555555555,0.3,0.0,0.3,Anchored/Moored,Tanker
600003516,ANCHORED_STR_02,PA,anchored,0.9856983229209023,tanker,0.9999999662110464,0.9856983229209023,0.004810284277845551,0.0,0.0,0.0011111111111111111,0.0,0.0050469483568075105,0.0,0.0033333333333333335,0.002430555555555555,0.3,0.0,0.3,Anchored/Moored,Tanker
600003516,ANCHORED_STR_02,PA,anchored,0.9998094340320136,tanker,0.9999999662110464,0.9998094340320136,0.00014361761117888435,0.0,0.0,0.0,0.0,4.694835680751174e-05,0.0,0.0,0.002430555555555555,0.3,0.0,0.3,Anchored/Moored,Tanker
600003516,ANCHORED_STR_02,PA,anchored,0.9998094340320136,tanker,0.9999999662110464,0.9998094340320136,0.00014361761117888435,0.0,0.0,0.0,0.0,4.694835680751174e-05,0.0,0.0,0.002430555555555555,0.3,0.0,0.3,Anchored/Moored,Tanker
600003516,ANCHORED_STR_02,PA,anchored,0.9953094340320138,tanker,0.9999999663435815,0.9953094340320138,0.00014361761117888435,0.0,0.0,0.0,0.0,0.004546948356807512,0.0,0.0,0.002430555555555555,0.3,0.0,0.3,Anchored/Moored,Tanker
600003516,ANCHORED_STR_02,PA,anchored,0.9964761006986803,tanker,0.9999999662110464,0.9964761006986803,0.0034769509445122175,0.0,0.0,0.0,0.0,4.694835680751174e-05,0.0,0.0,0.002430555555555555,0.3,0.0,0.3,Anchored/Moored,Tanker
600003516,ANCHORED_STR_02,PA,anchored,0.9998094340320136,tanker,0.9999999664591936,0.9998094340320136,0.00014361761117888435,0.0,0.0,0.0,0.0,4.694835680751174e-05,0.0,0.0,0.002430555555555555,0.3,0.0,0.3,Anchored/Moored,Tanker
600003516,ANCHORED_STR_02,PA,anchored,0.9998094340320136,tanker,0.9999999662110464,0.9998094340320136,0.00014361761117888435,0.0,0.0,0.0,0.0,4.694835680751174e-05,0.0,0.0,0.002430555555555555,0.3,0.0,0.3,Anchored/Moored,Tanker
600003516,ANCHORED_STR_02,PA,anchored,0.9998094340320136,tanker,0.9999999662110464,0.9998094340320136,0.00014361761117888435,0.0,0.0,0.0,0.0,4.694835680751174e-05,0.0,0.0,0.002430555555555555,0.3,0.0,0.3,Anchored/Moored,Tanker
600003516,ANCHORED_STR_02,PA,anchored,0.9998094340320136,tanker,0.9999999662110464,0.9998094340320136,0.00014361761117888435,0.0,0.0,0.0,0.0,4.694835680751174e-05,0.0,0.0,0.002430555555555555,0.3,0.0,0.3,Anchored/Moored,Tanker
600003516,ANCHORED_STR_02,PA,anchored,0.9964761006986803,tanker,0.9999999662110464,0.9964761006986803,0.0034769509445122175,0.0,0.0,0.0,0.0,4.694835680751174e-05,0.0,0.0,0.002430555555555555,0.3,0.0,0.3,Anchored/Moored,Tanker
600003516,ANCHORED_STR_02,PA,anchored,0.995642767365347,tanker,0.9999999663458992,0.995642767365347,0.0009769509445122177,0.0,0.0,0.0,0.0,0.003380281690140845,0.0,0.0,0.002430555555555555,0.3,0.0,0.3,Anchored/Moored,Tanker
600003516,ANCHORED_STR_02,PA,anchored,0.9894761006986802,tanker,0.9999999663458992,0.9894761006986802,0.0032547287222899953,0.0,0.0,0.0,0.0,0.007269170579029733,0.0,0.0,0.002430555555555555,0.3,0.0,0.3,Anchored/Moored,Tanker
600003516,ANCHORED_STR_02,PA,anchored,0.9986983229209027,tanker,0.9999999664591936,0.9986983229209027,0.00014361761117888435,0.0,0.0,0.0,0.0,0.0011580594679186228,0.0,0.0,0.002430555555555555,0.3,0.0,0.3,Anchored/Moored,Tanker
600003516,ANCHORED_STR_02,PA,anchored,0.9998094340320136,tanker,0.9999999662110464,0.9998094340320136,0.00014361761117888435,0.0,0.0,0.0,0.0,4.694835680751174e-05,0.0,0.0,0.002430555555555555,0.3,0.0,0.3,Anchored/Moored,Tanker
600003516,ANCHORED_STR_02,PA,anchored,0.9986983229209027,tanker,0.9999999662110464,0.9986983229209027,0.0012547287222899953,0.0,0.0,0.0,0.0,4.694835680751174e-05,0.0,0.0,0.002430555555555555,0.3,0.0,0.3,Anchored/Moored,Tanker
600003516,ANCHORED_STR_02,PA,anchored,0.9975872118097914,tanker,0.9999999663435815,0.9975872118097914,0.0012547287222899953,0.0,0.0,0.0,0.0,0.0011580594679186228,0.0,0.0,0.002430555555555555,0.3,0.0,0.3,Anchored/Moored,Tanker
600003516,ANCHORED_STR_02,PA,anchored,0.998142767365347,tanker,0.9999999663458992,0.998142767365347,0.00014361761117888435,0.0,0.0,0.0,0.0,0.0017136150234741783,0.0,0.0,0.002430555555555555,0.3,0.0,0.3,Anchored/Moored,Tanker
600003516,ANCHORED_STR_02,PA,anchored,0.9998094340320136,tanker,0.9999999662110464,0.9998094340320136,0.00014361761117888435,0.0,0.0,0.0,0.0,4.694835680751174e-05,0.0,0.0,0.002430555555555555,0.3,0.0,0.3,Anchored/Moored,Tanker
600003516,ANCHORED_STR_02,PA,anchored,0.9998094340320136,tanker,0.9999999663435815,0.9998094340320136,0.00014361761117888435,0.0,0.0,0.0,0.0,4.694835680751174e-05,0.0,0.0,0.002430555555555555,0.3,0.0,0.3,Anchored/Moored,Tanker
600003516,ANCHORED_STR_02,PA,anchored,0.9859205451431247,tanker,0.9999999663458992,0.9859205451431247,0.007365839833401105,0.0,0.0,0.0,0.0,0.006713615023474178,0.0,0.0,0.002430555555555555,0.3,0.0,0.3,Anchored/Moored,Tanker
600003516,ANCHORED_STR_02,PA,anchored,0.9936983229209024,tanker,0.9999999663458992,0.9936983229209024,0.006254728722289995,0.0,0.0,0.0,0.0,4.694835680751174e-05,0.0,0.0,0.002430555555555555,0.3,0.0,0.3,Anchored/Moored,Tanker
600003516,ANCHORED_STR_02,PA,anchored,0.9931427673653468,tanker,0.9999999662110464,0.9931427673653468,0.002365839833401106,0.0,0.0,0.0,0.0,0.004491392801251956,0.0,0.0,0.002430555555555555,0.3,0.0,0.3,Anchored/Moored,Tanker
600003516,ANCHORED_STR_02,PA,anchored,0.9975872118097914,tanker,0.9999999662110464,0.9975872118097914,0.002365839833401106,0.0,0.0,0.0,0.0,4.694835680751174e-05,0.0,0.0,0.002430555555555555,0.3,0.0,0.3,Anchored/Moored,Tanker
600003517,ANCHORED_STR_03,MH,anchored,0.8398544973544972,cargo,0.9999999574140557,0.8398544973544972,0.014716931216931215,0.0011111111111111111,0.0027777777777777775,0.007407407407407408,0.0,0.030460317460317465,0.09867195767195767,0.005,0.002430555555555555,0.0,0.0,0.002430555555555555,Anchored/Moored,Cargo
600003517,ANCHORED_STR_03,MH,anchored,0.9282592592592592,cargo,0.9999999781822031,0.9282592592592592,0.02874074074074074,0.0011111111111111111,0.0022222222222222222,0.00712962962962963,0.0,0.026388888888888885,0.006148148148148147,0.0,0.002430555555555555,0.0,0.0,0.002430555555555555,Anchored/Moored,Cargo
600003517,ANCHORED_STR_03,MH,anchored,0.9392222222222222,cargo,0.9999999706990019,0.9392222222222222,0.03316666666666667,0.0,0.0022222222222222222,0.0,0.0,0.019555555555555555,0.004166666666666667,0.0016666666666666668,0.002430555555555555,0.0,0.0,0.002430555555555555,Anchored/Moored,Cargo
600003517,ANCHORED_STR_03,MH,anchored,0.9998094340320136,cargo,0.9999999786494613,0.9998094340320136,0.00014361761117888435,0.0,0.0,0.0,0.0,4.694835680751174e-05,0.0,0.0,0.002430555555555555,0.0,0.0,0.002430555555555555,Anchored/Moored,Cargo
600003517,ANCHORED_STR_03,MH,anchored,0.992031656254236,cargo,0.9999999786516838,0.992031656254236,0.006254728722289995,0.0,0.0,0.0,0.0,0.0017136150234741783,0.0,0.0,0.002430555555555555,0.0,0.0,0.002430555555555555,Anchored/Moored,Cargo
600003517,ANCHORED_STR_03,MH,anchored,0.9998094340320136,cargo,0.9999999786516838,0.9998094340320136,0.00014361761117888435,0.0,0.0,0.0,0.0,4.694835680751174e-05,0.0,0.0,0.002430555555555555,0.0,0.0,0.002430555555555555,Anchored/Moored,Cargo
600003517,ANCHORED_STR_03,MH,anchored,0.9998094340320136,cargo,0.9999999786516838,0.9998094340320136,0.00014361761117888435,0.0,0.0,0.0,0.0,4.694835680751174e-05,0.0,0.0,0.002430555555555555,0.0,0.0,0.002430555555555555,Anchored/Moored,Cargo
600003517,ANCHORED_STR_03,MH,anchored,0.9986983229209027,cargo,0.9999999786539506,0.9986983229209027,0.00014361761117888435,0.0,0.0,0.0,0.0,0.0011580594679186228,0.0,0.0,0.002430555555555555,0.0,0.0,0.002430555555555555,Anchored/Moored,Cargo
600003517,ANCHORED_STR_03,MH,anchored,0.9998094340320136,cargo,0.9999999786516838,0.9998094340320136,0.00014361761117888435,0.0,0.0,0.0,0.0,4.694835680751174e-05,0.0,0.0,0.002430555555555555,0.0,0.0,0.002430555555555555,Anchored/Moored,Cargo
600003517,ANCHORED_STR_03,MH,anchored,0.9998094340320136,cargo,0.9999999786516838,0.9998094340320136,0.00014361761117888435,0.0,0.0,0.0,0.0,4.694835680751174e-05,0.0,0.0,0.002430555555555555,0.0,0.0,0.002430555555555555,Anchored/Moored,Cargo
600003517,ANCHORED_STR_03,MH,anchored,0.9986983229209027,cargo,0.9999999786539506,0.9986983229209027,0.00014361761117888435,0.0,0.0,0.0,0.0,0.0011580594679186228,0.0,0.0,0.002430555555555555,0.0,0.0,0.002430555555555555,Anchored/Moored,Cargo
600003517,ANCHORED_STR_03,MH,anchored,0.9998094340320136,cargo,0.9999999786516838,0.9998094340320136,0.00014361761117888435,0.0,0.0,0.0,0.0,4.694835680751174e-05,0.0,0.0,0.002430555555555555,0.0,0.0,0.002430555555555555,Anchored/Moored,Cargo
600003517,ANCHORED_STR_03,MH,anchored,0.9709761006986802,cargo,0.9999999786516838,0.9709761006986802,0.027310284277845546,0.0,0.0,0.0,0.0,0.0017136150234741783,0.0,0.0,0.002430555555555555,0.0,0.0,0.002430555555555555,Anchored/Moored,Cargo
600003517,ANCHORED_STR_03,MH,anchored,0.9784205451431249,cargo,0.9999999786516838,0.9784205451431249,0.018199173166734438,0.0,0.0,0.0,0.0,0.003380281690140845,0.0,0.0,0.002430555555555555,0.0,0.0,0.002430555555555555,Anchored/Moored,Cargo
600003517,ANCHORED_STR_03,MH,anchored,0.9959205451431247,cargo,0.9999999786516838,0.9959205451431247,0.004032506500067774,0.0,0.0,0.0,0.0,4.694835680751174e-05,0.0,0.0,0.002430555555555555,0.0,0.0,0.002430555555555555,Anchored/Moored,Cargo
600003517,ANCHORED_STR_03,MH,anchored,0.9986983229209027,cargo,0.9999999786516838,0.9986983229209027,0.0012547287222899953,0.0,0.0,0.0,0.0,4.694835680751174e-05,0.0,0.0,0.002430555555555555,0.0,0.0,0.002430555555555555,Anchored/Moored,Cargo
600003517,ANCHORED_STR_03,MH,anchored,0.9964761006986803,cargo,0.9999999786494613,0.9964761006986803,0.0018102842778455507,0.0,0.0,0.0,0.0,0.0017136150234741783,0.0,0.0,0.002430555555555555,0.0,0.0,0.002430555555555555,Anchored/Moored,Cargo
600003517,ANCHORED_STR_03,MH,anchored,0.9998094340320136,cargo,0.9999999786494613,0.9998094340320136,0.00014361761117888435,0.0,0.0,0.0,0.0,4.694835680751174e-05,0.0,0.0,0.002430555555555555,0.0,0.0,0.002430555555555555,Anchored/Moored,Cargo
600003517,ANCHORED_STR_03,MH,anchored,0.9998094340320136,cargo,0.9999999786516838,0.9998094340320136,0.00014361761117888435,0.0,0.0,0.0,0.0,4.694835680751174e-05,0.0,0.0,0.002430555555555555,0.0,0.0,0.002430555555555555,Anchored/Moored,Cargo
600003517,ANCHORED_STR_03,MH,anchored,0.9998094340320136,cargo,0.9999999786516838,0.9998094340320136,0.00014361761117888435,0.0,0.0,0.0,0.0,4.694835680751174e-05,0.0,0.0,0.002430555555555555,0.0,0.0,0.002430555555555555,Anchored/Moored,Cargo
600003517,ANCHORED_STR_03,MH,anchored,0.9861983229209024,cargo,0.9999999786494613,0.9861983229209024,0.00819917316673444,0.0,0.0,0.0,0.0,0.005602503912363067,0.0,0.0,0.002430555555555555,0.0,0.0,0.002430555555555555,Anchored/Moored,Cargo
600003517,ANCHORED_STR_03,MH,anchored,0.9998094340320136,cargo,0.9999999786494613,0.9998094340320136,0.00014361761117888435,0.0,0.0,0.0,0.0,4.694835680751174e-05,0.0,0.0,0.002430555555555555,0.0,0.0,0.002430555555555555,Anchored/Moored,Cargo
600003517,ANCHORED_STR_03,MH,anchored,0.998142767365347,cargo,0.9999999786494613,0.998142767365347,0.0018102842778455511,0.0,0.0,0.0,0.0,4.694835680751174e-05,0.0,0.0,0.002430555555555555,0.0,0.0,0.002430555555555555,Anchored/Moored,Cargo
600003517,ANCHORED_STR_03,MH,anchored,0.9820023474178405,cargo,0.9999999786494613,0.9820023474178405,0.00561737089201878,0.0,0.0,0.0,0.0,0.010713615023474178,0.0008333333333333334,0.0008333333333333334,0.002430555555555555,0.0,0.0,0.002430555555555555,Anchored/Moored,Cargo
600003517,ANCHORED_STR_03,MH,anchored,0.9975872118097914,cargo,0.9999999786516838,0.9975872118097914,0.00014361761117888435,0.0,0.0,0.0,0.0,4.694835680751174e-05,0.0022222222222222222,0.0,0.002430555555555555,0.0,0.0,0.002430555555555555,Anchored/Moored,Cargo
600003517,ANCHORED_STR_03,MH,anchored,0.9949205451431249,cargo,0.9999999786516838,0.9949205451431249,0.002810284277845551,0.0,0.0,0.0,0.0,4.694835680751174e-05,0.0022222222222222222,0.0,0.002430555555555555,0.0,0.0,0.002430555555555555,Anchored/Moored,Cargo
600003517,ANCHORED_STR_03,MH,anchored,0.9975872118097914,cargo,0.9999999786494613,0.9975872118097914,0.00014361761117888435,0.0,0.0,0.0,0.0,4.694835680751174e-05,0.0022222222222222222,0.0,0.002430555555555555,0.0,0.0,0.002430555555555555,Anchored/Moored,Cargo
600003518,ANCHORED_STR_04,MH,anchored,0.8166124338624339,cargo,0.9999999487318729,0.8166124338624339,0.03546296296296296,0.0011111111111111111,0.0038888888888888883,0.004907407407407407,0.0,0.04712301587301587,0.08756084656084653,0.0033333333333333335,0.002430555555555555,0.0,0.0,0.002430555555555555,Anchored/Moored,Cargo
600003518,ANCHORED_STR_04,MH,anchored,0.8877777777777777,cargo,0.9999999772789122,0.8877777777777777,0.03916666666666666,0.0033333333333333335,0.0033333333333333335,0.004166666666666667,0.0,0.057388888888888885,0.004833333333333334,0.0,0.002430555555555555,0.0,0.0,0.002430555555555555,Anchored/Moored,Cargo
600003518,ANCHORED_STR_04,MH,anchored,0.9609205451431247,cargo,0.9999999777754103,0.9609205451431247,0.03486583983340111,0.0,0.0,0.0,0.0,0.0025469483568075118,0.0016666666666666668,0.0,0.002430555555555555,0.0,0.0,0.002430555555555555,Anchored/Moored,Cargo
600003518,ANCHORED_STR_04,MH,anchored,0.9787538784764581,cargo,0.9999999777754103,0.9787538784764581,0.021199173166734444,0.0,0.0,0.0,0.0,4.694835680751174e-05,0.0,0.0,0.002430555555555555,0.0,0.0,0.002430555555555555,Anchored/Moored,Cargo
600003518,ANCHORED_STR_04,MH,anchored,0.9875872118097914,cargo,0.9999999777729267,0.9875872118097914,0.01069917316673444,0.0,0.0,0.0,0.0,0.0017136150234741783,0.0,0.0,0.002430555555555555,0.0,0.0,0.002430555555555555,Anchored/Moored,Cargo
600003518,ANCHORED_STR_04,MH,anchored,0.9428912363067293,cargo,0.9999999777729267,0.9428912363067293,0.013395148669796558,0.0,0.0013333333333333335,0.0011111111111111111,0.0,0.032935837245696396,0.005277777777777778,0.0030555555555555553,0.002430555555555555,0.0,0.0,0.002430555555555555,Anchored/Moored,Cargo
600003518,ANCHORED_STR_04,MH,anchored,0.9998094340320136,cargo,0.9999999777754103,0.9998094340320136,0.00014361761117888435,0.0,0.0,0.0,0.0,4.694835680751174e-05,0.0,0.0,0.002430555555555555,0.0,0.0,0.002430555555555555,Anchored/Moored,Cargo
600003518,ANCHORED_STR_04,MH,anchored,0.9998094340320136,cargo,0.9999999779073483,0.9998094340320136,0.00014361761117888435,0.0,0.0,0.0,0.0,4.694835680751174e-05,0.0,0.0,0.002430555555555555,0.0,0.0,0.002430555555555555,Anchored/Moored,Cargo
600003518,ANCHORED_STR_04,MH,anchored,0.9998094340320136,cargo,0.9999999779073483,0.9998094340320136,0.00014361761117888435,0.0,0.0,0.0,0.0,4.694835680751174e-05,0.0,0.0,0.002430555555555555,0.0,0.0,0.002430555555555555,Anchored/Moored,Cargo
600003518,ANCHORED_STR_04,MH,anchored,0.9998094340320136,cargo,0.9999999777729267,0.9998094340320136,0.00014361761117888435,0.0,0.0,0.0,0.0,4.694835680751174e-05,0.0,0.0,0.002430555555555555,0.0,0.0,0.002430555555555555,Anchored/Moored,Cargo
600003518,ANCHORED_STR_04,MH,anchored,0.9998094340320136,cargo,0.9999999779073483,0.9998094340320136,0.00014361761117888435,0.0,0.0,0.0,0.0,4.694835680751174e-05,0.0,0.0,0.002430555555555555,0.0,0.0,0.002430555555555555,Anchored/Moored,Cargo
600003518,ANCHORED_STR_04,MH,anchored,0.9998094340320136,cargo,0.9999999779073483,0.9998094340320136,0.00014361761117888435,0.0,0.0,0.0,0.0,4.694835680751174e-05,0.0,0.0,0.002430555555555555,0.0,0.0,0.002430555555555555,Anchored/Moored,Cargo
600003518,ANCHORED_STR_04,MH,anchored,0.9998094340320136,cargo,0.9999999777754103,0.9998094340320136,0.00014361761117888435,0.0,0.0,0.0,0.0,4.694835680751174e-05,0.0,0.0,0.002430555555555555,0.0,0.0,0.002430555555555555,Anchored/Moored,Cargo
600003518,ANCHORED_STR_04,MH,anchored,0.9998094340320136,cargo,0.9999999777729267,0.9998094340320136,0.00014361761117888435,0.0,0.0,0.0,0.0,4.694835680751174e-05,0.0,0.0,0.002430555555555555,0.0,0.0,0.002430555555555555,Anchored/Moored,Cargo
600003518,ANCHORED_STR_04,MH,anchored,0.9603649895875693,cargo,0.9999999777729267,0.9603649895875693,0.01069917316673444,0.0,0.002666666666666667,0.0,0.0,0.02460250391236307,0.0016666666666666668,0.0,0.002430555555555555,0.0,0.0,0.002430555555555555,Anchored/Moored,Cargo
600003518,ANCHORED_STR_04,MH,anchored,0.989753878476458,cargo,0.9999999777729267,0.989753878476458,0.004032506500067774,0.0,0.0,0.0,0.0,0.004546948356807512,0.0,0.0016666666666666668,0.002430555555555555,0.0,0.0,0.002430555555555555,Anchored/Moored,Cargo
600003518,ANCHORED_STR_04,MH,anchored,0.9998094340320136,cargo,0.9999999777754103,0.9998094340320136,0.00014361761117888435,0.0,0.0,0.0,0.0,4.694835680751174e-05,0.0,0.0,0.002430555555555555,0.0,0.0,0.002430555555555555,Anchored/Moored,Cargo
600003518,ANCHORED_STR_04,MH,anchored,0.9998094340320136,cargo,0.9999999779073483,0.9998094340320136,0.00014361761117888435,0.0,0.0,0.0,0.0,4.694835680751174e-05,0.0,0.0,0.002430555555555555,0.0,0.0,0.002430555555555555,Anchored/Moored,Cargo
600003518,ANCHORED_STR_04,MH,anchored,0.9986983229209027,cargo,0.9999999779073483,0.9986983229209027,0.00014361761117888435,0.0,0.0,0.0,0.0,0.0011580594679186228,0.0,0.0,0.002430555555555555,0.0,0.0,0.002430555555555555,Anchored/Moored,Cargo
600003518,ANCHORED_STR_04,MH,anchored,0.9998094340320136,cargo,0.9999999779073483,0.9998094340320136,0.00014361761117888435,0.0,0.0,0.0,0.0,4.694835680751174e-05,0.0,0.0,0.002430555555555555,0.0,0.0,0.002430555555555555,Anchored/Moored,Cargo
600003518,ANCHORED_STR_04,MH,anchored,0.9998094340320136,cargo,0.9999999777754103,0.9998094340320136,0.00014361761117888435,0.0,0.0,0.0,0.0,4.694835680751174e-05,0.0,0.0,0.002430555555555555,0.0,0.0,0.002430555555555555,Anchored/Moored,Cargo
600003518,ANCHORED_STR_04,MH,anchored,0.9898649895875692,cargo,0.9999999777754103,0.9898649895875692,0.010088062055623327,0.0,0.0,0.0,0.0,4.694835680751174e-05,0.0,0.0,0.002430555555555555,0.0,0.0,0.002430555555555555,Anchored/Moored,Cargo
600003518,ANCHORED_STR_04,MH,anchored,0.9986983229209027,cargo,0.9999999777729267,0.9986983229209027,0.0012547287222899953,0.0,0.0,0.0,0.0,4.694835680751174e-05,0.0,0.0,0.002430555555555555,0.0,0.0,0.002430555555555555,Anchored/Moored,Cargo
600003518,ANCHORED_STR_04,MH,anchored,0.9892538784764581,cargo,0.9999999777754103,0.9892538784764581,0.005143617611178883,0.0,0.0,0.0,0.0,0.005602503912363067,0.0,0.0,0.002430555555555555,0.0,0.0,0.002430555555555555,Anchored/Moored,Cargo
600003518,ANCHORED_STR_04,MH,anchored,0.997031656254236,cargo,0.9999999777754103,0.997031656254236,0.002921395388956662,0.0,0.0,0.0,0.0,4.694835680751174e-05,0.0,0.0,0.002430555555555555,0.0,0.0,0.002430555555555555,Anchored/Moored,Cargo
600003518,ANCHORED_STR_04,MH,anchored,0.9836983229209026,cargo,0.9999999777754103,0.9836983229209026,0.007365839833401107,0.0,0.0,0.0011111111111111111,0.0,0.0039358372456964,0.0,0.0038888888888888883,0.002430555555555555,0.0,0.0,0.002430555555555555,Anchored/Moored,Cargo
600003518,ANCHORED_STR_04,MH,anchored,0.992031656254236,cargo,0.9999999777729267,0.992031656254236,0.006254728722289995,0.0,0.0,0.0,0.0,0.0017136150234741783,0.0,0.0,0.002430555555555555,0.0,0.0,0.002430555555555555,Anchored/Moored,Cargo
700033514,VESSEL_STR_000,PA,transit,1.0,purse_seiner,0.9999999803878966,0.0,0.0,0.0,0.0,0.0,0.0,0.0,1.0,0.0,0.002430555555555555,0.3,0.0,0.3,Transit,Fishing - Purse Seiner
700033514,VESSEL_STR_000,PA,transit,1.0,purse_seiner,0.9999999803878966,0.0,0.0,0.0,0.0,0.0,0.0,0.0,1.0,0.0,0.002430555555555555,0.3,0.0,0.3,Transit,Fishing - Purse Seiner
700033514,VESSEL_STR_000,PA,transit,1.0,purse_seiner,0.9999999803878966,0.0,0.0,0.0,0.0,0.0,0.0,0.0,1.0,0.0,0.002430555555555555,0.3,0.0,0.3,Transit,Fishing - Purse Seiner
700033514,VESSEL_STR_000,PA,transit,1.0,purse_seiner,0.9999999803878966,0.0,0.0,0.0,0.0,0.0,0.0,0.0,1.0,0.0,0.002430555555555555,0.3,0.0,0.3,Transit,Fishing - Purse Seiner
700033514,VESSEL_STR_000,PA,transit,1.0,purse_seiner,0.9999999803878966,0.0,0.0,0.0,0.0,0.0,0.0,0.0,1.0,0.0,0.002430555555555555,0.3,0.0,0.3,Transit,Fishing - Purse Seiner
700033514,VESSEL_STR_000,PA,transit,1.0,purse_seiner,0.9999999803878966,0.0,0.0,0.0,0.0,0.0,0.0,0.0,1.0,0.0,0.002430555555555555,0.3,0.0,0.3,Transit,Fishing - Purse Seiner
700033514,VESSEL_STR_000,PA,transit,1.0,purse_seiner,0.9999999803914682,0.0,0.0,0.0,0.0,0.0,0.0,0.0,1.0,0.0,0.002430555555555555,0.3,0.0,0.3,Transit,Fishing - Purse Seiner
700033514,VESSEL_STR_000,PA,transit,1.0,purse_seiner,0.9999999803914682,0.0,0.0,0.0,0.0,0.0,0.0,0.0,1.0,0.0,0.002430555555555555,0.3,0.0,0.3,Transit,Fishing - Purse Seiner
700033514,VESSEL_STR_000,PA,transit,0.8742777777777777,purse_seiner,0.9999999730607277,0.0,0.0,0.0,0.06698148148148149,0.005462962962962963,0.04994444444444445,0.0,0.8742777777777777,0.0033333333333333335,0.002430555555555555,0.3,0.0,0.3,Transit,Fishing - Purse Seiner
700033514,VESSEL_STR_000,PA,fishing,0.9645555555555557,purse_seiner,0.9999999709599336,0.0,0.0,0.0,0.9645555555555557,0.010777777777777778,0.0,0.0022222222222222222,0.016944444444444443,0.0055,0.002430555555555555,0.8999999999999999,0.0,0.8999999999999999,Fishing,Fishing - Purse Seiner
700033514,VESSEL_STR_000,PA,fishing,0.9941666666666666,purse_seiner,0.999999973050537,0.0,0.0,0.0,0.9941666666666666,0.0016666666666666668,0.0,0.0,0.004166666666666667,0.0,0.002430555555555555,0.8999999999999999,0.0,0.8999999999999999,Fishing,Fishing - Purse Seiner
700033514,VESSEL_STR_000,PA,fishing,0.9975,purse_seiner,0.9999999726345982,0.0,0.0,0.0,0.9975,0.0,0.0,0.0,0.0025,0.0,0.002430555555555555,0.8999999999999999,0.0,0.8999999999999999,Fishing,Fishing - Purse Seiner
700033514,VESSEL_STR_000,PA,fishing,0.9977777777777778,purse_seiner,0.9999999726345982,0.0,0.0,0.0,0.9977777777777778,0.0022222222222222222,0.0,0.0,0.0,0.0,0.002430555555555555,0.8999999999999999,0.0,0.8999999999999999,Fishing,Fishing - Purse Seiner
700033514,VESSEL_STR_000,PA,fishing,1.0,purse_seiner,0.9999999726345982,0.0,0.0,0.0,1.0,0.0,0.0,0.0,0.0,0.0,0.002430555555555555,0.8999999999999999,0.0,0.8999999999999999,Fishing,Fishing - Purse Seiner
700033514,VESSEL_STR_000,PA,fishing,1.0,purse_seiner,0.9999999725566283,0.0,0.0,0.0,1.0,0.0,0.0,0.0,0.0,0.0,0.002430555555555555,0.8999999999999999,0.0,0.8999999999999999,Fishing,Fishing - Purse Seiner
700033514,VESSEL_STR_000,PA,fishing,1.0,purse_seiner,0.9999999725566283,0.0,0.0,0.0,1.0,0.0,0.0,0.0,0.0,0.0,0.002430555555555555,0.8999999999999999,0.0,0.8999999999999999,Fishing,Fishing - Purse Seiner
700033514,VESSEL_STR_000,PA,fishing,0.9975,purse_seiner,0.9999999732099398,0.0,0.0,0.0,0.9975,0.0,0.0,0.0,0.0025,0.0,0.002430555555555555,0.8999999999999999,0.0,0.8999999999999999,Fishing,Fishing - Purse Seiner
700033514,VESSEL_STR_000,PA,fishing,1.0,purse_seiner,0.9999999726345982,0.0,0.0,0.0,1.0,0.0,0.0,0.0,0.0,0.0,0.002430555555555555,0.8999999999999999,0.0,0.8999999999999999,Fishing,Fishing - Purse Seiner
700033514,VESSEL_STR_000,PA,fishing,1.0,purse_seiner,0.999999972578235,0.0,0.0,0.0,1.0,0.0,0.0,0.0,0.0,0.0,0.002430555555555555,0.8999999999999999,0.0,0.8999999999999999,Fishing,Fishing - Purse Seiner
700033514,VESSEL_STR_000,PA,fishing,1.0,purse_seiner,0.999999972561504,0.0,0.0,0.0,1.0,0.0,0.0,0.0,0.0,0.0,0.002430555555555555,0.8999999999999999,0.0,0.8999999999999999,Fishing,Fishing - Purse Seiner
700033514,VESSEL_STR_000,PA,fishing,1.0,purse_seiner,0.9999999725566283,0.0,0.0,0.0,1.0,0.0,0.0,0.0,0.0,0.0,0.002430555555555555,0.8999999999999999,0.0,0.8999999999999999,Fishing,Fishing - Purse Seiner
700033514,VESSEL_STR_000,PA,fishing,1.0,purse_seiner,0.9999999725566283,0.0,0.0,0.0,1.0,0.0,0.0,0.0,0.0,0.0,0.002430555555555555,0.8999999999999999,0.0,0.8999999999999999,Fishing,Fishing - Purse Seiner
700033514,VESSEL_STR_000,PA,transit,0.7278359788359791,purse_seiner,0.9999999716340972,0.009333333333333332,0.0031746031746031746,0.0061111111111111106,0.20256349206349206,0.024166666666666666,0.01411111111111111,0.004537037037037037,0.7278359788359791,0.008166666666666668,0.002430555555555555,0.3,0.0,0.3,Transit,Fishing - Purse Seiner
700033514,VESSEL_STR_000,PA,transit,0.9955555555555554,purse_seiner,0.9999999267170434,0.0,0.0016666666666666668,0.0,0.0011111111111111111,0.0,0.0016666666666666668,0.0,0.9955555555555554,0.0,0.002430555555555555,0.3,0.0,0.3,Transit,Fishing - Purse Seiner
700033514,VESSEL_STR_000,PA,transit,1.0,purse_seiner,0.9999998982686117,0.0,0.0,0.0,0.0,0.0,0.0,0.0,1.0,0.0,0.002430555555555555,0.3,0.0,0.3,Transit,Fishing - Purse Seiner
700033514,VESSEL_STR_000,PA,transit,0.9926666666666667,purse_seiner,0.9999999730609955,0.0033333333333333335,0.0,0.0,0.004000000000000001,0.0,0.0,0.0,0.9926666666666667,0.0,0.002430555555555555,0.3,0.0,0.3,Transit,Fishing - Purse Seiner
700033514,VESSEL_STR_000,PA,fishing,0.8324285714285714,purse_seiner,0.9999999709481191,0.0011111111111111111,0.0,0.0,0.8324285714285714,0.0033333333333333335,0.06712698412698413,0.0,0.09266666666666667,0.0033333333333333335,0.002430555555555555,0.8999999999999999,0.0,0.8999999999999999,Fishing,Fishing - Purse Seiner
700033514,VESSEL_STR_000,PA,fishing,0.9902777777777777,purse_seiner,0.999999973050537,0.0,0.0,0.0016666666666666668,0.9902777777777777,0.0,0.0,0.0,0.008055555555555555,0.0,0.002430555555555555,0.8999999999999999,0.0,0.8999999999999999,Fishing,Fishing - Purse Seiner
700033514,VESSEL_STR_000,PA,fishing,0.9983333333333333,purse_seiner,0.9999999732088063,0.0,0.0,0.0016666666666666668,0.9983333333333333,0.0,0.0,0.0,0.0,0.0,0.002430555555555555,0.8999999999999999,0.0,0.8999999999999999,Fishing,Fishing - Purse Seiner
700033514,VESSEL_STR_000,PA,fishing,1.0,purse_seiner,0.9999999725566283,0.0,0.0,0.0,1.0,0.0,0.0,0.0,0.0,0.0,0.002430555555555555,0.8999999999999999,0.0,0.8999999999999999,Fishing,Fishing - Purse Seiner
700033514,VESSEL_STR_000,PA,fishing,0.9975,purse_seiner,0.9999999725566283,0.0,0.0,0.0,0.9975,0.0,0.0,0.0,0.0025,0.0,0.002430555555555555,0.8999999999999999,0.0,0.8999999999999999,Fishing,Fishing - Purse Seiner
700033514,VESSEL_STR_000,PA,fishing,1.0,purse_seiner,0.9999999726345982,0.0,0.0,0.0,1.0,0.0,0.0,0.0,0.0,0.0,0.002430555555555555,0.8999999999999999,0.0,0.8999999999999999,Fishing,Fishing - Purse Seiner
700033514,VESSEL_STR_000,PA,fishing,1.0,purse_seiner,0.9999999726345982,0.0,0.0,0.0,1.0,0.0,0.0,0.0,0.0,0.0,0.002430555555555555,0.8999999999999999,0.0,0.8999999999999999,Fishing,Fishing - Purse Seiner
700033514,VESSEL_STR_000,PA,fishing,1.0,purse_seiner,0.9999999725566283,0.0,0.0,0.0,1.0,0.0,0.0,0.0,0.0,0.0,0.002430555555555555,0.8999999999999999,0.0,0.8999999999999999,Fishing,Fishing - Purse Seiner
700033514,VESSEL_STR_000,PA,fishing,1.0,purse_seiner,0.9999999725566283,0.0,0.0,0.0,1.0,0.0,0.0,0.0,0.0,0.0,0.002430555555555555,0.8999999999999999,0.0,0.8999999999999999,Fishing,Fishing - Purse Seiner
700033514,VESSEL_STR_000,PA,fishing,0.9626666666666667,purse_seiner,0.9999999730537735,0.0,0.0,0.0,0.9626666666666667,0.0033333333333333335,0.0,0.0,0.028888888888888888,0.0051111111111111105,0.002430555555555555,0.8999999999999999,0.0,0.8999999999999999,Fishing,Fishing - Purse Seiner
700033514,VESSEL_STR_000,PA,transit,0.9794444444444446,purse_seiner,0.9999999229151755,0.009999999999999998,0.0,0.0,0.008888888888888889,0.0,0.0,0.0016666666666666668,0.9794444444444446,0.0,0.002430555555555555,0.3,0.0,0.3,Transit,Fishing - Purse Seiner
700033514,VESSEL_STR_000,PA,transit,1.0,purse_seiner,0.9999998983256896,0.0,0.0,0.0,0.0,0.0,0.0,0.0,1.0,0.0,0.002430555555555555,0.3,0.0,0.3,Transit,Fishing - Purse Seiner
700033514,VESSEL_STR_000,PA,transit,1.0,purse_seiner,0.9999999803912124,0.0,0.0,0.0,0.0,0.0,0.0,0.0,1.0,0.0,0.002430555555555555,0.3,0.0,0.3,Transit,Fishing - Purse Seiner
700033514,VESSEL_STR_000,PA,transit,1.0,purse_seiner,0.9999999803876408,0.0,0.0,0.0,0.0,0.0,0.0,0.0,1.0,0.0,0.002430555555555555,0.3,0.0,0.3,Transit,Fishing - Purse Seiner
700033514,VESSEL_STR_000,PA,transit,1.0,purse_seiner,0.9999999803878966,0.0,0.0,0.0,0.0,0.0,0.0,0.0,1.0,0.0,0.002430555555555555,0.3,0.0,0.3,Transit,Fishing - Purse Seiner
700033514,VESSEL_STR_000,PA,transit,1.0,purse_seiner,0.9999999803878966,0.0,0.0,0.0,0.0,0.0,0.0,0.0,1.0,0.0,0.002430555555555555,0.3,0.0,0.3,Transit,Fishing - Purse Seiner
700033514,VESSEL_STR_000,PA,transit,1.0,purse_seiner,0.9999999803878966,0.0,0.0,0.0,0.0,0.0,0.0,0.0,1.0,0.0,0.002430555555555555,0.3,0.0,0.3,Transit,Fishing - Purse Seiner
700033514,VESSEL_STR_000,PA,transit,1.0,purse_seiner,0.9999999803878966,0.0,0.0,0.0,0.0,0.0,0.0,0.0,1.0,0.0,0.002430555555555555,0.3,0.0,0.3,Transit,Fishing - Purse Seiner
700033514,VESSEL_STR_000,PA,transit,1.0,purse_seiner,0.9999999803878966,0.0,0.0,0.0,0.0,0.0,0.0,0.0,1.0,0.0,0.002430555555555555,0.3,0.0,0.3,Transit,Fishing - Purse Seiner
700033514,VESSEL_STR_000,PA,transit,0.9977777777777778,purse_seiner,0.9999999803914682,0.0,0.0,0.0,0.0,0.0,0.0,0.0022222222222222222,0.9977777777777778,0.0,0.002430555555555555,0.3,0.0,0.3,Transit,Fishing - Purse Seiner
700033514,VESSEL_STR_000,PA,transit,1.0,purse_seiner,0.9999999803874701,0.0,0.0,0.0,0.0,0.0,0.0,0.0,1.0,0.0,0.002430555555555555,0.3,0.0,0.3,Transit,Fishing - Purse Seiner
700033514,VESSEL_STR_000,PA,transit,1.0,purse_seiner,0.9999999803914682,0.0,0.0,0.0,0.0,0.0,0.0,0.0,1.0,0.0,0.002430555555555555,0.3,0.0,0.3,Transit,Fishing - Purse Seiner
700033514,VESSEL_STR_000,PA,transit,1.0,purse_seiner,0.9999999803878966,0.0,0.0,0.0,0.0,0.0,0.0,0.0,1.0,0.0,0.002430555555555555,0.3,0.0,0.3,Transit,Fishing - Purse Seiner
700033514,VESSEL_STR_000,PA,transit,1.0,purse_seiner,0.9999999803878966,0.0,0.0,0.0,0.0,0.0,0.0,0.0,1.0,0.0,0.002430555555555555,0.3,0.0,0.3,Transit,Fishing - Purse Seiner
700033514,VESSEL_STR_000,PA,transit,1.0,purse_seiner,0.9999999803914682,0.0,0.0,0.0,0.0,0.0,0.0,0.0,1.0,0.0,0.002430555555555555,0.3,0.0,0.3,Transit,Fishing - Purse Seiner
700033514,VESSEL_STR_000,PA,transit,1.0,purse_seiner,0.9999999803878966,0.0,0.0,0.0,0.0,0.0,0.0,0.0,1.0,0.0,0.002430555555555555,0.3,0.0,0.3,Transit,Fishing - Purse Seiner
700033514,VESSEL_STR_000,PA,transit,1.0,purse_seiner,0.9999999803876408,0.0,0.0,0.0,0.0,0.0,0.0,0.0,1.0,0.0,0.002430555555555555,0.3,0.0,0.3,Transit,Fishing - Purse Seiner
700033514,VESSEL_STR_000,PA,transit,1.0,purse_seiner,0.9999999803876408,0.0,0.0,0.0,0.0,0.0,0.0,0.0,1.0,0.0,0.002430555555555555,0.3,0.0,0.3,Transit,Fishing - Purse Seiner
700033514,VESSEL_STR_000,PA,transit,1.0,purse_seiner,0.9999999803878966,0.0,0.0,0.0,0.0,0.0,0.0,0.0,1.0,0.0,0.002430555555555555,0.3,0.0,0.3,Transit,Fishing - Purse Seiner
700033514,VESSEL_STR_000,PA,transit,1.0,purse_seiner,0.9999999803878966,0.0,0.0,0.0,0.0,0.0,0.0,0.0,1.0,0.0,0.002430555555555555,0.3,0.0,0.3,Transit,Fishing - Purse Seiner
700033514,VESSEL_STR_000,PA,transit,1.0,purse_seiner,0.9999999803876408,0.0,0.0,0.0,0.0,0.0,0.0,0.0,1.0,0.0,0.002430555555555555,0.3,0.0,0.3,Transit,Fishing - Purse Seiner
700033514,VESSEL_STR_000,PA,transit,1.0,purse_seiner,0.9999999803876408,0.0,0.0,0.0,0.0,0.0,0.0,0.0,1.0,0.0,0.002430555555555555,0.3,0.0,0.3,Transit,Fishing - Purse Seiner
700033514,VESSEL_STR_000,PA,transit,1.0,purse_seiner,0.9999999803878966,0.0,0.0,0.0,0.0,0.0,0.0,0.0,1.0,0.0,0.002430555555555555,0.3,0.0,0.3,Transit,Fishing - Purse Seiner
700033514,VESSEL_STR_000,PA,transit,1.0,purse_seiner,0.9999999803914682,0.0,0.0,0.0,0.0,0.0,0.0,0.0,1.0,0.0,0.002430555555555555,0.3,0.0,0.3,Transit,Fishing - Purse Seiner
700033514,VESSEL_STR_000,PA,transit,1.0,purse_seiner,0.9999999803876408,0.0,0.0,0.0,0.0,0.0,0.0,0.0,1.0,0.0,0.002430555555555555,0.3,0.0,0.3,Transit,Fishing - Purse Seiner
700033514,VESSEL_STR_000,PA,transit,1.0,purse_seiner,0.9999999803876408,0.0,0.0,0.0,0.0,0.0,0.0,0.0,1.0,0.0,0.002430555555555555,0.3,0.0,0.3,Transit,Fishing - Purse Seiner
700033514,VESSEL_STR_000,PA,transit,1.0,purse_seiner,0.9999999803876408,0.0,0.0,0.0,0.0,0.0,0.0,0.0,1.0,0.0,0.002430555555555555,0.3,0.0,0.3,Transit,Fishing - Purse Seiner
700033514,VESSEL_STR_000,PA,transit,1.0,purse_seiner,0.9999999803876408,0.0,0.0,0.0,0.0,0.0,0.0,0.0,1.0,0.0,0.002430555555555555,0.3,0.0,0.3,Transit,Fishing - Purse Seiner
700033514,VESSEL_STR_000,PA,transit,1.0,purse_seiner,0.9999999803876408,0.0,0.0,0.0,0.0,0.0,0.0,0.0,1.0,0.0,0.002430555555555555,0.3,0.0,0.3,Transit,Fishing - Purse Seiner
700033514,VESSEL_STR_000,PA,transit,1.0,purse_seiner,0.9999999803876408,0.0,0.0,0.0,0.0,0.0,0.0,0.0,1.0,0.0,0.002430555555555555,0.3,0.0,0.3,Transit,Fishing - Purse Seiner
700033514,VESSEL_STR_000,PA,transit,1.0,purse_seiner,0.9999999803876408,0.0,0.0,0.0,0.0,0.0,0.0,0.0,1.0,0.0,0.002430555555555555,0.3,0.0,0.3,Transit,Fishing - Purse Seiner
700033514,VESSEL_STR_000,PA,transit,1.0,purse_seiner,0.9999999803876408,0.0,0.0,0.0,0.0,0.0,0.0,0.0,1.0,0.0,0.002430555555555555,0.3,0.0,0.3,Transit,Fishing - Purse Seiner
700033514,VESSEL_STR_000,PA,transit,1.0,purse_seiner,0.9999999803876408,0.0,0.0,0.0,0.0,0.0,0.0,0.0,1.0,0.0,0.002430555555555555,0.3,0.0,0.3,Transit,Fishing - Purse Seiner
700033514,VESSEL_STR_000,PA,transit,1.0,purse_seiner,0.9999999803878966,0.0,0.0,0.0,0.0,0.0,0.0,0.0,1.0,0.0,0.002430555555555555,0.3,0.0,0.3,Transit,Fishing - Purse Seiner
700033514,VESSEL_STR_000,PA,transit,1.0,purse_seiner,0.9999999803878966,0.0,0.0,0.0,0.0,0.0,0.0,0.0,1.0,0.0,0.002430555555555555,0.3,0.0,0.3,Transit,Fishing - Purse Seiner
700033514,VESSEL_STR_000,PA,transit,1.0,purse_seiner,0.9999999803876408,0.0,0.0,0.0,0.0,0.0,0.0,0.0,1.0,0.0,0.002430555555555555,0.3,0.0,0.3,Transit,Fishing - Purse Seiner
700033514,VESSEL_STR_000,PA,transit,1.0,purse_seiner,0.9999999803878966,0.0,0.0,0.0,0.0,0.0,0.0,0.0,1.0,0.0,0.002430555555555555,0.3,0.0,0.3,Transit,Fishing - Purse Seiner
700033514,VESSEL_STR_000,PA,transit,1.0,purse_seiner,0.9999999803878966,0.0,0.0,0.0,0.0,0.0,0.0,0.0,1.0,0.0,0.002430555555555555,0.3,0.0,0.3,Transit,Fishing - Purse Seiner
700033514,VESSEL_STR_000,PA,transit,1.0,purse_seiner,0.9999999803876408,0.0,0.0,0.0,0.0,0.0,0.0,0.0,1.0,0.0,0.002430555555555555,0.3,0.0,0.3,Transit,Fishing - Purse Seiner
700033514,VESSEL_STR_000,PA,transit,1.0,purse_seiner,0.9999999803876408,0.0,0.0,0.0,0.0,0.0,0.0,0.0,1.0,0.0,0.002430555555555555,0.3,0.0,0.3,Transit,Fishing - Purse Seiner
700033514,VESSEL_STR_000,PA,transit,0.9991666666666666,purse_seiner,0.9999999803876408,0.0,0.0,0.0,0.0,0.0,0.0,0.0008333333333333334,0.9991666666666666,0.0,0.002430555555555555,0.3,0.0,0.3,Transit,Fishing - Purse Seiner
700033514,VESSEL_STR_000,PA,transit,1.0,purse_seiner,0.9999999803876408,0.0,0.0,0.0,0.0,0.0,0.0,0.0,1.0,0.0,0.002430555555555555,0.3,0.0,0.3,Transit,Fishing - Purse Seiner
700033514,VESSEL_STR_000,PA,transit,1.0,purse_seiner,0.9999999803878966,0.0,0.0,0.0,0.0,0.0,0.0,0.0,1.0,0.0,0.002430555555555555,0.3,0.0,0.3,Transit,Fishing - Purse Seiner
700033514,VESSEL_STR_000,PA,transit,1.0,purse_seiner,0.9999999803878966,0.0,0.0,0.0,0.0,0.0,0.0,0.0,1.0,0.0,0.002430555555555555,0.3,0.0,0.3,Transit,Fishing - Purse Seiner
700033514,VESSEL_STR_000,PA,transit,1.0,purse_seiner,0.9999999803878966,0.0,0.0,0.0,0.0,0.0,0.0,0.0,1.0,0.0,0.002430555555555555,0.3,0.0,0.3,Transit,Fishing - Purse Seiner
700033514,VESSEL_STR_000,PA,transit,1.0,purse_seiner,0.9999999803878966,0.0,0.0,0.0,0.0,0.0,0.0,0.0,1.0,0.0,0.002430555555555555,0.3,0.0,0.3,Transit,Fishing - Purse Seiner
700033514,VESSEL_STR_000,PA,transit,1.0,purse_seiner,0.9999999803876408,0.0,0.0,0.0,0.0,0.0,0.0,0.0,1.0,0.0,0.002430555555555555,0.3,0.0,0.3,Transit,Fishing - Purse Seiner
700033514,VESSEL_STR_000,PA,transit,1.0,purse_seiner,0.9999999803878966,0.0,0.0,0.0,0.0,0.0,0.0,0.0,1.0,0.0,0.002430555555555555,0.3,0.0,0.3,Transit,Fishing - Purse Seiner
700033514,VESSEL_STR_000,PA,transit,1.0,purse_seiner,0.9999999803878966,0.0,0.0,0.0,0.0,0.0,0.0,0.0,1.0,0.0,0.002430555555555555,0.3,0.0,0.3,Transit,Fishing - Purse Seiner
700033515,VESSEL_STR_001,MY,transit,0.9841666666666666,longliner,0.9999999804556402,0.0005555555555555556,0.0061111111111111106,0.0,0.0,0.0011111111111111111,0.0022222222222222222,0.005833333333333334,0.9841666666666666,0.0,0.002430555555555555,0.0,0.0,0.002430555555555555,Transit,Fishing - Longliner
700033515,VESSEL_STR_001,MY,transit,0.9913888888888888,longliner,0.9999999804556402,0.0005555555555555556,0.0011111111111111111,0.0,0.0022222222222222222,0.0011111111111111111,0.0011111111111111111,0.0025,0.9913888888888888,0.0,0.002430555555555555,0.0,0.0,0.002430555555555555,Transit,Fishing - Longliner
700033515,VESSEL_STR_001,MY,transit,0.9961111111111113,longliner,0.9999999804556402,0.0,0.0022222222222222222,0.0,0.0,0.0,0.0,0.0016666666666666668,0.9961111111111113,0.0,0.002430555555555555,0.0,0.0,0.002430555555555555,Transit,Fishing - Longliner
700033515,VESSEL_STR_001,MY,transit,1.0,longliner,0.9999999804556402,0.0,0.0,0.0,0.0,0.0,0.0,0.0,1.0,0.0,0.002430555555555555,0.0,0.0,0.002430555555555555,Transit,Fishing - Longliner
700033515,VESSEL_STR_001,MY,transit,1.0,longliner,0.9999999804556402,0.0,0.0,0.0,0.0,0.0,0.0,0.0,1.0,0.0,0.002430555555555555,0.0,0.0,0.002430555555555555,Transit,Fishing - Longliner
700033515,VESSEL_STR_001,MY,transit,1.0,longliner,0.9999999804556402,0.0,0.0,0.0,0.0,0.0,0.0,0.0,1.0,0.0,0.002430555555555555,0.0,0.0,0.002430555555555555,Transit,Fishing - Longliner
700033515,VESSEL_STR_001,MY,transit,1.0,longliner,0.9999999804556402,0.0,0.0,0.0,0.0,0.0,0.0,0.0,1.0,0.0,0.002430555555555555,0.0,0.0,0.002430555555555555,Transit,Fishing - Longliner
700033515,VESSEL_STR_001,MY,transit,1.0,longliner,0.9999999804556402,0.0,0.0,0.0,0.0,0.0,0.0,0.0,1.0,0.0,0.002430555555555555,0.0,0.0,0.002430555555555555,Transit,Fishing - Longliner
700033515,VESSEL_STR_001,MY,transit,1.0,longliner,0.9999999804556402,0.0,0.0,0.0,0.0,0.0,0.0,0.0,1.0,0.0,0.002430555555555555,0.0,0.0,0.002430555555555555,Transit,Fishing - Longliner
700033515,VESSEL_STR_001,MY,transit,1.0,longliner,0.9999999804556402,0.0,0.0,0.0,0.0,0.0,0.0,0.0,1.0,0.0,0.002430555555555555,0.0,0.0,0.002430555555555555,Transit,Fishing - Longliner
700033515,VESSEL_STR_001,MY,transit,1.0,longliner,0.9999999804556402,0.0,0.0,0.0,0.0,0.0,0.0,0.0,1.0,0.0,0.002430555555555555,0.0,0.0,0.002430555555555555,Transit,Fishing - Longliner
700033515,VESSEL_STR_001,MY,transit,1.0,longliner,0.9999999804556402,0.0,0.0,0.0,0.0,0.0,0.0,0.0,1.0,0.0,0.002430555555555555,0.0,0.0,0.002430555555555555,Transit,Fishing - Longliner
700033515,VESSEL_STR_001,MY,transit,0.9121851851851852,longliner,0.9999999803499399,0.0,0.0,0.0,0.05475925925925926,0.005944444444444444,0.02711111111111111,0.0,0.9121851851851852,0.0,0.002430555555555555,0.0,0.0,0.002430555555555555,Transit,Fishing - Longliner
700033515,VESSEL_STR_001,MY,fishing,0.97,longliner,0.9999999779586575,0.0,0.0,0.0,0.97,0.010416666666666666,0.0,0.0,0.015555555555555553,0.004027777777777778,0.002430555555555555,0.6,0.0,0.6,Fishing,Fishing - Longliner
700033515,VESSEL_STR_001,MY,fishing,0.9970238095238094,longliner,0.9999999790695999,0.0,0.0,0.0,0.9970238095238094,0.0025,0.0,0.0,0.0,0.0004761904761904762,0.002430555555555555,0.6,0.0,0.6,Fishing,Fishing - Longliner
700033515,VESSEL_STR_001,MY,fishing,0.9988888888888889,longliner,0.9999999807595398,0.0,0.0011111111111111111,0.0,0.9988888888888889,0.0,0.0,0.0,0.0,0.0,0.002430555555555555,0.6,0.0,0.6,Fishing,Fishing - Longliner
700033515,VESSEL_STR_001,MY,fishing,1.0,longliner,0.9999999807594299,0.0,0.0,0.0,1.0,0.0,0.0,0.0,0.0,0.0,0.002430555555555555,0.6,0.0,0.6,Fishing,Fishing - Longliner
700033515,VESSEL_STR_001,MY,fishing,1.0,longliner,0.9999999802321877,0.0,0.0,0.0,1.0,0.0,0.0,0.0,0.0,0.0,0.002430555555555555,0.6,0.0,0.6,Fishing,Fishing - Longliner
700033515,VESSEL_STR_001,MY,fishing,1.0,longliner,0.9999999807594299,0.0,0.0,0.0,1.0,0.0,0.0,0.0,0.0,0.0,0.002430555555555555,0.6,0.0,0.6,Fishing,Fishing - Longliner
700033515,VESSEL_STR_001,MY,fishing,1.0,longliner,0.9999999807594299,0.0,0.0,0.0,1.0,0.0,0.0,0.0,0.0,0.0,0.002430555555555555,0.6,0.0,0.6,Fishing,Fishing - Longliner
700033515,VESSEL_STR_001,MY,fishing,1.0,longliner,0.9999999807594299,0.0,0.0,0.0,1.0,0.0,0.0,0.0,0.0,0.0,0.002430555555555555,0.6,0.0,0.6,Fishing,Fishing - Longliner
700033515,VESSEL_STR_001,MY,fishing,1.0,longliner,0.9999999807594299,0.0,0.0,0.0,1.0,0.0,0.0,0.0,0.0,0.0,0.002430555555555555,0.6,0.0,0.6,Fishing,Fishing - Longliner
700033515,VESSEL_STR_001,MY,fishing,1.0,longliner,0.9999999807594299,0.0,0.0,0.0,1.0,0.0,0.0,0.0,0.0,0.0,0.002430555555555555,0.6,0.0,0.6,Fishing,Fishing - Longliner
700033515,VESSEL_STR_001,MY,fishing,1.0,longliner,0.9999999807594299,0.0,0.0,0.0,1.0,0.0,0.0,0.0,0.0,0.0,0.002430555555555555,0.6,0.0,0.6,Fishing,Fishing - Longliner
700033515,VESSEL_STR_001,MY,fishing,1.0,longliner,0.9999999807594299,0.0,0.0,0.0,1.0,0.0,0.0,0.0,0.0,0.0,0.002430555555555555,0.6,0.0,0.6,Fishing,Fishing - Longliner
700033515,VESSEL_STR_001,MY,fishing,1.0,longliner,0.9999999807594299,0.0,0.0,0.0,1.0,0.0,0.0,0.0,0.0,0.0,0.002430555555555555,0.6,0.0,0.6,Fishing,Fishing - Longliner
700033515,VESSEL_STR_001,MY,fishing,0.9986666666666667,longliner,0.9999999802321877,0.0,0.0,0.0,0.9986666666666667,0.0013333333333333335,0.0,0.0,0.0,0.0,0.002430555555555555,0.6,0.0,0.6,Fishing,Fishing - Longliner
700033515,VESSEL_STR_001,MY,fishing,1.0,longliner,0.9999999807594299,0.0,0.0,0.0,1.0,0.0,0.0,0.0,0.0,0.0,0.002430555555555555,0.6,0.0,0.6,Fishing,Fishing - Longliner
700033515,VESSEL_STR_001,MY,fishing,1.0,longliner,0.9999999807594299,0.0,0.0,0.0,1.0,0.0,0.0,0.0,0.0,0.0,0.002430555555555555,0.6,0.0,0.6,Fishing,Fishing - Longliner
700033515,VESSEL_STR_001,MY,fishing,0.9927777777777779,longliner,0.9999999802321877,0.0011111111111111111,0.0016666666666666668,0.0,0.9927777777777779,0.0011111111111111111,0.0,0.0,0.0033333333333333335,0.0,0.002430555555555555,0.6,0.0,0.6,Fishing,Fishing - Longliner
700033515,VESSEL_STR_001,MY,fishing,1.0,longliner,0.9999999807594299,0.0,0.0,0.0,1.0,0.0,0.0,0.0,0.0,0.0,0.002430555555555555,0.6,0.0,0.6,Fishing,Fishing - Longliner
700033515,VESSEL_STR_001,MY,fishing,0.9902539682539684,longliner,0.999999979720515,0.0,0.0,0.0,0.9902539682539684,0.004190476190476191,0.0,0.0,0.0,0.005555555555555555,0.002430555555555555,0.6,0.0,0.6,Fishing,Fishing - Longliner
700033515,VESSEL_STR_001,MY,transit,0.7167243867243867,longliner,0.9999999789853284,0.009555555555555555,0.02791955266955267,0.009444444444444443,0.17205050505050506,0.045464646464646465,0.0022222222222222222,0.0020075757575757575,0.7167243867243867,0.01461111111111111,0.002430555555555555,0.0,0.0,0.002430555555555555,Transit,Fishing - Longliner
700033515,VESSEL_STR_001,MY,transit,1.0,longliner,0.9999999803245504,0.0,0.0,0.0,0.0,0.0,0.0,0.0,1.0,0.0,0.002430555555555555,0.0,0.0,0.002430555555555555,Transit,Fishing - Longliner
700033515,VESSEL_STR_001,MY,transit,1.0,longliner,0.9999999804556402,0.0,0.0,0.0,0.0,0.0,0.0,0.0,1.0,0.0,0.002430555555555555,0.0,0.0,0.002430555555555555,Transit,Fishing - Longliner
700033515,VESSEL_STR_001,MY,transit,1.0,longliner,0.9999999804556402,0.0,0.0,0.0,0.0,0.0,0.0,0.0,1.0,0.0,0.002430555555555555,0.0,0.0,0.002430555555555555,Transit,Fishing - Longliner
700033515,VESSEL_STR_001,MY,transit,1.0,longliner,0.9999999804556402,0.0,0.0,0.0,0.0,0.0,0.0,0.0,1.0,0.0,0.002430555555555555,0.0,0.0,0.002430555555555555,Transit,Fishing - Longliner
700033515,VESSEL_STR_001,MY,transit,1.0,longliner,0.9999999804556402,0.0,0.0,0.0,0.0,0.0,0.0,0.0,1.0,0.0,0.002430555555555555,0.0,0.0,0.002430555555555555,Transit,Fishing - Longliner
700033515,VESSEL_STR_001,MY,transit,0.9754444444444444,longliner,0.9999999803491636,0.0,0.0,0.0,0.013722222222222224,0.0033333333333333335,0.0075,0.0,0.9754444444444444,0.0,0.002430555555555555,0.0,0.0,0.002430555555555555,Transit,Fishing - Longliner
700033515,VESSEL_STR_001,MY,fishing,0.966111111111111,longliner,0.9999999789854224,0.0,0.0,0.0,0.966111111111111,0.007123015873015873,0.014126984126984127,0.0,0.012222222222222221,0.0004166666666666667,0.002430555555555555,0.6,0.0,0.6,Fishing,Fishing - Longliner
700033515,VESSEL_STR_001,MY,fishing,1.0,longliner,0.9999999800271897,0.0,0.0,0.0,1.0,0.0,0.0,0.0,0.0,0.0,0.002430555555555555,0.6,0.0,0.6,Fishing,Fishing - Longliner
700033515,VESSEL_STR_001,MY,fishing,1.0,longliner,0.9999999799711334,0.0,0.0,0.0,1.0,0.0,0.0,0.0,0.0,0.0,0.002430555555555555,0.6,0.0,0.6,Fishing,Fishing - Longliner
700033515,VESSEL_STR_001,MY,fishing,1.0,longliner,0.9999999792622136,0.0,0.0,0.0,1.0,0.0,0.0,0.0,0.0,0.0,0.002430555555555555,0.6,0.0,0.6,Fishing,Fishing - Longliner
700033515,VESSEL_STR_001,MY,fishing,0.9977777777777779,longliner,0.9999999799854791,0.0,0.0,0.0,0.9977777777777779,0.0,0.0,0.0022222222222222222,0.0,0.0,0.002430555555555555,0.6,0.0,0.6,Fishing,Fishing - Longliner
700033515,VESSEL_STR_001,MY,fishing,0.9844444444444443,longliner,0.9999999807594299,0.0006666666666666668,0.0,0.0,0.9844444444444443,0.01111111111111111,0.0,0.0,0.0,0.0037777777777777775,0.002430555555555555,0.6,0.0,0.6,Fishing,Fishing - Longliner
700033515,VESSEL_STR_001,MY,fishing,1.0,longliner,0.9999999807607097,0.0,0.0,0.0,1.0,0.0,0.0,0.0,0.0,0.0,0.002430555555555555,0.6,0.0,0.6,Fishing,Fishing - Longliner
700033515,VESSEL_STR_001,MY,fishing,0.9977777777777779,longliner,0.9999999802321877,0.0,0.0,0.0,0.9977777777777779,0.0022222222222222222,0.0,0.0,0.0,0.0,0.002430555555555555,0.6,0.0,0.6,Fishing,Fishing - Longliner
700033515,VESSEL_STR_001,MY,fishing,1.0,longliner,0.9999999807594299,0.0,0.0,0.0,1.0,0.0,0.0,0.0,0.0,0.0,0.002430555555555555,0.6,0.0,0.6,Fishing,Fishing - Longliner
700033515,VESSEL_STR_001,MY,fishing,0.9961111111111113,longliner,0.9999999807594299,0.0022222222222222222,0.0,0.0,0.9961111111111113,0.0016666666666666668,0.0,0.0,0.0,0.0,0.002430555555555555,0.6,0.0,0.6,Fishing,Fishing - Longliner
700033515,VESSEL_STR_001,MY,fishing,0.9983333333333333,longliner,0.9999999807594299,0.0,0.0,0.0,0.9983333333333333,0.0016666666666666668,0.0,0.0,0.0,0.0,0.002430555555555555,0.6,0.0,0.6,Fishing,Fishing - Longliner
700033515,VESSEL_STR_001,MY,fishing,1.0,longliner,0.9999999807594299,0.0,0.0,0.0,1.0,0.0,0.0,0.0,0.0,0.0,0.002430555555555555,0.6,0.0,0.6,Fishing,Fishing - Longliner
700033515,VESSEL_STR_001,MY,fishing,0.9961111111111113,longliner,0.9999999789920437,0.0,0.0,0.0,0.9961111111111113,0.0038888888888888883,0.0,0.0,0.0,0.0,0.002430555555555555,0.6,0.0,0.6,Fishing,Fishing - Longliner
700033515,VESSEL_STR_001,MY,fishing,1.0,longliner,0.9999999800768167,0.0,0.0,0.0,1.0,0.0,0.0,0.0,0.0,0.0,0.002430555555555555,0.6,0.0,0.6,Fishing,Fishing - Longliner
700033515,VESSEL_STR_001,MY,fishing,0.9983333333333333,longliner,0.9999999792622136,0.0,0.0016666666666666668,0.0,0.9983333333333333,0.0,0.0,0.0,0.0,0.0,0.002430555555555555,0.6,0.0,0.6,Fishing,Fishing - Longliner
700033515,VESSEL_STR_001,MY,fishing,0.9643282828282829,longliner,0.9999999790695999,0.0015873015873015873,0.004475108225108225,0.0033333333333333335,0.9643282828282829,0.008409090909090908,0.0,0.007840909090909091,0.004859307359307359,0.005166666666666667,0.002430555555555555,0.6,0.0,0.6,Fishing,Fishing - Longliner
700033515,VESSEL_STR_001,MY,transit,0.8942878787878789,longliner,0.999999977427903,0.0016666666666666668,0.020967171717171718,0.005555555555555555,0.026161616161616164,0.0011868686868686867,0.0,0.04411868686868686,0.8942878787878789,0.006055555555555555,0.002430555555555555,0.0,0.0,0.002430555555555555,Transit,Fishing - Longliner
700033515,VESSEL_STR_001,MY,transit,1.0,longliner,0.9999999803250953,0.0,0.0,0.0,0.0,0.0,0.0,0.0,1.0,0.0,0.002430555555555555,0.0,0.0,0.002430555555555555,Transit,Fishing - Longliner
700033515,VESSEL_STR_001,MY,transit,1.0,longliner,0.9999999804556402,0.0,0.0,0.0,0.0,0.0,0.0,0.0,1.0,0.0,0.002430555555555555,0.0,0.0,0.002430555555555555,Transit,Fishing - Longliner
700033515,VESSEL_STR_001,MY,transit,1.0,longliner,0.9999999804556402,0.0,0.0,0.0,0.0,0.0,0.0,0.0,1.0,0.0,0.002430555555555555,0.0,0.0,0.002430555555555555,Transit,Fishing - Longliner
700033515,VESSEL_STR_001,MY,transit,1.0,longliner,0.9999999804556402,0.0,0.0,0.0,0.0,0.0,0.0,0.0,1.0,0.0,0.002430555555555555,0.0,0.0,0.002430555555555555,Transit,Fishing - Longliner
700033515,VESSEL_STR_001,MY,transit,1.0,longliner,0.9999999804556402,0.0,0.0,0.0,0.0,0.0,0.0,0.0,1.0,0.0,0.002430555555555555,0.0,0.0,0.002430555555555555,Transit,Fishing - Longliner
700033515,VESSEL_STR_001,MY,transit,1.0,longliner,0.9999999804557028,0.0,0.0,0.0,0.0,0.0,0.0,0.0,1.0,0.0,0.002430555555555555,0.0,0.0,0.002430555555555555,Transit,Fishing - Longliner
700033515,VESSEL_STR_001,MY,transit,1.0,longliner,0.9999999804556402,0.0,0.0,0.0,0.0,0.0,0.0,0.0,1.0,0.0,0.002430555555555555,0.0,0.0,0.002430555555555555,Transit,Fishing - Longliner
700033515,VESSEL_STR_001,MY,transit,1.0,longliner,0.9999999804556402,0.0,0.0,0.0,0.0,0.0,0.0,0.0,1.0,0.0,0.002430555555555555,0.0,0.0,0.002430555555555555,Transit,Fishing - Longliner
700033515,VESSEL_STR_001,MY,transit,1.0,longliner,0.9999999804556402,0.0,0.0,0.0,0.0,0.0,0.0,0.0,1.0,0.0,0.002430555555555555,0.0,0.0,0.002430555555555555,Transit,Fishing - Longliner
700033515,VESSEL_STR_001,MY,transit,1.0,longliner,0.9999999804556402,0.0,0.0,0.0,0.0,0.0,0.0,0.0,1.0,0.0,0.002430555555555555,0.0,0.0,0.002430555555555555,Transit,Fishing - Longliner
700033515,VESSEL_STR_001,MY,transit,1.0,longliner,0.9999999804556402,0.0,0.0,0.0,0.0,0.0,0.0,0.0,1.0,0.0,0.002430555555555555,0.0,0.0,0.002430555555555555,Transit,Fishing - Longliner
700033515,VESSEL_STR_001,MY,transit,0.9983333333333333,longliner,0.9999999804556402,0.0,0.0,0.0,0.0,0.0,0.0016666666666666668,0.0,0.9983333333333333,0.0,0.002430555555555555,0.0,0.0,0.002430555555555555,Transit,Fishing - Longliner
700033515,VESSEL_STR_001,MY,transit,1.0,longliner,0.9999999804556402,0.0,0.0,0.0,0.0,0.0,0.0,0.0,1.0,0.0,0.002430555555555555,0.0,0.0,0.002430555555555555,Transit,Fishing - Longliner
700033515,VESSEL_STR_001,MY,transit,1.0,longliner,0.9999999804556402,0.0,0.0,0.0,0.0,0.0,0.0,0.0,1.0,0.0,0.002430555555555555,0.0,0.0,0.002430555555555555,Transit,Fishing - Longliner
700033515,VESSEL_STR_001,MY,transit,1.0,longliner,0.9999999804556402,0.0,0.0,0.0,0.0,0.0,0.0,0.0,1.0,0.0,0.002430555555555555,0.0,0.0,0.002430555555555555,Transit,Fishing - Longliner
700033515,VESSEL_STR_001,MY,transit,1.0,longliner,0.9999999804556402,0.0,0.0,0.0,0.0,0.0,0.0,0.0,1.0,0.0,0.002430555555555555,0.0,0.0,0.002430555555555555,Transit,Fishing - Longliner
700033515,VESSEL_STR_001,MY,transit,1.0,longliner,0.9999999804556402,0.0,0.0,0.0,0.0,0.0,0.0,0.0,1.0,0.0,0.002430555555555555,0.0,0.0,0.002430555555555555,Transit,Fishing - Longliner
700033515,VESSEL_STR_001,MY,transit,1.0,longliner,0.9999999804556402,0.0,0.0,0.0,0.0,0.0,0.0,0.0,1.0,0.0,0.002430555555555555,0.0,0.0,0.002430555555555555,Transit,Fishing - Longliner
700033515,VESSEL_STR_001,MY,transit,1.0,longliner,0.9999999804556402,0.0,0.0,0.0,0.0,0.0,0.0,0.0,1.0,0.0,0.002430555555555555,0.0,0.0,0.002430555555555555,Transit,Fishing - Longliner
700033515,VESSEL_STR_001,MY,transit,1.0,longliner,0.9999999804555709,0.0,0.0,0.0,0.0,0.0,0.0,0.0,1.0,0.0,0.002430555555555555,0.0,0.0,0.002430555555555555,Transit,Fishing - Longliner
700033515,VESSEL_STR_001,MY,transit,1.0,longliner,0.9999999804556402,0.0,0.0,0.0,0.0,0.0,0.0,0.0,1.0,0.0,0.002430555555555555,0.0,0.0,0.002430555555555555,Transit,Fishing - Longliner
700033515,VESSEL_STR_001,MY,transit,1.0,longliner,0.9999999804806056,0.0,0.0,0.0,0.0,0.0,0.0,0.0,1.0,0.0,0.002430555555555555,0.0,0.0,0.002430555555555555,Transit,Fishing - Longliner
700033515,VESSEL_STR_001,MY,transit,1.0,longliner,0.9999999804556402,0.0,0.0,0.0,0.0,0.0,0.0,0.0,1.0,0.0,0.002430555555555555,0.0,0.0,0.002430555555555555,Transit,Fishing - Longliner
700033515,VESSEL_STR_001,MY,transit,1.0,longliner,0.9999999804556402,0.0,0.0,0.0,0.0,0.0,0.0,0.0,1.0,0.0,0.002430555555555555,0.0,0.0,0.002430555555555555,Transit,Fishing - Longliner
700033515,VESSEL_STR_001,MY,transit,1.0,longliner,0.9999999804556402,0.0,0.0,0.0,0.0,0.0,0.0,0.0,1.0,0.0,0.002430555555555555,0.0,0.0,0.002430555555555555,Transit,Fishing - Longliner
700033515,VESSEL_STR_001,MY,transit,1.0,longliner,0.9999999804556402,0.0,0.0,0.0,0.0,0.0,0.0,0.0,1.0,0.0,0.002430555555555555,0.0,0.0,0.002430555555555555,Transit,Fishing - Longliner
700033515,VESSEL_STR_001,MY,transit,1.0,longliner,0.9999999804556402,0.0,0.0,0.0,0.0,0.0,0.0,0.0,1.0,0.0,0.002430555555555555,0.0,0.0,0.002430555555555555,Transit,Fishing - Longliner
700033515,VESSEL_STR_001,MY,transit,1.0,longliner,0.9999999804556402,0.0,0.0,0.0,0.0,0.0,0.0,0.0,1.0,0.0,0.002430555555555555,0.0,0.0,0.002430555555555555,Transit,Fishing - Longliner
700033515,VESSEL_STR_001,MY,transit,1.0,longliner,0.9999999804556402,0.0,0.0,0.0,0.0,0.0,0.0,0.0,1.0,0.0,0.002430555555555555,0.0,0.0,0.002430555555555555,Transit,Fishing - Longliner
700033516,VESSEL_STR_002,KR,transit,1.0,purse_seiner,0.999999980260099,0.0,0.0,0.0,0.0,0.0,0.0,0.0,1.0,0.0,0.002430555555555555,0.0,0.0,0.002430555555555555,Transit,Fishing - Purse Seiner
700033516,VESSEL_STR_002,KR,transit,1.0,purse_seiner,0.9999999815537696,0.0,0.0,0.0,0.0,0.0,0.0,0.0,1.0,0.0,0.002430555555555555,0.0,0.0,0.002430555555555555,Transit,Fishing - Purse Seiner
700033516,VESSEL_STR_002,KR,transit,1.0,purse_seiner,0.9999999821865054,0.0,0.0,0.0,0.0,0.0,0.0,0.0,1.0,0.0,0.002430555555555555,0.0,0.0,0.002430555555555555,Transit,Fishing - Purse Seiner
700033516,VESSEL_STR_002,KR,transit,1.0,purse_seiner,0.9999999803903227,0.0,0.0,0.0,0.0,0.0,0.0,0.0,1.0,0.0,0.002430555555555555,0.0,0.0,0.002430555555555555,Transit,Fishing - Purse Seiner
700033516,VESSEL_STR_002,KR,transit,1.0,purse_seiner,0.9999999790476921,0.0,0.0,0.0,0.0,0.0,0.0,0.0,1.0,0.0,0.002430555555555555,0.0,0.0,0.002430555555555555,Transit,Fishing - Purse Seiner
700033516,VESSEL_STR_002,KR,fishing,0.7408253968253968,purse_seiner,0.9999999773351084,0.0027777777777777775,0.0,0.0,0.7408253968253968,0.0013333333333333335,0.03524603174603175,0.0,0.21848412698412698,0.0013333333333333335,0.002430555555555555,0.6,0.0,0.6,Fishing,Fishing - Purse Seiner
700033516,VESSEL_STR_002,KR,fishing,0.9775000000000001,purse_seiner,0.9999999790096699,0.0,0.0,0.0,0.9775000000000001,0.009583333333333333,0.0,0.0,0.0125,0.0004166666666666667,0.002430555555555555,0.6,0.0,0.6,Fishing,Fishing - Purse Seiner
700033516,VESSEL_STR_002,KR,fishing,0.9991666666666666,purse_seiner,0.9999999791251803,0.0,0.0,0.0,0.9991666666666666,0.0008333333333333334,0.0,0.0,0.0,0.0,0.002430555555555555,0.6,0.0,0.6,Fishing,Fishing - Purse Seiner
700033516,VESSEL_STR_002,KR,fishing,1.0,purse_seiner,0.9999999791251803,0.0,0.0,0.0,1.0,0.0,0.0,0.0,0.0,0.0,0.002430555555555555,0.6,0.0,0.6,Fishing,Fishing - Purse Seiner
700033516,VESSEL_STR_002,KR,fishing,1.0,purse_seiner,0.9999999791307064,0.0,0.0,0.0,1.0,0.0,0.0,0.0,0.0,0.0,0.002430555555555555,0.6,0.0,0.6,Fishing,Fishing - Purse Seiner
700033516,VESSEL_STR_002,KR,fishing,1.0,purse_seiner,0.9999999786771228,0.0,0.0,0.0,1.0,0.0,0.0,0.0,0.0,0.0,0.002430555555555555,0.6,0.0,0.6,Fishing,Fishing - Purse Seiner
700033516,VESSEL_STR_002,KR,fishing,0.9977777777777778,purse_seiner,0.9999999784318538,0.0,0.0,0.0,0.9977777777777778,0.0022222222222222222,0.0,0.0,0.0,0.0,0.002430555555555555,0.6,0.0,0.6,Fishing,Fishing - Purse Seiner
700033516,VESSEL_STR_002,KR,fishing,1.0,purse_seiner,0.9999999784318538,0.0,0.0,0.0,1.0,0.0,0.0,0.0,0.0,0.0,0.002430555555555555,0.6,0.0,0.6,Fishing,Fishing - Purse Seiner
700033516,VESSEL_STR_002,KR,fishing,1.0,purse_seiner,0.9999999786163349,0.0,0.0,0.0,1.0,0.0,0.0,0.0,0.0,0.0,0.002430555555555555,0.6,0.0,0.6,Fishing,Fishing - Purse Seiner
700033516,VESSEL_STR_002,KR,fishing,0.9991666666666666,purse_seiner,0.9999999791251803,0.0,0.0,0.0,0.9991666666666666,0.0008333333333333334,0.0,0.0,0.0,0.0,0.002430555555555555,0.6,0.0,0.6,Fishing,Fishing - Purse Seiner
700033516,VESSEL_STR_002,KR,fishing,0.9977777777777779,purse_seiner,0.9999999786163349,0.0,0.0,0.0,0.9977777777777779,0.0,0.0,0.0,0.0022222222222222222,0.0,0.002430555555555555,0.6,0.0,0.6,Fishing,Fishing - Purse Seiner
700033516,VESSEL_STR_002,KR,fishing,1.0,purse_seiner,0.9999999786163349,0.0,0.0,0.0,1.0,0.0,0.0,0.0,0.0,0.0,0.002430555555555555,0.6,0.0,0.6,Fishing,Fishing - Purse Seiner
700033516,VESSEL_STR_002,KR,fishing,1.0,purse_seiner,0.9999999786163349,0.0,0.0,0.0,1.0,0.0,0.0,0.0,0.0,0.0,0.002430555555555555,0.6,0.0,0.6,Fishing,Fishing - Purse Seiner
700033516,VESSEL_STR_002,KR,fishing,0.9977777777777778,purse_seiner,0.9999999784318538,0.0,0.0,0.0022222222222222222,0.9977777777777778,0.0,0.0,0.0,0.0,0.0,0.002430555555555555,0.6,0.0,0.6,Fishing,Fishing - Purse Seiner
700033516,VESSEL_STR_002,KR,fishing,1.0,purse_seiner,0.9999999786842992,0.0,0.0,0.0,1.0,0.0,0.0,0.0,0.0,0.0,0.002430555555555555,0.6,0.0,0.6,Fishing,Fishing - Purse Seiner
700033516,VESSEL_STR_002,KR,fishing,1.0,purse_seiner,0.9999999791251803,0.0,0.0,0.0,1.0,0.0,0.0,0.0,0.0,0.0,0.002430555555555555,0.6,0.0,0.6,Fishing,Fishing - Purse Seiner
700033516,VESSEL_STR_002,KR,fishing,1.0,purse_seiner,0.9999999791251803,0.0,0.0,0.0,1.0,0.0,0.0,0.0,0.0,0.0,0.002430555555555555,0.6,0.0,0.6,Fishing,Fishing - Purse Seiner
700033516,VESSEL_STR_002,KR,fishing,1.0,purse_seiner,0.9999999791251803,0.0,0.0,0.0,1.0,0.0,0.0,0.0,0.0,0.0,0.002430555555555555,0.6,0.0,0.6,Fishing,Fishing - Purse Seiner
700033516,VESSEL_STR_002,KR,fishing,0.9966666666666667,purse_seiner,0.9999999789930982,0.0,0.0,0.0,0.9966666666666667,0.0033333333333333335,0.0,0.0,0.0,0.0,0.002430555555555555,0.6,0.0,0.6,Fishing,Fishing - Purse Seiner
700033516,VESSEL_STR_002,KR,transit,0.8715555555555556,purse_seiner,0.9999999773753753,0.005944444444444444,0.0038888888888888883,0.002,0.05983333333333333,0.01411111111111111,0.0031666666666666666,0.03755555555555555,0.8715555555555556,0.0019444444444444442,0.002430555555555555,0.0,0.0,0.002430555555555555,Transit,Fishing - Purse Seiner
700033516,VESSEL_STR_002,KR,transit,1.0,purse_seiner,0.9999999801353081,0.0,0.0,0.0,0.0,0.0,0.0,0.0,1.0,0.0,0.002430555555555555,0.0,0.0,0.002430555555555555,Transit,Fishing - Purse Seiner
700033516,VESSEL_STR_002,KR,transit,1.0,purse_seiner,0.9999999803903651,0.0,0.0,0.0,0.0,0.0,0.0,0.0,1.0,0.0,0.002430555555555555,0.0,0.0,0.002430555555555555,Transit,Fishing - Purse Seiner
700033516,VESSEL_STR_002,KR,transit,1.0,purse_seiner,0.9999999803903227,0.0,0.0,0.0,0.0,0.0,0.0,0.0,1.0,0.0,0.002430555555555555,0.0,0.0,0.002430555555555555,Transit,Fishing - Purse Seiner
700033516,VESSEL_STR_002,KR,transit,1.0,purse_seiner,0.9999999803903227,0.0,0.0,0.0,0.0,0.0,0.0,0.0,1.0,0.0,0.002430555555555555,0.0,0.0,0.002430555555555555,Transit,Fishing - Purse Seiner
700033516,VESSEL_STR_002,KR,transit,0.9955555555555556,purse_seiner,0.9999999802601418,0.0033333333333333335,0.0,0.0,0.0011111111111111111,0.0,0.0,0.0,0.9955555555555556,0.0,0.002430555555555555,0.0,0.0,0.002430555555555555,Transit,Fishing - Purse Seiner
700033516,VESSEL_STR_002,KR,fishing,0.7258544973544975,purse_seiner,0.9999999761816959,0.003611111111111111,0.0,0.0,0.7258544973544975,0.0027777777777777775,0.005952380952380952,0.005277777777777778,0.2537486772486772,0.0027777777777777775,0.002430555555555555,0.6,0.0,0.6,Fishing,Fishing - Purse Seiner
700033516,VESSEL_STR_002,KR,fishing,0.9897222222222223,purse_seiner,0.9999999789930982,0.0,0.0,0.0,0.9897222222222223,0.0025,0.0,0.0,0.007777777777777778,0.0,0.002430555555555555,0.6,0.0,0.6,Fishing,Fishing - Purse Seiner
700033516,VESSEL_STR_002,KR,fishing,0.9991666666666666,purse_seiner,0.9999999791251803,0.0,0.0,0.0,0.9991666666666666,0.0008333333333333334,0.0,0.0,0.0,0.0,0.002430555555555555,0.6,0.0,0.6,Fishing,Fishing - Purse Seiner
700033516,VESSEL_STR_002,KR,fishing,0.9977777777777779,purse_seiner,0.9999999791251803,0.0,0.0,0.0,0.9977777777777779,0.0,0.0,0.0,0.0022222222222222222,0.0,0.002430555555555555,0.6,0.0,0.6,Fishing,Fishing - Purse Seiner
700033516,VESSEL_STR_002,KR,fishing,1.0,purse_seiner,0.9999999786163349,0.0,0.0,0.0,1.0,0.0,0.0,0.0,0.0,0.0,0.002430555555555555,0.6,0.0,0.6,Fishing,Fishing - Purse Seiner
700033516,VESSEL_STR_002,KR,fishing,1.0,purse_seiner,0.9999999786163349,0.0,0.0,0.0,1.0,0.0,0.0,0.0,0.0,0.0,0.002430555555555555,0.6,0.0,0.6,Fishing,Fishing - Purse Seiner
700033516,VESSEL_STR_002,KR,fishing,1.0,purse_seiner,0.9999999786163349,0.0,0.0,0.0,1.0,0.0,0.0,0.0,0.0,0.0,0.002430555555555555,0.6,0.0,0.6,Fishing,Fishing - Purse Seiner
700033516,VESSEL_STR_002,KR,fishing,1.0,purse_seiner,0.9999999786163349,0.0,0.0,0.0,1.0,0.0,0.0,0.0,0.0,0.0,0.002430555555555555,0.6,0.0,0.6,Fishing,Fishing - Purse Seiner
700033516,VESSEL_STR_002,KR,fishing,1.0,purse_seiner,0.9999999791251803,0.0,0.0,0.0,1.0,0.0,0.0,0.0,0.0,0.0,0.002430555555555555,0.6,0.0,0.6,Fishing,Fishing - Purse Seiner
700033516,VESSEL_STR_002,KR,fishing,1.0,purse_seiner,0.9999999791251803,0.0,0.0,0.0,1.0,0.0,0.0,0.0,0.0,0.0,0.002430555555555555,0.6,0.0,0.6,Fishing,Fishing - Purse Seiner
700033516,VESSEL_STR_002,KR,fishing,0.9866666666666667,purse_seiner,0.9999999784723339,0.0,0.0,0.0033333333333333335,0.9866666666666667,0.01,0.0,0.0,0.0,0.0,0.002430555555555555,0.6,0.0,0.6,Fishing,Fishing - Purse Seiner
700033516,VESSEL_STR_002,KR,fishing,0.9966666666666667,purse_seiner,0.9999999784586036,0.0,0.0,0.0033333333333333335,0.9966666666666667,0.0,0.0,0.0,0.0,0.0,0.002430555555555555,0.6,0.0,0.6,Fishing,Fishing - Purse Seiner
700033516,VESSEL_STR_002,KR,fishing,0.9991666666666666,purse_seiner,0.9999999791251803,0.0,0.0,0.0,0.9991666666666666,0.0008333333333333334,0.0,0.0,0.0,0.0,0.002430555555555555,0.6,0.0,0.6,Fishing,Fishing - Purse Seiner
700033516,VESSEL_STR_002,KR,fishing,1.0,purse_seiner,0.9999999791251803,0.0,0.0,0.0,1.0,0.0,0.0,0.0,0.0,0.0,0.002430555555555555,0.6,0.0,0.6,Fishing,Fishing - Purse Seiner
700033516,VESSEL_STR_002,KR,fishing,1.0,purse_seiner,0.9999999791251803,0.0,0.0,0.0,1.0,0.0,0.0,0.0,0.0,0.0,0.002430555555555555,0.6,0.0,0.6,Fishing,Fishing - Purse Seiner
700033516,VESSEL_STR_002,KR,fishing,0.9977777777777779,purse_seiner,0.9999999789930982,0.0,0.0,0.0,0.9977777777777779,0.0022222222222222222,0.0,0.0,0.0,0.0,0.002430555555555555,0.6,0.0,0.6,Fishing,Fishing - Purse Seiner
700033516,VESSEL_STR_002,KR,transit,0.9046370851370853,purse_seiner,0.9999999449185547,0.01177777777777778,0.006856060606060605,0.007777777777777778,0.02377272727272727,0.0017424242424242424,0.0,0.04343614718614718,0.9046370851370853,0.0,0.002430555555555555,0.0,0.0,0.002430555555555555,Transit,Fishing - Purse Seiner
700033516,VESSEL_STR_002,KR,transit,1.0,purse_seiner,0.9999999820852264,0.0,0.0,0.0,0.0,0.0,0.0,0.0,1.0,0.0,0.002430555555555555,0.0,0.0,0.002430555555555555,Transit,Fishing - Purse Seiner
700033516,VESSEL_STR_002,KR,transit,1.0,purse_seiner,0.9999999803903651,0.0,0.0,0.0,0.0,0.0,0.0,0.0,1.0,0.0,0.002430555555555555,0.0,0.0,0.002430555555555555,Transit,Fishing - Purse Seiner
700033516,VESSEL_STR_002,KR,transit,1.0,purse_seiner,0.9999999803903651,0.0,0.0,0.0,0.0,0.0,0.0,0.0,1.0,0.0,0.002430555555555555,0.0,0.0,0.002430555555555555,Transit,Fishing - Purse Seiner
700033516,VESSEL_STR_002,KR,transit,1.0,purse_seiner,0.9999999803903227,0.0,0.0,0.0,0.0,0.0,0.0,0.0,1.0,0.0,0.002430555555555555,0.0,0.0,0.002430555555555555,Transit,Fishing - Purse Seiner
700033516,VESSEL_STR_002,KR,transit,1.0,purse_seiner,0.9999999803903227,0.0,0.0,0.0,0.0,0.0,0.0,0.0,1.0,0.0,0.002430555555555555,0.0,0.0,0.002430555555555555,Transit,Fishing - Purse Seiner
700033516,VESSEL_STR_002,KR,transit,1.0,purse_seiner,0.999999980260099,0.0,0.0,0.0,0.0,0.0,0.0,0.0,1.0,0.0,0.002430555555555555,0.0,0.0,0.002430555555555555,Transit,Fishing - Purse Seiner
700033516,VESSEL_STR_002,KR,transit,1.0,purse_seiner,0.9999999803935856,0.0,0.0,0.0,0.0,0.0,0.0,0.0,1.0,0.0,0.002430555555555555,0.0,0.0,0.002430555555555555,Transit,Fishing - Purse Seiner
700033516,VESSEL_STR_002,KR,transit,1.0,purse_seiner,0.9999999803903227,0.0,0.0,0.0,0.0,0.0,0.0,0.0,1.0,0.0,0.002430555555555555,0.0,0.0,0.002430555555555555,Transit,Fishing - Purse Seiner
700033516,VESSEL_STR_002,KR,transit,0.9983333333333333,purse_seiner,0.9999999803935856,0.0016666666666666668,0.0,0.0,0.0,0.0,0.0,0.0,0.9983333333333333,0.0,0.002430555555555555,0.0,0.0,0.002430555555555555,Transit,Fishing - Purse Seiner
700033516,VESSEL_STR_002,KR,transit,0.9972222222222221,purse_seiner,0.9999999803903651,0.0027777777777777775,0.0,0.0,0.0,0.0,0.0,0.0,0.9972222222222221,0.0,0.002430555555555555,0.0,0.0,0.002430555555555555,Transit,Fishing - Purse Seiner
700033516,VESSEL_STR_002,KR,transit,0.9966666666666667,purse_seiner,0.9999999803903227,0.0,0.0,0.0,0.0,0.0,0.0033333333333333335,0.0,0.9966666666666667,0.0,0.002430555555555555,0.0,0.0,0.002430555555555555,Transit,Fishing - Purse Seiner
700033516,VESSEL_STR_002,KR,transit,0.9988888888888887,purse_seiner,0.9999999803903227,0.0,0.0,0.0,0.0,0.0011111111111111111,0.0,0.0,0.9988888888888887,0.0,0.002430555555555555,0.0,0.0,0.002430555555555555,Transit,Fishing - Purse Seiner
700033516,VESSEL_STR_002,KR,transit,1.0,purse_seiner,0.9999999803903227,0.0,0.0,0.0,0.0,0.0,0.0,0.0,1.0,0.0,0.002430555555555555,0.0,0.0,0.002430555555555555,Transit,Fishing - Purse Seiner
700033516,VESSEL_STR_002,KR,transit,1.0,purse_seiner,0.9999999803903227,0.0,0.0,0.0,0.0,0.0,0.0,0.0,1.0,0.0,0.002430555555555555,0.0,0.0,0.002430555555555555,Transit,Fishing - Purse Seiner
700033516,VESSEL_STR_002,KR,transit,1.0,purse_seiner,0.9999999803935856,0.0,0.0,0.0,0.0,0.0,0.0,0.0,1.0,0.0,0.002430555555555555,0.0,0.0,0.002430555555555555,Transit,Fishing - Purse Seiner
700033516,VESSEL_STR_002,KR,transit,1.0,purse_seiner,0.9999999803903227,0.0,0.0,0.0,0.0,0.0,0.0,0.0,1.0,0.0,0.002430555555555555,0.0,0.0,0.002430555555555555,Transit,Fishing - Purse Seiner
700033516,VESSEL_STR_002,KR,transit,1.0,purse_seiner,0.9999999803903227,0.0,0.0,0.0,0.0,0.0,0.0,0.0,1.0,0.0,0.002430555555555555,0.0,0.0,0.002430555555555555,Transit,Fishing - Purse Seiner
700033516,VESSEL_STR_002,KR,transit,1.0,purse_seiner,0.9999999821849545,0.0,0.0,0.0,0.0,0.0,0.0,0.0,1.0,0.0,0.002430555555555555,0.0,0.0,0.002430555555555555,Transit,Fishing - Purse Seiner
700033516,VESSEL_STR_002,KR,transit,1.0,purse_seiner,0.9999999821849545,0.0,0.0,0.0,0.0,0.0,0.0,0.0,1.0,0.0,0.002430555555555555,0.0,0.0,0.002430555555555555,Transit,Fishing - Purse Seiner
700033516,VESSEL_STR_002,KR,transit,1.0,purse_seiner,0.9999999803903651,0.0,0.0,0.0,0.0,0.0,0.0,0.0,1.0,0.0,0.002430555555555555,0.0,0.0,0.002430555555555555,Transit,Fishing - Purse Seiner
700033516,VESSEL_STR_002,KR,transit,1.0,purse_seiner,0.9999999803903651,0.0,0.0,0.0,0.0,0.0,0.0,0.0,1.0,0.0,0.002430555555555555,0.0,0.0,0.002430555555555555,Transit,Fishing - Purse Seiner
700033516,VESSEL_STR_002,KR,transit,1.0,purse_seiner,0.9999999821849545,0.0,0.0,0.0,0.0,0.0,0.0,0.0,1.0,0.0,0.002430555555555555,0.0,0.0,0.002430555555555555,Transit,Fishing - Purse Seiner
700033516,VESSEL_STR_002,KR,transit,1.0,purse_seiner,0.9999999287693333,0.0,0.0,0.0,0.0,0.0,0.0,0.0,1.0,0.0,0.002430555555555555,0.0,0.0,0.002430555555555555,Transit,Fishing - Purse Seiner
700033516,VESSEL_STR_002,KR,transit,1.0,purse_seiner,0.9999999803935856,0.0,0.0,0.0,0.0,0.0,0.0,0.0,1.0,0.0,0.002430555555555555,0.0,0.0,0.002430555555555555,Transit,Fishing - Purse Seiner
700033516,VESSEL_STR_002,KR,transit,1.0,purse_seiner,0.9999999803903227,0.0,0.0,0.0,0.0,0.0,0.0,0.0,1.0,0.0,0.002430555555555555,0.0,0.0,0.002430555555555555,Transit,Fishing - Purse Seiner
700033516,VESSEL_STR_002,KR,transit,1.0,purse_seiner,0.9999999287755474,0.0,0.0,0.0,0.0,0.0,0.0,0.0,1.0,0.0,0.002430555555555555,0.0,0.0,0.002430555555555555,Transit,Fishing - Purse Seiner
700033516,VESSEL_STR_002,KR,transit,1.0,purse_seiner,0.9999999803903227,0.0,0.0,0.0,0.0,0.0,0.0,0.0,1.0,0.0,0.002430555555555555,0.0,0.0,0.002430555555555555,Transit,Fishing - Purse Seiner
700033516,VESSEL_STR_002,KR,transit,1.0,purse_seiner,0.9999999803903227,0.0,0.0,0.0,0.0,0.0,0.0,0.0,1.0,0.0,0.002430555555555555,0.0,0.0,0.002430555555555555,Transit,Fishing - Purse Seiner
700033516,VESSEL_STR_002,KR,transit,1.0,purse_seiner,0.9999999803935856,0.0,0.0,0.0,0.0,0.0,0.0,0.0,1.0,0.0,0.002430555555555555,0.0,0.0,0.002430555555555555,Transit,Fishing - Purse Seiner
700033516,VESSEL_STR_002,KR,transit,1.0,purse_seiner,0.9999999803903227,0.0,0.0,0.0,0.0,0.0,0.0,0.0,1.0,0.0,0.002430555555555555,0.0,0.0,0.002430555555555555,Transit,Fishing - Purse Seiner
700033516,VESSEL_STR_002,KR,transit,1.0,purse_seiner,0.9999999803903227,0.0,0.0,0.0,0.0,0.0,0.0,0.0,1.0,0.0,0.002430555555555555,0.0,0.0,0.002430555555555555,Transit,Fishing - Purse Seiner
700033516,VESSEL_STR_002,KR,transit,1.0,purse_seiner,0.9999999803903227,0.0,0.0,0.0,0.0,0.0,0.0,0.0,1.0,0.0,0.002430555555555555,0.0,0.0,0.002430555555555555,Transit,Fishing - Purse Seiner
700033516,VESSEL_STR_002,KR,transit,1.0,purse_seiner,0.9999999803903227,0.0,0.0,0.0,0.0,0.0,0.0,0.0,1.0,0.0,0.002430555555555555,0.0,0.0,0.002430555555555555,Transit,Fishing - Purse Seiner
700033516,VESSEL_STR_002,KR,transit,0.9975,purse_seiner,0.9999999803903651,0.0,0.0,0.0,0.0,0.0,0.0,0.0025,0.9975,0.0,0.002430555555555555,0.0,0.0,0.002430555555555555,Transit,Fishing - Purse Seiner
700033516,VESSEL_STR_002,KR,transit,1.0,purse_seiner,0.9999999803903227,0.0,0.0,0.0,0.0,0.0,0.0,0.0,1.0,0.0,0.002430555555555555,0.0,0.0,0.002430555555555555,Transit,Fishing - Purse Seiner
700033516,VESSEL_STR_002,KR,transit,1.0,purse_seiner,0.9999999803903227,0.0,0.0,0.0,0.0,0.0,0.0,0.0,1.0,0.0,0.002430555555555555,0.0,0.0,0.002430555555555555,Transit,Fishing - Purse Seiner
700033516,VESSEL_STR_002,KR,transit,1.0,purse_seiner,0.9999999803903227,0.0,0.0,0.0,0.0,0.0,0.0,0.0,1.0,0.0,0.002430555555555555,0.0,0.0,0.002430555555555555,Transit,Fishing - Purse Seiner
700033516,VESSEL_STR_002,KR,transit,1.0,purse_seiner,0.9999999803903651,0.0,0.0,0.0,0.0,0.0,0.0,0.0,1.0,0.0,0.002430555555555555,0.0,0.0,0.002430555555555555,Transit,Fishing - Purse Seiner
700033517,VESSEL_STR_003,CN,transit,1.0,longliner,0.9999999804556402,0.0,0.0,0.0,0.0,0.0,0.0,0.0,1.0,0.0,0.002430555555555555,0.0,0.0,0.002430555555555555,Transit,Fishing - Longliner
700033517,VESSEL_STR_003,CN,transit,1.0,longliner,0.9999999804557028,0.0,0.0,0.0,0.0,0.0,0.0,0.0,1.0,0.0,0.002430555555555555,0.0,0.0,0.002430555555555555,Transit,Fishing - Longliner
700033517,VESSEL_STR_003,CN,transit,1.0,longliner,0.9999999804557028,0.0,0.0,0.0,0.0,0.0,0.0,0.0,1.0,0.0,0.002430555555555555,0.0,0.0,0.002430555555555555,Transit,Fishing - Longliner
700033517,VESSEL_STR_003,CN,transit,1.0,longliner,0.9999999804557028,0.0,0.0,0.0,0.0,0.0,0.0,0.0,1.0,0.0,0.002430555555555555,0.0,0.0,0.002430555555555555,Transit,Fishing - Longliner
700033517,VESSEL_STR_003,CN,transit,1.0,longliner,0.9999999804556402,0.0,0.0,0.0,0.0,0.0,0.0,0.0,1.0,0.0,0.002430555555555555,0.0,0.0,0.002430555555555555,Transit,Fishing - Longliner
700033517,VESSEL_STR_003,CN,transit,1.0,longliner,0.9999999804556402,0.0,0.0,0.0,0.0,0.0,0.0,0.0,1.0,0.0,0.002430555555555555,0.0,0.0,0.002430555555555555,Transit,Fishing - Longliner
700033517,VESSEL_STR_003,CN,transit,0.9506031746031748,longliner,0.9999999803490861,0.0,0.0,0.0,0.04106349206349206,0.0,0.008333333333333335,0.0,0.9506031746031748,0.0,0.002430555555555555,0.0,0.0,0.002430555555555555,Transit,Fishing - Longliner
700033517,VESSEL_STR_003,CN,fishing,0.961388888888889,longliner,0.999999979379433,0.0,0.0,0.0,0.961388888888889,0.007083333333333333,0.0033333333333333335,0.0,0.024444444444444442,0.00375,0.002430555555555555,0.6,0.0,0.6,Fishing,Fishing - Longliner
700033517,VESSEL_STR_003,CN,fishing,0.9924761904761904,longliner,0.9999999792622136,0.0,0.0,0.0,0.9924761904761904,0.005523809523809524,0.0,0.0,0.0,0.002,0.002430555555555555,0.6,0.0,0.6,Fishing,Fishing - Longliner
700033517,VESSEL_STR_003,CN,fishing,0.981111111111111,longliner,0.9999999802321877,0.0,0.0,0.0,0.981111111111111,0.016888888888888887,0.0,0.0,0.0,0.002,0.002430555555555555,0.6,0.0,0.6,Fishing,Fishing - Longliner
700033517,VESSEL_STR_003,CN,fishing,0.9777777777777777,longliner,0.9999999807607097,0.0,0.0,0.0,0.9777777777777777,0.02222222222222222,0.0,0.0,0.0,0.0,0.002430555555555555,0.6,0.0,0.6,Fishing,Fishing - Longliner
700033517,VESSEL_STR_003,CN,fishing,0.9802777777777777,longliner,0.9999999807594299,0.0,0.0,0.0,0.9802777777777777,0.01972222222222222,0.0,0.0,0.0,0.0,0.002430555555555555,0.6,0.0,0.6,Fishing,Fishing - Longliner
700033517,VESSEL_STR_003,CN,fishing,0.9836111111111111,longliner,0.9999999807594299,0.0,0.0,0.0,0.9836111111111111,0.016388888888888887,0.0,0.0,0.0,0.0,0.002430555555555555,0.6,0.0,0.6,Fishing,Fishing - Longliner
700033517,VESSEL_STR_003,CN,fishing,0.9791666666666666,longliner,0.9999999807594299,0.0,0.0016666666666666668,0.0,0.9791666666666666,0.019166666666666665,0.0,0.0,0.0,0.0,0.002430555555555555,0.6,0.0,0.6,Fishing,Fishing - Longliner
700033517,VESSEL_STR_003,CN,fishing,0.9792777777777777,longliner,0.9999999807594299,0.00488888888888889,0.0,0.0,0.9792777777777777,0.015833333333333335,0.0,0.0,0.0,0.0,0.002430555555555555,0.6,0.0,0.6,Fishing,Fishing - Longliner
700033517,VESSEL_STR_003,CN,fishing,0.9784444444444443,longliner,0.9999999807594299,0.002666666666666667,0.0,0.0,0.9784444444444443,0.018888888888888886,0.0,0.0,0.0,0.0,0.002430555555555555,0.6,0.0,0.6,Fishing,Fishing - Longliner
700033517,VESSEL_STR_003,CN,fishing,0.9944444444444444,longliner,0.9999999799923287,0.0,0.0,0.0,0.9944444444444444,0.005555555555555555,0.0,0.0,0.0,0.0,0.002430555555555555,0.6,0.0,0.6,Fishing,Fishing - Longliner
700033517,VESSEL_STR_003,CN,fishing,0.9986666666666667,longliner,0.999999979562243,0.0,0.0,0.0,0.9986666666666667,0.0013333333333333335,0.0,0.0,0.0,0.0,0.002430555555555555,0.6,0.0,0.6,Fishing,Fishing - Longliner
700033517,VESSEL_STR_003,CN,fishing,0.9866666666666667,longliner,0.9999999807594299,0.0,0.0,0.0,0.9866666666666667,0.013333333333333334,0.0,0.0,0.0,0.0,0.002430555555555555,0.6,0.0,0.6,Fishing,Fishing - Longliner
700033517,VESSEL_STR_003,CN,fishing,0.9833333333333333,longliner,0.9999999807594299,0.0,0.0,0.0,0.9833333333333333,0.016666666666666666,0.0,0.0,0.0,0.0,0.002430555555555555,0.6,0.0,0.6,Fishing,Fishing - Longliner
700033517,VESSEL_STR_003,CN,fishing,0.9824761904761904,longliner,0.9999999792622136,0.0,0.0,0.0033333333333333335,0.9824761904761904,0.007587301587301587,0.0,0.0004761904761904762,0.0,0.006126984126984126,0.002430555555555555,0.6,0.0,0.6,Fishing,Fishing - Longliner
700033517,VESSEL_STR_003,CN,fishing,0.9891428571428571,longliner,0.9999999792622136,0.0,0.0,0.0,0.9891428571428571,0.006634920634920634,0.0,0.0,0.0,0.004222222222222222,0.002430555555555555,0.6,0.0,0.6,Fishing,Fishing - Longliner
700033517,VESSEL_STR_003,CN,fishing,0.9866666666666667,longliner,0.9999999807594299,0.0,0.0,0.0,0.9866666666666667,0.013333333333333334,0.0,0.0,0.0,0.0,0.002430555555555555,0.6,0.0,0.6,Fishing,Fishing - Longliner
700033517,VESSEL_STR_003,CN,fishing,0.9844444444444443,longliner,0.9999999807594299,0.0,0.0,0.0,0.9844444444444443,0.015555555555555553,0.0,0.0,0.0,0.0,0.002430555555555555,0.6,0.0,0.6,Fishing,Fishing - Longliner
700033517,VESSEL_STR_003,CN,fishing,0.981111111111111,longliner,0.9999999807594299,0.0,0.0,0.0,0.981111111111111,0.018888888888888886,0.0,0.0,0.0,0.0,0.002430555555555555,0.6,0.0,0.6,Fishing,Fishing - Longliner
700033517,VESSEL_STR_003,CN,fishing,0.9841666666666666,longliner,0.9999999807594299,0.0,0.0,0.0,0.9841666666666666,0.015833333333333335,0.0,0.0,0.0,0.0,0.002430555555555555,0.6,0.0,0.6,Fishing,Fishing - Longliner
700033517,VESSEL_STR_003,CN,fishing,0.9620555555555556,longliner,0.9999999807594299,0.006555555555555556,0.004166666666666667,0.0,0.9620555555555556,0.020555555555555553,0.0,0.004722222222222221,0.0,0.0019444444444444442,0.002430555555555555,0.6,0.0,0.6,Fishing,Fishing - Longliner
700033517,VESSEL_STR_003,CN,fishing,0.6647568542568543,longliner,0.9999999797233277,0.017666666666666667,0.10094733044733045,0.006666666666666667,0.6647568542568543,0.024409090909090908,0.0,0.08239646464646466,0.09982359307359306,0.0033333333333333335,0.002430555555555555,0.6,0.0,0.6,Fishing,Fishing - Longliner
700033517,VESSEL_STR_003,CN,transit,0.9071212121212123,longliner,0.9999999784200597,0.005333333333333334,0.01418939393939394,0.014444444444444444,0.01443939393939394,0.0022979797979797976,0.0,0.04217424242424242,0.9071212121212123,0.0,0.002430555555555555,0.0,0.0,0.002430555555555555,Transit,Fishing - Longliner
700033517,VESSEL_STR_003,CN,transit,1.0,longliner,0.999999980455157,0.0,0.0,0.0,0.0,0.0,0.0,0.0,1.0,0.0,0.002430555555555555,0.0,0.0,0.002430555555555555,Transit,Fishing - Longliner
700033517,VESSEL_STR_003,CN,transit,1.0,longliner,0.9999999804556402,0.0,0.0,0.0,0.0,0.0,0.0,0.0,1.0,0.0,0.002430555555555555,0.0,0.0,0.002430555555555555,Transit,Fishing - Longliner
700033517,VESSEL_STR_003,CN,transit,1.0,longliner,0.9999999804556402,0.0,0.0,0.0,0.0,0.0,0.0,0.0,1.0,0.0,0.002430555555555555,0.0,0.0,0.002430555555555555,Transit,Fishing - Longliner
700033517,VESSEL_STR_003,CN,transit,0.9972222222222221,longliner,0.9999999804555709,0.0016666666666666668,0.0,0.0,0.0,0.0,0.0011111111111111111,0.0,0.9972222222222221,0.0,0.002430555555555555,0.0,0.0,0.002430555555555555,Transit,Fishing - Longliner
700033517,VESSEL_STR_003,CN,transit,0.9972222222222221,longliner,0.9999999804556402,0.0016666666666666668,0.0,0.0,0.0,0.0,0.0011111111111111111,0.0,0.9972222222222221,0.0,0.002430555555555555,0.0,0.0,0.002430555555555555,Transit,Fishing - Longliner
700033517,VESSEL_STR_003,CN,transit,0.7310820105820105,longliner,0.999999980357107,0.0025,0.0,0.0,0.18997354497354502,0.008555555555555556,0.054666666666666676,0.0,0.7310820105820105,0.01322222222222222,0.002430555555555555,0.0,0.0,0.002430555555555555,Transit,Fishing - Longliner
700033517,VESSEL_STR_003,CN,fishing,0.946388888888889,longliner,0.9999999789854224,0.0,0.0,0.0,0.946388888888889,0.0016666666666666668,0.015,0.0,0.035833333333333335,0.0011111111111111111,0.002430555555555555,0.6,0.0,0.6,Fishing,Fishing - Longliner
700033517,VESSEL_STR_003,CN,fishing,0.9824206349206349,longliner,0.9999999792607914,0.0,0.0,0.0033333333333333335,0.9824206349206349,0.007579365079365079,0.005,0.0,0.0016666666666666668,0.0,0.002430555555555555,0.6,0.0,0.6,Fishing,Fishing - Longliner
700033517,VESSEL_STR_003,CN,fishing,0.9966666666666667,longliner,0.9999999793135823,0.0,0.0,0.0033333333333333335,0.9966666666666667,0.0,0.0,0.0,0.0,0.0,0.002430555555555555,0.6,0.0,0.6,Fishing,Fishing - Longliner
700033517,VESSEL_STR_003,CN,fishing,0.9966666666666667,longliner,0.9999999795921002,0.0,0.0,0.0033333333333333335,0.9966666666666667,0.0,0.0,0.0,0.0,0.0,0.002430555555555555,0.6,0.0,0.6,Fishing,Fishing - Longliner
700033517,VESSEL_STR_003,CN,fishing,0.9916666666666667,longliner,0.9999999792607914,0.0,0.0,0.0033333333333333335,0.9916666666666667,0.0016666666666666668,0.0033333333333333335,0.0,0.0,0.0,0.002430555555555555,0.6,0.0,0.6,Fishing,Fishing - Longliner
700033517,VESSEL_STR_003,CN,fishing,0.9933333333333333,longliner,0.9999999792622136,0.0,0.0016666666666666668,0.0,0.9933333333333333,0.0033333333333333335,0.0,0.0,0.0,0.0016666666666666668,0.002430555555555555,0.6,0.0,0.6,Fishing,Fishing - Longliner
700033517,VESSEL_STR_003,CN,fishing,0.995,longliner,0.9999999807594299,0.0,0.0016666666666666668,0.0,0.995,0.0016666666666666668,0.0,0.0,0.0,0.0016666666666666668,0.002430555555555555,0.6,0.0,0.6,Fishing,Fishing - Longliner
700033517,VESSEL_STR_003,CN,fishing,0.9966666666666667,longliner,0.9999999802321877,0.0,0.0016666666666666668,0.0,0.9966666666666667,0.0016666666666666668,0.0,0.0,0.0,0.0,0.002430555555555555,0.6,0.0,0.6,Fishing,Fishing - Longliner
700033517,VESSEL_STR_003,CN,fishing,0.9966666666666667,longliner,0.9999999807594299,0.0,0.0016666666666666668,0.0,0.9966666666666667,0.0016666666666666668,0.0,0.0,0.0,0.0,0.002430555555555555,0.6,0.0,0.6,Fishing,Fishing - Longliner
700033517,VESSEL_STR_003,CN,fishing,0.9966666666666667,longliner,0.9999999807594299,0.0,0.0016666666666666668,0.0,0.9966666666666667,0.0016666666666666668,0.0,0.0,0.0,0.0,0.002430555555555555,0.6,0.0,0.6,Fishing,Fishing - Longliner
700033517,VESSEL_STR_003,CN,fishing,0.9966666666666667,longliner,0.9999999807594299,0.0,0.0016666666666666668,0.0,0.9966666666666667,0.0016666666666666668,0.0,0.0,0.0,0.0,0.002430555555555555,0.6,0.0,0.6,Fishing,Fishing - Longliner
700033517,VESSEL_STR_003,CN,fishing,0.9729393939393939,longliner,0.9999999807607097,0.0022222222222222222,0.006856060606060605,0.006666666666666667,0.9729393939393939,0.0077424242424242425,0.0,0.0011742424242424242,0.0023989898989898993,0.0,0.002430555555555555,0.6,0.0,0.6,Fishing,Fishing - Longliner
700033517,VESSEL_STR_003,CN,fishing,0.9794444444444443,longliner,0.9999999807594299,0.005,0.0016666666666666668,0.0,0.9794444444444443,0.008888888888888889,0.0,0.0,0.0,0.005,0.002430555555555555,0.6,0.0,0.6,Fishing,Fishing - Longliner
700033517,VESSEL_STR_003,CN,fishing,0.9966666666666667,longliner,0.9999999807607097,0.0,0.0016666666666666668,0.0,0.9966666666666667,0.0016666666666666668,0.0,0.0,0.0,0.0,0.002430555555555555,0.6,0.0,0.6,Fishing,Fishing - Longliner
700033517,VESSEL_STR_003,CN,fishing,0.9966666666666667,longliner,0.9999999807594299,0.0,0.0016666666666666668,0.0,0.9966666666666667,0.0016666666666666668,0.0,0.0,0.0,0.0,0.002430555555555555,0.6,0.0,0.6,Fishing,Fishing - Longliner
700033517,VESSEL_STR_003,CN,fishing,0.9883333333333333,longliner,0.9999999807594299,0.0,0.0033333333333333335,0.006666666666666667,0.9883333333333333,0.0016666666666666668,0.0,0.0,0.0,0.0,0.002430555555555555,0.6,0.0,0.6,Fishing,Fishing - Longliner
700033517,VESSEL_STR_003,CN,fishing,0.9966666666666667,longliner,0.9999999807594299,0.0,0.0016666666666666668,0.0,0.9966666666666667,0.0016666666666666668,0.0,0.0,0.0,0.0,0.002430555555555555,0.6,0.0,0.6,Fishing,Fishing - Longliner
700033517,VESSEL_STR_003,CN,fishing,0.9966666666666667,longliner,0.9999999807594299,0.0,0.0016666666666666668,0.0,0.9966666666666667,0.0016666666666666668,0.0,0.0,0.0,0.0,0.002430555555555555,0.6,0.0,0.6,Fishing,Fishing - Longliner
700033517,VESSEL_STR_003,CN,fishing,0.9966666666666667,longliner,0.9999999807594299,0.0,0.0016666666666666668,0.0,0.9966666666666667,0.0016666666666666668,0.0,0.0,0.0,0.0,0.002430555555555555,0.6,0.0,0.6,Fishing,Fishing - Longliner
700033517,VESSEL_STR_003,CN,transit,0.4877058682058682,longliner,0.9999999789853284,0.0028703703703703703,0.011382515632515631,0.02222222222222222,0.34643939393939394,0.0710942760942761,0.0185,0.002063131313131313,0.4877058682058682,0.037722222222222226,0.002430555555555555,0.0,0.0,0.002430555555555555,Transit,Fishing - Longliner
700033517,VESSEL_STR_003,CN,transit,0.9975793650793651,longliner,0.9999999803245504,0.0008333333333333334,0.0004761904761904762,0.0,0.0,0.0,0.0011111111111111111,0.0,0.9975793650793651,0.0,0.002430555555555555,0.0,0.0,0.002430555555555555,Transit,Fishing - Longliner
700033517,VESSEL_STR_003,CN,transit,0.9988888888888887,longliner,0.9999999804556402,0.0,0.0,0.0,0.0,0.0,0.0011111111111111111,0.0,0.9988888888888887,0.0,0.002430555555555555,0.0,0.0,0.002430555555555555,Transit,Fishing - Longliner
700033517,VESSEL_STR_003,CN,transit,0.9991666666666666,longliner,0.9999999804556402,0.0008333333333333334,0.0,0.0,0.0,0.0,0.0,0.0,0.9991666666666666,0.0,0.002430555555555555,0.0,0.0,0.002430555555555555,Transit,Fishing - Longliner
700033517,VESSEL_STR_003,CN,transit,1.0,longliner,0.9999999804557028,0.0,0.0,0.0,0.0,0.0,0.0,0.0,1.0,0.0,0.002430555555555555,0.0,0.0,0.002430555555555555,Transit,Fishing - Longliner
700033517,VESSEL_STR_003,CN,transit,1.0,longliner,0.9999999804556402,0.0,0.0,0.0,0.0,0.0,0.0,0.0,1.0,0.0,0.002430555555555555,0.0,0.0,0.002430555555555555,Transit,Fishing - Longliner
700033517,VESSEL_STR_003,CN,transit,1.0,longliner,0.9999999804556402,0.0,0.0,0.0,0.0,0.0,0.0,0.0,1.0,0.0,0.002430555555555555,0.0,0.0,0.002430555555555555,Transit,Fishing - Longliner
700033517,VESSEL_STR_003,CN,transit,1.0,longliner,0.9999999804556402,0.0,0.0,0.0,0.0,0.0,0.0,0.0,1.0,0.0,0.002430555555555555,0.0,0.0,0.002430555555555555,Transit,Fishing - Longliner
700033517,VESSEL_STR_003,CN,transit,1.0,longliner,0.9999999804556402,0.0,0.0,0.0,0.0,0.0,0.0,0.0,1.0,0.0,0.002430555555555555,0.0,0.0,0.002430555555555555,Transit,Fishing - Longliner
700033517,VESSEL_STR_003,CN,transit,1.0,longliner,0.9999999804556402,0.0,0.0,0.0,0.0,0.0,0.0,0.0,1.0,0.0,0.002430555555555555,0.0,0.0,0.002430555555555555,Transit,Fishing - Longliner
700033517,VESSEL_STR_003,CN,transit,1.0,longliner,0.9999999804556402,0.0,0.0,0.0,0.0,0.0,0.0,0.0,1.0,0.0,0.002430555555555555,0.0,0.0,0.002430555555555555,Transit,Fishing - Longliner
700033517,VESSEL_STR_003,CN,transit,0.9966666666666667,longliner,0.9999999804806056,0.0,0.0,0.0,0.0033333333333333335,0.0,0.0,0.0,0.9966666666666667,0.0,0.002430555555555555,0.0,0.0,0.002430555555555555,Transit,Fishing - Longliner
700033517,VESSEL_STR_003,CN,transit,1.0,longliner,0.9999999804601579,0.0,0.0,0.0,0.0,0.0,0.0,0.0,1.0,0.0,0.002430555555555555,0.0,0.0,0.002430555555555555,Transit,Fishing - Longliner
700033517,VESSEL_STR_003,CN,transit,1.0,longliner,0.9999999804601579,0.0,0.0,0.0,0.0,0.0,0.0,0.0,1.0,0.0,0.002430555555555555,0.0,0.0,0.002430555555555555,Transit,Fishing - Longliner
700033517,VESSEL_STR_003,CN,transit,1.0,longliner,0.9999999804556402,0.0,0.0,0.0,0.0,0.0,0.0,0.0,1.0,0.0,0.002430555555555555,0.0,0.0,0.002430555555555555,Transit,Fishing - Longliner
700033517,VESSEL_STR_003,CN,transit,1.0,longliner,0.9999999804556402,0.0,0.0,0.0,0.0,0.0,0.0,0.0,1.0,0.0,0.002430555555555555,0.0,0.0,0.002430555555555555,Transit,Fishing - Longliner
700033517,VESSEL_STR_003,CN,transit,1.0,longliner,0.9999999804556402,0.0,0.0,0.0,0.0,0.0,0.0,0.0,1.0,0.0,0.002430555555555555,0.0,0.0,0.002430555555555555,Transit,Fishing - Longliner
700033517,VESSEL_STR_003,CN,transit,1.0,longliner,0.9999999804556402,0.0,0.0,0.0,0.0,0.0,0.0,0.0,1.0,0.0,0.002430555555555555,0.0,0.0,0.002430555555555555,Transit,Fishing - Longliner
700033517,VESSEL_STR_003,CN,transit,1.0,longliner,0.9999999804556402,0.0,0.0,0.0,0.0,0.0,0.0,0.0,1.0,0.0,0.002430555555555555,0.0,0.0,0.002430555555555555,Transit,Fishing - Longliner
700033517,VESSEL_STR_003,CN,transit,1.0,longliner,0.9999999804556402,0.0,0.0,0.0,0.0,0.0,0.0,0.0,1.0,0.0,0.002430555555555555,0.0,0.0,0.002430555555555555,Transit,Fishing - Longliner
700033517,VESSEL_STR_003,CN,transit,1.0,longliner,0.9999999804556402,0.0,0.0,0.0,0.0,0.0,0.0,0.0,1.0,0.0,0.002430555555555555,0.0,0.0,0.002430555555555555,Transit,Fishing - Longliner
700033517,VESSEL_STR_003,CN,transit,1.0,longliner,0.9999999804556402,0.0,0.0,0.0,0.0,0.0,0.0,0.0,1.0,0.0,0.002430555555555555,0.0,0.0,0.002430555555555555,Transit,Fishing - Longliner
700033517,VESSEL_STR_003,CN,transit,0.9966666666666667,longliner,0.9999999804556402,0.0033333333333333335,0.0,0.0,0.0,0.0,0.0,0.0,0.9966666666666667,0.0,0.002430555555555555,0.0,0.0,0.002430555555555555,Transit,Fishing - Longliner
700033517,VESSEL_STR_003,CN,transit,1.0,longliner,0.9999999804556402,0.0,0.0,0.0,0.0,0.0,0.0,0.0,1.0,0.0,0.002430555555555555,0.0,0.0,0.002430555555555555,Transit,Fishing - Longliner
700033517,VESSEL_STR_003,CN,transit,1.0,longliner,0.9999999804556402,0.0,0.0,0.0,0.0,0.0,0.0,0.0,1.0,0.0,0.002430555555555555,0.0,0.0,0.002430555555555555,Transit,Fishing - Longliner
700033517,VESSEL_STR_003,CN,transit,0.9983333333333333,longliner,0.9999999804556402,0.0,0.0,0.0,0.0,0.0,0.0016666666666666668,0.0,0.9983333333333333,0.0,0.002430555555555555,0.0,0.0,0.002430555555555555,Transit,Fishing - Longliner
700033517,VESSEL_STR_003,CN,transit,1.0,longliner,0.9999999804556402,0.0,0.0,0.0,0.0,0.0,0.0,0.0,1.0,0.0,0.002430555555555555,0.0,0.0,0.002430555555555555,Transit,Fishing - Longliner
700033517,VESSEL_STR_003,CN,transit,1.0,longliner,0.9999999804556402,0.0,0.0,0.0,0.0,0.0,0.0,0.0,1.0,0.0,0.002430555555555555,0.0,0.0,0.002430555555555555,Transit,Fishing - Longliner
700033517,VESSEL_STR_003,CN,transit,1.0,longliner,0.9999999804556402,0.0,0.0,0.0,0.0,0.0,0.0,0.0,1.0,0.0,0.002430555555555555,0.0,0.0,0.002430555555555555,Transit,Fishing - Longliner
700033517,VESSEL_STR_003,CN,transit,1.0,longliner,0.9999999804556402,0.0,0.0,0.0,0.0,0.0,0.0,0.0,1.0,0.0,0.002430555555555555,0.0,0.0,0.002430555555555555,Transit,Fishing - Longliner
700033517,VESSEL_STR_003,CN,transit,1.0,longliner,0.9999999804556402,0.0,0.0,0.0,0.0,0.0,0.0,0.0,1.0,0.0,0.002430555555555555,0.0,0.0,0.002430555555555555,Transit,Fishing - Longliner
700033518,VESSEL_STR_004,LR,transit,1.0,trawler,0.9999999848502283,0.0,0.0,0.0,0.0,0.0,0.0,0.0,1.0,0.0,0.002430555555555555,0.0,0.0,0.002430555555555555,Transit,Fishing - Trawler
700033518,VESSEL_STR_004,LR,transit,0.9977777777777779,trawler,0.9999999848502283,0.0,0.0,0.0022222222222222222,0.0,0.0,0.0,0.0,0.9977777777777779,0.0,0.002430555555555555,0.0,0.0,0.002430555555555555,Transit,Fishing - Trawler
700033518,VESSEL_STR_004,LR,transit,0.9977777777777778,trawler,0.9999999848760477,0.0,0.0,0.0,0.0022222222222222222,0.0,0.0,0.0,0.9977777777777778,0.0,0.002430555555555555,0.0,0.0,0.002430555555555555,Transit,Fishing - Trawler
700033518,VESSEL_STR_004,LR,transit,1.0,trawler,0.9999999848502283,0.0,0.0,0.0,0.0,0.0,0.0,0.0,1.0,0.0,0.002430555555555555,0.0,0.0,0.002430555555555555,Transit,Fishing - Trawler
700033518,VESSEL_STR_004,LR,transit,1.0,trawler,0.9999999848502283,0.0,0.0,0.0,0.0,0.0,0.0,0.0,1.0,0.0,0.002430555555555555,0.0,0.0,0.002430555555555555,Transit,Fishing - Trawler
700033518,VESSEL_STR_004,LR,transit,1.0,trawler,0.9999999848502283,0.0,0.0,0.0,0.0,0.0,0.0,0.0,1.0,0.0,0.002430555555555555,0.0,0.0,0.002430555555555555,Transit,Fishing - Trawler
700033518,VESSEL_STR_004,LR,transit,0.878404761904762,trawler,0.9999999847604992,0.0,0.0,0.0,0.09387301587301587,0.014166666666666666,0.010777777777777778,0.0,0.878404761904762,0.0027777777777777775,0.002430555555555555,0.0,0.0,0.002430555555555555,Transit,Fishing - Trawler
700033518,VESSEL_STR_004,LR,fishing,0.9822222222222221,trawler,0.9999999847619834,0.0,0.0,0.0,0.9822222222222221,0.0022222222222222222,0.0,0.0,0.015555555555555553,0.0,0.002430555555555555,0.6,0.0,0.6,Fishing,Fishing - Trawler
700033518,VESSEL_STR_004,LR,fishing,1.0,trawler,0.9999999848775316,0.0,0.0,0.0,1.0,0.0,0.0,0.0,0.0,0.0,0.002430555555555555,0.6,0.0,0.6,Fishing,Fishing - Trawler
700033518,VESSEL_STR_004,LR,fishing,1.0,trawler,0.9999999848775316,0.0,0.0,0.0,1.0,0.0,0.0,0.0,0.0,0.0,0.002430555555555555,0.6,0.0,0.6,Fishing,Fishing - Trawler
700033518,VESSEL_STR_004,LR,fishing,1.0,trawler,0.9999999848775316,0.0,0.0,0.0,1.0,0.0,0.0,0.0,0.0,0.0,0.002430555555555555,0.6,0.0,0.6,Fishing,Fishing - Trawler
700033518,VESSEL_STR_004,LR,fishing,1.0,trawler,0.9999999844785337,0.0,0.0,0.0,1.0,0.0,0.0,0.0,0.0,0.0,0.002430555555555555,0.6,0.0,0.6,Fishing,Fishing - Trawler
700033518,VESSEL_STR_004,LR,fishing,1.0,trawler,0.9999999844785337,0.0,0.0,0.0,1.0,0.0,0.0,0.0,0.0,0.0,0.002430555555555555,0.6,0.0,0.6,Fishing,Fishing - Trawler
700033518,VESSEL_STR_004,LR,fishing,1.0,trawler,0.9999999844785337,0.0,0.0,0.0,1.0,0.0,0.0,0.0,0.0,0.0,0.002430555555555555,0.6,0.0,0.6,Fishing,Fishing - Trawler
700033518,VESSEL_STR_004,LR,fishing,1.0,trawler,0.9999999845262566,0.0,0.0,0.0,1.0,0.0,0.0,0.0,0.0,0.0,0.002430555555555555,0.6,0.0,0.6,Fishing,Fishing - Trawler
700033518,VESSEL_STR_004,LR,fishing,1.0,trawler,0.9999999844785337,0.0,0.0,0.0,1.0,0.0,0.0,0.0,0.0,0.0,0.002430555555555555,0.6,0.0,0.6,Fishing,Fishing - Trawler
700033518,VESSEL_STR_004,LR,fishing,1.0,trawler,0.9999999847619834,0.0,0.0,0.0,1.0,0.0,0.0,0.0,0.0,0.0,0.002430555555555555,0.6,0.0,0.6,Fishing,Fishing - Trawler
700033518,VESSEL_STR_004,LR,fishing,1.0,trawler,0.9999999848775316,0.0,0.0,0.0,1.0,0.0,0.0,0.0,0.0,0.0,0.002430555555555555,0.6,0.0,0.6,Fishing,Fishing - Trawler
700033518,VESSEL_STR_004,LR,fishing,1.0,trawler,0.9999999844785337,0.0,0.0,0.0,1.0,0.0,0.0,0.0,0.0,0.0,0.002430555555555555,0.6,0.0,0.6,Fishing,Fishing - Trawler
700033518,VESSEL_STR_004,LR,fishing,1.0,trawler,0.9999999848775316,0.0,0.0,0.0,1.0,0.0,0.0,0.0,0.0,0.0,0.002430555555555555,0.6,0.0,0.6,Fishing,Fishing - Trawler
700033518,VESSEL_STR_004,LR,fishing,1.0,trawler,0.9999999848775316,0.0,0.0,0.0,1.0,0.0,0.0,0.0,0.0,0.0,0.002430555555555555,0.6,0.0,0.6,Fishing,Fishing - Trawler
700033518,VESSEL_STR_004,LR,fishing,1.0,trawler,0.9999999848775316,0.0,0.0,0.0,1.0,0.0,0.0,0.0,0.0,0.0,0.002430555555555555,0.6,0.0,0.6,Fishing,Fishing - Trawler
700033518,VESSEL_STR_004,LR,fishing,1.0,trawler,0.9999999848775316,0.0,0.0,0.0,1.0,0.0,0.0,0.0,0.0,0.0,0.002430555555555555,0.6,0.0,0.6,Fishing,Fishing - Trawler
700033518,VESSEL_STR_004,LR,fishing,1.0,trawler,0.9999999848775316,0.0,0.0,0.0,1.0,0.0,0.0,0.0,0.0,0.0,0.002430555555555555,0.6,0.0,0.6,Fishing,Fishing - Trawler
700033518,VESSEL_STR_004,LR,fishing,0.9991666666666666,trawler,0.9999999848775316,0.0,0.0,0.0,0.9991666666666666,0.0,0.0008333333333333334,0.0,0.0,0.0,0.002430555555555555,0.6,0.0,0.6,Fishing,Fishing - Trawler
700033518,VESSEL_STR_004,LR,fishing,0.9061111111111111,trawler,0.9999999847619834,0.0016666666666666668,0.010499999999999999,0.0,0.9061111111111111,0.0027777777777777775,0.0,0.012,0.06694444444444445,0.0,0.002430555555555555,0.6,0.0,0.6,Fishing,Fishing - Trawler
700033518,VESSEL_STR_004,LR,transit,0.9553434343434344,trawler,0.9999999847362671,0.0,0.003522727272727273,0.0,0.012661616161616162,7.575757575757576e-05,0.0,0.02839646464646465,0.9553434343434344,0.0,0.002430555555555555,0.0,0.0,0.002430555555555555,Transit,Fishing - Trawler
700033518,VESSEL_STR_004,LR,transit,0.9993333333333334,trawler,0.9999999848502283,0.0,0.0,0.0,0.0,0.0,0.0,0.0006666666666666668,0.9993333333333334,0.0,0.002430555555555555,0.0,0.0,0.002430555555555555,Transit,Fishing - Trawler
700033518,VESSEL_STR_004,LR,transit,1.0,trawler,0.9999999848502283,0.0,0.0,0.0,0.0,0.0,0.0,0.0,1.0,0.0,0.002430555555555555,0.0,0.0,0.002430555555555555,Transit,Fishing - Trawler
700033518,VESSEL_STR_004,LR,transit,1.0,trawler,0.9999999848502394,0.0,0.0,0.0,0.0,0.0,0.0,0.0,1.0,0.0,0.002430555555555555,0.0,0.0,0.002430555555555555,Transit,Fishing - Trawler
700033518,VESSEL_STR_004,LR,transit,1.0,trawler,0.9999999848502765,0.0,0.0,0.0,0.0,0.0,0.0,0.0,1.0,0.0,0.002430555555555555,0.0,0.0,0.002430555555555555,Transit,Fishing - Trawler
700033518,VESSEL_STR_004,LR,transit,1.0,trawler,0.9999999847604992,0.0,0.0,0.0,0.0,0.0,0.0,0.0,1.0,0.0,0.002430555555555555,0.0,0.0,0.002430555555555555,Transit,Fishing - Trawler
700033518,VESSEL_STR_004,LR,fishing,0.84015873015873,trawler,0.9999999847604992,0.0,0.0,0.0,0.84015873015873,0.0,0.005833333333333334,0.0022222222222222222,0.14984126984126986,0.0019444444444444442,0.002430555555555555,0.6,0.0,0.6,Fishing,Fishing - Trawler
700033518,VESSEL_STR_004,LR,fishing,0.9899444444444443,trawler,0.9999999847619834,0.0,0.0,0.0,0.9899444444444443,0.0,0.0025,0.0,0.007555555555555555,0.0,0.002430555555555555,0.6,0.0,0.6,Fishing,Fishing - Trawler
700033518,VESSEL_STR_004,LR,fishing,1.0,trawler,0.9999999844785337,0.0,0.0,0.0,1.0,0.0,0.0,0.0,0.0,0.0,0.002430555555555555,0.6,0.0,0.6,Fishing,Fishing - Trawler
700033518,VESSEL_STR_004,LR,fishing,1.0,trawler,0.9999999844785337,0.0,0.0,0.0,1.0,0.0,0.0,0.0,0.0,0.0,0.002430555555555555,0.6,0.0,0.6,Fishing,Fishing - Trawler
700033518,VESSEL_STR_004,LR,fishing,1.0,trawler,0.9999999845262566,0.0,0.0,0.0,1.0,0.0,0.0,0.0,0.0,0.0,0.002430555555555555,0.6,0.0,0.6,Fishing,Fishing - Trawler
700033518,VESSEL_STR_004,LR,fishing,1.0,trawler,0.9999999844785337,0.0,0.0,0.0,1.0,0.0,0.0,0.0,0.0,0.0,0.002430555555555555,0.6,0.0,0.6,Fishing,Fishing - Trawler
700033518,VESSEL_STR_004,LR,fishing,1.0,trawler,0.9999999844785337,0.0,0.0,0.0,1.0,0.0,0.0,0.0,0.0,0.0,0.002430555555555555,0.6,0.0,0.6,Fishing,Fishing - Trawler
700033518,VESSEL_STR_004,LR,fishing,1.0,trawler,0.9999999844785337,0.0,0.0,0.0,1.0,0.0,0.0,0.0,0.0,0.0,0.002430555555555555,0.6,0.0,0.6,Fishing,Fishing - Trawler
700033518,VESSEL_STR_004,LR,fishing,1.0,trawler,0.9999999848775316,0.0,0.0,0.0,1.0,0.0,0.0,0.0,0.0,0.0,0.002430555555555555,0.6,0.0,0.6,Fishing,Fishing - Trawler
700033518,VESSEL_STR_004,LR,fishing,1.0,trawler,0.9999999844785337,0.0,0.0,0.0,1.0,0.0,0.0,0.0,0.0,0.0,0.002430555555555555,0.6,0.0,0.6,Fishing,Fishing - Trawler
700033518,VESSEL_STR_004,LR,fishing,0.9983333333333333,trawler,0.9999999847619834,0.0,0.0,0.0,0.9983333333333333,0.0016666666666666668,0.0,0.0,0.0,0.0,0.002430555555555555,0.6,0.0,0.6,Fishing,Fishing - Trawler
700033518,VESSEL_STR_004,LR,transit,0.919388888888889,trawler,0.9999999847619834,0.0,0.0022222222222222222,0.0,0.06033333333333333,0.0061111111111111106,0.0,0.0075,0.919388888888889,0.0044444444444444444,0.002430555555555555,0.0,0.0,0.002430555555555555,Transit,Fishing - Trawler
700033518,VESSEL_STR_004,LR,transit,0.9983333333333333,trawler,0.9999999847347842,0.0,0.0,0.0,0.0,0.0,0.0016666666666666668,0.0,0.9983333333333333,0.0,0.002430555555555555,0.0,0.0,0.002430555555555555,Transit,Fishing - Trawler
700033518,VESSEL_STR_004,LR,transit,0.9983333333333333,trawler,0.9999999848502283,0.0016666666666666668,0.0,0.0,0.0,0.0,0.0,0.0,0.9983333333333333,0.0,0.002430555555555555,0.0,0.0,0.002430555555555555,Transit,Fishing - Trawler
700033518,VESSEL_STR_004,LR,transit,0.9966666666666667,trawler,0.9999999848502283,0.0033333333333333335,0.0,0.0,0.0,0.0,0.0,0.0,0.9966666666666667,0.0,0.002430555555555555,0.0,0.0,0.002430555555555555,Transit,Fishing - Trawler
700033518,VESSEL_STR_004,LR,transit,1.0,trawler,0.9999999848502283,0.0,0.0,0.0,0.0,0.0,0.0,0.0,1.0,0.0,0.002430555555555555,0.0,0.0,0.002430555555555555,Transit,Fishing - Trawler
700033518,VESSEL_STR_004,LR,transit,0.9918333333333333,trawler,0.9999999848502283,0.0022222222222222222,0.0,0.0,0.0016666666666666668,0.0,0.0,0.004277777777777777,0.9918333333333333,0.0,0.002430555555555555,0.0,0.0,0.002430555555555555,Transit,Fishing - Trawler
700033518,VESSEL_STR_004,LR,transit,1.0,trawler,0.9999999847347842,0.0,0.0,0.0,0.0,0.0,0.0,0.0,1.0,0.0,0.002430555555555555,0.0,0.0,0.002430555555555555,Transit,Fishing - Trawler
700033518,VESSEL_STR_004,LR,transit,1.0,trawler,0.9999999848502283,0.0,0.0,0.0,0.0,0.0,0.0,0.0,1.0,0.0,0.002430555555555555,0.0,0.0,0.002430555555555555,Transit,Fishing - Trawler
700033518,VESSEL_STR_004,LR,transit,1.0,trawler,0.9999999848501977,0.0,0.0,0.0,0.0,0.0,0.0,0.0,1.0,0.0,0.002430555555555555,0.0,0.0,0.002430555555555555,Transit,Fishing - Trawler
700033518,VESSEL_STR_004,LR,transit,1.0,trawler,0.9999999848502765,0.0,0.0,0.0,0.0,0.0,0.0,0.0,1.0,0.0,0.002430555555555555,0.0,0.0,0.002430555555555555,Transit,Fishing - Trawler
700033518,VESSEL_STR_004,LR,transit,1.0,trawler,0.9999999848502283,0.0,0.0,0.0,0.0,0.0,0.0,0.0,1.0,0.0,0.002430555555555555,0.0,0.0,0.002430555555555555,Transit,Fishing - Trawler
700033518,VESSEL_STR_004,LR,transit,1.0,trawler,0.9999999848502283,0.0,0.0,0.0,0.0,0.0,0.0,0.0,1.0,0.0,0.002430555555555555,0.0,0.0,0.002430555555555555,Transit,Fishing - Trawler
700033518,VESSEL_STR_004,LR,transit,1.0,trawler,0.9999999848502283,0.0,0.0,0.0,0.0,0.0,0.0,0.0,1.0,0.0,0.002430555555555555,0.0,0.0,0.002430555555555555,Transit,Fishing - Trawler
700033518,VESSEL_STR_004,LR,transit,1.0,trawler,0.9999999848502283,0.0,0.0,0.0,0.0,0.0,0.0,0.0,1.0,0.0,0.002430555555555555,0.0,0.0,0.002430555555555555,Transit,Fishing - Trawler
700033518,VESSEL_STR_004,LR,transit,1.0,trawler,0.9999999848526726,0.0,0.0,0.0,0.0,0.0,0.0,0.0,1.0,0.0,0.002430555555555555,0.0,0.0,0.002430555555555555,Transit,Fishing - Trawler
700033518,VESSEL_STR_004,LR,transit,1.0,trawler,0.9999999847373104,0.0,0.0,0.0,0.0,0.0,0.0,0.0,1.0,0.0,0.002430555555555555,0.0,0.0,0.002430555555555555,Transit,Fishing - Trawler
700033518,VESSEL_STR_004,LR,transit,1.0,trawler,0.9999999848502283,0.0,0.0,0.0,0.0,0.0,0.0,0.0,1.0,0.0,0.002430555555555555,0.0,0.0,0.002430555555555555,Transit,Fishing - Trawler
700033518,VESSEL_STR_004,LR,transit,1.0,trawler,0.9999999848502283,0.0,0.0,0.0,0.0,0.0,0.0,0.0,1.0,0.0,0.002430555555555555,0.0,0.0,0.002430555555555555,Transit,Fishing - Trawler
700033518,VESSEL_STR_004,LR,transit,1.0,trawler,0.9999999848502283,0.0,0.0,0.0,0.0,0.0,0.0,0.0,1.0,0.0,0.002430555555555555,0.0,0.0,0.002430555555555555,Transit,Fishing - Trawler
700033518,VESSEL_STR_004,LR,transit,1.0,trawler,0.9999999848502765,0.0,0.0,0.0,0.0,0.0,0.0,0.0,1.0,0.0,0.002430555555555555,0.0,0.0,0.002430555555555555,Transit,Fishing - Trawler
700033518,VESSEL_STR_004,LR,transit,1.0,trawler,0.9999999848502765,0.0,0.0,0.0,0.0,0.0,0.0,0.0,1.0,0.0,0.002430555555555555,0.0,0.0,0.002430555555555555,Transit,Fishing - Trawler
700033518,VESSEL_STR_004,LR,transit,0.9977777777777778,trawler,0.9999999848502765,0.0,0.0,0.0,0.0,0.0,0.0,0.0022222222222222222,0.9977777777777778,0.0,0.002430555555555555,0.0,0.0,0.002430555555555555,Transit,Fishing - Trawler
700033518,VESSEL_STR_004,LR,transit,1.0,trawler,0.9999999848526726,0.0,0.0,0.0,0.0,0.0,0.0,0.0,1.0,0.0,0.002430555555555555,0.0,0.0,0.002430555555555555,Transit,Fishing - Trawler
700033518,VESSEL_STR_004,LR,transit,1.0,trawler,0.9999999848526726,0.0,0.0,0.0,0.0,0.0,0.0,0.0,1.0,0.0,0.002430555555555555,0.0,0.0,0.002430555555555555,Transit,Fishing - Trawler
700033518,VESSEL_STR_004,LR,transit,1.0,trawler,0.9999999848502283,0.0,0.0,0.0,0.0,0.0,0.0,0.0,1.0,0.0,0.002430555555555555,0.0,0.0,0.002430555555555555,Transit,Fishing - Trawler
700033518,VESSEL_STR_004,LR,transit,1.0,trawler,0.9999999848502765,0.0,0.0,0.0,0.0,0.0,0.0,0.0,1.0,0.0,0.002430555555555555,0.0,0.0,0.002430555555555555,Transit,Fishing - Trawler
700033518,VESSEL_STR_004,LR,transit,1.0,trawler,0.9999999848502765,0.0,0.0,0.0,0.0,0.0,0.0,0.0,1.0,0.0,0.002430555555555555,0.0,0.0,0.002430555555555555,Transit,Fishing - Trawler
700033518,VESSEL_STR_004,LR,transit,1.0,trawler,0.9999999848502765,0.0,0.0,0.0,0.0,0.0,0.0,0.0,1.0,0.0,0.002430555555555555,0.0,0.0,0.002430555555555555,Transit,Fishing - Trawler
700033518,VESSEL_STR_004,LR,transit,1.0,trawler,0.9999999848502765,0.0,0.0,0.0,0.0,0.0,0.0,0.0,1.0,0.0,0.002430555555555555,0.0,0.0,0.002430555555555555,Transit,Fishing - Trawler
700033518,VESSEL_STR_004,LR,transit,1.0,trawler,0.9999999848502765,0.0,0.0,0.0,0.0,0.0,0.0,0.0,1.0,0.0,0.002430555555555555,0.0,0.0,0.002430555555555555,Transit,Fishing - Trawler
700033518,VESSEL_STR_004,LR,transit,1.0,trawler,0.9999999848501977,0.0,0.0,0.0,0.0,0.0,0.0,0.0,1.0,0.0,0.002430555555555555,0.0,0.0,0.002430555555555555,Transit,Fishing - Trawler
700033518,VESSEL_STR_004,LR,transit,1.0,trawler,0.9999999848502765,0.0,0.0,0.0,0.0,0.0,0.0,0.0,1.0,0.0,0.002430555555555555,0.0,0.0,0.002430555555555555,Transit,Fishing - Trawler
700033518,VESSEL_STR_004,LR,transit,1.0,trawler,0.9999999848502765,0.0,0.0,0.0,0.0,0.0,0.0,0.0,1.0,0.0,0.002430555555555555,0.0,0.0,0.002430555555555555,Transit,Fishing - Trawler
700033518,VESSEL_STR_004,LR,transit,1.0,trawler,0.9999999848501977,0.0,0.0,0.0,0.0,0.0,0.0,0.0,1.0,0.0,0.002430555555555555,0.0,0.0,0.002430555555555555,Transit,Fishing - Trawler
700033518,VESSEL_STR_004,LR,transit,1.0,trawler,0.9999999848502765,0.0,0.0,0.0,0.0,0.0,0.0,0.0,1.0,0.0,0.002430555555555555,0.0,0.0,0.002430555555555555,Transit,Fishing - Trawler
700033518,VESSEL_STR_004,LR,transit,1.0,trawler,0.9999999848501977,0.0,0.0,0.0,0.0,0.0,0.0,0.0,1.0,0.0,0.002430555555555555,0.0,0.0,0.002430555555555555,Transit,Fishing - Trawler
700033518,VESSEL_STR_004,LR,transit,1.0,trawler,0.9999999848502283,0.0,0.0,0.0,0.0,0.0,0.0,0.0,1.0,0.0,0.002430555555555555,0.0,0.0,0.002430555555555555,Transit,Fishing - Trawler
700033518,VESSEL_STR_004,LR,transit,1.0,trawler,0.9999999848502283,0.0,0.0,0.0,0.0,0.0,0.0,0.0,1.0,0.0,0.002430555555555555,0.0,0.0,0.002430555555555555,Transit,Fishing - Trawler
700033518,VESSEL_STR_004,LR,transit,1.0,trawler,0.9999999848502765,0.0,0.0,0.0,0.0,0.0,0.0,0.0,1.0,0.0,0.002430555555555555,0.0,0.0,0.002430555555555555,Transit,Fishing - Trawler
700033518,VESSEL_STR_004,LR,transit,1.0,trawler,0.9999999848502283,0.0,0.0,0.0,0.0,0.0,0.0,0.0,1.0,0.0,0.002430555555555555,0.0,0.0,0.002430555555555555,Transit,Fishing - Trawler
700033518,VESSEL_STR_004,LR,transit,1.0,trawler,0.9999999848502765,0.0,0.0,0.0,0.0,0.0,0.0,0.0,1.0,0.0,0.002430555555555555,0.0,0.0,0.002430555555555555,Transit,Fishing - Trawler
700033518,VESSEL_STR_004,LR,transit,1.0,trawler,0.9999999848502765,0.0,0.0,0.0,0.0,0.0,0.0,0.0,1.0,0.0,0.002430555555555555,0.0,0.0,0.002430555555555555,Transit,Fishing - Trawler
700033519,VESSEL_STR_005,KR,transit,1.0,trawler,0.9999999848526726,0.0,0.0,0.0,0.0,0.0,0.0,0.0,1.0,0.0,0.002430555555555555,0.0,0.0,0.002430555555555555,Transit,Fishing - Trawler
700033519,VESSEL_STR_005,KR,transit,1.0,trawler,0.9999999848502765,0.0,0.0,0.0,0.0,0.0,0.0,0.0,1.0,0.0,0.002430555555555555,0.0,0.0,0.002430555555555555,Transit,Fishing - Trawler
700033519,VESSEL_STR_005,KR,transit,1.0,trawler,0.9999999848502283,0.0,0.0,0.0,0.0,0.0,0.0,0.0,1.0,0.0,0.002430555555555555,0.0,0.0,0.002430555555555555,Transit,Fishing - Trawler
700033519,VESSEL_STR_005,KR,transit,1.0,trawler,0.9999999848502283,0.0,0.0,0.0,0.0,0.0,0.0,0.0,1.0,0.0,0.002430555555555555,0.0,0.0,0.002430555555555555,Transit,Fishing - Trawler
700033519,VESSEL_STR_005,KR,transit,1.0,trawler,0.9999999848503704,0.0,0.0,0.0,0.0,0.0,0.0,0.0,1.0,0.0,0.002430555555555555,0.0,0.0,0.002430555555555555,Transit,Fishing - Trawler
700033519,VESSEL_STR_005,KR,transit,0.9983333333333333,trawler,0.9999999847348782,0.0016666666666666668,0.0,0.0,0.0,0.0,0.0,0.0,0.9983333333333333,0.0,0.002430555555555555,0.0,0.0,0.002430555555555555,Transit,Fishing - Trawler
700033519,VESSEL_STR_005,KR,transit,0.9988888888888889,trawler,0.9999999848502283,0.0,0.0,0.0,0.0,0.0,0.0,0.0011111111111111111,0.9988888888888889,0.0,0.002430555555555555,0.0,0.0,0.002430555555555555,Transit,Fishing - Trawler
700033519,VESSEL_STR_005,KR,transit,1.0,trawler,0.9999999848502283,0.0,0.0,0.0,0.0,0.0,0.0,0.0,1.0,0.0,0.002430555555555555,0.0,0.0,0.002430555555555555,Transit,Fishing - Trawler
700033519,VESSEL_STR_005,KR,transit,0.9977777777777778,trawler,0.9999999848502765,0.0,0.0,0.0,0.0,0.0,0.0,0.0022222222222222222,0.9977777777777778,0.0,0.002430555555555555,0.0,0.0,0.002430555555555555,Transit,Fishing - Trawler
700033519,VESSEL_STR_005,KR,transit,1.0,trawler,0.9999999848503704,0.0,0.0,0.0,0.0,0.0,0.0,0.0,1.0,0.0,0.002430555555555555,0.0,0.0,0.002430555555555555,Transit,Fishing - Trawler
700033519,VESSEL_STR_005,KR,fishing,0.7540476190476192,trawler,0.9999999847647869,0.0,0.0,0.0,0.7540476190476192,0.0011111111111111111,0.009166666666666667,0.0044444444444444444,0.22956349206349197,0.0016666666666666668,0.002430555555555555,0.6,0.0,0.6,Fishing,Fishing - Trawler
700033519,VESSEL_STR_005,KR,fishing,0.9950000000000002,trawler,0.9999999847619834,0.0,0.0,0.0,0.9950000000000002,0.0,0.0022222222222222222,0.0,0.0027777777777777775,0.0,0.002430555555555555,0.6,0.0,0.6,Fishing,Fishing - Trawler
700033519,VESSEL_STR_005,KR,fishing,1.0,trawler,0.9999999848775316,0.0,0.0,0.0,1.0,0.0,0.0,0.0,0.0,0.0,0.002430555555555555,0.6,0.0,0.6,Fishing,Fishing - Trawler
700033519,VESSEL_STR_005,KR,fishing,1.0,trawler,0.9999999848775316,0.0,0.0,0.0,1.0,0.0,0.0,0.0,0.0,0.0,0.002430555555555555,0.6,0.0,0.6,Fishing,Fishing - Trawler
700033519,VESSEL_STR_005,KR,fishing,0.9972727272727273,trawler,0.9999999848775316,0.0,0.0001893939393939394,0.0,0.9972727272727273,7.575757575757576e-05,0.0,0.0011742424242424242,0.001287878787878788,0.0,0.002430555555555555,0.6,0.0,0.6,Fishing,Fishing - Trawler
700033519,VESSEL_STR_005,KR,fishing,0.9977777777777778,trawler,0.9999999843755585,0.0,0.0,0.0,0.9977777777777778,0.0,0.0,0.0,0.0,0.0022222222222222222,0.002430555555555555,0.6,0.0,0.6,Fishing,Fishing - Trawler
700033519,VESSEL_STR_005,KR,fishing,0.9886666666666667,trawler,0.9999999840714284,0.0,0.0,0.0,0.9886666666666667,0.009333333333333332,0.0,0.0,0.0,0.002,0.002430555555555555,0.6,0.0,0.6,Fishing,Fishing - Trawler
700033519,VESSEL_STR_005,KR,fishing,1.0,trawler,0.9999999845262566,0.0,0.0,0.0,1.0,0.0,0.0,0.0,0.0,0.0,0.002430555555555555,0.6,0.0,0.6,Fishing,Fishing - Trawler
700033519,VESSEL_STR_005,KR,fishing,0.9961616161616162,trawler,0.9999999844785337,0.0,0.0001893939393939394,0.0,0.9961616161616162,7.575757575757576e-05,0.0,0.0011742424242424242,0.0023989898989898993,0.0,0.002430555555555555,0.6,0.0,0.6,Fishing,Fishing - Trawler
700033519,VESSEL_STR_005,KR,fishing,1.0,trawler,0.9999999844785337,0.0,0.0,0.0,1.0,0.0,0.0,0.0,0.0,0.0,0.002430555555555555,0.6,0.0,0.6,Fishing,Fishing - Trawler
700033519,VESSEL_STR_005,KR,fishing,1.0,trawler,0.9999999844785337,0.0,0.0,0.0,1.0,0.0,0.0,0.0,0.0,0.0,0.002430555555555555,0.6,0.0,0.6,Fishing,Fishing - Trawler
700033519,VESSEL_STR_005,KR,fishing,1.0,trawler,0.9999999844785337,0.0,0.0,0.0,1.0,0.0,0.0,0.0,0.0,0.0,0.002430555555555555,0.6,0.0,0.6,Fishing,Fishing - Trawler
700033519,VESSEL_STR_005,KR,fishing,1.0,trawler,0.9999999845262566,0.0,0.0,0.0,1.0,0.0,0.0,0.0,0.0,0.0,0.002430555555555555,0.6,0.0,0.6,Fishing,Fishing - Trawler
700033519,VESSEL_STR_005,KR,fishing,0.9875555555555557,trawler,0.9999999838653346,0.0,0.0,0.0,0.9875555555555557,0.012444444444444445,0.0,0.0,0.0,0.0,0.002430555555555555,0.6,0.0,0.6,Fishing,Fishing - Trawler
700033519,VESSEL_STR_005,KR,fishing,1.0,trawler,0.9999999844785337,0.0,0.0,0.0,1.0,0.0,0.0,0.0,0.0,0.0,0.002430555555555555,0.6,0.0,0.6,Fishing,Fishing - Trawler
700033519,VESSEL_STR_005,KR,fishing,1.0,trawler,0.9999999848775316,0.0,0.0,0.0,1.0,0.0,0.0,0.0,0.0,0.0,0.002430555555555555,0.6,0.0,0.6,Fishing,Fishing - Trawler
700033519,VESSEL_STR_005,KR,fishing,1.0,trawler,0.9999999848775316,0.0,0.0,0.0,1.0,0.0,0.0,0.0,0.0,0.0,0.002430555555555555,0.6,0.0,0.6,Fishing,Fishing - Trawler
700033519,VESSEL_STR_005,KR,fishing,1.0,trawler,0.9999999844785337,0.0,0.0,0.0,1.0,0.0,0.0,0.0,0.0,0.0,0.002430555555555555,0.6,0.0,0.6,Fishing,Fishing - Trawler
700033519,VESSEL_STR_005,KR,fishing,1.0,trawler,0.9999999848775316,0.0,0.0,0.0,1.0,0.0,0.0,0.0,0.0,0.0,0.002430555555555555,0.6,0.0,0.6,Fishing,Fishing - Trawler
700033519,VESSEL_STR_005,KR,fishing,1.0,trawler,0.9999999848775316,0.0,0.0,0.0,1.0,0.0,0.0,0.0,0.0,0.0,0.002430555555555555,0.6,0.0,0.6,Fishing,Fishing - Trawler
700033519,VESSEL_STR_005,KR,fishing,1.0,trawler,0.9999999848775316,0.0,0.0,0.0,1.0,0.0,0.0,0.0,0.0,0.0,0.002430555555555555,0.6,0.0,0.6,Fishing,Fishing - Trawler
700033519,VESSEL_STR_005,KR,fishing,0.6660227272727274,trawler,0.9999999840458447,0.019944444444444445,0.009856060606060606,0.0,0.6660227272727274,0.003909090909090909,0.0,0.02034090909090909,0.2799267676767677,0.0,0.002430555555555555,0.6,0.0,0.6,Fishing,Fishing - Trawler
700033519,VESSEL_STR_005,KR,transit,0.9977777777777778,trawler,0.9999999847347842,0.0,0.0,0.0,0.0,0.0,0.0,0.0022222222222222222,0.9977777777777778,0.0,0.002430555555555555,0.0,0.0,0.002430555555555555,Transit,Fishing - Trawler
700033519,VESSEL_STR_005,KR,transit,1.0,trawler,0.9999999848502765,0.0,0.0,0.0,0.0,0.0,0.0,0.0,1.0,0.0,0.002430555555555555,0.0,0.0,0.002430555555555555,Transit,Fishing - Trawler
700033519,VESSEL_STR_005,KR,transit,0.9220555555555554,trawler,0.9999999847604291,0.0,0.0,0.0,0.05133333333333334,0.0006666666666666668,0.020944444444444446,0.0,0.9220555555555554,0.005,0.002430555555555555,0.0,0.0,0.002430555555555555,Transit,Fishing - Trawler
700033519,VESSEL_STR_005,KR,fishing,0.9566111111111113,trawler,0.9999999847619834,0.0,0.0033333333333333335,0.0,0.9566111111111113,0.0016666666666666668,0.0008333333333333334,0.0,0.03422222222222222,0.0033333333333333335,0.002430555555555555,0.6,0.0,0.6,Fishing,Fishing - Trawler
700033519,VESSEL_STR_005,KR,fishing,1.0,trawler,0.9999999848775316,0.0,0.0,0.0,1.0,0.0,0.0,0.0,0.0,0.0,0.002430555555555555,0.6,0.0,0.6,Fishing,Fishing - Trawler
700033519,VESSEL_STR_005,KR,fishing,1.0,trawler,0.9999999848775316,0.0,0.0,0.0,1.0,0.0,0.0,0.0,0.0,0.0,0.002430555555555555,0.6,0.0,0.6,Fishing,Fishing - Trawler
700033519,VESSEL_STR_005,KR,fishing,1.0,trawler,0.9999999848775316,0.0,0.0,0.0,1.0,0.0,0.0,0.0,0.0,0.0,0.002430555555555555,0.6,0.0,0.6,Fishing,Fishing - Trawler
700033519,VESSEL_STR_005,KR,fishing,1.0,trawler,0.9999999848775316,0.0,0.0,0.0,1.0,0.0,0.0,0.0,0.0,0.0,0.002430555555555555,0.6,0.0,0.6,Fishing,Fishing - Trawler
700033519,VESSEL_STR_005,KR,fishing,1.0,trawler,0.9999999844785337,0.0,0.0,0.0,1.0,0.0,0.0,0.0,0.0,0.0,0.002430555555555555,0.6,0.0,0.6,Fishing,Fishing - Trawler
700033519,VESSEL_STR_005,KR,fishing,1.0,trawler,0.9999999844785337,0.0,0.0,0.0,1.0,0.0,0.0,0.0,0.0,0.0,0.002430555555555555,0.6,0.0,0.6,Fishing,Fishing - Trawler
700033519,VESSEL_STR_005,KR,fishing,1.0,trawler,0.9999999848775316,0.0,0.0,0.0,1.0,0.0,0.0,0.0,0.0,0.0,0.002430555555555555,0.6,0.0,0.6,Fishing,Fishing - Trawler
700033519,VESSEL_STR_005,KR,fishing,0.9659949494949496,trawler,0.9999999848775316,0.004166666666666667,0.0018560606060606059,0.0022222222222222222,0.9659949494949496,0.007464646464646465,0.0,0.0022853535353535353,0.01601010101010101,0.0,0.002430555555555555,0.6,0.0,0.6,Fishing,Fishing - Trawler
700033519,VESSEL_STR_005,KR,fishing,1.0,trawler,0.9999999844785337,0.0,0.0,0.0,1.0,0.0,0.0,0.0,0.0,0.0,0.002430555555555555,0.6,0.0,0.6,Fishing,Fishing - Trawler
700033519,VESSEL_STR_005,KR,fishing,1.0,trawler,0.9999999844785337,0.0,0.0,0.0,1.0,0.0,0.0,0.0,0.0,0.0,0.002430555555555555,0.6,0.0,0.6,Fishing,Fishing - Trawler
700033519,VESSEL_STR_005,KR,transit,0.659563492063492,trawler,0.9999999847619834,0.0,0.0011111111111111111,0.005333333333333334,0.2403888888888889,0.05624206349206349,0.012722222222222223,0.0,0.659563492063492,0.024638888888888887,0.002430555555555555,0.0,0.0,0.002430555555555555,Transit,Fishing - Trawler
700033519,VESSEL_STR_005,KR,transit,1.0,trawler,0.9999999847347842,0.0,0.0,0.0,0.0,0.0,0.0,0.0,1.0,0.0,0.002430555555555555,0.0,0.0,0.002430555555555555,Transit,Fishing - Trawler
700033519,VESSEL_STR_005,KR,transit,1.0,trawler,0.9999999848502765,0.0,0.0,0.0,0.0,0.0,0.0,0.0,1.0,0.0,0.002430555555555555,0.0,0.0,0.002430555555555555,Transit,Fishing - Trawler
700033519,VESSEL_STR_005,KR,transit,1.0,trawler,0.9999999848502283,0.0,0.0,0.0,0.0,0.0,0.0,0.0,1.0,0.0,0.002430555555555555,0.0,0.0,0.002430555555555555,Transit,Fishing - Trawler
700033519,VESSEL_STR_005,KR,transit,1.0,trawler,0.9999999848502283,0.0,0.0,0.0,0.0,0.0,0.0,0.0,1.0,0.0,0.002430555555555555,0.0,0.0,0.002430555555555555,Transit,Fishing - Trawler
700033519,VESSEL_STR_005,KR,transit,1.0,trawler,0.9999999848502283,0.0,0.0,0.0,0.0,0.0,0.0,0.0,1.0,0.0,0.002430555555555555,0.0,0.0,0.002430555555555555,Transit,Fishing - Trawler
700033519,VESSEL_STR_005,KR,transit,1.0,trawler,0.9999999848502283,0.0,0.0,0.0,0.0,0.0,0.0,0.0,1.0,0.0,0.002430555555555555,0.0,0.0,0.002430555555555555,Transit,Fishing - Trawler
700033519,VESSEL_STR_005,KR,transit,0.9983333333333333,trawler,0.9999999848502283,0.0,0.0,0.0,0.0,0.0,0.0016666666666666668,0.0,0.9983333333333333,0.0,0.002430555555555555,0.0,0.0,0.002430555555555555,Transit,Fishing - Trawler
700033519,VESSEL_STR_005,KR,transit,1.0,trawler,0.9999999848502283,0.0,0.0,0.0,0.0,0.0,0.0,0.0,1.0,0.0,0.002430555555555555,0.0,0.0,0.002430555555555555,Transit,Fishing - Trawler
700033519,VESSEL_STR_005,KR,transit,1.0,trawler,0.9999999848501977,0.0,0.0,0.0,0.0,0.0,0.0,0.0,1.0,0.0,0.002430555555555555,0.0,0.0,0.002430555555555555,Transit,Fishing - Trawler
700033519,VESSEL_STR_005,KR,transit,1.0,trawler,0.9999999848502283,0.0,0.0,0.0,0.0,0.0,0.0,0.0,1.0,0.0,0.002430555555555555,0.0,0.0,0.002430555555555555,Transit,Fishing - Trawler
700033519,VESSEL_STR_005,KR,transit,1.0,trawler,0.9999999848502283,0.0,0.0,0.0,0.0,0.0,0.0,0.0,1.0,0.0,0.002430555555555555,0.0,0.0,0.002430555555555555,Transit,Fishing - Trawler
700033519,VESSEL_STR_005,KR,transit,1.0,trawler,0.9999999848502283,0.0,0.0,0.0,0.0,0.0,0.0,0.0,1.0,0.0,0.002430555555555555,0.0,0.0,0.002430555555555555,Transit,Fishing - Trawler
700033519,VESSEL_STR_005,KR,transit,1.0,trawler,0.9999999848502765,0.0,0.0,0.0,0.0,0.0,0.0,0.0,1.0,0.0,0.002430555555555555,0.0,0.0,0.002430555555555555,Transit,Fishing - Trawler
700033519,VESSEL_STR_005,KR,transit,1.0,trawler,0.9999999848502765,0.0,0.0,0.0,0.0,0.0,0.0,0.0,1.0,0.0,0.002430555555555555,0.0,0.0,0.002430555555555555,Transit,Fishing - Trawler
700033519,VESSEL_STR_005,KR,transit,1.0,trawler,0.9999999848502283,0.0,0.0,0.0,0.0,0.0,0.0,0.0,1.0,0.0,0.002430555555555555,0.0,0.0,0.002430555555555555,Transit,Fishing - Trawler
700033519,VESSEL_STR_005,KR,transit,1.0,trawler,0.9999999848502283,0.0,0.0,0.0,0.0,0.0,0.0,0.0,1.0,0.0,0.002430555555555555,0.0,0.0,0.002430555555555555,Transit,Fishing - Trawler
700033519,VESSEL_STR_005,KR,transit,1.0,trawler,0.9999999848502283,0.0,0.0,0.0,0.0,0.0,0.0,0.0,1.0,0.0,0.002430555555555555,0.0,0.0,0.002430555555555555,Transit,Fishing - Trawler
700033519,VESSEL_STR_005,KR,transit,1.0,trawler,0.9999999848502765,0.0,0.0,0.0,0.0,0.0,0.0,0.0,1.0,0.0,0.002430555555555555,0.0,0.0,0.002430555555555555,Transit,Fishing - Trawler
700033519,VESSEL_STR_005,KR,transit,1.0,trawler,0.9999999848502765,0.0,0.0,0.0,0.0,0.0,0.0,0.0,1.0,0.0,0.002430555555555555,0.0,0.0,0.002430555555555555,Transit,Fishing - Trawler
700033519,VESSEL_STR_005,KR,transit,1.0,trawler,0.9999999848502765,0.0,0.0,0.0,0.0,0.0,0.0,0.0,1.0,0.0,0.002430555555555555,0.0,0.0,0.002430555555555555,Transit,Fishing - Trawler
700033519,VESSEL_STR_005,KR,transit,1.0,trawler,0.9999999848501977,0.0,0.0,0.0,0.0,0.0,0.0,0.0,1.0,0.0,0.002430555555555555,0.0,0.0,0.002430555555555555,Transit,Fishing - Trawler
700033519,VESSEL_STR_005,KR,transit,1.0,trawler,0.9999999848502283,0.0,0.0,0.0,0.0,0.0,0.0,0.0,1.0,0.0,0.002430555555555555,0.0,0.0,0.002430555555555555,Transit,Fishing - Trawler
700033519,VESSEL_STR_005,KR,transit,1.0,trawler,0.9999999848502283,0.0,0.0,0.0,0.0,0.0,0.0,0.0,1.0,0.0,0.002430555555555555,0.0,0.0,0.002430555555555555,Transit,Fishing - Trawler
700033519,VESSEL_STR_005,KR,transit,1.0,trawler,0.9999999848502283,0.0,0.0,0.0,0.0,0.0,0.0,0.0,1.0,0.0,0.002430555555555555,0.0,0.0,0.002430555555555555,Transit,Fishing - Trawler
700033519,VESSEL_STR_005,KR,transit,1.0,trawler,0.9999999848502283,0.0,0.0,0.0,0.0,0.0,0.0,0.0,1.0,0.0,0.002430555555555555,0.0,0.0,0.002430555555555555,Transit,Fishing - Trawler
700033519,VESSEL_STR_005,KR,transit,1.0,trawler,0.9999999848502283,0.0,0.0,0.0,0.0,0.0,0.0,0.0,1.0,0.0,0.002430555555555555,0.0,0.0,0.002430555555555555,Transit,Fishing - Trawler
700033519,VESSEL_STR_005,KR,transit,1.0,trawler,0.9999999848502765,0.0,0.0,0.0,0.0,0.0,0.0,0.0,1.0,0.0,0.002430555555555555,0.0,0.0,0.002430555555555555,Transit,Fishing - Trawler
700033519,VESSEL_STR_005,KR,transit,1.0,trawler,0.9999999848502765,0.0,0.0,0.0,0.0,0.0,0.0,0.0,1.0,0.0,0.002430555555555555,0.0,0.0,0.002430555555555555,Transit,Fishing - Trawler
700033519,VESSEL_STR_005,KR,transit,1.0,trawler,0.9999999848762338,0.0,0.0,0.0,0.0,0.0,0.0,0.0,1.0,0.0,0.002430555555555555,0.0,0.0,0.002430555555555555,Transit,Fishing - Trawler
700033519,VESSEL_STR_005,KR,transit,0.995,trawler,0.9999999848502765,0.0016666666666666668,0.0,0.0,0.0,0.0,0.0,0.0033333333333333335,0.995,0.0,0.002430555555555555,0.0,0.0,0.002430555555555555,Transit,Fishing - Trawler
700033519,VESSEL_STR_005,KR,transit,1.0,trawler,0.9999999848502765,0.0,0.0,0.0,0.0,0.0,0.0,0.0,1.0,0.0,0.002430555555555555,0.0,0.0,0.002430555555555555,Transit,Fishing - Trawler
700033519,VESSEL_STR_005,KR,transit,1.0,trawler,0.9999999848502283,0.0,0.0,0.0,0.0,0.0,0.0,0.0,1.0,0.0,0.002430555555555555,0.0,0.0,0.002430555555555555,Transit,Fishing - Trawler
700033519,VESSEL_STR_005,KR,transit,0.9983333333333333,trawler,0.9999999848502283,0.0,0.0,0.0,0.0,0.0,0.0,0.0016666666666666668,0.9983333333333333,0.0,0.002430555555555555,0.0,0.0,0.002430555555555555,Transit,Fishing - Trawler
700033519,VESSEL_STR_005,KR,transit,0.9988888888888889,trawler,0.9999999848502283,0.0,0.0011111111111111111,0.0,0.0,0.0,0.0,0.0,0.9988888888888889,0.0,0.002430555555555555,0.0,0.0,0.002430555555555555,Transit,Fishing - Trawler
700033519,VESSEL_STR_005,KR,transit,1.0,trawler,0.9999999848502283,0.0,0.0,0.0,0.0,0.0,0.0,0.0,1.0,0.0,0.002430555555555555,0.0,0.0,0.002430555555555555,Transit,Fishing - Trawler
700033519,VESSEL_STR_005,KR,transit,1.0,trawler,0.9999999848502283,0.0,0.0,0.0,0.0,0.0,0.0,0.0,1.0,0.0,0.002430555555555555,0.0,0.0,0.002430555555555555,Transit,Fishing - Trawler
700033519,VESSEL_STR_005,KR,transit,1.0,trawler,0.9999999848502283,0.0,0.0,0.0,0.0,0.0,0.0,0.0,1.0,0.0,0.002430555555555555,0.0,0.0,0.002430555555555555,Transit,Fishing - Trawler
700033519,VESSEL_STR_005,KR,transit,1.0,trawler,0.9999999848502283,0.0,0.0,0.0,0.0,0.0,0.0,0.0,1.0,0.0,0.002430555555555555,0.0,0.0,0.002430555555555555,Transit,Fishing - Trawler
700033520,VESSEL_STR_006,LR,transit,1.0,trawler,0.9999999697259463,0.0,0.0,0.0,0.0,0.0,0.0,0.0,1.0,0.0,0.002430555555555555,0.0,0.0,0.002430555555555555,Transit,Fishing - Trawler
700033520,VESSEL_STR_006,LR,transit,1.0,trawler,0.9999999697261186,0.0,0.0,0.0,0.0,0.0,0.0,0.0,1.0,0.0,0.002430555555555555,0.0,0.0,0.002430555555555555,Transit,Fishing - Trawler
700033520,VESSEL_STR_006,LR,transit,1.0,trawler,0.9999999697261186,0.0,0.0,0.0,0.0,0.0,0.0,0.0,1.0,0.0,0.002430555555555555,0.0,0.0,0.002430555555555555,Transit,Fishing - Trawler
700033520,VESSEL_STR_006,LR,transit,1.0,trawler,0.9999999697259463,0.0,0.0,0.0,0.0,0.0,0.0,0.0,1.0,0.0,0.002430555555555555,0.0,0.0,0.002430555555555555,Transit,Fishing - Trawler
700033520,VESSEL_STR_006,LR,transit,1.0,trawler,0.9999999697259463,0.0,0.0,0.0,0.0,0.0,0.0,0.0,1.0,0.0,0.002430555555555555,0.0,0.0,0.002430555555555555,Transit,Fishing - Trawler
700033520,VESSEL_STR_006,LR,transit,1.0,trawler,0.9999999697259463,0.0,0.0,0.0,0.0,0.0,0.0,0.0,1.0,0.0,0.002430555555555555,0.0,0.0,0.002430555555555555,Transit,Fishing - Trawler
700033520,VESSEL_STR_006,LR,transit,1.0,trawler,0.999999969726304,0.0,0.0,0.0,0.0,0.0,0.0,0.0,1.0,0.0,0.002430555555555555,0.0,0.0,0.002430555555555555,Transit,Fishing - Trawler
700033520,VESSEL_STR_006,LR,transit,1.0,trawler,0.999999969726304,0.0,0.0,0.0,0.0,0.0,0.0,0.0,1.0,0.0,0.002430555555555555,0.0,0.0,0.002430555555555555,Transit,Fishing - Trawler
700033520,VESSEL_STR_006,LR,transit,1.0,trawler,0.999999969726304,0.0,0.0,0.0,0.0,0.0,0.0,0.0,1.0,0.0,0.002430555555555555,0.0,0.0,0.002430555555555555,Transit,Fishing - Trawler
700033520,VESSEL_STR_006,LR,transit,1.0,trawler,0.9999999694922246,0.0,0.0,0.0,0.0,0.0,0.0,0.0,1.0,0.0,0.002430555555555555,0.0,0.0,0.002430555555555555,Transit,Fishing - Trawler
700033520,VESSEL_STR_006,LR,fishing,0.9490555555555557,trawler,0.9999999695717408,0.0,0.0,0.0,0.9490555555555557,0.0,0.0016666666666666668,0.0016666666666666668,0.046944444444444434,0.0006666666666666668,0.002430555555555555,0.6,0.0,0.6,Fishing,Fishing - Trawler
700033520,VESSEL_STR_006,LR,fishing,1.0,trawler,0.9999999695661657,0.0,0.0,0.0,1.0,0.0,0.0,0.0,0.0,0.0,0.002430555555555555,0.6,0.0,0.6,Fishing,Fishing - Trawler
700033520,VESSEL_STR_006,LR,fishing,1.0,trawler,0.9999999698001507,0.0,0.0,0.0,1.0,0.0,0.0,0.0,0.0,0.0,0.002430555555555555,0.6,0.0,0.6,Fishing,Fishing - Trawler
700033520,VESSEL_STR_006,LR,fishing,1.0,trawler,0.999999968989158,0.0,0.0,0.0,1.0,0.0,0.0,0.0,0.0,0.0,0.002430555555555555,0.6,0.0,0.6,Fishing,Fishing - Trawler
700033520,VESSEL_STR_006,LR,fishing,1.0,trawler,0.9999999698001507,0.0,0.0,0.0,1.0,0.0,0.0,0.0,0.0,0.0,0.002430555555555555,0.6,0.0,0.6,Fishing,Fishing - Trawler
700033520,VESSEL_STR_006,LR,fishing,1.0,trawler,0.9999999698001507,0.0,0.0,0.0,1.0,0.0,0.0,0.0,0.0,0.0,0.002430555555555555,0.6,0.0,0.6,Fishing,Fishing - Trawler
700033520,VESSEL_STR_006,LR,fishing,1.0,trawler,0.9999999698001507,0.0,0.0,0.0,1.0,0.0,0.0,0.0,0.0,0.0,0.002430555555555555,0.6,0.0,0.6,Fishing,Fishing - Trawler
700033520,VESSEL_STR_006,LR,fishing,1.0,trawler,0.999999968989158,0.0,0.0,0.0,1.0,0.0,0.0,0.0,0.0,0.0,0.002430555555555555,0.6,0.0,0.6,Fishing,Fishing - Trawler
700033520,VESSEL_STR_006,LR,fishing,1.0,trawler,0.999999968989158,0.0,0.0,0.0,1.0,0.0,0.0,0.0,0.0,0.0,0.002430555555555555,0.6,0.0,0.6,Fishing,Fishing - Trawler
700033520,VESSEL_STR_006,LR,fishing,1.0,trawler,0.9999999698001507,0.0,0.0,0.0,1.0,0.0,0.0,0.0,0.0,0.0,0.002430555555555555,0.6,0.0,0.6,Fishing,Fishing - Trawler
700033520,VESSEL_STR_006,LR,fishing,1.0,trawler,0.9999999697995801,0.0,0.0,0.0,1.0,0.0,0.0,0.0,0.0,0.0,0.002430555555555555,0.6,0.0,0.6,Fishing,Fishing - Trawler
700033520,VESSEL_STR_006,LR,fishing,1.0,trawler,0.999999968989158,0.0,0.0,0.0,1.0,0.0,0.0,0.0,0.0,0.0,0.002430555555555555,0.6,0.0,0.6,Fishing,Fishing - Trawler
700033520,VESSEL_STR_006,LR,fishing,1.0,trawler,0.999999968989158,0.0,0.0,0.0,1.0,0.0,0.0,0.0,0.0,0.0,0.002430555555555555,0.6,0.0,0.6,Fishing,Fishing - Trawler
700033520,VESSEL_STR_006,LR,fishing,1.0,trawler,0.999999968989158,0.0,0.0,0.0,1.0,0.0,0.0,0.0,0.0,0.0,0.002430555555555555,0.6,0.0,0.6,Fishing,Fishing - Trawler
700033520,VESSEL_STR_006,LR,fishing,0.9983333333333333,trawler,0.999999970078951,0.0,0.0,0.0016666666666666668,0.9983333333333333,0.0,0.0,0.0,0.0,0.0,0.002430555555555555,0.6,0.0,0.6,Fishing,Fishing - Trawler
700033520,VESSEL_STR_006,LR,fishing,1.0,trawler,0.9999999698001507,0.0,0.0,0.0,1.0,0.0,0.0,0.0,0.0,0.0,0.002430555555555555,0.6,0.0,0.6,Fishing,Fishing - Trawler
700033520,VESSEL_STR_006,LR,fishing,1.0,trawler,0.9999999698001507,0.0,0.0,0.0,1.0,0.0,0.0,0.0,0.0,0.0,0.002430555555555555,0.6,0.0,0.6,Fishing,Fishing - Trawler
700033520,VESSEL_STR_006,LR,fishing,1.0,trawler,0.9999999698001507,0.0,0.0,0.0,1.0,0.0,0.0,0.0,0.0,0.0,0.002430555555555555,0.6,0.0,0.6,Fishing,Fishing - Trawler
700033520,VESSEL_STR_006,LR,fishing,0.9988888888888889,trawler,0.9999999695661657,0.0,0.0,0.0,0.9988888888888889,0.0011111111111111111,0.0,0.0,0.0,0.0,0.002430555555555555,0.6,0.0,0.6,Fishing,Fishing - Trawler
700033520,VESSEL_STR_006,LR,transit,0.9531212121212121,trawler,0.9999999674293261,0.003666666666666667,0.007244949494949494,0.0,0.01916161616161616,0.0017424242424242424,0.0,0.015063131313131315,0.9531212121212121,0.0,0.002430555555555555,0.0,0.0,0.002430555555555555,Transit,Fishing - Trawler
700033520,VESSEL_STR_006,LR,transit,1.0,trawler,0.99999996949213,0.0,0.0,0.0,0.0,0.0,0.0,0.0,1.0,0.0,0.002430555555555555,0.0,0.0,0.002430555555555555,Transit,Fishing - Trawler
700033520,VESSEL_STR_006,LR,transit,1.0,trawler,0.9999999697269215,0.0,0.0,0.0,0.0,0.0,0.0,0.0,1.0,0.0,0.002430555555555555,0.0,0.0,0.002430555555555555,Transit,Fishing - Trawler
700033520,VESSEL_STR_006,LR,transit,0.9867777777777776,trawler,0.9999999695683328,0.0,0.0,0.0,0.011,0.0,0.0022222222222222222,0.0,0.9867777777777776,0.0,0.002430555555555555,0.0,0.0,0.002430555555555555,Transit,Fishing - Trawler
700033520,VESSEL_STR_006,LR,fishing,0.9736666666666669,trawler,0.9999999695719153,0.0,0.0,0.0,0.9736666666666669,0.0,0.0,0.0,0.026333333333333334,0.0,0.002430555555555555,0.6,0.0,0.6,Fishing,Fishing - Trawler
700033520,VESSEL_STR_006,LR,fishing,0.9938888888888889,trawler,0.9999999695661657,0.0,0.0,0.0,0.9938888888888889,0.0,0.0022222222222222222,0.0,0.0016666666666666668,0.0022222222222222222,0.002430555555555555,0.6,0.0,0.6,Fishing,Fishing - Trawler
700033520,VESSEL_STR_006,LR,fishing,1.0,trawler,0.9999999698001507,0.0,0.0,0.0,1.0,0.0,0.0,0.0,0.0,0.0,0.002430555555555555,0.6,0.0,0.6,Fishing,Fishing - Trawler
700033520,VESSEL_STR_006,LR,fishing,1.0,trawler,0.9999999698001507,0.0,0.0,0.0,1.0,0.0,0.0,0.0,0.0,0.0,0.002430555555555555,0.6,0.0,0.6,Fishing,Fishing - Trawler
700033520,VESSEL_STR_006,LR,fishing,1.0,trawler,0.9999999698001507,0.0,0.0,0.0,1.0,0.0,0.0,0.0,0.0,0.0,0.002430555555555555,0.6,0.0,0.6,Fishing,Fishing - Trawler
700033520,VESSEL_STR_006,LR,fishing,1.0,trawler,0.999999968989158,0.0,0.0,0.0,1.0,0.0,0.0,0.0,0.0,0.0,0.002430555555555555,0.6,0.0,0.6,Fishing,Fishing - Trawler
700033520,VESSEL_STR_006,LR,fishing,1.0,trawler,0.9999999690857945,0.0,0.0,0.0,1.0,0.0,0.0,0.0,0.0,0.0,0.002430555555555555,0.6,0.0,0.6,Fishing,Fishing - Trawler
700033520,VESSEL_STR_006,LR,fishing,1.0,trawler,0.999999968989158,0.0,0.0,0.0,1.0,0.0,0.0,0.0,0.0,0.0,0.002430555555555555,0.6,0.0,0.6,Fishing,Fishing - Trawler
700033520,VESSEL_STR_006,LR,fishing,0.9983333333333333,trawler,0.9999999698001507,0.0,0.0,0.0016666666666666668,0.9983333333333333,0.0,0.0,0.0,0.0,0.0,0.002430555555555555,0.6,0.0,0.6,Fishing,Fishing - Trawler
700033520,VESSEL_STR_006,LR,fishing,0.9983333333333333,trawler,0.999999968989158,0.0,0.0,0.0016666666666666668,0.9983333333333333,0.0,0.0,0.0,0.0,0.0,0.002430555555555555,0.6,0.0,0.6,Fishing,Fishing - Trawler
700033520,VESSEL_STR_006,LR,fishing,1.0,trawler,0.9999999698001507,0.0,0.0,0.0,1.0,0.0,0.0,0.0,0.0,0.0,0.002430555555555555,0.6,0.0,0.6,Fishing,Fishing - Trawler
700033520,VESSEL_STR_006,LR,fishing,1.0,trawler,0.999999968989158,0.0,0.0,0.0,1.0,0.0,0.0,0.0,0.0,0.0,0.002430555555555555,0.6,0.0,0.6,Fishing,Fishing - Trawler
700033520,VESSEL_STR_006,LR,fishing,1.0,trawler,0.9999999690857945,0.0,0.0,0.0,1.0,0.0,0.0,0.0,0.0,0.0,0.002430555555555555,0.6,0.0,0.6,Fishing,Fishing - Trawler
700033520,VESSEL_STR_006,LR,fishing,0.9396338383838383,trawler,0.9999999678027337,0.0,0.0024116161616161615,0.0,0.9396338383838383,0.0017424242424242424,0.003666666666666667,0.0011742424242424242,0.05137121212121212,0.0,0.002430555555555555,0.6,0.0,0.6,Fishing,Fishing - Trawler
700033520,VESSEL_STR_006,LR,transit,0.9900000000000002,trawler,0.9999999694910244,0.0022222222222222222,0.0,0.0,0.0011111111111111111,0.0,0.0,0.006666666666666667,0.9900000000000002,0.0,0.002430555555555555,0.0,0.0,0.002430555555555555,Transit,Fishing - Trawler
700033520,VESSEL_STR_006,LR,transit,1.0,trawler,0.9999999697259463,0.0,0.0,0.0,0.0,0.0,0.0,0.0,1.0,0.0,0.002430555555555555,0.0,0.0,0.002430555555555555,Transit,Fishing - Trawler
700033520,VESSEL_STR_006,LR,transit,1.0,trawler,0.9999999697259463,0.0,0.0,0.0,0.0,0.0,0.0,0.0,1.0,0.0,0.002430555555555555,0.0,0.0,0.002430555555555555,Transit,Fishing - Trawler
700033520,VESSEL_STR_006,LR,transit,1.0,trawler,0.9999999697259463,0.0,0.0,0.0,0.0,0.0,0.0,0.0,1.0,0.0,0.002430555555555555,0.0,0.0,0.002430555555555555,Transit,Fishing - Trawler
700033520,VESSEL_STR_006,LR,transit,1.0,trawler,0.9999999697260407,0.0,0.0,0.0,0.0,0.0,0.0,0.0,1.0,0.0,0.002430555555555555,0.0,0.0,0.002430555555555555,Transit,Fishing - Trawler
700033520,VESSEL_STR_006,LR,transit,1.0,trawler,0.9999999697259463,0.0,0.0,0.0,0.0,0.0,0.0,0.0,1.0,0.0,0.002430555555555555,0.0,0.0,0.002430555555555555,Transit,Fishing - Trawler
700033520,VESSEL_STR_006,LR,transit,1.0,trawler,0.9999999697259463,0.0,0.0,0.0,0.0,0.0,0.0,0.0,1.0,0.0,0.002430555555555555,0.0,0.0,0.002430555555555555,Transit,Fishing - Trawler
700033520,VESSEL_STR_006,LR,transit,1.0,trawler,0.9999999697259463,0.0,0.0,0.0,0.0,0.0,0.0,0.0,1.0,0.0,0.002430555555555555,0.0,0.0,0.002430555555555555,Transit,Fishing - Trawler
700033520,VESSEL_STR_006,LR,transit,1.0,trawler,0.999999969726304,0.0,0.0,0.0,0.0,0.0,0.0,0.0,1.0,0.0,0.002430555555555555,0.0,0.0,0.002430555555555555,Transit,Fishing - Trawler
700033520,VESSEL_STR_006,LR,transit,1.0,trawler,0.999999969726304,0.0,0.0,0.0,0.0,0.0,0.0,0.0,1.0,0.0,0.002430555555555555,0.0,0.0,0.002430555555555555,Transit,Fishing - Trawler
700033520,VESSEL_STR_006,LR,transit,1.0,trawler,0.999999969726304,0.0,0.0,0.0,0.0,0.0,0.0,0.0,1.0,0.0,0.002430555555555555,0.0,0.0,0.002430555555555555,Transit,Fishing - Trawler
700033520,VESSEL_STR_006,LR,transit,1.0,trawler,0.999999969726304,0.0,0.0,0.0,0.0,0.0,0.0,0.0,1.0,0.0,0.002430555555555555,0.0,0.0,0.002430555555555555,Transit,Fishing - Trawler
700033520,VESSEL_STR_006,LR,transit,1.0,trawler,0.999999969726304,0.0,0.0,0.0,0.0,0.0,0.0,0.0,1.0,0.0,0.002430555555555555,0.0,0.0,0.002430555555555555,Transit,Fishing - Trawler
700033520,VESSEL_STR_006,LR,transit,1.0,trawler,0.999999969726304,0.0,0.0,0.0,0.0,0.0,0.0,0.0,1.0,0.0,0.002430555555555555,0.0,0.0,0.002430555555555555,Transit,Fishing - Trawler
700033520,VESSEL_STR_006,LR,transit,1.0,trawler,0.9999999697261548,0.0,0.0,0.0,0.0,0.0,0.0,0.0,1.0,0.0,0.002430555555555555,0.0,0.0,0.002430555555555555,Transit,Fishing - Trawler
700033520,VESSEL_STR_006,LR,transit,1.0,trawler,0.9999999697261186,0.0,0.0,0.0,0.0,0.0,0.0,0.0,1.0,0.0,0.002430555555555555,0.0,0.0,0.002430555555555555,Transit,Fishing - Trawler
700033520,VESSEL_STR_006,LR,transit,1.0,trawler,0.9999999697259463,0.0,0.0,0.0,0.0,0.0,0.0,0.0,1.0,0.0,0.002430555555555555,0.0,0.0,0.002430555555555555,Transit,Fishing - Trawler
700033520,VESSEL_STR_006,LR,transit,0.9983333333333333,trawler,0.9999999697259463,0.0,0.0,0.0,0.0016666666666666668,0.0,0.0,0.0,0.9983333333333333,0.0,0.002430555555555555,0.0,0.0,0.002430555555555555,Transit,Fishing - Trawler
700033520,VESSEL_STR_006,LR,transit,1.0,trawler,0.9999999694919555,0.0,0.0,0.0,0.0,0.0,0.0,0.0,1.0,0.0,0.002430555555555555,0.0,0.0,0.002430555555555555,Transit,Fishing - Trawler
700033520,VESSEL_STR_006,LR,transit,0.9935555555555555,trawler,0.9999999697261317,0.0,0.0,0.0,0.0,0.0,0.0033333333333333335,0.0031111111111111114,0.9935555555555555,0.0,0.002430555555555555,0.0,0.0,0.002430555555555555,Transit,Fishing - Trawler
700033520,VESSEL_STR_006,LR,transit,1.0,trawler,0.999999969726304,0.0,0.0,0.0,0.0,0.0,0.0,0.0,1.0,0.0,0.002430555555555555,0.0,0.0,0.002430555555555555,Transit,Fishing - Trawler
700033520,VESSEL_STR_006,LR,transit,1.0,trawler,0.9999999697261186,0.0,0.0,0.0,0.0,0.0,0.0,0.0,1.0,0.0,0.002430555555555555,0.0,0.0,0.002430555555555555,Transit,Fishing - Trawler
700033520,VESSEL_STR_006,LR,transit,1.0,trawler,0.9999999697261186,0.0,0.0,0.0,0.0,0.0,0.0,0.0,1.0,0.0,0.002430555555555555,0.0,0.0,0.002430555555555555,Transit,Fishing - Trawler
700033520,VESSEL_STR_006,LR,transit,1.0,trawler,0.9999999697259463,0.0,0.0,0.0,0.0,0.0,0.0,0.0,1.0,0.0,0.002430555555555555,0.0,0.0,0.002430555555555555,Transit,Fishing - Trawler
700033520,VESSEL_STR_006,LR,transit,1.0,trawler,0.9999999697269215,0.0,0.0,0.0,0.0,0.0,0.0,0.0,1.0,0.0,0.002430555555555555,0.0,0.0,0.002430555555555555,Transit,Fishing - Trawler
700033520,VESSEL_STR_006,LR,transit,1.0,trawler,0.9999999697269215,0.0,0.0,0.0,0.0,0.0,0.0,0.0,1.0,0.0,0.002430555555555555,0.0,0.0,0.002430555555555555,Transit,Fishing - Trawler
700033520,VESSEL_STR_006,LR,transit,0.9489444444444445,trawler,0.9999999698016984,0.0,0.0,0.0,0.0325,0.0006666666666666668,0.01511111111111111,0.0,0.9489444444444445,0.0027777777777777775,0.002430555555555555,0.0,0.0,0.002430555555555555,Transit,Fishing - Trawler
700033520,VESSEL_STR_006,LR,transit,1.0,trawler,0.9999999697259463,0.0,0.0,0.0,0.0,0.0,0.0,0.0,1.0,0.0,0.002430555555555555,0.0,0.0,0.002430555555555555,Transit,Fishing - Trawler
700033520,VESSEL_STR_006,LR,transit,1.0,trawler,0.9999999697259463,0.0,0.0,0.0,0.0,0.0,0.0,0.0,1.0,0.0,0.002430555555555555,0.0,0.0,0.002430555555555555,Transit,Fishing - Trawler
700033520,VESSEL_STR_006,LR,transit,1.0,trawler,0.9999999697288415,0.0,0.0,0.0,0.0,0.0,0.0,0.0,1.0,0.0,0.002430555555555555,0.0,0.0,0.002430555555555555,Transit,Fishing - Trawler
700033520,VESSEL_STR_006,LR,transit,1.0,trawler,0.9999999697259463,0.0,0.0,0.0,0.0,0.0,0.0,0.0,1.0,0.0,0.002430555555555555,0.0,0.0,0.002430555555555555,Transit,Fishing - Trawler
700033520,VESSEL_STR_006,LR,transit,1.0,trawler,0.9999999697259463,0.0,0.0,0.0,0.0,0.0,0.0,0.0,1.0,0.0,0.002430555555555555,0.0,0.0,0.002430555555555555,Transit,Fishing - Trawler
700033520,VESSEL_STR_006,LR,transit,1.0,trawler,0.999999969726304,0.0,0.0,0.0,0.0,0.0,0.0,0.0,1.0,0.0,0.002430555555555555,0.0,0.0,0.002430555555555555,Transit,Fishing - Trawler
700033520,VESSEL_STR_006,LR,transit,1.0,trawler,0.999999969726304,0.0,0.0,0.0,0.0,0.0,0.0,0.0,1.0,0.0,0.002430555555555555,0.0,0.0,0.002430555555555555,Transit,Fishing - Trawler
700033520,VESSEL_STR_006,LR,transit,1.0,trawler,0.999999969726304,0.0,0.0,0.0,0.0,0.0,0.0,0.0,1.0,0.0,0.002430555555555555,0.0,0.0,0.002430555555555555,Transit,Fishing - Trawler
700033520,VESSEL_STR_006,LR,transit,1.0,trawler,0.999999969726304,0.0,0.0,0.0,0.0,0.0,0.0,0.0,1.0,0.0,0.002430555555555555,0.0,0.0,0.002430555555555555,Transit,Fishing - Trawler
700033520,VESSEL_STR_006,LR,transit,1.0,trawler,0.9999999697288777,0.0,0.0,0.0,0.0,0.0,0.0,0.0,1.0,0.0,0.002430555555555555,0.0,0.0,0.002430555555555555,Transit,Fishing - Trawler
700033520,VESSEL_STR_006,LR,transit,1.0,trawler,0.9999999697259463,0.0,0.0,0.0,0.0,0.0,0.0,0.0,1.0,0.0,0.002430555555555555,0.0,0.0,0.002430555555555555,Transit,Fishing - Trawler
700033521,VESSEL_STR_007,LR,transit,1.0,longliner,0.9999999804557028,0.0,0.0,0.0,0.0,0.0,0.0,0.0,1.0,0.0,0.002430555555555555,0.0,0.0,0.002430555555555555,Transit,Fishing - Longliner
700033521,VESSEL_STR_007,LR,transit,1.0,longliner,0.9999999804556402,0.0,0.0,0.0,0.0,0.0,0.0,0.0,1.0,0.0,0.002430555555555555,0.0,0.0,0.002430555555555555,Transit,Fishing - Longliner
700033521,VESSEL_STR_007,LR,transit,1.0,longliner,0.9999999804556402,0.0,0.0,0.0,0.0,0.0,0.0,0.0,1.0,0.0,0.002430555555555555,0.0,0.0,0.002430555555555555,Transit,Fishing - Longliner
700033521,VESSEL_STR_007,LR,transit,1.0,longliner,0.9999999804556402,0.0,0.0,0.0,0.0,0.0,0.0,0.0,1.0,0.0,0.002430555555555555,0.0,0.0,0.002430555555555555,Transit,Fishing - Longliner
700033521,VESSEL_STR_007,LR,transit,1.0,longliner,0.9999999804556402,0.0,0.0,0.0,0.0,0.0,0.0,0.0,1.0,0.0,0.002430555555555555,0.0,0.0,0.002430555555555555,Transit,Fishing - Longliner
700033521,VESSEL_STR_007,LR,transit,1.0,longliner,0.9999999804556402,0.0,0.0,0.0,0.0,0.0,0.0,0.0,1.0,0.0,0.002430555555555555,0.0,0.0,0.002430555555555555,Transit,Fishing - Longliner
700033521,VESSEL_STR_007,LR,transit,1.0,longliner,0.9999999804556402,0.0,0.0,0.0,0.0,0.0,0.0,0.0,1.0,0.0,0.002430555555555555,0.0,0.0,0.002430555555555555,Transit,Fishing - Longliner
700033521,VESSEL_STR_007,LR,transit,1.0,longliner,0.9999999804556402,0.0,0.0,0.0,0.0,0.0,0.0,0.0,1.0,0.0,0.002430555555555555,0.0,0.0,0.002430555555555555,Transit,Fishing - Longliner
700033521,VESSEL_STR_007,LR,transit,1.0,longliner,0.9999999804556402,0.0,0.0,0.0,0.0,0.0,0.0,0.0,1.0,0.0,0.002430555555555555,0.0,0.0,0.002430555555555555,Transit,Fishing - Longliner
700033521,VESSEL_STR_007,LR,transit,1.0,longliner,0.9999999804556402,0.0,0.0,0.0,0.0,0.0,0.0,0.0,1.0,0.0,0.002430555555555555,0.0,0.0,0.002430555555555555,Transit,Fishing - Longliner
700033521,VESSEL_STR_007,LR,transit,1.0,longliner,0.9999999804556402,0.0,0.0,0.0,0.0,0.0,0.0,0.0,1.0,0.0,0.002430555555555555,0.0,0.0,0.002430555555555555,Transit,Fishing - Longliner
700033521,VESSEL_STR_007,LR,transit,1.0,longliner,0.9999999804556402,0.0,0.0,0.0,0.0,0.0,0.0,0.0,1.0,0.0,0.002430555555555555,0.0,0.0,0.002430555555555555,Transit,Fishing - Longliner
700033521,VESSEL_STR_007,LR,transit,1.0,longliner,0.9999999804556402,0.0,0.0,0.0,0.0,0.0,0.0,0.0,1.0,0.0,0.002430555555555555,0.0,0.0,0.002430555555555555,Transit,Fishing - Longliner
700033521,VESSEL_STR_007,LR,transit,0.8935555555555555,longliner,0.9999999803490861,0.0,0.0,0.0,0.06716666666666667,0.004,0.033611111111111105,0.0,0.8935555555555555,0.0016666666666666668,0.002430555555555555,0.0,0.0,0.002430555555555555,Transit,Fishing - Longliner
700033521,VESSEL_STR_007,LR,fishing,0.7923333333333334,longliner,0.9999999789897274,0.0,0.0017777777777777776,0.0030555555555555553,0.7923333333333334,0.01952777777777778,0.0,0.0038888888888888883,0.16088888888888886,0.018527777777777775,0.002430555555555555,0.6,0.0,0.6,Fishing,Fishing - Longliner
700033521,VESSEL_STR_007,LR,fishing,0.9366666666666666,longliner,0.9999999798602823,0.0,0.0055,0.016388888888888887,0.9366666666666666,0.020833333333333332,0.0,0.0,0.014499999999999999,0.00611111111111111,0.002430555555555555,0.6,0.0,0.6,Fishing,Fishing - Longliner
700033521,VESSEL_STR_007,LR,fishing,0.9255555555555555,longliner,0.9999999807594299,0.0,0.008,0.02,0.9255555555555555,0.032777777777777774,0.0,0.0,0.008666666666666666,0.005,0.002430555555555555,0.6,0.0,0.6,Fishing,Fishing - Longliner
700033521,VESSEL_STR_007,LR,fishing,0.9288888888888888,longliner,0.9999999802321877,0.0,0.011333333333333332,0.016666666666666666,0.9288888888888888,0.029166666666666667,0.0,0.0,0.008666666666666666,0.005277777777777778,0.002430555555555555,0.6,0.0,0.6,Fishing,Fishing - Longliner
700033521,VESSEL_STR_007,LR,fishing,0.9272222222222221,longliner,0.9999999807594299,0.0,0.011333333333333332,0.016666666666666666,0.9272222222222221,0.030833333333333334,0.0,0.0,0.008666666666666666,0.005277777777777778,0.002430555555555555,0.6,0.0,0.6,Fishing,Fishing - Longliner
700033521,VESSEL_STR_007,LR,fishing,0.9205555555555555,longliner,0.9999999807594299,0.0,0.015222222222222222,0.02,0.9205555555555555,0.0275,0.0,0.0,0.011444444444444445,0.005277777777777778,0.002430555555555555,0.6,0.0,0.6,Fishing,Fishing - Longliner
700033521,VESSEL_STR_007,LR,fishing,0.9188888888888888,longliner,0.9999999807594299,0.0,0.015222222222222222,0.02,0.9188888888888888,0.029166666666666667,0.0,0.0,0.011444444444444445,0.005277777777777778,0.002430555555555555,0.6,0.0,0.6,Fishing,Fishing - Longliner
700033521,VESSEL_STR_007,LR,fishing,0.9183333333333333,longliner,0.9999999807594299,0.0,0.014388888888888889,0.02,0.9183333333333333,0.03,0.0,0.0,0.011444444444444445,0.005833333333333334,0.002430555555555555,0.6,0.0,0.6,Fishing,Fishing - Longliner
700033521,VESSEL_STR_007,LR,fishing,0.9205555555555555,longliner,0.9999999807594299,0.0,0.014388888888888889,0.02,0.9205555555555555,0.027777777777777773,0.0,0.0,0.011444444444444445,0.005833333333333334,0.002430555555555555,0.6,0.0,0.6,Fishing,Fishing - Longliner
700033521,VESSEL_STR_007,LR,fishing,0.9205555555555555,longliner,0.9999999807594299,0.0,0.014388888888888889,0.02,0.9205555555555555,0.027777777777777773,0.0,0.0,0.011444444444444445,0.005833333333333334,0.002430555555555555,0.6,0.0,0.6,Fishing,Fishing - Longliner
700033521,VESSEL_STR_007,LR,fishing,0.9205555555555555,longliner,0.9999999807594299,0.0,0.015222222222222222,0.02,0.9205555555555555,0.0275,0.0,0.0,0.011444444444444445,0.005277777777777778,0.002430555555555555,0.6,0.0,0.6,Fishing,Fishing - Longliner
700033521,VESSEL_STR_007,LR,fishing,0.8943333333333334,longliner,0.9999999798814272,0.0,0.014666666666666668,0.0175,0.8943333333333334,0.0225,0.0,0.0,0.042111111111111106,0.008888888888888889,0.002430555555555555,0.6,0.0,0.6,Fishing,Fishing - Longliner
700033521,VESSEL_STR_007,LR,transit,0.8666212121212123,longliner,0.9999999784177214,0.0033333333333333335,0.023744949494949496,0.0033333333333333335,0.019161616161616164,0.0028535353535353533,0.009166666666666667,0.07178535353535352,0.8666212121212123,0.0,0.002430555555555555,0.0,0.0,0.002430555555555555,Transit,Fishing - Longliner
700033521,VESSEL_STR_007,LR,transit,0.9977777777777778,longliner,0.9999999804556402,0.0,0.0,0.0,0.0,0.0,0.0,0.0022222222222222222,0.9977777777777778,0.0,0.002430555555555555,0.0,0.0,0.002430555555555555,Transit,Fishing - Longliner
700033521,VESSEL_STR_007,LR,transit,0.9752777777777777,longliner,0.9999999803490257,0.0016666666666666668,0.0,0.013333333333333334,0.008888888888888889,0.0,0.0008333333333333334,0.0,0.9752777777777777,0.0,0.002430555555555555,0.0,0.0,0.002430555555555555,Transit,Fishing - Longliner
700033521,VESSEL_STR_007,LR,fishing,0.9213888888888888,longliner,0.9999999803656866,0.0,0.0,0.016388888888888887,0.9213888888888888,0.01597222222222222,0.006666666666666667,0.0,0.03361111111111111,0.005972222222222222,0.002430555555555555,0.6,0.0,0.6,Fishing,Fishing - Longliner
700033521,VESSEL_STR_007,LR,fishing,0.9272222222222221,longliner,0.9999999798733856,0.0,0.009388888888888888,0.023055555555555555,0.9272222222222221,0.016944444444444443,0.0,0.0,0.017277777777777777,0.00611111111111111,0.002430555555555555,0.6,0.0,0.6,Fishing,Fishing - Longliner
700033521,VESSEL_STR_007,LR,fishing,0.9205555555555555,longliner,0.9999999807594299,0.0,0.009388888888888888,0.03,0.9205555555555555,0.020833333333333332,0.0,0.0,0.014777777777777775,0.004444444444444445,0.002430555555555555,0.6,0.0,0.6,Fishing,Fishing - Longliner
700033521,VESSEL_STR_007,LR,fishing,0.9205555555555555,longliner,0.9999999807607097,0.0,0.015222222222222222,0.02,0.9205555555555555,0.0275,0.0,0.0,0.011444444444444445,0.005277777777777778,0.002430555555555555,0.6,0.0,0.6,Fishing,Fishing - Longliner
700033521,VESSEL_STR_007,LR,fishing,0.9205555555555555,longliner,0.9999999807594299,0.0011111111111111111,0.014388888888888889,0.02,0.9205555555555555,0.025555555555555554,0.0,0.0,0.011444444444444445,0.006944444444444445,0.002430555555555555,0.6,0.0,0.6,Fishing,Fishing - Longliner
700033521,VESSEL_STR_007,LR,fishing,0.9205555555555555,longliner,0.9999999807594299,0.0,0.014388888888888889,0.02,0.9205555555555555,0.027777777777777773,0.0,0.0,0.011444444444444445,0.005833333333333334,0.002430555555555555,0.6,0.0,0.6,Fishing,Fishing - Longliner
700033521,VESSEL_STR_007,LR,fishing,0.9205555555555555,longliner,0.9999999807594299,0.0,0.015222222222222222,0.02,0.9205555555555555,0.0275,0.0,0.0,0.011444444444444445,0.005277777777777778,0.002430555555555555,0.6,0.0,0.6,Fishing,Fishing - Longliner
700033521,VESSEL_STR_007,LR,fishing,0.915,longliner,0.9999999807594299,0.0,0.015222222222222222,0.023333333333333334,0.915,0.0325,0.0,0.0,0.011444444444444445,0.0025,0.002430555555555555,0.6,0.0,0.6,Fishing,Fishing - Longliner
700033521,VESSEL_STR_007,LR,fishing,0.9205555555555555,longliner,0.9999999807594299,0.0,0.015222222222222222,0.02,0.9205555555555555,0.0275,0.0,0.0,0.011444444444444445,0.005277777777777778,0.002430555555555555,0.6,0.0,0.6,Fishing,Fishing - Longliner
700033521,VESSEL_STR_007,LR,fishing,0.9205555555555555,longliner,0.9999999807594299,0.0011111111111111111,0.014388888888888889,0.02,0.9205555555555555,0.025555555555555554,0.0,0.0,0.011444444444444445,0.006944444444444445,0.002430555555555555,0.6,0.0,0.6,Fishing,Fishing - Longliner
700033521,VESSEL_STR_007,LR,fishing,0.9188888888888888,longliner,0.9999999807594299,0.0011111111111111111,0.014388888888888889,0.02,0.9188888888888888,0.02722222222222222,0.0,0.0,0.011444444444444445,0.006944444444444445,0.002430555555555555,0.6,0.0,0.6,Fishing,Fishing - Longliner
700033521,VESSEL_STR_007,LR,fishing,0.9205555555555555,longliner,0.9999999807594299,0.0011111111111111111,0.014388888888888889,0.02,0.9205555555555555,0.025555555555555554,0.0,0.0,0.011444444444444445,0.006944444444444445,0.002430555555555555,0.6,0.0,0.6,Fishing,Fishing - Longliner
700033521,VESSEL_STR_007,LR,fishing,0.9238888888888888,longliner,0.9999999807607097,0.0,0.014388888888888889,0.02,0.9238888888888888,0.024444444444444442,0.0,0.0,0.011444444444444445,0.005833333333333334,0.002430555555555555,0.6,0.0,0.6,Fishing,Fishing - Longliner
700033521,VESSEL_STR_007,LR,transit,0.38561724386724394,longliner,0.9999999794117722,0.021722222222222226,0.06376875901875902,0.05638888888888889,0.32818939393939395,0.09657575757575758,0.006666666666666666,0.007793290043290044,0.38561724386724394,0.033277777777777774,0.002430555555555555,0.0,0.0,0.002430555555555555,Transit,Fishing - Longliner
700033521,VESSEL_STR_007,LR,transit,0.9694444444444442,longliner,0.9999999791055867,0.0,0.0061111111111111106,0.0,0.0027777777777777775,0.0025,0.010277777777777778,0.008888888888888889,0.9694444444444442,0.0,0.002430555555555555,0.0,0.0,0.002430555555555555,Transit,Fishing - Longliner
700033521,VESSEL_STR_007,LR,transit,1.0,longliner,0.9999999804557028,0.0,0.0,0.0,0.0,0.0,0.0,0.0,1.0,0.0,0.002430555555555555,0.0,0.0,0.002430555555555555,Transit,Fishing - Longliner
700033521,VESSEL_STR_007,LR,transit,0.9933333333333333,longliner,0.9999999804556402,0.0,0.0,0.0,0.0,0.0,0.006666666666666667,0.0,0.9933333333333333,0.0,0.002430555555555555,0.0,0.0,0.002430555555555555,Transit,Fishing - Longliner
700033521,VESSEL_STR_007,LR,transit,1.0,longliner,0.9999999804555638,0.0,0.0,0.0,0.0,0.0,0.0,0.0,1.0,0.0,0.002430555555555555,0.0,0.0,0.002430555555555555,Transit,Fishing - Longliner
700033521,VESSEL_STR_007,LR,transit,0.9911111111111113,longliner,0.9999999804555638,0.0,0.0022222222222222222,0.0,0.0,0.0,0.006666666666666667,0.0,0.9911111111111113,0.0,0.002430555555555555,0.0,0.0,0.002430555555555555,Transit,Fishing - Longliner
700033521,VESSEL_STR_007,LR,transit,0.9802777777777775,longliner,0.9999999804556402,0.0,0.0022222222222222222,0.0,0.006388888888888888,0.0,0.007777777777777777,0.0033333333333333335,0.9802777777777775,0.0,0.002430555555555555,0.0,0.0,0.002430555555555555,Transit,Fishing - Longliner
700033521,VESSEL_STR_007,LR,transit,1.0,longliner,0.9999999804556402,0.0,0.0,0.0,0.0,0.0,0.0,0.0,1.0,0.0,0.002430555555555555,0.0,0.0,0.002430555555555555,Transit,Fishing - Longliner
700033521,VESSEL_STR_007,LR,transit,1.0,longliner,0.9999999804556402,0.0,0.0,0.0,0.0,0.0,0.0,0.0,1.0,0.0,0.002430555555555555,0.0,0.0,0.002430555555555555,Transit,Fishing - Longliner
700033521,VESSEL_STR_007,LR,transit,1.0,longliner,0.9999999804556402,0.0,0.0,0.0,0.0,0.0,0.0,0.0,1.0,0.0,0.002430555555555555,0.0,0.0,0.002430555555555555,Transit,Fishing - Longliner
700033521,VESSEL_STR_007,LR,transit,1.0,longliner,0.9999999804557028,0.0,0.0,0.0,0.0,0.0,0.0,0.0,1.0,0.0,0.002430555555555555,0.0,0.0,0.002430555555555555,Transit,Fishing - Longliner
700033521,VESSEL_STR_007,LR,transit,1.0,longliner,0.9999999804556402,0.0,0.0,0.0,0.0,0.0,0.0,0.0,1.0,0.0,0.002430555555555555,0.0,0.0,0.002430555555555555,Transit,Fishing - Longliner
700033521,VESSEL_STR_007,LR,transit,1.0,longliner,0.9999999804556402,0.0,0.0,0.0,0.0,0.0,0.0,0.0,1.0,0.0,0.002430555555555555,0.0,0.0,0.002430555555555555,Transit,Fishing - Longliner
700033521,VESSEL_STR_007,LR,transit,0.9977777777777779,longliner,0.9999999804556402,0.0,0.0,0.0,0.0,0.0,0.0,0.0022222222222222222,0.9977777777777779,0.0,0.002430555555555555,0.0,0.0,0.002430555555555555,Transit,Fishing - Longliner
700033521,VESSEL_STR_007,LR,transit,1.0,longliner,0.9999999804601579,0.0,0.0,0.0,0.0,0.0,0.0,0.0,1.0,0.0,0.002430555555555555,0.0,0.0,0.002430555555555555,Transit,Fishing - Longliner
700033521,VESSEL_STR_007,LR,transit,1.0,longliner,0.9999999804601579,0.0,0.0,0.0,0.0,0.0,0.0,0.0,1.0,0.0,0.002430555555555555,0.0,0.0,0.002430555555555555,Transit,Fishing - Longliner
700033521,VESSEL_STR_007,LR,transit,0.99,longliner,0.9999999804556402,0.0,0.0,0.0,0.0,0.0,0.006666666666666667,0.0033333333333333335,0.99,0.0,0.002430555555555555,0.0,0.0,0.002430555555555555,Transit,Fishing - Longliner
700033521,VESSEL_STR_007,LR,transit,1.0,longliner,0.9999999804556402,0.0,0.0,0.0,0.0,0.0,0.0,0.0,1.0,0.0,0.002430555555555555,0.0,0.0,0.002430555555555555,Transit,Fishing - Longliner
700033521,VESSEL_STR_007,LR,transit,1.0,longliner,0.9999999804556402,0.0,0.0,0.0,0.0,0.0,0.0,0.0,1.0,0.0,0.002430555555555555,0.0,0.0,0.002430555555555555,Transit,Fishing - Longliner
700033521,VESSEL_STR_007,LR,transit,1.0,longliner,0.9999999804556402,0.0,0.0,0.0,0.0,0.0,0.0,0.0,1.0,0.0,0.002430555555555555,0.0,0.0,0.002430555555555555,Transit,Fishing - Longliner
700033521,VESSEL_STR_007,LR,transit,1.0,longliner,0.9999999804556402,0.0,0.0,0.0,0.0,0.0,0.0,0.0,1.0,0.0,0.002430555555555555,0.0,0.0,0.002430555555555555,Transit,Fishing - Longliner
700033521,VESSEL_STR_007,LR,transit,1.0,longliner,0.9999999804556402,0.0,0.0,0.0,0.0,0.0,0.0,0.0,1.0,0.0,0.002430555555555555,0.0,0.0,0.002430555555555555,Transit,Fishing - Longliner
700033521,VESSEL_STR_007,LR,transit,1.0,longliner,0.9999999804557028,0.0,0.0,0.0,0.0,0.0,0.0,0.0,1.0,0.0,0.002430555555555555,0.0,0.0,0.002430555555555555,Transit,Fishing - Longliner
700033521,VESSEL_STR_007,LR,transit,1.0,longliner,0.9999999804556402,0.0,0.0,0.0,0.0,0.0,0.0,0.0,1.0,0.0,0.002430555555555555,0.0,0.0,0.002430555555555555,Transit,Fishing - Longliner
700033521,VESSEL_STR_007,LR,transit,1.0,longliner,0.999999980455078,0.0,0.0,0.0,0.0,0.0,0.0,0.0,1.0,0.0,0.002430555555555555,0.0,0.0,0.002430555555555555,Transit,Fishing - Longliner
700033521,VESSEL_STR_007,LR,transit,1.0,longliner,0.9999999804550251,0.0,0.0,0.0,0.0,0.0,0.0,0.0,1.0,0.0,0.002430555555555555,0.0,0.0,0.002430555555555555,Transit,Fishing - Longliner
700033521,VESSEL_STR_007,LR,transit,1.0,longliner,0.9999999804556402,0.0,0.0,0.0,0.0,0.0,0.0,0.0,1.0,0.0,0.002430555555555555,0.0,0.0,0.002430555555555555,Transit,Fishing - Longliner
700033521,VESSEL_STR_007,LR,transit,1.0,longliner,0.9999999804556402,0.0,0.0,0.0,0.0,0.0,0.0,0.0,1.0,0.0,0.002430555555555555,0.0,0.0,0.002430555555555555,Transit,Fishing - Longliner
700033521,VESSEL_STR_007,LR,transit,1.0,longliner,0.9999999804556402,0.0,0.0,0.0,0.0,0.0,0.0,0.0,1.0,0.0,0.002430555555555555,0.0,0.0,0.002430555555555555,Transit,Fishing - Longliner
700033521,VESSEL_STR_007,LR,transit,1.0,longliner,0.9999999804556402,0.0,0.0,0.0,0.0,0.0,0.0,0.0,1.0,0.0,0.002430555555555555,0.0,0.0,0.002430555555555555,Transit,Fishing - Longliner
700033521,VESSEL_STR_007,LR,transit,1.0,longliner,0.9999999804556402,0.0,0.0,0.0,0.0,0.0,0.0,0.0,1.0,0.0,0.002430555555555555,0.0,0.0,0.002430555555555555,Transit,Fishing - Longliner
700033521,VESSEL_STR_007,LR,transit,1.0,longliner,0.9999999804557028,0.0,0.0,0.0,0.0,0.0,0.0,0.0,1.0,0.0,0.002430555555555555,0.0,0.0,0.002430555555555555,Transit,Fishing - Longliner
700033521,VESSEL_STR_007,LR,transit,1.0,longliner,0.9999999804557028,0.0,0.0,0.0,0.0,0.0,0.0,0.0,1.0,0.0,0.002430555555555555,0.0,0.0,0.002430555555555555,Transit,Fishing - Longliner
700033521,VESSEL_STR_007,LR,transit,1.0,longliner,0.9999999804556402,0.0,0.0,0.0,0.0,0.0,0.0,0.0,1.0,0.0,0.002430555555555555,0.0,0.0,0.002430555555555555,Transit,Fishing - Longliner
700033521,VESSEL_STR_007,LR,transit,1.0,longliner,0.9999999804556402,0.0,0.0,0.0,0.0,0.0,0.0,0.0,1.0,0.0,0.002430555555555555,0.0,0.0,0.002430555555555555,Transit,Fishing - Longliner
700033521,VESSEL_STR_007,LR,transit,1.0,longliner,0.9999999804556402,0.0,0.0,0.0,0.0,0.0,0.0,0.0,1.0,0.0,0.002430555555555555,0.0,0.0,0.002430555555555555,Transit,Fishing - Longliner
700033521,VESSEL_STR_007,LR,transit,1.0,longliner,0.9999999804556402,0.0,0.0,0.0,0.0,0.0,0.0,0.0,1.0,0.0,0.002430555555555555,0.0,0.0,0.002430555555555555,Transit,Fishing - Longliner
700033521,VESSEL_STR_007,LR,transit,1.0,longliner,0.9999999804556402,0.0,0.0,0.0,0.0,0.0,0.0,0.0,1.0,0.0,0.002430555555555555,0.0,0.0,0.002430555555555555,Transit,Fishing - Longliner
700033521,VESSEL_STR_007,LR,transit,1.0,longliner,0.9999999804556402,0.0,0.0,0.0,0.0,0.0,0.0,0.0,1.0,0.0,0.002430555555555555,0.0,0.0,0.002430555555555555,Transit,Fishing - Longliner
700033521,VESSEL_STR_007,LR,transit,1.0,longliner,0.9999999804557028,0.0,0.0,0.0,0.0,0.0,0.0,0.0,1.0,0.0,0.002430555555555555,0.0,0.0,0.002430555555555555,Transit,Fishing - Longliner
700033521,VESSEL_STR_007,LR,transit,1.0,longliner,0.9999999804556402,0.0,0.0,0.0,0.0,0.0,0.0,0.0,1.0,0.0,0.002430555555555555,0.0,0.0,0.002430555555555555,Transit,Fishing - Longliner
700033521,VESSEL_STR_007,LR,transit,1.0,longliner,0.9999999804556402,0.0,0.0,0.0,0.0,0.0,0.0,0.0,1.0,0.0,0.002430555555555555,0.0,0.0,0.002430555555555555,Transit,Fishing - Longliner
700033521,VESSEL_STR_007,LR,transit,0.9822222222222223,longliner,0.9999999804556402,0.0,0.0022222222222222222,0.0022222222222222222,0.0,0.0,0.011666666666666667,0.0016666666666666668,0.9822222222222223,0.0,0.002430555555555555,0.0,0.0,0.002430555555555555,Transit,Fishing - Longliner
700033522,VESSEL_STR_008,SG,transit,1.0,trawler,0.9999999848496244,0.0,0.0,0.0,0.0,0.0,0.0,0.0,1.0,0.0,0.002430555555555555,0.0,0.0,0.002430555555555555,Transit,Fishing - Trawler
700033522,VESSEL_STR_008,SG,transit,0.9977777777777779,trawler,0.9999999848496723,0.0,0.0,0.0022222222222222222,0.0,0.0,0.0,0.0,0.9977777777777779,0.0,0.002430555555555555,0.0,0.0,0.002430555555555555,Transit,Fishing - Trawler
700033522,VESSEL_STR_008,SG,transit,1.0,trawler,0.9999999848496723,0.0,0.0,0.0,0.0,0.0,0.0,0.0,1.0,0.0,0.002430555555555555,0.0,0.0,0.002430555555555555,Transit,Fishing - Trawler
700033522,VESSEL_STR_008,SG,transit,1.0,trawler,0.9999999848496244,0.0,0.0,0.0,0.0,0.0,0.0,0.0,1.0,0.0,0.002430555555555555,0.0,0.0,0.002430555555555555,Transit,Fishing - Trawler
700033522,VESSEL_STR_008,SG,transit,0.9955555555555556,trawler,0.9999999848754453,0.0,0.0,0.0,0.0016666666666666668,0.0,0.0,0.0,0.9955555555555556,0.0027777777777777775,0.002430555555555555,0.0,0.0,0.002430555555555555,Transit,Fishing - Trawler
700033522,VESSEL_STR_008,SG,transit,1.0,trawler,0.9999999848496244,0.0,0.0,0.0,0.0,0.0,0.0,0.0,1.0,0.0,0.002430555555555555,0.0,0.0,0.002430555555555555,Transit,Fishing - Trawler
700033522,VESSEL_STR_008,SG,transit,1.0,trawler,0.9999999848496244,0.0,0.0,0.0,0.0,0.0,0.0,0.0,1.0,0.0,0.002430555555555555,0.0,0.0,0.002430555555555555,Transit,Fishing - Trawler
700033522,VESSEL_STR_008,SG,transit,1.0,trawler,0.9999999848496244,0.0,0.0,0.0,0.0,0.0,0.0,0.0,1.0,0.0,0.002430555555555555,0.0,0.0,0.002430555555555555,Transit,Fishing - Trawler
700033522,VESSEL_STR_008,SG,transit,1.0,trawler,0.9999999848755534,0.0,0.0,0.0,0.0,0.0,0.0,0.0,1.0,0.0,0.002430555555555555,0.0,0.0,0.002430555555555555,Transit,Fishing - Trawler
700033522,VESSEL_STR_008,SG,transit,1.0,trawler,0.9999999848496244,0.0,0.0,0.0,0.0,0.0,0.0,0.0,1.0,0.0,0.002430555555555555,0.0,0.0,0.002430555555555555,Transit,Fishing - Trawler
700033522,VESSEL_STR_008,SG,fishing,0.8176666666666665,trawler,0.9999999847626273,0.0,0.0,0.0,0.8176666666666665,0.004722222222222221,0.0044444444444444444,0.005555555555555555,0.1636111111111111,0.004,0.002430555555555555,0.6,0.0,0.6,Fishing,Fishing - Trawler
700033522,VESSEL_STR_008,SG,fishing,0.9961111111111113,trawler,0.9999999847598238,0.0011111111111111111,0.0,0.0,0.9961111111111113,0.0011111111111111111,0.0,0.0,0.0016666666666666668,0.0,0.002430555555555555,0.6,0.0,0.6,Fishing,Fishing - Trawler
700033522,VESSEL_STR_008,SG,fishing,1.0,trawler,0.9999999844763741,0.0,0.0,0.0,1.0,0.0,0.0,0.0,0.0,0.0,0.002430555555555555,0.6,0.0,0.6,Fishing,Fishing - Trawler
700033522,VESSEL_STR_008,SG,fishing,1.0,trawler,0.999999984875372,0.0,0.0,0.0,1.0,0.0,0.0,0.0,0.0,0.0,0.002430555555555555,0.6,0.0,0.6,Fishing,Fishing - Trawler
700033522,VESSEL_STR_008,SG,fishing,1.0,trawler,0.999999984875372,0.0,0.0,0.0,1.0,0.0,0.0,0.0,0.0,0.0,0.002430555555555555,0.6,0.0,0.6,Fishing,Fishing - Trawler
700033522,VESSEL_STR_008,SG,fishing,1.0,trawler,0.999999984875372,0.0,0.0,0.0,1.0,0.0,0.0,0.0,0.0,0.0,0.002430555555555555,0.6,0.0,0.6,Fishing,Fishing - Trawler
700033522,VESSEL_STR_008,SG,fishing,0.9991666666666666,trawler,0.9999999844763741,0.0,0.0,0.0,0.9991666666666666,0.0008333333333333334,0.0,0.0,0.0,0.0,0.002430555555555555,0.6,0.0,0.6,Fishing,Fishing - Trawler
700033522,VESSEL_STR_008,SG,fishing,1.0,trawler,0.9999999844763741,0.0,0.0,0.0,1.0,0.0,0.0,0.0,0.0,0.0,0.002430555555555555,0.6,0.0,0.6,Fishing,Fishing - Trawler
700033522,VESSEL_STR_008,SG,fishing,0.9128174603174602,trawler,0.9999999844763741,0.013055555555555555,0.011119047619047619,0.02,0.9128174603174602,0.011388888888888888,0.0,0.005999999999999999,0.02311904761904762,0.0025,0.002430555555555555,0.6,0.0,0.6,Fishing,Fishing - Trawler
700033522,VESSEL_STR_008,SG,fishing,0.9770555555555556,trawler,0.999999984875372,0.0,0.0016666666666666668,0.0,0.9770555555555556,0.0,0.0,0.0,0.0195,0.0017777777777777776,0.002430555555555555,0.6,0.0,0.6,Fishing,Fishing - Trawler
700033522,VESSEL_STR_008,SG,fishing,1.0,trawler,0.999999984875372,0.0,0.0,0.0,1.0,0.0,0.0,0.0,0.0,0.0,0.002430555555555555,0.6,0.0,0.6,Fishing,Fishing - Trawler
700033522,VESSEL_STR_008,SG,fishing,1.0,trawler,0.999999984875372,0.0,0.0,0.0,1.0,0.0,0.0,0.0,0.0,0.0,0.002430555555555555,0.6,0.0,0.6,Fishing,Fishing - Trawler
700033522,VESSEL_STR_008,SG,fishing,1.0,trawler,0.9999999844763741,0.0,0.0,0.0,1.0,0.0,0.0,0.0,0.0,0.0,0.002430555555555555,0.6,0.0,0.6,Fishing,Fishing - Trawler
700033522,VESSEL_STR_008,SG,fishing,1.0,trawler,0.999999984524097,0.0,0.0,0.0,1.0,0.0,0.0,0.0,0.0,0.0,0.002430555555555555,0.6,0.0,0.6,Fishing,Fishing - Trawler
700033522,VESSEL_STR_008,SG,fishing,1.0,trawler,0.9999999844763741,0.0,0.0,0.0,1.0,0.0,0.0,0.0,0.0,0.0,0.002430555555555555,0.6,0.0,0.6,Fishing,Fishing - Trawler
700033522,VESSEL_STR_008,SG,fishing,0.9961111111111113,trawler,0.9999999847598238,0.0011111111111111111,0.0,0.0,0.9961111111111113,0.0011111111111111111,0.0,0.0,0.0016666666666666668,0.0,0.002430555555555555,0.6,0.0,0.6,Fishing,Fishing - Trawler
700033522,VESSEL_STR_008,SG,transit,0.9320101010101008,trawler,0.999999984734107,0.0027777777777777775,0.0001893939393939394,0.0,0.007272727272727272,7.575757575757576e-05,0.0,0.05767424242424243,0.9320101010101008,0.0,0.002430555555555555,0.0,0.0,0.002430555555555555,Transit,Fishing - Trawler
700033522,VESSEL_STR_008,SG,transit,1.0,trawler,0.9999999848496244,0.0,0.0,0.0,0.0,0.0,0.0,0.0,1.0,0.0,0.002430555555555555,0.0,0.0,0.002430555555555555,Transit,Fishing - Trawler
700033522,VESSEL_STR_008,SG,transit,1.0,trawler,0.9999999848496244,0.0,0.0,0.0,0.0,0.0,0.0,0.0,1.0,0.0,0.002430555555555555,0.0,0.0,0.002430555555555555,Transit,Fishing - Trawler
700033522,VESSEL_STR_008,SG,transit,0.9700555555555556,trawler,0.999999984759897,0.005,0.0,0.0,0.013555555555555555,0.0,0.009166666666666667,0.0,0.9700555555555556,0.0022222222222222222,0.002430555555555555,0.0,0.0,0.002430555555555555,Transit,Fishing - Trawler
700033522,VESSEL_STR_008,SG,fishing,0.9047222222222221,trawler,0.9999999847626273,0.0,0.0,0.0,0.9047222222222221,0.0005555555555555556,0.012666666666666666,0.0016666666666666668,0.07316666666666666,0.007222222222222222,0.002430555555555555,0.6,0.0,0.6,Fishing,Fishing - Trawler
700033522,VESSEL_STR_008,SG,fishing,0.974,trawler,0.999999984875372,0.0,0.0,0.0,0.974,0.0,0.0038888888888888883,0.0,0.019888888888888893,0.0022222222222222222,0.002430555555555555,0.6,0.0,0.6,Fishing,Fishing - Trawler
700033522,VESSEL_STR_008,SG,fishing,1.0,trawler,0.999999984875372,0.0,0.0,0.0,1.0,0.0,0.0,0.0,0.0,0.0,0.002430555555555555,0.6,0.0,0.6,Fishing,Fishing - Trawler
700033522,VESSEL_STR_008,SG,fishing,1.0,trawler,0.9999999844763741,0.0,0.0,0.0,1.0,0.0,0.0,0.0,0.0,0.0,0.002430555555555555,0.6,0.0,0.6,Fishing,Fishing - Trawler
700033522,VESSEL_STR_008,SG,fishing,1.0,trawler,0.9999999844763741,0.0,0.0,0.0,1.0,0.0,0.0,0.0,0.0,0.0,0.002430555555555555,0.6,0.0,0.6,Fishing,Fishing - Trawler
700033522,VESSEL_STR_008,SG,fishing,1.0,trawler,0.9999999844763741,0.0,0.0,0.0,1.0,0.0,0.0,0.0,0.0,0.0,0.002430555555555555,0.6,0.0,0.6,Fishing,Fishing - Trawler
700033522,VESSEL_STR_008,SG,fishing,1.0,trawler,0.9999999848774153,0.0,0.0,0.0,1.0,0.0,0.0,0.0,0.0,0.0,0.002430555555555555,0.6,0.0,0.6,Fishing,Fishing - Trawler
700033522,VESSEL_STR_008,SG,fishing,1.0,trawler,0.9999999844763741,0.0,0.0,0.0,1.0,0.0,0.0,0.0,0.0,0.0,0.002430555555555555,0.6,0.0,0.6,Fishing,Fishing - Trawler
700033522,VESSEL_STR_008,SG,fishing,1.0,trawler,0.9999999844763741,0.0,0.0,0.0,1.0,0.0,0.0,0.0,0.0,0.0,0.002430555555555555,0.6,0.0,0.6,Fishing,Fishing - Trawler
700033522,VESSEL_STR_008,SG,fishing,1.0,trawler,0.9999999844763741,0.0,0.0,0.0,1.0,0.0,0.0,0.0,0.0,0.0,0.002430555555555555,0.6,0.0,0.6,Fishing,Fishing - Trawler
700033522,VESSEL_STR_008,SG,fishing,1.0,trawler,0.9999999844763741,0.0,0.0,0.0,1.0,0.0,0.0,0.0,0.0,0.0,0.002430555555555555,0.6,0.0,0.6,Fishing,Fishing - Trawler
700033522,VESSEL_STR_008,SG,fishing,1.0,trawler,0.9999999844763741,0.0,0.0,0.0,1.0,0.0,0.0,0.0,0.0,0.0,0.002430555555555555,0.6,0.0,0.6,Fishing,Fishing - Trawler
700033522,VESSEL_STR_008,SG,fishing,1.0,trawler,0.9999999844763741,0.0,0.0,0.0,1.0,0.0,0.0,0.0,0.0,0.0,0.002430555555555555,0.6,0.0,0.6,Fishing,Fishing - Trawler
700033522,VESSEL_STR_008,SG,fishing,1.0,trawler,0.9999999843315428,0.0,0.0,0.0,1.0,0.0,0.0,0.0,0.0,0.0,0.002430555555555555,0.6,0.0,0.6,Fishing,Fishing - Trawler
700033522,VESSEL_STR_008,SG,fishing,0.9961111111111113,trawler,0.9999999847598238,0.0,0.0,0.0,0.9961111111111113,0.0016666666666666668,0.0,0.0,0.0022222222222222222,0.0,0.002430555555555555,0.6,0.0,0.6,Fishing,Fishing - Trawler
700033522,VESSEL_STR_008,SG,transit,0.9453156565656564,trawler,0.9999999836434716,0.0,0.00418939393939394,0.005,0.03591161616161616,0.0017424242424242424,0.0,0.007840909090909091,0.9453156565656564,0.0,0.002430555555555555,0.0,0.0,0.002430555555555555,Transit,Fishing - Trawler
700033522,VESSEL_STR_008,SG,transit,1.0,trawler,0.9999999847341803,0.0,0.0,0.0,0.0,0.0,0.0,0.0,1.0,0.0,0.002430555555555555,0.0,0.0,0.002430555555555555,Transit,Fishing - Trawler
700033522,VESSEL_STR_008,SG,transit,1.0,trawler,0.9999999848496244,0.0,0.0,0.0,0.0,0.0,0.0,0.0,1.0,0.0,0.002430555555555555,0.0,0.0,0.002430555555555555,Transit,Fishing - Trawler
700033522,VESSEL_STR_008,SG,transit,1.0,trawler,0.9999999848496244,0.0,0.0,0.0,0.0,0.0,0.0,0.0,1.0,0.0,0.002430555555555555,0.0,0.0,0.002430555555555555,Transit,Fishing - Trawler
700033522,VESSEL_STR_008,SG,transit,1.0,trawler,0.9999999848496723,0.0,0.0,0.0,0.0,0.0,0.0,0.0,1.0,0.0,0.002430555555555555,0.0,0.0,0.002430555555555555,Transit,Fishing - Trawler
700033522,VESSEL_STR_008,SG,transit,1.0,trawler,0.9999999848496723,0.0,0.0,0.0,0.0,0.0,0.0,0.0,1.0,0.0,0.002430555555555555,0.0,0.0,0.002430555555555555,Transit,Fishing - Trawler
700033522,VESSEL_STR_008,SG,transit,1.0,trawler,0.9999999848496723,0.0,0.0,0.0,0.0,0.0,0.0,0.0,1.0,0.0,0.002430555555555555,0.0,0.0,0.002430555555555555,Transit,Fishing - Trawler
700033522,VESSEL_STR_008,SG,transit,1.0,trawler,0.9999999848496723,0.0,0.0,0.0,0.0,0.0,0.0,0.0,1.0,0.0,0.002430555555555555,0.0,0.0,0.002430555555555555,Transit,Fishing - Trawler
700033522,VESSEL_STR_008,SG,transit,1.0,trawler,0.9999999848495935,0.0,0.0,0.0,0.0,0.0,0.0,0.0,1.0,0.0,0.002430555555555555,0.0,0.0,0.002430555555555555,Transit,Fishing - Trawler
700033522,VESSEL_STR_008,SG,transit,1.0,trawler,0.9999999848496244,0.0,0.0,0.0,0.0,0.0,0.0,0.0,1.0,0.0,0.002430555555555555,0.0,0.0,0.002430555555555555,Transit,Fishing - Trawler
700033522,VESSEL_STR_008,SG,transit,1.0,trawler,0.9999999848496244,0.0,0.0,0.0,0.0,0.0,0.0,0.0,1.0,0.0,0.002430555555555555,0.0,0.0,0.002430555555555555,Transit,Fishing - Trawler
700033522,VESSEL_STR_008,SG,transit,1.0,trawler,0.9999999848496244,0.0,0.0,0.0,0.0,0.0,0.0,0.0,1.0,0.0,0.002430555555555555,0.0,0.0,0.002430555555555555,Transit,Fishing - Trawler
700033522,VESSEL_STR_008,SG,transit,1.0,trawler,0.9999999848496244,0.0,0.0,0.0,0.0,0.0,0.0,0.0,1.0,0.0,0.002430555555555555,0.0,0.0,0.002430555555555555,Transit,Fishing - Trawler
700033522,VESSEL_STR_008,SG,transit,1.0,trawler,0.9999999848496244,0.0,0.0,0.0,0.0,0.0,0.0,0.0,1.0,0.0,0.002430555555555555,0.0,0.0,0.002430555555555555,Transit,Fishing - Trawler
700033522,VESSEL_STR_008,SG,transit,1.0,trawler,0.9999999848496244,0.0,0.0,0.0,0.0,0.0,0.0,0.0,1.0,0.0,0.002430555555555555,0.0,0.0,0.002430555555555555,Transit,Fishing - Trawler
700033522,VESSEL_STR_008,SG,transit,1.0,trawler,0.9999999848496244,0.0,0.0,0.0,0.0,0.0,0.0,0.0,1.0,0.0,0.002430555555555555,0.0,0.0,0.002430555555555555,Transit,Fishing - Trawler
700033522,VESSEL_STR_008,SG,transit,1.0,trawler,0.9999999848496244,0.0,0.0,0.0,0.0,0.0,0.0,0.0,1.0,0.0,0.002430555555555555,0.0,0.0,0.002430555555555555,Transit,Fishing - Trawler
700033522,VESSEL_STR_008,SG,transit,1.0,trawler,0.9999999848496723,0.0,0.0,0.0,0.0,0.0,0.0,0.0,1.0,0.0,0.002430555555555555,0.0,0.0,0.002430555555555555,Transit,Fishing - Trawler
700033522,VESSEL_STR_008,SG,transit,1.0,trawler,0.9999999848496723,0.0,0.0,0.0,0.0,0.0,0.0,0.0,1.0,0.0,0.002430555555555555,0.0,0.0,0.002430555555555555,Transit,Fishing - Trawler
700033522,VESSEL_STR_008,SG,transit,1.0,trawler,0.9999999848496723,0.0,0.0,0.0,0.0,0.0,0.0,0.0,1.0,0.0,0.002430555555555555,0.0,0.0,0.002430555555555555,Transit,Fishing - Trawler
700033522,VESSEL_STR_008,SG,transit,1.0,trawler,0.9999999848496723,0.0,0.0,0.0,0.0,0.0,0.0,0.0,1.0,0.0,0.002430555555555555,0.0,0.0,0.002430555555555555,Transit,Fishing - Trawler
700033522,VESSEL_STR_008,SG,transit,0.9983333333333333,trawler,0.9999999848496244,0.0016666666666666668,0.0,0.0,0.0,0.0,0.0,0.0,0.9983333333333333,0.0,0.002430555555555555,0.0,0.0,0.002430555555555555,Transit,Fishing - Trawler
700033522,VESSEL_STR_008,SG,transit,1.0,trawler,0.9999999848496244,0.0,0.0,0.0,0.0,0.0,0.0,0.0,1.0,0.0,0.002430555555555555,0.0,0.0,0.002430555555555555,Transit,Fishing - Trawler
700033522,VESSEL_STR_008,SG,transit,1.0,trawler,0.9999999848496244,0.0,0.0,0.0,0.0,0.0,0.0,0.0,1.0,0.0,0.002430555555555555,0.0,0.0,0.002430555555555555,Transit,Fishing - Trawler
700033522,VESSEL_STR_008,SG,transit,1.0,trawler,0.9999999848496244,0.0,0.0,0.0,0.0,0.0,0.0,0.0,1.0,0.0,0.002430555555555555,0.0,0.0,0.002430555555555555,Transit,Fishing - Trawler
700033522,VESSEL_STR_008,SG,transit,1.0,trawler,0.9999999848496723,0.0,0.0,0.0,0.0,0.0,0.0,0.0,1.0,0.0,0.002430555555555555,0.0,0.0,0.002430555555555555,Transit,Fishing - Trawler
700033522,VESSEL_STR_008,SG,transit,1.0,trawler,0.9999999848496244,0.0,0.0,0.0,0.0,0.0,0.0,0.0,1.0,0.0,0.002430555555555555,0.0,0.0,0.002430555555555555,Transit,Fishing - Trawler
700033522,VESSEL_STR_008,SG,transit,1.0,trawler,0.9999999848496244,0.0,0.0,0.0,0.0,0.0,0.0,0.0,1.0,0.0,0.002430555555555555,0.0,0.0,0.002430555555555555,Transit,Fishing - Trawler
700033522,VESSEL_STR_008,SG,transit,0.9983333333333333,trawler,0.9999999848496244,0.0016666666666666668,0.0,0.0,0.0,0.0,0.0,0.0,0.9983333333333333,0.0,0.002430555555555555,0.0,0.0,0.002430555555555555,Transit,Fishing - Trawler
700033522,VESSEL_STR_008,SG,transit,1.0,trawler,0.9999999848496244,0.0,0.0,0.0,0.0,0.0,0.0,0.0,1.0,0.0,0.002430555555555555,0.0,0.0,0.002430555555555555,Transit,Fishing - Trawler
700033522,VESSEL_STR_008,SG,transit,1.0,trawler,0.9999999848496244,0.0,0.0,0.0,0.0,0.0,0.0,0.0,1.0,0.0,0.002430555555555555,0.0,0.0,0.002430555555555555,Transit,Fishing - Trawler
700033522,VESSEL_STR_008,SG,transit,1.0,trawler,0.9999999848496244,0.0,0.0,0.0,0.0,0.0,0.0,0.0,1.0,0.0,0.002430555555555555,0.0,0.0,0.002430555555555555,Transit,Fishing - Trawler
700033522,VESSEL_STR_008,SG,transit,1.0,trawler,0.9999999848496244,0.0,0.0,0.0,0.0,0.0,0.0,0.0,1.0,0.0,0.002430555555555555,0.0,0.0,0.002430555555555555,Transit,Fishing - Trawler
700033522,VESSEL_STR_008,SG,transit,1.0,trawler,0.9999999848496244,0.0,0.0,0.0,0.0,0.0,0.0,0.0,1.0,0.0,0.002430555555555555,0.0,0.0,0.002430555555555555,Transit,Fishing - Trawler
700033522,VESSEL_STR_008,SG,transit,1.0,trawler,0.9999999848496244,0.0,0.0,0.0,0.0,0.0,0.0,0.0,1.0,0.0,0.002430555555555555,0.0,0.0,0.002430555555555555,Transit,Fishing - Trawler
700033522,VESSEL_STR_008,SG,transit,0.9966666666666667,trawler,0.9999999848496244,0.0,0.0,0.0,0.0,0.0033333333333333335,0.0,0.0,0.9966666666666667,0.0,0.002430555555555555,0.0,0.0,0.002430555555555555,Transit,Fishing - Trawler
700033522,VESSEL_STR_008,SG,transit,1.0,trawler,0.9999999848496244,0.0,0.0,0.0,0.0,0.0,0.0,0.0,1.0,0.0,0.002430555555555555,0.0,0.0,0.002430555555555555,Transit,Fishing - Trawler
700033522,VESSEL_STR_008,SG,transit,1.0,trawler,0.9999999848496244,0.0,0.0,0.0,0.0,0.0,0.0,0.0,1.0,0.0,0.002430555555555555,0.0,0.0,0.002430555555555555,Transit,Fishing - Trawler
700033522,VESSEL_STR_008,SG,transit,1.0,trawler,0.9999999848496244,0.0,0.0,0.0,0.0,0.0,0.0,0.0,1.0,0.0,0.002430555555555555,0.0,0.0,0.002430555555555555,Transit,Fishing - Trawler
700033522,VESSEL_STR_008,SG,transit,1.0,trawler,0.9999999848496723,0.0,0.0,0.0,0.0,0.0,0.0,0.0,1.0,0.0,0.002430555555555555,0.0,0.0,0.002430555555555555,Transit,Fishing - Trawler
700033523,VESSEL_STR_009,CN,transit,0.9983333333333333,longliner,0.9999999804556402,0.0016666666666666668,0.0,0.0,0.0,0.0,0.0,0.0,0.9983333333333333,0.0,0.002430555555555555,0.0,0.0,0.002430555555555555,Transit,Fishing - Longliner
700033523,VESSEL_STR_009,CN,transit,1.0,longliner,0.9999999804556402,0.0,0.0,0.0,0.0,0.0,0.0,0.0,1.0,0.0,0.002430555555555555,0.0,0.0,0.002430555555555555,Transit,Fishing - Longliner
700033523,VESSEL_STR_009,CN,transit,0.9925,longliner,0.9999999804601579,0.0005555555555555556,0.0033333333333333335,0.0,0.0,0.0,0.003611111111111111,0.0,0.9925,0.0,0.002430555555555555,0.0,0.0,0.002430555555555555,Transit,Fishing - Longliner
700033523,VESSEL_STR_009,CN,transit,1.0,longliner,0.9999999803298426,0.0,0.0,0.0,0.0,0.0,0.0,0.0,1.0,0.0,0.002430555555555555,0.0,0.0,0.002430555555555555,Transit,Fishing - Longliner
700033523,VESSEL_STR_009,CN,transit,1.0,longliner,0.9999999804556402,0.0,0.0,0.0,0.0,0.0,0.0,0.0,1.0,0.0,0.002430555555555555,0.0,0.0,0.002430555555555555,Transit,Fishing - Longliner
700033523,VESSEL_STR_009,CN,transit,1.0,longliner,0.9999999804556402,0.0,0.0,0.0,0.0,0.0,0.0,0.0,1.0,0.0,0.002430555555555555,0.0,0.0,0.002430555555555555,Transit,Fishing - Longliner
700033523,VESSEL_STR_009,CN,transit,1.0,longliner,0.9999999804556402,0.0,0.0,0.0,0.0,0.0,0.0,0.0,1.0,0.0,0.002430555555555555,0.0,0.0,0.002430555555555555,Transit,Fishing - Longliner
700033523,VESSEL_STR_009,CN,transit,0.9983333333333333,longliner,0.9999999804556402,0.0,0.0,0.0,0.0,0.0,0.0016666666666666668,0.0,0.9983333333333333,0.0,0.002430555555555555,0.0,0.0,0.002430555555555555,Transit,Fishing - Longliner
700033523,VESSEL_STR_009,CN,transit,1.0,longliner,0.9999999804556402,0.0,0.0,0.0,0.0,0.0,0.0,0.0,1.0,0.0,0.002430555555555555,0.0,0.0,0.002430555555555555,Transit,Fishing - Longliner
700033523,VESSEL_STR_009,CN,transit,0.9838888888888889,longliner,0.9999999803245504,0.004166666666666667,0.0,0.0,0.011944444444444443,0.0,0.0,0.0,0.9838888888888889,0.0,0.002430555555555555,0.0,0.0,0.002430555555555555,Transit,Fishing - Longliner
700033523,VESSEL_STR_009,CN,fishing,0.903888888888889,longliner,0.9999999779605677,0.0,0.0,0.0,0.903888888888889,0.0016666666666666668,0.008888888888888889,0.0025,0.07694444444444443,0.0061111111111111106,0.002430555555555555,0.6,0.0,0.6,Fishing,Fishing - Longliner
700033523,VESSEL_STR_009,CN,fishing,0.9983333333333333,longliner,0.9999999790695999,0.0,0.0,0.0,0.9983333333333333,0.0,0.0,0.0,0.0,0.0016666666666666668,0.002430555555555555,0.6,0.0,0.6,Fishing,Fishing - Longliner
700033523,VESSEL_STR_009,CN,fishing,1.0,longliner,0.9999999793150707,0.0,0.0,0.0,1.0,0.0,0.0,0.0,0.0,0.0,0.002430555555555555,0.6,0.0,0.6,Fishing,Fishing - Longliner
700033523,VESSEL_STR_009,CN,fishing,0.9975555555555556,longliner,0.9999999793150707,0.0,0.0,0.0,0.9975555555555556,0.002444444444444445,0.0,0.0,0.0,0.0,0.002430555555555555,0.6,0.0,0.6,Fishing,Fishing - Longliner
700033523,VESSEL_STR_009,CN,fishing,0.9983333333333333,longliner,0.9999999793136536,0.0,0.0,0.0,0.9983333333333333,0.0016666666666666668,0.0,0.0,0.0,0.0,0.002430555555555555,0.6,0.0,0.6,Fishing,Fishing - Longliner
700033523,VESSEL_STR_009,CN,fishing,1.0,longliner,0.9999999802321877,0.0,0.0,0.0,1.0,0.0,0.0,0.0,0.0,0.0,0.002430555555555555,0.6,0.0,0.6,Fishing,Fishing - Longliner
700033523,VESSEL_STR_009,CN,fishing,1.0,longliner,0.9999999807594299,0.0,0.0,0.0,1.0,0.0,0.0,0.0,0.0,0.0,0.002430555555555555,0.6,0.0,0.6,Fishing,Fishing - Longliner
700033523,VESSEL_STR_009,CN,fishing,0.97625,longliner,0.9999999807594299,0.0033333333333333335,0.007083333333333333,0.0033333333333333335,0.97625,0.003611111111111111,0.0,0.0,0.006388888888888888,0.0,0.002430555555555555,0.6,0.0,0.6,Fishing,Fishing - Longliner
700033523,VESSEL_STR_009,CN,fishing,1.0,longliner,0.9999999802321877,0.0,0.0,0.0,1.0,0.0,0.0,0.0,0.0,0.0,0.002430555555555555,0.6,0.0,0.6,Fishing,Fishing - Longliner
700033523,VESSEL_STR_009,CN,fishing,1.0,longliner,0.9999999807594299,0.0,0.0,0.0,1.0,0.0,0.0,0.0,0.0,0.0,0.002430555555555555,0.6,0.0,0.6,Fishing,Fishing - Longliner
700033523,VESSEL_STR_009,CN,fishing,1.0,longliner,0.9999999807594299,0.0,0.0,0.0,1.0,0.0,0.0,0.0,0.0,0.0,0.002430555555555555,0.6,0.0,0.6,Fishing,Fishing - Longliner
700033523,VESSEL_STR_009,CN,fishing,0.9991666666666666,longliner,0.9999999802321877,0.0,0.0008333333333333334,0.0,0.9991666666666666,0.0,0.0,0.0,0.0,0.0,0.002430555555555555,0.6,0.0,0.6,Fishing,Fishing - Longliner
700033523,VESSEL_STR_009,CN,fishing,1.0,longliner,0.9999999807594299,0.0,0.0,0.0,1.0,0.0,0.0,0.0,0.0,0.0,0.002430555555555555,0.6,0.0,0.6,Fishing,Fishing - Longliner
700033523,VESSEL_STR_009,CN,fishing,1.0,longliner,0.9999999789906735,0.0,0.0,0.0,1.0,0.0,0.0,0.0,0.0,0.0,0.002430555555555555,0.6,0.0,0.6,Fishing,Fishing - Longliner
700033523,VESSEL_STR_009,CN,fishing,0.9983333333333333,longliner,0.999999978992121,0.0,0.0,0.0,0.9983333333333333,0.0,0.0,0.0,0.0,0.0016666666666666668,0.002430555555555555,0.6,0.0,0.6,Fishing,Fishing - Longliner
700033523,VESSEL_STR_009,CN,fishing,1.0,longliner,0.9999999807594299,0.0,0.0,0.0,1.0,0.0,0.0,0.0,0.0,0.0,0.002430555555555555,0.6,0.0,0.6,Fishing,Fishing - Longliner
700033523,VESSEL_STR_009,CN,fishing,0.9991666666666666,longliner,0.9999999807594299,0.0,0.0008333333333333334,0.0,0.9991666666666666,0.0,0.0,0.0,0.0,0.0,0.002430555555555555,0.6,0.0,0.6,Fishing,Fishing - Longliner
700033523,VESSEL_STR_009,CN,fishing,0.9786666666666669,longliner,0.9999999807595349,0.007333333333333334,0.0011111111111111111,0.0,0.9786666666666669,0.005888888888888889,0.0,0.006333333333333333,0.0,0.0006666666666666668,0.002430555555555555,0.6,0.0,0.6,Fishing,Fishing - Longliner
700033523,VESSEL_STR_009,CN,fishing,1.0,longliner,0.9999999807607097,0.0,0.0,0.0,1.0,0.0,0.0,0.0,0.0,0.0,0.002430555555555555,0.6,0.0,0.6,Fishing,Fishing - Longliner
700033523,VESSEL_STR_009,CN,fishing,1.0,longliner,0.9999999807594299,0.0,0.0,0.0,1.0,0.0,0.0,0.0,0.0,0.0,0.002430555555555555,0.6,0.0,0.6,Fishing,Fishing - Longliner
700033523,VESSEL_STR_009,CN,fishing,0.9933333333333333,longliner,0.9999999796403383,0.0,0.0,0.0,0.9933333333333333,0.0044444444444444444,0.0,0.0,0.0,0.0022222222222222222,0.002430555555555555,0.6,0.0,0.6,Fishing,Fishing - Longliner
700033523,VESSEL_STR_009,CN,transit,0.9733989898989899,longliner,0.9999999789854344,0.0,0.004356060606060606,0.0,0.012661616161616162,7.575757575757576e-05,0.0,0.009507575757575758,0.9733989898989899,0.0,0.002430555555555555,0.0,0.0,0.002430555555555555,Transit,Fishing - Longliner
700033523,VESSEL_STR_009,CN,transit,1.0,longliner,0.9999999804551473,0.0,0.0,0.0,0.0,0.0,0.0,0.0,1.0,0.0,0.002430555555555555,0.0,0.0,0.002430555555555555,Transit,Fishing - Longliner
700033523,VESSEL_STR_009,CN,transit,0.885526455026455,longliner,0.999999980357107,0.006111111111111111,0.0,0.002,0.0903068783068783,0.0013333333333333335,0.01472222222222222,0.0,0.885526455026455,0.0,0.002430555555555555,0.0,0.0,0.002430555555555555,Transit,Fishing - Longliner
700033523,VESSEL_STR_009,CN,fishing,0.9916666666666667,longliner,0.9999999803582772,0.0,0.0,0.0,0.9916666666666667,0.0016666666666666668,0.0,0.0,0.005555555555555556,0.0011111111111111111,0.002430555555555555,0.6,0.0,0.6,Fishing,Fishing - Longliner
700033523,VESSEL_STR_009,CN,fishing,0.9902777777777779,longliner,0.9999999796651957,0.0,0.0,0.0,0.9902777777777779,0.009722222222222222,0.0,0.0,0.0,0.0,0.002430555555555555,0.6,0.0,0.6,Fishing,Fishing - Longliner
700033523,VESSEL_STR_009,CN,fishing,0.9977777777777779,longliner,0.9999999807594299,0.0,0.0,0.0,0.9977777777777779,0.0022222222222222222,0.0,0.0,0.0,0.0,0.002430555555555555,0.6,0.0,0.6,Fishing,Fishing - Longliner
700033523,VESSEL_STR_009,CN,fishing,0.9983333333333333,longliner,0.9999999807594299,0.0,0.0,0.0016666666666666668,0.9983333333333333,0.0,0.0,0.0,0.0,0.0,0.002430555555555555,0.6,0.0,0.6,Fishing,Fishing - Longliner
700033523,VESSEL_STR_009,CN,fishing,1.0,longliner,0.9999999807594299,0.0,0.0,0.0,1.0,0.0,0.0,0.0,0.0,0.0,0.002430555555555555,0.6,0.0,0.6,Fishing,Fishing - Longliner
700033523,VESSEL_STR_009,CN,fishing,1.0,longliner,0.9999999807594299,0.0,0.0,0.0,1.0,0.0,0.0,0.0,0.0,0.0,0.002430555555555555,0.6,0.0,0.6,Fishing,Fishing - Longliner
700033523,VESSEL_STR_009,CN,fishing,1.0,longliner,0.9999999802321877,0.0,0.0,0.0,1.0,0.0,0.0,0.0,0.0,0.0,0.002430555555555555,0.6,0.0,0.6,Fishing,Fishing - Longliner
700033523,VESSEL_STR_009,CN,fishing,0.9983333333333333,longliner,0.9999999802321877,0.0,0.0,0.0,0.9983333333333333,0.0016666666666666668,0.0,0.0,0.0,0.0,0.002430555555555555,0.6,0.0,0.6,Fishing,Fishing - Longliner
700033523,VESSEL_STR_009,CN,fishing,0.9737222222222223,longliner,0.9999999803503185,0.0,0.0,0.0033333333333333335,0.9737222222222223,0.0016666666666666668,0.0,0.0,0.017666666666666667,0.003611111111111111,0.002430555555555555,0.6,0.0,0.6,Fishing,Fishing - Longliner
700033523,VESSEL_STR_009,CN,transit,0.9466212121212122,longliner,0.9999999797133781,0.0016666666666666668,0.003356060606060606,0.0,0.006383838383838383,7.575757575757576e-05,0.0,0.041896464646464654,0.9466212121212122,0.0,0.002430555555555555,0.0,0.0,0.002430555555555555,Transit,Fishing - Longliner
700033523,VESSEL_STR_009,CN,transit,1.0,longliner,0.9999999803245504,0.0,0.0,0.0,0.0,0.0,0.0,0.0,1.0,0.0,0.002430555555555555,0.0,0.0,0.002430555555555555,Transit,Fishing - Longliner
700033523,VESSEL_STR_009,CN,transit,1.0,longliner,0.9999999804556402,0.0,0.0,0.0,0.0,0.0,0.0,0.0,1.0,0.0,0.002430555555555555,0.0,0.0,0.002430555555555555,Transit,Fishing - Longliner
700033523,VESSEL_STR_009,CN,transit,1.0,longliner,0.9999999804556402,0.0,0.0,0.0,0.0,0.0,0.0,0.0,1.0,0.0,0.002430555555555555,0.0,0.0,0.002430555555555555,Transit,Fishing - Longliner
700033523,VESSEL_STR_009,CN,transit,1.0,longliner,0.9999999804556402,0.0,0.0,0.0,0.0,0.0,0.0,0.0,1.0,0.0,0.002430555555555555,0.0,0.0,0.002430555555555555,Transit,Fishing - Longliner
700033523,VESSEL_STR_009,CN,transit,1.0,longliner,0.9999999804556402,0.0,0.0,0.0,0.0,0.0,0.0,0.0,1.0,0.0,0.002430555555555555,0.0,0.0,0.002430555555555555,Transit,Fishing - Longliner
700033523,VESSEL_STR_009,CN,transit,1.0,longliner,0.9999999804556402,0.0,0.0,0.0,0.0,0.0,0.0,0.0,1.0,0.0,0.002430555555555555,0.0,0.0,0.002430555555555555,Transit,Fishing - Longliner
700033523,VESSEL_STR_009,CN,transit,1.0,longliner,0.999999980455078,0.0,0.0,0.0,0.0,0.0,0.0,0.0,1.0,0.0,0.002430555555555555,0.0,0.0,0.002430555555555555,Transit,Fishing - Longliner
700033523,VESSEL_STR_009,CN,transit,1.0,longliner,0.9999999804556402,0.0,0.0,0.0,0.0,0.0,0.0,0.0,1.0,0.0,0.002430555555555555,0.0,0.0,0.002430555555555555,Transit,Fishing - Longliner
700033523,VESSEL_STR_009,CN,transit,1.0,longliner,0.9999999804556402,0.0,0.0,0.0,0.0,0.0,0.0,0.0,1.0,0.0,0.002430555555555555,0.0,0.0,0.002430555555555555,Transit,Fishing - Longliner
700033523,VESSEL_STR_009,CN,transit,1.0,longliner,0.9999999804557028,0.0,0.0,0.0,0.0,0.0,0.0,0.0,1.0,0.0,0.002430555555555555,0.0,0.0,0.002430555555555555,Transit,Fishing - Longliner
700033523,VESSEL_STR_009,CN,transit,1.0,longliner,0.9999999804557028,0.0,0.0,0.0,0.0,0.0,0.0,0.0,1.0,0.0,0.002430555555555555,0.0,0.0,0.002430555555555555,Transit,Fishing - Longliner
700033523,VESSEL_STR_009,CN,transit,1.0,longliner,0.9999999804556402,0.0,0.0,0.0,0.0,0.0,0.0,0.0,1.0,0.0,0.002430555555555555,0.0,0.0,0.002430555555555555,Transit,Fishing - Longliner
700033523,VESSEL_STR_009,CN,transit,1.0,longliner,0.9999999804556402,0.0,0.0,0.0,0.0,0.0,0.0,0.0,1.0,0.0,0.002430555555555555,0.0,0.0,0.002430555555555555,Transit,Fishing - Longliner
700033523,VESSEL_STR_009,CN,transit,1.0,longliner,0.9999999804556402,0.0,0.0,0.0,0.0,0.0,0.0,0.0,1.0,0.0,0.002430555555555555,0.0,0.0,0.002430555555555555,Transit,Fishing - Longliner
700033523,VESSEL_STR_009,CN,transit,1.0,longliner,0.999999980455078,0.0,0.0,0.0,0.0,0.0,0.0,0.0,1.0,0.0,0.002430555555555555,0.0,0.0,0.002430555555555555,Transit,Fishing - Longliner
700033523,VESSEL_STR_009,CN,transit,1.0,longliner,0.9999999804553069,0.0,0.0,0.0,0.0,0.0,0.0,0.0,1.0,0.0,0.002430555555555555,0.0,0.0,0.002430555555555555,Transit,Fishing - Longliner
700033523,VESSEL_STR_009,CN,transit,1.0,longliner,0.9999999804557028,0.0,0.0,0.0,0.0,0.0,0.0,0.0,1.0,0.0,0.002430555555555555,0.0,0.0,0.002430555555555555,Transit,Fishing - Longliner
700033523,VESSEL_STR_009,CN,transit,1.0,longliner,0.9999999804556402,0.0,0.0,0.0,0.0,0.0,0.0,0.0,1.0,0.0,0.002430555555555555,0.0,0.0,0.002430555555555555,Transit,Fishing - Longliner
700033523,VESSEL_STR_009,CN,transit,1.0,longliner,0.9999999804556402,0.0,0.0,0.0,0.0,0.0,0.0,0.0,1.0,0.0,0.002430555555555555,0.0,0.0,0.002430555555555555,Transit,Fishing - Longliner
700033523,VESSEL_STR_009,CN,transit,1.0,longliner,0.9999999804556402,0.0,0.0,0.0,0.0,0.0,0.0,0.0,1.0,0.0,0.002430555555555555,0.0,0.0,0.002430555555555555,Transit,Fishing - Longliner
700033523,VESSEL_STR_009,CN,transit,1.0,longliner,0.9999999804556402,0.0,0.0,0.0,0.0,0.0,0.0,0.0,1.0,0.0,0.002430555555555555,0.0,0.0,0.002430555555555555,Transit,Fishing - Longliner
700033523,VESSEL_STR_009,CN,transit,1.0,longliner,0.9999999804556402,0.0,0.0,0.0,0.0,0.0,0.0,0.0,1.0,0.0,0.002430555555555555,0.0,0.0,0.002430555555555555,Transit,Fishing - Longliner
700033523,VESSEL_STR_009,CN,transit,1.0,longliner,0.9999999804602203,0.0,0.0,0.0,0.0,0.0,0.0,0.0,1.0,0.0,0.002430555555555555,0.0,0.0,0.002430555555555555,Transit,Fishing - Longliner
700033523,VESSEL_STR_009,CN,transit,1.0,longliner,0.9999999804602203,0.0,0.0,0.0,0.0,0.0,0.0,0.0,1.0,0.0,0.002430555555555555,0.0,0.0,0.002430555555555555,Transit,Fishing - Longliner
700033523,VESSEL_STR_009,CN,transit,1.0,longliner,0.9999999804556402,0.0,0.0,0.0,0.0,0.0,0.0,0.0,1.0,0.0,0.002430555555555555,0.0,0.0,0.002430555555555555,Transit,Fishing - Longliner
700033523,VESSEL_STR_009,CN,transit,1.0,longliner,0.9999999804556402,0.0,0.0,0.0,0.0,0.0,0.0,0.0,1.0,0.0,0.002430555555555555,0.0,0.0,0.002430555555555555,Transit,Fishing - Longliner
700033523,VESSEL_STR_009,CN,transit,1.0,longliner,0.9999999804556402,0.0,0.0,0.0,0.0,0.0,0.0,0.0,1.0,0.0,0.002430555555555555,0.0,0.0,0.002430555555555555,Transit,Fishing - Longliner
700033523,VESSEL_STR_009,CN,transit,1.0,longliner,0.9999999804557028,0.0,0.0,0.0,0.0,0.0,0.0,0.0,1.0,0.0,0.002430555555555555,0.0,0.0,0.002430555555555555,Transit,Fishing - Longliner
700033523,VESSEL_STR_009,CN,transit,1.0,longliner,0.9999999803250953,0.0,0.0,0.0,0.0,0.0,0.0,0.0,1.0,0.0,0.002430555555555555,0.0,0.0,0.002430555555555555,Transit,Fishing - Longliner
700033523,VESSEL_STR_009,CN,transit,1.0,longliner,0.9999999804806056,0.0,0.0,0.0,0.0,0.0,0.0,0.0,1.0,0.0,0.002430555555555555,0.0,0.0,0.002430555555555555,Transit,Fishing - Longliner
700033523,VESSEL_STR_009,CN,transit,1.0,longliner,0.9999999804556402,0.0,0.0,0.0,0.0,0.0,0.0,0.0,1.0,0.0,0.002430555555555555,0.0,0.0,0.002430555555555555,Transit,Fishing - Longliner
700033523,VESSEL_STR_009,CN,transit,1.0,longliner,0.9999999804556402,0.0,0.0,0.0,0.0,0.0,0.0,0.0,1.0,0.0,0.002430555555555555,0.0,0.0,0.002430555555555555,Transit,Fishing - Longliner
700033523,VESSEL_STR_009,CN,transit,1.0,longliner,0.9999999804556402,0.0,0.0,0.0,0.0,0.0,0.0,0.0,1.0,0.0,0.002430555555555555,0.0,0.0,0.002430555555555555,Transit,Fishing - Longliner
700033523,VESSEL_STR_009,CN,transit,1.0,longliner,0.9999999804556402,0.0,0.0,0.0,0.0,0.0,0.0,0.0,1.0,0.0,0.002430555555555555,0.0,0.0,0.002430555555555555,Transit,Fishing - Longliner
700033523,VESSEL_STR_009,CN,transit,1.0,longliner,0.9999999804556402,0.0,0.0,0.0,0.0,0.0,0.0,0.0,1.0,0.0,0.002430555555555555,0.0,0.0,0.002430555555555555,Transit,Fishing - Longliner
700033523,VESSEL_STR_009,CN,transit,1.0,longliner,0.9999999804556402,0.0,0.0,0.0,0.0,0.0,0.0,0.0,1.0,0.0,0.002430555555555555,0.0,0.0,0.002430555555555555,Transit,Fishing - Longliner
700033523,VESSEL_STR_009,CN,transit,1.0,longliner,0.9999999804556402,0.0,0.0,0.0,0.0,0.0,0.0,0.0,1.0,0.0,0.002430555555555555,0.0,0.0,0.002430555555555555,Transit,Fishing - Longliner
700033523,VESSEL_STR_009,CN,transit,1.0,longliner,0.9999999804557028,0.0,0.0,0.0,0.0,0.0,0.0,0.0,1.0,0.0,0.002430555555555555,0.0,0.0,0.002430555555555555,Transit,Fishing - Longliner
700033523,VESSEL_STR_009,CN,transit,1.0,longliner,0.9999999804557028,0.0,0.0,0.0,0.0,0.0,0.0,0.0,1.0,0.0,0.002430555555555555,0.0,0.0,0.002430555555555555,Transit,Fishing - Longliner
700033523,VESSEL_STR_009,CN,transit,1.0,longliner,0.9999999804601579,0.0,0.0,0.0,0.0,0.0,0.0,0.0,1.0,0.0,0.002430555555555555,0.0,0.0,0.002430555555555555,Transit,Fishing - Longliner
700033523,VESSEL_STR_009,CN,transit,1.0,longliner,0.9999999803298426,0.0,0.0,0.0,0.0,0.0,0.0,0.0,1.0,0.0,0.002430555555555555,0.0,0.0,0.002430555555555555,Transit,Fishing - Longliner
700033524,VESSEL_STR_010,CN,transit,1.0,purse_seiner,0.9999871740365559,0.0,0.0,0.0,0.0,0.0,0.0,0.0,1.0,0.0,0.002430555555555555,0.0,0.0,0.002430555555555555,Transit,Fishing - Purse Seiner
700033524,VESSEL_STR_010,CN,transit,1.0,purse_seiner,0.9999871738256314,0.0,0.0,0.0,0.0,0.0,0.0,0.0,1.0,0.0,0.002430555555555555,0.0,0.0,0.002430555555555555,Transit,Fishing - Purse Seiner
700033524,VESSEL_STR_010,CN,transit,1.0,purse_seiner,0.9999871740234376,0.0,0.0,0.0,0.0,0.0,0.0,0.0,1.0,0.0,0.002430555555555555,0.0,0.0,0.002430555555555555,Transit,Fishing - Purse Seiner
700033524,VESSEL_STR_010,CN,transit,1.0,purse_seiner,0.9999871740365559,0.0,0.0,0.0,0.0,0.0,0.0,0.0,1.0,0.0,0.002430555555555555,0.0,0.0,0.002430555555555555,Transit,Fishing - Purse Seiner
700033524,VESSEL_STR_010,CN,transit,1.0,purse_seiner,0.9999871741786667,0.0,0.0,0.0,0.0,0.0,0.0,0.0,1.0,0.0,0.002430555555555555,0.0,0.0,0.002430555555555555,Transit,Fishing - Purse Seiner
700033524,VESSEL_STR_010,CN,transit,0.9966666666666667,purse_seiner,0.9999871740992036,0.0033333333333333335,0.0,0.0,0.0,0.0,0.0,0.0,0.9966666666666667,0.0,0.002430555555555555,0.0,0.0,0.002430555555555555,Transit,Fishing - Purse Seiner
700033524,VESSEL_STR_010,CN,transit,1.0,purse_seiner,0.9999870107558938,0.0,0.0,0.0,0.0,0.0,0.0,0.0,1.0,0.0,0.002430555555555555,0.0,0.0,0.002430555555555555,Transit,Fishing - Purse Seiner
700033524,VESSEL_STR_010,CN,transit,1.0,purse_seiner,0.9999871740365559,0.0,0.0,0.0,0.0,0.0,0.0,0.0,1.0,0.0,0.002430555555555555,0.0,0.0,0.002430555555555555,Transit,Fishing - Purse Seiner
700033524,VESSEL_STR_010,CN,transit,1.0,purse_seiner,0.9999870109406493,0.0,0.0,0.0,0.0,0.0,0.0,0.0,1.0,0.0,0.002430555555555555,0.0,0.0,0.002430555555555555,Transit,Fishing - Purse Seiner
700033524,VESSEL_STR_010,CN,fishing,0.6202012987012986,purse_seiner,0.9999866603006028,0.0016666666666666668,0.0001893939393939394,0.024444444444444442,0.6202012987012986,0.0011868686868686867,0.005,0.005063131313131314,0.34224819624819625,0.0,0.408125,0.6,0.0,0.6,Fishing,Fishing - Purse Seiner
700033524,VESSEL_STR_010,CN,fishing,0.9922222222222223,purse_seiner,0.9999868229778741,0.0,0.0,0.0,0.9922222222222223,0.0,0.0022222222222222222,0.0,0.0033333333333333335,0.0022222222222222222,0.002430555555555555,0.6,0.0,0.6,Fishing,Fishing - Purse Seiner
700033524,VESSEL_STR_010,CN,fishing,1.0,purse_seiner,0.9999868443601356,0.0,0.0,0.0,1.0,0.0,0.0,0.0,0.0,0.0,0.002430555555555555,0.6,0.0,0.6,Fishing,Fishing - Purse Seiner
700033524,VESSEL_STR_010,CN,fishing,1.0,purse_seiner,0.9999868229778741,0.0,0.0,0.0,1.0,0.0,0.0,0.0,0.0,0.0,0.002430555555555555,0.6,0.0,0.6,Fishing,Fishing - Purse Seiner
700033524,VESSEL_STR_010,CN,transit,0.8771767676767678,purse_seiner,0.9999869896090855,0.002666666666666667,0.0036338383838383837,0.0031111111111111114,0.07616161616161615,0.01240909090909091,0.005333333333333334,0.01950757575757576,0.8771767676767678,0.0,0.002430555555555555,0.0,0.0,0.002430555555555555,Transit,Fishing - Purse Seiner
700033524,VESSEL_STR_010,CN,transit,1.0,purse_seiner,0.9999871531766175,0.0,0.0,0.0,0.0,0.0,0.0,0.0,1.0,0.0,0.002430555555555555,0.0,0.0,0.002430555555555555,Transit,Fishing - Purse Seiner
700033524,VESSEL_STR_010,CN,transit,1.0,purse_seiner,0.9999871738256314,0.0,0.0,0.0,0.0,0.0,0.0,0.0,1.0,0.0,0.002430555555555555,0.0,0.0,0.002430555555555555,Transit,Fishing - Purse Seiner
700033524,VESSEL_STR_010,CN,transit,1.0,purse_seiner,0.9999871740234376,0.0,0.0,0.0,0.0,0.0,0.0,0.0,1.0,0.0,0.002430555555555555,0.0,0.0,0.002430555555555555,Transit,Fishing - Purse Seiner
700033524,VESSEL_STR_010,CN,transit,1.0,purse_seiner,0.9999871740234376,0.0,0.0,0.0,0.0,0.0,0.0,0.0,1.0,0.0,0.002430555555555555,0.0,0.0,0.002430555555555555,Transit,Fishing - Purse Seiner
700033524,VESSEL_STR_010,CN,transit,0.8147323232323234,purse_seiner,0.9999868229778741,0.0033333333333333335,0.0001893939393939394,0.008666666666666666,0.13977272727272727,0.009242424242424243,0.012055555555555554,0.012007575757575759,0.8147323232323234,0.0,0.002430555555555555,0.0,0.0,0.002430555555555555,Transit,Fishing - Purse Seiner
700033524,VESSEL_STR_010,CN,fishing,0.9605555555555556,purse_seiner,0.9999868229778741,0.0011111111111111111,0.0,0.0,0.9605555555555556,0.012777777777777779,0.0,0.0,0.02555555555555556,0.0,0.002430555555555555,0.6,0.0,0.6,Fishing,Fishing - Purse Seiner
700033524,VESSEL_STR_010,CN,fishing,1.0,purse_seiner,0.9999867703761244,0.0,0.0,0.0,1.0,0.0,0.0,0.0,0.0,0.0,0.002430555555555555,0.6,0.0,0.6,Fishing,Fishing - Purse Seiner
700033524,VESSEL_STR_010,CN,fishing,1.0,purse_seiner,0.9999867703761244,0.0,0.0,0.0,1.0,0.0,0.0,0.0,0.0,0.0,0.002430555555555555,0.6,0.0,0.6,Fishing,Fishing - Purse Seiner
700033524,VESSEL_STR_010,CN,fishing,1.0,purse_seiner,0.9999867703761244,0.0,0.0,0.0,1.0,0.0,0.0,0.0,0.0,0.0,0.002430555555555555,0.6,0.0,0.6,Fishing,Fishing - Purse Seiner
700033524,VESSEL_STR_010,CN,fishing,1.0,purse_seiner,0.9999867703761244,0.0,0.0,0.0,1.0,0.0,0.0,0.0,0.0,0.0,0.002430555555555555,0.6,0.0,0.6,Fishing,Fishing - Purse Seiner
700033524,VESSEL_STR_010,CN,fishing,1.0,purse_seiner,0.9999868443601356,0.0,0.0,0.0,1.0,0.0,0.0,0.0,0.0,0.0,0.002430555555555555,0.6,0.0,0.6,Fishing,Fishing - Purse Seiner
700033524,VESSEL_STR_010,CN,fishing,1.0,purse_seiner,0.9999868443601356,0.0,0.0,0.0,1.0,0.0,0.0,0.0,0.0,0.0,0.002430555555555555,0.6,0.0,0.6,Fishing,Fishing - Purse Seiner
700033524,VESSEL_STR_010,CN,fishing,1.0,purse_seiner,0.9999867703761244,0.0,0.0,0.0,1.0,0.0,0.0,0.0,0.0,0.0,0.002430555555555555,0.6,0.0,0.6,Fishing,Fishing - Purse Seiner
700033524,VESSEL_STR_010,CN,fishing,1.0,purse_seiner,0.9999867703761244,0.0,0.0,0.0,1.0,0.0,0.0,0.0,0.0,0.0,0.002430555555555555,0.6,0.0,0.6,Fishing,Fishing - Purse Seiner
700033524,VESSEL_STR_010,CN,fishing,1.0,purse_seiner,0.9999867703761244,0.0,0.0,0.0,1.0,0.0,0.0,0.0,0.0,0.0,0.002430555555555555,0.6,0.0,0.6,Fishing,Fishing - Purse Seiner
700033524,VESSEL_STR_010,CN,fishing,1.0,purse_seiner,0.9999867703919558,0.0,0.0,0.0,1.0,0.0,0.0,0.0,0.0,0.0,0.002430555555555555,0.6,0.0,0.6,Fishing,Fishing - Purse Seiner
700033524,VESSEL_STR_010,CN,fishing,1.0,purse_seiner,0.9999867703761244,0.0,0.0,0.0,1.0,0.0,0.0,0.0,0.0,0.0,0.002430555555555555,0.6,0.0,0.6,Fishing,Fishing - Purse Seiner
700033524,VESSEL_STR_010,CN,fishing,0.9958333333333333,purse_seiner,0.9999868229778741,0.0,0.0,0.0,0.9958333333333333,0.0,0.0,0.0,0.0035,0.0006666666666666668,0.002430555555555555,0.6,0.0,0.6,Fishing,Fishing - Purse Seiner
700033524,VESSEL_STR_010,CN,transit,0.9130101010101009,purse_seiner,0.9999868228027994,0.0033333333333333335,0.0001893939393939394,0.0033333333333333335,0.0674949494949495,7.575757575757576e-05,0.0,0.012563131313131312,0.9130101010101009,0.0,0.002430555555555555,0.0,0.0,0.002430555555555555,Transit,Fishing - Purse Seiner
700033524,VESSEL_STR_010,CN,transit,1.0,purse_seiner,0.9999871740365559,0.0,0.0,0.0,0.0,0.0,0.0,0.0,1.0,0.0,0.002430555555555555,0.0,0.0,0.002430555555555555,Transit,Fishing - Purse Seiner
700033524,VESSEL_STR_010,CN,transit,1.0,purse_seiner,0.9999870109273641,0.0,0.0,0.0,0.0,0.0,0.0,0.0,1.0,0.0,0.002430555555555555,0.0,0.0,0.002430555555555555,Transit,Fishing - Purse Seiner
700033524,VESSEL_STR_010,CN,transit,0.9938888888888889,purse_seiner,0.9999871740234376,0.0,0.005,0.0,0.0,0.0,0.0011111111111111111,0.0,0.9938888888888889,0.0,0.002430555555555555,0.0,0.0,0.002430555555555555,Transit,Fishing - Purse Seiner
700033524,VESSEL_STR_010,CN,transit,1.0,purse_seiner,0.9999870109273641,0.0,0.0,0.0,0.0,0.0,0.0,0.0,1.0,0.0,0.002430555555555555,0.0,0.0,0.002430555555555555,Transit,Fishing - Purse Seiner
700033524,VESSEL_STR_010,CN,transit,1.0,purse_seiner,0.9999870109406493,0.0,0.0,0.0,0.0,0.0,0.0,0.0,1.0,0.0,0.002430555555555555,0.0,0.0,0.002430555555555555,Transit,Fishing - Purse Seiner
700033524,VESSEL_STR_010,CN,transit,1.0,purse_seiner,0.9999871740234376,0.0,0.0,0.0,0.0,0.0,0.0,0.0,1.0,0.0,0.002430555555555555,0.0,0.0,0.002430555555555555,Transit,Fishing - Purse Seiner
700033524,VESSEL_STR_010,CN,transit,1.0,purse_seiner,0.9999871740234376,0.0,0.0,0.0,0.0,0.0,0.0,0.0,1.0,0.0,0.002430555555555555,0.0,0.0,0.002430555555555555,Transit,Fishing - Purse Seiner
700033524,VESSEL_STR_010,CN,transit,1.0,purse_seiner,0.9999871740234376,0.0,0.0,0.0,0.0,0.0,0.0,0.0,1.0,0.0,0.002430555555555555,0.0,0.0,0.002430555555555555,Transit,Fishing - Purse Seiner
700033524,VESSEL_STR_010,CN,transit,1.0,purse_seiner,0.9999871740388074,0.0,0.0,0.0,0.0,0.0,0.0,0.0,1.0,0.0,0.002430555555555555,0.0,0.0,0.002430555555555555,Transit,Fishing - Purse Seiner
700033524,VESSEL_STR_010,CN,transit,1.0,purse_seiner,0.9999871738410014,0.0,0.0,0.0,0.0,0.0,0.0,0.0,1.0,0.0,0.002430555555555555,0.0,0.0,0.002430555555555555,Transit,Fishing - Purse Seiner
700033524,VESSEL_STR_010,CN,transit,1.0,purse_seiner,0.9999871738410014,0.0,0.0,0.0,0.0,0.0,0.0,0.0,1.0,0.0,0.002430555555555555,0.0,0.0,0.002430555555555555,Transit,Fishing - Purse Seiner
700033524,VESSEL_STR_010,CN,transit,1.0,purse_seiner,0.9999871738410014,0.0,0.0,0.0,0.0,0.0,0.0,0.0,1.0,0.0,0.002430555555555555,0.0,0.0,0.002430555555555555,Transit,Fishing - Purse Seiner
700033524,VESSEL_STR_010,CN,transit,1.0,purse_seiner,0.9999870109273641,0.0,0.0,0.0,0.0,0.0,0.0,0.0,1.0,0.0,0.002430555555555555,0.0,0.0,0.002430555555555555,Transit,Fishing - Purse Seiner
700033524,VESSEL_STR_010,CN,transit,0.9983333333333333,purse_seiner,0.9999871740234376,0.0016666666666666668,0.0,0.0,0.0,0.0,0.0,0.0,0.9983333333333333,0.0,0.002430555555555555,0.0,0.0,0.002430555555555555,Transit,Fishing - Purse Seiner
700033524,VESSEL_STR_010,CN,transit,0.9983333333333333,purse_seiner,0.9999871740234376,0.0016666666666666668,0.0,0.0,0.0,0.0,0.0,0.0,0.9983333333333333,0.0,0.002430555555555555,0.0,0.0,0.002430555555555555,Transit,Fishing - Purse Seiner
700033524,VESSEL_STR_010,CN,transit,1.0,purse_seiner,0.9999871740234376,0.0,0.0,0.0,0.0,0.0,0.0,0.0,1.0,0.0,0.002430555555555555,0.0,0.0,0.002430555555555555,Transit,Fishing - Purse Seiner
700033524,VESSEL_STR_010,CN,transit,0.9977777777777778,purse_seiner,0.9999871740234376,0.0,0.0,0.0,0.0,0.0,0.0,0.0022222222222222222,0.9977777777777778,0.0,0.002430555555555555,0.0,0.0,0.002430555555555555,Transit,Fishing - Purse Seiner
700033524,VESSEL_STR_010,CN,transit,0.9972222222222222,purse_seiner,0.9999871742816359,0.0,0.0011111111111111111,0.0,0.0,0.0,0.0,0.0016666666666666668,0.9972222222222222,0.0,0.002430555555555555,0.0,0.0,0.002430555555555555,Transit,Fishing - Purse Seiner
700033524,VESSEL_STR_010,CN,transit,0.9872222222222221,purse_seiner,0.9999871742816359,0.005,0.0022222222222222222,0.0,0.0044444444444444444,0.0,0.0011111111111111111,0.0,0.9872222222222221,0.0,0.002430555555555555,0.0,0.0,0.002430555555555555,Transit,Fishing - Purse Seiner
700033524,VESSEL_STR_010,CN,transit,1.0,purse_seiner,0.9999871740234376,0.0,0.0,0.0,0.0,0.0,0.0,0.0,1.0,0.0,0.002430555555555555,0.0,0.0,0.002430555555555555,Transit,Fishing - Purse Seiner
700033524,VESSEL_STR_010,CN,transit,1.0,purse_seiner,0.9999871740234376,0.0,0.0,0.0,0.0,0.0,0.0,0.0,1.0,0.0,0.002430555555555555,0.0,0.0,0.002430555555555555,Transit,Fishing - Purse Seiner
700033524,VESSEL_STR_010,CN,transit,1.0,purse_seiner,0.9999871740234376,0.0,0.0,0.0,0.0,0.0,0.0,0.0,1.0,0.0,0.002430555555555555,0.0,0.0,0.002430555555555555,Transit,Fishing - Purse Seiner
700033524,VESSEL_STR_010,CN,transit,0.9983333333333333,purse_seiner,0.9999870109406493,0.0016666666666666668,0.0,0.0,0.0,0.0,0.0,0.0,0.9983333333333333,0.0,0.002430555555555555,0.0,0.0,0.002430555555555555,Transit,Fishing - Purse Seiner
700033524,VESSEL_STR_010,CN,transit,1.0,purse_seiner,0.9999870109273641,0.0,0.0,0.0,0.0,0.0,0.0,0.0,1.0,0.0,0.002430555555555555,0.0,0.0,0.002430555555555555,Transit,Fishing - Purse Seiner
700033524,VESSEL_STR_010,CN,transit,1.0,purse_seiner,0.9999871740234376,0.0,0.0,0.0,0.0,0.0,0.0,0.0,1.0,0.0,0.002430555555555555,0.0,0.0,0.002430555555555555,Transit,Fishing - Purse Seiner
700033524,VESSEL_STR_010,CN,transit,1.0,purse_seiner,0.9999871740234376,0.0,0.0,0.0,0.0,0.0,0.0,0.0,1.0,0.0,0.002430555555555555,0.0,0.0,0.002430555555555555,Transit,Fishing - Purse Seiner
700033524,VESSEL_STR_010,CN,transit,1.0,purse_seiner,0.9999870109273641,0.0,0.0,0.0,0.0,0.0,0.0,0.0,1.0,0.0,0.002430555555555555,0.0,0.0,0.002430555555555555,Transit,Fishing - Purse Seiner
700033524,VESSEL_STR_010,CN,transit,0.9763888888888888,purse_seiner,0.9999871740234376,0.0,0.0,0.0,0.01361111111111111,0.0,0.005,0.005,0.9763888888888888,0.0,0.002430555555555555,0.0,0.0,0.002430555555555555,Transit,Fishing - Purse Seiner
700033524,VESSEL_STR_010,CN,transit,1.0,purse_seiner,0.9999871740234376,0.0,0.0,0.0,0.0,0.0,0.0,0.0,1.0,0.0,0.002430555555555555,0.0,0.0,0.002430555555555555,Transit,Fishing - Purse Seiner
700033524,VESSEL_STR_010,CN,transit,1.0,purse_seiner,0.999987174150179,0.0,0.0,0.0,0.0,0.0,0.0,0.0,1.0,0.0,0.002430555555555555,0.0,0.0,0.002430555555555555,Transit,Fishing - Purse Seiner
700033524,VESSEL_STR_010,CN,transit,1.0,purse_seiner,0.9999870107270429,0.0,0.0,0.0,0.0,0.0,0.0,0.0,1.0,0.0,0.002430555555555555,0.0,0.0,0.002430555555555555,Transit,Fishing - Purse Seiner
700033524,VESSEL_STR_010,CN,transit,1.0,purse_seiner,0.9999871738410014,0.0,0.0,0.0,0.0,0.0,0.0,0.0,1.0,0.0,0.002430555555555555,0.0,0.0,0.002430555555555555,Transit,Fishing - Purse Seiner
700033524,VESSEL_STR_010,CN,transit,1.0,purse_seiner,0.9999871738410014,0.0,0.0,0.0,0.0,0.0,0.0,0.0,1.0,0.0,0.002430555555555555,0.0,0.0,0.002430555555555555,Transit,Fishing - Purse Seiner
700033524,VESSEL_STR_010,CN,transit,1.0,purse_seiner,0.9999870109406493,0.0,0.0,0.0,0.0,0.0,0.0,0.0,1.0,0.0,0.002430555555555555,0.0,0.0,0.002430555555555555,Transit,Fishing - Purse Seiner
700033524,VESSEL_STR_010,CN,transit,1.0,purse_seiner,0.9999870109273641,0.0,0.0,0.0,0.0,0.0,0.0,0.0,1.0,0.0,0.002430555555555555,0.0,0.0,0.002430555555555555,Transit,Fishing - Purse Seiner
700033524,VESSEL_STR_010,CN,transit,1.0,purse_seiner,0.9999870109562146,0.0,0.0,0.0,0.0,0.0,0.0,0.0,1.0,0.0,0.002430555555555555,0.0,0.0,0.002430555555555555,Transit,Fishing - Purse Seiner
700033524,VESSEL_STR_010,CN,transit,1.0,purse_seiner,0.9999871740388074,0.0,0.0,0.0,0.0,0.0,0.0,0.0,1.0,0.0,0.002430555555555555,0.0,0.0,0.002430555555555555,Transit,Fishing - Purse Seiner
700033524,VESSEL_STR_010,CN,transit,1.0,purse_seiner,0.999987173857909,0.0,0.0,0.0,0.0,0.0,0.0,0.0,1.0,0.0,0.002430555555555555,0.0,0.0,0.002430555555555555,Transit,Fishing - Purse Seiner
700033524,VESSEL_STR_010,CN,transit,1.0,purse_seiner,0.9999871738710273,0.0,0.0,0.0,0.0,0.0,0.0,0.0,1.0,0.0,0.002430555555555555,0.0,0.0,0.002430555555555555,Transit,Fishing - Purse Seiner
700033525,VESSEL_STR_011,KR,transit,1.0,trawler,0.9999999848496244,0.0,0.0,0.0,0.0,0.0,0.0,0.0,1.0,0.0,0.002430555555555555,0.0,0.0,0.002430555555555555,Transit,Fishing - Trawler
700033525,VESSEL_STR_011,KR,transit,1.0,trawler,0.9999999848496244,0.0,0.0,0.0,0.0,0.0,0.0,0.0,1.0,0.0,0.002430555555555555,0.0,0.0,0.002430555555555555,Transit,Fishing - Trawler
700033525,VESSEL_STR_011,KR,transit,1.0,trawler,0.9999999848496244,0.0,0.0,0.0,0.0,0.0,0.0,0.0,1.0,0.0,0.002430555555555555,0.0,0.0,0.002430555555555555,Transit,Fishing - Trawler
700033525,VESSEL_STR_011,KR,transit,1.0,trawler,0.9999999848496244,0.0,0.0,0.0,0.0,0.0,0.0,0.0,1.0,0.0,0.002430555555555555,0.0,0.0,0.002430555555555555,Transit,Fishing - Trawler
700033525,VESSEL_STR_011,KR,transit,1.0,trawler,0.9999999848496244,0.0,0.0,0.0,0.0,0.0,0.0,0.0,1.0,0.0,0.002430555555555555,0.0,0.0,0.002430555555555555,Transit,Fishing - Trawler
700033525,VESSEL_STR_011,KR,transit,0.9966666666666667,trawler,0.9999999848756314,0.0,0.0,0.0,0.0,0.0,0.0033333333333333335,0.0,0.9966666666666667,0.0,0.002430555555555555,0.0,0.0,0.002430555555555555,Transit,Fishing - Trawler
700033525,VESSEL_STR_011,KR,transit,1.0,trawler,0.9999999848496723,0.0,0.0,0.0,0.0,0.0,0.0,0.0,1.0,0.0,0.002430555555555555,0.0,0.0,0.002430555555555555,Transit,Fishing - Trawler
700033525,VESSEL_STR_011,KR,transit,1.0,trawler,0.9999999848496355,0.0,0.0,0.0,0.0,0.0,0.0,0.0,1.0,0.0,0.002430555555555555,0.0,0.0,0.002430555555555555,Transit,Fishing - Trawler
700033525,VESSEL_STR_011,KR,transit,1.0,trawler,0.9999999848496355,0.0,0.0,0.0,0.0,0.0,0.0,0.0,1.0,0.0,0.002430555555555555,0.0,0.0,0.002430555555555555,Transit,Fishing - Trawler
700033525,VESSEL_STR_011,KR,transit,1.0,trawler,0.9999999848496723,0.0,0.0,0.0,0.0,0.0,0.0,0.0,1.0,0.0,0.002430555555555555,0.0,0.0,0.002430555555555555,Transit,Fishing - Trawler
700033525,VESSEL_STR_011,KR,transit,1.0,trawler,0.9999999847341803,0.0,0.0,0.0,0.0,0.0,0.0,0.0,1.0,0.0,0.002430555555555555,0.0,0.0,0.002430555555555555,Transit,Fishing - Trawler
700033525,VESSEL_STR_011,KR,transit,1.0,trawler,0.9999999848496244,0.0,0.0,0.0,0.0,0.0,0.0,0.0,1.0,0.0,0.002430555555555555,0.0,0.0,0.002430555555555555,Transit,Fishing - Trawler
700033525,VESSEL_STR_011,KR,transit,1.0,trawler,0.9999999848496244,0.0,0.0,0.0,0.0,0.0,0.0,0.0,1.0,0.0,0.002430555555555555,0.0,0.0,0.002430555555555555,Transit,Fishing - Trawler
700033525,VESSEL_STR_011,KR,transit,0.9101111111111112,trawler,0.9999999847598238,0.005666666666666666,0.0,0.002,0.07188888888888889,0.0,0.010333333333333335,0.0,0.9101111111111112,0.0,0.002430555555555555,0.0,0.0,0.002430555555555555,Transit,Fishing - Trawler
700033525,VESSEL_STR_011,KR,fishing,0.9575,trawler,0.9999999847598238,0.0,0.0,0.0,0.9575,0.004166666666666667,0.0022222222222222222,0.0,0.03611111111111111,0.0,0.002430555555555555,0.6,0.0,0.6,Fishing,Fishing - Trawler
700033525,VESSEL_STR_011,KR,fishing,1.0,trawler,0.999999984875372,0.0,0.0,0.0,1.0,0.0,0.0,0.0,0.0,0.0,0.002430555555555555,0.6,0.0,0.6,Fishing,Fishing - Trawler
700033525,VESSEL_STR_011,KR,fishing,1.0,trawler,0.999999984875372,0.0,0.0,0.0,1.0,0.0,0.0,0.0,0.0,0.0,0.002430555555555555,0.6,0.0,0.6,Fishing,Fishing - Trawler
700033525,VESSEL_STR_011,KR,fishing,1.0,trawler,0.9999999844763741,0.0,0.0,0.0,1.0,0.0,0.0,0.0,0.0,0.0,0.002430555555555555,0.6,0.0,0.6,Fishing,Fishing - Trawler
700033525,VESSEL_STR_011,KR,fishing,1.0,trawler,0.999999984524097,0.0,0.0,0.0,1.0,0.0,0.0,0.0,0.0,0.0,0.002430555555555555,0.6,0.0,0.6,Fishing,Fishing - Trawler
700033525,VESSEL_STR_011,KR,fishing,1.0,trawler,0.999999984524097,0.0,0.0,0.0,1.0,0.0,0.0,0.0,0.0,0.0,0.002430555555555555,0.6,0.0,0.6,Fishing,Fishing - Trawler
700033525,VESSEL_STR_011,KR,fishing,1.0,trawler,0.9999999844763741,0.0,0.0,0.0,1.0,0.0,0.0,0.0,0.0,0.0,0.002430555555555555,0.6,0.0,0.6,Fishing,Fishing - Trawler
700033525,VESSEL_STR_011,KR,fishing,1.0,trawler,0.999999984875372,0.0,0.0,0.0,1.0,0.0,0.0,0.0,0.0,0.0,0.002430555555555555,0.6,0.0,0.6,Fishing,Fishing - Trawler
700033525,VESSEL_STR_011,KR,fishing,1.0,trawler,0.999999984875372,0.0,0.0,0.0,1.0,0.0,0.0,0.0,0.0,0.0,0.002430555555555555,0.6,0.0,0.6,Fishing,Fishing - Trawler
700033525,VESSEL_STR_011,KR,fishing,1.0,trawler,0.9999999844763741,0.0,0.0,0.0,1.0,0.0,0.0,0.0,0.0,0.0,0.002430555555555555,0.6,0.0,0.6,Fishing,Fishing - Trawler
700033525,VESSEL_STR_011,KR,fishing,1.0,trawler,0.999999984875372,0.0,0.0,0.0,1.0,0.0,0.0,0.0,0.0,0.0,0.002430555555555555,0.6,0.0,0.6,Fishing,Fishing - Trawler
700033525,VESSEL_STR_011,KR,fishing,0.9991666666666666,trawler,0.999999984875372,0.0,0.0,0.0,0.9991666666666666,0.0008333333333333334,0.0,0.0,0.0,0.0,0.002430555555555555,0.6,0.0,0.6,Fishing,Fishing - Trawler
700033525,VESSEL_STR_011,KR,fishing,1.0,trawler,0.9999999844763741,0.0,0.0,0.0,1.0,0.0,0.0,0.0,0.0,0.0,0.002430555555555555,0.6,0.0,0.6,Fishing,Fishing - Trawler
700033525,VESSEL_STR_011,KR,fishing,1.0,trawler,0.9999999844763741,0.0,0.0,0.0,1.0,0.0,0.0,0.0,0.0,0.0,0.002430555555555555,0.6,0.0,0.6,Fishing,Fishing - Trawler
700033525,VESSEL_STR_011,KR,fishing,1.0,trawler,0.9999999844763741,0.0,0.0,0.0,1.0,0.0,0.0,0.0,0.0,0.0,0.002430555555555555,0.6,0.0,0.6,Fishing,Fishing - Trawler
700033525,VESSEL_STR_011,KR,fishing,1.0,trawler,0.9999999844763741,0.0,0.0,0.0,1.0,0.0,0.0,0.0,0.0,0.0,0.002430555555555555,0.6,0.0,0.6,Fishing,Fishing - Trawler
700033525,VESSEL_STR_011,KR,fishing,1.0,trawler,0.999999984875372,0.0,0.0,0.0,1.0,0.0,0.0,0.0,0.0,0.0,0.002430555555555555,0.6,0.0,0.6,Fishing,Fishing - Trawler
700033525,VESSEL_STR_011,KR,fishing,1.0,trawler,0.999999984875372,0.0,0.0,0.0,1.0,0.0,0.0,0.0,0.0,0.0,0.002430555555555555,0.6,0.0,0.6,Fishing,Fishing - Trawler
700033525,VESSEL_STR_011,KR,fishing,1.0,trawler,0.999999984875372,0.0,0.0,0.0,1.0,0.0,0.0,0.0,0.0,0.0,0.002430555555555555,0.6,0.0,0.6,Fishing,Fishing - Trawler
700033525,VESSEL_STR_011,KR,fishing,0.9525000000000002,trawler,0.9999999847598238,0.0011111111111111111,0.0,0.0,0.9525000000000002,0.0061111111111111106,0.0022222222222222222,0.0,0.03694444444444444,0.0011111111111111111,0.002430555555555555,0.6,0.0,0.6,Fishing,Fishing - Trawler
700033525,VESSEL_STR_011,KR,transit,0.9867222222222224,trawler,0.999999984734175,0.0,0.0,0.0,0.0027777777777777775,0.0,0.0,0.010499999999999999,0.9867222222222224,0.0,0.002430555555555555,0.0,0.0,0.002430555555555555,Transit,Fishing - Trawler
700033525,VESSEL_STR_011,KR,transit,1.0,trawler,0.9999999848496244,0.0,0.0,0.0,0.0,0.0,0.0,0.0,1.0,0.0,0.002430555555555555,0.0,0.0,0.002430555555555555,Transit,Fishing - Trawler
700033525,VESSEL_STR_011,KR,transit,1.0,trawler,0.9999999848520686,0.0,0.0,0.0,0.0,0.0,0.0,0.0,1.0,0.0,0.002430555555555555,0.0,0.0,0.002430555555555555,Transit,Fishing - Trawler
700033525,VESSEL_STR_011,KR,transit,1.0,trawler,0.9999999848520686,0.0,0.0,0.0,0.0,0.0,0.0,0.0,1.0,0.0,0.002430555555555555,0.0,0.0,0.002430555555555555,Transit,Fishing - Trawler
700033525,VESSEL_STR_011,KR,transit,1.0,trawler,0.9999999848520686,0.0,0.0,0.0,0.0,0.0,0.0,0.0,1.0,0.0,0.002430555555555555,0.0,0.0,0.002430555555555555,Transit,Fishing - Trawler
700033525,VESSEL_STR_011,KR,transit,0.989,trawler,0.9999999847341803,0.0,0.0,0.0,0.005,0.0,0.006,0.0,0.989,0.0,0.002430555555555555,0.0,0.0,0.002430555555555555,Transit,Fishing - Trawler
700033525,VESSEL_STR_011,KR,fishing,0.9448888888888888,trawler,0.9999999847598238,0.0,0.0,0.0,0.9448888888888888,0.0030952380952380953,0.017071428571428574,0.0,0.034944444444444445,0.0,0.002430555555555555,0.6,0.0,0.6,Fishing,Fishing - Trawler
700033525,VESSEL_STR_011,KR,fishing,1.0,trawler,0.9999999847598238,0.0,0.0,0.0,1.0,0.0,0.0,0.0,0.0,0.0,0.002430555555555555,0.6,0.0,0.6,Fishing,Fishing - Trawler
700033525,VESSEL_STR_011,KR,fishing,0.9966666666666667,trawler,0.9999999850365624,0.0,0.0,0.0033333333333333335,0.9966666666666667,0.0,0.0,0.0,0.0,0.0,0.002430555555555555,0.6,0.0,0.6,Fishing,Fishing - Trawler
700033525,VESSEL_STR_011,KR,fishing,0.9991666666666666,trawler,0.9999999844763741,0.0,0.0,0.0,0.9991666666666666,0.0,0.0008333333333333334,0.0,0.0,0.0,0.002430555555555555,0.6,0.0,0.6,Fishing,Fishing - Trawler
700033525,VESSEL_STR_011,KR,fishing,1.0,trawler,0.9999999844763741,0.0,0.0,0.0,1.0,0.0,0.0,0.0,0.0,0.0,0.002430555555555555,0.6,0.0,0.6,Fishing,Fishing - Trawler
700033525,VESSEL_STR_011,KR,fishing,0.9991666666666666,trawler,0.9999999844763741,0.0,0.0,0.0,0.9991666666666666,0.0008333333333333334,0.0,0.0,0.0,0.0,0.002430555555555555,0.6,0.0,0.6,Fishing,Fishing - Trawler
700033525,VESSEL_STR_011,KR,fishing,1.0,trawler,0.999999984875372,0.0,0.0,0.0,1.0,0.0,0.0,0.0,0.0,0.0,0.002430555555555555,0.6,0.0,0.6,Fishing,Fishing - Trawler
700033525,VESSEL_STR_011,KR,fishing,1.0,trawler,0.9999999844763741,0.0,0.0,0.0,1.0,0.0,0.0,0.0,0.0,0.0,0.002430555555555555,0.6,0.0,0.6,Fishing,Fishing - Trawler
700033525,VESSEL_STR_011,KR,fishing,0.9988888888888887,trawler,0.9999999844795373,0.0,0.0,0.0,0.9988888888888887,0.0,0.0,0.0,0.0011111111111111111,0.0,0.002430555555555555,0.6,0.0,0.6,Fishing,Fishing - Trawler
700033525,VESSEL_STR_011,KR,fishing,1.0,trawler,0.9999999848774153,0.0,0.0,0.0,1.0,0.0,0.0,0.0,0.0,0.0,0.002430555555555555,0.6,0.0,0.6,Fishing,Fishing - Trawler
700033525,VESSEL_STR_011,KR,fishing,1.0,trawler,0.999999984875372,0.0,0.0,0.0,1.0,0.0,0.0,0.0,0.0,0.0,0.002430555555555555,0.6,0.0,0.6,Fishing,Fishing - Trawler
700033525,VESSEL_STR_011,KR,fishing,1.0,trawler,0.9999999844763741,0.0,0.0,0.0,1.0,0.0,0.0,0.0,0.0,0.0,0.002430555555555555,0.6,0.0,0.6,Fishing,Fishing - Trawler
700033525,VESSEL_STR_011,KR,fishing,1.0,trawler,0.9999999843315428,0.0,0.0,0.0,1.0,0.0,0.0,0.0,0.0,0.0,0.002430555555555555,0.6,0.0,0.6,Fishing,Fishing - Trawler
700033525,VESSEL_STR_011,KR,fishing,1.0,trawler,0.9999999844763741,0.0,0.0,0.0,1.0,0.0,0.0,0.0,0.0,0.0,0.002430555555555555,0.6,0.0,0.6,Fishing,Fishing - Trawler
700033525,VESSEL_STR_011,KR,fishing,1.0,trawler,0.9999999844763741,0.0,0.0,0.0,1.0,0.0,0.0,0.0,0.0,0.0,0.002430555555555555,0.6,0.0,0.6,Fishing,Fishing - Trawler
700033525,VESSEL_STR_011,KR,fishing,1.0,trawler,0.9999999844763741,0.0,0.0,0.0,1.0,0.0,0.0,0.0,0.0,0.0,0.002430555555555555,0.6,0.0,0.6,Fishing,Fishing - Trawler
700033525,VESSEL_STR_011,KR,fishing,1.0,trawler,0.9999999844763741,0.0,0.0,0.0,1.0,0.0,0.0,0.0,0.0,0.0,0.002430555555555555,0.6,0.0,0.6,Fishing,Fishing - Trawler
700033525,VESSEL_STR_011,KR,fishing,0.9983333333333333,trawler,0.999999984875372,0.0,0.0,0.0,0.9983333333333333,0.0,0.0,0.0,0.0016666666666666668,0.0,0.002430555555555555,0.6,0.0,0.6,Fishing,Fishing - Trawler
700033525,VESSEL_STR_011,KR,transit,0.8888333333333333,trawler,0.9999999847626273,0.006,0.0,0.0,0.08233333333333331,0.01411111111111111,0.005555555555555555,0.0025,0.8888333333333333,0.0006666666666666668,0.002430555555555555,0.0,0.0,0.002430555555555555,Transit,Fishing - Trawler
700033525,VESSEL_STR_011,KR,transit,1.0,trawler,0.9999999847341803,0.0,0.0,0.0,0.0,0.0,0.0,0.0,1.0,0.0,0.002430555555555555,0.0,0.0,0.002430555555555555,Transit,Fishing - Trawler
700033525,VESSEL_STR_011,KR,transit,1.0,trawler,0.9999999848496244,0.0,0.0,0.0,0.0,0.0,0.0,0.0,1.0,0.0,0.002430555555555555,0.0,0.0,0.002430555555555555,Transit,Fishing - Trawler
700033525,VESSEL_STR_011,KR,transit,1.0,trawler,0.9999999848496723,0.0,0.0,0.0,0.0,0.0,0.0,0.0,1.0,0.0,0.002430555555555555,0.0,0.0,0.002430555555555555,Transit,Fishing - Trawler
700033525,VESSEL_STR_011,KR,transit,1.0,trawler,0.9999999848496723,0.0,0.0,0.0,0.0,0.0,0.0,0.0,1.0,0.0,0.002430555555555555,0.0,0.0,0.002430555555555555,Transit,Fishing - Trawler
700033525,VESSEL_STR_011,KR,transit,1.0,trawler,0.9999999848496723,0.0,0.0,0.0,0.0,0.0,0.0,0.0,1.0,0.0,0.002430555555555555,0.0,0.0,0.002430555555555555,Transit,Fishing - Trawler
700033525,VESSEL_STR_011,KR,transit,1.0,trawler,0.9999999848496244,0.0,0.0,0.0,0.0,0.0,0.0,0.0,1.0,0.0,0.002430555555555555,0.0,0.0,0.002430555555555555,Transit,Fishing - Trawler
700033525,VESSEL_STR_011,KR,transit,1.0,trawler,0.9999999848495935,0.0,0.0,0.0,0.0,0.0,0.0,0.0,1.0,0.0,0.002430555555555555,0.0,0.0,0.002430555555555555,Transit,Fishing - Trawler
700033525,VESSEL_STR_011,KR,transit,1.0,trawler,0.9999999848496244,0.0,0.0,0.0,0.0,0.0,0.0,0.0,1.0,0.0,0.002430555555555555,0.0,0.0,0.002430555555555555,Transit,Fishing - Trawler
700033525,VESSEL_STR_011,KR,transit,1.0,trawler,0.9999999848496244,0.0,0.0,0.0,0.0,0.0,0.0,0.0,1.0,0.0,0.002430555555555555,0.0,0.0,0.002430555555555555,Transit,Fishing - Trawler
700033525,VESSEL_STR_011,KR,transit,0.9972222222222221,trawler,0.9999999848496244,0.0,0.0022222222222222222,0.0,0.0,0.0,0.0005555555555555556,0.0,0.9972222222222221,0.0,0.002430555555555555,0.0,0.0,0.002430555555555555,Transit,Fishing - Trawler
700033525,VESSEL_STR_011,KR,transit,0.9972222222222221,trawler,0.9999999848496723,0.0,0.0022222222222222222,0.0,0.0,0.0,0.0005555555555555556,0.0,0.9972222222222221,0.0,0.002430555555555555,0.0,0.0,0.002430555555555555,Transit,Fishing - Trawler
700033525,VESSEL_STR_011,KR,transit,0.9961111111111113,trawler,0.9999999848496723,0.0011111111111111111,0.0022222222222222222,0.0,0.0,0.0,0.0005555555555555556,0.0,0.9961111111111113,0.0,0.002430555555555555,0.0,0.0,0.002430555555555555,Transit,Fishing - Trawler
700033525,VESSEL_STR_011,KR,transit,0.9994444444444446,trawler,0.9999999848496244,0.0,0.0,0.0,0.0,0.0,0.0005555555555555556,0.0,0.9994444444444446,0.0,0.002430555555555555,0.0,0.0,0.002430555555555555,Transit,Fishing - Trawler
700033525,VESSEL_STR_011,KR,transit,0.9977777777777779,trawler,0.9999999848496244,0.0,0.0016666666666666668,0.0,0.0,0.0,0.0005555555555555556,0.0,0.9977777777777779,0.0,0.002430555555555555,0.0,0.0,0.002430555555555555,Transit,Fishing - Trawler
700033525,VESSEL_STR_011,KR,transit,0.9911111111111113,trawler,0.9999999848496244,0.008333333333333333,0.0,0.0,0.0,0.0,0.0005555555555555556,0.0,0.9911111111111113,0.0,0.002430555555555555,0.0,0.0,0.002430555555555555,Transit,Fishing - Trawler
700033525,VESSEL_STR_011,KR,transit,1.0,trawler,0.9999999848496723,0.0,0.0,0.0,0.0,0.0,0.0,0.0,1.0,0.0,0.002430555555555555,0.0,0.0,0.002430555555555555,Transit,Fishing - Trawler
700033525,VESSEL_STR_011,KR,transit,1.0,trawler,0.9999999848496723,0.0,0.0,0.0,0.0,0.0,0.0,0.0,1.0,0.0,0.002430555555555555,0.0,0.0,0.002430555555555555,Transit,Fishing - Trawler
700033525,VESSEL_STR_011,KR,transit,1.0,trawler,0.9999999848496723,0.0,0.0,0.0,0.0,0.0,0.0,0.0,1.0,0.0,0.002430555555555555,0.0,0.0,0.002430555555555555,Transit,Fishing - Trawler
700033525,VESSEL_STR_011,KR,transit,1.0,trawler,0.9999999848496723,0.0,0.0,0.0,0.0,0.0,0.0,0.0,1.0,0.0,0.002430555555555555,0.0,0.0,0.002430555555555555,Transit,Fishing - Trawler
700033525,VESSEL_STR_011,KR,transit,1.0,trawler,0.9999999848496723,0.0,0.0,0.0,0.0,0.0,0.0,0.0,1.0,0.0,0.002430555555555555,0.0,0.0,0.002430555555555555,Transit,Fishing - Trawler
700033525,VESSEL_STR_011,KR,transit,1.0,trawler,0.9999999848495935,0.0,0.0,0.0,0.0,0.0,0.0,0.0,1.0,0.0,0.002430555555555555,0.0,0.0,0.002430555555555555,Transit,Fishing - Trawler
700033525,VESSEL_STR_011,KR,transit,1.0,trawler,0.9999999848496244,0.0,0.0,0.0,0.0,0.0,0.0,0.0,1.0,0.0,0.002430555555555555,0.0,0.0,0.002430555555555555,Transit,Fishing - Trawler
700033525,VESSEL_STR_011,KR,transit,1.0,trawler,0.9999999848496244,0.0,0.0,0.0,0.0,0.0,0.0,0.0,1.0,0.0,0.002430555555555555,0.0,0.0,0.002430555555555555,Transit,Fishing - Trawler
700033525,VESSEL_STR_011,KR,transit,1.0,trawler,0.9999999848496244,0.0,0.0,0.0,0.0,0.0,0.0,0.0,1.0,0.0,0.002430555555555555,0.0,0.0,0.002430555555555555,Transit,Fishing - Trawler
700033525,VESSEL_STR_011,KR,transit,1.0,trawler,0.9999999848496723,0.0,0.0,0.0,0.0,0.0,0.0,0.0,1.0,0.0,0.002430555555555555,0.0,0.0,0.002430555555555555,Transit,Fishing - Trawler
700033525,VESSEL_STR_011,KR,transit,1.0,trawler,0.9999999848496723,0.0,0.0,0.0,0.0,0.0,0.0,0.0,1.0,0.0,0.002430555555555555,0.0,0.0,0.002430555555555555,Transit,Fishing - Trawler
700033526,VESSEL_STR_012,KR,transit,1.0,purse_seiner,0.9999997758191005,0.0,0.0,0.0,0.0,0.0,0.0,0.0,1.0,0.0,0.002430555555555555,0.0,0.0,0.002430555555555555,Transit,Fishing - Purse Seiner
700033526,VESSEL_STR_012,KR,transit,1.0,purse_seiner,0.9999997758191005,0.0,0.0,0.0,0.0,0.0,0.0,0.0,1.0,0.0,0.002430555555555555,0.0,0.0,0.002430555555555555,Transit,Fishing - Purse Seiner
700033526,VESSEL_STR_012,KR,transit,1.0,purse_seiner,0.9999997758191005,0.0,0.0,0.0,0.0,0.0,0.0,0.0,1.0,0.0,0.002430555555555555,0.0,0.0,0.002430555555555555,Transit,Fishing - Purse Seiner
700033526,VESSEL_STR_012,KR,transit,0.9977777777777778,purse_seiner,0.9999997758191005,0.0,0.0,0.0,0.0,0.0,0.0,0.0022222222222222222,0.9977777777777778,0.0,0.002430555555555555,0.0,0.0,0.002430555555555555,Transit,Fishing - Purse Seiner
700033526,VESSEL_STR_012,KR,transit,0.6650026455026453,purse_seiner,0.9999994536928618,0.0016666666666666668,0.0,0.0008333333333333334,0.2586402116402117,0.016833333333333332,0.041412698412698415,0.0,0.6650026455026453,0.015611111111111109,0.002430555555555555,0.0,0.0,0.002430555555555555,Transit,Fishing - Purse Seiner
700033526,VESSEL_STR_012,KR,fishing,0.96,purse_seiner,0.9227745083455121,0.0,0.0,0.0,0.96,0.0027777777777777775,0.006666666666666667,0.0,0.030555555555555558,0.0,0.002430555555555555,0.6,0.0,0.6,Fishing,Fishing - Purse Seiner
700033526,VESSEL_STR_012,KR,fishing,0.9977777777777778,purse_seiner,0.9227766240399694,0.0,0.0,0.0,0.9977777777777778,0.0022222222222222222,0.0,0.0,0.0,0.0,0.002430555555555555,0.6,0.0,0.6,Fishing,Fishing - Purse Seiner
700033526,VESSEL_STR_012,KR,fishing,1.0,purse_seiner,0.9227766240399694,0.0,0.0,0.0,1.0,0.0,0.0,0.0,0.0,0.0,0.002430555555555555,0.6,0.0,0.6,Fishing,Fishing - Purse Seiner
700033526,VESSEL_STR_012,KR,fishing,1.0,purse_seiner,0.9227766240399694,0.0,0.0,0.0,1.0,0.0,0.0,0.0,0.0,0.0,0.002430555555555555,0.6,0.0,0.6,Fishing,Fishing - Purse Seiner
700033526,VESSEL_STR_012,KR,fishing,1.0,purse_seiner,0.9227766240399694,0.0,0.0,0.0,1.0,0.0,0.0,0.0,0.0,0.0,0.002430555555555555,0.6,0.0,0.6,Fishing,Fishing - Purse Seiner
700033526,VESSEL_STR_012,KR,fishing,0.9977777777777778,purse_seiner,0.9227766240399694,0.0,0.0,0.0,0.9977777777777778,0.0022222222222222222,0.0,0.0,0.0,0.0,0.002430555555555555,0.6,0.0,0.6,Fishing,Fishing - Purse Seiner
700033526,VESSEL_STR_012,KR,fishing,1.0,purse_seiner,0.9227723063413832,0.0,0.0,0.0,1.0,0.0,0.0,0.0,0.0,0.0,0.002430555555555555,0.6,0.0,0.6,Fishing,Fishing - Purse Seiner
700033526,VESSEL_STR_012,KR,fishing,0.9462171717171718,purse_seiner,0.9227723063413832,0.006388888888888888,0.003744949494949495,0.006666666666666667,0.9462171717171718,0.010131313131313132,0.0,0.00422979797979798,0.022621212121212122,0.0,0.002430555555555555,0.6,0.0,0.6,Fishing,Fishing - Purse Seiner
700033526,VESSEL_STR_012,KR,fishing,0.9552727272727274,purse_seiner,0.9227723063413832,0.004166666666666667,0.0001893939393939394,0.0022222222222222222,0.9552727272727274,0.018742424242424244,0.0,0.007840909090909091,0.011565656565656566,0.0,0.002430555555555555,0.6,0.0,0.6,Fishing,Fishing - Purse Seiner
700033526,VESSEL_STR_012,KR,fishing,1.0,purse_seiner,0.9227723065919101,0.0,0.0,0.0,1.0,0.0,0.0,0.0,0.0,0.0,0.002430555555555555,0.6,0.0,0.6,Fishing,Fishing - Purse Seiner
700033526,VESSEL_STR_012,KR,fishing,1.0,purse_seiner,0.9227723064589992,0.0,0.0,0.0,1.0,0.0,0.0,0.0,0.0,0.0,0.002430555555555555,0.6,0.0,0.6,Fishing,Fishing - Purse Seiner
700033526,VESSEL_STR_012,KR,fishing,1.0,purse_seiner,0.9227723063413832,0.0,0.0,0.0,1.0,0.0,0.0,0.0,0.0,0.0,0.002430555555555555,0.6,0.0,0.6,Fishing,Fishing - Purse Seiner
700033526,VESSEL_STR_012,KR,fishing,1.0,purse_seiner,0.9227766240399694,0.0,0.0,0.0,1.0,0.0,0.0,0.0,0.0,0.0,0.002430555555555555,0.6,0.0,0.6,Fishing,Fishing - Purse Seiner
700033526,VESSEL_STR_012,KR,fishing,1.0,purse_seiner,0.9227723063413832,0.0,0.0,0.0,1.0,0.0,0.0,0.0,0.0,0.0,0.002430555555555555,0.6,0.0,0.6,Fishing,Fishing - Purse Seiner
700033526,VESSEL_STR_012,KR,fishing,1.0,purse_seiner,0.9227723064589992,0.0,0.0,0.0,1.0,0.0,0.0,0.0,0.0,0.0,0.002430555555555555,0.6,0.0,0.6,Fishing,Fishing - Purse Seiner
700033526,VESSEL_STR_012,KR,fishing,1.0,purse_seiner,0.9227723063413832,0.0,0.0,0.0,1.0,0.0,0.0,0.0,0.0,0.0,0.002430555555555555,0.6,0.0,0.6,Fishing,Fishing - Purse Seiner
700033526,VESSEL_STR_012,KR,fishing,1.0,purse_seiner,0.9227723063413832,0.0,0.0,0.0,1.0,0.0,0.0,0.0,0.0,0.0,0.002430555555555555,0.6,0.0,0.6,Fishing,Fishing - Purse Seiner
700033526,VESSEL_STR_012,KR,fishing,1.0,purse_seiner,0.9227723063413832,0.0,0.0,0.0,1.0,0.0,0.0,0.0,0.0,0.0,0.002430555555555555,0.6,0.0,0.6,Fishing,Fishing - Purse Seiner
700033526,VESSEL_STR_012,KR,fishing,0.7945079365079365,purse_seiner,0.9227717835805186,0.0038888888888888883,0.0075,0.0,0.7945079365079365,0.011111111111111112,0.0,0.0011111111111111111,0.18188095238095242,0.0,0.002430555555555555,0.6,0.0,0.6,Fishing,Fishing - Purse Seiner
700033526,VESSEL_STR_012,KR,transit,0.9668888888888889,purse_seiner,0.9999989601462683,0.012499999999999999,0.0006666666666666668,0.0,0.01611111111111111,0.0,0.0,0.003833333333333333,0.9668888888888889,0.0,0.002430555555555555,0.0,0.0,0.002430555555555555,Transit,Fishing - Purse Seiner
700033526,VESSEL_STR_012,KR,transit,1.0,purse_seiner,0.9999997758191005,0.0,0.0,0.0,0.0,0.0,0.0,0.0,1.0,0.0,0.002430555555555555,0.0,0.0,0.002430555555555555,Transit,Fishing - Purse Seiner
700033526,VESSEL_STR_012,KR,transit,0.9983333333333333,purse_seiner,0.9999997758191005,0.0016666666666666668,0.0,0.0,0.0,0.0,0.0,0.0,0.9983333333333333,0.0,0.002430555555555555,0.0,0.0,0.002430555555555555,Transit,Fishing - Purse Seiner
700033526,VESSEL_STR_012,KR,transit,0.995,purse_seiner,0.9999997758223506,0.0016666666666666668,0.0,0.0,0.0,0.0,0.0033333333333333335,0.0,0.995,0.0,0.002430555555555555,0.0,0.0,0.002430555555555555,Transit,Fishing - Purse Seiner
700033526,VESSEL_STR_012,KR,transit,1.0,purse_seiner,0.9999997758191005,0.0,0.0,0.0,0.0,0.0,0.0,0.0,1.0,0.0,0.002430555555555555,0.0,0.0,0.002430555555555555,Transit,Fishing - Purse Seiner
700033526,VESSEL_STR_012,KR,fishing,0.47245238095238096,purse_seiner,0.9999994499509858,0.007777777777777777,0.0,0.0033333333333333335,0.47245238095238096,0.0,0.0475,0.0,0.46893650793650804,0.0,0.002430555555555555,0.6,0.0,0.6,Fishing,Fishing - Purse Seiner
700033526,VESSEL_STR_012,KR,fishing,0.9151666666666667,purse_seiner,0.9227766237619088,0.0,0.0,0.0,0.9151666666666667,0.0055,0.02,0.0,0.05261111111111111,0.006722222222222222,0.002430555555555555,0.6,0.0,0.6,Fishing,Fishing - Purse Seiner
700033526,VESSEL_STR_012,KR,fishing,0.9794444444444443,purse_seiner,0.9227766240399694,0.0,0.0013333333333333335,0.0016666666666666668,0.9794444444444443,0.005555555555555555,0.005,0.0013333333333333335,0.004555555555555555,0.0011111111111111111,0.002430555555555555,0.6,0.0,0.6,Fishing,Fishing - Purse Seiner
700033526,VESSEL_STR_012,KR,fishing,0.9816666666666667,purse_seiner,0.9227766240399694,0.0,0.0013333333333333335,0.0016666666666666668,0.9816666666666667,0.0033333333333333335,0.005,0.0013333333333333335,0.004555555555555555,0.0011111111111111111,0.002430555555555555,0.6,0.0,0.6,Fishing,Fishing - Purse Seiner
700033526,VESSEL_STR_012,KR,fishing,0.985,purse_seiner,0.9227723063413832,0.0,0.0013333333333333335,0.0016666666666666668,0.985,0.0033333333333333335,0.005,0.0013333333333333335,0.002333333333333333,0.0,0.002430555555555555,0.6,0.0,0.6,Fishing,Fishing - Purse Seiner
700033526,VESSEL_STR_012,KR,fishing,0.985,purse_seiner,0.9227723064589992,0.0,0.0013333333333333335,0.0016666666666666668,0.985,0.0033333333333333335,0.005,0.0013333333333333335,0.002333333333333333,0.0,0.002430555555555555,0.6,0.0,0.6,Fishing,Fishing - Purse Seiner
700033526,VESSEL_STR_012,KR,fishing,0.985,purse_seiner,0.9227723063413832,0.0,0.0013333333333333335,0.0016666666666666668,0.985,0.0033333333333333335,0.005,0.0013333333333333335,0.002333333333333333,0.0,0.002430555555555555,0.6,0.0,0.6,Fishing,Fishing - Purse Seiner
700033526,VESSEL_STR_012,KR,fishing,0.985,purse_seiner,0.9227723063413832,0.0,0.0013333333333333335,0.0016666666666666668,0.985,0.0033333333333333335,0.005,0.0013333333333333335,0.002333333333333333,0.0,0.002430555555555555,0.6,0.0,0.6,Fishing,Fishing - Purse Seiner
700033526,VESSEL_STR_012,KR,fishing,0.985,purse_seiner,0.9227766240399694,0.0,0.0013333333333333335,0.0016666666666666668,0.985,0.0033333333333333335,0.005,0.0013333333333333335,0.002333333333333333,0.0,0.002430555555555555,0.6,0.0,0.6,Fishing,Fishing - Purse Seiner
700033526,VESSEL_STR_012,KR,fishing,0.985,purse_seiner,0.9227766240399694,0.0,0.0013333333333333335,0.0016666666666666668,0.985,0.0033333333333333335,0.005,0.0013333333333333335,0.002333333333333333,0.0,0.002430555555555555,0.6,0.0,0.6,Fishing,Fishing - Purse Seiner
700033526,VESSEL_STR_012,KR,fishing,0.985,purse_seiner,0.9227723063413832,0.0,0.0013333333333333335,0.0016666666666666668,0.985,0.0033333333333333335,0.005,0.0013333333333333335,0.002333333333333333,0.0,0.002430555555555555,0.6,0.0,0.6,Fishing,Fishing - Purse Seiner
700033526,VESSEL_STR_012,KR,fishing,0.985,purse_seiner,0.9227723063413832,0.0,0.0013333333333333335,0.0016666666666666668,0.985,0.0033333333333333335,0.005,0.0013333333333333335,0.002333333333333333,0.0,0.002430555555555555,0.6,0.0,0.6,Fishing,Fishing - Purse Seiner
700033526,VESSEL_STR_012,KR,fishing,0.9816666666666667,purse_seiner,0.9227723063413832,0.0,0.0013333333333333335,0.0016666666666666668,0.9816666666666667,0.0033333333333333335,0.005,0.0013333333333333335,0.004555555555555555,0.0011111111111111111,0.002430555555555555,0.6,0.0,0.6,Fishing,Fishing - Purse Seiner
700033526,VESSEL_STR_012,KR,fishing,0.985,purse_seiner,0.9227766240438424,0.0,0.0013333333333333335,0.0016666666666666668,0.985,0.0033333333333333335,0.005,0.0013333333333333335,0.002333333333333333,0.0,0.002430555555555555,0.6,0.0,0.6,Fishing,Fishing - Purse Seiner
700033526,VESSEL_STR_012,KR,fishing,0.9883333333333333,purse_seiner,0.9227766240399694,0.0,0.0013333333333333335,0.0016666666666666668,0.9883333333333333,0.0033333333333333335,0.0033333333333333335,0.0013333333333333335,0.0006666666666666668,0.0,0.002430555555555555,0.6,0.0,0.6,Fishing,Fishing - Purse Seiner
700033526,VESSEL_STR_012,KR,fishing,0.9231111111111111,purse_seiner,0.9227766237619088,9.259259259259259e-05,0.0035185185185185185,0.0011111111111111111,0.9231111111111111,0.00018518518518518518,0.010833333333333334,0.0005555555555555556,0.0577037037037037,0.002888888888888889,0.002430555555555555,0.6,0.0,0.6,Fishing,Fishing - Purse Seiner
700033526,VESSEL_STR_012,KR,transit,0.9490238095238095,purse_seiner,0.9999988622240714,0.029388888888888888,0.0004761904761904762,0.0,0.01722222222222222,0.0,0.0,0.002777777777777778,0.9490238095238095,0.0011111111111111111,0.002430555555555555,0.0,0.0,0.002430555555555555,Transit,Fishing - Purse Seiner
700033526,VESSEL_STR_012,KR,transit,0.9983333333333333,purse_seiner,0.999999701470767,0.0016666666666666668,0.0,0.0,0.0,0.0,0.0,0.0,0.9983333333333333,0.0,0.002430555555555555,0.0,0.0,0.002430555555555555,Transit,Fishing - Purse Seiner
700033526,VESSEL_STR_012,KR,transit,0.9966666666666667,purse_seiner,0.9999997758191005,0.0033333333333333335,0.0,0.0,0.0,0.0,0.0,0.0,0.9966666666666667,0.0,0.002430555555555555,0.0,0.0,0.002430555555555555,Transit,Fishing - Purse Seiner
700033526,VESSEL_STR_012,KR,transit,1.0,purse_seiner,0.9999997758191005,0.0,0.0,0.0,0.0,0.0,0.0,0.0,1.0,0.0,0.002430555555555555,0.0,0.0,0.002430555555555555,Transit,Fishing - Purse Seiner
700033526,VESSEL_STR_012,KR,transit,1.0,purse_seiner,0.9999997758191005,0.0,0.0,0.0,0.0,0.0,0.0,0.0,1.0,0.0,0.002430555555555555,0.0,0.0,0.002430555555555555,Transit,Fishing - Purse Seiner
700033526,VESSEL_STR_012,KR,transit,1.0,purse_seiner,0.9999997758191005,0.0,0.0,0.0,0.0,0.0,0.0,0.0,1.0,0.0,0.002430555555555555,0.0,0.0,0.002430555555555555,Transit,Fishing - Purse Seiner
700033526,VESSEL_STR_012,KR,transit,1.0,purse_seiner,0.9999997758191005,0.0,0.0,0.0,0.0,0.0,0.0,0.0,1.0,0.0,0.002430555555555555,0.0,0.0,0.002430555555555555,Transit,Fishing - Purse Seiner
700033526,VESSEL_STR_012,KR,transit,1.0,purse_seiner,0.9999997758191005,0.0,0.0,0.0,0.0,0.0,0.0,0.0,1.0,0.0,0.002430555555555555,0.0,0.0,0.002430555555555555,Transit,Fishing - Purse Seiner
700033526,VESSEL_STR_012,KR,transit,1.0,purse_seiner,0.9999997758191005,0.0,0.0,0.0,0.0,0.0,0.0,0.0,1.0,0.0,0.002430555555555555,0.0,0.0,0.002430555555555555,Transit,Fishing - Purse Seiner
700033526,VESSEL_STR_012,KR,transit,1.0,purse_seiner,0.9999997758191005,0.0,0.0,0.0,0.0,0.0,0.0,0.0,1.0,0.0,0.002430555555555555,0.0,0.0,0.002430555555555555,Transit,Fishing - Purse Seiner
700033526,VESSEL_STR_012,KR,transit,1.0,purse_seiner,0.9999985529446301,0.0,0.0,0.0,0.0,0.0,0.0,0.0,1.0,0.0,0.002430555555555555,0.0,0.0,0.002430555555555555,Transit,Fishing - Purse Seiner
700033526,VESSEL_STR_012,KR,transit,1.0,purse_seiner,0.9999985529138937,0.0,0.0,0.0,0.0,0.0,0.0,0.0,1.0,0.0,0.002430555555555555,0.0,0.0,0.002430555555555555,Transit,Fishing - Purse Seiner
700033526,VESSEL_STR_012,KR,transit,1.0,purse_seiner,0.9999997758191005,0.0,0.0,0.0,0.0,0.0,0.0,0.0,1.0,0.0,0.002430555555555555,0.0,0.0,0.002430555555555555,Transit,Fishing - Purse Seiner
700033526,VESSEL_STR_012,KR,transit,1.0,purse_seiner,0.9999997758191005,0.0,0.0,0.0,0.0,0.0,0.0,0.0,1.0,0.0,0.002430555555555555,0.0,0.0,0.002430555555555555,Transit,Fishing - Purse Seiner
700033526,VESSEL_STR_012,KR,transit,1.0,purse_seiner,0.9999997758304419,0.0,0.0,0.0,0.0,0.0,0.0,0.0,1.0,0.0,0.002430555555555555,0.0,0.0,0.002430555555555555,Transit,Fishing - Purse Seiner
700033526,VESSEL_STR_012,KR,transit,1.0,purse_seiner,0.9999997758191005,0.0,0.0,0.0,0.0,0.0,0.0,0.0,1.0,0.0,0.002430555555555555,0.0,0.0,0.002430555555555555,Transit,Fishing - Purse Seiner
700033526,VESSEL_STR_012,KR,transit,1.0,purse_seiner,0.9999997758191005,0.0,0.0,0.0,0.0,0.0,0.0,0.0,1.0,0.0,0.002430555555555555,0.0,0.0,0.002430555555555555,Transit,Fishing - Purse Seiner
700033526,VESSEL_STR_012,KR,transit,1.0,purse_seiner,0.9999997758191005,0.0,0.0,0.0,0.0,0.0,0.0,0.0,1.0,0.0,0.002430555555555555,0.0,0.0,0.002430555555555555,Transit,Fishing - Purse Seiner
700033526,VESSEL_STR_012,KR,transit,0.9927777777777778,purse_seiner,0.9999997758191005,0.0016666666666666668,0.0,0.0,0.0033333333333333335,0.0,0.0022222222222222222,0.0,0.9927777777777778,0.0,0.002430555555555555,0.0,0.0,0.002430555555555555,Transit,Fishing - Purse Seiner
700033526,VESSEL_STR_012,KR,transit,0.9983333333333333,purse_seiner,0.9999997758191005,0.0016666666666666668,0.0,0.0,0.0,0.0,0.0,0.0,0.9983333333333333,0.0,0.002430555555555555,0.0,0.0,0.002430555555555555,Transit,Fishing - Purse Seiner
700033526,VESSEL_STR_012,KR,transit,1.0,purse_seiner,0.9999997758191005,0.0,0.0,0.0,0.0,0.0,0.0,0.0,1.0,0.0,0.002430555555555555,0.0,0.0,0.002430555555555555,Transit,Fishing - Purse Seiner
700033526,VESSEL_STR_012,KR,transit,1.0,purse_seiner,0.9999997758220905,0.0,0.0,0.0,0.0,0.0,0.0,0.0,1.0,0.0,0.002430555555555555,0.0,0.0,0.002430555555555555,Transit,Fishing - Purse Seiner
700033526,VESSEL_STR_012,KR,transit,1.0,purse_seiner,0.9999997080342913,0.0,0.0,0.0,0.0,0.0,0.0,0.0,1.0,0.0,0.002430555555555555,0.0,0.0,0.002430555555555555,Transit,Fishing - Purse Seiner
700033526,VESSEL_STR_012,KR,transit,1.0,purse_seiner,0.9999997013323937,0.0,0.0,0.0,0.0,0.0,0.0,0.0,1.0,0.0,0.002430555555555555,0.0,0.0,0.002430555555555555,Transit,Fishing - Purse Seiner
700033526,VESSEL_STR_012,KR,transit,1.0,purse_seiner,0.9999997758191005,0.0,0.0,0.0,0.0,0.0,0.0,0.0,1.0,0.0,0.002430555555555555,0.0,0.0,0.002430555555555555,Transit,Fishing - Purse Seiner
700033526,VESSEL_STR_012,KR,transit,1.0,purse_seiner,0.9999997758191005,0.0,0.0,0.0,0.0,0.0,0.0,0.0,1.0,0.0,0.002430555555555555,0.0,0.0,0.002430555555555555,Transit,Fishing - Purse Seiner
700033526,VESSEL_STR_012,KR,transit,1.0,purse_seiner,0.9999997758191005,0.0,0.0,0.0,0.0,0.0,0.0,0.0,1.0,0.0,0.002430555555555555,0.0,0.0,0.002430555555555555,Transit,Fishing - Purse Seiner
700033526,VESSEL_STR_012,KR,transit,0.9983333333333333,purse_seiner,0.9999997758191005,0.0016666666666666668,0.0,0.0,0.0,0.0,0.0,0.0,0.9983333333333333,0.0,0.002430555555555555,0.0,0.0,0.002430555555555555,Transit,Fishing - Purse Seiner
700033526,VESSEL_STR_012,KR,transit,0.9966666666666667,purse_seiner,0.9999997758191005,0.0033333333333333335,0.0,0.0,0.0,0.0,0.0,0.0,0.9966666666666667,0.0,0.002430555555555555,0.0,0.0,0.002430555555555555,Transit,Fishing - Purse Seiner
700033526,VESSEL_STR_012,KR,transit,1.0,purse_seiner,0.9999997758191005,0.0,0.0,0.0,0.0,0.0,0.0,0.0,1.0,0.0,0.002430555555555555,0.0,0.0,0.002430555555555555,Transit,Fishing - Purse Seiner
700033526,VESSEL_STR_012,KR,transit,1.0,purse_seiner,0.9999997758191005,0.0,0.0,0.0,0.0,0.0,0.0,0.0,1.0,0.0,0.002430555555555555,0.0,0.0,0.002430555555555555,Transit,Fishing - Purse Seiner
700033526,VESSEL_STR_012,KR,transit,1.0,purse_seiner,0.9999997763054574,0.0,0.0,0.0,0.0,0.0,0.0,0.0,1.0,0.0,0.002430555555555555,0.0,0.0,0.002430555555555555,Transit,Fishing - Purse Seiner
700033526,VESSEL_STR_012,KR,transit,1.0,purse_seiner,0.9999997779265579,0.0,0.0,0.0,0.0,0.0,0.0,0.0,1.0,0.0,0.002430555555555555,0.0,0.0,0.002430555555555555,Transit,Fishing - Purse Seiner
700033526,VESSEL_STR_012,KR,transit,1.0,purse_seiner,0.9999997758304419,0.0,0.0,0.0,0.0,0.0,0.0,0.0,1.0,0.0,0.002430555555555555,0.0,0.0,0.002430555555555555,Transit,Fishing - Purse Seiner
700033526,VESSEL_STR_012,KR,transit,1.0,purse_seiner,0.9999997758191005,0.0,0.0,0.0,0.0,0.0,0.0,0.0,1.0,0.0,0.002430555555555555,0.0,0.0,0.002430555555555555,Transit,Fishing - Purse Seiner
700033526,VESSEL_STR_012,KR,transit,1.0,purse_seiner,0.9999997758191005,0.0,0.0,0.0,0.0,0.0,0.0,0.0,1.0,0.0,0.002430555555555555,0.0,0.0,0.002430555555555555,Transit,Fishing - Purse Seiner
700033526,VESSEL_STR_012,KR,transit,1.0,purse_seiner,0.9999997758191005,0.0,0.0,0.0,0.0,0.0,0.0,0.0,1.0,0.0,0.002430555555555555,0.0,0.0,0.002430555555555555,Transit,Fishing - Purse Seiner
700033526,VESSEL_STR_012,KR,transit,1.0,purse_seiner,0.9999997758191005,0.0,0.0,0.0,0.0,0.0,0.0,0.0,1.0,0.0,0.002430555555555555,0.0,0.0,0.002430555555555555,Transit,Fishing - Purse Seiner
700033526,VESSEL_STR_012,KR,transit,1.0,purse_seiner,0.9999997758191005,0.0,0.0,0.0,0.0,0.0,0.0,0.0,1.0,0.0,0.002430555555555555,0.0,0.0,0.002430555555555555,Transit,Fishing - Purse Seiner
700033526,VESSEL_STR_012,KR,transit,1.0,purse_seiner,0.9999997758191005,0.0,0.0,0.0,0.0,0.0,0.0,0.0,1.0,0.0,0.002430555555555555,0.0,0.0,0.002430555555555555,Transit,Fishing - Purse Seiner
700033527,VESSEL_STR_013,JP,transit,1.0,longliner,0.9999999829394722,0.0,0.0,0.0,0.0,0.0,0.0,0.0,1.0,0.0,0.002430555555555555,0.0,0.0,0.002430555555555555,Transit,Fishing - Longliner
700033527,VESSEL_STR_013,JP,transit,1.0,longliner,0.999999982938847,0.0,0.0,0.0,0.0,0.0,0.0,0.0,1.0,0.0,0.002430555555555555,0.0,0.0,0.002430555555555555,Transit,Fishing - Longliner
700033527,VESSEL_STR_013,JP,transit,1.0,longliner,0.999999982938847,0.0,0.0,0.0,0.0,0.0,0.0,0.0,1.0,0.0,0.002430555555555555,0.0,0.0,0.002430555555555555,Transit,Fishing - Longliner
700033527,VESSEL_STR_013,JP,transit,1.0,longliner,0.999999982938847,0.0,0.0,0.0,0.0,0.0,0.0,0.0,1.0,0.0,0.002430555555555555,0.0,0.0,0.002430555555555555,Transit,Fishing - Longliner
700033527,VESSEL_STR_013,JP,transit,1.0,longliner,0.999999982938847,0.0,0.0,0.0,0.0,0.0,0.0,0.0,1.0,0.0,0.002430555555555555,0.0,0.0,0.002430555555555555,Transit,Fishing - Longliner
700033527,VESSEL_STR_013,JP,transit,0.9847222222222223,longliner,0.9999999821392139,0.0,0.0,0.0,0.011388888888888888,0.0,0.003888888888888889,0.0,0.9847222222222223,0.0,0.002430555555555555,0.0,0.0,0.002430555555555555,Transit,Fishing - Longliner
700033527,VESSEL_STR_013,JP,fishing,0.9833333333333333,longliner,0.9999999804703655,0.0,0.0,0.0,0.9833333333333333,0.006666666666666667,0.0033333333333333335,0.0,0.006666666666666666,0.0,0.002430555555555555,0.6,0.0,0.6,Fishing,Fishing - Longliner
700033527,VESSEL_STR_013,JP,fishing,0.9961111111111113,longliner,0.9999999815552046,0.0,0.0,0.0,0.9961111111111113,0.0022222222222222222,0.0,0.0,0.0016666666666666668,0.0,0.002430555555555555,0.6,0.0,0.6,Fishing,Fishing - Longliner
700033527,VESSEL_STR_013,JP,fishing,1.0,longliner,0.9999999832457455,0.0,0.0,0.0,1.0,0.0,0.0,0.0,0.0,0.0,0.002430555555555555,0.6,0.0,0.6,Fishing,Fishing - Longliner
700033527,VESSEL_STR_013,JP,fishing,1.0,longliner,0.9999999832457455,0.0,0.0,0.0,1.0,0.0,0.0,0.0,0.0,0.0,0.002430555555555555,0.6,0.0,0.6,Fishing,Fishing - Longliner
700033527,VESSEL_STR_013,JP,fishing,1.0,longliner,0.9999999832457455,0.0,0.0,0.0,1.0,0.0,0.0,0.0,0.0,0.0,0.002430555555555555,0.6,0.0,0.6,Fishing,Fishing - Longliner
700033527,VESSEL_STR_013,JP,fishing,1.0,longliner,0.9999999832457455,0.0,0.0,0.0,1.0,0.0,0.0,0.0,0.0,0.0,0.002430555555555555,0.6,0.0,0.6,Fishing,Fishing - Longliner
700033527,VESSEL_STR_013,JP,fishing,0.9944444444444446,longliner,0.9999999832457455,0.0,0.0,0.0,0.9944444444444446,0.0033333333333333335,0.0,0.0,0.0022222222222222222,0.0,0.002430555555555555,0.6,0.0,0.6,Fishing,Fishing - Longliner
700033527,VESSEL_STR_013,JP,fishing,1.0,longliner,0.9999999832457455,0.0,0.0,0.0,1.0,0.0,0.0,0.0,0.0,0.0,0.002430555555555555,0.6,0.0,0.6,Fishing,Fishing - Longliner
700033527,VESSEL_STR_013,JP,fishing,1.0,longliner,0.9999999832457455,0.0,0.0,0.0,1.0,0.0,0.0,0.0,0.0,0.0,0.002430555555555555,0.6,0.0,0.6,Fishing,Fishing - Longliner
700033527,VESSEL_STR_013,JP,fishing,1.0,longliner,0.9999999832457455,0.0,0.0,0.0,1.0,0.0,0.0,0.0,0.0,0.0,0.002430555555555555,0.6,0.0,0.6,Fishing,Fishing - Longliner
700033527,VESSEL_STR_013,JP,fishing,1.0,longliner,0.9999999832457455,0.0,0.0,0.0,1.0,0.0,0.0,0.0,0.0,0.0,0.002430555555555555,0.6,0.0,0.6,Fishing,Fishing - Longliner
700033527,VESSEL_STR_013,JP,fishing,0.9991666666666666,longliner,0.9999999832457455,0.0,0.0008333333333333334,0.0,0.9991666666666666,0.0,0.0,0.0,0.0,0.0,0.002430555555555555,0.6,0.0,0.6,Fishing,Fishing - Longliner
700033527,VESSEL_STR_013,JP,fishing,1.0,longliner,0.9999999832457455,0.0,0.0,0.0,1.0,0.0,0.0,0.0,0.0,0.0,0.002430555555555555,0.6,0.0,0.6,Fishing,Fishing - Longliner
700033527,VESSEL_STR_013,JP,fishing,1.0,longliner,0.9999999832457455,0.0,0.0,0.0,1.0,0.0,0.0,0.0,0.0,0.0,0.002430555555555555,0.6,0.0,0.6,Fishing,Fishing - Longliner
700033527,VESSEL_STR_013,JP,fishing,1.0,longliner,0.9999999832457455,0.0,0.0,0.0,1.0,0.0,0.0,0.0,0.0,0.0,0.002430555555555555,0.6,0.0,0.6,Fishing,Fishing - Longliner
700033527,VESSEL_STR_013,JP,fishing,1.0,longliner,0.9999999832457455,0.0,0.0,0.0,1.0,0.0,0.0,0.0,0.0,0.0,0.002430555555555555,0.6,0.0,0.6,Fishing,Fishing - Longliner
700033527,VESSEL_STR_013,JP,fishing,1.0,longliner,0.9999999832457455,0.0,0.0,0.0,1.0,0.0,0.0,0.0,0.0,0.0,0.002430555555555555,0.6,0.0,0.6,Fishing,Fishing - Longliner
700033527,VESSEL_STR_013,JP,fishing,1.0,longliner,0.9999999832457455,0.0,0.0,0.0,1.0,0.0,0.0,0.0,0.0,0.0,0.002430555555555555,0.6,0.0,0.6,Fishing,Fishing - Longliner
700033527,VESSEL_STR_013,JP,fishing,1.0,longliner,0.9999999832457455,0.0,0.0,0.0,1.0,0.0,0.0,0.0,0.0,0.0,0.002430555555555555,0.6,0.0,0.6,Fishing,Fishing - Longliner
700033527,VESSEL_STR_013,JP,fishing,1.0,longliner,0.9999999827182239,0.0,0.0,0.0,1.0,0.0,0.0,0.0,0.0,0.0,0.002430555555555555,0.6,0.0,0.6,Fishing,Fishing - Longliner
700033527,VESSEL_STR_013,JP,fishing,1.0,longliner,0.9999999832457455,0.0,0.0,0.0,1.0,0.0,0.0,0.0,0.0,0.0,0.002430555555555555,0.6,0.0,0.6,Fishing,Fishing - Longliner
700033527,VESSEL_STR_013,JP,fishing,1.0,longliner,0.9999999832457455,0.0,0.0,0.0,1.0,0.0,0.0,0.0,0.0,0.0,0.002430555555555555,0.6,0.0,0.6,Fishing,Fishing - Longliner
700033527,VESSEL_STR_013,JP,fishing,1.0,longliner,0.9999999832457455,0.0,0.0,0.0,1.0,0.0,0.0,0.0,0.0,0.0,0.002430555555555555,0.6,0.0,0.6,Fishing,Fishing - Longliner
700033527,VESSEL_STR_013,JP,fishing,1.0,longliner,0.9999999832457455,0.0,0.0,0.0,1.0,0.0,0.0,0.0,0.0,0.0,0.002430555555555555,0.6,0.0,0.6,Fishing,Fishing - Longliner
700033527,VESSEL_STR_013,JP,fishing,0.9966666666666667,longliner,0.9999999827182239,0.0,0.0,0.0,0.9966666666666667,0.0033333333333333335,0.0,0.0,0.0,0.0,0.002430555555555555,0.6,0.0,0.6,Fishing,Fishing - Longliner
700033527,VESSEL_STR_013,JP,fishing,0.9421616161616163,longliner,0.9999999832457455,0.002444444444444445,0.008967171717171717,0.0,0.9421616161616163,0.020242424242424242,0.003666666666666667,0.011285353535353536,0.011232323232323232,0.0,0.002430555555555555,0.6,0.0,0.6,Fishing,Fishing - Longliner
700033527,VESSEL_STR_013,JP,fishing,0.9933333333333333,longliner,0.999999981279284,0.0,0.0,0.0,0.9933333333333333,0.0016666666666666668,0.0,0.0,0.0016666666666666668,0.0033333333333333335,0.002430555555555555,0.6,0.0,0.6,Fishing,Fishing - Longliner
700033527,VESSEL_STR_013,JP,transit,0.9016216931216932,longliner,0.9999999814577892,9.259259259259259e-05,0.002407407407407407,0.005277777777777778,0.0653888888888889,0.010026455026455026,0.0,0.0016666666666666668,0.9016216931216932,0.013518518518518518,0.002430555555555555,0.0,0.0,0.002430555555555555,Transit,Fishing - Longliner
700033527,VESSEL_STR_013,JP,transit,1.0,longliner,0.9999999828082379,0.0,0.0,0.0,0.0,0.0,0.0,0.0,1.0,0.0,0.002430555555555555,0.0,0.0,0.002430555555555555,Transit,Fishing - Longliner
700033527,VESSEL_STR_013,JP,transit,1.0,longliner,0.999999982938847,0.0,0.0,0.0,0.0,0.0,0.0,0.0,1.0,0.0,0.002430555555555555,0.0,0.0,0.002430555555555555,Transit,Fishing - Longliner
700033527,VESSEL_STR_013,JP,transit,0.8697857142857142,longliner,0.9999999828425531,0.005,0.0,0.0,0.08192857142857142,0.005833333333333334,0.03228571428571429,0.0,0.8697857142857142,0.005166666666666667,0.002430555555555555,0.0,0.0,0.002430555555555555,Transit,Fishing - Longliner
700033527,VESSEL_STR_013,JP,fishing,0.9675,longliner,0.9999999814577797,0.0,0.0,0.0,0.9675,0.0033333333333333335,0.005,0.0,0.023055555555555555,0.0011111111111111111,0.002430555555555555,0.6,0.0,0.6,Fishing,Fishing - Longliner
700033527,VESSEL_STR_013,JP,fishing,1.0,longliner,0.9999999817460484,0.0,0.0,0.0,1.0,0.0,0.0,0.0,0.0,0.0,0.002430555555555555,0.6,0.0,0.6,Fishing,Fishing - Longliner
700033527,VESSEL_STR_013,JP,fishing,1.0,longliner,0.9999999832457455,0.0,0.0,0.0,1.0,0.0,0.0,0.0,0.0,0.0,0.002430555555555555,0.6,0.0,0.6,Fishing,Fishing - Longliner
700033527,VESSEL_STR_013,JP,fishing,1.0,longliner,0.9999999832457455,0.0,0.0,0.0,1.0,0.0,0.0,0.0,0.0,0.0,0.002430555555555555,0.6,0.0,0.6,Fishing,Fishing - Longliner
700033527,VESSEL_STR_013,JP,fishing,0.991111111111111,longliner,0.9999999832457455,0.0,0.0038888888888888883,0.0,0.991111111111111,0.004166666666666667,0.0,0.0008333333333333334,0.0,0.0,0.002430555555555555,0.6,0.0,0.6,Fishing,Fishing - Longliner
700033527,VESSEL_STR_013,JP,fishing,1.0,longliner,0.9999999832457455,0.0,0.0,0.0,1.0,0.0,0.0,0.0,0.0,0.0,0.002430555555555555,0.6,0.0,0.6,Fishing,Fishing - Longliner
700033527,VESSEL_STR_013,JP,fishing,0.9961111111111111,longliner,0.9999999832457455,0.0,0.0,0.0,0.9961111111111111,0.0,0.0,0.0,0.0,0.0038888888888888883,0.002430555555555555,0.6,0.0,0.6,Fishing,Fishing - Longliner
700033527,VESSEL_STR_013,JP,fishing,0.9983333333333333,longliner,0.9999999832474199,0.0,0.0,0.0,0.9983333333333333,0.0,0.0,0.0,0.0,0.0016666666666666668,0.002430555555555555,0.6,0.0,0.6,Fishing,Fishing - Longliner
700033527,VESSEL_STR_013,JP,fishing,1.0,longliner,0.9999999832457455,0.0,0.0,0.0,1.0,0.0,0.0,0.0,0.0,0.0,0.002430555555555555,0.6,0.0,0.6,Fishing,Fishing - Longliner
700033527,VESSEL_STR_013,JP,fishing,1.0,longliner,0.9999999832457455,0.0,0.0,0.0,1.0,0.0,0.0,0.0,0.0,0.0,0.002430555555555555,0.6,0.0,0.6,Fishing,Fishing - Longliner
700033527,VESSEL_STR_013,JP,fishing,0.9966666666666667,longliner,0.9999999815631341,0.0,0.0,0.0,0.9966666666666667,0.0011111111111111111,0.0,0.0,0.0,0.0022222222222222222,0.002430555555555555,0.6,0.0,0.6,Fishing,Fishing - Longliner
700033527,VESSEL_STR_013,JP,transit,0.8596106301106302,longliner,0.9999999798285393,0.010187830687830687,0.039430134680134676,0.0044444444444444444,0.02655050505050505,0.003316498316498316,0.005666666666666666,0.04879329004329004,0.8596106301106302,0.002,0.002430555555555555,0.0,0.0,0.002430555555555555,Transit,Fishing - Longliner
700033527,VESSEL_STR_013,JP,transit,0.9972222222222221,longliner,0.9999999828082905,0.0,0.0,0.0,0.0,0.0,0.0027777777777777775,0.0,0.9972222222222221,0.0,0.002430555555555555,0.0,0.0,0.002430555555555555,Transit,Fishing - Longliner
700033527,VESSEL_STR_013,JP,transit,0.9944444444444444,longliner,0.999999982966124,0.0,0.0,0.0,0.0,0.0,0.0038888888888888883,0.0,0.9944444444444444,0.0016666666666666668,0.002430555555555555,0.0,0.0,0.002430555555555555,Transit,Fishing - Longliner
700033527,VESSEL_STR_013,JP,transit,0.9988888888888887,longliner,0.999999982938847,0.0,0.0,0.0,0.0,0.0011111111111111111,0.0,0.0,0.9988888888888887,0.0,0.002430555555555555,0.0,0.0,0.002430555555555555,Transit,Fishing - Longliner
700033527,VESSEL_STR_013,JP,transit,1.0,longliner,0.999999982938847,0.0,0.0,0.0,0.0,0.0,0.0,0.0,1.0,0.0,0.002430555555555555,0.0,0.0,0.002430555555555555,Transit,Fishing - Longliner
700033527,VESSEL_STR_013,JP,transit,1.0,longliner,0.999999982938847,0.0,0.0,0.0,0.0,0.0,0.0,0.0,1.0,0.0,0.002430555555555555,0.0,0.0,0.002430555555555555,Transit,Fishing - Longliner
700033527,VESSEL_STR_013,JP,transit,1.0,longliner,0.999999982938847,0.0,0.0,0.0,0.0,0.0,0.0,0.0,1.0,0.0,0.002430555555555555,0.0,0.0,0.002430555555555555,Transit,Fishing - Longliner
700033527,VESSEL_STR_013,JP,transit,1.0,longliner,0.999999982938847,0.0,0.0,0.0,0.0,0.0,0.0,0.0,1.0,0.0,0.002430555555555555,0.0,0.0,0.002430555555555555,Transit,Fishing - Longliner
700033527,VESSEL_STR_013,JP,transit,1.0,longliner,0.999999982938847,0.0,0.0,0.0,0.0,0.0,0.0,0.0,1.0,0.0,0.002430555555555555,0.0,0.0,0.002430555555555555,Transit,Fishing - Longliner
700033527,VESSEL_STR_013,JP,transit,1.0,longliner,0.999999982938847,0.0,0.0,0.0,0.0,0.0,0.0,0.0,1.0,0.0,0.002430555555555555,0.0,0.0,0.002430555555555555,Transit,Fishing - Longliner
700033527,VESSEL_STR_013,JP,transit,1.0,longliner,0.999999982938847,0.0,0.0,0.0,0.0,0.0,0.0,0.0,1.0,0.0,0.002430555555555555,0.0,0.0,0.002430555555555555,Transit,Fishing - Longliner
700033527,VESSEL_STR_013,JP,transit,1.0,longliner,0.999999982938847,0.0,0.0,0.0,0.0,0.0,0.0,0.0,1.0,0.0,0.002430555555555555,0.0,0.0,0.002430555555555555,Transit,Fishing - Longliner
700033527,VESSEL_STR_013,JP,transit,1.0,longliner,0.999999982938847,0.0,0.0,0.0,0.0,0.0,0.0,0.0,1.0,0.0,0.002430555555555555,0.0,0.0,0.002430555555555555,Transit,Fishing - Longliner
700033527,VESSEL_STR_013,JP,transit,1.0,longliner,0.999999982938847,0.0,0.0,0.0,0.0,0.0,0.0,0.0,1.0,0.0,0.002430555555555555,0.0,0.0,0.002430555555555555,Transit,Fishing - Longliner
700033527,VESSEL_STR_013,JP,transit,1.0,longliner,0.999999982938847,0.0,0.0,0.0,0.0,0.0,0.0,0.0,1.0,0.0,0.002430555555555555,0.0,0.0,0.002430555555555555,Transit,Fishing - Longliner
700033527,VESSEL_STR_013,JP,transit,1.0,longliner,0.999999982938847,0.0,0.0,0.0,0.0,0.0,0.0,0.0,1.0,0.0,0.002430555555555555,0.0,0.0,0.002430555555555555,Transit,Fishing - Longliner
700033527,VESSEL_STR_013,JP,transit,1.0,longliner,0.999999982938847,0.0,0.0,0.0,0.0,0.0,0.0,0.0,1.0,0.0,0.002430555555555555,0.0,0.0,0.002430555555555555,Transit,Fishing - Longliner
700033527,VESSEL_STR_013,JP,transit,1.0,longliner,0.999999982938847,0.0,0.0,0.0,0.0,0.0,0.0,0.0,1.0,0.0,0.002430555555555555,0.0,0.0,0.002430555555555555,Transit,Fishing - Longliner
700033527,VESSEL_STR_013,JP,transit,0.9983333333333333,longliner,0.999999982938847,0.0016666666666666668,0.0,0.0,0.0,0.0,0.0,0.0,0.9983333333333333,0.0,0.002430555555555555,0.0,0.0,0.002430555555555555,Transit,Fishing - Longliner
700033527,VESSEL_STR_013,JP,transit,1.0,longliner,0.999999982938847,0.0,0.0,0.0,0.0,0.0,0.0,0.0,1.0,0.0,0.002430555555555555,0.0,0.0,0.002430555555555555,Transit,Fishing - Longliner
700033527,VESSEL_STR_013,JP,transit,1.0,longliner,0.999999982938847,0.0,0.0,0.0,0.0,0.0,0.0,0.0,1.0,0.0,0.002430555555555555,0.0,0.0,0.002430555555555555,Transit,Fishing - Longliner
700033527,VESSEL_STR_013,JP,transit,1.0,longliner,0.999999982938847,0.0,0.0,0.0,0.0,0.0,0.0,0.0,1.0,0.0,0.002430555555555555,0.0,0.0,0.002430555555555555,Transit,Fishing - Longliner
700033527,VESSEL_STR_013,JP,transit,1.0,longliner,0.999999982938847,0.0,0.0,0.0,0.0,0.0,0.0,0.0,1.0,0.0,0.002430555555555555,0.0,0.0,0.002430555555555555,Transit,Fishing - Longliner
700033527,VESSEL_STR_013,JP,transit,0.9955555555555556,longliner,0.999999982938847,0.0,0.0033333333333333335,0.0,0.0,0.0,0.0011111111111111111,0.0,0.9955555555555556,0.0,0.002430555555555555,0.0,0.0,0.002430555555555555,Transit,Fishing - Longliner
700033527,VESSEL_STR_013,JP,transit,1.0,longliner,0.999999982938847,0.0,0.0,0.0,0.0,0.0,0.0,0.0,1.0,0.0,0.002430555555555555,0.0,0.0,0.002430555555555555,Transit,Fishing - Longliner
700033527,VESSEL_STR_013,JP,transit,1.0,longliner,0.999999982938847,0.0,0.0,0.0,0.0,0.0,0.0,0.0,1.0,0.0,0.002430555555555555,0.0,0.0,0.002430555555555555,Transit,Fishing - Longliner
700033527,VESSEL_STR_013,JP,transit,1.0,longliner,0.999999982938847,0.0,0.0,0.0,0.0,0.0,0.0,0.0,1.0,0.0,0.002430555555555555,0.0,0.0,0.002430555555555555,Transit,Fishing - Longliner
700033527,VESSEL_STR_013,JP,transit,1.0,longliner,0.999999982938847,0.0,0.0,0.0,0.0,0.0,0.0,0.0,1.0,0.0,0.002430555555555555,0.0,0.0,0.002430555555555555,Transit,Fishing - Longliner
700033527,VESSEL_STR_013,JP,transit,1.0,longliner,0.999999982938847,0.0,0.0,0.0,0.0,0.0,0.0,0.0,1.0,0.0,0.002430555555555555,0.0,0.0,0.002430555555555555,Transit,Fishing - Longliner
700033527,VESSEL_STR_013,JP,transit,1.0,longliner,0.999999982938847,0.0,0.0,0.0,0.0,0.0,0.0,0.0,1.0,0.0,0.002430555555555555,0.0,0.0,0.002430555555555555,Transit,Fishing - Longliner
700033527,VESSEL_STR_013,JP,transit,1.0,longliner,0.999999982938847,0.0,0.0,0.0,0.0,0.0,0.0,0.0,1.0,0.0,0.002430555555555555,0.0,0.0,0.002430555555555555,Transit,Fishing - Longliner
700033527,VESSEL_STR_013,JP,transit,1.0,longliner,0.999999982938847,0.0,0.0,0.0,0.0,0.0,0.0,0.0,1.0,0.0,0.002430555555555555,0.0,0.0,0.002430555555555555,Transit,Fishing - Longliner
700033527,VESSEL_STR_013,JP,transit,1.0,longliner,0.999999982938847,0.0,0.0,0.0,0.0,0.0,0.0,0.0,1.0,0.0,0.002430555555555555,0.0,0.0,0.002430555555555555,Transit,Fishing - Longliner
700033527,VESSEL_STR_013,JP,transit,1.0,longliner,0.999999982938847,0.0,0.0,0.0,0.0,0.0,0.0,0.0,1.0,0.0,0.002430555555555555,0.0,0.0,0.002430555555555555,Transit,Fishing - Longliner
700033527,VESSEL_STR_013,JP,transit,1.0,longliner,0.999999982938847,0.0,0.0,0.0,0.0,0.0,0.0,0.0,1.0,0.0,0.002430555555555555,0.0,0.0,0.002430555555555555,Transit,Fishing - Longliner
700033527,VESSEL_STR_013,JP,transit,1.0,longliner,0.999999982938847,0.0,0.0,0.0,0.0,0.0,0.0,0.0,1.0,0.0,0.002430555555555555,0.0,0.0,0.002430555555555555,Transit,Fishing - Longliner
700033527,VESSEL_STR_013,JP,transit,0.9961111111111113,longliner,0.999999982938847,0.0,0.0022222222222222222,0.0,0.0,0.0,0.0,0.0016666666666666668,0.9961111111111113,0.0,0.002430555555555555,0.0,0.0,0.002430555555555555,Transit,Fishing - Longliner
700033528,VESSEL_STR_014,LR,transit,1.0,trawler,0.9999999810894556,0.0,0.0,0.0,0.0,0.0,0.0,0.0,1.0,0.0,0.002430555555555555,0.0,0.0,0.002430555555555555,Transit,Fishing - Trawler
700033528,VESSEL_STR_014,LR,transit,1.0,trawler,0.9999999810895263,0.0,0.0,0.0,0.0,0.0,0.0,0.0,1.0,0.0,0.002430555555555555,0.0,0.0,0.002430555555555555,Transit,Fishing - Trawler
700033528,VESSEL_STR_014,LR,transit,1.0,trawler,0.9999999796238133,0.0,0.0,0.0,0.0,0.0,0.0,0.0,1.0,0.0,0.002430555555555555,0.0,0.0,0.002430555555555555,Transit,Fishing - Trawler
700033528,VESSEL_STR_014,LR,transit,1.0,trawler,0.9999999810888923,0.0,0.0,0.0,0.0,0.0,0.0,0.0,1.0,0.0,0.002430555555555555,0.0,0.0,0.002430555555555555,Transit,Fishing - Trawler
700033528,VESSEL_STR_014,LR,transit,1.0,trawler,0.9999999810896109,0.0,0.0,0.0,0.0,0.0,0.0,0.0,1.0,0.0,0.002430555555555555,0.0,0.0,0.002430555555555555,Transit,Fishing - Trawler
700033528,VESSEL_STR_014,LR,transit,1.0,trawler,0.9999999810896109,0.0,0.0,0.0,0.0,0.0,0.0,0.0,1.0,0.0,0.002430555555555555,0.0,0.0,0.002430555555555555,Transit,Fishing - Trawler
700033528,VESSEL_STR_014,LR,transit,1.0,trawler,0.9999999810896109,0.0,0.0,0.0,0.0,0.0,0.0,0.0,1.0,0.0,0.002430555555555555,0.0,0.0,0.002430555555555555,Transit,Fishing - Trawler
700033528,VESSEL_STR_014,LR,transit,1.0,trawler,0.9999999810888666,0.0,0.0,0.0,0.0,0.0,0.0,0.0,1.0,0.0,0.002430555555555555,0.0,0.0,0.002430555555555555,Transit,Fishing - Trawler
700033528,VESSEL_STR_014,LR,transit,1.0,trawler,0.9999999810888666,0.0,0.0,0.0,0.0,0.0,0.0,0.0,1.0,0.0,0.002430555555555555,0.0,0.0,0.002430555555555555,Transit,Fishing - Trawler
700033528,VESSEL_STR_014,LR,transit,1.0,trawler,0.9999999810888077,0.0,0.0,0.0,0.0,0.0,0.0,0.0,1.0,0.0,0.002430555555555555,0.0,0.0,0.002430555555555555,Transit,Fishing - Trawler
700033528,VESSEL_STR_014,LR,transit,1.0,trawler,0.9999999809427723,0.0,0.0,0.0,0.0,0.0,0.0,0.0,1.0,0.0,0.002430555555555555,0.0,0.0,0.002430555555555555,Transit,Fishing - Trawler
700033528,VESSEL_STR_014,LR,transit,1.0,trawler,0.9999999810888923,0.0,0.0,0.0,0.0,0.0,0.0,0.0,1.0,0.0,0.002430555555555555,0.0,0.0,0.002430555555555555,Transit,Fishing - Trawler
700033528,VESSEL_STR_014,LR,transit,1.0,trawler,0.9999999810888077,0.0,0.0,0.0,0.0,0.0,0.0,0.0,1.0,0.0,0.002430555555555555,0.0,0.0,0.002430555555555555,Transit,Fishing - Trawler
700033528,VESSEL_STR_014,LR,transit,0.9588888888888891,trawler,0.999999980973041,0.0,0.0,0.002,0.029111111111111115,0.0033333333333333335,0.006666666666666667,0.0,0.9588888888888891,0.0,0.002430555555555555,0.0,0.0,0.002430555555555555,Transit,Fishing - Trawler
700033528,VESSEL_STR_014,LR,fishing,0.945111111111111,trawler,0.9999999809808383,0.0,0.0,0.0,0.945111111111111,0.0038888888888888883,0.0,0.0016666666666666668,0.04933333333333333,0.0,0.002430555555555555,0.6,0.0,0.6,Fishing,Fishing - Trawler
700033528,VESSEL_STR_014,LR,fishing,1.0,trawler,0.9999999809750112,0.0,0.0,0.0,1.0,0.0,0.0,0.0,0.0,0.0,0.002430555555555555,0.6,0.0,0.6,Fishing,Fishing - Trawler
700033528,VESSEL_STR_014,LR,fishing,1.0,trawler,0.9999999806135228,0.0,0.0,0.0,1.0,0.0,0.0,0.0,0.0,0.0,0.002430555555555555,0.6,0.0,0.6,Fishing,Fishing - Trawler
700033528,VESSEL_STR_014,LR,fishing,1.0,trawler,0.9999999806135228,0.0,0.0,0.0,1.0,0.0,0.0,0.0,0.0,0.0,0.002430555555555555,0.6,0.0,0.6,Fishing,Fishing - Trawler
700033528,VESSEL_STR_014,LR,fishing,1.0,trawler,0.9999999806135228,0.0,0.0,0.0,1.0,0.0,0.0,0.0,0.0,0.0,0.002430555555555555,0.6,0.0,0.6,Fishing,Fishing - Trawler
700033528,VESSEL_STR_014,LR,fishing,1.0,trawler,0.9999999806135228,0.0,0.0,0.0,1.0,0.0,0.0,0.0,0.0,0.0,0.002430555555555555,0.6,0.0,0.6,Fishing,Fishing - Trawler
700033528,VESSEL_STR_014,LR,fishing,1.0,trawler,0.9999999806135228,0.0,0.0,0.0,1.0,0.0,0.0,0.0,0.0,0.0,0.002430555555555555,0.6,0.0,0.6,Fishing,Fishing - Trawler
700033528,VESSEL_STR_014,LR,fishing,1.0,trawler,0.9999999806135228,0.0,0.0,0.0,1.0,0.0,0.0,0.0,0.0,0.0,0.002430555555555555,0.6,0.0,0.6,Fishing,Fishing - Trawler
700033528,VESSEL_STR_014,LR,fishing,1.0,trawler,0.9999999806135228,0.0,0.0,0.0,1.0,0.0,0.0,0.0,0.0,0.0,0.002430555555555555,0.6,0.0,0.6,Fishing,Fishing - Trawler
700033528,VESSEL_STR_014,LR,fishing,1.0,trawler,0.9999999806135228,0.0,0.0,0.0,1.0,0.0,0.0,0.0,0.0,0.0,0.002430555555555555,0.6,0.0,0.6,Fishing,Fishing - Trawler
700033528,VESSEL_STR_014,LR,fishing,1.0,trawler,0.9999999806135228,0.0,0.0,0.0,1.0,0.0,0.0,0.0,0.0,0.0,0.002430555555555555,0.6,0.0,0.6,Fishing,Fishing - Trawler
700033528,VESSEL_STR_014,LR,fishing,1.0,trawler,0.9999999811212686,0.0,0.0,0.0,1.0,0.0,0.0,0.0,0.0,0.0,0.002430555555555555,0.6,0.0,0.6,Fishing,Fishing - Trawler
700033528,VESSEL_STR_014,LR,fishing,1.0,trawler,0.9999999811212686,0.0,0.0,0.0,1.0,0.0,0.0,0.0,0.0,0.0,0.002430555555555555,0.6,0.0,0.6,Fishing,Fishing - Trawler
700033528,VESSEL_STR_014,LR,fishing,1.0,trawler,0.9999999806135228,0.0,0.0,0.0,1.0,0.0,0.0,0.0,0.0,0.0,0.002430555555555555,0.6,0.0,0.6,Fishing,Fishing - Trawler
700033528,VESSEL_STR_014,LR,fishing,1.0,trawler,0.9999999806738594,0.0,0.0,0.0,1.0,0.0,0.0,0.0,0.0,0.0,0.002430555555555555,0.6,0.0,0.6,Fishing,Fishing - Trawler
700033528,VESSEL_STR_014,LR,fishing,1.0,trawler,0.9999999806135228,0.0,0.0,0.0,1.0,0.0,0.0,0.0,0.0,0.0,0.002430555555555555,0.6,0.0,0.6,Fishing,Fishing - Trawler
700033528,VESSEL_STR_014,LR,fishing,1.0,trawler,0.9999999804301208,0.0,0.0,0.0,1.0,0.0,0.0,0.0,0.0,0.0,0.002430555555555555,0.6,0.0,0.6,Fishing,Fishing - Trawler
700033528,VESSEL_STR_014,LR,fishing,1.0,trawler,0.9999999806738594,0.0,0.0,0.0,1.0,0.0,0.0,0.0,0.0,0.0,0.002430555555555555,0.6,0.0,0.6,Fishing,Fishing - Trawler
700033528,VESSEL_STR_014,LR,fishing,1.0,trawler,0.9999999809750112,0.0,0.0,0.0,1.0,0.0,0.0,0.0,0.0,0.0,0.002430555555555555,0.6,0.0,0.6,Fishing,Fishing - Trawler
700033528,VESSEL_STR_014,LR,transit,0.9298989898989896,trawler,0.9999999809808383,0.0,0.0001893939393939394,0.0,0.047328282828282824,0.003409090909090909,0.0,0.01172979797979798,0.9298989898989896,0.0074444444444444445,0.002430555555555555,0.0,0.0,0.002430555555555555,Transit,Fishing - Trawler
700033528,VESSEL_STR_014,LR,transit,1.0,trawler,0.9999999810888077,0.0,0.0,0.0,0.0,0.0,0.0,0.0,1.0,0.0,0.002430555555555555,0.0,0.0,0.002430555555555555,Transit,Fishing - Trawler
700033528,VESSEL_STR_014,LR,fishing,0.7720000000000001,trawler,0.999999980973041,0.0,0.0,0.0,0.7720000000000001,0.0,0.004841269841269841,0.0022222222222222222,0.21804761904761905,0.002888888888888889,0.002430555555555555,0.6,0.0,0.6,Fishing,Fishing - Trawler
700033528,VESSEL_STR_014,LR,fishing,0.9710000000000001,trawler,0.9999999809750112,0.0,0.0,0.0,0.9710000000000001,0.0,0.0075,0.0,0.021500000000000002,0.0,0.002430555555555555,0.6,0.0,0.6,Fishing,Fishing - Trawler
700033528,VESSEL_STR_014,LR,fishing,1.0,trawler,0.9999999811212686,0.0,0.0,0.0,1.0,0.0,0.0,0.0,0.0,0.0,0.002430555555555555,0.6,0.0,0.6,Fishing,Fishing - Trawler
700033528,VESSEL_STR_014,LR,fishing,1.0,trawler,0.9999999811212686,0.0,0.0,0.0,1.0,0.0,0.0,0.0,0.0,0.0,0.002430555555555555,0.6,0.0,0.6,Fishing,Fishing - Trawler
700033528,VESSEL_STR_014,LR,fishing,1.0,trawler,0.9999999811212686,0.0,0.0,0.0,1.0,0.0,0.0,0.0,0.0,0.0,0.002430555555555555,0.6,0.0,0.6,Fishing,Fishing - Trawler
700033528,VESSEL_STR_014,LR,fishing,1.0,trawler,0.9999999811212686,0.0,0.0,0.0,1.0,0.0,0.0,0.0,0.0,0.0,0.002430555555555555,0.6,0.0,0.6,Fishing,Fishing - Trawler
700033528,VESSEL_STR_014,LR,fishing,1.0,trawler,0.9999999806135228,0.0,0.0,0.0,1.0,0.0,0.0,0.0,0.0,0.0,0.002430555555555555,0.6,0.0,0.6,Fishing,Fishing - Trawler
700033528,VESSEL_STR_014,LR,fishing,1.0,trawler,0.9999999806135228,0.0,0.0,0.0,1.0,0.0,0.0,0.0,0.0,0.0,0.002430555555555555,0.6,0.0,0.6,Fishing,Fishing - Trawler
700033528,VESSEL_STR_014,LR,fishing,1.0,trawler,0.9999999811212686,0.0,0.0,0.0,1.0,0.0,0.0,0.0,0.0,0.0,0.002430555555555555,0.6,0.0,0.6,Fishing,Fishing - Trawler
700033528,VESSEL_STR_014,LR,fishing,1.0,trawler,0.9999999806135228,0.0,0.0,0.0,1.0,0.0,0.0,0.0,0.0,0.0,0.002430555555555555,0.6,0.0,0.6,Fishing,Fishing - Trawler
700033528,VESSEL_STR_014,LR,fishing,1.0,trawler,0.9999999806135228,0.0,0.0,0.0,1.0,0.0,0.0,0.0,0.0,0.0,0.002430555555555555,0.6,0.0,0.6,Fishing,Fishing - Trawler
700033528,VESSEL_STR_014,LR,fishing,1.0,trawler,0.9999999811212686,0.0,0.0,0.0,1.0,0.0,0.0,0.0,0.0,0.0,0.002430555555555555,0.6,0.0,0.6,Fishing,Fishing - Trawler
700033528,VESSEL_STR_014,LR,fishing,1.0,trawler,0.9999999811212686,0.0,0.0,0.0,1.0,0.0,0.0,0.0,0.0,0.0,0.002430555555555555,0.6,0.0,0.6,Fishing,Fishing - Trawler
700033528,VESSEL_STR_014,LR,fishing,1.0,trawler,0.9999999806135228,0.0,0.0,0.0,1.0,0.0,0.0,0.0,0.0,0.0,0.002430555555555555,0.6,0.0,0.6,Fishing,Fishing - Trawler
700033528,VESSEL_STR_014,LR,fishing,1.0,trawler,0.9999999806135228,0.0,0.0,0.0,1.0,0.0,0.0,0.0,0.0,0.0,0.002430555555555555,0.6,0.0,0.6,Fishing,Fishing - Trawler
700033528,VESSEL_STR_014,LR,fishing,0.9977777777777779,trawler,0.9999999804301208,0.0,0.0,0.0,0.9977777777777779,0.0022222222222222222,0.0,0.0,0.0,0.0,0.002430555555555555,0.6,0.0,0.6,Fishing,Fishing - Trawler
700033528,VESSEL_STR_014,LR,fishing,1.0,trawler,0.9999999806135228,0.0,0.0,0.0,1.0,0.0,0.0,0.0,0.0,0.0,0.002430555555555555,0.6,0.0,0.6,Fishing,Fishing - Trawler
700033528,VESSEL_STR_014,LR,fishing,0.9795634920634921,trawler,0.9999999809750112,0.0022222222222222222,0.0016666666666666668,0.0,0.9795634920634921,0.0011111111111111111,0.0,0.0033333333333333335,0.012103174603174604,0.0,0.002430555555555555,0.6,0.0,0.6,Fishing,Fishing - Trawler
700033528,VESSEL_STR_014,LR,transit,0.949010101010101,trawler,0.9999999809750112,0.0,0.0001893939393939394,0.002,0.03199494949494949,0.0017424242424242424,0.0,0.015063131313131315,0.949010101010101,0.0,0.002430555555555555,0.0,0.0,0.002430555555555555,Transit,Fishing - Trawler
700033528,VESSEL_STR_014,LR,transit,1.0,trawler,0.9999999810888077,0.0,0.0,0.0,0.0,0.0,0.0,0.0,1.0,0.0,0.002430555555555555,0.0,0.0,0.002430555555555555,Transit,Fishing - Trawler
700033528,VESSEL_STR_014,LR,transit,0.9983333333333333,trawler,0.9999999810888077,0.0,0.0,0.0,0.0016666666666666668,0.0,0.0,0.0,0.9983333333333333,0.0,0.002430555555555555,0.0,0.0,0.002430555555555555,Transit,Fishing - Trawler
700033528,VESSEL_STR_014,LR,transit,1.0,trawler,0.9999999810888077,0.0,0.0,0.0,0.0,0.0,0.0,0.0,1.0,0.0,0.002430555555555555,0.0,0.0,0.002430555555555555,Transit,Fishing - Trawler
700033528,VESSEL_STR_014,LR,transit,1.0,trawler,0.9999999810888077,0.0,0.0,0.0,0.0,0.0,0.0,0.0,1.0,0.0,0.002430555555555555,0.0,0.0,0.002430555555555555,Transit,Fishing - Trawler
700033528,VESSEL_STR_014,LR,transit,1.0,trawler,0.9999999810888077,0.0,0.0,0.0,0.0,0.0,0.0,0.0,1.0,0.0,0.002430555555555555,0.0,0.0,0.002430555555555555,Transit,Fishing - Trawler
700033528,VESSEL_STR_014,LR,transit,1.0,trawler,0.9999999810888077,0.0,0.0,0.0,0.0,0.0,0.0,0.0,1.0,0.0,0.002430555555555555,0.0,0.0,0.002430555555555555,Transit,Fishing - Trawler
700033528,VESSEL_STR_014,LR,transit,1.0,trawler,0.9999999810888077,0.0,0.0,0.0,0.0,0.0,0.0,0.0,1.0,0.0,0.002430555555555555,0.0,0.0,0.002430555555555555,Transit,Fishing - Trawler
700033528,VESSEL_STR_014,LR,transit,1.0,trawler,0.9999999810888077,0.0,0.0,0.0,0.0,0.0,0.0,0.0,1.0,0.0,0.002430555555555555,0.0,0.0,0.002430555555555555,Transit,Fishing - Trawler
700033528,VESSEL_STR_014,LR,transit,1.0,trawler,0.9999999810888077,0.0,0.0,0.0,0.0,0.0,0.0,0.0,1.0,0.0,0.002430555555555555,0.0,0.0,0.002430555555555555,Transit,Fishing - Trawler
700033528,VESSEL_STR_014,LR,transit,1.0,trawler,0.9999999810888077,0.0,0.0,0.0,0.0,0.0,0.0,0.0,1.0,0.0,0.002430555555555555,0.0,0.0,0.002430555555555555,Transit,Fishing - Trawler
700033528,VESSEL_STR_014,LR,transit,0.9988888888888889,trawler,0.9999999810888077,0.0,0.0,0.0,0.0,0.0,0.0,0.0011111111111111111,0.9988888888888889,0.0,0.002430555555555555,0.0,0.0,0.002430555555555555,Transit,Fishing - Trawler
700033528,VESSEL_STR_014,LR,transit,1.0,trawler,0.9999999810888077,0.0,0.0,0.0,0.0,0.0,0.0,0.0,1.0,0.0,0.002430555555555555,0.0,0.0,0.002430555555555555,Transit,Fishing - Trawler
700033528,VESSEL_STR_014,LR,transit,1.0,trawler,0.999999981089211,0.0,0.0,0.0,0.0,0.0,0.0,0.0,1.0,0.0,0.002430555555555555,0.0,0.0,0.002430555555555555,Transit,Fishing - Trawler
700033528,VESSEL_STR_014,LR,transit,1.0,trawler,0.9999999810896109,0.0,0.0,0.0,0.0,0.0,0.0,0.0,1.0,0.0,0.002430555555555555,0.0,0.0,0.002430555555555555,Transit,Fishing - Trawler
700033528,VESSEL_STR_014,LR,transit,1.0,trawler,0.9999999810896109,0.0,0.0,0.0,0.0,0.0,0.0,0.0,1.0,0.0,0.002430555555555555,0.0,0.0,0.002430555555555555,Transit,Fishing - Trawler
700033528,VESSEL_STR_014,LR,transit,1.0,trawler,0.9999999810889514,0.0,0.0,0.0,0.0,0.0,0.0,0.0,1.0,0.0,0.002430555555555555,0.0,0.0,0.002430555555555555,Transit,Fishing - Trawler
700033528,VESSEL_STR_014,LR,transit,0.9958333333333333,trawler,0.9999999810889514,0.0,0.0033333333333333335,0.0,0.0,0.0,0.0008333333333333334,0.0,0.9958333333333333,0.0,0.002430555555555555,0.0,0.0,0.002430555555555555,Transit,Fishing - Trawler
700033528,VESSEL_STR_014,LR,transit,1.0,trawler,0.9999999810896109,0.0,0.0,0.0,0.0,0.0,0.0,0.0,1.0,0.0,0.002430555555555555,0.0,0.0,0.002430555555555555,Transit,Fishing - Trawler
700033528,VESSEL_STR_014,LR,transit,1.0,trawler,0.9999999810888077,0.0,0.0,0.0,0.0,0.0,0.0,0.0,1.0,0.0,0.002430555555555555,0.0,0.0,0.002430555555555555,Transit,Fishing - Trawler
700033528,VESSEL_STR_014,LR,transit,1.0,trawler,0.9999999810888923,0.0,0.0,0.0,0.0,0.0,0.0,0.0,1.0,0.0,0.002430555555555555,0.0,0.0,0.002430555555555555,Transit,Fishing - Trawler
700033528,VESSEL_STR_014,LR,transit,0.9977777777777779,trawler,0.9999999810889514,0.0,0.0,0.0022222222222222222,0.0,0.0,0.0,0.0,0.9977777777777779,0.0,0.002430555555555555,0.0,0.0,0.002430555555555555,Transit,Fishing - Trawler
700033528,VESSEL_STR_014,LR,transit,1.0,trawler,0.9999999810888077,0.0,0.0,0.0,0.0,0.0,0.0,0.0,1.0,0.0,0.002430555555555555,0.0,0.0,0.002430555555555555,Transit,Fishing - Trawler
700033528,VESSEL_STR_014,LR,transit,1.0,trawler,0.9999999810888077,0.0,0.0,0.0,0.0,0.0,0.0,0.0,1.0,0.0,0.002430555555555555,0.0,0.0,0.002430555555555555,Transit,Fishing - Trawler
700033528,VESSEL_STR_014,LR,transit,0.9988888888888887,trawler,0.9999999810888923,0.0,0.0,0.0,0.0,0.0,0.0011111111111111111,0.0,0.9988888888888887,0.0,0.002430555555555555,0.0,0.0,0.002430555555555555,Transit,Fishing - Trawler
700033528,VESSEL_STR_014,LR,transit,1.0,trawler,0.9999999810896109,0.0,0.0,0.0,0.0,0.0,0.0,0.0,1.0,0.0,0.002430555555555555,0.0,0.0,0.002430555555555555,Transit,Fishing - Trawler
700033528,VESSEL_STR_014,LR,transit,1.0,trawler,0.9999999810895263,0.0,0.0,0.0,0.0,0.0,0.0,0.0,1.0,0.0,0.002430555555555555,0.0,0.0,0.002430555555555555,Transit,Fishing - Trawler
700033528,VESSEL_STR_014,LR,transit,1.0,trawler,0.9999999810888077,0.0,0.0,0.0,0.0,0.0,0.0,0.0,1.0,0.0,0.002430555555555555,0.0,0.0,0.002430555555555555,Transit,Fishing - Trawler
700033528,VESSEL_STR_014,LR,transit,1.0,trawler,0.9999999810888077,0.0,0.0,0.0,0.0,0.0,0.0,0.0,1.0,0.0,0.002430555555555555,0.0,0.0,0.002430555555555555,Transit,Fishing - Trawler
700033528,VESSEL_STR_014,LR,transit,1.0,trawler,0.9999999796238903,0.0,0.0,0.0,0.0,0.0,0.0,0.0,1.0,0.0,0.002430555555555555,0.0,0.0,0.002430555555555555,Transit,Fishing - Trawler
700033528,VESSEL_STR_014,LR,transit,1.0,trawler,0.9999999810896109,0.0,0.0,0.0,0.0,0.0,0.0,0.0,1.0,0.0,0.002430555555555555,0.0,0.0,0.002430555555555555,Transit,Fishing - Trawler
700033528,VESSEL_STR_014,LR,transit,1.0,trawler,0.9999999810896109,0.0,0.0,0.0,0.0,0.0,0.0,0.0,1.0,0.0,0.002430555555555555,0.0,0.0,0.002430555555555555,Transit,Fishing - Trawler
700033529,VESSEL_STR_015,JP,transit,1.0,purse_seiner,0.9999999731493481,0.0,0.0,0.0,0.0,0.0,0.0,0.0,1.0,0.0,0.002430555555555555,0.0,0.0,0.002430555555555555,Transit,Fishing - Purse Seiner
700033529,VESSEL_STR_015,JP,transit,0.991111111111111,purse_seiner,0.9999999731493481,0.008888888888888889,0.0,0.0,0.0,0.0,0.0,0.0,0.991111111111111,0.0,0.002430555555555555,0.0,0.0,0.002430555555555555,Transit,Fishing - Purse Seiner
700033529,VESSEL_STR_015,JP,transit,0.99,purse_seiner,0.9999999731493481,0.007777777777777777,0.0,0.0,0.0,0.0,0.0022222222222222222,0.0,0.99,0.0,0.002430555555555555,0.0,0.0,0.002430555555555555,Transit,Fishing - Purse Seiner
700033529,VESSEL_STR_015,JP,transit,0.9883333333333333,purse_seiner,0.9999999731493481,0.009444444444444443,0.0,0.0,0.0,0.0,0.0022222222222222222,0.0,0.9883333333333333,0.0,0.002430555555555555,0.0,0.0,0.002430555555555555,Transit,Fishing - Purse Seiner
700033529,VESSEL_STR_015,JP,transit,1.0,purse_seiner,0.9999999720531484,0.0,0.0,0.0,0.0,0.0,0.0,0.0,1.0,0.0,0.002430555555555555,0.0,0.0,0.002430555555555555,Transit,Fishing - Purse Seiner
700033529,VESSEL_STR_015,JP,transit,0.9988888888888887,purse_seiner,0.9999999730148764,0.0,0.0,0.0,0.0,0.0011111111111111111,0.0,0.0,0.9988888888888887,0.0,0.002430555555555555,0.0,0.0,0.002430555555555555,Transit,Fishing - Purse Seiner
700033529,VESSEL_STR_015,JP,transit,1.0,purse_seiner,0.9999999731493481,0.0,0.0,0.0,0.0,0.0,0.0,0.0,1.0,0.0,0.002430555555555555,0.0,0.0,0.002430555555555555,Transit,Fishing - Purse Seiner
700033529,VESSEL_STR_015,JP,transit,1.0,purse_seiner,0.9999999731493481,0.0,0.0,0.0,0.0,0.0,0.0,0.0,1.0,0.0,0.002430555555555555,0.0,0.0,0.002430555555555555,Transit,Fishing - Purse Seiner
700033529,VESSEL_STR_015,JP,transit,1.0,purse_seiner,0.9999999731493481,0.0,0.0,0.0,0.0,0.0,0.0,0.0,1.0,0.0,0.002430555555555555,0.0,0.0,0.002430555555555555,Transit,Fishing - Purse Seiner
700033529,VESSEL_STR_015,JP,transit,0.9834444444444446,purse_seiner,0.9999999730148764,0.0,0.0,0.0,0.010444444444444444,0.0011111111111111111,0.0016666666666666668,0.0,0.9834444444444446,0.0033333333333333335,0.002430555555555555,0.0,0.0,0.002430555555555555,Transit,Fishing - Purse Seiner
700033529,VESSEL_STR_015,JP,fishing,0.8954285714285717,purse_seiner,0.9999999496067736,0.0027777777777777775,0.0,0.0,0.8954285714285717,0.016888888888888887,0.0,0.0038888888888888883,0.06079365079365079,0.02022222222222222,0.002430555555555555,0.6,0.0,0.6,Fishing,Fishing - Purse Seiner
700033529,VESSEL_STR_015,JP,fishing,0.9966666666666667,purse_seiner,0.999999951143434,0.0,0.0,0.0,0.9966666666666667,0.0016666666666666668,0.0,0.0,0.0016666666666666668,0.0,0.002430555555555555,0.6,0.0,0.6,Fishing,Fishing - Purse Seiner
700033529,VESSEL_STR_015,JP,fishing,1.0,purse_seiner,0.9999999505667081,0.0,0.0,0.0,1.0,0.0,0.0,0.0,0.0,0.0,0.002430555555555555,0.6,0.0,0.6,Fishing,Fishing - Purse Seiner
700033529,VESSEL_STR_015,JP,fishing,1.0,purse_seiner,0.9999999505611443,0.0,0.0,0.0,1.0,0.0,0.0,0.0,0.0,0.0,0.002430555555555555,0.6,0.0,0.6,Fishing,Fishing - Purse Seiner
700033529,VESSEL_STR_015,JP,fishing,0.8711507936507936,purse_seiner,0.9999999505611443,0.012222222222222223,0.02748015873015873,0.0033333333333333335,0.8711507936507936,0.013222222222222222,0.0,0.023777777777777776,0.048813492063492066,0.0,0.002430555555555555,0.6,0.0,0.6,Fishing,Fishing - Purse Seiner
700033529,VESSEL_STR_015,JP,fishing,0.9977777777777778,purse_seiner,0.9999999513887535,0.0,0.0,0.0,0.9977777777777778,0.0022222222222222222,0.0,0.0,0.0,0.0,0.002430555555555555,0.6,0.0,0.6,Fishing,Fishing - Purse Seiner
700033529,VESSEL_STR_015,JP,fishing,1.0,purse_seiner,0.9999999513780652,0.0,0.0,0.0,1.0,0.0,0.0,0.0,0.0,0.0,0.002430555555555555,0.6,0.0,0.6,Fishing,Fishing - Purse Seiner
700033529,VESSEL_STR_015,JP,fishing,1.0,purse_seiner,0.9999999505611443,0.0,0.0,0.0,1.0,0.0,0.0,0.0,0.0,0.0,0.002430555555555555,0.6,0.0,0.6,Fishing,Fishing - Purse Seiner
700033529,VESSEL_STR_015,JP,fishing,1.0,purse_seiner,0.9999999505611443,0.0,0.0,0.0,1.0,0.0,0.0,0.0,0.0,0.0,0.002430555555555555,0.6,0.0,0.6,Fishing,Fishing - Purse Seiner
700033529,VESSEL_STR_015,JP,fishing,1.0,purse_seiner,0.9999999513725014,0.0,0.0,0.0,1.0,0.0,0.0,0.0,0.0,0.0,0.002430555555555555,0.6,0.0,0.6,Fishing,Fishing - Purse Seiner
700033529,VESSEL_STR_015,JP,fishing,1.0,purse_seiner,0.9999999505667081,0.0,0.0,0.0,1.0,0.0,0.0,0.0,0.0,0.0,0.002430555555555555,0.6,0.0,0.6,Fishing,Fishing - Purse Seiner
700033529,VESSEL_STR_015,JP,fishing,1.0,purse_seiner,0.9999999505611443,0.0,0.0,0.0,1.0,0.0,0.0,0.0,0.0,0.0,0.002430555555555555,0.6,0.0,0.6,Fishing,Fishing - Purse Seiner
700033529,VESSEL_STR_015,JP,fishing,1.0,purse_seiner,0.9999999513780652,0.0,0.0,0.0,1.0,0.0,0.0,0.0,0.0,0.0,0.002430555555555555,0.6,0.0,0.6,Fishing,Fishing - Purse Seiner
700033529,VESSEL_STR_015,JP,fishing,0.9030079365079366,purse_seiner,0.9999999511430964,0.0038888888888888883,0.005555555555555555,0.0,0.9030079365079366,0.0061111111111111106,0.0,0.0,0.0781031746031746,0.0033333333333333335,0.002430555555555555,0.6,0.0,0.6,Fishing,Fishing - Purse Seiner
700033529,VESSEL_STR_015,JP,transit,0.9779444444444446,purse_seiner,0.9999999511430964,0.008555555555555554,0.0,0.0,0.0135,0.0,0.0,0.0,0.9779444444444446,0.0,0.002430555555555555,0.0,0.0,0.002430555555555555,Transit,Fishing - Purse Seiner
700033529,VESSEL_STR_015,JP,transit,1.0,purse_seiner,0.999999972900811,0.0,0.0,0.0,0.0,0.0,0.0,0.0,1.0,0.0,0.002430555555555555,0.0,0.0,0.002430555555555555,Transit,Fishing - Purse Seiner
700033529,VESSEL_STR_015,JP,transit,1.0,purse_seiner,0.9999999731493481,0.0,0.0,0.0,0.0,0.0,0.0,0.0,1.0,0.0,0.002430555555555555,0.0,0.0,0.002430555555555555,Transit,Fishing - Purse Seiner
700033529,VESSEL_STR_015,JP,transit,0.9961111111111113,purse_seiner,0.999999953889047,0.0,0.0,0.0,0.0038888888888888883,0.0,0.0,0.0,0.9961111111111113,0.0,0.002430555555555555,0.0,0.0,0.002430555555555555,Transit,Fishing - Purse Seiner
700033529,VESSEL_STR_015,JP,fishing,0.9363333333333332,purse_seiner,0.9999999512919696,0.0,0.0,0.0,0.9363333333333332,0.0027777777777777775,0.0008333333333333334,0.0033333333333333335,0.0556111111111111,0.0011111111111111111,0.002430555555555555,0.6,0.0,0.6,Fishing,Fishing - Purse Seiner
700033529,VESSEL_STR_015,JP,fishing,1.0,purse_seiner,0.9999999513780652,0.0,0.0,0.0,1.0,0.0,0.0,0.0,0.0,0.0,0.002430555555555555,0.6,0.0,0.6,Fishing,Fishing - Purse Seiner
700033529,VESSEL_STR_015,JP,fishing,1.0,purse_seiner,0.9999999513725014,0.0,0.0,0.0,1.0,0.0,0.0,0.0,0.0,0.0,0.002430555555555555,0.6,0.0,0.6,Fishing,Fishing - Purse Seiner
700033529,VESSEL_STR_015,JP,fishing,1.0,purse_seiner,0.9999999513780652,0.0,0.0,0.0,1.0,0.0,0.0,0.0,0.0,0.0,0.002430555555555555,0.6,0.0,0.6,Fishing,Fishing - Purse Seiner
700033529,VESSEL_STR_015,JP,fishing,1.0,purse_seiner,0.9999999505611443,0.0,0.0,0.0,1.0,0.0,0.0,0.0,0.0,0.0,0.002430555555555555,0.6,0.0,0.6,Fishing,Fishing - Purse Seiner
700033529,VESSEL_STR_015,JP,fishing,1.0,purse_seiner,0.9999999505667081,0.0,0.0,0.0,1.0,0.0,0.0,0.0,0.0,0.0,0.002430555555555555,0.6,0.0,0.6,Fishing,Fishing - Purse Seiner
700033529,VESSEL_STR_015,JP,fishing,1.0,purse_seiner,0.9999999513725014,0.0,0.0,0.0,1.0,0.0,0.0,0.0,0.0,0.0,0.002430555555555555,0.6,0.0,0.6,Fishing,Fishing - Purse Seiner
700033529,VESSEL_STR_015,JP,fishing,1.0,purse_seiner,0.9999999513725014,0.0,0.0,0.0,1.0,0.0,0.0,0.0,0.0,0.0,0.002430555555555555,0.6,0.0,0.6,Fishing,Fishing - Purse Seiner
700033529,VESSEL_STR_015,JP,fishing,0.9972727272727273,purse_seiner,0.9999999513756878,0.0,0.0001893939393939394,0.0,0.9972727272727273,7.575757575757576e-05,0.0,0.0011742424242424242,0.001287878787878788,0.0,0.002430555555555555,0.6,0.0,0.6,Fishing,Fishing - Purse Seiner
700033529,VESSEL_STR_015,JP,fishing,1.0,purse_seiner,0.9999999505611443,0.0,0.0,0.0,1.0,0.0,0.0,0.0,0.0,0.0,0.002430555555555555,0.6,0.0,0.6,Fishing,Fishing - Purse Seiner
700033529,VESSEL_STR_015,JP,fishing,1.0,purse_seiner,0.9999999505611443,0.0,0.0,0.0,1.0,0.0,0.0,0.0,0.0,0.0,0.002430555555555555,0.6,0.0,0.6,Fishing,Fishing - Purse Seiner
700033529,VESSEL_STR_015,JP,fishing,1.0,purse_seiner,0.9999999505611443,0.0,0.0,0.0,1.0,0.0,0.0,0.0,0.0,0.0,0.002430555555555555,0.6,0.0,0.6,Fishing,Fishing - Purse Seiner
700033529,VESSEL_STR_015,JP,fishing,0.9977777777777778,purse_seiner,0.9999999513725014,0.0,0.0,0.0,0.9977777777777778,0.0022222222222222222,0.0,0.0,0.0,0.0,0.002430555555555555,0.6,0.0,0.6,Fishing,Fishing - Purse Seiner
700033529,VESSEL_STR_015,JP,fishing,1.0,purse_seiner,0.9999999513725014,0.0,0.0,0.0,1.0,0.0,0.0,0.0,0.0,0.0,0.002430555555555555,0.6,0.0,0.6,Fishing,Fishing - Purse Seiner
700033529,VESSEL_STR_015,JP,fishing,1.0,purse_seiner,0.9999999513725014,0.0,0.0,0.0,1.0,0.0,0.0,0.0,0.0,0.0,0.002430555555555555,0.6,0.0,0.6,Fishing,Fishing - Purse Seiner
700033529,VESSEL_STR_015,JP,fishing,1.0,purse_seiner,0.9999999513725014,0.0,0.0,0.0,1.0,0.0,0.0,0.0,0.0,0.0,0.002430555555555555,0.6,0.0,0.6,Fishing,Fishing - Purse Seiner
700033529,VESSEL_STR_015,JP,fishing,1.0,purse_seiner,0.9999999513725014,0.0,0.0,0.0,1.0,0.0,0.0,0.0,0.0,0.0,0.002430555555555555,0.6,0.0,0.6,Fishing,Fishing - Purse Seiner
700033529,VESSEL_STR_015,JP,fishing,0.9784632034632034,purse_seiner,0.999999951143434,0.0,0.0001893939393939394,0.005,0.9784632034632034,0.003964646464646465,0.006666666666666667,0.0011742424242424242,0.004065656565656566,0.0004761904761904762,0.002430555555555555,0.6,0.0,0.6,Fishing,Fishing - Purse Seiner
700033529,VESSEL_STR_015,JP,transit,0.8993650793650794,purse_seiner,0.9999999043532448,0.04322222222222222,0.006190476190476191,0.0,0.016388888888888887,0.0011111111111111111,0.0,0.03177777777777778,0.8993650793650794,0.0019444444444444442,0.002430555555555555,0.0,0.0,0.002430555555555555,Transit,Fishing - Purse Seiner
700033529,VESSEL_STR_015,JP,transit,1.0,purse_seiner,0.9999998805731427,0.0,0.0,0.0,0.0,0.0,0.0,0.0,1.0,0.0,0.002430555555555555,0.0,0.0,0.002430555555555555,Transit,Fishing - Purse Seiner
700033529,VESSEL_STR_015,JP,transit,1.0,purse_seiner,0.9999999731493481,0.0,0.0,0.0,0.0,0.0,0.0,0.0,1.0,0.0,0.002430555555555555,0.0,0.0,0.002430555555555555,Transit,Fishing - Purse Seiner
700033529,VESSEL_STR_015,JP,transit,0.9988888888888887,purse_seiner,0.9999999731493481,0.0,0.0,0.0,0.0,0.0011111111111111111,0.0,0.0,0.9988888888888887,0.0,0.002430555555555555,0.0,0.0,0.002430555555555555,Transit,Fishing - Purse Seiner
700033529,VESSEL_STR_015,JP,transit,0.9933333333333332,purse_seiner,0.9999999731493481,0.0,0.0,0.0,0.0,0.0011111111111111111,0.005555555555555555,0.0,0.9933333333333332,0.0,0.002430555555555555,0.0,0.0,0.002430555555555555,Transit,Fishing - Purse Seiner
700033529,VESSEL_STR_015,JP,transit,0.9952777777777777,purse_seiner,0.9999999731493481,0.004722222222222221,0.0,0.0,0.0,0.0,0.0,0.0,0.9952777777777777,0.0,0.002430555555555555,0.0,0.0,0.002430555555555555,Transit,Fishing - Purse Seiner
700033529,VESSEL_STR_015,JP,transit,0.9849444444444443,purse_seiner,0.9999999731493481,0.010555555555555556,0.0,0.0016666666666666668,0.0,0.0,0.002833333333333333,0.0,0.9849444444444443,0.0,0.002430555555555555,0.0,0.0,0.002430555555555555,Transit,Fishing - Purse Seiner
700033529,VESSEL_STR_015,JP,transit,0.9836111111111109,purse_seiner,0.9999999731493481,0.015555555555555553,0.0,0.0,0.0,0.0,0.0008333333333333334,0.0,0.9836111111111109,0.0,0.002430555555555555,0.0,0.0,0.002430555555555555,Transit,Fishing - Purse Seiner
700033529,VESSEL_STR_015,JP,transit,0.9983333333333333,purse_seiner,0.9999999731493481,0.0016666666666666668,0.0,0.0,0.0,0.0,0.0,0.0,0.9983333333333333,0.0,0.002430555555555555,0.0,0.0,0.002430555555555555,Transit,Fishing - Purse Seiner
700033529,VESSEL_STR_015,JP,transit,1.0,purse_seiner,0.9999999731493481,0.0,0.0,0.0,0.0,0.0,0.0,0.0,1.0,0.0,0.002430555555555555,0.0,0.0,0.002430555555555555,Transit,Fishing - Purse Seiner
700033529,VESSEL_STR_015,JP,transit,1.0,purse_seiner,0.9999999731493481,0.0,0.0,0.0,0.0,0.0,0.0,0.0,1.0,0.0,0.002430555555555555,0.0,0.0,0.002430555555555555,Transit,Fishing - Purse Seiner
700033529,VESSEL_STR_015,JP,transit,1.0,purse_seiner,0.9999999731493481,0.0,0.0,0.0,0.0,0.0,0.0,0.0,1.0,0.0,0.002430555555555555,0.0,0.0,0.002430555555555555,Transit,Fishing - Purse Seiner
700033529,VESSEL_STR_015,JP,transit,1.0,purse_seiner,0.9999999731493481,0.0,0.0,0.0,0.0,0.0,0.0,0.0,1.0,0.0,0.002430555555555555,0.0,0.0,0.002430555555555555,Transit,Fishing - Purse Seiner
700033529,VESSEL_STR_015,JP,transit,0.9977777777777779,purse_seiner,0.9999999731493481,0.0022222222222222222,0.0,0.0,0.0,0.0,0.0,0.0,0.9977777777777779,0.0,0.002430555555555555,0.0,0.0,0.002430555555555555,Transit,Fishing - Purse Seiner
700033529,VESSEL_STR_015,JP,transit,1.0,purse_seiner,0.9999999731493481,0.0,0.0,0.0,0.0,0.0,0.0,0.0,1.0,0.0,0.002430555555555555,0.0,0.0,0.002430555555555555,Transit,Fishing - Purse Seiner
700033529,VESSEL_STR_015,JP,transit,1.0,purse_seiner,0.9999999731493481,0.0,0.0,0.0,0.0,0.0,0.0,0.0,1.0,0.0,0.002430555555555555,0.0,0.0,0.002430555555555555,Transit,Fishing - Purse Seiner
700033529,VESSEL_STR_015,JP,transit,1.0,purse_seiner,0.9999999731493481,0.0,0.0,0.0,0.0,0.0,0.0,0.0,1.0,0.0,0.002430555555555555,0.0,0.0,0.002430555555555555,Transit,Fishing - Purse Seiner
700033529,VESSEL_STR_015,JP,transit,1.0,purse_seiner,0.9999999731493481,0.0,0.0,0.0,0.0,0.0,0.0,0.0,1.0,0.0,0.002430555555555555,0.0,0.0,0.002430555555555555,Transit,Fishing - Purse Seiner
700033529,VESSEL_STR_015,JP,transit,1.0,purse_seiner,0.999999974123791,0.0,0.0,0.0,0.0,0.0,0.0,0.0,1.0,0.0,0.002430555555555555,0.0,0.0,0.002430555555555555,Transit,Fishing - Purse Seiner
700033529,VESSEL_STR_015,JP,transit,1.0,purse_seiner,0.9999999731525657,0.0,0.0,0.0,0.0,0.0,0.0,0.0,1.0,0.0,0.002430555555555555,0.0,0.0,0.002430555555555555,Transit,Fishing - Purse Seiner
700033529,VESSEL_STR_015,JP,transit,1.0,purse_seiner,0.9999999731493481,0.0,0.0,0.0,0.0,0.0,0.0,0.0,1.0,0.0,0.002430555555555555,0.0,0.0,0.002430555555555555,Transit,Fishing - Purse Seiner
700033529,VESSEL_STR_015,JP,transit,1.0,purse_seiner,0.9999999731493481,0.0,0.0,0.0,0.0,0.0,0.0,0.0,1.0,0.0,0.002430555555555555,0.0,0.0,0.002430555555555555,Transit,Fishing - Purse Seiner
700033529,VESSEL_STR_015,JP,transit,1.0,purse_seiner,0.9999999731493481,0.0,0.0,0.0,0.0,0.0,0.0,0.0,1.0,0.0,0.002430555555555555,0.0,0.0,0.002430555555555555,Transit,Fishing - Purse Seiner
700033529,VESSEL_STR_015,JP,transit,1.0,purse_seiner,0.9999999731493481,0.0,0.0,0.0,0.0,0.0,0.0,0.0,1.0,0.0,0.002430555555555555,0.0,0.0,0.002430555555555555,Transit,Fishing - Purse Seiner
700033529,VESSEL_STR_015,JP,transit,1.0,purse_seiner,0.9999999731493481,0.0,0.0,0.0,0.0,0.0,0.0,0.0,1.0,0.0,0.002430555555555555,0.0,0.0,0.002430555555555555,Transit,Fishing - Purse Seiner
700033529,VESSEL_STR_015,JP,transit,1.0,purse_seiner,0.9999999731493481,0.0,0.0,0.0,0.0,0.0,0.0,0.0,1.0,0.0,0.002430555555555555,0.0,0.0,0.002430555555555555,Transit,Fishing - Purse Seiner
700033529,VESSEL_STR_015,JP,transit,1.0,purse_seiner,0.9999999731493481,0.0,0.0,0.0,0.0,0.0,0.0,0.0,1.0,0.0,0.002430555555555555,0.0,0.0,0.002430555555555555,Transit,Fishing - Purse Seiner
700033529,VESSEL_STR_015,JP,transit,1.0,purse_seiner,0.9999999731493481,0.0,0.0,0.0,0.0,0.0,0.0,0.0,1.0,0.0,0.002430555555555555,0.0,0.0,0.002430555555555555,Transit,Fishing - Purse Seiner
700033529,VESSEL_STR_015,JP,transit,1.0,purse_seiner,0.9999999731493481,0.0,0.0,0.0,0.0,0.0,0.0,0.0,1.0,0.0,0.002430555555555555,0.0,0.0,0.002430555555555555,Transit,Fishing - Purse Seiner
700033529,VESSEL_STR_015,JP,transit,1.0,purse_seiner,0.9999999731493481,0.0,0.0,0.0,0.0,0.0,0.0,0.0,1.0,0.0,0.002430555555555555,0.0,0.0,0.002430555555555555,Transit,Fishing - Purse Seiner
700033529,VESSEL_STR_015,JP,transit,1.0,purse_seiner,0.9999999731493481,0.0,0.0,0.0,0.0,0.0,0.0,0.0,1.0,0.0,0.002430555555555555,0.0,0.0,0.002430555555555555,Transit,Fishing - Purse Seiner
700033529,VESSEL_STR_015,JP,transit,1.0,purse_seiner,0.9999999731493481,0.0,0.0,0.0,0.0,0.0,0.0,0.0,1.0,0.0,0.002430555555555555,0.0,0.0,0.002430555555555555,Transit,Fishing - Purse Seiner
700033529,VESSEL_STR_015,JP,transit,1.0,purse_seiner,0.9999999731493481,0.0,0.0,0.0,0.0,0.0,0.0,0.0,1.0,0.0,0.002430555555555555,0.0,0.0,0.002430555555555555,Transit,Fishing - Purse Seiner
700033529,VESSEL_STR_015,JP,transit,1.0,purse_seiner,0.9999999731493481,0.0,0.0,0.0,0.0,0.0,0.0,0.0,1.0,0.0,0.002430555555555555,0.0,0.0,0.002430555555555555,Transit,Fishing - Purse Seiner
700033529,VESSEL_STR_015,JP,transit,0.9983333333333333,purse_seiner,0.9999999731493481,0.0,0.0,0.0,0.0,0.0,0.0,0.0016666666666666668,0.9983333333333333,0.0,0.002430555555555555,0.0,0.0,0.002430555555555555,Transit,Fishing - Purse Seiner
700033529,VESSEL_STR_015,JP,transit,1.0,purse_seiner,0.9999999741300232,0.0,0.0,0.0,0.0,0.0,0.0,0.0,1.0,0.0,0.002430555555555555,0.0,0.0,0.002430555555555555,Transit,Fishing - Purse Seiner
700033529,VESSEL_STR_015,JP,transit,1.0,purse_seiner,0.9999999731493481,0.0,0.0,0.0,0.0,0.0,0.0,0.0,1.0,0.0,0.002430555555555555,0.0,0.0,0.002430555555555555,Transit,Fishing - Purse Seiner
700033529,VESSEL_STR_015,JP,transit,1.0,purse_seiner,0.9999999731493481,0.0,0.0,0.0,0.0,0.0,0.0,0.0,1.0,0.0,0.002430555555555555,0.0,0.0,0.002430555555555555,Transit,Fishing - Purse Seiner
700033529,VESSEL_STR_015,JP,transit,1.0,purse_seiner,0.9999999741300232,0.0,0.0,0.0,0.0,0.0,0.0,0.0,1.0,0.0,0.002430555555555555,0.0,0.0,0.002430555555555555,Transit,Fishing - Purse Seiner
700033530,VESSEL_STR_016,LR,transit,1.0,trawler,0.9796599734445127,0.0,0.0,0.0,0.0,0.0,0.0,0.0,1.0,0.0,0.002430555555555555,0.0,0.0,0.002430555555555555,Transit,Fishing - Trawler
700033530,VESSEL_STR_016,LR,transit,1.0,trawler,0.9794066519612855,0.0,0.0,0.0,0.0,0.0,0.0,0.0,1.0,0.0,0.002430555555555555,0.0,0.0,0.002430555555555555,Transit,Fishing - Trawler
700033530,VESSEL_STR_016,LR,transit,1.0,trawler,0.9794066519612855,0.0,0.0,0.0,0.0,0.0,0.0,0.0,1.0,0.0,0.002430555555555555,0.0,0.0,0.002430555555555555,Transit,Fishing - Trawler
700033530,VESSEL_STR_016,LR,transit,1.0,trawler,0.9796599734445127,0.0,0.0,0.0,0.0,0.0,0.0,0.0,1.0,0.0,0.002430555555555555,0.0,0.0,0.002430555555555555,Transit,Fishing - Trawler
700033530,VESSEL_STR_016,LR,transit,0.7937486772486775,trawler,0.9801717564506636,0.0,0.0,0.016666666666666666,0.15708465608465608,0.0038888888888888883,0.024722222222222222,0.0,0.7937486772486775,0.0038888888888888883,0.43,0.0,0.0,0.43,Transit,Fishing - Trawler
700033530,VESSEL_STR_016,LR,fishing,0.8466457431457431,trawler,0.9801751451585864,0.0016666666666666668,0.0024116161616161615,0.034444444444444444,0.8466457431457431,0.014103535353535352,0.009404761904761904,0.002840909090909091,0.0813989898989899,0.007083333333333333,0.43,0.6,0.0,0.6,Fishing,Fishing - Trawler
700033530,VESSEL_STR_016,LR,fishing,0.9954761904761904,trawler,0.9799170557484507,0.0,0.0,0.0,0.9954761904761904,0.004523809523809524,0.0,0.0,0.0,0.0,0.002430555555555555,0.6,0.0,0.6,Fishing,Fishing - Trawler
700033530,VESSEL_STR_016,LR,fishing,0.9944444444444444,trawler,0.9799170598413268,0.0,0.0,0.0,0.9944444444444444,0.005555555555555555,0.0,0.0,0.0,0.0,0.002430555555555555,0.6,0.0,0.6,Fishing,Fishing - Trawler
700033530,VESSEL_STR_016,LR,fishing,0.8876893939393942,trawler,0.979931937698916,0.005833333333333334,0.01018939393939394,0.0,0.8876893939393942,0.020242424242424242,0.0,0.0020075757575757575,0.0691489898989899,0.00488888888888889,0.002430555555555555,0.6,0.0,0.6,Fishing,Fishing - Trawler
700033530,VESSEL_STR_016,LR,transit,0.9109545454545456,trawler,0.9727434516078376,0.0,0.008911616161616162,0.0033333333333333335,0.0281060606060606,0.0036868686868686868,0.0008333333333333334,0.04417424242424243,0.9109545454545456,0.0,0.002430555555555555,0.0,0.0,0.002430555555555555,Transit,Fishing - Trawler
700033530,VESSEL_STR_016,LR,transit,1.0,trawler,0.9796599734416851,0.0,0.0,0.0,0.0,0.0,0.0,0.0,1.0,0.0,0.002430555555555555,0.0,0.0,0.002430555555555555,Transit,Fishing - Trawler
700033530,VESSEL_STR_016,LR,transit,0.5150582010582011,purse_seiner,0.999699068914354,0.0,0.0,0.0,0.3040291005291006,0.0390952380952381,0.1333730158730159,0.0,0.5150582010582011,0.008444444444444444,0.002430555555555555,0.0,0.0,0.002430555555555555,Transit,Fishing - Purse Seiner
700033530,VESSEL_STR_016,LR,fishing,0.9556666666666667,purse_seiner,0.9996971227013844,0.0,0.0,0.0,0.9556666666666667,0.0064285714285714285,0.01634920634920635,0.0,0.021555555555555557,0.0,0.002430555555555555,0.6,0.0,0.6,Fishing,Fishing - Purse Seiner
700033530,VESSEL_STR_016,LR,fishing,1.0,trawler,0.9799133574037849,0.0,0.0,0.0,1.0,0.0,0.0,0.0,0.0,0.0,0.002430555555555555,0.6,0.0,0.6,Fishing,Fishing - Trawler
700033530,VESSEL_STR_016,LR,fishing,0.9911111111111113,trawler,0.9799170570157342,0.0,0.0,0.0,0.9911111111111113,0.008888888888888889,0.0,0.0,0.0,0.0,0.002430555555555555,0.6,0.0,0.6,Fishing,Fishing - Trawler
700033530,VESSEL_STR_016,LR,fishing,0.99,trawler,0.9799170570157342,0.0,0.0,0.0,0.99,0.01,0.0,0.0,0.0,0.0,0.002430555555555555,0.6,0.0,0.6,Fishing,Fishing - Trawler
700033530,VESSEL_STR_016,LR,fishing,0.9933333333333333,trawler,0.9799170598413268,0.0,0.0,0.0,0.9933333333333333,0.006666666666666667,0.0,0.0,0.0,0.0,0.002430555555555555,0.6,0.0,0.6,Fishing,Fishing - Trawler
700033530,VESSEL_STR_016,LR,fishing,0.9966666666666667,trawler,0.9799170620575293,0.0,0.0,0.0,0.9966666666666667,0.0033333333333333335,0.0,0.0,0.0,0.0,0.002430555555555555,0.6,0.0,0.6,Fishing,Fishing - Trawler
700033530,VESSEL_STR_016,LR,fishing,0.9975,trawler,0.9799170620575293,0.0,0.0,0.0,0.9975,0.0025,0.0,0.0,0.0,0.0,0.002430555555555555,0.6,0.0,0.6,Fishing,Fishing - Trawler
700033530,VESSEL_STR_016,LR,fishing,0.9975,trawler,0.9799170620575293,0.0,0.0,0.0,0.9975,0.0025,0.0,0.0,0.0,0.0,0.002430555555555555,0.6,0.0,0.6,Fishing,Fishing - Trawler
700033530,VESSEL_STR_016,LR,fishing,0.9795238095238095,trawler,0.9799170575835373,0.0,0.0,0.0,0.9795238095238095,0.006507936507936508,0.0,0.0004761904761904762,0.01111111111111111,0.0023809523809523807,0.002430555555555555,0.6,0.0,0.6,Fishing,Fishing - Trawler
700033530,VESSEL_STR_016,LR,transit,0.841208513708514,trawler,0.972407434750034,0.009000000000000001,0.02776875901875902,0.0033333333333333335,0.017717171717171715,0.0028535353535353533,0.0,0.09811868686868686,0.841208513708514,0.0,0.002430555555555555,0.0,0.0,0.002430555555555555,Transit,Fishing - Trawler
700033530,VESSEL_STR_016,LR,transit,1.0,trawler,0.9794063403500302,0.0,0.0,0.0,0.0,0.0,0.0,0.0,1.0,0.0,0.002430555555555555,0.0,0.0,0.002430555555555555,Transit,Fishing - Trawler
700033530,VESSEL_STR_016,LR,transit,1.0,trawler,0.9794066519612855,0.0,0.0,0.0,0.0,0.0,0.0,0.0,1.0,0.0,0.002430555555555555,0.0,0.0,0.002430555555555555,Transit,Fishing - Trawler
700033530,VESSEL_STR_016,LR,transit,1.0,trawler,0.9794066519612855,0.0,0.0,0.0,0.0,0.0,0.0,0.0,1.0,0.0,0.002430555555555555,0.0,0.0,0.002430555555555555,Transit,Fishing - Trawler
700033530,VESSEL_STR_016,LR,transit,1.0,trawler,0.9796599734416851,0.0,0.0,0.0,0.0,0.0,0.0,0.0,1.0,0.0,0.002430555555555555,0.0,0.0,0.002430555555555555,Transit,Fishing - Trawler
700033530,VESSEL_STR_016,LR,transit,1.0,purse_seiner,0.9997075059197928,0.0,0.0,0.0,0.0,0.0,0.0,0.0,1.0,0.0,0.002430555555555555,0.0,0.0,0.002430555555555555,Transit,Fishing - Purse Seiner
700033530,VESSEL_STR_016,LR,transit,1.0,purse_seiner,0.9997075059197928,0.0,0.0,0.0,0.0,0.0,0.0,0.0,1.0,0.0,0.002430555555555555,0.0,0.0,0.002430555555555555,Transit,Fishing - Purse Seiner
700033530,VESSEL_STR_016,LR,transit,1.0,purse_seiner,0.9997037866142556,0.0,0.0,0.0,0.0,0.0,0.0,0.0,1.0,0.0,0.002430555555555555,0.0,0.0,0.002430555555555555,Transit,Fishing - Purse Seiner
700033530,VESSEL_STR_016,LR,transit,1.0,trawler,0.9796599734416851,0.0,0.0,0.0,0.0,0.0,0.0,0.0,1.0,0.0,0.002430555555555555,0.0,0.0,0.002430555555555555,Transit,Fishing - Trawler
700033530,VESSEL_STR_016,LR,transit,1.0,trawler,0.9794066519584596,0.0,0.0,0.0,0.0,0.0,0.0,0.0,1.0,0.0,0.002430555555555555,0.0,0.0,0.002430555555555555,Transit,Fishing - Trawler
700033530,VESSEL_STR_016,LR,transit,1.0,trawler,0.9794066519584596,0.0,0.0,0.0,0.0,0.0,0.0,0.0,1.0,0.0,0.002430555555555555,0.0,0.0,0.002430555555555555,Transit,Fishing - Trawler
700033530,VESSEL_STR_016,LR,transit,1.0,trawler,0.9796599734421304,0.0,0.0,0.0,0.0,0.0,0.0,0.0,1.0,0.0,0.002430555555555555,0.0,0.0,0.002430555555555555,Transit,Fishing - Trawler
700033530,VESSEL_STR_016,LR,transit,0.9983333333333333,trawler,0.9796599734421304,0.0,0.0,0.0,0.0,0.0,0.0016666666666666668,0.0,0.9983333333333333,0.0,0.002430555555555555,0.0,0.0,0.002430555555555555,Transit,Fishing - Trawler
700033530,VESSEL_STR_016,LR,transit,0.9983333333333333,trawler,0.9796599734445127,0.0,0.0,0.0,0.0,0.0,0.0016666666666666668,0.0,0.9983333333333333,0.0,0.002430555555555555,0.0,0.0,0.002430555555555555,Transit,Fishing - Trawler
700033530,VESSEL_STR_016,LR,transit,1.0,trawler,0.9794066519612855,0.0,0.0,0.0,0.0,0.0,0.0,0.0,1.0,0.0,0.002430555555555555,0.0,0.0,0.002430555555555555,Transit,Fishing - Trawler
700033530,VESSEL_STR_016,LR,transit,1.0,trawler,0.9794066519612855,0.0,0.0,0.0,0.0,0.0,0.0,0.0,1.0,0.0,0.002430555555555555,0.0,0.0,0.002430555555555555,Transit,Fishing - Trawler
700033530,VESSEL_STR_016,LR,transit,1.0,trawler,0.9794066519612855,0.0,0.0,0.0,0.0,0.0,0.0,0.0,1.0,0.0,0.002430555555555555,0.0,0.0,0.002430555555555555,Transit,Fishing - Trawler
700033530,VESSEL_STR_016,LR,transit,1.0,trawler,0.9796599734416851,0.0,0.0,0.0,0.0,0.0,0.0,0.0,1.0,0.0,0.002430555555555555,0.0,0.0,0.002430555555555555,Transit,Fishing - Trawler
700033530,VESSEL_STR_016,LR,transit,1.0,trawler,0.9794066519584596,0.0,0.0,0.0,0.0,0.0,0.0,0.0,1.0,0.0,0.002430555555555555,0.0,0.0,0.002430555555555555,Transit,Fishing - Trawler
700033530,VESSEL_STR_016,LR,transit,1.0,trawler,0.9796599734445127,0.0,0.0,0.0,0.0,0.0,0.0,0.0,1.0,0.0,0.002430555555555555,0.0,0.0,0.002430555555555555,Transit,Fishing - Trawler
700033530,VESSEL_STR_016,LR,transit,1.0,purse_seiner,0.9997037866435395,0.0,0.0,0.0,0.0,0.0,0.0,0.0,1.0,0.0,0.002430555555555555,0.0,0.0,0.002430555555555555,Transit,Fishing - Purse Seiner
700033530,VESSEL_STR_016,LR,transit,1.0,purse_seiner,0.9997075049785833,0.0,0.0,0.0,0.0,0.0,0.0,0.0,1.0,0.0,0.002430555555555555,0.0,0.0,0.002430555555555555,Transit,Fishing - Purse Seiner
700033530,VESSEL_STR_016,LR,transit,1.0,trawler,0.9794066519612855,0.0,0.0,0.0,0.0,0.0,0.0,0.0,1.0,0.0,0.002430555555555555,0.0,0.0,0.002430555555555555,Transit,Fishing - Trawler
700033530,VESSEL_STR_016,LR,transit,1.0,purse_seiner,0.9997075049785833,0.0,0.0,0.0,0.0,0.0,0.0,0.0,1.0,0.0,0.002430555555555555,0.0,0.0,0.002430555555555555,Transit,Fishing - Purse Seiner
700033530,VESSEL_STR_016,LR,transit,1.0,purse_seiner,0.9997075049785833,0.0,0.0,0.0,0.0,0.0,0.0,0.0,1.0,0.0,0.002430555555555555,0.0,0.0,0.002430555555555555,Transit,Fishing - Purse Seiner
700033530,VESSEL_STR_016,LR,transit,1.0,trawler,0.9796599734445127,0.0,0.0,0.0,0.0,0.0,0.0,0.0,1.0,0.0,0.002430555555555555,0.0,0.0,0.002430555555555555,Transit,Fishing - Trawler
700033530,VESSEL_STR_016,LR,transit,1.0,trawler,0.9794066519584596,0.0,0.0,0.0,0.0,0.0,0.0,0.0,1.0,0.0,0.002430555555555555,0.0,0.0,0.002430555555555555,Transit,Fishing - Trawler
700033530,VESSEL_STR_016,LR,transit,1.0,trawler,0.9794066519584596,0.0,0.0,0.0,0.0,0.0,0.0,0.0,1.0,0.0,0.002430555555555555,0.0,0.0,0.002430555555555555,Transit,Fishing - Trawler
700033530,VESSEL_STR_016,LR,transit,1.0,trawler,0.9794066519584596,0.0,0.0,0.0,0.0,0.0,0.0,0.0,1.0,0.0,0.002430555555555555,0.0,0.0,0.002430555555555555,Transit,Fishing - Trawler
700033530,VESSEL_STR_016,LR,transit,1.0,trawler,0.9794066519612855,0.0,0.0,0.0,0.0,0.0,0.0,0.0,1.0,0.0,0.002430555555555555,0.0,0.0,0.002430555555555555,Transit,Fishing - Trawler
700033530,VESSEL_STR_016,LR,transit,1.0,trawler,0.9796599734445127,0.0,0.0,0.0,0.0,0.0,0.0,0.0,1.0,0.0,0.002430555555555555,0.0,0.0,0.002430555555555555,Transit,Fishing - Trawler
700033530,VESSEL_STR_016,LR,transit,0.9988888888888889,purse_seiner,0.9997075053156802,0.0,0.0011111111111111111,0.0,0.0,0.0,0.0,0.0,0.9988888888888889,0.0,0.002430555555555555,0.0,0.0,0.002430555555555555,Transit,Fishing - Purse Seiner
700033530,VESSEL_STR_016,LR,transit,0.9988888888888889,purse_seiner,0.9997075053156802,0.0,0.0011111111111111111,0.0,0.0,0.0,0.0,0.0,0.9988888888888889,0.0,0.002430555555555555,0.0,0.0,0.002430555555555555,Transit,Fishing - Purse Seiner
700033530,VESSEL_STR_016,LR,transit,1.0,trawler,0.9794066519584596,0.0,0.0,0.0,0.0,0.0,0.0,0.0,1.0,0.0,0.002430555555555555,0.0,0.0,0.002430555555555555,Transit,Fishing - Trawler
700033530,VESSEL_STR_016,LR,transit,1.0,trawler,0.9794066519584596,0.0,0.0,0.0,0.0,0.0,0.0,0.0,1.0,0.0,0.002430555555555555,0.0,0.0,0.002430555555555555,Transit,Fishing - Trawler
700033530,VESSEL_STR_016,LR,transit,1.0,trawler,0.9794066519589046,0.0,0.0,0.0,0.0,0.0,0.0,0.0,1.0,0.0,0.002430555555555555,0.0,0.0,0.002430555555555555,Transit,Fishing - Trawler
700033530,VESSEL_STR_016,LR,transit,1.0,trawler,0.9796599734445127,0.0,0.0,0.0,0.0,0.0,0.0,0.0,1.0,0.0,0.002430555555555555,0.0,0.0,0.002430555555555555,Transit,Fishing - Trawler
700033530,VESSEL_STR_016,LR,transit,0.9966666666666667,trawler,0.9794066519612855,0.0,0.0,0.0,0.0,0.0,0.0033333333333333335,0.0,0.9966666666666667,0.0,0.002430555555555555,0.0,0.0,0.002430555555555555,Transit,Fishing - Trawler
700033530,VESSEL_STR_016,LR,transit,1.0,trawler,0.9794066519612855,0.0,0.0,0.0,0.0,0.0,0.0,0.0,1.0,0.0,0.002430555555555555,0.0,0.0,0.002430555555555555,Transit,Fishing - Trawler
700033530,VESSEL_STR_016,LR,transit,0.9958333333333333,trawler,0.9794066519612855,0.0,0.0,0.0,0.0,0.0,0.0033333333333333335,0.0008333333333333334,0.9958333333333333,0.0,0.002430555555555555,0.0,0.0,0.002430555555555555,Transit,Fishing - Trawler
700033530,VESSEL_STR_016,LR,transit,0.9958333333333333,trawler,0.9794066519612855,0.0,0.0,0.0,0.0,0.0,0.0033333333333333335,0.0008333333333333334,0.9958333333333333,0.0,0.002430555555555555,0.0,0.0,0.002430555555555555,Transit,Fishing - Trawler
700033530,VESSEL_STR_016,LR,transit,0.9947222222222223,trawler,0.9794066519612855,0.0,0.0011111111111111111,0.0,0.0,0.0,0.0033333333333333335,0.0008333333333333334,0.9947222222222223,0.0,0.002430555555555555,0.0,0.0,0.002430555555555555,Transit,Fishing - Trawler
700033530,VESSEL_STR_016,LR,transit,1.0,trawler,0.9794066519612855,0.0,0.0,0.0,0.0,0.0,0.0,0.0,1.0,0.0,0.002430555555555555,0.0,0.0,0.002430555555555555,Transit,Fishing - Trawler
700033530,VESSEL_STR_016,LR,transit,1.0,trawler,0.9796599734421304,0.0,0.0,0.0,0.0,0.0,0.0,0.0,1.0,0.0,0.002430555555555555,0.0,0.0,0.002430555555555555,Transit,Fishing - Trawler
700033530,VESSEL_STR_016,LR,transit,1.0,trawler,0.9794066519584596,0.0,0.0,0.0,0.0,0.0,0.0,0.0,1.0,0.0,0.002430555555555555,0.0,0.0,0.002430555555555555,Transit,Fishing - Trawler
700033530,VESSEL_STR_016,LR,transit,1.0,trawler,0.979406340899189,0.0,0.0,0.0,0.0,0.0,0.0,0.0,1.0,0.0,0.002430555555555555,0.0,0.0,0.002430555555555555,Transit,Fishing - Trawler
700033530,VESSEL_STR_016,LR,transit,1.0,trawler,0.9794063409055836,0.0,0.0,0.0,0.0,0.0,0.0,0.0,1.0,0.0,0.002430555555555555,0.0,0.0,0.002430555555555555,Transit,Fishing - Trawler
700033530,VESSEL_STR_016,LR,transit,1.0,trawler,0.9794066519680885,0.0,0.0,0.0,0.0,0.0,0.0,0.0,1.0,0.0,0.002430555555555555,0.0,0.0,0.002430555555555555,Transit,Fishing - Trawler
700033531,VESSEL_STR_017,LR,transit,1.0,longliner,0.9999999708300644,0.0,0.0,0.0,0.0,0.0,0.0,0.0,1.0,0.0,0.002430555555555555,0.0,0.0,0.002430555555555555,Transit,Fishing - Longliner
700033531,VESSEL_STR_017,LR,transit,1.0,longliner,0.9999999708300644,0.0,0.0,0.0,0.0,0.0,0.0,0.0,1.0,0.0,0.002430555555555555,0.0,0.0,0.002430555555555555,Transit,Fishing - Longliner
700033531,VESSEL_STR_017,LR,transit,1.0,longliner,0.9999999708300644,0.0,0.0,0.0,0.0,0.0,0.0,0.0,1.0,0.0,0.002430555555555555,0.0,0.0,0.002430555555555555,Transit,Fishing - Longliner
700033531,VESSEL_STR_017,LR,transit,1.0,longliner,0.9999999708300644,0.0,0.0,0.0,0.0,0.0,0.0,0.0,1.0,0.0,0.002430555555555555,0.0,0.0,0.002430555555555555,Transit,Fishing - Longliner
700033531,VESSEL_STR_017,LR,fishing,0.9162777777777777,longliner,0.9999999693962427,0.0,0.0,0.0,0.9162777777777777,0.0025,0.0,0.0,0.08122222222222221,0.0,0.002430555555555555,0.6,0.0,0.6,Fishing,Fishing - Longliner
700033531,VESSEL_STR_017,LR,fishing,0.9966666666666667,longliner,0.9999999707193594,0.0,0.0,0.0,0.9966666666666667,0.0033333333333333335,0.0,0.0,0.0,0.0,0.002430555555555555,0.6,0.0,0.6,Fishing,Fishing - Longliner
700033531,VESSEL_STR_017,LR,fishing,0.997142857142857,longliner,0.9999999696358162,0.0,0.0,0.0,0.997142857142857,0.002857142857142857,0.0,0.0,0.0,0.0,0.002430555555555555,0.6,0.0,0.6,Fishing,Fishing - Longliner
700033531,VESSEL_STR_017,LR,fishing,1.0,longliner,0.9999999705959359,0.0,0.0,0.0,1.0,0.0,0.0,0.0,0.0,0.0,0.002430555555555555,0.6,0.0,0.6,Fishing,Fishing - Longliner
700033531,VESSEL_STR_017,LR,fishing,0.9847727272727272,longliner,0.9999999705959359,0.0,0.0018560606060606059,0.0,0.9847727272727272,0.003409090909090909,0.0,0.0011742424242424242,0.008787878787878787,0.0,0.002430555555555555,0.6,0.0,0.6,Fishing,Fishing - Longliner
700033531,VESSEL_STR_017,LR,fishing,1.0,longliner,0.9999999705959359,0.0,0.0,0.0,1.0,0.0,0.0,0.0,0.0,0.0,0.002430555555555555,0.6,0.0,0.6,Fishing,Fishing - Longliner
700033531,VESSEL_STR_017,LR,fishing,0.9966666666666667,longliner,0.9999999697080504,0.0,0.0,0.0,0.9966666666666667,0.0033333333333333335,0.0,0.0,0.0,0.0,0.002430555555555555,0.6,0.0,0.6,Fishing,Fishing - Longliner
700033531,VESSEL_STR_017,LR,fishing,1.0,longliner,0.9999999699325599,0.0,0.0,0.0,1.0,0.0,0.0,0.0,0.0,0.0,0.002430555555555555,0.6,0.0,0.6,Fishing,Fishing - Longliner
700033531,VESSEL_STR_017,LR,fishing,1.0,longliner,0.9999999711192824,0.0,0.0,0.0,1.0,0.0,0.0,0.0,0.0,0.0,0.002430555555555555,0.6,0.0,0.6,Fishing,Fishing - Longliner
700033531,VESSEL_STR_017,LR,fishing,1.0,longliner,0.9999999711192824,0.0,0.0,0.0,1.0,0.0,0.0,0.0,0.0,0.0,0.002430555555555555,0.6,0.0,0.6,Fishing,Fishing - Longliner
700033531,VESSEL_STR_017,LR,fishing,1.0,longliner,0.9999999711192824,0.0,0.0,0.0,1.0,0.0,0.0,0.0,0.0,0.0,0.002430555555555555,0.6,0.0,0.6,Fishing,Fishing - Longliner
700033531,VESSEL_STR_017,LR,fishing,1.0,longliner,0.9999999711192824,0.0,0.0,0.0,1.0,0.0,0.0,0.0,0.0,0.0,0.002430555555555555,0.6,0.0,0.6,Fishing,Fishing - Longliner
700033531,VESSEL_STR_017,LR,fishing,0.9827777777777778,longliner,0.9999999711192824,0.0033333333333333335,0.004722222222222221,0.005,0.9827777777777778,0.0,0.0,0.0011111111111111111,0.0030555555555555553,0.0,0.002430555555555555,0.6,0.0,0.6,Fishing,Fishing - Longliner
700033531,VESSEL_STR_017,LR,fishing,1.0,longliner,0.9999999711192824,0.0,0.0,0.0,1.0,0.0,0.0,0.0,0.0,0.0,0.002430555555555555,0.6,0.0,0.6,Fishing,Fishing - Longliner
700033531,VESSEL_STR_017,LR,fishing,0.9977777777777779,longliner,0.9999999711192824,0.0,0.0,0.0,0.9977777777777779,0.0022222222222222222,0.0,0.0,0.0,0.0,0.002430555555555555,0.6,0.0,0.6,Fishing,Fishing - Longliner
700033531,VESSEL_STR_017,LR,fishing,1.0,longliner,0.9999999711192824,0.0,0.0,0.0,1.0,0.0,0.0,0.0,0.0,0.0,0.002430555555555555,0.6,0.0,0.6,Fishing,Fishing - Longliner
700033531,VESSEL_STR_017,LR,fishing,0.9983333333333333,longliner,0.9999999711192824,0.0,0.0,0.0,0.9983333333333333,0.0,0.0016666666666666668,0.0,0.0,0.0,0.002430555555555555,0.6,0.0,0.6,Fishing,Fishing - Longliner
700033531,VESSEL_STR_017,LR,fishing,1.0,longliner,0.9999999711192824,0.0,0.0,0.0,1.0,0.0,0.0,0.0,0.0,0.0,0.002430555555555555,0.6,0.0,0.6,Fishing,Fishing - Longliner
700033531,VESSEL_STR_017,LR,fishing,1.0,longliner,0.9999999711192824,0.0,0.0,0.0,1.0,0.0,0.0,0.0,0.0,0.0,0.002430555555555555,0.6,0.0,0.6,Fishing,Fishing - Longliner
700033531,VESSEL_STR_017,LR,fishing,0.9983333333333333,longliner,0.9999999705959359,0.0,0.0,0.0,0.9983333333333333,0.0016666666666666668,0.0,0.0,0.0,0.0,0.002430555555555555,0.6,0.0,0.6,Fishing,Fishing - Longliner
700033531,VESSEL_STR_017,LR,fishing,0.9986666666666667,longliner,0.9999999711192824,0.0,0.0,0.0,0.9986666666666667,0.0013333333333333335,0.0,0.0,0.0,0.0,0.002430555555555555,0.6,0.0,0.6,Fishing,Fishing - Longliner
700033531,VESSEL_STR_017,LR,fishing,1.0,longliner,0.9999999711192824,0.0,0.0,0.0,1.0,0.0,0.0,0.0,0.0,0.0,0.002430555555555555,0.6,0.0,0.6,Fishing,Fishing - Longliner
700033531,VESSEL_STR_017,LR,fishing,1.0,longliner,0.9999999705959359,0.0,0.0,0.0,1.0,0.0,0.0,0.0,0.0,0.0,0.002430555555555555,0.6,0.0,0.6,Fishing,Fishing - Longliner
700033531,VESSEL_STR_017,LR,fishing,1.0,longliner,0.9999999711192824,0.0,0.0,0.0,1.0,0.0,0.0,0.0,0.0,0.0,0.002430555555555555,0.6,0.0,0.6,Fishing,Fishing - Longliner
700033531,VESSEL_STR_017,LR,fishing,1.0,longliner,0.9999999711192824,0.0,0.0,0.0,1.0,0.0,0.0,0.0,0.0,0.0,0.002430555555555555,0.6,0.0,0.6,Fishing,Fishing - Longliner
700033531,VESSEL_STR_017,LR,fishing,0.9894444444444446,longliner,0.9999999691829903,0.0,0.0,0.0022222222222222222,0.9894444444444446,0.0027777777777777775,0.0,0.0,0.0016666666666666668,0.0038888888888888883,0.002430555555555555,0.6,0.0,0.6,Fishing,Fishing - Longliner
700033531,VESSEL_STR_017,LR,transit,0.8784915824915824,longliner,0.9999999683991804,0.0006666666666666668,0.005633838383838384,0.009166666666666667,0.06721717171717173,0.016686868686868687,0.005166666666666667,0.007952020202020203,0.8784915824915824,0.00901851851851852,0.002430555555555555,0.0,0.0,0.002430555555555555,Transit,Fishing - Longliner
700033531,VESSEL_STR_017,LR,transit,1.0,longliner,0.9999999708319176,0.0,0.0,0.0,0.0,0.0,0.0,0.0,1.0,0.0,0.002430555555555555,0.0,0.0,0.002430555555555555,Transit,Fishing - Longliner
700033531,VESSEL_STR_017,LR,transit,0.9151587301587302,longliner,0.9999999707193594,0.0,0.0,0.0,0.07761904761904763,0.0,0.005,0.0022222222222222222,0.9151587301587302,0.0,0.002430555555555555,0.0,0.0,0.002430555555555555,Transit,Fishing - Longliner
700033531,VESSEL_STR_017,LR,fishing,0.9905555555555554,longliner,0.999999970721817,0.0,0.0,0.0,0.9905555555555554,0.0033333333333333335,0.0,0.0,0.0061111111111111106,0.0,0.002430555555555555,0.6,0.0,0.6,Fishing,Fishing - Longliner
700033531,VESSEL_STR_017,LR,fishing,0.9977777777777779,longliner,0.9999999693996329,0.0,0.0,0.0,0.9977777777777779,0.0022222222222222222,0.0,0.0,0.0,0.0,0.002430555555555555,0.6,0.0,0.6,Fishing,Fishing - Longliner
700033531,VESSEL_STR_017,LR,fishing,0.9983333333333333,longliner,0.9999999711192824,0.0,0.0,0.0,0.9983333333333333,0.0016666666666666668,0.0,0.0,0.0,0.0,0.002430555555555555,0.6,0.0,0.6,Fishing,Fishing - Longliner
700033531,VESSEL_STR_017,LR,fishing,0.9975,longliner,0.9999999711192824,0.0,0.0,0.0,0.9975,0.0025,0.0,0.0,0.0,0.0,0.002430555555555555,0.6,0.0,0.6,Fishing,Fishing - Longliner
700033531,VESSEL_STR_017,LR,fishing,1.0,longliner,0.9999999711192824,0.0,0.0,0.0,1.0,0.0,0.0,0.0,0.0,0.0,0.002430555555555555,0.6,0.0,0.6,Fishing,Fishing - Longliner
700033531,VESSEL_STR_017,LR,fishing,0.9958333333333333,longliner,0.9999999711192824,0.0,0.0,0.0,0.9958333333333333,0.004166666666666667,0.0,0.0,0.0,0.0,0.002430555555555555,0.6,0.0,0.6,Fishing,Fishing - Longliner
700033531,VESSEL_STR_017,LR,fishing,0.985111111111111,longliner,0.9999999711192824,0.0033333333333333335,0.0011111111111111111,0.0,0.985111111111111,0.005555555555555555,0.0,0.0022222222222222222,0.0,0.002666666666666667,0.002430555555555555,0.6,0.0,0.6,Fishing,Fishing - Longliner
700033531,VESSEL_STR_017,LR,fishing,0.9688888888888891,longliner,0.9999999711192824,0.00788888888888889,0.0022222222222222222,0.0,0.9688888888888891,0.01111111111111111,0.0,0.0008333333333333334,0.0044444444444444444,0.004611111111111111,0.002430555555555555,0.6,0.0,0.6,Fishing,Fishing - Longliner
700033531,VESSEL_STR_017,LR,fishing,0.9825555555555557,longliner,0.9999999711192824,0.0013333333333333335,0.0,0.0,0.9825555555555557,0.014444444444444444,0.0,0.0016666666666666668,0.0,0.0,0.002430555555555555,0.6,0.0,0.6,Fishing,Fishing - Longliner
700033531,VESSEL_STR_017,LR,fishing,1.0,longliner,0.9999999711192824,0.0,0.0,0.0,1.0,0.0,0.0,0.0,0.0,0.0,0.002430555555555555,0.6,0.0,0.6,Fishing,Fishing - Longliner
700033531,VESSEL_STR_017,LR,fishing,1.0,longliner,0.9999999711192824,0.0,0.0,0.0,1.0,0.0,0.0,0.0,0.0,0.0,0.002430555555555555,0.6,0.0,0.6,Fishing,Fishing - Longliner
700033531,VESSEL_STR_017,LR,fishing,1.0,longliner,0.9999999711192824,0.0,0.0,0.0,1.0,0.0,0.0,0.0,0.0,0.0,0.002430555555555555,0.6,0.0,0.6,Fishing,Fishing - Longliner
700033531,VESSEL_STR_017,LR,fishing,1.0,longliner,0.9999999711192824,0.0,0.0,0.0,1.0,0.0,0.0,0.0,0.0,0.0,0.002430555555555555,0.6,0.0,0.6,Fishing,Fishing - Longliner
700033531,VESSEL_STR_017,LR,fishing,1.0,longliner,0.9999999711192824,0.0,0.0,0.0,1.0,0.0,0.0,0.0,0.0,0.0,0.002430555555555555,0.6,0.0,0.6,Fishing,Fishing - Longliner
700033531,VESSEL_STR_017,LR,fishing,1.0,longliner,0.9999999711192824,0.0,0.0,0.0,1.0,0.0,0.0,0.0,0.0,0.0,0.002430555555555555,0.6,0.0,0.6,Fishing,Fishing - Longliner
700033531,VESSEL_STR_017,LR,fishing,0.9883333333333333,longliner,0.9999999700691338,0.0,0.0,0.0,0.9883333333333333,0.0022222222222222222,0.0,0.0,0.009444444444444445,0.0,0.002430555555555555,0.6,0.0,0.6,Fishing,Fishing - Longliner
700033531,VESSEL_STR_017,LR,transit,0.949420634920635,longliner,0.9999999694163126,0.005333333333333334,0.012301587301587301,0.0,0.011222222222222222,0.0011111111111111111,0.0,0.017277777777777777,0.949420634920635,0.0033333333333333335,0.002430555555555555,0.0,0.0,0.002430555555555555,Transit,Fishing - Longliner
700033531,VESSEL_STR_017,LR,transit,1.0,longliner,0.9999999707023437,0.0,0.0,0.0,0.0,0.0,0.0,0.0,1.0,0.0,0.002430555555555555,0.0,0.0,0.002430555555555555,Transit,Fishing - Longliner
700033531,VESSEL_STR_017,LR,transit,1.0,longliner,0.9999999708300644,0.0,0.0,0.0,0.0,0.0,0.0,0.0,1.0,0.0,0.002430555555555555,0.0,0.0,0.002430555555555555,Transit,Fishing - Longliner
700033531,VESSEL_STR_017,LR,transit,1.0,longliner,0.9999999708345486,0.0,0.0,0.0,0.0,0.0,0.0,0.0,1.0,0.0,0.002430555555555555,0.0,0.0,0.002430555555555555,Transit,Fishing - Longliner
700033531,VESSEL_STR_017,LR,transit,1.0,longliner,0.9999999708345486,0.0,0.0,0.0,0.0,0.0,0.0,0.0,1.0,0.0,0.002430555555555555,0.0,0.0,0.002430555555555555,Transit,Fishing - Longliner
700033531,VESSEL_STR_017,LR,transit,1.0,longliner,0.9999999708324481,0.0,0.0,0.0,0.0,0.0,0.0,0.0,1.0,0.0,0.002430555555555555,0.0,0.0,0.002430555555555555,Transit,Fishing - Longliner
700033531,VESSEL_STR_017,LR,transit,1.0,longliner,0.9999999708300644,0.0,0.0,0.0,0.0,0.0,0.0,0.0,1.0,0.0,0.002430555555555555,0.0,0.0,0.002430555555555555,Transit,Fishing - Longliner
700033531,VESSEL_STR_017,LR,transit,1.0,longliner,0.9999999708300644,0.0,0.0,0.0,0.0,0.0,0.0,0.0,1.0,0.0,0.002430555555555555,0.0,0.0,0.002430555555555555,Transit,Fishing - Longliner
700033531,VESSEL_STR_017,LR,transit,1.0,longliner,0.9999999708300644,0.0,0.0,0.0,0.0,0.0,0.0,0.0,1.0,0.0,0.002430555555555555,0.0,0.0,0.002430555555555555,Transit,Fishing - Longliner
700033531,VESSEL_STR_017,LR,transit,1.0,longliner,0.9999999708300644,0.0,0.0,0.0,0.0,0.0,0.0,0.0,1.0,0.0,0.002430555555555555,0.0,0.0,0.002430555555555555,Transit,Fishing - Longliner
700033531,VESSEL_STR_017,LR,transit,1.0,longliner,0.9999999708300644,0.0,0.0,0.0,0.0,0.0,0.0,0.0,1.0,0.0,0.002430555555555555,0.0,0.0,0.002430555555555555,Transit,Fishing - Longliner
700033531,VESSEL_STR_017,LR,transit,1.0,longliner,0.9999999708300644,0.0,0.0,0.0,0.0,0.0,0.0,0.0,1.0,0.0,0.002430555555555555,0.0,0.0,0.002430555555555555,Transit,Fishing - Longliner
700033531,VESSEL_STR_017,LR,transit,1.0,longliner,0.9999999708300091,0.0,0.0,0.0,0.0,0.0,0.0,0.0,1.0,0.0,0.002430555555555555,0.0,0.0,0.002430555555555555,Transit,Fishing - Longliner
700033531,VESSEL_STR_017,LR,transit,0.9983333333333333,longliner,0.9999999708300644,0.0016666666666666668,0.0,0.0,0.0,0.0,0.0,0.0,0.9983333333333333,0.0,0.002430555555555555,0.0,0.0,0.002430555555555555,Transit,Fishing - Longliner
700033531,VESSEL_STR_017,LR,transit,1.0,longliner,0.9999999708324481,0.0,0.0,0.0,0.0,0.0,0.0,0.0,1.0,0.0,0.002430555555555555,0.0,0.0,0.002430555555555555,Transit,Fishing - Longliner
700033531,VESSEL_STR_017,LR,transit,1.0,longliner,0.9999999708324481,0.0,0.0,0.0,0.0,0.0,0.0,0.0,1.0,0.0,0.002430555555555555,0.0,0.0,0.002430555555555555,Transit,Fishing - Longliner
700033531,VESSEL_STR_017,LR,transit,1.0,longliner,0.9999999708300644,0.0,0.0,0.0,0.0,0.0,0.0,0.0,1.0,0.0,0.002430555555555555,0.0,0.0,0.002430555555555555,Transit,Fishing - Longliner
700033531,VESSEL_STR_017,LR,transit,1.0,longliner,0.9999999708300644,0.0,0.0,0.0,0.0,0.0,0.0,0.0,1.0,0.0,0.002430555555555555,0.0,0.0,0.002430555555555555,Transit,Fishing - Longliner
700033531,VESSEL_STR_017,LR,transit,1.0,longliner,0.9999999708324481,0.0,0.0,0.0,0.0,0.0,0.0,0.0,1.0,0.0,0.002430555555555555,0.0,0.0,0.002430555555555555,Transit,Fishing - Longliner
700033531,VESSEL_STR_017,LR,transit,1.0,longliner,0.9999999708300644,0.0,0.0,0.0,0.0,0.0,0.0,0.0,1.0,0.0,0.002430555555555555,0.0,0.0,0.002430555555555555,Transit,Fishing - Longliner
700033531,VESSEL_STR_017,LR,transit,1.0,longliner,0.9999999708300644,0.0,0.0,0.0,0.0,0.0,0.0,0.0,1.0,0.0,0.002430555555555555,0.0,0.0,0.002430555555555555,Transit,Fishing - Longliner
700033531,VESSEL_STR_017,LR,transit,1.0,longliner,0.9999999708300644,0.0,0.0,0.0,0.0,0.0,0.0,0.0,1.0,0.0,0.002430555555555555,0.0,0.0,0.002430555555555555,Transit,Fishing - Longliner
700033531,VESSEL_STR_017,LR,transit,1.0,longliner,0.9999999708300644,0.0,0.0,0.0,0.0,0.0,0.0,0.0,1.0,0.0,0.002430555555555555,0.0,0.0,0.002430555555555555,Transit,Fishing - Longliner
700033531,VESSEL_STR_017,LR,transit,1.0,longliner,0.9999999708300644,0.0,0.0,0.0,0.0,0.0,0.0,0.0,1.0,0.0,0.002430555555555555,0.0,0.0,0.002430555555555555,Transit,Fishing - Longliner
700033531,VESSEL_STR_017,LR,transit,1.0,longliner,0.9999999708300644,0.0,0.0,0.0,0.0,0.0,0.0,0.0,1.0,0.0,0.002430555555555555,0.0,0.0,0.002430555555555555,Transit,Fishing - Longliner
700033531,VESSEL_STR_017,LR,transit,1.0,longliner,0.9999999708300644,0.0,0.0,0.0,0.0,0.0,0.0,0.0,1.0,0.0,0.002430555555555555,0.0,0.0,0.002430555555555555,Transit,Fishing - Longliner
700033531,VESSEL_STR_017,LR,transit,1.0,longliner,0.9999999708300644,0.0,0.0,0.0,0.0,0.0,0.0,0.0,1.0,0.0,0.002430555555555555,0.0,0.0,0.002430555555555555,Transit,Fishing - Longliner
700033531,VESSEL_STR_017,LR,transit,1.0,longliner,0.9999999708300644,0.0,0.0,0.0,0.0,0.0,0.0,0.0,1.0,0.0,0.002430555555555555,0.0,0.0,0.002430555555555555,Transit,Fishing - Longliner
700033531,VESSEL_STR_017,LR,transit,1.0,longliner,0.9999999708300644,0.0,0.0,0.0,0.0,0.0,0.0,0.0,1.0,0.0,0.002430555555555555,0.0,0.0,0.002430555555555555,Transit,Fishing - Longliner
700033531,VESSEL_STR_017,LR,transit,1.0,longliner,0.9999999708300091,0.0,0.0,0.0,0.0,0.0,0.0,0.0,1.0,0.0,0.002430555555555555,0.0,0.0,0.002430555555555555,Transit,Fishing - Longliner
700033531,VESSEL_STR_017,LR,transit,1.0,longliner,0.9999999708300644,0.0,0.0,0.0,0.0,0.0,0.0,0.0,1.0,0.0,0.002430555555555555,0.0,0.0,0.002430555555555555,Transit,Fishing - Longliner
700033531,VESSEL_STR_017,LR,transit,0.9983333333333333,longliner,0.9999999708300644,0.0,0.0,0.0,0.0,0.0,0.0016666666666666668,0.0,0.9983333333333333,0.0,0.002430555555555555,0.0,0.0,0.002430555555555555,Transit,Fishing - Longliner
700033531,VESSEL_STR_017,LR,transit,1.0,longliner,0.9999999708300644,0.0,0.0,0.0,0.0,0.0,0.0,0.0,1.0,0.0,0.002430555555555555,0.0,0.0,0.002430555555555555,Transit,Fishing - Longliner
700033531,VESSEL_STR_017,LR,transit,1.0,longliner,0.9999999708300644,0.0,0.0,0.0,0.0,0.0,0.0,0.0,1.0,0.0,0.002430555555555555,0.0,0.0,0.002430555555555555,Transit,Fishing - Longliner
700033531,VESSEL_STR_017,LR,transit,1.0,longliner,0.9999999708322445,0.0,0.0,0.0,0.0,0.0,0.0,0.0,1.0,0.0,0.002430555555555555,0.0,0.0,0.002430555555555555,Transit,Fishing - Longliner
700033531,VESSEL_STR_017,LR,transit,1.0,longliner,0.9999999708324481,0.0,0.0,0.0,0.0,0.0,0.0,0.0,1.0,0.0,0.002430555555555555,0.0,0.0,0.002430555555555555,Transit,Fishing - Longliner
700033532,VESSEL_STR_018,PH,transit,1.0,trawler,0.9999999849598094,0.0,0.0,0.0,0.0,0.0,0.0,0.0,1.0,0.0,0.002430555555555555,0.0,0.0,0.002430555555555555,Transit,Fishing - Trawler
700033532,VESSEL_STR_018,PH,transit,1.0,trawler,0.9999999849598094,0.0,0.0,0.0,0.0,0.0,0.0,0.0,1.0,0.0,0.002430555555555555,0.0,0.0,0.002430555555555555,Transit,Fishing - Trawler
700033532,VESSEL_STR_018,PH,transit,0.9983333333333333,trawler,0.9999999849598094,0.0016666666666666668,0.0,0.0,0.0,0.0,0.0,0.0,0.9983333333333333,0.0,0.002430555555555555,0.0,0.0,0.002430555555555555,Transit,Fishing - Trawler
700033532,VESSEL_STR_018,PH,transit,1.0,trawler,0.9999999849598094,0.0,0.0,0.0,0.0,0.0,0.0,0.0,1.0,0.0,0.002430555555555555,0.0,0.0,0.002430555555555555,Transit,Fishing - Trawler
700033532,VESSEL_STR_018,PH,transit,1.0,trawler,0.9999999849627974,0.0,0.0,0.0,0.0,0.0,0.0,0.0,1.0,0.0,0.002430555555555555,0.0,0.0,0.002430555555555555,Transit,Fishing - Trawler
700033532,VESSEL_STR_018,PH,transit,1.0,trawler,0.9999999849598094,0.0,0.0,0.0,0.0,0.0,0.0,0.0,1.0,0.0,0.002430555555555555,0.0,0.0,0.002430555555555555,Transit,Fishing - Trawler
700033532,VESSEL_STR_018,PH,transit,1.0,trawler,0.9999999849598094,0.0,0.0,0.0,0.0,0.0,0.0,0.0,1.0,0.0,0.002430555555555555,0.0,0.0,0.002430555555555555,Transit,Fishing - Trawler
700033532,VESSEL_STR_018,PH,transit,1.0,trawler,0.9999999849598094,0.0,0.0,0.0,0.0,0.0,0.0,0.0,1.0,0.0,0.002430555555555555,0.0,0.0,0.002430555555555555,Transit,Fishing - Trawler
700033532,VESSEL_STR_018,PH,transit,1.0,trawler,0.9999999849598094,0.0,0.0,0.0,0.0,0.0,0.0,0.0,1.0,0.0,0.002430555555555555,0.0,0.0,0.002430555555555555,Transit,Fishing - Trawler
700033532,VESSEL_STR_018,PH,transit,1.0,trawler,0.9999999849598094,0.0,0.0,0.0,0.0,0.0,0.0,0.0,1.0,0.0,0.002430555555555555,0.0,0.0,0.002430555555555555,Transit,Fishing - Trawler
700033532,VESSEL_STR_018,PH,transit,0.9594444444444444,trawler,0.9999999816421429,0.0016666666666666668,0.0,0.002833333333333333,0.027166666666666662,0.0011111111111111111,0.005555555555555555,0.0,0.9594444444444444,0.0022222222222222222,0.002430555555555555,0.0,0.0,0.002430555555555555,Transit,Fishing - Trawler
700033532,VESSEL_STR_018,PH,fishing,0.962936507936508,trawler,0.9999999816422945,0.0,0.0,0.0,0.962936507936508,0.0,0.015285714285714288,0.0,0.021777777777777774,0.0,0.002430555555555555,0.6,0.0,0.6,Fishing,Fishing - Trawler
700033532,VESSEL_STR_018,PH,fishing,0.9988888888888887,trawler,0.9999999816454018,0.0,0.0,0.0,0.9988888888888887,0.0,0.0,0.0,0.0011111111111111111,0.0,0.002430555555555555,0.6,0.0,0.6,Fishing,Fishing - Trawler
700033532,VESSEL_STR_018,PH,fishing,1.0,trawler,0.9999999817455246,0.0,0.0,0.0,1.0,0.0,0.0,0.0,0.0,0.0,0.002430555555555555,0.6,0.0,0.6,Fishing,Fishing - Trawler
700033532,VESSEL_STR_018,PH,fishing,1.0,trawler,0.9999999813921515,0.0,0.0,0.0,1.0,0.0,0.0,0.0,0.0,0.0,0.002430555555555555,0.6,0.0,0.6,Fishing,Fishing - Trawler
700033532,VESSEL_STR_018,PH,fishing,1.0,trawler,0.9999999813921515,0.0,0.0,0.0,1.0,0.0,0.0,0.0,0.0,0.0,0.002430555555555555,0.6,0.0,0.6,Fishing,Fishing - Trawler
700033532,VESSEL_STR_018,PH,fishing,1.0,trawler,0.9999999813921515,0.0,0.0,0.0,1.0,0.0,0.0,0.0,0.0,0.0,0.002430555555555555,0.6,0.0,0.6,Fishing,Fishing - Trawler
700033532,VESSEL_STR_018,PH,fishing,1.0,trawler,0.9999999813921515,0.0,0.0,0.0,1.0,0.0,0.0,0.0,0.0,0.0,0.002430555555555555,0.6,0.0,0.6,Fishing,Fishing - Trawler
700033532,VESSEL_STR_018,PH,fishing,1.0,trawler,0.9999999813921515,0.0,0.0,0.0,1.0,0.0,0.0,0.0,0.0,0.0,0.002430555555555555,0.6,0.0,0.6,Fishing,Fishing - Trawler
700033532,VESSEL_STR_018,PH,fishing,1.0,trawler,0.9999999817455246,0.0,0.0,0.0,1.0,0.0,0.0,0.0,0.0,0.0,0.002430555555555555,0.6,0.0,0.6,Fishing,Fishing - Trawler
700033532,VESSEL_STR_018,PH,fishing,1.0,trawler,0.9999999817455246,0.0,0.0,0.0,1.0,0.0,0.0,0.0,0.0,0.0,0.002430555555555555,0.6,0.0,0.6,Fishing,Fishing - Trawler
700033532,VESSEL_STR_018,PH,fishing,0.8091190476190474,trawler,0.9999999816454018,0.0033333333333333335,0.017166666666666667,0.0,0.8091190476190474,0.012166666666666666,0.0016666666666666668,0.0033333333333333335,0.1532142857142857,0.0,0.002430555555555555,0.6,0.0,0.6,Fishing,Fishing - Trawler
700033532,VESSEL_STR_018,PH,transit,0.9512323232323231,trawler,0.9999999848508558,0.005,0.007467171717171718,0.0,0.022828282828282826,7.575757575757576e-05,0.0,0.013396464646464648,0.9512323232323231,0.0,0.002430555555555555,0.0,0.0,0.002430555555555555,Transit,Fishing - Trawler
700033532,VESSEL_STR_018,PH,transit,1.0,trawler,0.9999999849598094,0.0,0.0,0.0,0.0,0.0,0.0,0.0,1.0,0.0,0.002430555555555555,0.0,0.0,0.002430555555555555,Transit,Fishing - Trawler
700033532,VESSEL_STR_018,PH,transit,0.9808333333333333,trawler,0.9999999817554474,0.0,0.0,0.0022222222222222222,0.00861111111111111,0.0,0.008333333333333333,0.0,0.9808333333333333,0.0,0.002430555555555555,0.0,0.0,0.002430555555555555,Transit,Fishing - Trawler
700033532,VESSEL_STR_018,PH,fishing,0.981111111111111,trawler,0.9999999816586204,0.0,0.0,0.0,0.981111111111111,0.0016666666666666668,0.0033333333333333335,0.0,0.01388888888888889,0.0,0.002430555555555555,0.6,0.0,0.6,Fishing,Fishing - Trawler
700033532,VESSEL_STR_018,PH,fishing,0.9983333333333333,trawler,0.9999999816454018,0.0,0.0,0.0,0.9983333333333333,0.0,0.0,0.0,0.0016666666666666668,0.0,0.002430555555555555,0.6,0.0,0.6,Fishing,Fishing - Trawler
700033532,VESSEL_STR_018,PH,fishing,1.0,trawler,0.9999999817455246,0.0,0.0,0.0,1.0,0.0,0.0,0.0,0.0,0.0,0.002430555555555555,0.6,0.0,0.6,Fishing,Fishing - Trawler
700033532,VESSEL_STR_018,PH,fishing,1.0,trawler,0.9999999817455246,0.0,0.0,0.0,1.0,0.0,0.0,0.0,0.0,0.0,0.002430555555555555,0.6,0.0,0.6,Fishing,Fishing - Trawler
700033532,VESSEL_STR_018,PH,fishing,1.0,trawler,0.9999999817455246,0.0,0.0,0.0,1.0,0.0,0.0,0.0,0.0,0.0,0.002430555555555555,0.6,0.0,0.6,Fishing,Fishing - Trawler
700033532,VESSEL_STR_018,PH,fishing,1.0,trawler,0.9999999817455246,0.0,0.0,0.0,1.0,0.0,0.0,0.0,0.0,0.0,0.002430555555555555,0.6,0.0,0.6,Fishing,Fishing - Trawler
700033532,VESSEL_STR_018,PH,fishing,1.0,trawler,0.9999999817455246,0.0,0.0,0.0,1.0,0.0,0.0,0.0,0.0,0.0,0.002430555555555555,0.6,0.0,0.6,Fishing,Fishing - Trawler
700033532,VESSEL_STR_018,PH,fishing,1.0,trawler,0.9999999817455246,0.0,0.0,0.0,1.0,0.0,0.0,0.0,0.0,0.0,0.002430555555555555,0.6,0.0,0.6,Fishing,Fishing - Trawler
700033532,VESSEL_STR_018,PH,fishing,1.0,trawler,0.9999999813905885,0.0,0.0,0.0,1.0,0.0,0.0,0.0,0.0,0.0,0.002430555555555555,0.6,0.0,0.6,Fishing,Fishing - Trawler
700033532,VESSEL_STR_018,PH,fishing,1.0,trawler,0.9999999817455246,0.0,0.0,0.0,1.0,0.0,0.0,0.0,0.0,0.0,0.002430555555555555,0.6,0.0,0.6,Fishing,Fishing - Trawler
700033532,VESSEL_STR_018,PH,fishing,0.9991666666666666,trawler,0.9999999813921515,0.0,0.0,0.0,0.9991666666666666,0.0008333333333333334,0.0,0.0,0.0,0.0,0.002430555555555555,0.6,0.0,0.6,Fishing,Fishing - Trawler
700033532,VESSEL_STR_018,PH,fishing,1.0,trawler,0.9999999813921515,0.0,0.0,0.0,1.0,0.0,0.0,0.0,0.0,0.0,0.002430555555555555,0.6,0.0,0.6,Fishing,Fishing - Trawler
700033532,VESSEL_STR_018,PH,fishing,0.9763838383838385,trawler,0.9999999811523098,0.0,0.0038005050505050503,0.0,0.9763838383838385,7.575757575757576e-05,0.002,0.006174242424242424,0.011565656565656566,0.0,0.002430555555555555,0.6,0.0,0.6,Fishing,Fishing - Trawler
700033532,VESSEL_STR_018,PH,transit,0.8883156565656564,trawler,0.9999999841555887,0.0,0.012633838383838386,0.0044444444444444444,0.06302272727272726,0.011353535353535353,0.0,0.017174242424242425,0.8883156565656564,0.0030555555555555553,0.002430555555555555,0.0,0.0,0.002430555555555555,Transit,Fishing - Trawler
700033532,VESSEL_STR_018,PH,transit,1.0,trawler,0.999999984847237,0.0,0.0,0.0,0.0,0.0,0.0,0.0,1.0,0.0,0.002430555555555555,0.0,0.0,0.002430555555555555,Transit,Fishing - Trawler
700033532,VESSEL_STR_018,PH,transit,1.0,trawler,0.9999999849627974,0.0,0.0,0.0,0.0,0.0,0.0,0.0,1.0,0.0,0.002430555555555555,0.0,0.0,0.002430555555555555,Transit,Fishing - Trawler
700033532,VESSEL_STR_018,PH,transit,1.0,trawler,0.9999999849598094,0.0,0.0,0.0,0.0,0.0,0.0,0.0,1.0,0.0,0.002430555555555555,0.0,0.0,0.002430555555555555,Transit,Fishing - Trawler
700033532,VESSEL_STR_018,PH,transit,0.9952777777777777,trawler,0.9999999849593602,0.0,0.0,0.0,0.004722222222222221,0.0,0.0,0.0,0.9952777777777777,0.0,0.002430555555555555,0.0,0.0,0.002430555555555555,Transit,Fishing - Trawler
700033532,VESSEL_STR_018,PH,transit,1.0,trawler,0.9999999849598094,0.0,0.0,0.0,0.0,0.0,0.0,0.0,1.0,0.0,0.002430555555555555,0.0,0.0,0.002430555555555555,Transit,Fishing - Trawler
700033532,VESSEL_STR_018,PH,transit,1.0,trawler,0.9999999849598094,0.0,0.0,0.0,0.0,0.0,0.0,0.0,1.0,0.0,0.002430555555555555,0.0,0.0,0.002430555555555555,Transit,Fishing - Trawler
700033532,VESSEL_STR_018,PH,transit,0.9983333333333333,trawler,0.9999999849598094,0.0,0.0,0.0,0.0,0.0,0.0016666666666666668,0.0,0.9983333333333333,0.0,0.002430555555555555,0.0,0.0,0.002430555555555555,Transit,Fishing - Trawler
700033532,VESSEL_STR_018,PH,transit,1.0,trawler,0.9999999849598094,0.0,0.0,0.0,0.0,0.0,0.0,0.0,1.0,0.0,0.002430555555555555,0.0,0.0,0.002430555555555555,Transit,Fishing - Trawler
700033532,VESSEL_STR_018,PH,transit,1.0,trawler,0.9999999849627974,0.0,0.0,0.0,0.0,0.0,0.0,0.0,1.0,0.0,0.002430555555555555,0.0,0.0,0.002430555555555555,Transit,Fishing - Trawler
700033532,VESSEL_STR_018,PH,transit,0.9975,trawler,0.9999999849627974,0.0,0.0,0.0,0.0,0.0,0.0,0.0025,0.9975,0.0,0.002430555555555555,0.0,0.0,0.002430555555555555,Transit,Fishing - Trawler
700033532,VESSEL_STR_018,PH,transit,0.9961111111111113,trawler,0.9999999849593602,0.0,0.0,0.0,0.0022222222222222222,0.0,0.0016666666666666668,0.0,0.9961111111111113,0.0,0.002430555555555555,0.0,0.0,0.002430555555555555,Transit,Fishing - Trawler
700033532,VESSEL_STR_018,PH,transit,1.0,trawler,0.9999999849598094,0.0,0.0,0.0,0.0,0.0,0.0,0.0,1.0,0.0,0.002430555555555555,0.0,0.0,0.002430555555555555,Transit,Fishing - Trawler
700033532,VESSEL_STR_018,PH,transit,0.9975,trawler,0.9999999849627974,0.0,0.0016666666666666668,0.0,0.0,0.0,0.0008333333333333334,0.0,0.9975,0.0,0.002430555555555555,0.0,0.0,0.002430555555555555,Transit,Fishing - Trawler
700033532,VESSEL_STR_018,PH,transit,0.9983333333333333,trawler,0.9999999849598094,0.0,0.0,0.0,0.0,0.0,0.0016666666666666668,0.0,0.9983333333333333,0.0,0.002430555555555555,0.0,0.0,0.002430555555555555,Transit,Fishing - Trawler
700033532,VESSEL_STR_018,PH,transit,1.0,trawler,0.9999999849598094,0.0,0.0,0.0,0.0,0.0,0.0,0.0,1.0,0.0,0.002430555555555555,0.0,0.0,0.002430555555555555,Transit,Fishing - Trawler
700033532,VESSEL_STR_018,PH,transit,1.0,trawler,0.9999999849598094,0.0,0.0,0.0,0.0,0.0,0.0,0.0,1.0,0.0,0.002430555555555555,0.0,0.0,0.002430555555555555,Transit,Fishing - Trawler
700033532,VESSEL_STR_018,PH,transit,1.0,trawler,0.9999999849598094,0.0,0.0,0.0,0.0,0.0,0.0,0.0,1.0,0.0,0.002430555555555555,0.0,0.0,0.002430555555555555,Transit,Fishing - Trawler
700033532,VESSEL_STR_018,PH,transit,1.0,trawler,0.9999999849598094,0.0,0.0,0.0,0.0,0.0,0.0,0.0,1.0,0.0,0.002430555555555555,0.0,0.0,0.002430555555555555,Transit,Fishing - Trawler
700033532,VESSEL_STR_018,PH,transit,1.0,trawler,0.999999984847237,0.0,0.0,0.0,0.0,0.0,0.0,0.0,1.0,0.0,0.002430555555555555,0.0,0.0,0.002430555555555555,Transit,Fishing - Trawler
700033532,VESSEL_STR_018,PH,transit,1.0,trawler,0.9999999849627974,0.0,0.0,0.0,0.0,0.0,0.0,0.0,1.0,0.0,0.002430555555555555,0.0,0.0,0.002430555555555555,Transit,Fishing - Trawler
700033532,VESSEL_STR_018,PH,transit,1.0,trawler,0.9999999849598094,0.0,0.0,0.0,0.0,0.0,0.0,0.0,1.0,0.0,0.002430555555555555,0.0,0.0,0.002430555555555555,Transit,Fishing - Trawler
700033532,VESSEL_STR_018,PH,transit,0.9977777777777778,trawler,0.9999999849598094,0.0,0.0,0.0,0.0,0.0,0.0,0.0022222222222222222,0.9977777777777778,0.0,0.002430555555555555,0.0,0.0,0.002430555555555555,Transit,Fishing - Trawler
700033532,VESSEL_STR_018,PH,transit,0.9983333333333333,trawler,0.9999999849627974,0.0016666666666666668,0.0,0.0,0.0,0.0,0.0,0.0,0.9983333333333333,0.0,0.002430555555555555,0.0,0.0,0.002430555555555555,Transit,Fishing - Trawler
700033532,VESSEL_STR_018,PH,transit,1.0,trawler,0.9999999849627974,0.0,0.0,0.0,0.0,0.0,0.0,0.0,1.0,0.0,0.002430555555555555,0.0,0.0,0.002430555555555555,Transit,Fishing - Trawler
700033532,VESSEL_STR_018,PH,transit,1.0,trawler,0.9999999849598094,0.0,0.0,0.0,0.0,0.0,0.0,0.0,1.0,0.0,0.002430555555555555,0.0,0.0,0.002430555555555555,Transit,Fishing - Trawler
700033532,VESSEL_STR_018,PH,transit,1.0,trawler,0.9999999849598094,0.0,0.0,0.0,0.0,0.0,0.0,0.0,1.0,0.0,0.002430555555555555,0.0,0.0,0.002430555555555555,Transit,Fishing - Trawler
700033532,VESSEL_STR_018,PH,transit,1.0,trawler,0.9999999849598094,0.0,0.0,0.0,0.0,0.0,0.0,0.0,1.0,0.0,0.002430555555555555,0.0,0.0,0.002430555555555555,Transit,Fishing - Trawler
700033532,VESSEL_STR_018,PH,transit,1.0,trawler,0.9999999849598094,0.0,0.0,0.0,0.0,0.0,0.0,0.0,1.0,0.0,0.002430555555555555,0.0,0.0,0.002430555555555555,Transit,Fishing - Trawler
700033532,VESSEL_STR_018,PH,transit,1.0,trawler,0.9999999849598094,0.0,0.0,0.0,0.0,0.0,0.0,0.0,1.0,0.0,0.002430555555555555,0.0,0.0,0.002430555555555555,Transit,Fishing - Trawler
700033532,VESSEL_STR_018,PH,transit,1.0,trawler,0.9999999849598094,0.0,0.0,0.0,0.0,0.0,0.0,0.0,1.0,0.0,0.002430555555555555,0.0,0.0,0.002430555555555555,Transit,Fishing - Trawler
700033532,VESSEL_STR_018,PH,transit,1.0,trawler,0.9999999849598094,0.0,0.0,0.0,0.0,0.0,0.0,0.0,1.0,0.0,0.002430555555555555,0.0,0.0,0.002430555555555555,Transit,Fishing - Trawler
700033532,VESSEL_STR_018,PH,transit,1.0,trawler,0.9999999849598094,0.0,0.0,0.0,0.0,0.0,0.0,0.0,1.0,0.0,0.002430555555555555,0.0,0.0,0.002430555555555555,Transit,Fishing - Trawler
700033532,VESSEL_STR_018,PH,transit,1.0,trawler,0.9999999849598094,0.0,0.0,0.0,0.0,0.0,0.0,0.0,1.0,0.0,0.002430555555555555,0.0,0.0,0.002430555555555555,Transit,Fishing - Trawler
700033532,VESSEL_STR_018,PH,transit,1.0,trawler,0.9999999849598094,0.0,0.0,0.0,0.0,0.0,0.0,0.0,1.0,0.0,0.002430555555555555,0.0,0.0,0.002430555555555555,Transit,Fishing - Trawler
700033532,VESSEL_STR_018,PH,transit,1.0,trawler,0.9999999849627974,0.0,0.0,0.0,0.0,0.0,0.0,0.0,1.0,0.0,0.002430555555555555,0.0,0.0,0.002430555555555555,Transit,Fishing - Trawler
700033532,VESSEL_STR_018,PH,transit,1.0,trawler,0.9999999849598094,0.0,0.0,0.0,0.0,0.0,0.0,0.0,1.0,0.0,0.002430555555555555,0.0,0.0,0.002430555555555555,Transit,Fishing - Trawler
700033532,VESSEL_STR_018,PH,transit,1.0,trawler,0.9999999849598094,0.0,0.0,0.0,0.0,0.0,0.0,0.0,1.0,0.0,0.002430555555555555,0.0,0.0,0.002430555555555555,Transit,Fishing - Trawler
700033532,VESSEL_STR_018,PH,transit,1.0,trawler,0.9999999849627974,0.0,0.0,0.0,0.0,0.0,0.0,0.0,1.0,0.0,0.002430555555555555,0.0,0.0,0.002430555555555555,Transit,Fishing - Trawler
700033532,VESSEL_STR_018,PH,transit,1.0,trawler,0.9999999849627974,0.0,0.0,0.0,0.0,0.0,0.0,0.0,1.0,0.0,0.002430555555555555,0.0,0.0,0.002430555555555555,Transit,Fishing - Trawler
700033532,VESSEL_STR_018,PH,transit,1.0,trawler,0.9999999849627974,0.0,0.0,0.0,0.0,0.0,0.0,0.0,1.0,0.0,0.002430555555555555,0.0,0.0,0.002430555555555555,Transit,Fishing - Trawler
700033532,VESSEL_STR_018,PH,transit,1.0,trawler,0.9999999849598094,0.0,0.0,0.0,0.0,0.0,0.0,0.0,1.0,0.0,0.002430555555555555,0.0,0.0,0.002430555555555555,Transit,Fishing - Trawler
700033532,VESSEL_STR_018,PH,transit,1.0,trawler,0.9999999849627974,0.0,0.0,0.0,0.0,0.0,0.0,0.0,1.0,0.0,0.002430555555555555,0.0,0.0,0.002430555555555555,Transit,Fishing - Trawler
700033532,VESSEL_STR_018,PH,transit,1.0,trawler,0.9999999848630734,0.0,0.0,0.0,0.0,0.0,0.0,0.0,1.0,0.0,0.002430555555555555,0.0,0.0,0.002430555555555555,Transit,Fishing - Trawler
700033532,VESSEL_STR_018,PH,transit,1.0,trawler,0.9999999849779055,0.0,0.0,0.0,0.0,0.0,0.0,0.0,1.0,0.0,0.002430555555555555,0.0,0.0,0.002430555555555555,Transit,Fishing - Trawler
700033532,VESSEL_STR_018,PH,transit,1.0,trawler,0.9999999849598094,0.0,0.0,0.0,0.0,0.0,0.0,0.0,1.0,0.0,0.002430555555555555,0.0,0.0,0.002430555555555555,Transit,Fishing - Trawler
700033532,VESSEL_STR_018,PH,transit,1.0,trawler,0.9999999849598094,0.0,0.0,0.0,0.0,0.0,0.0,0.0,1.0,0.0,0.002430555555555555,0.0,0.0,0.002430555555555555,Transit,Fishing - Trawler
700033533,VESSEL_STR_019,SG,transit,1.0,longliner,0.9999999804556402,0.0,0.0,0.0,0.0,0.0,0.0,0.0,1.0,0.0,0.002430555555555555,0.0,0.0,0.002430555555555555,Transit,Fishing - Longliner
700033533,VESSEL_STR_019,SG,transit,1.0,longliner,0.9999999804556402,0.0,0.0,0.0,0.0,0.0,0.0,0.0,1.0,0.0,0.002430555555555555,0.0,0.0,0.002430555555555555,Transit,Fishing - Longliner
700033533,VESSEL_STR_019,SG,transit,1.0,longliner,0.9999999804557028,0.0,0.0,0.0,0.0,0.0,0.0,0.0,1.0,0.0,0.002430555555555555,0.0,0.0,0.002430555555555555,Transit,Fishing - Longliner
700033533,VESSEL_STR_019,SG,transit,1.0,longliner,0.9999999804556402,0.0,0.0,0.0,0.0,0.0,0.0,0.0,1.0,0.0,0.002430555555555555,0.0,0.0,0.002430555555555555,Transit,Fishing - Longliner
700033533,VESSEL_STR_019,SG,transit,1.0,longliner,0.9999999804556402,0.0,0.0,0.0,0.0,0.0,0.0,0.0,1.0,0.0,0.002430555555555555,0.0,0.0,0.002430555555555555,Transit,Fishing - Longliner
700033533,VESSEL_STR_019,SG,transit,1.0,longliner,0.9999999804557028,0.0,0.0,0.0,0.0,0.0,0.0,0.0,1.0,0.0,0.002430555555555555,0.0,0.0,0.002430555555555555,Transit,Fishing - Longliner
700033533,VESSEL_STR_019,SG,transit,1.0,longliner,0.9999999804556402,0.0,0.0,0.0,0.0,0.0,0.0,0.0,1.0,0.0,0.002430555555555555,0.0,0.0,0.002430555555555555,Transit,Fishing - Longliner
700033533,VESSEL_STR_019,SG,transit,1.0,longliner,0.9999999804601579,0.0,0.0,0.0,0.0,0.0,0.0,0.0,1.0,0.0,0.002430555555555555,0.0,0.0,0.002430555555555555,Transit,Fishing - Longliner
700033533,VESSEL_STR_019,SG,transit,1.0,longliner,0.9999999804602203,0.0,0.0,0.0,0.0,0.0,0.0,0.0,1.0,0.0,0.002430555555555555,0.0,0.0,0.002430555555555555,Transit,Fishing - Longliner
700033533,VESSEL_STR_019,SG,fishing,0.8660743145743144,longliner,0.9999999789854224,0.0,0.0001893939393939394,0.0,0.8660743145743144,0.003409090909090909,0.014015873015873016,0.002840909090909091,0.11347041847041846,0.0,0.2744444444444445,0.6,0.0,0.6,Fishing,Fishing - Longliner
700033533,VESSEL_STR_019,SG,fishing,0.9988888888888887,longliner,0.9999999803503185,0.0,0.0,0.0,0.9988888888888887,0.0,0.0,0.0,0.0011111111111111111,0.0,0.002430555555555555,0.6,0.0,0.6,Fishing,Fishing - Longliner
700033533,VESSEL_STR_019,SG,fishing,0.9485555555555557,longliner,0.9999999793793428,0.0,0.0,0.0,0.9485555555555557,0.005138888888888888,0.0008333333333333334,0.0,0.041722222222222216,0.00375,0.002430555555555555,0.6,0.0,0.6,Fishing,Fishing - Longliner
700033533,VESSEL_STR_019,SG,transit,1.0,longliner,0.99999998032448,0.0,0.0,0.0,0.0,0.0,0.0,0.0,1.0,0.0,0.002430555555555555,0.0,0.0,0.002430555555555555,Transit,Fishing - Longliner
700033533,VESSEL_STR_019,SG,transit,1.0,longliner,0.9999999804557028,0.0,0.0,0.0,0.0,0.0,0.0,0.0,1.0,0.0,0.002430555555555555,0.0,0.0,0.002430555555555555,Transit,Fishing - Longliner
700033533,VESSEL_STR_019,SG,transit,1.0,longliner,0.9999999804556402,0.0,0.0,0.0,0.0,0.0,0.0,0.0,1.0,0.0,0.002430555555555555,0.0,0.0,0.002430555555555555,Transit,Fishing - Longliner
700033533,VESSEL_STR_019,SG,transit,0.9886111111111112,longliner,0.9999999804557028,0.0,0.0,0.0022222222222222222,0.0025,0.0,0.006666666666666667,0.0,0.9886111111111112,0.0,0.002430555555555555,0.0,0.0,0.002430555555555555,Transit,Fishing - Longliner
700033533,VESSEL_STR_019,SG,fishing,0.9743333333333334,longliner,0.9999999789854224,0.0,0.0,0.0,0.9743333333333334,0.0016666666666666668,0.01,0.0,0.014,0.0,0.002430555555555555,0.6,0.0,0.6,Fishing,Fishing - Longliner
700033533,VESSEL_STR_019,SG,fishing,0.9988888888888887,longliner,0.9999999803503185,0.0,0.0,0.0,0.9988888888888887,0.0,0.0,0.0,0.0011111111111111111,0.0,0.002430555555555555,0.6,0.0,0.6,Fishing,Fishing - Longliner
700033533,VESSEL_STR_019,SG,fishing,0.995,longliner,0.9999999802321877,0.0,0.0016666666666666668,0.0,0.995,0.0033333333333333335,0.0,0.0,0.0,0.0,0.002430555555555555,0.6,0.0,0.6,Fishing,Fishing - Longliner
700033533,VESSEL_STR_019,SG,fishing,0.9969444444444444,longliner,0.9999999807594299,0.0,0.0,0.0,0.9969444444444444,0.0030555555555555553,0.0,0.0,0.0,0.0,0.002430555555555555,0.6,0.0,0.6,Fishing,Fishing - Longliner
700033533,VESSEL_STR_019,SG,fishing,0.9991666666666666,longliner,0.9999999807594299,0.0,0.0,0.0,0.9991666666666666,0.0008333333333333334,0.0,0.0,0.0,0.0,0.002430555555555555,0.6,0.0,0.6,Fishing,Fishing - Longliner
700033533,VESSEL_STR_019,SG,fishing,0.9966666666666667,longliner,0.9999999807594299,0.0,0.0,0.0,0.9966666666666667,0.0033333333333333335,0.0,0.0,0.0,0.0,0.002430555555555555,0.6,0.0,0.6,Fishing,Fishing - Longliner
700033533,VESSEL_STR_019,SG,fishing,0.9966666666666667,longliner,0.9999999807594299,0.0,0.0,0.0,0.9966666666666667,0.0033333333333333335,0.0,0.0,0.0,0.0,0.002430555555555555,0.6,0.0,0.6,Fishing,Fishing - Longliner
700033533,VESSEL_STR_019,SG,fishing,0.9756666666666667,longliner,0.9999999807594299,0.00488888888888889,0.0,0.0,0.9756666666666667,0.015,0.0,0.0033333333333333335,0.0,0.0011111111111111111,0.002430555555555555,0.6,0.0,0.6,Fishing,Fishing - Longliner
700033533,VESSEL_STR_019,SG,fishing,0.9691388888888889,longliner,0.9999999807607097,0.0033333333333333335,0.00625,0.006666666666666667,0.9691388888888889,0.0044444444444444444,0.0,0.0033333333333333335,0.006833333333333333,0.0,0.002430555555555555,0.6,0.0,0.6,Fishing,Fishing - Longliner
700033533,VESSEL_STR_019,SG,fishing,0.9975,longliner,0.9999999807594299,0.0,0.0,0.0,0.9975,0.0025,0.0,0.0,0.0,0.0,0.002430555555555555,0.6,0.0,0.6,Fishing,Fishing - Longliner
700033533,VESSEL_STR_019,SG,fishing,0.9966666666666667,longliner,0.9999999807594299,0.0,0.0,0.0,0.9966666666666667,0.0033333333333333335,0.0,0.0,0.0,0.0,0.002430555555555555,0.6,0.0,0.6,Fishing,Fishing - Longliner
700033533,VESSEL_STR_019,SG,fishing,0.7710346320346323,longliner,0.9999999784060496,0.009722222222222222,0.03414177489177488,0.0011111111111111111,0.7710346320346323,0.04274242424242425,0.0,0.008118686868686869,0.130462481962482,0.002666666666666667,0.002430555555555555,0.6,0.0,0.6,Fishing,Fishing - Longliner
700033533,VESSEL_STR_019,SG,transit,0.986,longliner,0.9999999797133781,0.0022222222222222222,0.0,0.0,0.0027777777777777775,0.0,0.0,0.009000000000000001,0.986,0.0,0.002430555555555555,0.0,0.0,0.002430555555555555,Transit,Fishing - Longliner
700033533,VESSEL_STR_019,SG,transit,1.0,longliner,0.9999999804556402,0.0,0.0,0.0,0.0,0.0,0.0,0.0,1.0,0.0,0.002430555555555555,0.0,0.0,0.002430555555555555,Transit,Fishing - Longliner
700033533,VESSEL_STR_019,SG,transit,1.0,longliner,0.9999999804556402,0.0,0.0,0.0,0.0,0.0,0.0,0.0,1.0,0.0,0.002430555555555555,0.0,0.0,0.002430555555555555,Transit,Fishing - Longliner
700033533,VESSEL_STR_019,SG,transit,1.0,longliner,0.9999999804556402,0.0,0.0,0.0,0.0,0.0,0.0,0.0,1.0,0.0,0.002430555555555555,0.0,0.0,0.002430555555555555,Transit,Fishing - Longliner
700033533,VESSEL_STR_019,SG,transit,1.0,longliner,0.999999980455952,0.0,0.0,0.0,0.0,0.0,0.0,0.0,1.0,0.0,0.002430555555555555,0.0,0.0,0.002430555555555555,Transit,Fishing - Longliner
700033533,VESSEL_STR_019,SG,transit,1.0,longliner,0.9999999803253571,0.0,0.0,0.0,0.0,0.0,0.0,0.0,1.0,0.0,0.002430555555555555,0.0,0.0,0.002430555555555555,Transit,Fishing - Longliner
700033533,VESSEL_STR_019,SG,transit,1.0,longliner,0.9999999804557028,0.0,0.0,0.0,0.0,0.0,0.0,0.0,1.0,0.0,0.002430555555555555,0.0,0.0,0.002430555555555555,Transit,Fishing - Longliner
700033533,VESSEL_STR_019,SG,transit,1.0,longliner,0.9999999804556402,0.0,0.0,0.0,0.0,0.0,0.0,0.0,1.0,0.0,0.002430555555555555,0.0,0.0,0.002430555555555555,Transit,Fishing - Longliner
700033533,VESSEL_STR_019,SG,transit,1.0,longliner,0.9999999804556402,0.0,0.0,0.0,0.0,0.0,0.0,0.0,1.0,0.0,0.002430555555555555,0.0,0.0,0.002430555555555555,Transit,Fishing - Longliner
700033533,VESSEL_STR_019,SG,transit,0.9983333333333333,longliner,0.9999999804556402,0.0016666666666666668,0.0,0.0,0.0,0.0,0.0,0.0,0.9983333333333333,0.0,0.002430555555555555,0.0,0.0,0.002430555555555555,Transit,Fishing - Longliner
700033533,VESSEL_STR_019,SG,transit,1.0,longliner,0.9999999804556402,0.0,0.0,0.0,0.0,0.0,0.0,0.0,1.0,0.0,0.002430555555555555,0.0,0.0,0.002430555555555555,Transit,Fishing - Longliner
700033533,VESSEL_STR_019,SG,transit,1.0,longliner,0.9999999804556402,0.0,0.0,0.0,0.0,0.0,0.0,0.0,1.0,0.0,0.002430555555555555,0.0,0.0,0.002430555555555555,Transit,Fishing - Longliner
700033533,VESSEL_STR_019,SG,transit,1.0,longliner,0.9999999804556402,0.0,0.0,0.0,0.0,0.0,0.0,0.0,1.0,0.0,0.002430555555555555,0.0,0.0,0.002430555555555555,Transit,Fishing - Longliner
700033533,VESSEL_STR_019,SG,transit,1.0,longliner,0.9999999804556402,0.0,0.0,0.0,0.0,0.0,0.0,0.0,1.0,0.0,0.002430555555555555,0.0,0.0,0.002430555555555555,Transit,Fishing - Longliner
700033533,VESSEL_STR_019,SG,transit,1.0,longliner,0.9999999804556402,0.0,0.0,0.0,0.0,0.0,0.0,0.0,1.0,0.0,0.002430555555555555,0.0,0.0,0.002430555555555555,Transit,Fishing - Longliner
700033533,VESSEL_STR_019,SG,transit,1.0,longliner,0.9999999804556402,0.0,0.0,0.0,0.0,0.0,0.0,0.0,1.0,0.0,0.002430555555555555,0.0,0.0,0.002430555555555555,Transit,Fishing - Longliner
700033533,VESSEL_STR_019,SG,transit,1.0,longliner,0.9999999804556402,0.0,0.0,0.0,0.0,0.0,0.0,0.0,1.0,0.0,0.002430555555555555,0.0,0.0,0.002430555555555555,Transit,Fishing - Longliner
700033533,VESSEL_STR_019,SG,transit,1.0,longliner,0.9999999804556402,0.0,0.0,0.0,0.0,0.0,0.0,0.0,1.0,0.0,0.002430555555555555,0.0,0.0,0.002430555555555555,Transit,Fishing - Longliner
700033533,VESSEL_STR_019,SG,transit,1.0,longliner,0.9999999804557028,0.0,0.0,0.0,0.0,0.0,0.0,0.0,1.0,0.0,0.002430555555555555,0.0,0.0,0.002430555555555555,Transit,Fishing - Longliner
700033533,VESSEL_STR_019,SG,transit,1.0,longliner,0.9999999804556402,0.0,0.0,0.0,0.0,0.0,0.0,0.0,1.0,0.0,0.002430555555555555,0.0,0.0,0.002430555555555555,Transit,Fishing - Longliner
700033533,VESSEL_STR_019,SG,transit,1.0,longliner,0.9999999804556402,0.0,0.0,0.0,0.0,0.0,0.0,0.0,1.0,0.0,0.002430555555555555,0.0,0.0,0.002430555555555555,Transit,Fishing - Longliner
700033533,VESSEL_STR_019,SG,transit,1.0,longliner,0.9999999804556402,0.0,0.0,0.0,0.0,0.0,0.0,0.0,1.0,0.0,0.002430555555555555,0.0,0.0,0.002430555555555555,Transit,Fishing - Longliner
700033533,VESSEL_STR_019,SG,transit,1.0,longliner,0.9999999804556402,0.0,0.0,0.0,0.0,0.0,0.0,0.0,1.0,0.0,0.002430555555555555,0.0,0.0,0.002430555555555555,Transit,Fishing - Longliner
700033533,VESSEL_STR_019,SG,transit,1.0,longliner,0.9999999804556402,0.0,0.0,0.0,0.0,0.0,0.0,0.0,1.0,0.0,0.002430555555555555,0.0,0.0,0.002430555555555555,Transit,Fishing - Longliner
700033533,VESSEL_STR_019,SG,transit,1.0,longliner,0.9999999804556402,0.0,0.0,0.0,0.0,0.0,0.0,0.0,1.0,0.0,0.002430555555555555,0.0,0.0,0.002430555555555555,Transit,Fishing - Longliner
700033533,VESSEL_STR_019,SG,transit,1.0,longliner,0.9999999804556402,0.0,0.0,0.0,0.0,0.0,0.0,0.0,1.0,0.0,0.002430555555555555,0.0,0.0,0.002430555555555555,Transit,Fishing - Longliner
700033533,VESSEL_STR_019,SG,transit,1.0,longliner,0.9999999804556402,0.0,0.0,0.0,0.0,0.0,0.0,0.0,1.0,0.0,0.002430555555555555,0.0,0.0,0.002430555555555555,Transit,Fishing - Longliner
700033533,VESSEL_STR_019,SG,transit,1.0,longliner,0.9999999804556402,0.0,0.0,0.0,0.0,0.0,0.0,0.0,1.0,0.0,0.002430555555555555,0.0,0.0,0.002430555555555555,Transit,Fishing - Longliner
700033533,VESSEL_STR_019,SG,transit,1.0,longliner,0.9999999804556402,0.0,0.0,0.0,0.0,0.0,0.0,0.0,1.0,0.0,0.002430555555555555,0.0,0.0,0.002430555555555555,Transit,Fishing - Longliner
700033533,VESSEL_STR_019,SG,transit,0.9822222222222221,longliner,0.9999999804556402,0.0033333333333333335,0.0027777777777777775,0.0,0.006388888888888888,0.0,0.003611111111111111,0.0016666666666666668,0.9822222222222221,0.0,0.002430555555555555,0.0,0.0,0.002430555555555555,Transit,Fishing - Longliner
700033533,VESSEL_STR_019,SG,transit,1.0,longliner,0.9999999804557028,0.0,0.0,0.0,0.0,0.0,0.0,0.0,1.0,0.0,0.002430555555555555,0.0,0.0,0.002430555555555555,Transit,Fishing - Longliner
700033533,VESSEL_STR_019,SG,transit,1.0,longliner,0.9999999804553762,0.0,0.0,0.0,0.0,0.0,0.0,0.0,1.0,0.0,0.002430555555555555,0.0,0.0,0.002430555555555555,Transit,Fishing - Longliner
700033533,VESSEL_STR_019,SG,transit,1.0,longliner,0.9999999804556402,0.0,0.0,0.0,0.0,0.0,0.0,0.0,1.0,0.0,0.002430555555555555,0.0,0.0,0.002430555555555555,Transit,Fishing - Longliner
700033533,VESSEL_STR_019,SG,transit,1.0,longliner,0.9999999804556402,0.0,0.0,0.0,0.0,0.0,0.0,0.0,1.0,0.0,0.002430555555555555,0.0,0.0,0.002430555555555555,Transit,Fishing - Longliner
700033533,VESSEL_STR_019,SG,transit,1.0,longliner,0.9999999804556402,0.0,0.0,0.0,0.0,0.0,0.0,0.0,1.0,0.0,0.002430555555555555,0.0,0.0,0.002430555555555555,Transit,Fishing - Longliner
700033533,VESSEL_STR_019,SG,transit,1.0,longliner,0.9999999804556402,0.0,0.0,0.0,0.0,0.0,0.0,0.0,1.0,0.0,0.002430555555555555,0.0,0.0,0.002430555555555555,Transit,Fishing - Longliner
700033533,VESSEL_STR_019,SG,transit,1.0,longliner,0.9999999804557028,0.0,0.0,0.0,0.0,0.0,0.0,0.0,1.0,0.0,0.002430555555555555,0.0,0.0,0.002430555555555555,Transit,Fishing - Longliner
700033533,VESSEL_STR_019,SG,transit,1.0,longliner,0.9999999804557028,0.0,0.0,0.0,0.0,0.0,0.0,0.0,1.0,0.0,0.002430555555555555,0.0,0.0,0.002430555555555555,Transit,Fishing - Longliner
700033533,VESSEL_STR_019,SG,transit,1.0,longliner,0.9999999804557028,0.0,0.0,0.0,0.0,0.0,0.0,0.0,1.0,0.0,0.002430555555555555,0.0,0.0,0.002430555555555555,Transit,Fishing - Longliner
700033533,VESSEL_STR_019,SG,transit,0.9988888888888887,longliner,0.9999999804556402,0.0,0.0,0.0,0.0,0.0,0.0,0.0011111111111111111,0.9988888888888887,0.0,0.002430555555555555,0.0,0.0,0.002430555555555555,Transit,Fishing - Longliner
700033533,VESSEL_STR_019,SG,transit,1.0,longliner,0.9999999804556402,0.0,0.0,0.0,0.0,0.0,0.0,0.0,1.0,0.0,0.002430555555555555,0.0,0.0,0.002430555555555555,Transit,Fishing - Longliner
700033533,VESSEL_STR_019,SG,transit,1.0,longliner,0.9999999804556402,0.0,0.0,0.0,0.0,0.0,0.0,0.0,1.0,0.0,0.002430555555555555,0.0,0.0,0.002430555555555555,Transit,Fishing - Longliner
700033533,VESSEL_STR_019,SG,transit,1.0,longliner,0.9999999804556402,0.0,0.0,0.0,0.0,0.0,0.0,0.0,1.0,0.0,0.002430555555555555,0.0,0.0,0.002430555555555555,Transit,Fishing - Longliner
700033533,VESSEL_STR_019,SG,transit,1.0,longliner,0.9999999804556402,0.0,0.0,0.0,0.0,0.0,0.0,0.0,1.0,0.0,0.002430555555555555,0.0,0.0,0.002430555555555555,Transit,Fishing - Longliner
700033533,VESSEL_STR_019,SG,transit,1.0,longliner,0.9999999804556402,0.0,0.0,0.0,0.0,0.0,0.0,0.0,1.0,0.0,0.002430555555555555,0.0,0.0,0.002430555555555555,Transit,Fishing - Longliner
700033533,VESSEL_STR_019,SG,transit,1.0,longliner,0.9999999804557028,0.0,0.0,0.0,0.0,0.0,0.0,0.0,1.0,0.0,0.002430555555555555,0.0,0.0,0.002430555555555555,Transit,Fishing - Longliner
700033533,VESSEL_STR_019,SG,transit,1.0,longliner,0.9999999804556402,0.0,0.0,0.0,0.0,0.0,0.0,0.0,1.0,0.0,0.002430555555555555,0.0,0.0,0.002430555555555555,Transit,Fishing - Longliner
700033533,VESSEL_STR_019,SG,transit,1.0,longliner,0.9999999804557028,0.0,0.0,0.0,0.0,0.0,0.0,0.0,1.0,0.0,0.002430555555555555,0.0,0.0,0.002430555555555555,Transit,Fishing - Longliner
700033533,VESSEL_STR_019,SG,transit,1.0,longliner,0.9999999804556402,0.0,0.0,0.0,0.0,0.0,0.0,0.0,1.0,0.0,0.002430555555555555,0.0,0.0,0.002430555555555555,Transit,Fishing - Longliner
750000515,FISH_STR_TRANS,TW,fishing,0.988611111111111,trawler,0.9999999350480155,0.0,0.0,0.0,0.988611111111111,0.0025,0.0,0.0,0.008888888888888889,0.0,0.002430555555555555,0.6,0.0,0.6,Fishing,Fishing - Trawler
750000515,FISH_STR_TRANS,TW,fishing,1.0,trawler,0.9999999353248006,0.0,0.0,0.0,1.0,0.0,0.0,0.0,0.0,0.0,0.002430555555555555,0.6,0.0,0.6,Fishing,Fishing - Trawler
750000515,FISH_STR_TRANS,TW,fishing,1.0,trawler,0.9999999343635114,0.0,0.0,0.0,1.0,0.0,0.0,0.0,0.0,0.0,0.002430555555555555,0.6,0.0,0.6,Fishing,Fishing - Trawler
750000515,FISH_STR_TRANS,TW,fishing,1.0,trawler,0.9999999343635114,0.0,0.0,0.0,1.0,0.0,0.0,0.0,0.0,0.0,0.002430555555555555,0.6,0.0,0.6,Fishing,Fishing - Trawler
750000515,FISH_STR_TRANS,TW,fishing,1.0,trawler,0.9999999343635114,0.0,0.0,0.0,1.0,0.0,0.0,0.0,0.0,0.0,0.002430555555555555,0.6,0.0,0.6,Fishing,Fishing - Trawler
750000515,FISH_STR_TRANS,TW,fishing,1.0,trawler,0.9999999343635114,0.0,0.0,0.0,1.0,0.0,0.0,0.0,0.0,0.0,0.002430555555555555,0.6,0.0,0.6,Fishing,Fishing - Trawler
750000515,FISH_STR_TRANS,TW,fishing,1.0,trawler,0.9999999344778913,0.0,0.0,0.0,1.0,0.0,0.0,0.0,0.0,0.0,0.002430555555555555,0.6,0.0,0.6,Fishing,Fishing - Trawler
750000515,FISH_STR_TRANS,TW,fishing,0.9931060606060607,trawler,0.9999999343635114,0.0,0.0001893939393939394,0.0,0.9931060606060607,7.575757575757576e-05,0.0,0.0011742424242424242,0.005454545454545454,0.0,0.002430555555555555,0.6,0.0,0.6,Fishing,Fishing - Trawler
750000515,FISH_STR_TRANS,TW,fishing,0.9331060606060606,trawler,0.9999999352738975,0.0011111111111111111,0.0018560606060606059,0.0033333333333333335,0.9331060606060606,7.575757575757576e-05,0.003611111111111111,0.004507575757575758,0.052398989898989896,0.0,0.17236111111111113,0.6,0.0,0.6,Fishing,Fishing - Trawler
750000515,FISH_STR_TRANS,TW,fishing,0.952777777777778,trawler,0.9999999352738975,0.0,0.0,0.0,0.952777777777778,0.0011111111111111111,0.007777777777777777,0.0,0.036111111111111115,0.0022222222222222222,0.17236111111111113,0.6,0.0,0.6,Fishing,Fishing - Trawler
750000515,FISH_STR_TRANS,TW,fishing,0.9988888888888887,trawler,0.9999999353248006,0.0,0.0,0.0,0.9988888888888887,0.0,0.0,0.0,0.0,0.0011111111111111111,0.002430555555555555,0.6,0.0,0.6,Fishing,Fishing - Trawler
750000515,FISH_STR_TRANS,TW,fishing,0.9972222222222221,trawler,0.9999999353248006,0.0,0.0,0.0,0.9972222222222221,0.0016666666666666668,0.0,0.0,0.0,0.0011111111111111111,0.002430555555555555,0.6,0.0,0.6,Fishing,Fishing - Trawler
750000515,FISH_STR_TRANS,TW,fishing,0.9963888888888888,trawler,0.9999999353253084,0.0,0.0,0.0,0.9963888888888888,0.0025,0.0,0.0,0.0,0.0011111111111111111,0.002430555555555555,0.6,0.0,0.6,Fishing,Fishing - Trawler
750000515,FISH_STR_TRANS,TW,fishing,0.9916666666666667,trawler,0.9999999343640192,0.0,0.0,0.0,0.9916666666666667,0.0016666666666666668,0.0033333333333333335,0.0,0.0011111111111111111,0.0022222222222222222,0.002430555555555555,0.6,0.0,0.6,Fishing,Fishing - Trawler
750000515,FISH_STR_TRANS,TW,fishing,0.9836111111111111,trawler,0.9999999343635114,0.0,0.0,0.0,0.9836111111111111,0.0025,0.0033333333333333335,0.0,0.0022222222222222222,0.008333333333333333,0.002430555555555555,0.6,0.0,0.6,Fishing,Fishing - Trawler
750000515,FISH_STR_TRANS,TW,fishing,0.9755555555555554,trawler,0.9999999353253084,0.0,0.0,0.0025,0.9755555555555554,0.0022222222222222222,0.0033333333333333335,0.0,0.008055555555555555,0.008333333333333333,0.002430555555555555,0.6,0.0,0.6,Fishing,Fishing - Trawler
750000515,FISH_STR_TRANS,TW,transit,0.8016851851851851,trawler,0.9999999350480155,0.0034259259259259256,0.00018518518518518518,0.0019444444444444442,0.10222222222222221,0.029370370370370373,0.040888888888888884,0.0005555555555555556,0.8016851851851851,0.019722222222222224,0.002430555555555555,0.0,0.0,0.002430555555555555,Transit,Fishing - Trawler
750000515,FISH_STR_TRANS,TW,transit,0.9944444444444444,trawler,0.9999999350447011,0.0,0.0,0.0,0.0,0.0,0.0016666666666666668,0.0038888888888888883,0.9944444444444444,0.0,0.002430555555555555,0.0,0.0,0.002430555555555555,Transit,Fishing - Trawler
750000515,FISH_STR_TRANS,TW,transit,1.0,trawler,0.9999999473414215,0.0,0.0,0.0,0.0,0.0,0.0,0.0,1.0,0.0,0.002430555555555555,0.0,0.0,0.002430555555555555,Transit,Fishing - Trawler
750000515,FISH_STR_TRANS,TW,transit,1.0,trawler,0.9999999473414215,0.0,0.0,0.0,0.0,0.0,0.0,0.0,1.0,0.0,0.002430555555555555,0.0,0.0,0.002430555555555555,Transit,Fishing - Trawler
750000515,FISH_STR_TRANS,TW,transit,1.0,trawler,0.9999999473414215,0.0,0.0,0.0,0.0,0.0,0.0,0.0,1.0,0.0,0.002430555555555555,0.0,0.0,0.002430555555555555,Transit,Fishing - Trawler
750000615,FISH_STR_TRANS,TW,fishing,0.9636111111111111,purse_seiner,0.9999999511430964,0.0,0.0,0.0,0.9636111111111111,0.0016666666666666668,0.008333333333333333,0.0,0.026388888888888885,0.0,0.002430555555555555,0.6,0.0,0.6,Fishing,Fishing - Purse Seiner
750000615,FISH_STR_TRANS,TW,fishing,1.0,purse_seiner,0.9999999505667081,0.0,0.0,0.0,1.0,0.0,0.0,0.0,0.0,0.0,0.002430555555555555,0.6,0.0,0.6,Fishing,Fishing - Purse Seiner
750000615,FISH_STR_TRANS,TW,fishing,1.0,purse_seiner,0.9999999505611443,0.0,0.0,0.0,1.0,0.0,0.0,0.0,0.0,0.0,0.002430555555555555,0.6,0.0,0.6,Fishing,Fishing - Purse Seiner
750000615,FISH_STR_TRANS,TW,fishing,1.0,purse_seiner,0.9999999505611443,0.0,0.0,0.0,1.0,0.0,0.0,0.0,0.0,0.0,0.002430555555555555,0.6,0.0,0.6,Fishing,Fishing - Purse Seiner
750000615,FISH_STR_TRANS,TW,fishing,0.9977777777777779,purse_seiner,0.9999999502724584,0.0,0.0,0.0,0.9977777777777779,0.0022222222222222222,0.0,0.0,0.0,0.0,0.002430555555555555,0.6,0.0,0.6,Fishing,Fishing - Purse Seiner
750000615,FISH_STR_TRANS,TW,fishing,0.9966666666666667,purse_seiner,0.9999999505611443,0.0,0.0,0.0,0.9966666666666667,0.0033333333333333335,0.0,0.0,0.0,0.0,0.002430555555555555,0.6,0.0,0.6,Fishing,Fishing - Purse Seiner
750000615,FISH_STR_TRANS,TW,fishing,0.9966666666666667,purse_seiner,0.9999999513725014,0.0,0.0,0.0,0.9966666666666667,0.0033333333333333335,0.0,0.0,0.0,0.0,0.002430555555555555,0.6,0.0,0.6,Fishing,Fishing - Purse Seiner
750000615,FISH_STR_TRANS,TW,fishing,0.9966666666666667,purse_seiner,0.9999999513725014,0.0,0.0,0.0,0.9966666666666667,0.0033333333333333335,0.0,0.0,0.0,0.0,0.002430555555555555,0.6,0.0,0.6,Fishing,Fishing - Purse Seiner
750000615,FISH_STR_TRANS,TW,fishing,0.9966666666666667,purse_seiner,0.9999999513756878,0.0,0.0,0.0,0.9966666666666667,0.0033333333333333335,0.0,0.0,0.0,0.0,0.002430555555555555,0.6,0.0,0.6,Fishing,Fishing - Purse Seiner
750000615,FISH_STR_TRANS,TW,fishing,0.48644444444444446,purse_seiner,0.9999999488526186,0.0,0.02450793650793651,0.05011111111111111,0.48644444444444446,0.2251666666666667,0.012388888888888889,0.0,0.1533253968253968,0.04805555555555555,0.002430555555555555,0.6,0.0,0.6,Fishing,Fishing - Purse Seiner
750000615,FISH_STR_TRANS,TW,fishing,0.44388888888888894,purse_seiner,0.9999999518811152,0.005833333333333334,0.04811904761904762,0.041666666666666664,0.44388888888888894,0.32083333333333336,0.01438888888888889,0.0,0.11326984126984124,0.012,0.002430555555555555,0.6,0.0,0.6,Fishing,Fishing - Purse Seiner
750000615,FISH_STR_TRANS,TW,fishing,0.4018333333333333,purse_seiner,0.9999999518765686,0.08957936507936508,0.06584126984126984,0.03888888888888889,0.4018333333333333,0.2151190476190476,0.008722222222222221,0.033952380952380956,0.1049920634920635,0.041071428571428564,0.002430555555555555,0.6,0.0,0.6,Fishing,Fishing - Purse Seiner
750000615,FISH_STR_TRANS,TW,fishing,0.4965555555555556,purse_seiner,0.999999951886679,0.02783333333333333,0.0333968253968254,0.02944444444444444,0.4965555555555556,0.2364761904761905,0.0055,0.013007936507936508,0.1091031746031746,0.04868253968253968,0.002430555555555555,0.6,0.0,0.6,Fishing,Fishing - Purse Seiner
750000615,FISH_STR_TRANS,TW,fishing,0.981111111111111,purse_seiner,0.9999999492852815,0.0,0.0,0.0,0.981111111111111,0.018888888888888886,0.0,0.0,0.0,0.0,0.002430555555555555,0.6,0.0,0.6,Fishing,Fishing - Purse Seiner
750000615,FISH_STR_TRANS,TW,fishing,0.9839444444444445,purse_seiner,0.9999999491927244,0.0,0.0,0.0,0.9839444444444445,0.014055555555555556,0.0,0.0,0.0,0.002,0.002430555555555555,0.6,0.0,0.6,Fishing,Fishing - Purse Seiner
750000615,FISH_STR_TRANS,TW,fishing,0.9941666666666666,purse_seiner,0.9999999505611443,0.0,0.0,0.0,0.9941666666666666,0.005833333333333334,0.0,0.0,0.0,0.0,0.002430555555555555,0.6,0.0,0.6,Fishing,Fishing - Purse Seiner
750000615,FISH_STR_TRANS,TW,fishing,0.9966666666666667,purse_seiner,0.9999999505611443,0.0,0.0,0.0,0.9966666666666667,0.0033333333333333335,0.0,0.0,0.0,0.0,0.002430555555555555,0.6,0.0,0.6,Fishing,Fishing - Purse Seiner
750000615,FISH_STR_TRANS,TW,fishing,0.9966666666666667,purse_seiner,0.9999999505611443,0.0,0.0,0.0,0.9966666666666667,0.0033333333333333335,0.0,0.0,0.0,0.0,0.002430555555555555,0.6,0.0,0.6,Fishing,Fishing - Purse Seiner
750000615,FISH_STR_TRANS,TW,fishing,1.0,purse_seiner,0.9999999505667081,0.0,0.0,0.0,1.0,0.0,0.0,0.0,0.0,0.0,0.002430555555555555,0.6,0.0,0.6,Fishing,Fishing - Purse Seiner
750000615,FISH_STR_TRANS,TW,fishing,0.9966666666666667,purse_seiner,0.999999951143434,0.0,0.0,0.0,0.9966666666666667,0.0033333333333333335,0.0,0.0,0.0,0.0,0.002430555555555555,0.6,0.0,0.6,Fishing,Fishing - Purse Seiner
750000615,FISH_STR_TRANS,TW,transit,0.895,purse_seiner,0.999999951143434,0.0033333333333333335,0.0,0.0,0.07333333333333335,0.0016666666666666668,0.0016666666666666668,0.020555555555555553,0.895,0.0044444444444444444,0.002430555555555555,0.0,0.0,0.002430555555555555,Transit,Fishing - Purse Seiner
750000615,FISH_STR_TRANS,TW,transit,1.0,purse_seiner,0.9999998730257101,0.0,0.0,0.0,0.0,0.0,0.0,0.0,1.0,0.0,0.002430555555555555,0.0,0.0,0.002430555555555555,Transit,Fishing - Purse Seiner
750000615,FISH_STR_TRANS,TW,transit,1.0,purse_seiner,0.9999998614777189,0.0,0.0,0.0,0.0,0.0,0.0,0.0,1.0,0.0,0.002430555555555555,0.0,0.0,0.002430555555555555,Transit,Fishing - Purse Seiner
750000615,FISH_STR_TRANS,TW,transit,1.0,purse_seiner,0.9999998730403746,0.0,0.0,0.0,0.0,0.0,0.0,0.0,1.0,0.0,0.002430555555555555,0.0,0.0,0.002430555555555555,Transit,Fishing - Purse Seiner
750000615,FISH_STR_TRANS,TW,transit,1.0,purse_seiner,0.9999998730257101,0.0,0.0,0.0,0.0,0.0,0.0,0.0,1.0,0.0,0.002430555555555555,0.0,0.0,0.002430555555555555,Transit,Fishing - Purse Seiner
750000715,FISH_STR_TRANS,TW,fishing,0.9900000000000002,trawler,0.9999955368866412,0.0,0.0,0.0,0.9900000000000002,0.0,0.006388888888888888,0.0,0.003611111111111111,0.0,0.002430555555555555,0.6,0.0,0.6,Fishing,Fishing - Trawler
750000715,FISH_STR_TRANS,TW,fishing,1.0,trawler,0.9999955368866412,0.0,0.0,0.0,1.0,0.0,0.0,0.0,0.0,0.0,0.002430555555555555,0.6,0.0,0.6,Fishing,Fishing - Trawler
750000715,FISH_STR_TRANS,TW,fishing,1.0,trawler,0.9999955365175213,0.0,0.0,0.0,1.0,0.0,0.0,0.0,0.0,0.0,0.002430555555555555,0.6,0.0,0.6,Fishing,Fishing - Trawler
750000715,FISH_STR_TRANS,TW,fishing,1.0,trawler,0.9999955365616487,0.0,0.0,0.0,1.0,0.0,0.0,0.0,0.0,0.0,0.002430555555555555,0.6,0.0,0.6,Fishing,Fishing - Trawler
750000715,FISH_STR_TRANS,TW,fishing,0.9897777777777778,trawler,0.9999955363185848,0.0,0.0,0.0,0.9897777777777778,0.008222222222222221,0.0,0.0,0.0,0.002,0.002430555555555555,0.6,0.0,0.6,Fishing,Fishing - Trawler
750000715,FISH_STR_TRANS,TW,fishing,0.9841666666666666,trawler,0.9999955365175213,0.0,0.0,0.006666666666666667,0.9841666666666666,0.0033333333333333335,0.0,0.0,0.0033333333333333335,0.0025,0.002430555555555555,0.6,0.0,0.6,Fishing,Fishing - Trawler
750000715,FISH_STR_TRANS,TW,fishing,0.9941666666666666,trawler,0.9999955365175213,0.0,0.0,0.0,0.9941666666666666,0.0033333333333333335,0.0,0.0,0.0025,0.0,0.002430555555555555,0.6,0.0,0.6,Fishing,Fishing - Trawler
750000715,FISH_STR_TRANS,TW,fishing,1.0,trawler,0.9999955365616487,0.0,0.0,0.0,1.0,0.0,0.0,0.0,0.0,0.0,0.002430555555555555,0.6,0.0,0.6,Fishing,Fishing - Trawler
750000715,FISH_STR_TRANS,TW,fishing,0.8936616161616162,trawler,0.9999955369241464,0.0011111111111111111,0.0032449494949494946,0.01,0.8936616161616162,7.575757575757576e-05,0.013888888888888886,0.0056186868686868684,0.07128787878787879,0.0011111111111111111,0.17236111111111113,0.6,0.0,0.6,Fishing,Fishing - Trawler
750000715,FISH_STR_TRANS,TW,fishing,0.8956060606060608,trawler,0.9999955368866412,0.0011111111111111111,0.006022727272727273,0.005555555555555555,0.8956060606060608,7.575757575757576e-05,0.0095,0.0056186868686868684,0.07539898989898991,0.0011111111111111111,0.17236111111111113,0.6,0.0,0.6,Fishing,Fishing - Trawler
750000715,FISH_STR_TRANS,TW,fishing,0.9966666666666667,trawler,0.9999955392163208,0.0,0.0,0.0,0.9966666666666667,0.0033333333333333335,0.0,0.0,0.0,0.0,0.002430555555555555,0.6,0.0,0.6,Fishing,Fishing - Trawler
750000715,FISH_STR_TRANS,TW,fishing,1.0,trawler,0.9999955368866412,0.0,0.0,0.0,1.0,0.0,0.0,0.0,0.0,0.0,0.002430555555555555,0.6,0.0,0.6,Fishing,Fishing - Trawler
750000715,FISH_STR_TRANS,TW,fishing,0.9975,trawler,0.9999955368866412,0.0,0.0,0.0,0.9975,0.0,0.0,0.0,0.0025,0.0,0.002430555555555555,0.6,0.0,0.6,Fishing,Fishing - Trawler
750000715,FISH_STR_TRANS,TW,fishing,1.0,trawler,0.9999955368866412,0.0,0.0,0.0,1.0,0.0,0.0,0.0,0.0,0.0,0.002430555555555555,0.6,0.0,0.6,Fishing,Fishing - Trawler
750000715,FISH_STR_TRANS,TW,fishing,1.0,trawler,0.9999955365175213,0.0,0.0,0.0,1.0,0.0,0.0,0.0,0.0,0.0,0.002430555555555555,0.6,0.0,0.6,Fishing,Fishing - Trawler
750000715,FISH_STR_TRANS,TW,fishing,1.0,trawler,0.9999955365175213,0.0,0.0,0.0,1.0,0.0,0.0,0.0,0.0,0.0,0.002430555555555555,0.6,0.0,0.6,Fishing,Fishing - Trawler
750000715,FISH_STR_TRANS,TW,transit,0.7562429052429053,trawler,0.9999955411193966,0.002888888888888889,0.008244949494949496,0.0095,0.1715505050505051,0.03158369408369408,0.0067777777777777775,0.008211279461279461,0.7562429052429053,0.005,0.002430555555555555,0.0,0.0,0.002430555555555555,Transit,Fishing - Trawler
750000715,FISH_STR_TRANS,TW,transit,0.9836111111111112,trawler,0.9999951205110548,0.0,0.006388888888888888,0.0,0.005555555555555555,0.0,0.0,0.0044444444444444444,0.9836111111111112,0.0,0.002430555555555555,0.0,0.0,0.002430555555555555,Transit,Fishing - Trawler
750000715,FISH_STR_TRANS,TW,transit,1.0,trawler,0.9999951085816966,0.0,0.0,0.0,0.0,0.0,0.0,0.0,1.0,0.0,0.002430555555555555,0.0,0.0,0.002430555555555555,Transit,Fishing - Trawler
750000715,FISH_STR_TRANS,TW,transit,1.0,trawler,0.9999951085816966,0.0,0.0,0.0,0.0,0.0,0.0,0.0,1.0,0.0,0.002430555555555555,0.0,0.0,0.002430555555555555,Transit,Fishing - Trawler
750000715,FISH_STR_TRANS,TW,transit,1.0,trawler,0.9999955368852703,0.0,0.0,0.0,0.0,0.0,0.0,0.0,1.0,0.0,0.002430555555555555,0.0,0.0,0.002430555555555555,Transit,Fishing - Trawler
750100515,REEFER_STR_01,LR,transit,0.9999137399876772,cargo,0.9999999889055106,0.0,0.0,0.0,0.0,4.929143561306223e-05,0.0,1.8484288354898337e-05,0.9999137399876772,1.8484288354898337e-05,0.002430555555555555,0.0,0.0,0.002430555555555555,Transit,Cargo
750100515,REEFER_STR_01,LR,transit,0.9999137399876772,cargo,0.9999999889055106,0.0,0.0,0.0,0.0,4.929143561306223e-05,0.0,1.8484288354898337e-05,0.9999137399876772,1.8484288354898337e-05,0.002430555555555555,0.0,0.0,0.002430555555555555,Transit,Cargo
750100515,REEFER_STR_01,LR,transit,0.9999137399876772,cargo,0.9999999889055106,0.0,0.0,0.0,0.0,4.929143561306223e-05,0.0,1.8484288354898337e-05,0.9999137399876772,1.8484288354898337e-05,0.002430555555555555,0.0,0.0,0.002430555555555555,Transit,Cargo
750100515,REEFER_STR_01,LR,transit,0.9999137399876772,cargo,0.9999999889055106,0.0,0.0,0.0,0.0,4.929143561306223e-05,0.0,1.8484288354898337e-05,0.9999137399876772,1.8484288354898337e-05,0.002430555555555555,0.0,0.0,0.002430555555555555,Transit,Cargo
750100515,REEFER_STR_01,LR,transit,0.9999137399876772,cargo,0.9999999889055106,0.0,0.0,0.0,0.0,4.929143561306223e-05,0.0,1.8484288354898337e-05,0.9999137399876772,1.8484288354898337e-05,0.002430555555555555,0.0,0.0,0.002430555555555555,Transit,Cargo
750100515,REEFER_STR_01,LR,transit,0.9999137399876772,cargo,0.9999999889055106,0.0,0.0,0.0,0.0,4.929143561306223e-05,0.0,1.8484288354898337e-05,0.9999137399876772,1.8484288354898337e-05,0.002430555555555555,0.0,0.0,0.002430555555555555,Transit,Cargo
750100515,REEFER_STR_01,LR,transit,0.9695433696173067,cargo,0.9999999891137291,0.004666666666666666,0.0,0.0,0.010833333333333334,0.0058270692133908395,0.0005555555555555556,0.0037221879920586016,0.9695433696173067,0.004851817621688232,0.002430555555555555,0.0,0.0,0.002430555555555555,Transit,Cargo
750100515,REEFER_STR_01,LR,transshipment,0.6123266853465559,cargo,0.9999999898598365,0.008555555555555554,0.0,0.0075,0.024777777777777777,0.20071992635624802,0.0011111111111111111,0.004185150955021566,0.14082379289773006,0.6123266853465559,0.002430555555555555,0.0,0.0,0.002430555555555555,Transshipment at Sea,Cargo
750100515,REEFER_STR_01,LR,transshipment,0.645174603174603,cargo,0.9999999630458114,0.02011904761904762,0.007777777777777778,0.019777777777777783,0.006666666666666667,0.28333333333333327,0.0027777777777777775,0.007,0.007373015873015873,0.645174603174603,0.002430555555555555,0.0,0.0,0.002430555555555555,Transshipment at Sea,Cargo
750100515,REEFER_STR_01,LR,transshipment,0.5342222222222224,cargo,0.9999999541256833,0.12610052910052916,0.023194444444444448,0.03527777777777778,0.008555555555555556,0.24082407407407408,0.0,0.02023015873015873,0.011595238095238096,0.5342222222222224,0.002430555555555555,0.0,0.0,0.002430555555555555,Transshipment at Sea,Cargo
750100515,REEFER_STR_01,LR,transit,0.6903338939078311,cargo,0.9999997458451024,0.04503703703703704,0.022207912457912458,0.014444444444444444,0.016550505050505048,0.09075467864100024,0.0044444444444444444,0.071359393379264,0.6903338939078311,0.04486769063756125,0.002430555555555555,0.0,0.0,0.002430555555555555,Transit,Cargo
750100515,REEFER_STR_01,LR,transit,0.9932470733210105,cargo,0.9999995169986707,0.0016666666666666668,0.0,0.0,0.0033333333333333335,4.929143561306223e-05,0.0,0.001685150955021565,0.9932470733210105,1.8484288354898337e-05,0.002430555555555555,0.0,0.0,0.002430555555555555,Transit,Cargo
750100515,REEFER_STR_01,LR,transit,0.9999137399876772,cargo,0.9999999889055106,0.0,0.0,0.0,0.0,4.929143561306223e-05,0.0,1.8484288354898337e-05,0.9999137399876772,1.8484288354898337e-05,0.002430555555555555,0.0,0.0,0.002430555555555555,Transit,Cargo
750100515,REEFER_STR_01,LR,transit,0.9999137399876772,cargo,0.9999999889055106,0.0,0.0,0.0,0.0,4.929143561306223e-05,0.0,1.8484288354898337e-05,0.9999137399876772,1.8484288354898337e-05,0.002430555555555555,0.0,0.0,0.002430555555555555,Transit,Cargo
750100515,REEFER_STR_01,LR,transit,0.9988026288765661,cargo,0.9999999889055106,0.0,0.0,0.0,0.0,4.929143561306223e-05,0.0,0.0011295953994660095,0.9988026288765661,1.8484288354898337e-05,0.002430555555555555,0.0,0.0,0.002430555555555555,Transit,Cargo
750100515,REEFER_STR_01,LR,transit,0.9999137399876772,cargo,0.9999999889055106,0.0,0.0,0.0,0.0,4.929143561306223e-05,0.0,1.8484288354898337e-05,0.9999137399876772,1.8484288354898337e-05,0.002430555555555555,0.0,0.0,0.002430555555555555,Transit,Cargo
750100515,REEFER_STR_01,LR,transit,0.9999137399876772,cargo,0.9999999889055106,0.0,0.0,0.0,0.0,4.929143561306223e-05,0.0,1.8484288354898337e-05,0.9999137399876772,1.8484288354898337e-05,0.002430555555555555,0.0,0.0,0.002430555555555555,Transit,Cargo
750100515,REEFER_STR_01,LR,transit,0.9999137399876772,cargo,0.9999999889055106,0.0,0.0,0.0,0.0,4.929143561306223e-05,0.0,1.8484288354898337e-05,0.9999137399876772,1.8484288354898337e-05,0.002430555555555555,0.0,0.0,0.002430555555555555,Transit,Cargo
750100515,REEFER_STR_01,LR,transit,0.9982470733210105,cargo,0.9999999889055106,0.0,0.0,0.0,0.0,4.929143561306223e-05,0.0016666666666666668,1.8484288354898337e-05,0.9982470733210105,1.8484288354898337e-05,0.002430555555555555,0.0,0.0,0.002430555555555555,Transit,Cargo
750100615,REEFER_STR_01,LR,transit,0.9999137399876772,cargo,0.9999999889147028,0.0,0.0,0.0,0.0,4.929143561306223e-05,0.0,1.8484288354898337e-05,0.9999137399876772,1.8484288354898337e-05,0.002430555555555555,0.0,0.0,0.002430555555555555,Transit,Cargo
750100615,REEFER_STR_01,LR,transit,0.9999137399876772,cargo,0.9999999889147028,0.0,0.0,0.0,0.0,4.929143561306223e-05,0.0,1.8484288354898337e-05,0.9999137399876772,1.8484288354898337e-05,0.002430555555555555,0.0,0.0,0.002430555555555555,Transit,Cargo
750100615,REEFER_STR_01,LR,transit,0.9999137399876772,cargo,0.9999999889162995,0.0,0.0,0.0,0.0,4.929143561306223e-05,0.0,1.8484288354898337e-05,0.9999137399876772,1.8484288354898337e-05,0.002430555555555555,0.0,0.0,0.002430555555555555,Transit,Cargo
750100615,REEFER_STR_01,LR,transit,0.9999137399876772,cargo,0.9999999889147028,0.0,0.0,0.0,0.0,4.929143561306223e-05,0.0,1.8484288354898337e-05,0.9999137399876772,1.8484288354898337e-05,0.002430555555555555,0.0,0.0,0.002430555555555555,Transit,Cargo
750100615,REEFER_STR_01,LR,transit,0.9999137399876772,cargo,0.9999999889147028,0.0,0.0,0.0,0.0,4.929143561306223e-05,0.0,1.8484288354898337e-05,0.9999137399876772,1.8484288354898337e-05,0.002430555555555555,0.0,0.0,0.002430555555555555,Transit,Cargo
750100615,REEFER_STR_01,LR,transit,0.9999137399876772,cargo,0.9999999889147028,0.0,0.0,0.0,0.0,4.929143561306223e-05,0.0,1.8484288354898337e-05,0.9999137399876772,1.8484288354898337e-05,0.002430555555555555,0.0,0.0,0.002430555555555555,Transit,Cargo
750100615,REEFER_STR_01,LR,transit,0.9795248510987883,cargo,0.9999999891246302,0.008888888888888889,0.0,0.0,0.0012222222222222224,0.0008826247689463956,0.0,0.00612959539946601,0.9795248510987883,0.0033518176216882313,0.002430555555555555,0.0,0.0,0.002430555555555555,Transit,Cargo
750100615,REEFER_STR_01,LR,transshipment,0.5414550264550262,cargo,0.9999997602574169,0.008555555555555554,0.0,0.0005555555555555556,0.024555555555555556,0.2725079365079366,0.0016666666666666668,0.01722222222222222,0.13348148148148145,0.5414550264550262,0.002430555555555555,0.0,0.0,0.002430555555555555,Transshipment at Sea,Cargo
750100615,REEFER_STR_01,LR,transshipment,0.6287182539682541,cargo,0.9999999659399847,0.006611111111111111,0.0021666666666666666,0.0033333333333333335,0.005888888888888889,0.3477817460317461,0.0,0.0,0.0055,0.6287182539682541,0.002430555555555555,0.0,0.0,0.002430555555555555,Transshipment at Sea,Cargo
750100615,REEFER_STR_01,LR,transshipment,0.7294126984126985,cargo,0.9999999625182564,0.005666666666666666,0.0021666666666666666,0.0,0.005888888888888889,0.24630952380952378,0.0,0.0,0.010555555555555556,0.7294126984126985,0.002430555555555555,0.0,0.0,0.002430555555555555,Transshipment at Sea,Cargo
750100615,REEFER_STR_01,LR,transit,0.6880063325802699,cargo,0.9999997602360478,0.02744444444444445,0.005833333333333334,0.01,0.014888888888888889,0.1086048469911686,0.0016666666666666668,0.026185150955021566,0.6880063325802699,0.1173703361402068,0.002430555555555555,0.0,0.0,0.002430555555555555,Transit,Cargo
750100615,REEFER_STR_01,LR,transit,0.9999137399876772,cargo,0.9999995188821807,0.0,0.0,0.0,0.0,4.929143561306223e-05,0.0,1.8484288354898337e-05,0.9999137399876772,1.8484288354898337e-05,0.002430555555555555,0.0,0.0,0.002430555555555555,Transit,Cargo
750100615,REEFER_STR_01,LR,transit,0.9999137399876772,cargo,0.9999999890037682,0.0,0.0,0.0,0.0,4.929143561306223e-05,0.0,1.8484288354898337e-05,0.9999137399876772,1.8484288354898337e-05,0.002430555555555555,0.0,0.0,0.002430555555555555,Transit,Cargo
750100615,REEFER_STR_01,LR,transit,0.9999137399876772,cargo,0.9999999889147028,0.0,0.0,0.0,0.0,4.929143561306223e-05,0.0,1.8484288354898337e-05,0.9999137399876772,1.8484288354898337e-05,0.002430555555555555,0.0,0.0,0.002430555555555555,Transit,Cargo
750100615,REEFER_STR_01,LR,transit,0.9999137399876772,cargo,0.999999988914661,0.0,0.0,0.0,0.0,4.929143561306223e-05,0.0,1.8484288354898337e-05,0.9999137399876772,1.8484288354898337e-05,0.002430555555555555,0.0,0.0,0.002430555555555555,Transit,Cargo
750100615,REEFER_STR_01,LR,transit,0.9999137399876772,cargo,0.9999999889147028,0.0,0.0,0.0,0.0,4.929143561306223e-05,0.0,1.8484288354898337e-05,0.9999137399876772,1.8484288354898337e-05,0.002430555555555555,0.0,0.0,0.002430555555555555,Transit,Cargo
750100615,REEFER_STR_01,LR,transit,0.9999137399876772,cargo,0.9999999889147028,0.0,0.0,0.0,0.0,4.929143561306223e-05,0.0,1.8484288354898337e-05,0.9999137399876772,1.8484288354898337e-05,0.002430555555555555,0.0,0.0,0.002430555555555555,Transit,Cargo
750100615,REEFER_STR_01,LR,transit,0.9999137399876772,cargo,0.9999999889147028,0.0,0.0,0.0,0.0,4.929143561306223e-05,0.0,1.8484288354898337e-05,0.9999137399876772,1.8484288354898337e-05,0.002430555555555555,0.0,0.0,0.002430555555555555,Transit,Cargo
750100615,REEFER_STR_01,LR,transit,0.9999137399876772,cargo,0.9999999889147028,0.0,0.0,0.0,0.0,4.929143561306223e-05,0.0,1.8484288354898337e-05,0.9999137399876772,1.8484288354898337e-05,0.002430555555555555,0.0,0.0,0.002430555555555555,Transit,Cargo
750100715,REEFER_STR_01,MH,transit,0.9983333333333333,cargo,0.9999999889139234,0.0016666666666666668,0.0,0.0,0.0,0.0,0.0,0.0,0.9983333333333333,0.0,0.002430555555555555,0.0,0.0,0.002430555555555555,Transit,Cargo
750100715,REEFER_STR_01,MH,transit,0.9999137399876772,cargo,0.9999999889139234,0.0,0.0,0.0,0.0,4.929143561306223e-05,0.0,1.8484288354898337e-05,0.9999137399876772,1.8484288354898337e-05,0.002430555555555555,0.0,0.0,0.002430555555555555,Transit,Cargo
750100715,REEFER_STR_01,MH,transit,1.0,cargo,0.9999999889139234,0.0,0.0,0.0,0.0,0.0,0.0,0.0,1.0,0.0,0.002430555555555555,0.0,0.0,0.002430555555555555,Transit,Cargo
750100715,REEFER_STR_01,MH,transit,1.0,cargo,0.9999999889139234,0.0,0.0,0.0,0.0,0.0,0.0,0.0,1.0,0.0,0.002430555555555555,0.0,0.0,0.002430555555555555,Transit,Cargo
750100715,REEFER_STR_01,MH,transit,1.0,cargo,0.9999999889139234,0.0,0.0,0.0,0.0,0.0,0.0,0.0,1.0,0.0,0.002430555555555555,0.0,0.0,0.002430555555555555,Transit,Cargo
750100715,REEFER_STR_01,MH,transit,0.9960248510987882,cargo,0.9999999889139234,0.0038888888888888883,0.0,0.0,0.0,4.929143561306223e-05,0.0,1.8484288354898337e-05,0.9960248510987882,1.8484288354898337e-05,0.002430555555555555,0.0,0.0,0.002430555555555555,Transit,Cargo
750100715,REEFER_STR_01,MH,transit,0.9519243219982593,cargo,0.9999999890531094,0.024452380952380955,0.0,0.0,0.007055555555555555,0.0008826247689463956,0.0,0.014833299103169712,0.9519243219982593,0.0008518176216882318,0.002430555555555555,0.0,0.0,0.002430555555555555,Transit,Cargo
750100715,REEFER_STR_01,MH,transshipment,0.5736573731772441,cargo,0.9999999898810968,0.0115,0.0,0.0,0.033166666666666664,0.19452151365783524,0.010277777777777778,0.018907373177243787,0.15796929554323258,0.5736573731772441,0.002430555555555555,0.0,0.0,0.002430555555555555,Transshipment at Sea,Cargo
750100715,REEFER_STR_01,MH,transshipment,0.6127023809523807,cargo,0.999999950876701,0.023777777777777776,0.0,0.013166666666666667,0.008246031746031746,0.3085753968253968,0.0,0.009253968253968254,0.024277777777777777,0.6127023809523807,0.002430555555555555,0.0,0.0,0.002430555555555555,Transshipment at Sea,Cargo
750100715,REEFER_STR_01,MH,transshipment,0.5864365079365079,cargo,0.9999999631183301,0.02188888888888889,0.0,0.0,0.002,0.3855079365079367,0.0,0.0,0.004166666666666667,0.5864365079365079,0.002430555555555555,0.0,0.0,0.002430555555555555,Transshipment at Sea,Cargo
750100715,REEFER_STR_01,MH,transit,0.6577559718299091,cargo,0.9999997605373181,0.018505050505050503,0.0030782828282828276,0.005833333333333334,0.008050505050505051,0.18207887296519465,0.0,0.019248282268152877,0.6577559718299091,0.10544970121957183,0.002430555555555555,0.0,0.0,0.002430555555555555,Transit,Cargo
750100715,REEFER_STR_01,MH,transit,0.9999137399876772,cargo,0.9999995195237793,0.0,0.0,0.0,0.0,4.929143561306223e-05,0.0,1.8484288354898337e-05,0.9999137399876772,1.8484288354898337e-05,0.002430555555555555,0.0,0.0,0.002430555555555555,Transit,Cargo
750100715,REEFER_STR_01,MH,transit,0.9999137399876772,cargo,0.9999999889209769,0.0,0.0,0.0,0.0,4.929143561306223e-05,0.0,1.8484288354898337e-05,0.9999137399876772,1.8484288354898337e-05,0.002430555555555555,0.0,0.0,0.002430555555555555,Transit,Cargo
750100715,REEFER_STR_01,MH,transit,0.9965804066543439,cargo,0.9999999889139234,0.0033333333333333335,0.0,0.0,0.0,4.929143561306223e-05,0.0,1.8484288354898337e-05,0.9965804066543439,1.8484288354898337e-05,0.002430555555555555,0.0,0.0,0.002430555555555555,Transit,Cargo
750100715,REEFER_STR_01,MH,transit,0.9999137399876772,cargo,0.9999999889209769,0.0,0.0,0.0,0.0,4.929143561306223e-05,0.0,1.8484288354898337e-05,0.9999137399876772,1.8484288354898337e-05,0.002430555555555555,0.0,0.0,0.002430555555555555,Transit,Cargo
750100715,REEFER_STR_01,MH,transit,0.9999137399876772,cargo,0.9999994971399324,0.0,0.0,0.0,0.0,4.929143561306223e-05,0.0,1.8484288354898337e-05,0.9999137399876772,1.8484288354898337e-05,0.002430555555555555,0.0,0.0,0.002430555555555555,Transit,Cargo
750100715,REEFER_STR_01,MH,transit,0.9999137399876772,cargo,0.9999999889210888,0.0,0.0,0.0,0.0,4.929143561306223e-05,0.0,1.8484288354898337e-05,0.9999137399876772,1.8484288354898337e-05,0.002430555555555555,0.0,0.0,0.002430555555555555,Transit,Cargo
750100715,REEFER_STR_01,MH,transit,0.9999137399876772,cargo,0.999999988920702,0.0,0.0,0.0,0.0,4.929143561306223e-05,0.0,1.8484288354898337e-05,0.9999137399876772,1.8484288354898337e-05,0.002430555555555555,0.0,0.0,0.002430555555555555,Transit,Cargo
750100715,REEFER_STR_01,MH,transit,0.9999137399876772,cargo,0.9999999889139234,0.0,0.0,0.0,0.0,4.929143561306223e-05,0.0,1.8484288354898337e-05,0.9999137399876772,1.8484288354898337e-05,0.002430555555555555,0.0,0.0,0.002430555555555555,Transit,Cargo
760000515,CARGO_STR_BNKR,KR,transit,0.9982470733210105,cargo,0.9999999889963108,0.0,0.0,0.0,0.0016666666666666668,4.929143561306223e-05,0.0,1.8484288354898337e-05,0.9982470733210105,1.8484288354898337e-05,0.002430555555555555,0.0,0.0,0.002430555555555555,Transit,Cargo
760000515,CARGO_STR_BNKR,KR,transit,0.9999137399876772,cargo,0.9999999889094408,0.0,0.0,0.0,0.0,4.929143561306223e-05,0.0,1.8484288354898337e-05,0.9999137399876772,1.8484288354898337e-05,0.002430555555555555,0.0,0.0,0.002430555555555555,Transit,Cargo
760000515,CARGO_STR_BNKR,KR,transit,0.9982470733210105,cargo,0.9999999889108645,0.0016666666666666668,0.0,0.0,0.0,4.929143561306223e-05,0.0,1.8484288354898337e-05,0.9982470733210105,1.8484288354898337e-05,0.002430555555555555,0.0,0.0,0.002430555555555555,Transit,Cargo
760000515,CARGO_STR_BNKR,KR,transit,0.9463253968253968,cargo,0.9999999889949162,0.05284126984126984,0.0,0.0,0.0,0.0,0.0008333333333333334,0.0,0.9463253968253968,0.0,0.002430555555555555,0.0,0.0,0.002430555555555555,Transit,Cargo
760000515,CARGO_STR_BNKR,KR,transit,0.5210396825396825,cargo,0.9999999898750452,0.39361904761904803,0.003833333333333333,0.0,0.015,0.0060555555555555545,0.0008333333333333334,0.04189682539682539,0.5210396825396825,0.01772222222222222,0.002430555555555555,0.0,0.0,0.002430555555555555,Transit,Cargo
760000515,CARGO_STR_BNKR,KR,anchored,0.7850052910052912,cargo,0.9999999428197289,0.7850052910052912,0.05474074074074075,0.0044444444444444444,0.004999999999999999,0.013796296296296298,0.0,0.0829761904761905,0.051537037037037034,0.0025,0.002430555555555555,0.0,0.0,0.002430555555555555,Anchored/Moored,Cargo
760000515,CARGO_STR_BNKR,KR,bunkering,0.4966107893283507,cargo,0.9999999869833247,0.2700872118097914,0.4966107893283507,0.005555555555555555,0.002272727272727273,0.013075757575757576,0.0,0.1892211907810499,0.015898989898989895,0.007277777777777779,0.002430555555555555,0.0,0.0,0.002430555555555555,Bunkering,Cargo
760000515,CARGO_STR_BNKR,KR,bunkering,0.4780830115505728,cargo,0.9999999872634918,0.3703094340320136,0.4780830115505728,0.005555555555555555,0.004494949494949495,0.010492424242424242,0.0,0.11177674633660549,0.014010101010101007,0.005277777777777778,0.002430555555555555,0.0,0.0,0.002430555555555555,Bunkering,Cargo
760000515,CARGO_STR_BNKR,KR,transit,0.7041275447014821,cargo,0.9999999750452788,0.12960846560846562,0.04381902356902357,0.007777777777777778,0.013050505050505048,0.022865789752111374,0.0,0.07039907591894652,0.7041275447014821,0.008351817621688231,0.002430555555555555,0.0,0.0,0.002430555555555555,Transit,Cargo
760000515,CARGO_STR_BNKR,KR,transit,0.9766359622098996,cargo,0.9999999895721262,0.016055555555555556,0.0,0.0,0.0033333333333333335,4.929143561306223e-05,0.0,0.003907373177243787,0.9766359622098996,1.8484288354898337e-05,0.002430555555555555,0.0,0.0,0.002430555555555555,Transit,Cargo
760000515,CARGO_STR_BNKR,KR,transit,0.9915804066543439,cargo,0.9999999889949162,0.007222222222222222,0.0,0.0,0.0,4.929143561306223e-05,0.0,1.8484288354898337e-05,0.9915804066543439,0.0011295953994660095,0.002430555555555555,0.0,0.0,0.002430555555555555,Transit,Cargo
760000515,CARGO_STR_BNKR,KR,transit,0.9988026288765661,cargo,0.9999999889094408,0.0,0.0,0.0,0.0,0.0011604025467241734,0.0,1.8484288354898337e-05,0.9988026288765661,1.8484288354898337e-05,0.002430555555555555,0.0,0.0,0.002430555555555555,Transit,Cargo
760000515,CARGO_STR_BNKR,KR,transit,0.9999137399876772,cargo,0.9999999889094408,0.0,0.0,0.0,0.0,4.929143561306223e-05,0.0,1.8484288354898337e-05,0.9999137399876772,1.8484288354898337e-05,0.002430555555555555,0.0,0.0,0.002430555555555555,Transit,Cargo
760000515,CARGO_STR_BNKR,KR,transit,0.9999137399876772,cargo,0.9999999889094408,0.0,0.0,0.0,0.0,4.929143561306223e-05,0.0,1.8484288354898337e-05,0.9999137399876772,1.8484288354898337e-05,0.002430555555555555,0.0,0.0,0.002430555555555555,Transit,Cargo
760000515,CARGO_STR_BNKR,KR,transit,0.9999137399876772,cargo,0.9999999889094408,0.0,0.0,0.0,0.0,4.929143561306223e-05,0.0,1.8484288354898337e-05,0.9999137399876772,1.8484288354898337e-05,0.002430555555555555,0.0,0.0,0.002430555555555555,Transit,Cargo
760000615,CARGO_STR_BNKR,CN,transit,0.9982470733210105,tanker,0.9999750547949052,0.0016666666666666668,0.0,0.0,0.0,4.929143561306223e-05,0.0,1.8484288354898337e-05,0.9982470733210105,1.8484288354898337e-05,0.002430555555555555,0.0,0.0,0.002430555555555555,Transit,Tanker
760000615,CARGO_STR_BNKR,CN,transit,0.9999137399876772,tanker,0.9999750547949052,0.0,0.0,0.0,0.0,4.929143561306223e-05,0.0,1.8484288354898337e-05,0.9999137399876772,1.8484288354898337e-05,0.002430555555555555,0.0,0.0,0.002430555555555555,Transit,Tanker
760000615,CARGO_STR_BNKR,CN,transit,0.9999137399876772,tanker,0.9999750524885115,0.0,0.0,0.0,0.0,4.929143561306223e-05,0.0,1.8484288354898337e-05,0.9999137399876772,1.8484288354898337e-05,0.002430555555555555,0.0,0.0,0.002430555555555555,Transit,Tanker
760000615,CARGO_STR_BNKR,CN,transit,0.968739136813074,tanker,0.9999750533384709,0.031174603174603178,0.0,0.0,0.0,4.929143561306223e-05,0.0,1.8484288354898337e-05,0.968739136813074,1.8484288354898337e-05,0.002430555555555555,0.0,0.0,0.002430555555555555,Transit,Tanker
760000615,CARGO_STR_BNKR,CN,transit,0.7110476190476192,tanker,0.999976007993862,0.1907619047619047,0.0022222222222222222,0.0,0.013444444444444445,0.0022222222222222222,0.0,0.07702380952380951,0.7110476190476192,0.003277777777777778,0.002430555555555555,0.0,0.0,0.002430555555555555,Transit,Tanker
760000615,CARGO_STR_BNKR,CN,anchored,0.49427777777777776,tanker,0.9999999835079376,0.49427777777777776,0.06088888888888889,0.0,0.01388888888888889,0.01661111111111111,0.0,0.18611111111111114,0.22222222222222224,0.006,0.002430555555555555,0.0,0.0,0.002430555555555555,Anchored/Moored,Tanker
760000615,CARGO_STR_BNKR,CN,sts,0.8597575757575758,tanker,0.9999999713303408,0.06855555555555555,0.05360606060606061,0.0,0.0006060606060606061,0.012186868686868689,0.0,0.8597575757575758,0.0052878787878787884,0.0,0.002430555555555555,0.0,0.5,0.5,STS Transfer,Tanker
760000615,CARGO_STR_BNKR,CN,anchored,0.5728094340320136,tanker,0.9999999713304223,0.5728094340320136,0.10408301155057281,0.0,0.0006060606060606061,0.0049368686868686866,0.0,0.2988323018921611,0.012343434343434342,0.006388888888888888,0.002430555555555555,0.0,0.0,0.002430555555555555,Anchored/Moored,Tanker
760000615,CARGO_STR_BNKR,CN,transit,0.5298722536961911,tanker,0.9999999606236416,0.12854761904761908,0.04509415584415584,0.0,0.011522727272727273,0.03412504901137064,0.0,0.25081971083958154,0.5298722536961911,1.8484288354898337e-05,0.002430555555555555,0.0,0.0,0.002430555555555555,Transit,Tanker
760000615,CARGO_STR_BNKR,CN,transit,0.8693767029506402,tanker,0.999976005272827,0.055309523809523795,0.0,0.0,0.0015,0.0022715136578352843,0.0,0.06935710862697923,0.8693767029506402,0.002185150955021565,0.002430555555555555,0.0,0.0,0.002430555555555555,Transit,Tanker
760000615,CARGO_STR_BNKR,CN,transit,0.9999137399876772,tanker,0.9999750533384709,0.0,0.0,0.0,0.0,4.929143561306223e-05,0.0,1.8484288354898337e-05,0.9999137399876772,1.8484288354898337e-05,0.002430555555555555,0.0,0.006013318099191189,0.006013318099191189,Transit,Tanker
760000615,CARGO_STR_BNKR,CN,transit,0.9999137399876772,tanker,0.9999750533401915,0.0,0.0,0.0,0.0,4.929143561306223e-05,0.0,1.8484288354898337e-05,0.9999137399876772,1.8484288354898337e-05,0.002430555555555555,0.0,0.013212439299221708,0.013212439299221708,Transit,Tanker
760000615,CARGO_STR_BNKR,CN,transit,0.9999137399876772,tanker,0.9999750533401915,0.0,0.0,0.0,0.0,4.929143561306223e-05,0.0,1.8484288354898337e-05,0.9999137399876772,1.8484288354898337e-05,0.002430555555555555,0.0,0.020107344233661523,0.020107344233661523,Transit,Tanker
760000615,CARGO_STR_BNKR,CN,transit,0.9999137399876772,tanker,0.9999750533401915,0.0,0.0,0.0,0.0,4.929143561306223e-05,0.0,1.8484288354898337e-05,0.9999137399876772,1.8484288354898337e-05,0.002430555555555555,0.0,0.026483647473585083,0.026483647473585083,Transit,Tanker
760000615,CARGO_STR_BNKR,CN,transit,0.9999137399876772,tanker,0.9999750547949052,0.0,0.0,0.0,0.0,4.929143561306223e-05,0.0,1.8484288354898337e-05,0.9999137399876772,1.8484288354898337e-05,0.002430555555555555,0.0,0.032556083203659214,0.032556083203659214,Transit,Tanker
760000715,CARGO_STR_BNKR,CN,transit,0.9999137399876772,cargo,0.9998165499901278,0.0,0.0,0.0,0.0,4.929143561306223e-05,0.0,1.8484288354898337e-05,0.9999137399876772,1.8484288354898337e-05,0.002430555555555555,0.0,0.0,0.002430555555555555,Transit,Cargo
760000715,CARGO_STR_BNKR,CN,transit,0.9999137399876772,cargo,0.9998179192296389,0.0,0.0,0.0,0.0,4.929143561306223e-05,0.0,1.8484288354898337e-05,0.9999137399876772,1.8484288354898337e-05,0.002430555555555555,0.0,0.0,0.002430555555555555,Transit,Cargo
760000715,CARGO_STR_BNKR,CN,transit,0.9999137399876772,cargo,0.9998179192296389,0.0,0.0,0.0,0.0,4.929143561306223e-05,0.0,1.8484288354898337e-05,0.9999137399876772,1.8484288354898337e-05,0.002430555555555555,0.0,0.0,0.002430555555555555,Transit,Cargo
760000715,CARGO_STR_BNKR,CN,transit,0.9670724701464074,cargo,0.9998179192296389,0.032841269841269845,0.0,0.0,0.0,4.929143561306223e-05,0.0,1.8484288354898337e-05,0.9670724701464074,1.8484288354898337e-05,0.002430555555555555,0.0,0.0,0.002430555555555555,Transit,Cargo
760000715,CARGO_STR_BNKR,CN,transit,0.7350873015873017,cargo,0.9998349909605115,0.19070634920634913,0.0022222222222222222,0.0,0.008888888888888889,0.0030555555555555553,0.0,0.05503968253968253,0.7350873015873017,0.005,0.002430555555555555,0.0,0.0,0.002430555555555555,Transit,Cargo
760000715,CARGO_STR_BNKR,CN,anchored,0.6090883838383838,cargo,0.9951272226649223,0.6090883838383838,0.09054761904761904,0.0,0.006805555555555555,0.016969696969696968,0.0,0.10281349206349208,0.1721085858585859,0.0016666666666666668,0.002430555555555555,0.0,0.0,0.002430555555555555,Anchored/Moored,Cargo
760000715,CARGO_STR_BNKR,CN,sts,0.4387099567099567,cargo,0.9997889303349856,0.21628282828282835,0.23693145743145738,0.005555555555555555,0.005606060606060607,0.0341010101010101,0.0,0.4387099567099567,0.057479797979797985,0.005333333333333334,0.002430555555555555,0.0,0.5,0.5,STS Transfer,Cargo
760000715,CARGO_STR_BNKR,CN,anchored,0.5455922623148419,cargo,0.999793450269327,0.5455922623148419,0.1822496782172395,0.005555555555555555,0.002828282828282828,0.02023989898989899,0.0,0.20316563522549436,0.027313131313131317,0.013055555555555556,0.002430555555555555,0.0,0.0,0.002430555555555555,Anchored/Moored,Cargo
760000715,CARGO_STR_BNKR,CN,transit,0.543421315745253,cargo,0.9996173035959394,0.19393362193362193,0.07598304473304471,0.0033333333333333335,0.029411616161616153,0.04765030153662317,0.0,0.1006927267125973,0.543421315745253,0.005574039843910454,0.002430555555555555,0.0,0.0,0.002430555555555555,Transit,Cargo
760000715,CARGO_STR_BNKR,CN,transit,0.9821359622098995,cargo,0.995664180733317,0.005555555555555555,0.0,0.0,0.012222222222222221,4.929143561306223e-05,0.0,1.8484288354898337e-05,0.9821359622098995,1.8484288354898337e-05,0.002430555555555555,0.0,0.0,0.002430555555555555,Transit,Cargo
760000715,CARGO_STR_BNKR,CN,transit,0.9999137399876772,cargo,0.9917285997687966,0.0,0.0,0.0,0.0,4.929143561306223e-05,0.0,1.8484288354898337e-05,0.9999137399876772,1.8484288354898337e-05,0.002430555555555555,0.0,0.0,0.002430555555555555,Transit,Cargo
760000715,CARGO_STR_BNKR,CN,transit,0.9999137399876772,cargo,0.999820575293515,0.0,0.0,0.0,0.0,4.929143561306223e-05,0.0,1.8484288354898337e-05,0.9999137399876772,1.8484288354898337e-05,0.002430555555555555,0.0,0.0,0.002430555555555555,Transit,Cargo
760000715,CARGO_STR_BNKR,CN,transit,0.9999137399876772,cargo,0.9998165502880108,0.0,0.0,0.0,0.0,4.929143561306223e-05,0.0,1.8484288354898337e-05,0.9999137399876772,1.8484288354898337e-05,0.002430555555555555,0.0,0.0,0.002430555555555555,Transit,Cargo
760000715,CARGO_STR_BNKR,CN,transit,0.9999137399876772,cargo,0.999816552967802,0.0,0.0,0.0,0.0,4.929143561306223e-05,0.0,1.8484288354898337e-05,0.9999137399876772,1.8484288354898337e-05,0.002430555555555555,0.0,0.0,0.002430555555555555,Transit,Cargo
760000715,CARGO_STR_BNKR,CN,transit,0.9999137399876772,cargo,0.999816552967802,0.0,0.0,0.0,0.0,4.929143561306223e-05,0.0,1.8484288354898337e-05,0.9999137399876772,1.8484288354898337e-05,0.002430555555555555,0.0,0.0,0.002430555555555555,Transit,Cargo
760100515,BARGE_STR_01,SG,transit,0.8837138047138047,longliner,0.9999999804550251,0.005648148148148147,0.02643013468013468,0.005555555555555555,0.01355050505050505,0.0035942760942760943,0.043333333333333335,0.018174242424242423,0.8837138047138047,0.0,0.002430555555555555,0.0,0.0,0.002430555555555555,Transit,Fishing - Longliner
760100515,BARGE_STR_01,SG,transit,0.8345550745550746,longliner,0.9999999803257343,0.014243386243386244,0.05137457912457913,0.014444444444444444,0.02055050505050505,0.00026094276094276096,0.02666666666666667,0.035904401154401154,0.8345550745550746,0.002,0.002430555555555555,0.0,0.0,0.002430555555555555,Transit,Fishing - Longliner
760100515,BARGE_STR_01,SG,bunkering,0.4206219336219336,longliner,0.9999999795676631,0.06867592592592593,0.4206219336219336,0.024444444444444442,0.0480901875901876,0.008316498316498316,0.0044444444444444444,0.07543217893217893,0.34997438672438674,0.0,0.002430555555555555,0.0,0.0,0.002430555555555555,Bunkering,Fishing - Longliner
760100515,BARGE_STR_01,SG,bunkering,0.5398785473785472,longliner,0.9999999807367154,0.09664814814814816,0.5398785473785472,0.023888888888888887,0.0313560606060606,0.005816498316498317,0.0,0.15622979797979794,0.1461820586820587,0.0,0.002430555555555555,0.0,0.0,0.002430555555555555,Bunkering,Fishing - Longliner
760100515,BARGE_STR_01,SG,bunkering,0.4035386002886002,longliner,0.9999999796755885,0.060981481481481484,0.4035386002886002,0.021111111111111112,0.03625685425685425,0.014094276094276093,0.0,0.11215440115440115,0.3498632756132757,0.002,0.002430555555555555,0.0,0.0,0.002430555555555555,Bunkering,Fishing - Longliner
760100515,BARGE_STR_01,SG,transit,0.8473624338624338,longliner,0.9999999803257343,0.015076719576719577,0.02693121693121693,0.0011111111111111111,0.05066666666666667,0.004232804232804233,0.03,0.021785714285714287,0.8473624338624338,0.002833333333333333,0.002430555555555555,0.0,0.0,0.002430555555555555,Transit,Fishing - Longliner
760100615,BARGE_STR_01,SG,transit,0.9468249158249158,longliner,0.9999999804550251,9.259259259259259e-05,0.01443013468013468,0.0022222222222222222,0.013383838383838385,0.00026094276094276096,0.0,0.022785353535353537,0.9468249158249158,0.0,0.002430555555555555,0.0,0.0,0.002430555555555555,Transit,Fishing - Longliner
760100615,BARGE_STR_01,SG,transit,0.9367455507455509,longliner,0.9999999803257343,0.0017592592592592592,0.02229521404521404,0.0033333333333333335,0.014550505050505052,0.002641895141895142,0.0,0.018674242424242423,0.9367455507455509,0.0,0.002430555555555555,0.0,0.0,0.002430555555555555,Transit,Fishing - Longliner
760100615,BARGE_STR_01,SG,bunkering,0.525098124098124,longliner,0.9999999797439478,0.03662433862433862,0.525098124098124,0.0011111111111111111,0.035201298701298706,0.012983164983164982,0.0,0.051015512265512264,0.33513311688311703,0.002833333333333333,0.002430555555555555,0.0,0.0,0.002430555555555555,Bunkering,Fishing - Longliner
760100615,BARGE_STR_01,SG,bunkering,0.5800650553150551,longliner,0.9999999807367154,0.05214814814814815,0.5800650553150551,0.0011111111111111111,0.037856060606060615,0.010538720538720538,0.0,0.1780988455988456,0.1368487253487254,0.0033333333333333335,0.002430555555555555,0.0,0.0,0.002430555555555555,Bunkering,Fishing - Longliner
760100615,BARGE_STR_01,SG,transit,0.5751847041847046,longliner,0.9999999797394843,0.04270370370370371,0.2538759018759021,0.0061111111111111106,0.03909018759018759,0.004927609427609428,0.0,0.0756067821067821,0.5751847041847046,0.0025,0.002430555555555555,0.0,0.0,0.002430555555555555,Transit,Fishing - Longliner
760100615,BARGE_STR_01,SG,transit,0.9372323232323233,longliner,0.9999999803257343,0.002425925925925926,0.021596801346801343,0.0011111111111111111,0.015828282828282827,0.00026094276094276096,0.0,0.021544612794612793,0.9372323232323233,0.0,0.002430555555555555,0.0,0.0,0.002430555555555555,Transit,Fishing - Longliner
760100715,BARGE_STR_01,BR,transit,0.9394360269360269,trawler,0.9999999848758641,0.011203703703703702,0.018763468013468013,0.0022222222222222222,0.010328282828282829,0.00026094276094276096,0.0,0.017785353535353536,0.9394360269360269,0.0,0.002430555555555555,0.0,0.0,0.002430555555555555,Transit,Fishing - Trawler
760100715,BARGE_STR_01,BR,transit,0.9395709475709475,trawler,0.9999999847659022,0.004759259259259258,0.03562854737854738,0.0011111111111111111,0.004161616161616161,0.00026094276094276096,0.0,0.014507575757575759,0.9395709475709475,0.0,0.002430555555555555,0.0,0.0,0.002430555555555555,Transit,Fishing - Trawler
760100715,BARGE_STR_01,BR,bunkering,0.5414790764790763,trawler,0.9999999831157117,0.04290211640211641,0.5414790764790763,0.0027777777777777775,0.026479076479076477,0.011760942760942762,0.0011111111111111111,0.028126623376623378,0.3420299422799423,0.0033333333333333335,0.002430555555555555,0.0,0.0,0.002430555555555555,Bunkering,Fishing - Trawler
760100715,BARGE_STR_01,BR,bunkering,0.5996761664261664,trawler,0.9999999852180894,0.0952037037037037,0.5996761664261664,0.005888888888888889,0.02413383838383838,0.013594276094276093,0.0,0.12353535353535351,0.13213443963443963,0.005833333333333334,0.002430555555555555,0.0,0.0,0.002430555555555555,Bunkering,Fishing - Trawler
760100715,BARGE_STR_01,BR,transit,0.5044029581529582,trawler,0.9999999832836014,0.04323544973544974,0.34500288600288587,0.0027777777777777775,0.018367965367965366,0.008594276094276094,0.0011111111111111111,0.0709520202020202,0.5044029581529582,0.005555555555555555,0.002430555555555555,0.0,0.0,0.002430555555555555,Transit,Fishing - Trawler
760100715,BARGE_STR_01,BR,transit,0.9482138047138047,trawler,0.9999999848290169,0.0017592592592592592,0.015985690235690235,0.0033333333333333335,0.008883838383838383,0.00026094276094276096,0.0,0.02022979797979798,0.9482138047138047,0.0013333333333333335,0.002430555555555555,0.0,0.0,0.002430555555555555,Transit,Fishing - Trawler
770003515,SURVEY_STR_00,GB,transit,0.6256481481481483,trawler,0.9999999796954284,0.018111111111111113,0.005,0.0,0.1617777777777778,0.02968518518518519,0.10811111111111113,0.03472222222222222,0.6256481481481483,0.016944444444444446,0.002430555555555555,0.0,0.0,0.002430555555555555,Transit,Fishing - Trawler
770003515,SURVEY_STR_00,GB,transit,0.44718650793650805,trawler,0.9999999816454018,0.02527777777777778,0.07081349206349206,0.020555555555555553,0.27033333333333337,0.09861111111111111,0.03977777777777777,0.017444444444444443,0.44718650793650805,0.01,0.002430555555555555,0.0,0.0,0.002430555555555555,Transit,Fishing - Trawler
770003515,SURVEY_STR_00,GB,fishing,0.40647907647907644,trawler,0.9999999817455246,0.018333333333333333,0.03948304473304473,0.08422222222222223,0.40647907647907644,0.15063131313131312,0.026,0.017618686868686867,0.2329545454545454,0.024277777777777777,0.002430555555555555,0.6,0.0,0.6,Fishing,Fishing - Trawler
770003515,SURVEY_STR_00,GB,fishing,0.38770129870129866,trawler,0.9999999818782209,0.016499999999999997,0.042871933621933624,0.0958888888888889,0.38770129870129866,0.14963924963924966,0.04466666666666667,0.020285353535353535,0.21650216450216447,0.025944444444444444,0.002430555555555555,0.6,0.0,0.6,Fishing,Fishing - Trawler
770003515,SURVEY_STR_00,GB,transit,0.3173434343434342,trawler,0.999999985137592,0.09886111111111112,0.2529314574314575,0.021111111111111112,0.08921717171717172,0.01090909090909091,0.0,0.20962662337662336,0.3173434343434342,0.0,0.002430555555555555,0.0,0.0,0.002430555555555555,Transit,Fishing - Trawler
770003515,SURVEY_STR_00,GB,fishing,0.375034632034632,trawler,0.9999999817455246,0.040555555555555546,0.05073304473304473,0.07866666666666668,0.375034632034632,0.14162337662337662,0.03161111111111112,0.025618686868686867,0.2238235930735931,0.032333333333333346,0.002430555555555555,0.6,0.0,0.6,Fishing,Fishing - Trawler
770003515,SURVEY_STR_00,GB,fishing,0.3888174603174603,trawler,0.9999999817455246,0.03555555555555555,0.05193253968253968,0.07622222222222223,0.3888174603174603,0.14454761904761904,0.01911111111111111,0.021666666666666667,0.23481349206349203,0.027333333333333338,0.002430555555555555,0.6,0.0,0.6,Fishing,Fishing - Trawler
770003515,SURVEY_STR_00,GB,fishing,0.3110901875901876,trawler,0.9999999817455246,0.06202380952380952,0.09889971139971139,0.06588888888888889,0.3110901875901876,0.11749639249639249,0.01122222222222222,0.05784090909090909,0.2647045454545454,0.010833333333333334,0.002430555555555555,0.6,0.0,0.6,Fishing,Fishing - Trawler
770003515,SURVEY_STR_00,GB,fishing,0.3623679653679653,trawler,0.9999999812738406,0.04688888888888888,0.061066378066378074,0.0808888888888889,0.3623679653679653,0.1271948051948052,0.03327777777777778,0.041063131313131315,0.2274188311688311,0.01983333333333333,0.002430555555555555,0.6,0.0,0.6,Fishing,Fishing - Trawler
770003515,SURVEY_STR_00,GB,transit,0.3177878787878787,trawler,0.999999985137592,0.11147222222222221,0.2576536796536797,0.02944444444444444,0.07893939393939395,0.01090909090909091,0.0,0.19379329004329002,0.3177878787878787,0.0,0.002430555555555555,0.0,0.0,0.002430555555555555,Transit,Fishing - Trawler
770003515,SURVEY_STR_00,GB,transit,0.6592032227032228,trawler,0.9999999825592577,0.06422222222222224,0.06968145743145741,0.008333333333333333,0.07105050505050507,0.013686868686868688,0.0,0.1104890572390572,0.6592032227032228,0.0033333333333333335,0.002430555555555555,0.0,0.0,0.002430555555555555,Transit,Fishing - Trawler
780003515,PATROL_STR_00,SG,patrol_sweep,0.7928174603174601,longliner,0.9999999804806056,0.0016666666666666668,0.0011111111111111111,0.0038888888888888883,0.0565873015873016,0.03209523809523809,0.7928174603174601,0.0008333333333333334,0.106,0.004999999999999999,0.002430555555555555,0.0,0.0,0.002430555555555555,Patrol / SAR Sweep,Fishing - Longliner
780003515,PATROL_STR_00,SG,patrol_sweep,0.8350396825396824,longliner,0.9999999804806056,0.0016666666666666668,0.0,0.0038888888888888883,0.04692063492063493,0.024595238095238097,0.8350396825396824,0.0016666666666666668,0.08177777777777777,0.0044444444444444444,0.002430555555555555,0.0,0.0,0.002430555555555555,Patrol / SAR Sweep,Fishing - Longliner
780003515,PATROL_STR_00,SG,patrol_sweep,0.8743333333333334,longliner,0.9999999804806056,0.0,0.0,0.0011111111111111111,0.02997619047619048,0.01176190476190476,0.8743333333333334,0.0,0.07948412698412698,0.0033333333333333335,0.002430555555555555,0.0,0.0,0.002430555555555555,Patrol / SAR Sweep,Fishing - Longliner
780003515,PATROL_STR_00,SG,patrol_sweep,0.8839444444444444,longliner,0.9999999804806056,0.0,0.0,0.0,0.04330952380952382,0.0060952380952380945,0.8839444444444444,0.0,0.06276190476190475,0.0038888888888888883,0.002430555555555555,0.0,0.0,0.002430555555555555,Patrol / SAR Sweep,Fishing - Longliner
780003515,PATROL_STR_00,SG,patrol_sweep,0.8703333333333334,longliner,0.9999999804806056,0.0,0.0,0.0,0.05192063492063492,0.007761904761904761,0.8703333333333334,0.0,0.06831746031746032,0.0016666666666666668,0.002430555555555555,0.0,0.0,0.002430555555555555,Patrol / SAR Sweep,Fishing - Longliner
780003515,PATROL_STR_00,SG,patrol_sweep,0.6485158730158728,longliner,0.9999999804806056,0.0,0.0,0.0022222222222222222,0.04826190476190476,0.0033333333333333335,0.6485158730158728,0.0,0.29488888888888887,0.0027777777777777775,0.002430555555555555,0.0,0.0,0.002430555555555555,Patrol / SAR Sweep,Fishing - Longliner
780003516,PATROL_STR_01,SG,patrol_sweep,0.522484126984127,longliner,0.9999999804796925,0.0,0.0,0.005555555555555555,0.17403174603174604,0.05181746031746031,0.522484126984127,0.0016666666666666668,0.23777777777777773,0.006666666666666666,0.002430555555555555,0.0,0.0,0.002430555555555555,Patrol / SAR Sweep,Fishing - Longliner
780003516,PATROL_STR_01,SG,patrol_sweep,0.5664285714285714,longliner,0.9999999804796925,0.0,0.0,0.0027777777777777775,0.14319841269841269,0.02287301587301587,0.5664285714285714,0.0,0.24972222222222218,0.014999999999999998,0.002430555555555555,0.0,0.0,0.002430555555555555,Patrol / SAR Sweep,Fishing - Longliner
780003516,PATROL_STR_01,SG,transit,0.49187037037037046,longliner,0.9999999804796925,0.0,0.0,0.0022222222222222222,0.09926190476190473,0.009629629629629629,0.3892380952380952,0.0,0.49187037037037046,0.007777777777777777,0.002430555555555555,0.0,0.0,0.002430555555555555,Transit,Fishing - Longliner
780003516,PATROL_STR_01,SG,transit,0.5303148148148149,longliner,0.9999999804796925,0.0,0.0,0.0022222222222222222,0.09926190476190473,0.011296296296296296,0.3524603174603174,0.0,0.5303148148148149,0.0044444444444444444,0.002430555555555555,0.0,0.0,0.002430555555555555,Transit,Fishing - Longliner
780003516,PATROL_STR_01,SG,transit,0.5475370370370372,longliner,0.9999999804796925,0.0,0.0,0.0022222222222222222,0.10037301587301585,0.011296296296296296,0.33412698412698416,0.0,0.5475370370370372,0.0044444444444444444,0.002430555555555555,0.0,0.0,0.002430555555555555,Transit,Fishing - Longliner
780003516,PATROL_STR_01,SG,transit,0.6085370370370371,longliner,0.9999999804796925,0.0,0.0,0.005555555555555555,0.08422222222222221,0.011296296296296296,0.2837222222222223,0.0,0.6085370370370371,0.006666666666666666,0.002430555555555555,0.0,0.0,0.002430555555555555,Transit,Fishing - Longliner
780003516,PATROL_STR_01,SG,transit,0.5480925925925927,longliner,0.9999999804796925,0.0,0.0,0.0022222222222222222,0.10926190476190473,0.014629629629629631,0.3146825396825397,0.0,0.5480925925925927,0.01111111111111111,0.002430555555555555,0.0,0.0,0.002430555555555555,Transit,Fishing - Longliner
780003516,PATROL_STR_01,SG,transit,0.5581666666666668,longliner,0.9999999804796925,0.006666666666666667,0.0,0.0022222222222222222,0.10287301587301584,0.013333333333333334,0.3056269841269841,0.0,0.5581666666666668,0.01111111111111111,0.002430555555555555,0.0,0.0,0.002430555555555555,Transit,Fishing - Longliner
780003516,PATROL_STR_01,SG,transit,0.5324259259259261,longliner,0.9999999804796925,0.0,0.0,0.0022222222222222222,0.1159285714285714,0.011296296296296296,0.3353492063492064,0.0,0.5324259259259261,0.0027777777777777775,0.002430555555555555,0.0,0.0,0.002430555555555555,Transit,Fishing - Longliner
780003516,PATROL_STR_01,SG,transit,0.6118703703703704,longliner,0.9999999804796925,0.0,0.0,0.005555555555555555,0.07866666666666668,0.011296296296296296,0.2859444444444445,0.0,0.6118703703703704,0.006666666666666666,0.002430555555555555,0.0,0.0,0.002430555555555555,Transit,Fishing - Longliner
780003516,PATROL_STR_01,SG,transit,0.6602407407407408,longliner,0.9999999804797549,0.006666666666666667,0.0,0.005555555555555555,0.06398148148148147,0.006666666666666667,0.25022222222222223,0.0,0.6602407407407408,0.006666666666666666,0.002430555555555555,0.0,0.0,0.002430555555555555,Transit,Fishing - Longliner
790003515,DREDGER_STR_00,SG,dredging,0.9806111111111111,cargo,0.9628607175499825,9.259259259259259e-05,0.00018518518518518518,0.9806111111111111,0.005,0.0021851851851851854,0.0,0.0005555555555555556,0.007037037037037037,0.004333333333333333,0.002430555555555555,0.0,0.0,0.002430555555555555,Dredging,Cargo
790003515,DREDGER_STR_00,SG,dredging,0.9402777777777779,cargo,0.9628607175499825,0.0,0.0,0.9402777777777779,0.016666666666666666,0.023666666666666666,0.0044444444444444444,0.0,0.004166666666666667,0.010777777777777778,0.002430555555555555,0.0,0.0,0.002430555555555555,Dredging,Cargo
790003515,DREDGER_STR_00,SG,dredging,0.9916666666666667,cargo,0.9628610683168634,9.259259259259259e-05,0.00018518518518518518,0.9916666666666667,0.0033333333333333335,0.001851851851851852,0.0,0.0005555555555555556,0.0012037037037037036,0.0011111111111111111,0.002430555555555555,0.0,0.0,0.002430555555555555,Dredging,Cargo
790003515,DREDGER_STR_00,SG,dredging,0.9875,cargo,0.9628610683168634,0.0017592592592592592,0.00018518518518518518,0.9875,0.0,0.0035185185185185185,0.0,0.0005555555555555556,0.005370370370370371,0.0011111111111111111,0.002430555555555555,0.0,0.0,0.002430555555555555,Dredging,Cargo
790003515,DREDGER_STR_00,SG,dredging,0.9713333333333335,cargo,0.9700428004445435,0.0017592592592592592,0.00018518518518518518,0.9713333333333335,0.0,0.012185185185185184,0.0016666666666666668,0.0005555555555555556,0.007314814814814814,0.005,0.002430555555555555,0.0,0.0,0.002430555555555555,Dredging,Cargo
790003515,DREDGER_STR_00,SG,dredging,0.9793888888888891,cargo,0.9628607175499825,0.0017592592592592592,0.00018518518518518518,0.9793888888888891,0.0,0.0038518518518518524,0.0016666666666666668,0.0005555555555555556,0.010925925925925926,0.0016666666666666668,0.002430555555555555,0.0,0.0,0.002430555555555555,Dredging,Cargo
790003515,DREDGER_STR_00,SG,dredging,0.9850000000000002,cargo,0.9700433635011034,9.259259259259259e-05,0.00018518518518518518,0.9850000000000002,0.0,0.007407407407407408,0.0,0.0005555555555555556,0.0034259259259259256,0.0033333333333333335,0.002430555555555555,0.0,0.0,0.002430555555555555,Dredging,Cargo
790003515,DREDGER_STR_00,SG,dredging,0.9827777777777778,cargo,0.9628610683168634,9.259259259259259e-05,0.00018518518518518518,0.9827777777777778,0.0,0.005185185185185185,0.0,0.0005555555555555556,0.010092592592592592,0.0011111111111111111,0.002430555555555555,0.0,0.0,0.002430555555555555,Dredging,Cargo
790003515,DREDGER_STR_00,SG,dredging,0.9708888888888888,cargo,0.9700430854897106,9.259259259259259e-05,0.0015185185185185187,0.9708888888888888,0.0,0.008296296296296296,0.0016666666666666668,0.0005555555555555556,0.005092592592592592,0.01188888888888889,0.002430555555555555,0.0,0.0,0.002430555555555555,Dredging,Cargo
790003515,DREDGER_STR_00,SG,dredging,0.9517222222222221,cargo,0.9628614104282687,0.0034259259259259256,0.00018518518518518518,0.9517222222222221,0.01,0.011851851851851851,0.0016666666666666668,0.0005555555555555556,0.010925925925925926,0.009666666666666667,0.002430555555555555,0.0,0.0,0.002430555555555555,Dredging,Cargo
790003515,DREDGER_STR_00,SG,dredging,0.9395555555555556,cargo,0.9700428004445435,0.0017592592592592592,0.0015185185185185187,0.9395555555555556,0.011666666666666667,0.027962962962962964,0.0022222222222222222,0.0022222222222222222,0.0028703703703703703,0.010222222222222223,0.002430555555555555,0.0,0.0,0.002430555555555555,Dredging,Cargo
790003515,DREDGER_STR_00,SG,dredging,0.9675555555555555,cargo,0.9628607175499825,9.259259259259259e-05,0.001851851851851852,0.9675555555555555,0.0,0.007407407407407408,0.0,0.0005555555555555556,0.011203703703703704,0.011333333333333332,0.002430555555555555,0.0,0.0,0.002430555555555555,Dredging,Cargo
790003515,DREDGER_STR_00,SG,dredging,0.9453888888888887,cargo,0.9700428004445435,9.259259259259259e-05,0.004851851851851852,0.9453888888888887,0.0075,0.01412962962962963,0.0,0.003888888888888889,0.01587037037037037,0.008277777777777778,0.002430555555555555,0.0,0.0,0.002430555555555555,Dredging,Cargo
790003515,DREDGER_STR_00,SG,dredging,0.9584444444444443,cargo,0.9628610683168634,0.0034259259259259256,0.001851851851851852,0.9584444444444443,0.0,0.008740740740740742,0.0,0.0016666666666666668,0.015925925925925923,0.009944444444444445,0.002430555555555555,0.0,0.0,0.002430555555555555,Dredging,Cargo
800003514,LOITER_STR_00,CN,transit,0.997691517765455,cargo,0.9999999889134613,0.0022222222222222222,0.0,0.0,0.0,4.929143561306223e-05,0.0,1.8484288354898337e-05,0.997691517765455,1.8484288354898337e-05,0.002430555555555555,0.0,0.0,0.002430555555555555,Transit,Cargo
800003514,LOITER_STR_00,CN,transit,0.9999137399876772,cargo,0.9999999889169798,0.0,0.0,0.0,0.0,4.929143561306223e-05,0.0,1.8484288354898337e-05,0.9999137399876772,1.8484288354898337e-05,0.002430555555555555,0.0,0.0,0.002430555555555555,Transit,Cargo
800003514,LOITER_STR_00,CN,transit,0.9999137399876772,cargo,0.9999999889165453,0.0,0.0,0.0,0.0,4.929143561306223e-05,0.0,1.8484288354898337e-05,0.9999137399876772,1.8484288354898337e-05,0.002430555555555555,0.0,0.0,0.002430555555555555,Transit,Cargo
800003514,LOITER_STR_00,CN,transit,0.9999137399876772,cargo,0.9999999889130277,0.0,0.0,0.0,0.0,4.929143561306223e-05,0.0,1.8484288354898337e-05,0.9999137399876772,1.8484288354898337e-05,0.002430555555555555,0.0,0.0,0.002430555555555555,Transit,Cargo
800003514,LOITER_STR_00,CN,transit,0.9999137399876772,cargo,0.9999999889164332,0.0,0.0,0.0,0.0,4.929143561306223e-05,0.0,1.8484288354898337e-05,0.9999137399876772,1.8484288354898337e-05,0.002430555555555555,0.0,0.0,0.002430555555555555,Transit,Cargo
800003514,LOITER_STR_00,CN,transit,0.9999137399876772,cargo,0.9999999889134613,0.0,0.0,0.0,0.0,4.929143561306223e-05,0.0,1.8484288354898337e-05,0.9999137399876772,1.8484288354898337e-05,0.002430555555555555,0.0,0.0,0.002430555555555555,Transit,Cargo
800003514,LOITER_STR_00,CN,transit,0.763860829934767,cargo,0.9999999893248758,0.007166666666666667,0.0,0.0,0.07881481481481484,0.08322389461021622,0.021738095238095233,1.8484288354898337e-05,0.763860829934767,0.04517721444708506,0.002430555555555555,0.0,0.0,0.002430555555555555,Transit,Cargo
800003514,LOITER_STR_00,CN,loiter,0.7909011432874651,cargo,0.999999989873327,0.003444444444444444,0.0,0.0,0.016777777777777777,0.7909011432874651,0.006722222222222222,0.005851817621688232,0.04833966591360306,0.12796292873279935,0.002430555555555555,0.0,0.0,0.002430555555555555,Loitering,Cargo
800003514,LOITER_STR_00,CN,loiter,0.8760119047619046,cargo,0.9999999637109158,0.0008333333333333334,0.0,0.0005555555555555556,0.025555555555555557,0.8760119047619046,0.0,0.0,0.01123015873015873,0.08581349206349206,0.002430555555555555,0.0,0.0,0.002430555555555555,Loitering,Cargo
800003514,LOITER_STR_00,CN,loiter,0.9827777777777778,cargo,0.999999981113728,0.0,0.0,0.0061111111111111106,0.0044444444444444444,0.9827777777777778,0.0,0.0,0.0,0.006666666666666667,0.002430555555555555,0.0,0.0,0.002430555555555555,Loitering,Cargo
800003514,LOITER_STR_00,CN,loiter,0.94287468826101,cargo,0.9999999705995686,0.0,0.0,0.0033333333333333335,0.016444444444444446,0.94287468826101,0.0,0.001685150955021565,0.012135962209899364,0.023526420796291407,0.002430555555555555,0.0,0.0,0.002430555555555555,Loitering,Cargo
800003514,LOITER_STR_00,CN,loiter,1.0,cargo,0.9999999834977662,0.0,0.0,0.0,0.0,1.0,0.0,0.0,0.0,0.0,0.002430555555555555,0.0,0.0,0.002430555555555555,Loitering,Cargo
800003514,LOITER_STR_00,CN,loiter,0.9983333333333333,cargo,0.9999999834925573,0.0,0.0,0.0,0.0,0.9983333333333333,0.0,0.0,0.0,0.0016666666666666668,0.002430555555555555,0.0,0.0,0.002430555555555555,Loitering,Cargo
800003514,LOITER_STR_00,CN,loiter,1.0,cargo,0.999999980513112,0.0,0.0,0.0,0.0,1.0,0.0,0.0,0.0,0.0,0.002430555555555555,0.0,0.0,0.002430555555555555,Loitering,Cargo
800003514,LOITER_STR_00,CN,loiter,0.9963888888888888,cargo,0.9999999877317888,0.0016666666666666668,0.0,0.0,0.0008333333333333334,0.9963888888888888,0.0,0.0,0.0,0.0011111111111111111,0.002430555555555555,0.0,0.0,0.002430555555555555,Loitering,Cargo
800003514,LOITER_STR_00,CN,loiter,1.0,cargo,0.9999999877317888,0.0,0.0,0.0,0.0,1.0,0.0,0.0,0.0,0.0,0.002430555555555555,0.0,0.0,0.002430555555555555,Loitering,Cargo
800003514,LOITER_STR_00,CN,loiter,1.0,cargo,0.9999999877317888,0.0,0.0,0.0,0.0,1.0,0.0,0.0,0.0,0.0,0.002430555555555555,0.0,0.0,0.002430555555555555,Loitering,Cargo
800003514,LOITER_STR_00,CN,loiter,1.0,cargo,0.999999980513112,0.0,0.0,0.0,0.0,1.0,0.0,0.0,0.0,0.0,0.002430555555555555,0.0,0.0,0.002430555555555555,Loitering,Cargo
800003514,LOITER_STR_00,CN,loiter,1.0,cargo,0.9999999877317888,0.0,0.0,0.0,0.0,1.0,0.0,0.0,0.0,0.0,0.002430555555555555,0.0,0.0,0.002430555555555555,Loitering,Cargo
800003514,LOITER_STR_00,CN,loiter,0.9983333333333333,cargo,0.9999999877311231,0.0,0.0,0.0,0.0,0.9983333333333333,0.0,0.0,0.0,0.0016666666666666668,0.002430555555555555,0.0,0.0,0.002430555555555555,Loitering,Cargo
800003514,LOITER_STR_00,CN,loiter,0.9961111111111113,cargo,0.9999999877317888,0.0,0.0,0.0,0.0,0.9961111111111113,0.0,0.0,0.0,0.0038888888888888883,0.002430555555555555,0.0,0.0,0.002430555555555555,Loitering,Cargo
800003514,LOITER_STR_00,CN,loiter,0.9966666666666667,cargo,0.9999999877317888,0.0,0.0,0.0,0.0016666666666666668,0.9966666666666667,0.0,0.0,0.0,0.0016666666666666668,0.002430555555555555,0.0,0.0,0.002430555555555555,Loitering,Cargo
800003514,LOITER_STR_00,CN,loiter,1.0,cargo,0.9999999877317888,0.0,0.0,0.0,0.0,1.0,0.0,0.0,0.0,0.0,0.002430555555555555,0.0,0.0,0.002430555555555555,Loitering,Cargo
800003514,LOITER_STR_00,CN,loiter,0.9988888888888889,cargo,0.9999999877317888,0.0,0.0,0.0,0.0,0.9988888888888889,0.0,0.0,0.0,0.0011111111111111111,0.002430555555555555,0.0,0.0,0.002430555555555555,Loitering,Cargo
800003514,LOITER_STR_00,CN,loiter,0.9927777777777779,cargo,0.9999999877321261,0.0011111111111111111,0.0,0.0,0.0,0.9927777777777779,0.0,0.0,0.0,0.00611111111111111,0.002430555555555555,0.0,0.0,0.002430555555555555,Loitering,Cargo
800003514,LOITER_STR_00,CN,loiter,0.9542777777777777,cargo,0.9999999877317888,0.01511111111111111,0.0,0.0,0.0,0.9542777777777777,0.0,0.0011111111111111111,0.0,0.0295,0.002430555555555555,0.0,0.0,0.002430555555555555,Loitering,Cargo
800003514,LOITER_STR_00,CN,loiter,0.9930555555555556,cargo,0.9999999811034442,0.0,0.0,0.0022222222222222222,0.0,0.9930555555555556,0.0,0.0025,0.0,0.0022222222222222222,0.002430555555555555,0.0,0.0,0.002430555555555555,Loitering,Cargo
800003514,LOITER_STR_00,CN,loiter,1.0,cargo,0.9999999859562168,0.0,0.0,0.0,0.0,1.0,0.0,0.0,0.0,0.0,0.002430555555555555,0.0,0.0,0.002430555555555555,Loitering,Cargo
800003514,LOITER_STR_00,CN,anchored,0.8130873015873018,cargo,0.9999999834996613,0.8130873015873018,0.011452380952380952,0.0,0.00988888888888889,0.12588888888888886,0.0,0.022166666666666664,0.009404761904761904,0.008111111111111112,0.002430555555555555,0.0,0.0,0.002430555555555555,Anchored/Moored,Cargo
800003514,LOITER_STR_00,CN,anchored,0.9843700400926197,cargo,0.9999999872612998,0.9843700400926197,0.0035880620556233284,0.0,0.0,0.00030303030303030303,0.0,0.009769170579029733,0.00196969696969697,0.0,0.002430555555555555,0.0,0.0,0.002430555555555555,Anchored/Moored,Cargo
800003514,LOITER_STR_00,CN,anchored,0.9943700400926198,cargo,0.9999999872612998,0.9943700400926198,0.0016436176111788844,0.0,0.0,0.00030303030303030303,0.0,0.003380281690140845,0.00030303030303030303,0.0,0.002430555555555555,0.0,0.0,0.002430555555555555,Anchored/Moored,Cargo
800003514,LOITER_STR_00,CN,anchored,0.9902033734259531,cargo,0.9999999872626263,0.9902033734259531,0.0049769509445122175,0.0,0.0,0.00030303030303030303,0.0,0.004213615023474179,0.00030303030303030303,0.0,0.002430555555555555,0.0,0.0,0.002430555555555555,Anchored/Moored,Cargo
800003514,LOITER_STR_00,CN,anchored,0.892727513227513,cargo,0.9999999879948386,0.892727513227513,0.0019444444444444442,0.0,0.0031111111111111114,0.06288359788359787,0.0,0.020111111111111114,0.0016666666666666668,0.017555555555555557,0.002430555555555555,0.0,0.0,0.002430555555555555,Anchored/Moored,Cargo
800003514,LOITER_STR_00,CN,loiter,0.9181111111111113,cargo,0.9999999877311231,0.056777777777777774,0.0,0.0,0.0017777777777777776,0.9181111111111113,0.0,0.0025,0.0,0.02083333333333333,0.002430555555555555,0.0,0.0,0.002430555555555555,Loitering,Cargo
800003514,LOITER_STR_00,CN,loiter,0.9919444444444445,cargo,0.9999999877317888,0.003611111111111111,0.0,0.0,0.0,0.9919444444444445,0.0,0.0,0.0,0.0044444444444444444,0.002430555555555555,0.0,0.0,0.002430555555555555,Loitering,Cargo
800003514,LOITER_STR_00,CN,loiter,1.0,cargo,0.9999999877311231,0.0,0.0,0.0,0.0,1.0,0.0,0.0,0.0,0.0,0.002430555555555555,0.0,0.0,0.002430555555555555,Loitering,Cargo
800003514,LOITER_STR_00,CN,loiter,0.9909523809523809,cargo,0.9999999877311231,0.007380952380952381,0.0,0.0,0.0,0.9909523809523809,0.0,0.0,0.0,0.0016666666666666668,0.002430555555555555,0.0,0.0,0.002430555555555555,Loitering,Cargo
800003514,LOITER_STR_00,CN,loiter,0.9961111111111113,cargo,0.9999999877317888,0.0,0.0,0.0,0.0,0.9961111111111113,0.0,0.0,0.0011111111111111111,0.0027777777777777775,0.002430555555555555,0.0,0.0,0.002430555555555555,Loitering,Cargo
800003514,LOITER_STR_00,CN,loiter,0.8723968253968256,cargo,0.9999999834916615,0.06654761904761904,0.0,0.0033333333333333335,0.0022222222222222222,0.8723968253968256,0.0,0.015,0.0011111111111111111,0.03938888888888889,0.002430555555555555,0.0,0.0,0.002430555555555555,Loitering,Cargo
800003514,LOITER_STR_00,CN,loiter,0.9745555555555556,cargo,0.9999999834996613,0.003666666666666667,0.0,0.0,0.0,0.9745555555555556,0.0,0.0022222222222222222,0.0,0.019555555555555555,0.002430555555555555,0.0,0.0,0.002430555555555555,Loitering,Cargo
800003514,LOITER_STR_00,CN,loiter,0.9891666666666666,cargo,0.9999999799761297,0.0016666666666666668,0.0,0.0,0.0,0.9891666666666666,0.0,0.0,0.0,0.009166666666666665,0.002430555555555555,0.0,0.0,0.002430555555555555,Loitering,Cargo
800003514,LOITER_STR_00,CN,loiter,0.9324682539682538,cargo,0.9999999834916615,0.03833333333333333,0.0033333333333333335,0.006666666666666667,0.0,0.9324682539682538,0.0,0.0061111111111111106,0.0016666666666666668,0.011420634920634921,0.002430555555555555,0.0,0.0,0.002430555555555555,Loitering,Cargo
800003514,LOITER_STR_00,CN,loiter,0.9822222222222221,cargo,0.9999999877311231,0.009007936507936506,0.0,0.0,0.0011111111111111111,0.9822222222222221,0.0,0.0,0.0,0.00765873015873016,0.002430555555555555,0.0,0.0,0.002430555555555555,Loitering,Cargo
800003514,LOITER_STR_00,CN,loiter,0.9988888888888889,cargo,0.9999999877317888,0.0,0.0,0.0,0.0,0.9988888888888889,0.0,0.0,0.0,0.0011111111111111111,0.002430555555555555,0.0,0.0,0.002430555555555555,Loitering,Cargo
800003514,LOITER_STR_00,CN,loiter,1.0,cargo,0.9999999877317888,0.0,0.0,0.0,0.0,1.0,0.0,0.0,0.0,0.0,0.002430555555555555,0.0,0.0,0.002430555555555555,Loitering,Cargo
800003514,LOITER_STR_00,CN,loiter,0.9930555555555556,cargo,0.9999999877317888,0.0,0.0,0.0,0.0,0.9930555555555556,0.0,0.0,0.0011111111111111111,0.005833333333333334,0.002430555555555555,0.0,0.0,0.002430555555555555,Loitering,Cargo
800003514,LOITER_STR_00,CN,loiter,1.0,cargo,0.9999999834925573,0.0,0.0,0.0,0.0,1.0,0.0,0.0,0.0,0.0,0.002430555555555555,0.0,0.0,0.002430555555555555,Loitering,Cargo
800003514,LOITER_STR_00,CN,loiter,0.6725238095238094,cargo,0.9999999778577713,0.016111111111111114,0.0022222222222222222,0.0033333333333333335,0.030333333333333334,0.6725238095238094,0.002,0.004166666666666667,0.1713333333333333,0.09797619047619045,0.002430555555555555,0.0,0.0,0.002430555555555555,Loitering,Cargo
800003514,LOITER_STR_00,CN,transit,0.992691517765455,cargo,0.9999999895914894,0.0011111111111111111,0.0,0.0,0.0022222222222222222,4.929143561306223e-05,0.0,0.003907373177243787,0.992691517765455,1.8484288354898337e-05,0.002430555555555555,0.0,0.0,0.002430555555555555,Transit,Cargo
800003514,LOITER_STR_00,CN,transit,0.9999137399876772,cargo,0.999999989003942,0.0,0.0,0.0,0.0,4.929143561306223e-05,0.0,1.8484288354898337e-05,0.9999137399876772,1.8484288354898337e-05,0.002430555555555555,0.0,0.0,0.002430555555555555,Transit,Cargo
800003514,LOITER_STR_00,CN,transit,0.9999137399876772,cargo,0.9999999889169798,0.0,0.0,0.0,0.0,4.929143561306223e-05,0.0,1.8484288354898337e-05,0.9999137399876772,1.8484288354898337e-05,0.002430555555555555,0.0,0.0,0.002430555555555555,Transit,Cargo
800003514,LOITER_STR_00,CN,transit,0.9999137399876772,cargo,0.9999999889168673,0.0,0.0,0.0,0.0,4.929143561306223e-05,0.0,1.8484288354898337e-05,0.9999137399876772,1.8484288354898337e-05,0.002430555555555555,0.0,0.0,0.002430555555555555,Transit,Cargo
800003514,LOITER_STR_00,CN,transit,0.9999137399876772,cargo,0.9999999889134613,0.0,0.0,0.0,0.0,4.929143561306223e-05,0.0,1.8484288354898337e-05,0.9999137399876772,1.8484288354898337e-05,0.002430555555555555,0.0,0.0,0.002430555555555555,Transit,Cargo
800003514,LOITER_STR_00,CN,transit,0.9999137399876772,cargo,0.9999999889134613,0.0,0.0,0.0,0.0,4.929143561306223e-05,0.0,1.8484288354898337e-05,0.9999137399876772,1.8484288354898337e-05,0.002430555555555555,0.0,0.0,0.002430555555555555,Transit,Cargo
800003515,LOITER_STR_01,PH,transit,0.9999137399876772,cargo,0.9999999889156627,0.0,0.0,0.0,0.0,4.929143561306223e-05,0.0,1.8484288354898337e-05,0.9999137399876772,1.8484288354898337e-05,0.002430555555555555,0.0,0.0,0.002430555555555555,Transit,Cargo
800003515,LOITER_STR_01,PH,transit,0.9999137399876772,cargo,0.9999999889156627,0.0,0.0,0.0,0.0,4.929143561306223e-05,0.0,1.8484288354898337e-05,0.9999137399876772,1.8484288354898337e-05,0.002430555555555555,0.0,0.0,0.002430555555555555,Transit,Cargo
800003515,LOITER_STR_01,PH,transit,0.9999137399876772,cargo,0.9999999889156627,0.0,0.0,0.0,0.0,4.929143561306223e-05,0.0,1.8484288354898337e-05,0.9999137399876772,1.8484288354898337e-05,0.002430555555555555,0.0,0.0,0.002430555555555555,Transit,Cargo
800003515,LOITER_STR_01,PH,transit,0.9999137399876772,cargo,0.9999999889156627,0.0,0.0,0.0,0.0,4.929143561306223e-05,0.0,1.8484288354898337e-05,0.9999137399876772,1.8484288354898337e-05,0.002430555555555555,0.0,0.0,0.002430555555555555,Transit,Cargo
800003515,LOITER_STR_01,PH,transit,0.9999137399876772,cargo,0.9999999889228258,0.0,0.0,0.0,0.0,4.929143561306223e-05,0.0,1.8484288354898337e-05,0.9999137399876772,1.8484288354898337e-05,0.002430555555555555,0.0,0.0,0.002430555555555555,Transit,Cargo
800003515,LOITER_STR_01,PH,transit,0.9999137399876772,cargo,0.9999999889228258,0.0,0.0,0.0,0.0,4.929143561306223e-05,0.0,1.8484288354898337e-05,0.9999137399876772,1.8484288354898337e-05,0.002430555555555555,0.0,0.0,0.002430555555555555,Transit,Cargo
800003515,LOITER_STR_01,PH,transit,0.9551915177654549,cargo,0.999999989331296,0.0033333333333333335,0.0,0.0,0.016111111111111114,4.929143561306223e-05,0.0033333333333333335,1.8484288354898337e-05,0.9551915177654549,0.02196292873279934,0.002430555555555555,0.0,0.0,0.002430555555555555,Transit,Cargo
800003515,LOITER_STR_01,PH,loiter,0.7978667517530736,cargo,0.9999999898810302,0.003444444444444444,0.0,0.0005555555555555556,0.016388888888888887,0.7978667517530736,0.03918253968253968,0.006685150955021564,0.0404692955432327,0.09540737317724379,0.002430555555555555,0.0,0.0,0.002430555555555555,Loitering,Cargo
800003515,LOITER_STR_01,PH,loiter,0.8823293650793653,cargo,0.9999997452742562,0.0,0.0025,0.0022222222222222222,0.02527777777777778,0.8823293650793653,0.0016666666666666668,0.0044444444444444444,0.011111111111111112,0.07044841269841269,0.002430555555555555,0.0,0.0,0.002430555555555555,Loitering,Cargo
800003515,LOITER_STR_01,PH,loiter,0.970690476190476,cargo,0.9999999679472459,0.0008333333333333334,0.0,0.0,0.003253968253968254,0.970690476190476,0.0,0.0,0.0,0.02522222222222222,0.002430555555555555,0.0,0.0,0.002430555555555555,Loitering,Cargo
800003515,LOITER_STR_01,PH,loiter,0.9983333333333333,cargo,0.9999999877346496,0.0,0.0,0.0,0.0,0.9983333333333333,0.0,0.0,0.0,0.0016666666666666668,0.002430555555555555,0.0,0.0,0.002430555555555555,Loitering,Cargo
800003515,LOITER_STR_01,PH,loiter,0.9946666666666668,cargo,0.9999999805176564,0.0,0.0,0.0,0.0,0.9946666666666668,0.0,0.0,0.0,0.005333333333333333,0.002430555555555555,0.0,0.0,0.002430555555555555,Loitering,Cargo
800003515,LOITER_STR_01,PH,loiter,0.9955555555555556,cargo,0.9999999805176564,0.0,0.0,0.0006666666666666668,0.0,0.9955555555555556,0.0,0.0,0.0,0.0037777777777777775,0.002430555555555555,0.0,0.0,0.002430555555555555,Loitering,Cargo
800003515,LOITER_STR_01,PH,loiter,0.9988888888888887,cargo,0.9999999877339839,0.0,0.0,0.0,0.0,0.9988888888888887,0.0,0.0,0.0,0.0011111111111111111,0.002430555555555555,0.0,0.0,0.002430555555555555,Loitering,Cargo
800003515,LOITER_STR_01,PH,loiter,0.995,cargo,0.9999999877346496,0.0,0.0,0.0,0.0033333333333333335,0.995,0.0,0.0,0.0,0.0016666666666666668,0.002430555555555555,0.0,0.0,0.002430555555555555,Loitering,Cargo
800003515,LOITER_STR_01,PH,loiter,0.9991666666666666,cargo,0.9999999834964068,0.0,0.0,0.0,0.0,0.9991666666666666,0.0,0.0,0.0,0.0008333333333333334,0.002430555555555555,0.0,0.0,0.002430555555555555,Loitering,Cargo
800003515,LOITER_STR_01,PH,loiter,0.977722222222222,cargo,0.9999999737484608,0.0,0.0,0.0033333333333333335,0.009722222222222222,0.977722222222222,0.0,0.0,0.0,0.009222222222222222,0.002430555555555555,0.0,0.0,0.002430555555555555,Loitering,Cargo
800003515,LOITER_STR_01,PH,loiter,0.9658333333333333,cargo,0.9999999486644116,0.0,0.0,0.0,0.010611111111111111,0.9658333333333333,0.0,0.0,0.0011111111111111111,0.02244444444444444,0.002430555555555555,0.0,0.0,0.002430555555555555,Loitering,Cargo
800003515,LOITER_STR_01,PH,loiter,0.8790613275613275,cargo,0.999999980516599,0.013560606060606061,0.002967171717171717,0.0,0.026550505050505047,0.8790613275613275,0.0,0.041896464646464654,0.012424242424242423,0.023539682539682538,0.002430555555555555,0.0,0.0,0.002430555555555555,Loitering,Cargo
800003515,LOITER_STR_01,PH,loiter,0.9902777777777779,cargo,0.9999999877346496,0.0,0.0,0.0,0.0033333333333333335,0.9902777777777779,0.0,0.0008333333333333334,0.0,0.005555555555555555,0.002430555555555555,0.0,0.0,0.002430555555555555,Loitering,Cargo
800003515,LOITER_STR_01,PH,loiter,0.9900000000000002,cargo,0.9999999877346496,0.0,0.0,0.0,0.0033333333333333335,0.9900000000000002,0.0,0.0,0.0,0.006666666666666666,0.002430555555555555,0.0,0.0,0.002430555555555555,Loitering,Cargo
800003515,LOITER_STR_01,PH,loiter,0.9742777777777779,cargo,0.9999999877346496,0.008055555555555555,0.0,0.0,0.0,0.9742777777777779,0.0,0.0,0.0,0.017666666666666667,0.002430555555555555,0.0,0.0,0.002430555555555555,Loitering,Cargo
800003515,LOITER_STR_01,PH,loiter,0.9573888888888888,cargo,0.9999999877346496,0.004666666666666666,0.0,0.0,0.005,0.9573888888888888,0.0,0.0,0.0008333333333333334,0.03211111111111112,0.002430555555555555,0.0,0.0,0.002430555555555555,Loitering,Cargo
800003515,LOITER_STR_01,PH,loiter,0.9966666666666667,cargo,0.9999999877346496,0.0,0.0,0.0,0.0033333333333333335,0.9966666666666667,0.0,0.0,0.0,0.0,0.002430555555555555,0.0,0.0,0.002430555555555555,Loitering,Cargo
800003515,LOITER_STR_01,PH,loiter,0.9911111111111113,cargo,0.9999999877346496,0.0,0.0,0.0,0.0,0.9911111111111113,0.0,0.0,0.0,0.008888888888888889,0.002430555555555555,0.0,0.0,0.002430555555555555,Loitering,Cargo
800003515,LOITER_STR_01,PH,loiter,0.9201666666666665,cargo,0.9999999877339839,0.013,0.0,0.0033333333333333335,0.0,0.9201666666666665,0.0,0.021500000000000002,0.0008333333333333334,0.041166666666666664,0.002430555555555555,0.0,0.0,0.002430555555555555,Loitering,Cargo
800003515,LOITER_STR_01,PH,loiter,0.9988888888888887,cargo,0.9999999877339839,0.0011111111111111111,0.0,0.0,0.0,0.9988888888888887,0.0,0.0,0.0,0.0,0.002430555555555555,0.0,0.0,0.002430555555555555,Loitering,Cargo
800003515,LOITER_STR_01,PH,loiter,0.9966666666666667,cargo,0.9999999877339839,0.0033333333333333335,0.0,0.0,0.0,0.9966666666666667,0.0,0.0,0.0,0.0,0.002430555555555555,0.0,0.0,0.002430555555555555,Loitering,Cargo
800003515,LOITER_STR_01,PH,anchored,0.7293624338624337,cargo,0.9999999834955111,0.7293624338624337,0.007129629629629628,0.0044444444444444444,0.006444444444444444,0.20642328042328043,0.0,0.01361111111111111,0.003870370370370371,0.02871428571428572,0.002430555555555555,0.0,0.0,0.002430555555555555,Anchored/Moored,Cargo
800003515,LOITER_STR_01,PH,anchored,0.9928144845370641,cargo,0.9999999872655897,0.9928144845370641,0.0009769509445122177,0.0,0.0,0.00030303030303030303,0.0,0.005602503912363067,0.00030303030303030303,0.0,0.002430555555555555,0.0,0.0,0.002430555555555555,Anchored/Moored,Cargo
800003515,LOITER_STR_01,PH,anchored,0.9354811512037308,cargo,0.9999999869855405,0.9354811512037308,0.02119123665879793,0.0,0.0,0.001414141414141414,0.0,0.04161044042029957,0.00030303030303030303,0.0,0.002430555555555555,0.0,0.0,0.002430555555555555,Anchored/Moored,Cargo
800003515,LOITER_STR_01,PH,anchored,0.9069811512037308,cargo,0.9999999869855405,0.9069811512037308,0.042532506500067783,0.0,0.0013333333333333335,0.004747474747474747,0.0,0.043435837245696406,0.00030303030303030303,0.0006666666666666668,0.002430555555555555,0.0,0.0,0.002430555555555555,Anchored/Moored,Cargo
800003515,LOITER_STR_01,PH,anchored,0.8743783068783066,cargo,0.9999999834954783,0.8743783068783066,0.0025,0.0,0.004,0.07074074074074076,0.0,0.006,0.002666666666666667,0.03971428571428571,0.002430555555555555,0.0,0.0,0.002430555555555555,Anchored/Moored,Cargo
800003515,LOITER_STR_01,PH,loiter,0.9498968253968254,cargo,0.9999999835057292,0.025825396825396828,0.0,0.0,0.0,0.9498968253968254,0.0,0.0,0.0,0.024277777777777777,0.002430555555555555,0.0,0.0,0.002430555555555555,Loitering,Cargo
800003515,LOITER_STR_01,PH,loiter,0.9983333333333333,cargo,0.9999999877346496,0.0016666666666666668,0.0,0.0,0.0,0.9983333333333333,0.0,0.0,0.0,0.0,0.002430555555555555,0.0,0.0,0.002430555555555555,Loitering,Cargo
800003515,LOITER_STR_01,PH,loiter,1.0,cargo,0.9999999877346496,0.0,0.0,0.0,0.0,1.0,0.0,0.0,0.0,0.0,0.002430555555555555,0.0,0.0,0.002430555555555555,Loitering,Cargo
800003515,LOITER_STR_01,PH,loiter,0.9983333333333333,cargo,0.9999999877346496,0.0,0.0,0.0,0.0,0.9983333333333333,0.0,0.0,0.0,0.0016666666666666668,0.002430555555555555,0.0,0.0,0.002430555555555555,Loitering,Cargo
800003515,LOITER_STR_01,PH,loiter,0.993111111111111,cargo,0.9999999877339839,0.0,0.0,0.0,0.0,0.993111111111111,0.0,0.0,0.0,0.006888888888888888,0.002430555555555555,0.0,0.0,0.002430555555555555,Loitering,Cargo
800003515,LOITER_STR_01,PH,loiter,0.9623333333333333,cargo,0.9999999877349869,0.01211111111111111,0.0,0.0,0.0008333333333333334,0.9623333333333333,0.0,0.0,0.0016666666666666668,0.023055555555555555,0.002430555555555555,0.0,0.0,0.002430555555555555,Loitering,Cargo
800003515,LOITER_STR_01,PH,loiter,0.9955555555555554,cargo,0.9999999877339839,0.0011111111111111111,0.0,0.0,0.0,0.9955555555555554,0.0,0.0,0.0,0.0033333333333333335,0.002430555555555555,0.0,0.0,0.002430555555555555,Loitering,Cargo
800003515,LOITER_STR_01,PH,loiter,1.0,cargo,0.9999999877339839,0.0,0.0,0.0,0.0,1.0,0.0,0.0,0.0,0.0,0.002430555555555555,0.0,0.0,0.002430555555555555,Loitering,Cargo
800003515,LOITER_STR_01,PH,loiter,0.9864999999999999,cargo,0.9999999877346496,0.0,0.0,0.0,0.0033333333333333335,0.9864999999999999,0.0,0.0,0.0,0.010166666666666666,0.002430555555555555,0.0,0.0,0.002430555555555555,Loitering,Cargo
800003515,LOITER_STR_01,PH,loiter,1.0,cargo,0.9999999877346496,0.0,0.0,0.0,0.0,1.0,0.0,0.0,0.0,0.0,0.002430555555555555,0.0,0.0,0.002430555555555555,Loitering,Cargo
800003515,LOITER_STR_01,PH,loiter,0.7958826247689463,cargo,0.9999999679455037,0.04030952380952381,0.017285714285714286,0.018333333333333333,0.013476190476190475,0.7958826247689463,0.0011111111111111111,0.0240184842883549,0.02753278760672476,0.062050230320100916,0.002430555555555555,0.0,0.0,0.002430555555555555,Loitering,Cargo
800003515,LOITER_STR_01,PH,loiter,0.8747058570921786,cargo,0.999999948706149,0.003560606060606061,0.007411616161616162,0.009666666666666667,0.011526695526695526,0.8747058570921786,0.0016666666666666668,0.012748282268152878,0.021504649078586232,0.0572089604788311,0.002430555555555555,0.0,0.0,0.002430555555555555,Loitering,Cargo
800003515,LOITER_STR_01,PH,loiter,0.9699999999999999,cargo,0.9999999811078507,0.0016666666666666668,0.0016666666666666668,0.0016666666666666668,0.0033333333333333335,0.9699999999999999,0.0,0.003666666666666667,0.0019444444444444442,0.016055555555555556,0.002430555555555555,0.0,0.0,0.002430555555555555,Loitering,Cargo
800003515,LOITER_STR_01,PH,loiter,0.843984126984127,cargo,0.9999999877339839,0.07612698412698411,0.0033333333333333335,0.02,0.0,0.843984126984127,0.0,0.017777777777777778,0.0033333333333333335,0.035444444444444445,0.002430555555555555,0.0,0.0,0.002430555555555555,Loitering,Cargo
800003515,LOITER_STR_01,PH,loiter,0.5737861952861952,cargo,0.9999999778749442,0.03881986531986532,0.014096801346801347,0.010222222222222223,0.034494949494949495,0.5737861952861952,0.0027777777777777775,0.024785353535353535,0.24251683501683502,0.0585,0.002430555555555555,0.0,0.0,0.002430555555555555,Loitering,Cargo
800003515,LOITER_STR_01,PH,transit,0.9648026288765662,cargo,0.999999904061258,0.013611111111111114,0.0,0.0,0.012777777777777777,4.929143561306223e-05,0.0,0.00874070651057712,0.9648026288765662,1.8484288354898337e-05,0.002430555555555555,0.0,0.0,0.002430555555555555,Transit,Cargo
800003515,LOITER_STR_01,PH,transit,0.9999137399876772,cargo,0.9999999890106307,0.0,0.0,0.0,0.0,4.929143561306223e-05,0.0,1.8484288354898337e-05,0.9999137399876772,1.8484288354898337e-05,0.002430555555555555,0.0,0.0,0.002430555555555555,Transit,Cargo
800003515,LOITER_STR_01,PH,transit,0.9999137399876772,cargo,0.9999999889156627,0.0,0.0,0.0,0.0,4.929143561306223e-05,0.0,1.8484288354898337e-05,0.9999137399876772,1.8484288354898337e-05,0.002430555555555555,0.0,0.0,0.002430555555555555,Transit,Cargo
800003515,LOITER_STR_01,PH,transit,0.9999137399876772,cargo,0.9999999889224388,0.0,0.0,0.0,0.0,4.929143561306223e-05,0.0,1.8484288354898337e-05,0.9999137399876772,1.8484288354898337e-05,0.002430555555555555,0.0,0.0,0.002430555555555555,Transit,Cargo
800003515,LOITER_STR_01,PH,transit,0.9999137399876772,cargo,0.9999999889156627,0.0,0.0,0.0,0.0,4.929143561306223e-05,0.0,1.8484288354898337e-05,0.9999137399876772,1.8484288354898337e-05,0.002430555555555555,0.0,0.0,0.002430555555555555,Transit,Cargo
800003515,LOITER_STR_01,PH,transit,0.9999137399876772,cargo,0.9999999889156627,0.0,0.0,0.0,0.0,4.929143561306223e-05,0.0,1.8484288354898337e-05,0.9999137399876772,1.8484288354898337e-05,0.002430555555555555,0.0,0.0,0.002430555555555555,Transit,Cargo
800003516,LOITER_STR_02,JP,transit,0.9999137399876772,cargo,0.9999999760227581,0.0,0.0,0.0,0.0,4.929143561306223e-05,0.0,1.8484288354898337e-05,0.9999137399876772,1.8484288354898337e-05,0.002430555555555555,0.0,0.0,0.002430555555555555,Transit,Cargo
800003516,LOITER_STR_02,JP,transit,1.0,cargo,0.9999999760194666,0.0,0.0,0.0,0.0,0.0,0.0,0.0,1.0,0.0,0.002430555555555555,0.0,0.0,0.002430555555555555,Transit,Cargo
800003516,LOITER_STR_02,JP,transit,1.0,cargo,0.9999999760194666,0.0,0.0,0.0,0.0,0.0,0.0,0.0,1.0,0.0,0.002430555555555555,0.0,0.0,0.002430555555555555,Transit,Cargo
800003516,LOITER_STR_02,JP,transit,0.9999137399876772,cargo,0.9999999760308219,0.0,0.0,0.0,0.0,4.929143561306223e-05,0.0,1.8484288354898337e-05,0.9999137399876772,1.8484288354898337e-05,0.002430555555555555,0.0,0.0,0.002430555555555555,Transit,Cargo
800003516,LOITER_STR_02,JP,transit,0.9999137399876772,cargo,0.9999999760308219,0.0,0.0,0.0,0.0,4.929143561306223e-05,0.0,1.8484288354898337e-05,0.9999137399876772,1.8484288354898337e-05,0.002430555555555555,0.0,0.0,0.002430555555555555,Transit,Cargo
800003516,LOITER_STR_02,JP,transit,0.9977777777777778,cargo,0.9999999760308219,0.0022222222222222222,0.0,0.0,0.0,0.0,0.0,0.0,0.9977777777777778,0.0,0.002430555555555555,0.0,0.0,0.002430555555555555,Transit,Cargo
800003516,LOITER_STR_02,JP,transit,0.8747550098289473,cargo,0.9999999883734784,0.03545238095238095,0.0,0.0,0.03244444444444445,0.007549291435613063,0.0061111111111111106,0.012835944605815214,0.8747550098289473,0.030851817621688232,0.002430555555555555,0.0,0.0,0.002430555555555555,Transit,Cargo
800003516,LOITER_STR_02,JP,loiter,0.7834011432874651,cargo,0.9999999881722085,0.003444444444444444,0.0,0.0,0.010555555555555556,0.7834011432874651,0.008388888888888888,0.013351817621688232,0.05045077702471417,0.1304073731772438,0.002430555555555555,0.0,0.0,0.002430555555555555,Loitering,Cargo
800003516,LOITER_STR_02,JP,loiter,0.8791309523809528,cargo,0.9999999074197373,0.0,0.0,0.0005555555555555556,0.020833333333333332,0.8791309523809528,0.0,0.008888888888888889,0.008611111111111111,0.08198015873015874,0.002430555555555555,0.0,0.0,0.002430555555555555,Loitering,Cargo
800003516,LOITER_STR_02,JP,loiter,0.9980555555555555,cargo,0.999999982897089,0.0,0.0,0.0,0.0,0.9980555555555555,0.0,0.0,0.0,0.0019444444444444442,0.002430555555555555,0.0,0.0,0.002430555555555555,Loitering,Cargo
800003516,LOITER_STR_02,JP,loiter,0.9897857142857144,cargo,0.999999982897089,0.007380952380952381,0.0,0.0,0.002,0.9897857142857144,0.0,0.0,0.0,0.0008333333333333334,0.002430555555555555,0.0,0.0,0.002430555555555555,Loitering,Cargo
800003516,LOITER_STR_02,JP,loiter,0.9891666666666669,cargo,0.9999999828961829,0.005555555555555555,0.0,0.0,0.0,0.9891666666666669,0.0,0.0033333333333333335,0.0,0.0019444444444444442,0.002430555555555555,0.0,0.0,0.002430555555555555,Loitering,Cargo
800003516,LOITER_STR_02,JP,loiter,0.9977777777777779,cargo,0.9999999828961829,0.0011111111111111111,0.0,0.0,0.0,0.9977777777777779,0.0,0.0,0.0,0.0011111111111111111,0.002430555555555555,0.0,0.0,0.002430555555555555,Loitering,Cargo
800003516,LOITER_STR_02,JP,loiter,0.9966666666666667,cargo,0.999999982897089,0.0,0.0,0.0,0.0033333333333333335,0.9966666666666667,0.0,0.0,0.0,0.0,0.002430555555555555,0.0,0.0,0.002430555555555555,Loitering,Cargo
800003516,LOITER_STR_02,JP,loiter,0.9544999999999999,cargo,0.9999999828961829,0.011388888888888888,0.0038888888888888883,0.0,0.0033333333333333335,0.9544999999999999,0.0,0.0022222222222222222,0.0011111111111111111,0.023555555555555555,0.002430555555555555,0.0,0.0,0.002430555555555555,Loitering,Cargo
800003516,LOITER_STR_02,JP,loiter,0.9737063492063491,cargo,0.9999999828961829,0.0025,0.0,0.0,0.006666666666666667,0.9737063492063491,0.0,0.0,0.0,0.017126984126984126,0.002430555555555555,0.0,0.0,0.002430555555555555,Loitering,Cargo
800003516,LOITER_STR_02,JP,loiter,0.9977777777777778,cargo,0.999999982897089,0.0,0.0,0.0,0.0,0.9977777777777778,0.0,0.0,0.0,0.0022222222222222222,0.002430555555555555,0.0,0.0,0.002430555555555555,Loitering,Cargo
800003516,LOITER_STR_02,JP,loiter,0.9955555555555554,cargo,0.999999982897089,0.0,0.0,0.0,0.0033333333333333335,0.9955555555555554,0.0,0.0,0.0,0.0011111111111111111,0.002430555555555555,0.0,0.0,0.002430555555555555,Loitering,Cargo
800003516,LOITER_STR_02,JP,loiter,0.9852777777777779,cargo,0.999999982897089,0.005,0.0,0.0,0.0,0.9852777777777779,0.0,0.0,0.0,0.009722222222222222,0.002430555555555555,0.0,0.0,0.002430555555555555,Loitering,Cargo
800003516,LOITER_STR_02,JP,loiter,0.8621111111111107,cargo,0.9999999828961829,0.03861111111111111,0.005,0.0016666666666666668,0.0033333333333333335,0.8621111111111107,0.0,0.0465,0.00988888888888889,0.03288888888888889,0.002430555555555555,0.0,0.0,0.002430555555555555,Loitering,Cargo
800003516,LOITER_STR_02,JP,loiter,0.9859444444444445,cargo,0.9999999828961829,0.0022222222222222222,0.0,0.0,0.0,0.9859444444444445,0.0,0.0,0.0,0.011833333333333335,0.002430555555555555,0.0,0.0,0.002430555555555555,Loitering,Cargo
800003516,LOITER_STR_02,JP,loiter,1.0,cargo,0.999999982897089,0.0,0.0,0.0,0.0,1.0,0.0,0.0,0.0,0.0,0.002430555555555555,0.0,0.0,0.002430555555555555,Loitering,Cargo
800003516,LOITER_STR_02,JP,loiter,0.9983333333333333,cargo,0.999999982897089,0.0,0.0,0.0,0.0016666666666666668,0.9983333333333333,0.0,0.0,0.0,0.0,0.002430555555555555,0.0,0.0,0.002430555555555555,Loitering,Cargo
800003516,LOITER_STR_02,JP,loiter,1.0,cargo,0.999999982897089,0.0,0.0,0.0,0.0,1.0,0.0,0.0,0.0,0.0,0.002430555555555555,0.0,0.0,0.002430555555555555,Loitering,Cargo
800003516,LOITER_STR_02,JP,loiter,0.9958333333333333,cargo,0.999999982897089,0.0025,0.0,0.0,0.0,0.9958333333333333,0.0,0.0,0.0,0.0016666666666666668,0.002430555555555555,0.0,0.0,0.002430555555555555,Loitering,Cargo
800003516,LOITER_STR_02,JP,loiter,0.969,cargo,0.999999982897089,0.01838888888888889,0.0022222222222222222,0.0,0.0,0.969,0.0,0.002777777777777778,0.0,0.007611111111111112,0.002430555555555555,0.0,0.0,0.002430555555555555,Loitering,Cargo
800003516,LOITER_STR_02,JP,loiter,0.9831666666666666,cargo,0.999999982897089,0.005833333333333333,0.0022222222222222222,0.0,0.0,0.9831666666666666,0.0,0.005,0.0,0.0037777777777777775,0.002430555555555555,0.0,0.0,0.002430555555555555,Loitering,Cargo
800003516,LOITER_STR_02,JP,loiter,0.9977777777777779,cargo,0.999999982897089,0.0,0.0,0.0,0.0,0.9977777777777779,0.0,0.0,0.0,0.0022222222222222222,0.002430555555555555,0.0,0.0,0.002430555555555555,Loitering,Cargo
800003516,LOITER_STR_02,JP,anchored,0.7397037037037034,cargo,0.9999999828961829,0.7397037037037034,0.004722222222222221,0.0033333333333333335,0.006666666666666667,0.18985185185185188,0.0,0.02666666666666667,0.004166666666666667,0.02488888888888889,0.002430555555555555,0.0,0.0,0.002430555555555555,Anchored/Moored,Cargo
800003516,LOITER_STR_02,JP,anchored,0.9768649895875691,cargo,0.9999998148101231,0.9768649895875691,0.010143617611178884,0.0,0.0,0.0,0.0,0.012991392801251956,0.0,0.0,0.002430555555555555,0.0,0.0,0.002430555555555555,Anchored/Moored,Cargo
800003516,LOITER_STR_02,JP,anchored,0.996753878476458,cargo,0.9999998147855284,0.996753878476458,0.00014361761117888435,0.0,0.0,0.0,0.0,0.0031025039123630666,0.0,0.0,0.002430555555555555,0.0,0.0,0.002430555555555555,Anchored/Moored,Cargo
800003516,LOITER_STR_02,JP,anchored,0.996753878476458,cargo,0.9999998581681687,0.996753878476458,0.00014361761117888435,0.0,0.0,0.0,0.0,0.0031025039123630666,0.0,0.0,0.002430555555555555,0.0,0.0,0.002430555555555555,Anchored/Moored,Cargo
800003516,LOITER_STR_02,JP,anchored,0.8588703703703702,cargo,0.9999999828559948,0.8588703703703702,0.010277777777777778,0.0,0.004111111111111111,0.03701851851851851,0.0,0.0743888888888889,0.006166666666666667,0.009166666666666667,0.002430555555555555,0.0,0.0,0.002430555555555555,Anchored/Moored,Cargo
800003516,LOITER_STR_02,JP,loiter,0.9629444444444446,cargo,0.999999982897089,0.0067777777777777775,0.0,0.0016666666666666668,0.0,0.9629444444444446,0.0,0.0,0.0,0.028611111111111108,0.002430555555555555,0.0,0.0,0.002430555555555555,Loitering,Cargo
800003516,LOITER_STR_02,JP,loiter,1.0,cargo,0.999999982897089,0.0,0.0,0.0,0.0,1.0,0.0,0.0,0.0,0.0,0.002430555555555555,0.0,0.0,0.002430555555555555,Loitering,Cargo
800003516,LOITER_STR_02,JP,loiter,0.9539999999999997,cargo,0.999999982897089,0.01388888888888889,0.0022222222222222222,0.0,0.005,0.9539999999999997,0.0,0.0,0.0,0.02488888888888889,0.002430555555555555,0.0,0.0,0.002430555555555555,Loitering,Cargo
800003516,LOITER_STR_02,JP,loiter,0.9944444444444446,cargo,0.999999982897089,0.002,0.0,0.0,0.0,0.9944444444444446,0.0,0.0,0.0,0.0035555555555555553,0.002430555555555555,0.0,0.0,0.002430555555555555,Loitering,Cargo
800003516,LOITER_STR_02,JP,loiter,0.9983333333333333,cargo,0.999999982897089,0.0008333333333333334,0.0,0.0,0.0,0.9983333333333333,0.0,0.0,0.0,0.0008333333333333334,0.002430555555555555,0.0,0.0,0.002430555555555555,Loitering,Cargo
800003516,LOITER_STR_02,JP,loiter,1.0,cargo,0.999999982897089,0.0,0.0,0.0,0.0,1.0,0.0,0.0,0.0,0.0,0.002430555555555555,0.0,0.0,0.002430555555555555,Loitering,Cargo
800003516,LOITER_STR_02,JP,loiter,0.9827777777777779,cargo,0.999999982897089,0.005555555555555555,0.0025,0.0,0.0,0.9827777777777779,0.0,0.005833333333333334,0.0,0.003333333333333333,0.002430555555555555,0.0,0.0,0.002430555555555555,Loitering,Cargo
800003516,LOITER_STR_02,JP,loiter,0.9888888888888888,cargo,0.999999982897089,0.005888888888888889,0.0,0.0,0.0016666666666666668,0.9888888888888888,0.0,0.0,0.0,0.0035555555555555553,0.002430555555555555,0.0,0.0,0.002430555555555555,Loitering,Cargo
800003516,LOITER_STR_02,JP,loiter,1.0,cargo,0.9999999828961829,0.0,0.0,0.0,0.0,1.0,0.0,0.0,0.0,0.0,0.002430555555555555,0.0,0.0,0.002430555555555555,Loitering,Cargo
800003516,LOITER_STR_02,JP,loiter,0.9966666666666667,cargo,0.99999998292475,0.0,0.0,0.0,0.0033333333333333335,0.9966666666666667,0.0,0.0,0.0,0.0,0.002430555555555555,0.0,0.0,0.002430555555555555,Loitering,Cargo
800003516,LOITER_STR_02,JP,loiter,0.9822222222222221,cargo,0.9999999828961829,0.004166666666666667,0.0,0.0016666666666666668,0.0,0.9822222222222221,0.0,0.0,0.0,0.011944444444444443,0.002430555555555555,0.0,0.0,0.002430555555555555,Loitering,Cargo
800003516,LOITER_STR_02,JP,loiter,0.8485224867724868,cargo,0.9999999828961829,0.06403703703703705,0.009305555555555555,0.0016666666666666668,0.0037777777777777775,0.8485224867724868,0.0,0.020619047619047617,0.0,0.05207142857142858,0.002430555555555555,0.0,0.0,0.002430555555555555,Loitering,Cargo
800003516,LOITER_STR_02,JP,loiter,0.9101825396825397,cargo,0.9999999828961829,0.037936507936507935,0.0,0.0016666666666666668,0.005333333333333334,0.9101825396825397,0.0,0.0008333333333333334,0.0,0.044047619047619044,0.002430555555555555,0.0,0.0,0.002430555555555555,Loitering,Cargo
800003516,LOITER_STR_02,JP,loiter,0.9707222222222224,cargo,0.999999982897089,0.005555555555555555,0.0,0.0033333333333333335,0.0,0.9707222222222224,0.0,0.0,0.0,0.02038888888888889,0.002430555555555555,0.0,0.0,0.002430555555555555,Loitering,Cargo
800003516,LOITER_STR_02,JP,loiter,0.6947163188526407,cargo,0.9999999740785614,0.0011111111111111111,0.0010227272727272728,0.005055555555555555,0.027272727272727268,0.6947163188526407,0.004666666666666666,0.015359393379263987,0.13409050766444483,0.11670499222486283,0.002430555555555555,0.0,0.0,0.002430555555555555,Loitering,Cargo
800003516,LOITER_STR_02,JP,transit,0.9734137399876772,cargo,0.9999999756061412,0.006944444444444445,0.0,0.0,0.0016666666666666668,4.929143561306223e-05,0.0,0.017907373177243786,0.9734137399876772,1.8484288354898337e-05,0.002430555555555555,0.0,0.0,0.002430555555555555,Transit,Cargo
800003516,LOITER_STR_02,JP,transit,0.9982470733210105,cargo,0.9999999760227581,0.0016666666666666668,0.0,0.0,0.0,4.929143561306223e-05,0.0,1.8484288354898337e-05,0.9982470733210105,1.8484288354898337e-05,0.002430555555555555,0.0,0.0,0.002430555555555555,Transit,Cargo
800003516,LOITER_STR_02,JP,transit,0.9999137399876772,cargo,0.9999999760308219,0.0,0.0,0.0,0.0,4.929143561306223e-05,0.0,1.8484288354898337e-05,0.9999137399876772,1.8484288354898337e-05,0.002430555555555555,0.0,0.0,0.002430555555555555,Transit,Cargo
800003516,LOITER_STR_02,JP,transit,0.9999137399876772,cargo,0.9999999760308219,0.0,0.0,0.0,0.0,4.929143561306223e-05,0.0,1.8484288354898337e-05,0.9999137399876772,1.8484288354898337e-05,0.002430555555555555,0.0,0.0,0.002430555555555555,Transit,Cargo
800003516,LOITER_STR_02,JP,transit,0.9999137399876772,cargo,0.999999976019453,0.0,0.0,0.0,0.0,4.929143561306223e-05,0.0,1.8484288354898337e-05,0.9999137399876772,1.8484288354898337e-05,0.002430555555555555,0.0,0.0,0.002430555555555555,Transit,Cargo
800003516,LOITER_STR_02,JP,transit,0.9999137399876772,cargo,0.9999999760194666,0.0,0.0,0.0,0.0,4.929143561306223e-05,0.0,1.8484288354898337e-05,0.9999137399876772,1.8484288354898337e-05,0.002430555555555555,0.0,0.0,0.002430555555555555,Transit,Cargo
800003517,LOITER_STR_03,JP,transit,0.9999137399876772,cargo,0.9999999727457035,0.0,0.0,0.0,0.0,4.929143561306223e-05,0.0,1.8484288354898337e-05,0.9999137399876772,1.8484288354898337e-05,0.002430555555555555,0.0,0.0,0.002430555555555555,Transit,Cargo
800003517,LOITER_STR_03,JP,transit,0.9999137399876772,cargo,0.9999999729404553,0.0,0.0,0.0,0.0,4.929143561306223e-05,0.0,1.8484288354898337e-05,0.9999137399876772,1.8484288354898337e-05,0.002430555555555555,0.0,0.0,0.002430555555555555,Transit,Cargo
800003517,LOITER_STR_03,JP,transit,0.9999137399876772,cargo,0.999999972764413,0.0,0.0,0.0,0.0,4.929143561306223e-05,0.0,1.8484288354898337e-05,0.9999137399876772,1.8484288354898337e-05,0.002430555555555555,0.0,0.0,0.002430555555555555,Transit,Cargo
800003517,LOITER_STR_03,JP,transit,0.9999137399876772,cargo,0.9999999729590191,0.0,0.0,0.0,0.0,4.929143561306223e-05,0.0,1.8484288354898337e-05,0.9999137399876772,1.8484288354898337e-05,0.002430555555555555,0.0,0.0,0.002430555555555555,Transit,Cargo
800003517,LOITER_STR_03,JP,transit,0.9999137399876772,cargo,0.999999972764413,0.0,0.0,0.0,0.0,4.929143561306223e-05,0.0,1.8484288354898337e-05,0.9999137399876772,1.8484288354898337e-05,0.002430555555555555,0.0,0.0,0.002430555555555555,Transit,Cargo
800003517,LOITER_STR_03,JP,transit,0.9999137399876772,cargo,0.999999972764413,0.0,0.0,0.0,0.0,4.929143561306223e-05,0.0,1.8484288354898337e-05,0.9999137399876772,1.8484288354898337e-05,0.002430555555555555,0.0,0.0,0.002430555555555555,Transit,Cargo
800003517,LOITER_STR_03,JP,transit,0.8583185018924392,cargo,0.999999987047097,0.01607142857142857,0.0,0.0,0.028761904761904766,0.0343826247689464,0.005,0.0047803890502596605,0.8583185018924392,0.05268515095502157,0.002430555555555555,0.0,0.0,0.002430555555555555,Transit,Cargo
800003517,LOITER_STR_03,JP,loiter,0.7932159581022799,cargo,0.9999999876996134,0.0011111111111111111,0.0,0.0,0.012888888888888889,0.7932159581022799,0.004166666666666667,0.007518484288354898,0.06761744369138084,0.11348144725131788,0.002430555555555555,0.0,0.0,0.002430555555555555,Loitering,Cargo
800003517,LOITER_STR_03,JP,loiter,0.7820039682539682,cargo,0.9999999626118335,0.007777777777777778,0.0,0.0,0.007,0.7820039682539682,0.0,0.0011111111111111111,0.0019444444444444442,0.20016269841269843,0.002430555555555555,0.0,0.0,0.002430555555555555,Loitering,Cargo
800003517,LOITER_STR_03,JP,loiter,0.9714444444444442,cargo,0.9999999850997598,0.0,0.0,0.0,0.0,0.9714444444444442,0.0,0.005555555555555555,0.0,0.023,0.002430555555555555,0.0,0.0,0.002430555555555555,Loitering,Cargo
800003517,LOITER_STR_03,JP,loiter,1.0,cargo,0.9999999851009826,0.0,0.0,0.0,0.0,1.0,0.0,0.0,0.0,0.0,0.002430555555555555,0.0,0.0,0.002430555555555555,Loitering,Cargo
800003517,LOITER_STR_03,JP,loiter,0.9930555555555555,cargo,0.9999999850997598,0.005,0.0,0.0,0.0,0.9930555555555555,0.0,0.0008333333333333334,0.0,0.0011111111111111111,0.002430555555555555,0.0,0.0,0.002430555555555555,Loitering,Cargo
800003517,LOITER_STR_03,JP,loiter,0.9975,cargo,0.9999999850997598,0.0,0.0,0.0,0.0008333333333333334,0.9975,0.0,0.0,0.0016666666666666668,0.0,0.002430555555555555,0.0,0.0,0.002430555555555555,Loitering,Cargo
800003517,LOITER_STR_03,JP,loiter,0.984642857142857,cargo,0.9999999763311004,0.0,0.0,0.0006666666666666668,0.0008333333333333334,0.984642857142857,0.0,0.0,0.0011111111111111111,0.012746031746031745,0.002430555555555555,0.0,0.0,0.002430555555555555,Loitering,Cargo
800003517,LOITER_STR_03,JP,loiter,0.9961111111111111,cargo,0.9999999850989512,0.0,0.0,0.0,0.0,0.9961111111111111,0.0,0.0022222222222222222,0.0,0.0016666666666666668,0.002430555555555555,0.0,0.0,0.002430555555555555,Loitering,Cargo
800003517,LOITER_STR_03,JP,loiter,0.9988888888888889,cargo,0.9999999850997598,0.0,0.0,0.0,0.0011111111111111111,0.9988888888888889,0.0,0.0,0.0,0.0,0.002430555555555555,0.0,0.0,0.002430555555555555,Loitering,Cargo
800003517,LOITER_STR_03,JP,loiter,0.9955555555555556,cargo,0.9999999850997598,0.0,0.0,0.0,0.0044444444444444444,0.9955555555555556,0.0,0.0,0.0,0.0,0.002430555555555555,0.0,0.0,0.002430555555555555,Loitering,Cargo
800003517,LOITER_STR_03,JP,loiter,0.9983333333333333,cargo,0.9999999850997598,0.0,0.0,0.0016666666666666668,0.0,0.9983333333333333,0.0,0.0,0.0,0.0,0.002430555555555555,0.0,0.0,0.002430555555555555,Loitering,Cargo
800003517,LOITER_STR_03,JP,loiter,0.9893253968253968,cargo,0.9999999739391112,0.0,0.0,0.0006666666666666668,0.0,0.9893253968253968,0.0,0.0004761904761904762,0.0,0.009531746031746032,0.002430555555555555,0.0,0.0,0.002430555555555555,Loitering,Cargo
800003517,LOITER_STR_03,JP,loiter,0.9648270692133908,cargo,0.999999985105481,0.0,0.0,0.0,0.0030555555555555553,0.9648270692133908,0.0,1.8484288354898337e-05,0.006580406654343808,0.025518484288354897,0.002430555555555555,0.0,0.0,0.002430555555555555,Loitering,Cargo
800003517,LOITER_STR_03,JP,loiter,0.9703333333333333,cargo,0.9999999763434148,0.0,0.0,0.0033333333333333335,0.011111111111111112,0.9703333333333333,0.0,0.0016666666666666668,0.0027777777777777775,0.010777777777777777,0.002430555555555555,0.0,0.0,0.002430555555555555,Loitering,Cargo
800003517,LOITER_STR_03,JP,loiter,0.9979999999999999,cargo,0.9999999850997598,0.002,0.0,0.0,0.0,0.9979999999999999,0.0,0.0,0.0,0.0,0.002430555555555555,0.0,0.0,0.002430555555555555,Loitering,Cargo
800003517,LOITER_STR_03,JP,loiter,0.9979999999999999,cargo,0.9999999850997598,0.002,0.0,0.0,0.0,0.9979999999999999,0.0,0.0,0.0,0.0,0.002430555555555555,0.0,0.0,0.002430555555555555,Loitering,Cargo
800003517,LOITER_STR_03,JP,loiter,0.9979999999999999,cargo,0.9999999850997598,0.002,0.0,0.0,0.0,0.9979999999999999,0.0,0.0,0.0,0.0,0.002430555555555555,0.0,0.0,0.002430555555555555,Loitering,Cargo
800003517,LOITER_STR_03,JP,loiter,0.9957777777777779,cargo,0.9999999850997598,0.002,0.0,0.0,0.0,0.9957777777777779,0.0,0.0022222222222222222,0.0,0.0,0.002430555555555555,0.0,0.0,0.002430555555555555,Loitering,Cargo
800003517,LOITER_STR_03,JP,loiter,0.9879999999999999,cargo,0.9999999850989512,0.0031111111111111114,0.0,0.0,0.0,0.9879999999999999,0.0,0.007222222222222222,0.0,0.0016666666666666668,0.002430555555555555,0.0,0.0,0.002430555555555555,Loitering,Cargo
800003517,LOITER_STR_03,JP,loiter,0.9954999999999999,cargo,0.9999999850989512,0.002,0.0,0.0,0.0008333333333333334,0.9954999999999999,0.0,0.0016666666666666668,0.0,0.0,0.002430555555555555,0.0,0.0,0.002430555555555555,Loitering,Cargo
800003517,LOITER_STR_03,JP,loiter,0.9882777777777778,cargo,0.9999999850989512,0.0031111111111111114,0.0,0.0,0.0008333333333333334,0.9882777777777778,0.0,0.0,0.0,0.007777777777777777,0.002430555555555555,0.0,0.0,0.002430555555555555,Loitering,Cargo
800003517,LOITER_STR_03,JP,anchored,0.7742777777777777,cargo,0.9999999801139015,0.7742777777777777,0.0044444444444444444,0.0,0.004,0.10383333333333335,0.0,0.051277777777777776,0.0061111111111111106,0.05605555555555555,0.002430555555555555,0.0,0.0,0.002430555555555555,Anchored/Moored,Cargo
800003517,LOITER_STR_03,JP,anchored,0.985314484537064,cargo,0.999999957361615,0.985314484537064,0.0034769509445122175,0.0,0.0,0.00030303030303030303,0.0,0.010602503912363066,0.00030303030303030303,0.0,0.002430555555555555,0.0,0.0,0.002430555555555555,Anchored/Moored,Cargo
800003517,LOITER_STR_03,JP,anchored,0.9939255956481753,cargo,0.999999957548215,0.9939255956481753,0.0009769509445122177,0.0,0.0,0.00030303030303030303,0.0,0.004491392801251956,0.00030303030303030303,0.0,0.002430555555555555,0.0,0.0,0.002430555555555555,Anchored/Moored,Cargo
800003517,LOITER_STR_03,JP,anchored,0.9950367067592863,cargo,0.999999957548215,0.9950367067592863,0.0009769509445122177,0.0,0.0,0.00030303030303030303,0.0,0.003380281690140845,0.00030303030303030303,0.0,0.002430555555555555,0.0,0.0,0.002430555555555555,Anchored/Moored,Cargo
800003517,LOITER_STR_03,JP,anchored,0.8977671957671959,cargo,0.9999999854180857,0.8977671957671959,0.009111111111111111,0.0,0.008,0.032907407407407406,0.0,0.031666666666666655,0.0,0.020547619047619047,0.002430555555555555,0.0,0.0,0.002430555555555555,Anchored/Moored,Cargo
800003517,LOITER_STR_03,JP,loiter,0.9662222222222224,cargo,0.9999999850997598,0.01966666666666667,0.0,0.0,0.0011111111111111111,0.9662222222222224,0.0,0.0030555555555555553,0.0,0.009944444444444443,0.002430555555555555,0.0,0.0,0.002430555555555555,Loitering,Cargo
800003517,LOITER_STR_03,JP,loiter,0.9991666666666666,cargo,0.9999999850997598,0.0,0.0,0.0,0.0008333333333333334,0.9991666666666666,0.0,0.0,0.0,0.0,0.002430555555555555,0.0,0.0,0.002430555555555555,Loitering,Cargo
800003517,LOITER_STR_03,JP,loiter,0.9961111111111113,cargo,0.9999999850989512,0.0,0.0,0.0016666666666666668,0.0,0.9961111111111113,0.0,0.0,0.0,0.0022222222222222222,0.002430555555555555,0.0,0.0,0.002430555555555555,Loitering,Cargo
800003517,LOITER_STR_03,JP,loiter,0.9716666666666667,cargo,0.9999999850989512,0.0075,0.0,0.0,0.0,0.9716666666666667,0.0,0.0,0.0011111111111111111,0.019722222222222224,0.002430555555555555,0.0,0.0,0.002430555555555555,Loitering,Cargo
800003517,LOITER_STR_03,JP,loiter,0.9412222222222221,cargo,0.9999999850997598,0.016666666666666666,0.0,0.0,0.009444444444444443,0.9412222222222221,0.0,0.0033333333333333335,0.0,0.029333333333333336,0.002430555555555555,0.0,0.0,0.002430555555555555,Loitering,Cargo
800003517,LOITER_STR_03,JP,loiter,0.9952777777777777,cargo,0.9999999799510415,0.0,0.0,0.0,0.0,0.9952777777777777,0.0,0.0022222222222222222,0.0016666666666666668,0.0008333333333333334,0.002430555555555555,0.0,0.0,0.002430555555555555,Loitering,Cargo
800003517,LOITER_STR_03,JP,loiter,0.9972222222222222,cargo,0.9999999799510415,0.0016666666666666668,0.0,0.0,0.0011111111111111111,0.9972222222222222,0.0,0.0,0.0,0.0,0.002430555555555555,0.0,0.0,0.002430555555555555,Loitering,Cargo
800003517,LOITER_STR_03,JP,loiter,0.9866666666666667,cargo,0.9999999850997598,0.0033333333333333335,0.0,0.0,0.004999999999999999,0.9866666666666667,0.0,0.0,0.0,0.005,0.002430555555555555,0.0,0.0,0.002430555555555555,Loitering,Cargo
800003517,LOITER_STR_03,JP,loiter,0.9858015873015874,cargo,0.9999999854189057,0.011420634920634921,0.0,0.0,0.0011111111111111111,0.9858015873015874,0.0,0.0016666666666666668,0.0,0.0,0.002430555555555555,0.0,0.0,0.002430555555555555,Loitering,Cargo
800003517,LOITER_STR_03,JP,loiter,0.992857142857143,cargo,0.9999999850997598,0.0038095238095238095,0.0,0.0,0.0011111111111111111,0.992857142857143,0.0,0.0,0.0,0.0022222222222222222,0.002430555555555555,0.0,0.0,0.002430555555555555,Loitering,Cargo
800003517,LOITER_STR_03,JP,loiter,0.9975,cargo,0.9999999850997598,0.0025,0.0,0.0,0.0,0.9975,0.0,0.0,0.0,0.0,0.002430555555555555,0.0,0.0,0.002430555555555555,Loitering,Cargo
800003517,LOITER_STR_03,JP,loiter,0.9698232323232321,cargo,0.9999999799581589,0.0043939393939393945,0.0001893939393939394,0.0,0.006717171717171717,0.9698232323232321,0.0,0.01284090909090909,0.002702020202020202,0.0033333333333333335,0.002430555555555555,0.0,0.0,0.002430555555555555,Loitering,Cargo
800003517,LOITER_STR_03,JP,loiter,0.8963796296296298,cargo,0.9999999799510015,0.060370370370370366,0.0020833333333333333,0.0,0.006277777777777778,0.8963796296296298,0.0,0.009666666666666667,0.0,0.025222222222222226,0.002430555555555555,0.0,0.0,0.002430555555555555,Loitering,Cargo
800003517,LOITER_STR_03,JP,loiter,0.9941666666666666,cargo,0.9999999799510415,0.0016666666666666668,0.0,0.0,0.0008333333333333334,0.9941666666666666,0.0,0.0,0.0,0.0033333333333333335,0.002430555555555555,0.0,0.0,0.002430555555555555,Loitering,Cargo
800003517,LOITER_STR_03,JP,loiter,0.8177518037518038,cargo,0.9999999730435166,0.0027272727272727275,0.0001893939393939394,0.0,0.010050505050505051,0.8177518037518038,0.004166666666666667,0.0033964646464646467,0.07436868686868688,0.08734920634920637,0.002430555555555555,0.0,0.0,0.002430555555555555,Loitering,Cargo
800003517,LOITER_STR_03,JP,transit,0.9902470733210106,cargo,0.9999999742996803,0.0017777777777777776,0.0,0.0,0.0022222222222222222,4.929143561306223e-05,0.0,0.005685150955021565,0.9902470733210106,1.8484288354898337e-05,0.002430555555555555,0.0,0.0,0.002430555555555555,Transit,Cargo
800003517,LOITER_STR_03,JP,transit,0.9982470733210105,cargo,0.9999999729404553,0.0016666666666666668,0.0,0.0,0.0,4.929143561306223e-05,0.0,1.8484288354898337e-05,0.9982470733210105,1.8484288354898337e-05,0.002430555555555555,0.0,0.0,0.002430555555555555,Transit,Cargo
800003517,LOITER_STR_03,JP,transit,0.9999137399876772,cargo,0.999999972764413,0.0,0.0,0.0,0.0,4.929143561306223e-05,0.0,1.8484288354898337e-05,0.9999137399876772,1.8484288354898337e-05,0.002430555555555555,0.0,0.0,0.002430555555555555,Transit,Cargo
800003517,LOITER_STR_03,JP,transit,0.9999137399876772,cargo,0.9999999727457035,0.0,0.0,0.0,0.0,4.929143561306223e-05,0.0,1.8484288354898337e-05,0.9999137399876772,1.8484288354898337e-05,0.002430555555555555,0.0,0.0,0.002430555555555555,Transit,Cargo
800003517,LOITER_STR_03,JP,transit,0.9999137399876772,cargo,0.9999999729590191,0.0,0.0,0.0,0.0,4.929143561306223e-05,0.0,1.8484288354898337e-05,0.9999137399876772,1.8484288354898337e-05,0.002430555555555555,0.0,0.0,0.002430555555555555,Transit,Cargo
800003517,LOITER_STR_03,JP,transit,0.9999137399876772,cargo,0.999999972764413,0.0,0.0,0.0,0.0,4.929143561306223e-05,0.0,1.8484288354898337e-05,0.9999137399876772,1.8484288354898337e-05,0.002430555555555555,0.0,0.0,0.002430555555555555,Transit,Cargo
900003514,STS_TANKER_0_1,PA,transit,0.9999137399876772,tanker,0.9999999845231933,0.0,0.0,0.0,0.0,4.929143561306223e-05,0.0,1.8484288354898337e-05,0.9999137399876772,1.8484288354898337e-05,0.002430555555555555,0.3,0.0,0.3,Transit,Tanker
900003514,STS_TANKER_0_1,PA,transit,0.9999137399876772,tanker,0.9999999844592458,0.0,0.0,0.0,0.0,4.929143561306223e-05,0.0,1.8484288354898337e-05,0.9999137399876772,1.8484288354898337e-05,0.002430555555555555,0.3,0.0,0.3,Transit,Tanker
900003514,STS_TANKER_0_1,PA,transit,0.9999137399876772,tanker,0.9999999845231933,0.0,0.0,0.0,0.0,4.929143561306223e-05,0.0,1.8484288354898337e-05,0.9999137399876772,1.8484288354898337e-05,0.002430555555555555,0.3,0.0,0.3,Transit,Tanker
900003514,STS_TANKER_0_1,PA,transit,0.9999137399876772,tanker,0.9999999845231933,0.0,0.0,0.0,0.0,4.929143561306223e-05,0.0,1.8484288354898337e-05,0.9999137399876772,1.8484288354898337e-05,0.002430555555555555,0.3,0.0,0.3,Transit,Tanker
900003514,STS_TANKER_0_1,PA,transit,0.9984995985735358,tanker,0.9999999845605343,0.0,0.0,0.0,0.0,0.0011604025467241734,0.0,0.0003215145913852014,0.9984995985735358,1.8484288354898337e-05,0.002430555555555555,0.3,0.0,0.3,Transit,Tanker
900003514,STS_TANKER_0_1,PA,transit,0.9984995985735358,tanker,0.9999999845605343,0.0,0.0,0.0,0.0,0.0011604025467241734,0.0,0.0003215145913852014,0.9984995985735358,1.8484288354898337e-05,0.002430555555555555,0.3,0.0,0.3,Transit,Tanker
900003514,STS_TANKER_0_1,PA,transit,0.9996107096846469,tanker,0.9999999845231933,0.0,0.0,0.0,0.0,4.929143561306223e-05,0.0,0.0003215145913852014,0.9996107096846469,1.8484288354898337e-05,0.002430555555555555,0.3,0.0,0.3,Transit,Tanker
900003514,STS_TANKER_0_1,PA,transit,0.9976107096846469,tanker,0.9999999845231933,0.0,0.0,0.0,0.0,4.929143561306223e-05,0.002,0.0003215145913852014,0.9976107096846469,1.8484288354898337e-05,0.002430555555555555,0.3,0.0,0.3,Transit,Tanker
900003514,STS_TANKER_0_1,PA,transit,0.992832931906869,tanker,0.9999999844089646,0.0006666666666666668,0.0,0.0,0.0,4.929143561306223e-05,0.0,0.006432625702496312,0.992832931906869,1.8484288354898337e-05,0.002430555555555555,0.3,0.0,0.3,Transit,Tanker
900003514,STS_TANKER_0_1,PA,sts,0.6896888787087493,tanker,0.9999999812132859,0.01974338624338624,0.004152356902356902,0.0011111111111111111,0.009217171717171718,0.008921345307666934,0.004166666666666667,0.6896888787087493,0.2593694879434252,0.0036295953994660095,0.002430555555555555,0.3,0.5,0.5,STS Transfer,Tanker
900003514,STS_TANKER_0_1,PA,sts,0.8103370268568976,tanker,0.9999999839659988,0.03459259259259259,0.04366822991822991,0.01111111111111111,0.007606060606060606,0.009476900863222488,0.0,0.8103370268568976,0.08252292709686425,0.000685150955021565,0.002430555555555555,0.3,0.5,0.5,STS Transfer,Tanker
900003514,STS_TANKER_0_1,PA,sts,0.8996994949494949,tanker,0.9999999834704332,0.025648148148148146,0.02754124579124579,0.0011111111111111111,0.002272727272727273,0.01876094276094276,0.0,0.8996994949494949,0.02196632996632996,0.003,0.002430555555555555,0.3,0.5,0.5,STS Transfer,Tanker
900003514,STS_TANKER_0_1,PA,sts,0.8555555555555556,tanker,0.9999999834704332,0.06464814814814815,0.025185185185185185,0.0011111111111111111,0.006666666666666667,0.04174074074074074,0.0,0.8555555555555556,0.0034259259259259256,0.0016666666666666668,0.002430555555555555,0.3,0.5,0.5,STS Transfer,Tanker
900003514,STS_TANKER_0_1,PA,sts,0.7992297979797981,tanker,0.9999999834704332,0.12566666666666665,0.05463383838383839,0.0,0.00493939393939394,0.010631313131313132,0.0,0.7992297979797981,0.004065656565656566,0.0008333333333333334,0.002430555555555555,0.3,0.5,0.5,STS Transfer,Tanker
900003514,STS_TANKER_0_1,PA,sts,0.8003964646464645,tanker,0.9999999834704332,0.10603703703703703,0.07037457912457912,0.0011111111111111111,0.002272727272727273,0.007205387205387204,0.0,0.8003964646464645,0.012602693602693602,0.0,0.002430555555555555,0.3,0.5,0.5,STS Transfer,Tanker
900003514,STS_TANKER_0_1,PA,sts,0.9473409090909091,tanker,0.9999999747953205,0.013148148148148147,0.020096801346801346,0.0011111111111111111,0.002272727272727273,0.004427609427609428,0.0,0.9473409090909091,0.011602693602693602,0.0,0.002430555555555555,0.3,0.5,0.5,STS Transfer,Tanker
900003514,STS_TANKER_0_1,PA,transit,0.8216473859713234,tanker,0.9999999812342232,0.023346560846560848,0.011874579124579123,0.0044444444444444444,0.00518939393939394,0.0085880119743336,0.0,0.12155780607767665,0.8216473859713234,0.0033518176216882313,0.002430555555555555,0.3,0.0,0.3,Transit,Tanker
900003514,STS_TANKER_0_1,PA,transit,0.9992470733210106,tanker,0.9999999844152154,0.0006666666666666668,0.0,0.0,0.0,4.929143561306223e-05,0.0,1.8484288354898337e-05,0.9992470733210106,1.8484288354898337e-05,0.002430555555555555,0.3,0.0,0.3,Transit,Tanker
900003514,STS_TANKER_0_1,PA,transit,0.9999137399876772,tanker,0.9999999845231933,0.0,0.0,0.0,0.0,4.929143561306223e-05,0.0,1.8484288354898337e-05,0.9999137399876772,1.8484288354898337e-05,0.002430555555555555,0.3,0.0,0.3,Transit,Tanker
900003514,STS_TANKER_0_1,PA,transit,0.9999137399876772,tanker,0.9999999845231933,0.0,0.0,0.0,0.0,4.929143561306223e-05,0.0,1.8484288354898337e-05,0.9999137399876772,1.8484288354898337e-05,0.002430555555555555,0.3,0.0,0.3,Transit,Tanker
900003514,STS_TANKER_0_1,PA,transit,0.9944692955432327,tanker,0.9999999845605343,0.0,0.0,0.0,0.0,4.929143561306223e-05,0.0,0.005462928732799343,0.9944692955432327,1.8484288354898337e-05,0.002430555555555555,0.3,0.0,0.3,Transit,Tanker
900003514,STS_TANKER_0_1,PA,transit,0.9999137399876772,tanker,0.9999999848753209,0.0,0.0,0.0,0.0,4.929143561306223e-05,0.0,1.8484288354898337e-05,0.9999137399876772,1.8484288354898337e-05,0.002430555555555555,0.3,0.0,0.3,Transit,Tanker
900003514,STS_TANKER_0_1,PA,transit,0.9999137399876772,tanker,0.9999999844465031,0.0,0.0,0.0,0.0,4.929143561306223e-05,0.0,1.8484288354898337e-05,0.9999137399876772,1.8484288354898337e-05,0.002430555555555555,0.3,0.0,0.3,Transit,Tanker
900003514,STS_TANKER_0_1,PA,transit,0.9764137399876771,tanker,0.9999999845231933,0.006666666666666667,0.0,0.0,0.0,0.0008826247689463956,0.0,0.016018484288354895,0.9764137399876771,1.8484288354898337e-05,0.002430555555555555,0.3,0.00495694558407412,0.3,Transit,Tanker
900003514,STS_TANKER_0_1,PA,transit,0.9972470733210105,tanker,0.9999999845231933,0.0,0.0,0.0,0.0,4.929143561306223e-05,0.0,0.002685150955021565,0.9972470733210105,1.8484288354898337e-05,0.002430555555555555,0.3,0.009695739424160452,0.3,Transit,Tanker
900003514,STS_TANKER_0_1,PA,transit,0.9999137399876772,tanker,0.9999999844592458,0.0,0.0,0.0,0.0,4.929143561306223e-05,0.0,1.8484288354898337e-05,0.9999137399876772,1.8484288354898337e-05,0.002430555555555555,0.3,0.014311681546690522,0.3,Transit,Tanker
900003514,STS_TANKER_0_1,PA,transit,0.9954692955432328,tanker,0.9999999845605503,0.0,0.0,0.0,0.0022222222222222222,4.929143561306223e-05,0.0022222222222222222,1.8484288354898337e-05,0.9954692955432328,1.8484288354898337e-05,0.002430555555555555,0.3,0.019096070716993027,0.3,Transit,Tanker
900003515,STS_TANKER_0_2,VU,transit,0.9988888888888889,tanker,0.9999999845231933,0.0,0.0,0.0,0.0,0.0,0.0,0.0011111111111111111,0.9988888888888889,0.0,0.002430555555555555,0.3,0.005390681644986671,0.3,Transit,Tanker
900003515,STS_TANKER_0_2,VU,transit,0.9999137399876772,tanker,0.9999999845231933,0.0,0.0,0.0,0.0,4.929143561306223e-05,0.0,1.8484288354898337e-05,0.9999137399876772,1.8484288354898337e-05,0.002430555555555555,0.3,0.01049709624115063,0.3,Transit,Tanker
900003515,STS_TANKER_0_2,VU,transit,1.0,tanker,0.9999999845605343,0.0,0.0,0.0,0.0,0.0,0.0,0.0,1.0,0.0,0.002430555555555555,0.3,0.0157873547151293,0.3,Transit,Tanker
900003515,STS_TANKER_0_2,VU,transit,1.0,tanker,0.9999999845605343,0.0,0.0,0.0,0.0,0.0,0.0,0.0,1.0,0.0,0.002430555555555555,0.3,0.021049338490268656,0.3,Transit,Tanker
900003515,STS_TANKER_0_2,VU,transit,0.9852222222222222,tanker,0.9999999845231933,0.0,0.0,0.0,0.0,0.0,0.0,0.014777777777777779,0.9852222222222222,0.0,0.002430555555555555,0.3,0.026042417140281462,0.3,Transit,Tanker
900003515,STS_TANKER_0_2,VU,transit,0.9983333333333333,tanker,0.9999999845231933,0.0,0.0,0.0,0.0,0.0,0.0,0.0016666666666666668,0.9983333333333333,0.0,0.002430555555555555,0.3,0.03074496965151336,0.3,Transit,Tanker
900003515,STS_TANKER_0_2,VU,transit,1.0,tanker,0.9999999845231933,0.0,0.0,0.0,0.0,0.0,0.0,0.0,1.0,0.0,0.002430555555555555,0.3,0.035552682031226614,0.3,Transit,Tanker
900003515,STS_TANKER_0_2,VU,transit,0.9999137399876772,tanker,0.9999999845231933,0.0,0.0,0.0,0.0,4.929143561306223e-05,0.0,1.8484288354898337e-05,0.9999137399876772,1.8484288354898337e-05,0.002430555555555555,0.3,0.04038116199335201,0.3,Transit,Tanker
900003515,STS_TANKER_0_2,VU,transit,0.9999137399876772,tanker,0.9999999844089646,0.0,0.0,0.0,0.0,4.929143561306223e-05,0.0,1.8484288354898337e-05,0.9999137399876772,1.8484288354898337e-05,0.002430555555555555,0.3,0.04464597903894786,0.3,Transit,Tanker
900003515,STS_TANKER_0_2,VU,sts,0.7203884939083647,tanker,0.999999981231965,0.0077380952380952375,0.004911616161616161,0.0,0.0036616161616161613,0.004291715678037305,0.0,0.7203884939083647,0.25315664523058234,0.005851817621688232,0.002430555555555555,0.3,0.5476393076310028,0.5476393076310028,STS Transfer,Tanker
900003515,STS_TANKER_0_2,VU,sts,0.8407893217893216,tanker,0.999999965443718,0.06957936507936509,0.03171717171717171,0.0033333333333333335,0.0031893939393939394,0.0017424242424242424,0.0,0.8407893217893216,0.0496489898989899,0.0,0.002430555555555555,0.3,0.5490593151557596,0.5490593151557596,STS Transfer,Tanker
900003515,STS_TANKER_0_2,VU,sts,0.8443561114159707,tanker,0.9999999715291626,0.09728012519561817,0.04780676483141272,0.0,0.0019393939393939393,0.0050757575757575755,0.0,0.8443561114159707,0.0028751803751803752,0.0006666666666666668,0.002430555555555555,0.3,0.5494885438219319,0.5494885438219319,STS Transfer,Tanker
900003515,STS_TANKER_0_2,VU,sts,0.7733084923683515,tanker,0.9999999714324145,0.15516901408450703,0.058834542609190486,0.0,0.0019393939393939393,0.002635281385281385,0.0,0.7733084923683515,0.005375180375180375,0.002738095238095238,0.002430555555555555,0.3,0.5496648438405249,0.5496648438405249,STS Transfer,Tanker
900003515,STS_TANKER_0_2,VU,sts,0.9646742424242424,tanker,0.9999999715290667,0.021222222222222222,0.006856060606060605,0.0,0.0006060606060606061,7.575757575757576e-05,0.0,0.9646742424242424,0.0065656565656565654,0.0,0.002430555555555555,0.3,0.5499261794649027,0.5499261794649027,STS Transfer,Tanker
900003515,STS_TANKER_0_2,VU,sts,0.958920274170274,tanker,0.9999999714324145,0.020666666666666667,0.007411616161616162,0.0,0.0006060606060606061,0.004242424242424242,0.0,0.958920274170274,0.008152958152958153,0.0,0.002430555555555555,0.3,0.5503211782099988,0.5503211782099988,STS Transfer,Tanker
900003515,STS_TANKER_0_2,VU,sts,0.9300313852813853,tanker,0.9999999715291626,0.03038888888888889,0.009356060606060607,0.0,0.002272727272727273,0.014242424242424242,0.0,0.9300313852813853,0.010375180375180376,0.0033333333333333335,0.002430555555555555,0.3,0.550721934589917,0.550721934589917,STS Transfer,Tanker
900003515,STS_TANKER_0_2,VU,transit,0.6243632756132756,tanker,0.999999976748989,0.04826984126984126,0.024078282828282827,0.0,0.02441161616161616,0.024742424242424243,0.0,0.2541345598845599,0.6243632756132756,0.0,0.002430555555555555,0.3,0.051601997930163325,0.3,Transit,Tanker
900003515,STS_TANKER_0_2,VU,transit,0.9819444444444444,tanker,0.9999999834909852,0.006277777777777778,0.0,0.0,0.0033333333333333335,0.0,0.0,0.008444444444444444,0.9819444444444444,0.0,0.002430555555555555,0.3,0.054403296810924706,0.3,Transit,Tanker
900003515,STS_TANKER_0_2,VU,transit,0.9988888888888889,tanker,0.9999999845231933,0.0,0.0,0.0,0.0,0.0,0.0,0.0011111111111111111,0.9988888888888889,0.0,0.002430555555555555,0.3,0.05906586455427995,0.3,Transit,Tanker
900003515,STS_TANKER_0_2,VU,transit,1.0,tanker,0.9999999845231933,0.0,0.0,0.0,0.0,0.0,0.0,0.0,1.0,0.0,0.002430555555555555,0.3,0.0642837452948073,0.3,Transit,Tanker
900003515,STS_TANKER_0_2,VU,transit,0.9999137399876772,tanker,0.9999999845231933,0.0,0.0,0.0,0.0,4.929143561306223e-05,0.0,1.8484288354898337e-05,0.9999137399876772,1.8484288354898337e-05,0.002430555555555555,0.3,0.06954062787890428,0.3,Transit,Tanker
900003515,STS_TANKER_0_2,VU,transit,0.9999137399876772,tanker,0.9999999845231933,0.0,0.0,0.0,0.0,4.929143561306223e-05,0.0,1.8484288354898337e-05,0.9999137399876772,1.8484288354898337e-05,0.002430555555555555,0.3,0.0747204602274697,0.3,Transit,Tanker
900003515,STS_TANKER_0_2,VU,transit,0.9999137399876772,tanker,0.9999999845231933,0.0,0.0,0.0,0.0,4.929143561306223e-05,0.0,1.8484288354898337e-05,0.9999137399876772,1.8484288354898337e-05,0.002430555555555555,0.3,0.0799654749735464,0.3,Transit,Tanker
900003515,STS_TANKER_0_2,VU,transit,0.9958333333333333,tanker,0.9999999845231933,0.0,0.0,0.0,0.0,0.0,0.0,0.004166666666666667,0.9958333333333333,0.0,0.002430555555555555,0.3,0.0852013875401351,0.3,Transit,Tanker
900003515,STS_TANKER_0_2,VU,transit,1.0,tanker,0.9999999845231933,0.0,0.0,0.0,0.0,0.0,0.0,0.0,1.0,0.0,0.002430555555555555,0.3,0.09043978074319046,0.3,Transit,Tanker
900003515,STS_TANKER_0_2,VU,transit,1.0,tanker,0.9999999845231933,0.0,0.0,0.0,0.0,0.0,0.0,0.0,1.0,0.0,0.002430555555555555,0.3,0.09574698957120933,0.3,Transit,Tanker
900003515,STS_TANKER_0_2,VU,transit,0.9999137399876772,tanker,0.9999999845231933,0.0,0.0,0.0,0.0,4.929143561306223e-05,0.0,1.8484288354898337e-05,0.9999137399876772,1.8484288354898337e-05,0.002430555555555555,0.3,0.10087669326619807,0.3,Transit,Tanker
900003524,STS_TANKER_1_1,PA,transit,0.9999137399876772,tanker,0.9999999724168266,0.0,0.0,0.0,0.0,4.929143561306223e-05,0.0,1.8484288354898337e-05,0.9999137399876772,1.8484288354898337e-05,0.002430555555555555,0.3,0.038470214451666325,0.3,Transit,Tanker
900003524,STS_TANKER_1_1,PA,transit,0.9999137399876772,tanker,0.9999999724497218,0.0,0.0,0.0,0.0,4.929143561306223e-05,0.0,1.8484288354898337e-05,0.9999137399876772,1.8484288354898337e-05,0.002430555555555555,0.3,0.0437548964211176,0.3,Transit,Tanker
900003524,STS_TANKER_1_1,PA,transit,0.9999137399876772,tanker,0.9999999724463563,0.0,0.0,0.0,0.0,4.929143561306223e-05,0.0,1.8484288354898337e-05,0.9999137399876772,1.8484288354898337e-05,0.002430555555555555,0.3,0.049264768807082734,0.3,Transit,Tanker
900003524,STS_TANKER_1_1,PA,transit,0.9999137399876772,tanker,0.9999999724497218,0.0,0.0,0.0,0.0,4.929143561306223e-05,0.0,1.8484288354898337e-05,0.9999137399876772,1.8484288354898337e-05,0.002430555555555555,0.3,0.054619377282309395,0.3,Transit,Tanker
900003524,STS_TANKER_1_1,PA,transit,0.9999137399876772,tanker,0.9999999724163936,0.0,0.0,0.0,0.0,4.929143561306223e-05,0.0,1.8484288354898337e-05,0.9999137399876772,1.8484288354898337e-05,0.002430555555555555,0.3,0.059598429849475526,0.3,Transit,Tanker
900003524,STS_TANKER_1_1,PA,transit,0.9999137399876772,tanker,0.9999999724168266,0.0,0.0,0.0,0.0,4.929143561306223e-05,0.0,1.8484288354898337e-05,0.9999137399876772,1.8484288354898337e-05,0.002430555555555555,0.3,0.06454649900074873,0.3,Transit,Tanker
900003524,STS_TANKER_1_1,PA,transit,0.9999137399876772,tanker,0.9999999724168266,0.0,0.0,0.0,0.0,4.929143561306223e-05,0.0,1.8484288354898337e-05,0.9999137399876772,1.8484288354898337e-05,0.002430555555555555,0.3,0.06971448030450664,0.3,Transit,Tanker
900003524,STS_TANKER_1_1,PA,transit,0.9999137399876772,tanker,0.9999999724168266,0.0,0.0,0.0,0.0,4.929143561306223e-05,0.0,1.8484288354898337e-05,0.9999137399876772,1.8484288354898337e-05,0.002430555555555555,0.3,0.07497085084057012,0.3,Transit,Tanker
900003524,STS_TANKER_1_1,PA,transit,0.9999137399876772,tanker,0.9999999719382618,0.0,0.0,0.0,0.0,4.929143561306223e-05,0.0,1.8484288354898337e-05,0.9999137399876772,1.8484288354898337e-05,0.002430555555555555,0.3,0.08012961564088557,0.3,Transit,Tanker
900003524,STS_TANKER_1_1,PA,sts,0.6508355838554543,tanker,0.9999999623027646,0.020833333333333332,0.007411616161616162,0.0,0.014217171717171719,0.001236160122481749,0.0,0.6508355838554543,0.3029476505215876,0.002518484288354898,0.002430555555555555,0.3,0.5843276489215692,0.5843276489215692,STS Transfer,Tanker
900003524,STS_TANKER_1_1,PA,sts,0.7917099567099566,tanker,0.9999999701781201,0.0546388888888889,0.04279256854256854,0.0,0.009994949494949494,0.01213131313131313,0.0,0.7917099567099566,0.08484343434343432,0.0038888888888888883,0.002430555555555555,0.3,0.5866133453214822,0.5866133453214822,STS Transfer,Tanker
900003524,STS_TANKER_1_1,PA,sts,0.941920634920635,tanker,0.9999999370264889,0.015500000000000002,0.007111111111111111,0.0,0.009388888888888888,0.01984126984126984,0.0,0.941920634920635,0.004333333333333333,0.0019047619047619048,0.002430555555555555,0.3,0.5875919108231108,0.5875919108231108,STS Transfer,Tanker
900003524,STS_TANKER_1_1,PA,sts,0.9394520202020203,tanker,0.9999998889914529,0.008333333333333333,0.0060227272727272725,0.0033333333333333335,0.009328282828282828,0.01840909090909091,0.0,0.9394520202020203,0.01512121212121212,0.0,0.002430555555555555,0.3,0.5882834700804429,0.5882834700804429,STS Transfer,Tanker
900003524,STS_TANKER_1_1,PA,sts,0.9533964646464648,tanker,0.9999997900833674,0.012333333333333333,0.015967171717171713,0.0033333333333333335,0.0006060606060606061,0.006742424242424242,0.0,0.9533964646464648,0.007621212121212121,0.0,0.002430555555555555,0.3,0.5889446118028223,0.5889446118028223,STS Transfer,Tanker
900003524,STS_TANKER_1_1,PA,sts,0.783665635225494,tanker,0.9999997900833674,0.14305790297339593,0.050973431498079404,0.0,0.0019393939393939393,0.008964646464646465,0.0,0.783665635225494,0.006287878787878788,0.0051111111111111105,0.002430555555555555,0.3,0.5893604003184381,0.5893604003184381,STS Transfer,Tanker
900003524,STS_TANKER_1_1,PA,sts,0.9211186868686868,tanker,0.9999999184086756,0.03894444444444445,0.005633838383838384,0.0,0.002272727272727273,0.016631313131313132,0.0,0.9211186868686868,0.013732323232323231,0.0016666666666666668,0.002430555555555555,0.3,0.5895671745303405,0.5895671745303405,STS Transfer,Tanker
900003524,STS_TANKER_1_1,PA,transit,0.8261063806803179,tanker,0.9999999632635064,0.00492063492063492,0.006744949494949495,0.0,0.004494949494949494,0.006569493455815082,0.0,0.14292288544275608,0.8261063806803179,0.008240706510577121,0.002430555555555555,0.3,0.09059699208454183,0.3,Transit,Tanker
900003524,STS_TANKER_1_1,PA,transit,0.9999137399876772,tanker,0.9999999719375642,0.0,0.0,0.0,0.0,4.929143561306223e-05,0.0,1.8484288354898337e-05,0.9999137399876772,1.8484288354898337e-05,0.002430555555555555,0.3,0.09356727849864112,0.3,Transit,Tanker
900003524,STS_TANKER_1_1,PA,transit,0.9999137399876772,tanker,0.9999999724168266,0.0,0.0,0.0,0.0,4.929143561306223e-05,0.0,1.8484288354898337e-05,0.9999137399876772,1.8484288354898337e-05,0.002430555555555555,0.3,0.09798133966581234,0.3,Transit,Tanker
900003524,STS_TANKER_1_1,PA,transit,0.9999137399876772,tanker,0.9999999724168266,0.0,0.0,0.0,0.0,4.929143561306223e-05,0.0,1.8484288354898337e-05,0.9999137399876772,1.8484288354898337e-05,0.002430555555555555,0.3,0.10266107170144685,0.3,Transit,Tanker
900003524,STS_TANKER_1_1,PA,transit,0.9999137399876772,tanker,0.9999999724168266,0.0,0.0,0.0,0.0,4.929143561306223e-05,0.0,1.8484288354898337e-05,0.9999137399876772,1.8484288354898337e-05,0.002430555555555555,0.3,0.1071073524610423,0.3,Transit,Tanker
900003524,STS_TANKER_1_1,PA,transit,0.9999137399876772,tanker,0.9999999724168266,0.0,0.0,0.0,0.0,4.929143561306223e-05,0.0,1.8484288354898337e-05,0.9999137399876772,1.8484288354898337e-05,0.002430555555555555,0.3,0.11138000344197854,0.3,Transit,Tanker
900003524,STS_TANKER_1_1,PA,transit,0.9999137399876772,tanker,0.9999999724168266,0.0,0.0,0.0,0.0,4.929143561306223e-05,0.0,1.8484288354898337e-05,0.9999137399876772,1.8484288354898337e-05,0.002430555555555555,0.3,0.11576762862487824,0.3,Transit,Tanker
900003524,STS_TANKER_1_1,PA,transit,0.9988026288765661,tanker,0.9999999724168266,0.0,0.0,0.0,0.0,4.929143561306223e-05,0.0,0.0011295953994660095,0.9988026288765661,1.8484288354898337e-05,0.002430555555555555,0.3,0.11991305728376778,0.3,Transit,Tanker
900003524,STS_TANKER_1_1,PA,transit,0.9988026288765661,tanker,0.9999999724163936,0.0,0.0,0.0,0.0,4.929143561306223e-05,0.0,0.0011295953994660095,0.9988026288765661,1.8484288354898337e-05,0.002430555555555555,0.3,0.12342441534081294,0.3,Transit,Tanker
900003524,STS_TANKER_1_1,PA,transit,0.9999137399876772,tanker,0.9999999724168266,0.0,0.0,0.0,0.0,4.929143561306223e-05,0.0,1.8484288354898337e-05,0.9999137399876772,1.8484288354898337e-05,0.002430555555555555,0.3,0.12721109038552034,0.3,Transit,Tanker
900003524,STS_TANKER_1_1,PA,transit,0.9999137399876772,tanker,0.9999999728526369,0.0,0.0,0.0,0.0,4.929143561306223e-05,0.0,1.8484288354898337e-05,0.9999137399876772,1.8484288354898337e-05,0.002430555555555555,0.3,0.1317578366323972,0.3,Transit,Tanker
900003525,STS_TANKER_1_2,VU,transit,0.9999137399876772,tanker,0.5538902527862023,0.0,0.0,0.0,0.0,4.929143561306223e-05,0.0,1.8484288354898337e-05,0.9999137399876772,1.8484288354898337e-05,0.002430555555555555,0.3,0.04326513215151255,0.3,Transit,Tanker
900003525,STS_TANKER_1_2,VU,transit,0.9999137399876772,tanker,0.5572656012088849,0.0,0.0,0.0,0.0,4.929143561306223e-05,0.0,1.8484288354898337e-05,0.9999137399876772,1.8484288354898337e-05,0.002430555555555555,0.3,0.04691636458940677,0.3,Transit,Tanker
900003525,STS_TANKER_1_2,VU,transit,0.9999137399876772,tanker,0.5572656012088849,0.0,0.0,0.0,0.0,4.929143561306223e-05,0.0,1.8484288354898337e-05,0.9999137399876772,1.8484288354898337e-05,0.002430555555555555,0.3,0.05071197391739442,0.3,Transit,Tanker
900003525,STS_TANKER_1_2,VU,transit,1.0,tanker,0.5572656012088849,0.0,0.0,0.0,0.0,0.0,0.0,0.0,1.0,0.0,0.002430555555555555,0.3,0.05429406666002119,0.3,Transit,Tanker
900003525,STS_TANKER_1_2,VU,transit,0.9988888888888887,tanker,0.5572656012088849,0.0,0.0,0.0,0.0,0.0,0.0,0.0011111111111111111,0.9988888888888887,0.0,0.002430555555555555,0.3,0.05736774074625767,0.3,Transit,Tanker
900003525,STS_TANKER_1_2,VU,transit,0.9999137399876772,tanker,0.5572656012088849,0.0,0.0,0.0,0.0,4.929143561306223e-05,0.0,1.8484288354898337e-05,0.9999137399876772,1.8484288354898337e-05,0.002430555555555555,0.3,0.05941357860318375,0.3,Transit,Tanker
900003525,STS_TANKER_1_2,VU,transit,0.9999137399876772,tanker,0.5572656012088849,0.0,0.0,0.0,0.0,4.929143561306223e-05,0.0,1.8484288354898337e-05,0.9999137399876772,1.8484288354898337e-05,0.002430555555555555,0.3,0.060915505180266095,0.3,Transit,Tanker
900003525,STS_TANKER_1_2,VU,transit,0.9999137399876772,tanker,0.5572656012088849,0.0,0.0,0.0,0.0,4.929143561306223e-05,0.0,1.8484288354898337e-05,0.9999137399876772,1.8484288354898337e-05,0.002430555555555555,0.3,0.06298769483612797,0.3,Transit,Tanker
900003525,STS_TANKER_1_2,VU,transit,0.9999137399876772,tanker,0.5572656011608502,0.0,0.0,0.0,0.0,4.929143561306223e-05,0.0,1.8484288354898337e-05,0.9999137399876772,1.8484288354898337e-05,0.002430555555555555,0.3,0.06544422857228514,0.3,Transit,Tanker
900003525,STS_TANKER_1_2,VU,sts,0.5746345598845599,tanker,0.564499615833128,0.023515873015873014,0.0001893939393939394,0.006666666666666667,0.008661616161616162,7.575757575757576e-05,0.0,0.5746345598845599,0.38208946608946603,0.004166666666666667,0.002430555555555555,0.3,0.567465962320942,0.567465962320942,STS Transfer,Tanker
900003525,STS_TANKER_1_2,VU,sts,0.885618686868687,tanker,0.5585096598292284,0.014444444444444447,0.009022727272727273,0.0033333333333333335,0.0052727272727272735,0.016297979797979797,0.0,0.885618686868687,0.059621212121212123,0.006388888888888888,0.002430555555555555,0.3,0.5685042254449443,0.5685042254449443,STS Transfer,Tanker
900003525,STS_TANKER_1_2,VU,sts,0.8167136150234743,tanker,0.6173278119592788,0.11155790297339592,0.025728482003129893,0.0,0.0,0.03166666666666667,0.0,0.8167136150234743,0.0016666666666666668,0.012666666666666666,0.002430555555555555,0.3,0.5688300159690027,0.5688300159690027,STS Transfer,Tanker
900003525,STS_TANKER_1_2,VU,sts,0.6597767463366053,tanker,0.6181803575630023,0.2630579029733959,0.06350120927585717,0.0,0.0019393939393939393,0.005492424242424242,0.0,0.6597767463366053,0.0026212121212121214,0.003611111111111111,0.002430555555555555,0.3,0.5689904627410246,0.5689904627410246,STS Transfer,Tanker
900003525,STS_TANKER_1_2,VU,sts,0.8601742424242425,tanker,0.6181803575630023,0.08155555555555555,0.027300505050505054,0.0,0.003272727272727273,0.00452020202020202,0.0,0.8601742424242425,0.023176767676767678,0.0,0.002430555555555555,0.3,0.5691694190535441,0.5691694190535441,STS Transfer,Tanker
900003525,STS_TANKER_1_2,VU,sts,0.8811666666666668,tanker,0.6156200538305916,0.056777777777777774,0.010277777777777776,0.0,0.006500000000000001,0.03777777777777777,0.0,0.8811666666666668,0.004166666666666667,0.0033333333333333335,0.002430555555555555,0.3,0.5694890010096615,0.5694890010096615,STS Transfer,Tanker
900003525,STS_TANKER_1_2,VU,sts,0.9435075757575756,tanker,0.601326695199456,0.01722222222222222,0.010411616161616162,0.0,0.0055505050505050505,0.003409090909090909,0.0,0.9435075757575756,0.015732323232323233,0.004166666666666667,0.002430555555555555,0.3,0.569927498776116,0.569927498776116,STS Transfer,Tanker
900003525,STS_TANKER_1_2,VU,transit,0.7435577200577201,tanker,0.5644996158251284,0.020714285714285716,0.005411616161616161,0.0,0.020217171717171717,0.01852020202020202,0.0,0.19157900432900432,0.7435577200577201,0.0,0.002430555555555555,0.3,0.07102298379587134,0.3,Transit,Tanker
900003525,STS_TANKER_1_2,VU,transit,0.9961111111111111,tanker,0.5572656011634801,0.0027777777777777775,0.0,0.0,0.0,0.0,0.0,0.0011111111111111111,0.9961111111111111,0.0,0.002430555555555555,0.3,0.07366491935639817,0.3,Transit,Tanker
900003525,STS_TANKER_1_2,VU,transit,0.9844444444444446,tanker,0.5572656012088849,0.0,0.0,0.0,0.0,0.0,0.0,0.015555555555555557,0.9844444444444446,0.0,0.002430555555555555,0.3,0.07741310639576342,0.3,Transit,Tanker
900003525,STS_TANKER_1_2,VU,transit,0.9833333333333333,tanker,0.5572656012088849,0.0,0.0,0.0,0.0,0.0,0.0,0.016666666666666666,0.9833333333333333,0.0,0.002430555555555555,0.3,0.081350469441966,0.3,Transit,Tanker
900003525,STS_TANKER_1_2,VU,transit,0.9858333333333333,tanker,0.5572656012088849,0.0,0.0,0.0,0.0,0.0,0.0,0.014166666666666666,0.9858333333333333,0.0,0.002430555555555555,0.3,0.08522413190805429,0.3,Transit,Tanker
900003525,STS_TANKER_1_2,VU,transit,0.9999137399876772,tanker,0.5574421665531136,0.0,0.0,0.0,0.0,4.929143561306223e-05,0.0,1.8484288354898337e-05,0.9999137399876772,1.8484288354898337e-05,0.002430555555555555,0.3,0.08958526936084005,0.3,Transit,Tanker
900003525,STS_TANKER_1_2,VU,transit,0.9999137399876772,tanker,0.5572656012088849,0.0,0.0,0.0,0.0,4.929143561306223e-05,0.0,1.8484288354898337e-05,0.9999137399876772,1.8484288354898337e-05,0.002430555555555555,0.3,0.09457410507795211,0.3,Transit,Tanker
900003525,STS_TANKER_1_2,VU,transit,0.9999137399876772,tanker,0.5572656012088849,0.0,0.0,0.0,0.0,4.929143561306223e-05,0.0,1.8484288354898337e-05,0.9999137399876772,1.8484288354898337e-05,0.002430555555555555,0.3,0.0996397786208205,0.3,Transit,Tanker
900003525,STS_TANKER_1_2,VU,transit,0.9999137399876772,tanker,0.5572656012088849,0.0,0.0,0.0,0.0,4.929143561306223e-05,0.0,1.8484288354898337e-05,0.9999137399876772,1.8484288354898337e-05,0.002430555555555555,0.3,0.10490339973053109,0.3,Transit,Tanker
900003525,STS_TANKER_1_2,VU,transit,0.9999137399876772,tanker,0.5573712848577299,0.0,0.0,0.0,0.0,4.929143561306223e-05,0.0,1.8484288354898337e-05,0.9999137399876772,1.8484288354898337e-05,0.002430555555555555,0.3,0.1104080721736257,0.3,Transit,Tanker
900003525,STS_TANKER_1_2,VU,transit,0.9999137399876772,tanker,0.5573723165040676,0.0,0.0,0.0,0.0,4.929143561306223e-05,0.0,1.8484288354898337e-05,0.9999137399876772,1.8484288354898337e-05,0.002430555555555555,0.3,0.11589938124381127,0.3,Transit,Tanker
900003534,STS_TANKER_2_1,PA,transit,0.9999137399876772,tanker,0.9999999845231933,0.0,0.0,0.0,0.0,4.929143561306223e-05,0.0,1.8484288354898337e-05,0.9999137399876772,1.8484288354898337e-05,0.002430555555555555,0.3,0.0,0.3,Transit,Tanker
900003534,STS_TANKER_2_1,PA,transit,0.9999137399876772,tanker,0.9999999845231933,0.0,0.0,0.0,0.0,4.929143561306223e-05,0.0,1.8484288354898337e-05,0.9999137399876772,1.8484288354898337e-05,0.002430555555555555,0.3,0.0,0.3,Transit,Tanker
900003534,STS_TANKER_2_1,PA,transit,0.9999137399876772,tanker,0.9999999845231933,0.0,0.0,0.0,0.0,4.929143561306223e-05,0.0,1.8484288354898337e-05,0.9999137399876772,1.8484288354898337e-05,0.002430555555555555,0.3,0.0,0.3,Transit,Tanker
900003534,STS_TANKER_2_1,PA,transit,0.9999137399876772,tanker,0.9999999845231933,0.0,0.0,0.0,0.0,4.929143561306223e-05,0.0,1.8484288354898337e-05,0.9999137399876772,1.8484288354898337e-05,0.002430555555555555,0.3,0.0,0.3,Transit,Tanker
900003534,STS_TANKER_2_1,PA,transit,0.9999137399876772,tanker,0.9999999845231933,0.0,0.0,0.0,0.0,4.929143561306223e-05,0.0,1.8484288354898337e-05,0.9999137399876772,1.8484288354898337e-05,0.002430555555555555,0.3,0.0,0.3,Transit,Tanker
900003534,STS_TANKER_2_1,PA,transit,0.9999137399876772,tanker,0.9999999845231933,0.0,0.0,0.0,0.0,4.929143561306223e-05,0.0,1.8484288354898337e-05,0.9999137399876772,1.8484288354898337e-05,0.002430555555555555,0.3,0.0,0.3,Transit,Tanker
900003534,STS_TANKER_2_1,PA,transit,0.9999137399876772,tanker,0.9999999844831406,0.0,0.0,0.0,0.0,4.929143561306223e-05,0.0,1.8484288354898337e-05,0.9999137399876772,1.8484288354898337e-05,0.002430555555555555,0.3,0.003362175039588955,0.3,Transit,Tanker
900003534,STS_TANKER_2_1,PA,transit,0.9999137399876772,tanker,0.9999999844831406,0.0,0.0,0.0,0.0,4.929143561306223e-05,0.0,1.8484288354898337e-05,0.9999137399876772,1.8484288354898337e-05,0.002430555555555555,0.3,0.00842083142226265,0.3,Transit,Tanker
900003534,STS_TANKER_2_1,PA,transit,0.9938026288765661,tanker,0.9999999844089646,0.0,0.0,0.0,0.0,4.929143561306223e-05,0.0,0.00612959539946601,0.9938026288765661,1.8484288354898337e-05,0.002430555555555555,0.3,0.01324968620758088,0.3,Transit,Tanker
900003534,STS_TANKER_2_1,PA,sts,0.7561318801517509,tanker,0.999999981231965,0.015833333333333335,0.002856060606060606,0.0,0.006994949494949496,0.003680604566926193,0.0,0.7561318801517509,0.21170690978084694,0.0027962620661326756,0.002430555555555555,0.3,0.5169630306728294,0.5169630306728294,STS Transfer,Tanker
900003534,STS_TANKER_2_1,PA,sts,0.903311774331645,tanker,0.9999999700695168,0.015666666666666666,0.024705266955266956,0.0,0.0006060606060606061,0.003458382344703971,0.0,0.903311774331645,0.049900031473968626,0.0023518176216882312,0.002430555555555555,0.3,0.5188735231090208,0.5188735231090208,STS Transfer,Tanker
900003534,STS_TANKER_2_1,PA,sts,0.971729797979798,tanker,0.9999999715291626,0.00788888888888889,0.007300505050505051,0.0,0.0006060606060606061,7.575757575757576e-05,0.0,0.971729797979798,0.010732323232323232,0.0016666666666666668,0.002430555555555555,0.3,0.519712033336267,0.519712033336267,STS Transfer,Tanker
900003534,STS_TANKER_2_1,PA,sts,0.9856186868686867,tanker,0.9999999715291626,0.0006666666666666668,0.010078282828282829,0.0016666666666666668,0.0006060606060606061,7.575757575757576e-05,0.0,0.9856186868686867,0.001287878787878788,0.0,0.002430555555555555,0.3,0.5202642027743454,0.5202642027743454,STS Transfer,Tanker
900003534,STS_TANKER_2_1,PA,sts,0.9131742424242424,tanker,0.9999999724232677,0.06688888888888889,0.015467171717171716,0.0,0.0006060606060606061,7.575757575757576e-05,0.0,0.9131742424242424,0.001287878787878788,0.0025,0.002430555555555555,0.3,0.520609130812644,0.520609130812644,STS Transfer,Tanker
900003534,STS_TANKER_2_1,PA,sts,0.9735631313131313,tanker,0.9999999715290667,0.012333333333333333,0.010467171717171715,0.0,0.0006060606060606061,7.575757575757576e-05,0.0,0.9735631313131313,0.001287878787878788,0.0016666666666666668,0.002430555555555555,0.3,0.520923697886384,0.520923697886384,STS Transfer,Tanker
900003534,STS_TANKER_2_1,PA,sts,0.983840909090909,tanker,0.9999999699696853,0.002333333333333333,0.010744949494949495,0.0,0.0017171717171717172,7.575757575757576e-05,0.0,0.983840909090909,0.001287878787878788,0.0,0.002430555555555555,0.3,0.5213899736901146,0.5213899736901146,STS Transfer,Tanker
900003534,STS_TANKER_2_1,PA,transit,0.7659793965533338,tanker,0.999999982207915,0.012777777777777777,0.016911616161616162,0.0,0.029328282828282825,0.013847271233592862,0.0,0.15763717115704176,0.7659793965533338,0.0035184842883548987,0.002430555555555555,0.3,0.022458598205186094,0.3,Transit,Tanker
900003534,STS_TANKER_2_1,PA,transit,0.9988026288765661,tanker,0.9999999844152154,0.0011111111111111111,0.0,0.0,0.0,4.929143561306223e-05,0.0,1.8484288354898337e-05,0.9988026288765661,1.8484288354898337e-05,0.002430555555555555,0.3,0.02531536494384834,0.3,Transit,Tanker
900003534,STS_TANKER_2_1,PA,transit,0.9999137399876772,tanker,0.9999999845231933,0.0,0.0,0.0,0.0,4.929143561306223e-05,0.0,1.8484288354898337e-05,0.9999137399876772,1.8484288354898337e-05,0.002430555555555555,0.3,0.029956710656144227,0.3,Transit,Tanker
900003534,STS_TANKER_2_1,PA,transit,0.9999137399876772,tanker,0.9999999845231933,0.0,0.0,0.0,0.0,4.929143561306223e-05,0.0,1.8484288354898337e-05,0.9999137399876772,1.8484288354898337e-05,0.002430555555555555,0.3,0.03508518418508739,0.3,Transit,Tanker
900003534,STS_TANKER_2_1,PA,transit,0.9999137399876772,tanker,0.9999999845231933,0.0,0.0,0.0,0.0,4.929143561306223e-05,0.0,1.8484288354898337e-05,0.9999137399876772,1.8484288354898337e-05,0.002430555555555555,0.3,0.04024679995817012,0.3,Transit,Tanker
900003534,STS_TANKER_2_1,PA,transit,0.9954692955432328,tanker,0.9999999845231933,0.0,0.0,0.0,0.0022222222222222222,4.929143561306223e-05,0.0022222222222222222,1.8484288354898337e-05,0.9954692955432328,1.8484288354898337e-05,0.002430555555555555,0.3,0.045161989447002074,0.3,Transit,Tanker
900003534,STS_TANKER_2_1,PA,transit,0.9999137399876772,tanker,0.9999999845231933,0.0,0.0,0.0,0.0,4.929143561306223e-05,0.0,1.8484288354898337e-05,0.9999137399876772,1.8484288354898337e-05,0.002430555555555555,0.3,0.04934633786889383,0.3,Transit,Tanker
900003534,STS_TANKER_2_1,PA,transit,0.9999137399876772,tanker,0.9999999845231933,0.0,0.0,0.0,0.0,4.929143561306223e-05,0.0,1.8484288354898337e-05,0.9999137399876772,1.8484288354898337e-05,0.002430555555555555,0.3,0.052778661231211305,0.3,Transit,Tanker
900003534,STS_TANKER_2_1,PA,transit,0.9999137399876772,tanker,0.9999999845231933,0.0,0.0,0.0,0.0,4.929143561306223e-05,0.0,1.8484288354898337e-05,0.9999137399876772,1.8484288354898337e-05,0.002430555555555555,0.3,0.05592475247581529,0.3,Transit,Tanker
900003534,STS_TANKER_2_1,PA,transit,0.9999137399876772,tanker,0.9999999845231933,0.0,0.0,0.0,0.0,4.929143561306223e-05,0.0,1.8484288354898337e-05,0.9999137399876772,1.8484288354898337e-05,0.002430555555555555,0.3,0.056255493636146105,0.3,Transit,Tanker
900003534,STS_TANKER_2_1,PA,transit,0.9999137399876772,tanker,0.999999984875019,0.0,0.0,0.0,0.0,4.929143561306223e-05,0.0,1.8484288354898337e-05,0.9999137399876772,1.8484288354898337e-05,0.002430555555555555,0.3,0.055612187424079286,0.3,Transit,Tanker
900003535,STS_TANKER_2_2,VU,transit,0.997691517765455,tanker,0.9999999845606138,0.0,0.0,0.0,0.0,4.929143561306223e-05,0.0,0.0022407065105771204,0.997691517765455,1.8484288354898337e-05,0.002430555555555555,0.3,0.0,0.3,Transit,Tanker
900003535,STS_TANKER_2_2,VU,transit,0.9999137399876772,tanker,0.9999999845231933,0.0,0.0,0.0,0.0,4.929143561306223e-05,0.0,1.8484288354898337e-05,0.9999137399876772,1.8484288354898337e-05,0.002430555555555555,0.3,0.00026786976296509123,0.3,Transit,Tanker
900003535,STS_TANKER_2_2,VU,transit,0.9999137399876772,tanker,0.9999999845231933,0.0,0.0,0.0,0.0,4.929143561306223e-05,0.0,1.8484288354898337e-05,0.9999137399876772,1.8484288354898337e-05,0.002430555555555555,0.3,0.005147463574552511,0.3,Transit,Tanker
900003535,STS_TANKER_2_2,VU,transit,0.9999137399876772,tanker,0.9999999845231933,0.0,0.0,0.0,0.0,4.929143561306223e-05,0.0,1.8484288354898337e-05,0.9999137399876772,1.8484288354898337e-05,0.002430555555555555,0.3,0.010157434805523252,0.3,Transit,Tanker
900003535,STS_TANKER_2_2,VU,transit,0.9985804066543438,tanker,0.9999999845231933,0.0,0.0,0.0,0.0,4.929143561306223e-05,0.0,0.0013518176216882319,0.9985804066543438,1.8484288354898337e-05,0.002430555555555555,0.3,0.015291411334109115,0.3,Transit,Tanker
900003535,STS_TANKER_2_2,VU,transit,0.9963581844321217,tanker,0.9999999845231933,0.0,0.0,0.0,0.0,4.929143561306223e-05,0.0,0.003574039843910454,0.9963581844321217,1.8484288354898337e-05,0.002430555555555555,0.3,0.020377561038838636,0.3,Transit,Tanker
900003535,STS_TANKER_2_2,VU,transit,0.9999137399876772,tanker,0.9999999845231933,0.0,0.0,0.0,0.0,4.929143561306223e-05,0.0,1.8484288354898337e-05,0.9999137399876772,1.8484288354898337e-05,0.002430555555555555,0.3,0.025473090436573725,0.3,Transit,Tanker
900003535,STS_TANKER_2_2,VU,transit,0.9985804066543438,tanker,0.9999999845231933,0.0,0.0,0.0,0.0,4.929143561306223e-05,0.0,0.0013518176216882319,0.9985804066543438,1.8484288354898337e-05,0.002430555555555555,0.3,0.03061248737908231,0.3,Transit,Tanker
900003535,STS_TANKER_2_2,VU,transit,0.997691517765455,tanker,0.9999999844462013,0.0,0.0,0.0,0.0,4.929143561306223e-05,0.0,0.0022407065105771204,0.997691517765455,1.8484288354898337e-05,0.002430555555555555,0.3,0.03586957958355437,0.3,Transit,Tanker
900003535,STS_TANKER_2_2,VU,sts,0.7208329383528089,tanker,0.999999982290858,0.013238095238095236,0.0010227272727272728,0.0033333333333333335,0.010606060606060607,0.00012504901137063798,0.0,0.7208329383528089,0.23998997856391577,0.010851817621688232,0.002430555555555555,0.3,0.540271014266818,0.540271014266818,STS Transfer,Tanker
900003535,STS_TANKER_2_2,VU,sts,0.8483673298872005,tanker,0.99999997386344,0.017222222222222222,0.020705266955266956,0.0033333333333333335,0.010272727272727274,0.012736160122481749,0.0,0.8483673298872005,0.08095558702952418,0.006407373177243787,0.002430555555555555,0.3,0.5425258110094064,0.5425258110094064,STS Transfer,Tanker
900003535,STS_TANKER_2_2,VU,sts,0.9623686868686868,tanker,0.9999999715291626,0.017194444444444443,0.011578282828282828,0.0,0.0006060606060606061,7.575757575757576e-05,0.0,0.9623686868686868,0.008176767676767676,0.0,0.002430555555555555,0.3,0.543378915924005,0.543378915924005,STS Transfer,Tanker
900003535,STS_TANKER_2_2,VU,sts,0.9747853535353533,tanker,0.9999999715290667,0.007888888888888888,0.013133838383838381,0.0,0.0006060606060606061,7.575757575757576e-05,0.0,0.9747853535353533,0.00351010101010101,0.0,0.002430555555555555,0.3,0.5439014687130242,0.5439014687130242,STS Transfer,Tanker
900003535,STS_TANKER_2_2,VU,sts,0.9645631313131311,tanker,0.9999999714324145,0.025222222222222222,0.0001893939393939394,0.0,0.0006060606060606061,0.005353535353535353,0.0,0.9645631313131311,0.004065656565656566,0.0,0.002430555555555555,0.3,0.544334724279229,0.544334724279229,STS Transfer,Tanker
900003535,STS_TANKER_2_2,VU,sts,0.9855075757575756,tanker,0.9999999715290667,0.0006666666666666668,0.004633838383838384,0.0,0.0006060606060606061,0.003964646464646465,0.0,0.9855075757575756,0.004621212121212121,0.0,0.002430555555555555,0.3,0.5448039138256715,0.5448039138256715,STS Transfer,Tanker
900003535,STS_TANKER_2_2,VU,sts,0.9821186868686869,tanker,0.9999999772045064,0.0006666666666666668,0.00418939393939394,0.0,0.0019393939393939393,0.002575757575757576,0.0,0.9821186868686869,0.006287878787878788,0.0022222222222222222,0.002430555555555555,0.3,0.5454164361501261,0.5454164361501261,STS Transfer,Tanker
900003535,STS_TANKER_2_2,VU,transit,0.7850389203628577,tanker,0.9999999812128048,0.006587301587301587,0.010356060606060605,0.0,0.006967171717171718,0.013402826789148416,0.0,0.17429590131577194,0.7850389203628577,0.0033518176216882313,0.002430555555555555,0.3,0.046779014595246554,0.3,Transit,Tanker
900003535,STS_TANKER_2_2,VU,transit,0.995802628876566,tanker,0.9999999844152154,0.0,0.0,0.0,0.0,4.929143561306223e-05,0.0,0.0041295953994660095,0.995802628876566,1.8484288354898337e-05,0.002430555555555555,0.3,0.05013806282466554,0.3,Transit,Tanker
900003535,STS_TANKER_2_2,VU,transit,0.9999137399876772,tanker,0.9999999845231933,0.0,0.0,0.0,0.0,4.929143561306223e-05,0.0,1.8484288354898337e-05,0.9999137399876772,1.8484288354898337e-05,0.002430555555555555,0.3,0.05505139359511499,0.3,Transit,Tanker
900003535,STS_TANKER_2_2,VU,transit,0.9999137399876772,tanker,0.9999999845231933,0.0,0.0,0.0,0.0,4.929143561306223e-05,0.0,1.8484288354898337e-05,0.9999137399876772,1.8484288354898337e-05,0.002430555555555555,0.3,0.060177488369970014,0.3,Transit,Tanker
900003535,STS_TANKER_2_2,VU,transit,0.9999137399876772,tanker,0.999999984874939,0.0,0.0,0.0,0.0,4.929143561306223e-05,0.0,1.8484288354898337e-05,0.9999137399876772,1.8484288354898337e-05,0.002430555555555555,0.3,0.06548167636136283,0.3,Transit,Tanker
900003535,STS_TANKER_2_2,VU,transit,0.9999137399876772,tanker,0.9999999848749863,0.0,0.0,0.0,0.0,4.929143561306223e-05,0.0,1.8484288354898337e-05,0.9999137399876772,1.8484288354898337e-05,0.002430555555555555,0.3,0.07105729265266629,0.3,Transit,Tanker
900003535,STS_TANKER_2_2,VU,transit,0.9999137399876772,tanker,0.9999999848749863,0.0,0.0,0.0,0.0,4.929143561306223e-05,0.0,1.8484288354898337e-05,0.9999137399876772,1.8484288354898337e-05,0.002430555555555555,0.3,0.07668232490388963,0.3,Transit,Tanker
900003535,STS_TANKER_2_2,VU,transit,0.9999137399876772,tanker,0.9999999845231933,0.0,0.0,0.0,0.0,4.929143561306223e-05,0.0,1.8484288354898337e-05,0.9999137399876772,1.8484288354898337e-05,0.002430555555555555,0.3,0.08212415593224281,0.3,Transit,Tanker
900003535,STS_TANKER_2_2,VU,transit,0.9999137399876772,tanker,0.9999999845231933,0.0,0.0,0.0,0.0,4.929143561306223e-05,0.0,1.8484288354898337e-05,0.9999137399876772,1.8484288354898337e-05,0.002430555555555555,0.3,0.08726230751348418,0.3,Transit,Tanker
900003535,STS_TANKER_2_2,VU,transit,0.9999137399876772,tanker,0.9999999845231933,0.0,0.0,0.0,0.0,4.929143561306223e-05,0.0,1.8484288354898337e-05,0.9999137399876772,1.8484288354898337e-05,0.002430555555555555,0.3,0.09229135556041897,0.3,Transit,Tanker
900003535,STS_TANKER_2_2,VU,transit,0.9999137399876772,tanker,0.9999999845231933,0.0,0.0,0.0,0.0,4.929143561306223e-05,0.0,1.8484288354898337e-05,0.9999137399876772,1.8484288354898337e-05,0.002430555555555555,0.3,0.09745730979571121,0.3,Transit,Tanker
