mmsi,name,flag,pred_activity,activity_confidence,pred_vessel_type,vessel_confidence,prob_anchored,prob_bunkering,prob_dredging,prob_fishing,prob_loiter,prob_patrol_sweep,prob_sts,prob_transit,prob_transshipment,dark_vessel_risk,iuu_fishing_risk,sts_evasion_risk,overall_anomaly_score,pred_activity_label,pred_vessel_label
500027824,MV_BRA_CARGO_000,KR,transit,1.0,cargo,0.9999999892878001,0.0,0.0,0.0,0.0,0.0,0.0,0.0,1.0,0.0,0.002430555555555555,0.0,0.0,0.002430555555555555,Transit,Cargo
500027824,MV_BRA_CARGO_000,KR,transit,1.0,cargo,0.9999999892883767,0.0,0.0,0.0,0.0,0.0,0.0,0.0,1.0,0.0,0.002430555555555555,0.0,0.0,0.002430555555555555,Transit,Cargo
500027824,MV_BRA_CARGO_000,KR,transit,1.0,cargo,0.9999999892878105,0.0,0.0,0.0,0.0,0.0,0.0,0.0,1.0,0.0,0.002430555555555555,0.0,0.0,0.002430555555555555,Transit,Cargo
500027824,MV_BRA_CARGO_000,KR,transit,1.0,cargo,0.9999999892878001,0.0,0.0,0.0,0.0,0.0,0.0,0.0,1.0,0.0,0.002430555555555555,0.0,0.0,0.002430555555555555,Transit,Cargo
500027824,MV_BRA_CARGO_000,KR,transit,1.0,cargo,0.9999999892878105,0.0,0.0,0.0,0.0,0.0,0.0,0.0,1.0,0.0,0.002430555555555555,0.0,0.0,0.002430555555555555,Transit,Cargo
500027824,MV_BRA_CARGO_000,KR,transit,1.0,cargo,0.9999999892878105,0.0,0.0,0.0,0.0,0.0,0.0,0.0,1.0,0.0,0.002430555555555555,0.0,0.0,0.002430555555555555,Transit,Cargo
500027824,MV_BRA_CARGO_000,KR,transit,1.0,cargo,0.9999999892878001,0.0,0.0,0.0,0.0,0.0,0.0,0.0,1.0,0.0,0.002430555555555555,0.0,0.0,0.002430555555555555,Transit,Cargo
500027824,MV_BRA_CARGO_000,KR,transit,1.0,cargo,0.9999999892883767,0.0,0.0,0.0,0.0,0.0,0.0,0.0,1.0,0.0,0.002430555555555555,0.0,0.0,0.002430555555555555,Transit,Cargo
500027824,MV_BRA_CARGO_000,KR,transit,1.0,cargo,0.9999999892877566,0.0,0.0,0.0,0.0,0.0,0.0,0.0,1.0,0.0,0.002430555555555555,0.0,0.0,0.002430555555555555,Transit,Cargo
500027824,MV_BRA_CARGO_000,KR,transit,1.0,cargo,0.9999999892878001,0.0,0.0,0.0,0.0,0.0,0.0,0.0,1.0,0.0,0.002430555555555555,0.0,0.0,0.002430555555555555,Transit,Cargo
500027824,MV_BRA_CARGO_000,KR,transit,0.9983333333333333,cargo,0.9999999892883767,0.0,0.0,0.0,0.0016666666666666668,0.0,0.0,0.0,0.9983333333333333,0.0,0.002430555555555555,0.0,0.0,0.002430555555555555,Transit,Cargo
500027824,MV_BRA_CARGO_000,KR,transit,1.0,cargo,0.9999999892878105,0.0,0.0,0.0,0.0,0.0,0.0,0.0,1.0,0.0,0.002430555555555555,0.0,0.0,0.002430555555555555,Transit,Cargo
500027824,MV_BRA_CARGO_000,KR,transit,0.9983333333333333,cargo,0.9999999892883399,0.0,0.0,0.0,0.0,0.0,0.0,0.0016666666666666668,0.9983333333333333,0.0,0.002430555555555555,0.0,0.0,0.002430555555555555,Transit,Cargo
500027824,MV_BRA_CARGO_000,KR,transit,1.0,cargo,0.9999999892883399,0.0,0.0,0.0,0.0,0.0,0.0,0.0,1.0,0.0,0.002430555555555555,0.0,0.0,0.002430555555555555,Transit,Cargo
500027824,MV_BRA_CARGO_000,KR,transit,0.9977777777777779,cargo,0.9999999892883767,0.0,0.0,0.0,0.0,0.0022222222222222222,0.0,0.0,0.9977777777777779,0.0,0.002430555555555555,0.0,0.0,0.002430555555555555,Transit,Cargo
500027824,MV_BRA_CARGO_000,KR,transit,1.0,cargo,0.9999999892883066,0.0,0.0,0.0,0.0,0.0,0.0,0.0,1.0,0.0,0.002430555555555555,0.0,0.0,0.002430555555555555,Transit,Cargo
500027824,MV_BRA_CARGO_000,KR,transit,1.0,cargo,0.9999999892877299,0.0,0.0,0.0,0.0,0.0,0.0,0.0,1.0,0.0,0.002430555555555555,0.0,0.0,0.002430555555555555,Transit,Cargo
500027824,MV_BRA_CARGO_000,KR,transit,1.0,cargo,0.9999999892877299,0.0,0.0,0.0,0.0,0.0,0.0,0.0,1.0,0.0,0.002430555555555555,0.0,0.0,0.002430555555555555,Transit,Cargo
500027824,MV_BRA_CARGO_000,KR,transit,1.0,cargo,0.9999999892883066,0.0,0.0,0.0,0.0,0.0,0.0,0.0,1.0,0.0,0.002430555555555555,0.0,0.0,0.002430555555555555,Transit,Cargo
500027824,MV_BRA_CARGO_000,KR,transit,0.9936111111111112,cargo,0.9999999892882973,0.006388888888888888,0.0,0.0,0.0,0.0,0.0,0.0,0.9936111111111112,0.0,0.002430555555555555,0.0,0.0,0.002430555555555555,Transit,Cargo
500027824,MV_BRA_CARGO_000,KR,transit,0.9938888888888889,cargo,0.9999999892883066,0.0038888888888888883,0.0,0.0,0.0022222222222222222,0.0,0.0,0.0,0.9938888888888889,0.0,0.002430555555555555,0.0,0.0,0.002430555555555555,Transit,Cargo
500027824,MV_BRA_CARGO_000,KR,transit,1.0,cargo,0.9999999892877797,0.0,0.0,0.0,0.0,0.0,0.0,0.0,1.0,0.0,0.002430555555555555,0.0,0.0,0.002430555555555555,Transit,Cargo
500027824,MV_BRA_CARGO_000,KR,transit,1.0,cargo,0.9999999892883767,0.0,0.0,0.0,0.0,0.0,0.0,0.0,1.0,0.0,0.002430555555555555,0.0,0.0,0.002430555555555555,Transit,Cargo
500027824,MV_BRA_CARGO_000,KR,transit,1.0,cargo,0.9999999892878105,0.0,0.0,0.0,0.0,0.0,0.0,0.0,1.0,0.0,0.002430555555555555,0.0,0.0,0.002430555555555555,Transit,Cargo
500027824,MV_BRA_CARGO_000,KR,transit,1.0,cargo,0.9999999892883767,0.0,0.0,0.0,0.0,0.0,0.0,0.0,1.0,0.0,0.002430555555555555,0.0,0.0,0.002430555555555555,Transit,Cargo
500027824,MV_BRA_CARGO_000,KR,transit,1.0,cargo,0.9999999892877299,0.0,0.0,0.0,0.0,0.0,0.0,0.0,1.0,0.0,0.002430555555555555,0.0,0.0,0.002430555555555555,Transit,Cargo
500027824,MV_BRA_CARGO_000,KR,transit,1.0,cargo,0.9999999892883767,0.0,0.0,0.0,0.0,0.0,0.0,0.0,1.0,0.0,0.002430555555555555,0.0,0.0,0.002430555555555555,Transit,Cargo
500027824,MV_BRA_CARGO_000,KR,transit,0.9991666666666666,cargo,0.9999999892878105,0.0008333333333333334,0.0,0.0,0.0,0.0,0.0,0.0,0.9991666666666666,0.0,0.002430555555555555,0.0,0.0,0.002430555555555555,Transit,Cargo
500027824,MV_BRA_CARGO_000,KR,transit,1.0,cargo,0.9999999892878105,0.0,0.0,0.0,0.0,0.0,0.0,0.0,1.0,0.0,0.002430555555555555,0.0,0.0,0.002430555555555555,Transit,Cargo
500027824,MV_BRA_CARGO_000,KR,transit,1.0,cargo,0.9999999892883066,0.0,0.0,0.0,0.0,0.0,0.0,0.0,1.0,0.0,0.002430555555555555,0.0,0.0,0.002430555555555555,Transit,Cargo
500027824,MV_BRA_CARGO_000,KR,transit,1.0,cargo,0.9999999892883767,0.0,0.0,0.0,0.0,0.0,0.0,0.0,1.0,0.0,0.002430555555555555,0.0,0.0,0.002430555555555555,Transit,Cargo
500027824,MV_BRA_CARGO_000,KR,transit,0.9975,cargo,0.9999999892883767,0.0025,0.0,0.0,0.0,0.0,0.0,0.0,0.9975,0.0,0.002430555555555555,0.0,0.0,0.002430555555555555,Transit,Cargo
500027824,MV_BRA_CARGO_000,KR,transit,1.0,cargo,0.9999999892877299,0.0,0.0,0.0,0.0,0.0,0.0,0.0,1.0,0.0,0.002430555555555555,0.0,0.0,0.002430555555555555,Transit,Cargo
500027824,MV_BRA_CARGO_000,KR,transit,1.0,cargo,0.9999999892878001,0.0,0.0,0.0,0.0,0.0,0.0,0.0,1.0,0.0,0.002430555555555555,0.0,0.0,0.002430555555555555,Transit,Cargo
500027824,MV_BRA_CARGO_000,KR,transit,1.0,cargo,0.9999999892883399,0.0,0.0,0.0,0.0,0.0,0.0,0.0,1.0,0.0,0.002430555555555555,0.0,0.0,0.002430555555555555,Transit,Cargo
500027824,MV_BRA_CARGO_000,KR,transit,1.0,cargo,0.9999999892883767,0.0,0.0,0.0,0.0,0.0,0.0,0.0,1.0,0.0,0.002430555555555555,0.0,0.0,0.002430555555555555,Transit,Cargo
500027824,MV_BRA_CARGO_000,KR,transit,1.0,cargo,0.9999999892878001,0.0,0.0,0.0,0.0,0.0,0.0,0.0,1.0,0.0,0.002430555555555555,0.0,0.0,0.002430555555555555,Transit,Cargo
500027824,MV_BRA_CARGO_000,KR,transit,1.0,cargo,0.9999999892878001,0.0,0.0,0.0,0.0,0.0,0.0,0.0,1.0,0.0,0.002430555555555555,0.0,0.0,0.002430555555555555,Transit,Cargo
500027824,MV_BRA_CARGO_000,KR,transit,1.0,cargo,0.9999999892878105,0.0,0.0,0.0,0.0,0.0,0.0,0.0,1.0,0.0,0.002430555555555555,0.0,0.0,0.002430555555555555,Transit,Cargo
500027824,MV_BRA_CARGO_000,KR,transit,1.0,cargo,0.9999999892878105,0.0,0.0,0.0,0.0,0.0,0.0,0.0,1.0,0.0,0.002430555555555555,0.0,0.0,0.002430555555555555,Transit,Cargo
500027824,MV_BRA_CARGO_000,KR,transit,1.0,cargo,0.9999999892877632,0.0,0.0,0.0,0.0,0.0,0.0,0.0,1.0,0.0,0.002430555555555555,0.0,0.0,0.002430555555555555,Transit,Cargo
500027824,MV_BRA_CARGO_000,KR,transit,1.0,cargo,0.9999999892878105,0.0,0.0,0.0,0.0,0.0,0.0,0.0,1.0,0.0,0.002430555555555555,0.0,0.0,0.002430555555555555,Transit,Cargo
500027824,MV_BRA_CARGO_000,KR,transit,1.0,cargo,0.9999999892877464,0.0,0.0,0.0,0.0,0.0,0.0,0.0,1.0,0.0,0.002430555555555555,0.0,0.0,0.002430555555555555,Transit,Cargo
500027824,MV_BRA_CARGO_000,KR,transit,1.0,cargo,0.9999999892877428,0.0,0.0,0.0,0.0,0.0,0.0,0.0,1.0,0.0,0.002430555555555555,0.0,0.0,0.002430555555555555,Transit,Cargo
500027824,MV_BRA_CARGO_000,KR,transit,1.0,cargo,0.9999999892878001,0.0,0.0,0.0,0.0,0.0,0.0,0.0,1.0,0.0,0.002430555555555555,0.0,0.0,0.002430555555555555,Transit,Cargo
500027824,MV_BRA_CARGO_000,KR,transit,1.0,cargo,0.9999999892878105,0.0,0.0,0.0,0.0,0.0,0.0,0.0,1.0,0.0,0.002430555555555555,0.0,0.0,0.002430555555555555,Transit,Cargo
500027824,MV_BRA_CARGO_000,KR,transit,1.0,cargo,0.9999999892877566,0.0,0.0,0.0,0.0,0.0,0.0,0.0,1.0,0.0,0.002430555555555555,0.0,0.0,0.002430555555555555,Transit,Cargo
500027824,MV_BRA_CARGO_000,KR,transit,1.0,cargo,0.9999999892883399,0.0,0.0,0.0,0.0,0.0,0.0,0.0,1.0,0.0,0.002430555555555555,0.0,0.0,0.002430555555555555,Transit,Cargo
500027824,MV_BRA_CARGO_000,KR,transit,1.0,cargo,0.9999999892877797,0.0,0.0,0.0,0.0,0.0,0.0,0.0,1.0,0.0,0.002430555555555555,0.0,0.0,0.002430555555555555,Transit,Cargo
500027824,MV_BRA_CARGO_000,KR,transit,1.0,cargo,0.9999999892883767,0.0,0.0,0.0,0.0,0.0,0.0,0.0,1.0,0.0,0.002430555555555555,0.0,0.0,0.002430555555555555,Transit,Cargo
500027824,MV_BRA_CARGO_000,KR,transit,0.9983333333333333,cargo,0.9999999892878105,0.0,0.0,0.0,0.0,0.0,0.0,0.0016666666666666668,0.9983333333333333,0.0,0.002430555555555555,0.0,0.0,0.002430555555555555,Transit,Cargo
500027824,MV_BRA_CARGO_000,KR,transit,0.9983333333333333,cargo,0.9999999892878001,0.0,0.0,0.0,0.0,0.0,0.0,0.0016666666666666668,0.9983333333333333,0.0,0.002430555555555555,0.0,0.0,0.002430555555555555,Transit,Cargo
500027824,MV_BRA_CARGO_000,KR,transit,1.0,cargo,0.9999999892878105,0.0,0.0,0.0,0.0,0.0,0.0,0.0,1.0,0.0,0.002430555555555555,0.0,0.0,0.002430555555555555,Transit,Cargo
500027824,MV_BRA_CARGO_000,KR,transit,1.0,cargo,0.9999999892878105,0.0,0.0,0.0,0.0,0.0,0.0,0.0,1.0,0.0,0.002430555555555555,0.0,0.0,0.002430555555555555,Transit,Cargo
500027824,MV_BRA_CARGO_000,KR,transit,1.0,cargo,0.9999999892878001,0.0,0.0,0.0,0.0,0.0,0.0,0.0,1.0,0.0,0.002430555555555555,0.0,0.0,0.002430555555555555,Transit,Cargo
500027824,MV_BRA_CARGO_000,KR,transit,1.0,cargo,0.9999999892878105,0.0,0.0,0.0,0.0,0.0,0.0,0.0,1.0,0.0,0.002430555555555555,0.0,0.0,0.002430555555555555,Transit,Cargo
500027825,MV_BRA_CARGO_001,VU,transit,1.0,tanker,0.9999999836998379,0.0,0.0,0.0,0.0,0.0,0.0,0.0,1.0,0.0,0.002430555555555555,0.3,0.2,0.3,Transit,Tanker
500027825,MV_BRA_CARGO_001,VU,transit,0.9988888888888887,tanker,0.9999999837280713,0.0,0.0,0.0,0.0,0.0,0.0,0.0011111111111111111,0.9988888888888887,0.0,0.002430555555555555,0.3,0.2,0.3,Transit,Tanker
500027825,MV_BRA_CARGO_001,VU,transit,1.0,tanker,0.9999999836998081,0.0,0.0,0.0,0.0,0.0,0.0,0.0,1.0,0.0,0.002430555555555555,0.3,0.2,0.3,Transit,Tanker
500027825,MV_BRA_CARGO_001,VU,transit,0.9964999999999999,tanker,0.9999999836969939,0.0,0.0,0.0,0.0008333333333333334,0.0,0.0,0.002666666666666667,0.9964999999999999,0.0,0.002430555555555555,0.3,0.2,0.3,Transit,Tanker
500027825,MV_BRA_CARGO_001,VU,transit,0.9973333333333333,tanker,0.9999999836969939,0.0,0.0,0.0,0.0,0.0,0.0,0.002666666666666667,0.9973333333333333,0.0,0.002430555555555555,0.3,0.2,0.3,Transit,Tanker
500027825,MV_BRA_CARGO_001,VU,transit,1.0,tanker,0.9999999839699509,0.0,0.0,0.0,0.0,0.0,0.0,0.0,1.0,0.0,0.002430555555555555,0.3,0.2,0.3,Transit,Tanker
500027825,MV_BRA_CARGO_001,VU,transit,1.0,tanker,0.9999999839699509,0.0,0.0,0.0,0.0,0.0,0.0,0.0,1.0,0.0,0.002430555555555555,0.3,0.2,0.3,Transit,Tanker
500027825,MV_BRA_CARGO_001,VU,transit,1.0,tanker,0.9999999836969939,0.0,0.0,0.0,0.0,0.0,0.0,0.0,1.0,0.0,0.002430555555555555,0.3,0.2,0.3,Transit,Tanker
500027825,MV_BRA_CARGO_001,VU,transit,0.9973333333333333,tanker,0.9999999836969939,0.0,0.0,0.0,0.0,0.0,0.0,0.002666666666666667,0.9973333333333333,0.0,0.002430555555555555,0.3,0.2,0.3,Transit,Tanker
500027825,MV_BRA_CARGO_001,VU,transit,1.0,tanker,0.9999999836969939,0.0,0.0,0.0,0.0,0.0,0.0,0.0,1.0,0.0,0.002430555555555555,0.3,0.2,0.3,Transit,Tanker
500027825,MV_BRA_CARGO_001,VU,transit,1.0,tanker,0.9999999837275799,0.0,0.0,0.0,0.0,0.0,0.0,0.0,1.0,0.0,0.002430555555555555,0.3,0.2,0.3,Transit,Tanker
500027825,MV_BRA_CARGO_001,VU,transit,1.0,tanker,0.9999999839699509,0.0,0.0,0.0,0.0,0.0,0.0,0.0,1.0,0.0,0.002430555555555555,0.3,0.2,0.3,Transit,Tanker
500027825,MV_BRA_CARGO_001,VU,transit,1.0,tanker,0.9999999839699509,0.0,0.0,0.0,0.0,0.0,0.0,0.0,1.0,0.0,0.002430555555555555,0.3,0.2,0.3,Transit,Tanker
500027825,MV_BRA_CARGO_001,VU,transit,1.0,tanker,0.9999999839699509,0.0,0.0,0.0,0.0,0.0,0.0,0.0,1.0,0.0,0.002430555555555555,0.3,0.2,0.3,Transit,Tanker
500027825,MV_BRA_CARGO_001,VU,transit,1.0,tanker,0.9999999836969939,0.0,0.0,0.0,0.0,0.0,0.0,0.0,1.0,0.0,0.002430555555555555,0.3,0.2,0.3,Transit,Tanker
500027825,MV_BRA_CARGO_001,VU,transit,1.0,tanker,0.9999999836970237,0.0,0.0,0.0,0.0,0.0,0.0,0.0,1.0,0.0,0.002430555555555555,0.3,0.2,0.3,Transit,Tanker
500027825,MV_BRA_CARGO_001,VU,transit,1.0,tanker,0.9999999836969795,0.0,0.0,0.0,0.0,0.0,0.0,0.0,1.0,0.0,0.002430555555555555,0.3,0.2,0.3,Transit,Tanker
500027825,MV_BRA_CARGO_001,VU,transit,1.0,tanker,0.9999999836969939,0.0,0.0,0.0,0.0,0.0,0.0,0.0,1.0,0.0,0.002430555555555555,0.3,0.2,0.3,Transit,Tanker
500027825,MV_BRA_CARGO_001,VU,transit,0.9956666666666666,tanker,0.9999999836969939,0.0,0.0,0.0,0.0,0.0,0.0,0.004333333333333333,0.9956666666666666,0.0,0.002430555555555555,0.3,0.2,0.3,Transit,Tanker
500027825,MV_BRA_CARGO_001,VU,transit,1.0,tanker,0.9999999836969939,0.0,0.0,0.0,0.0,0.0,0.0,0.0,1.0,0.0,0.002430555555555555,0.3,0.2,0.3,Transit,Tanker
500027825,MV_BRA_CARGO_001,VU,transit,1.0,tanker,0.9999999839699509,0.0,0.0,0.0,0.0,0.0,0.0,0.0,1.0,0.0,0.002430555555555555,0.3,0.2,0.3,Transit,Tanker
500027825,MV_BRA_CARGO_001,VU,transit,0.9988888888888889,tanker,0.9999999836969939,0.0,0.0,0.0,0.0,0.0,0.0,0.0011111111111111111,0.9988888888888889,0.0,0.002430555555555555,0.3,0.2,0.3,Transit,Tanker
500027825,MV_BRA_CARGO_001,VU,transit,0.9983333333333333,tanker,0.9999999836998379,0.0,0.0,0.0,0.0,0.0,0.0,0.0016666666666666668,0.9983333333333333,0.0,0.002430555555555555,0.3,0.2,0.3,Transit,Tanker
500027825,MV_BRA_CARGO_001,VU,transit,0.994,tanker,0.9999999837253464,0.0,0.0,0.0,0.0,0.0,0.0,0.006,0.994,0.0,0.002430555555555555,0.3,0.2,0.3,Transit,Tanker
500027825,MV_BRA_CARGO_001,VU,transit,1.0,tanker,0.9999999839699509,0.0,0.0,0.0,0.0,0.0,0.0,0.0,1.0,0.0,0.002430555555555555,0.3,0.2,0.3,Transit,Tanker
500027825,MV_BRA_CARGO_001,VU,transit,1.0,tanker,0.9999999836969939,0.0,0.0,0.0,0.0,0.0,0.0,0.0,1.0,0.0,0.002430555555555555,0.3,0.2,0.3,Transit,Tanker
500027825,MV_BRA_CARGO_001,VU,transit,1.0,tanker,0.9999999836969939,0.0,0.0,0.0,0.0,0.0,0.0,0.0,1.0,0.0,0.002430555555555555,0.3,0.2,0.3,Transit,Tanker
500027825,MV_BRA_CARGO_001,VU,transit,1.0,tanker,0.9999999836969939,0.0,0.0,0.0,0.0,0.0,0.0,0.0,1.0,0.0,0.002430555555555555,0.3,0.2,0.3,Transit,Tanker
500027825,MV_BRA_CARGO_001,VU,transit,1.0,tanker,0.99999998369695,0.0,0.0,0.0,0.0,0.0,0.0,0.0,1.0,0.0,0.002430555555555555,0.3,0.2,0.3,Transit,Tanker
500027825,MV_BRA_CARGO_001,VU,transit,1.0,tanker,0.9999999836969939,0.0,0.0,0.0,0.0,0.0,0.0,0.0,1.0,0.0,0.002430555555555555,0.3,0.2,0.3,Transit,Tanker
500027825,MV_BRA_CARGO_001,VU,transit,1.0,tanker,0.9999999836969939,0.0,0.0,0.0,0.0,0.0,0.0,0.0,1.0,0.0,0.002430555555555555,0.3,0.2,0.3,Transit,Tanker
500027825,MV_BRA_CARGO_001,VU,transit,0.9983333333333333,tanker,0.9999999836969939,0.0,0.0,0.0,0.0,0.0,0.0,0.0016666666666666668,0.9983333333333333,0.0,0.002430555555555555,0.3,0.2,0.3,Transit,Tanker
500027825,MV_BRA_CARGO_001,VU,transit,0.9983333333333333,tanker,0.9999999836969939,0.0,0.0,0.0,0.0,0.0,0.0,0.0016666666666666668,0.9983333333333333,0.0,0.002430555555555555,0.3,0.2,0.3,Transit,Tanker
500027825,MV_BRA_CARGO_001,VU,transit,0.9988888888888887,tanker,0.9999999836998081,0.0,0.0,0.0,0.0,0.0,0.0,0.0011111111111111111,0.9988888888888887,0.0,0.002430555555555555,0.3,0.2,0.3,Transit,Tanker
500027825,MV_BRA_CARGO_001,VU,transit,0.9988888888888887,tanker,0.999999983699764,0.0,0.0,0.0,0.0,0.0,0.0,0.0011111111111111111,0.9988888888888887,0.0,0.002430555555555555,0.3,0.2,0.3,Transit,Tanker
500027825,MV_BRA_CARGO_001,VU,transit,1.0,tanker,0.9999999836998081,0.0,0.0,0.0,0.0,0.0,0.0,0.0,1.0,0.0,0.002430555555555555,0.3,0.2,0.3,Transit,Tanker
500027825,MV_BRA_CARGO_001,VU,transit,0.994,tanker,0.9999999836969939,0.0,0.0,0.0,0.0,0.002666666666666667,0.0,0.0033333333333333335,0.994,0.0,0.002430555555555555,0.3,0.2,0.3,Transit,Tanker
500027825,MV_BRA_CARGO_001,VU,transit,1.0,tanker,0.9999999836969939,0.0,0.0,0.0,0.0,0.0,0.0,0.0,1.0,0.0,0.002430555555555555,0.3,0.2,0.3,Transit,Tanker
500027825,MV_BRA_CARGO_001,VU,transit,1.0,tanker,0.9999999839699067,0.0,0.0,0.0,0.0,0.0,0.0,0.0,1.0,0.0,0.002430555555555555,0.3,0.2,0.3,Transit,Tanker
500027825,MV_BRA_CARGO_001,VU,transit,1.0,tanker,0.9999999836969939,0.0,0.0,0.0,0.0,0.0,0.0,0.0,1.0,0.0,0.002430555555555555,0.3,0.2,0.3,Transit,Tanker
500027825,MV_BRA_CARGO_001,VU,transit,1.0,tanker,0.999999983699764,0.0,0.0,0.0,0.0,0.0,0.0,0.0,1.0,0.0,0.002430555555555555,0.3,0.2,0.3,Transit,Tanker
500027825,MV_BRA_CARGO_001,VU,transit,1.0,tanker,0.9999999836998081,0.0,0.0,0.0,0.0,0.0,0.0,0.0,1.0,0.0,0.002430555555555555,0.3,0.2,0.3,Transit,Tanker
500027825,MV_BRA_CARGO_001,VU,transit,0.9988888888888889,tanker,0.9999999836969939,0.0,0.0,0.0,0.0,0.0,0.0,0.0011111111111111111,0.9988888888888889,0.0,0.002430555555555555,0.3,0.2,0.3,Transit,Tanker
500027825,MV_BRA_CARGO_001,VU,transit,1.0,tanker,0.999999983587575,0.0,0.0,0.0,0.0,0.0,0.0,0.0,1.0,0.0,0.002430555555555555,0.3,0.2,0.3,Transit,Tanker
500027825,MV_BRA_CARGO_001,VU,transit,1.0,tanker,0.9999999836969939,0.0,0.0,0.0,0.0,0.0,0.0,0.0,1.0,0.0,0.002430555555555555,0.3,0.2,0.3,Transit,Tanker
500027825,MV_BRA_CARGO_001,VU,transit,1.0,tanker,0.9999999836970237,0.0,0.0,0.0,0.0,0.0,0.0,0.0,1.0,0.0,0.002430555555555555,0.3,0.2,0.3,Transit,Tanker
500027825,MV_BRA_CARGO_001,VU,transit,1.0,tanker,0.9999999836969939,0.0,0.0,0.0,0.0,0.0,0.0,0.0,1.0,0.0,0.002430555555555555,0.3,0.2,0.3,Transit,Tanker
500027825,MV_BRA_CARGO_001,VU,transit,1.0,tanker,0.9999999836969939,0.0,0.0,0.0,0.0,0.0,0.0,0.0,1.0,0.0,0.002430555555555555,0.3,0.2,0.3,Transit,Tanker
500027825,MV_BRA_CARGO_001,VU,transit,0.9991666666666666,tanker,0.99999998369695,0.0008333333333333334,0.0,0.0,0.0,0.0,0.0,0.0,0.9991666666666666,0.0,0.002430555555555555,0.3,0.2,0.3,Transit,Tanker
500027825,MV_BRA_CARGO_001,VU,transit,0.9983333333333333,tanker,0.9999999836969939,0.0,0.0,0.0,0.0,0.0,0.0,0.0016666666666666668,0.9983333333333333,0.0,0.002430555555555555,0.3,0.2,0.3,Transit,Tanker
500027825,MV_BRA_CARGO_001,VU,transit,0.9983333333333333,tanker,0.9999999836969939,0.0,0.0,0.0,0.0,0.0,0.0,0.0016666666666666668,0.9983333333333333,0.0,0.002430555555555555,0.3,0.2,0.3,Transit,Tanker
500027825,MV_BRA_CARGO_001,VU,transit,1.0,tanker,0.9999999836969939,0.0,0.0,0.0,0.0,0.0,0.0,0.0,1.0,0.0,0.002430555555555555,0.3,0.2,0.3,Transit,Tanker
500027825,MV_BRA_CARGO_001,VU,transit,1.0,tanker,0.9999999836970237,0.0,0.0,0.0,0.0,0.0,0.0,0.0,1.0,0.0,0.002430555555555555,0.3,0.2,0.3,Transit,Tanker
500027825,MV_BRA_CARGO_001,VU,transit,1.0,tanker,0.9999999836969939,0.0,0.0,0.0,0.0,0.0,0.0,0.0,1.0,0.0,0.002430555555555555,0.3,0.2,0.3,Transit,Tanker
500027825,MV_BRA_CARGO_001,VU,transit,1.0,tanker,0.9999999836969939,0.0,0.0,0.0,0.0,0.0,0.0,0.0,1.0,0.0,0.002430555555555555,0.3,0.2,0.3,Transit,Tanker
500027825,MV_BRA_CARGO_001,VU,transit,1.0,tanker,0.9999999836969939,0.0,0.0,0.0,0.0,0.0,0.0,0.0,1.0,0.0,0.002430555555555555,0.3,0.2,0.3,Transit,Tanker
500027826,MV_BRA_CARGO_002,ES,transit,0.9975,cargo,0.9999999901906439,0.0025,0.0,0.0,0.0,0.0,0.0,0.0,0.9975,0.0,0.002430555555555555,0.0,0.0,0.002430555555555555,Transit,Cargo
500027826,MV_BRA_CARGO_002,ES,transit,1.0,cargo,0.9999999901942856,0.0,0.0,0.0,0.0,0.0,0.0,0.0,1.0,0.0,0.002430555555555555,0.0,0.0,0.002430555555555555,Transit,Cargo
500027826,MV_BRA_CARGO_002,ES,transit,1.0,cargo,0.9999999901942519,0.0,0.0,0.0,0.0,0.0,0.0,0.0,1.0,0.0,0.002430555555555555,0.0,0.0,0.002430555555555555,Transit,Cargo
500027826,MV_BRA_CARGO_002,ES,transit,0.9991666666666666,cargo,0.9999999901942856,0.0008333333333333334,0.0,0.0,0.0,0.0,0.0,0.0,0.9991666666666666,0.0,0.002430555555555555,0.0,0.0,0.002430555555555555,Transit,Cargo
500027826,MV_BRA_CARGO_002,ES,transit,1.0,cargo,0.9999999902132956,0.0,0.0,0.0,0.0,0.0,0.0,0.0,1.0,0.0,0.002430555555555555,0.0,0.0,0.002430555555555555,Transit,Cargo
500027826,MV_BRA_CARGO_002,ES,transit,1.0,cargo,0.9999999901992759,0.0,0.0,0.0,0.0,0.0,0.0,0.0,1.0,0.0,0.002430555555555555,0.0,0.0,0.002430555555555555,Transit,Cargo
500027826,MV_BRA_CARGO_002,ES,transit,0.9983333333333333,cargo,0.9999999901992759,0.0,0.0,0.0,0.0016666666666666668,0.0,0.0,0.0,0.9983333333333333,0.0,0.002430555555555555,0.0,0.0,0.002430555555555555,Transit,Cargo
500027826,MV_BRA_CARGO_002,ES,transit,1.0,cargo,0.9999999901906101,0.0,0.0,0.0,0.0,0.0,0.0,0.0,1.0,0.0,0.002430555555555555,0.0,0.0,0.002430555555555555,Transit,Cargo
500027826,MV_BRA_CARGO_002,ES,transit,1.0,cargo,0.9999999901919362,0.0,0.0,0.0,0.0,0.0,0.0,0.0,1.0,0.0,0.002430555555555555,0.0,0.0,0.002430555555555555,Transit,Cargo
500027826,MV_BRA_CARGO_002,ES,transit,1.0,cargo,0.9999999901919757,0.0,0.0,0.0,0.0,0.0,0.0,0.0,1.0,0.0,0.002430555555555555,0.0,0.0,0.002430555555555555,Transit,Cargo
500027826,MV_BRA_CARGO_002,ES,transit,1.0,cargo,0.9999999901993096,0.0,0.0,0.0,0.0,0.0,0.0,0.0,1.0,0.0,0.002430555555555555,0.0,0.0,0.002430555555555555,Transit,Cargo
500027826,MV_BRA_CARGO_002,ES,transit,1.0,cargo,0.9999999901942856,0.0,0.0,0.0,0.0,0.0,0.0,0.0,1.0,0.0,0.002430555555555555,0.0,0.0,0.002430555555555555,Transit,Cargo
500027826,MV_BRA_CARGO_002,ES,transit,1.0,cargo,0.9999999901920095,0.0,0.0,0.0,0.0,0.0,0.0,0.0,1.0,0.0,0.002430555555555555,0.0,0.0,0.002430555555555555,Transit,Cargo
500027826,MV_BRA_CARGO_002,ES,transit,1.0,cargo,0.9999999901906439,0.0,0.0,0.0,0.0,0.0,0.0,0.0,1.0,0.0,0.002430555555555555,0.0,0.0,0.002430555555555555,Transit,Cargo
500027826,MV_BRA_CARGO_002,ES,transit,0.9991666666666666,cargo,0.9999999901906439,0.0008333333333333334,0.0,0.0,0.0,0.0,0.0,0.0,0.9991666666666666,0.0,0.002430555555555555,0.0,0.0,0.002430555555555555,Transit,Cargo
500027826,MV_BRA_CARGO_002,ES,transit,0.9958333333333333,cargo,0.9999999901993125,0.0025,0.0,0.0,0.0,0.0,0.0,0.0016666666666666668,0.9958333333333333,0.0,0.002430555555555555,0.0,0.0,0.002430555555555555,Transit,Cargo
500027826,MV_BRA_CARGO_002,ES,transit,0.9975,cargo,0.9999999901906439,0.0025,0.0,0.0,0.0,0.0,0.0,0.0,0.9975,0.0,0.002430555555555555,0.0,0.0,0.002430555555555555,Transit,Cargo
500027826,MV_BRA_CARGO_002,ES,transit,1.0,cargo,0.9999999901906439,0.0,0.0,0.0,0.0,0.0,0.0,0.0,1.0,0.0,0.002430555555555555,0.0,0.0,0.002430555555555555,Transit,Cargo
500027826,MV_BRA_CARGO_002,ES,transit,1.0,cargo,0.9999999901942856,0.0,0.0,0.0,0.0,0.0,0.0,0.0,1.0,0.0,0.002430555555555555,0.0,0.0,0.002430555555555555,Transit,Cargo
500027826,MV_BRA_CARGO_002,ES,transit,0.9975,cargo,0.9999999901906439,0.0025,0.0,0.0,0.0,0.0,0.0,0.0,0.9975,0.0,0.002430555555555555,0.0,0.0,0.002430555555555555,Transit,Cargo
500027826,MV_BRA_CARGO_002,ES,transit,1.0,cargo,0.9999999901992364,0.0,0.0,0.0,0.0,0.0,0.0,0.0,1.0,0.0,0.002430555555555555,0.0,0.0,0.002430555555555555,Transit,Cargo
500027826,MV_BRA_CARGO_002,ES,transit,1.0,cargo,0.9999999901942124,0.0,0.0,0.0,0.0,0.0,0.0,0.0,1.0,0.0,0.002430555555555555,0.0,0.0,0.002430555555555555,Transit,Cargo
500027826,MV_BRA_CARGO_002,ES,transit,1.0,cargo,0.9999999901906439,0.0,0.0,0.0,0.0,0.0,0.0,0.0,1.0,0.0,0.002430555555555555,0.0,0.0,0.002430555555555555,Transit,Cargo
500027826,MV_BRA_CARGO_002,ES,transit,1.0,cargo,0.9999999901942856,0.0,0.0,0.0,0.0,0.0,0.0,0.0,1.0,0.0,0.002430555555555555,0.0,0.0,0.002430555555555555,Transit,Cargo
500027826,MV_BRA_CARGO_002,ES,transit,1.0,cargo,0.9999999901920095,0.0,0.0,0.0,0.0,0.0,0.0,0.0,1.0,0.0,0.002430555555555555,0.0,0.0,0.002430555555555555,Transit,Cargo
500027826,MV_BRA_CARGO_002,ES,transit,1.0,cargo,0.9999999901920095,0.0,0.0,0.0,0.0,0.0,0.0,0.0,1.0,0.0,0.002430555555555555,0.0,0.0,0.002430555555555555,Transit,Cargo
500027826,MV_BRA_CARGO_002,ES,transit,1.0,cargo,0.9999999901942856,0.0,0.0,0.0,0.0,0.0,0.0,0.0,1.0,0.0,0.002430555555555555,0.0,0.0,0.002430555555555555,Transit,Cargo
500027826,MV_BRA_CARGO_002,ES,transit,1.0,cargo,0.9999999901906468,0.0,0.0,0.0,0.0,0.0,0.0,0.0,1.0,0.0,0.002430555555555555,0.0,0.0,0.002430555555555555,Transit,Cargo
500027826,MV_BRA_CARGO_002,ES,transit,1.0,cargo,0.9999994788445914,0.0,0.0,0.0,0.0,0.0,0.0,0.0,1.0,0.0,0.002430555555555555,0.0,0.0,0.002430555555555555,Transit,Cargo
500027826,MV_BRA_CARGO_002,ES,transit,1.0,cargo,0.99999999019197,0.0,0.0,0.0,0.0,0.0,0.0,0.0,1.0,0.0,0.002430555555555555,0.0,0.0,0.002430555555555555,Transit,Cargo
500027826,MV_BRA_CARGO_002,ES,transit,1.0,cargo,0.9999999901920095,0.0,0.0,0.0,0.0,0.0,0.0,0.0,1.0,0.0,0.002430555555555555,0.0,0.0,0.002430555555555555,Transit,Cargo
500027826,MV_BRA_CARGO_002,ES,transit,1.0,cargo,0.9999999901942856,0.0,0.0,0.0,0.0,0.0,0.0,0.0,1.0,0.0,0.002430555555555555,0.0,0.0,0.002430555555555555,Transit,Cargo
500027826,MV_BRA_CARGO_002,ES,transit,1.0,cargo,0.9999999901942856,0.0,0.0,0.0,0.0,0.0,0.0,0.0,1.0,0.0,0.002430555555555555,0.0,0.0,0.002430555555555555,Transit,Cargo
500027826,MV_BRA_CARGO_002,ES,transit,1.0,cargo,0.9999999901942885,0.0,0.0,0.0,0.0,0.0,0.0,0.0,1.0,0.0,0.002430555555555555,0.0,0.0,0.002430555555555555,Transit,Cargo
500027826,MV_BRA_CARGO_002,ES,transit,1.0,cargo,0.9999999901920124,0.0,0.0,0.0,0.0,0.0,0.0,0.0,1.0,0.0,0.002430555555555555,0.0,0.0,0.002430555555555555,Transit,Cargo
500027826,MV_BRA_CARGO_002,ES,transit,1.0,cargo,0.9999999901920095,0.0,0.0,0.0,0.0,0.0,0.0,0.0,1.0,0.0,0.002430555555555555,0.0,0.0,0.002430555555555555,Transit,Cargo
500027826,MV_BRA_CARGO_002,ES,transit,1.0,cargo,0.9999999901920095,0.0,0.0,0.0,0.0,0.0,0.0,0.0,1.0,0.0,0.002430555555555555,0.0,0.0,0.002430555555555555,Transit,Cargo
500027826,MV_BRA_CARGO_002,ES,transit,1.0,cargo,0.9999999901920124,0.0,0.0,0.0,0.0,0.0,0.0,0.0,1.0,0.0,0.002430555555555555,0.0,0.0,0.002430555555555555,Transit,Cargo
500027826,MV_BRA_CARGO_002,ES,transit,0.9983333333333333,cargo,0.9999999901920219,0.0,0.0,0.0,0.0016666666666666668,0.0,0.0,0.0,0.9983333333333333,0.0,0.002430555555555555,0.0,0.0,0.002430555555555555,Transit,Cargo
500027826,MV_BRA_CARGO_002,ES,transit,1.0,cargo,0.9999999901920095,0.0,0.0,0.0,0.0,0.0,0.0,0.0,1.0,0.0,0.002430555555555555,0.0,0.0,0.002430555555555555,Transit,Cargo
500027826,MV_BRA_CARGO_002,ES,transit,1.0,cargo,0.9999999901920124,0.0,0.0,0.0,0.0,0.0,0.0,0.0,1.0,0.0,0.002430555555555555,0.0,0.0,0.002430555555555555,Transit,Cargo
500027826,MV_BRA_CARGO_002,ES,transit,0.9972222222222222,cargo,0.9999999901920095,0.0027777777777777775,0.0,0.0,0.0,0.0,0.0,0.0,0.9972222222222222,0.0,0.002430555555555555,0.0,0.0,0.002430555555555555,Transit,Cargo
500027826,MV_BRA_CARGO_002,ES,transit,0.9988888888888889,cargo,0.9999999901919693,0.0011111111111111111,0.0,0.0,0.0,0.0,0.0,0.0,0.9988888888888889,0.0,0.002430555555555555,0.0,0.0,0.002430555555555555,Transit,Cargo
500027826,MV_BRA_CARGO_002,ES,transit,0.9938888888888889,cargo,0.9999999901993096,0.0061111111111111106,0.0,0.0,0.0,0.0,0.0,0.0,0.9938888888888889,0.0,0.002430555555555555,0.0,0.0,0.002430555555555555,Transit,Cargo
500027826,MV_BRA_CARGO_002,ES,transit,1.0,cargo,0.9999999901906439,0.0,0.0,0.0,0.0,0.0,0.0,0.0,1.0,0.0,0.002430555555555555,0.0,0.0,0.002430555555555555,Transit,Cargo
500027826,MV_BRA_CARGO_002,ES,transit,1.0,cargo,0.9999999901906439,0.0,0.0,0.0,0.0,0.0,0.0,0.0,1.0,0.0,0.002430555555555555,0.0,0.0,0.002430555555555555,Transit,Cargo
500027826,MV_BRA_CARGO_002,ES,transit,0.9975,cargo,0.9999999901906439,0.0025,0.0,0.0,0.0,0.0,0.0,0.0,0.9975,0.0,0.002430555555555555,0.0,0.0,0.002430555555555555,Transit,Cargo
500027826,MV_BRA_CARGO_002,ES,transit,1.0,cargo,0.9999999901906439,0.0,0.0,0.0,0.0,0.0,0.0,0.0,1.0,0.0,0.002430555555555555,0.0,0.0,0.002430555555555555,Transit,Cargo
500027826,MV_BRA_CARGO_002,ES,transit,0.9991666666666666,cargo,0.9999999901906101,0.0008333333333333334,0.0,0.0,0.0,0.0,0.0,0.0,0.9991666666666666,0.0,0.002430555555555555,0.0,0.0,0.002430555555555555,Transit,Cargo
500027826,MV_BRA_CARGO_002,ES,transit,0.9958333333333333,cargo,0.9999999901992119,0.004166666666666667,0.0,0.0,0.0,0.0,0.0,0.0,0.9958333333333333,0.0,0.002430555555555555,0.0,0.0,0.002430555555555555,Transit,Cargo
500027826,MV_BRA_CARGO_002,ES,transit,1.0,cargo,0.9999999902133357,0.0,0.0,0.0,0.0,0.0,0.0,0.0,1.0,0.0,0.002430555555555555,0.0,0.0,0.002430555555555555,Transit,Cargo
500027826,MV_BRA_CARGO_002,ES,transit,1.0,cargo,0.9999999901919115,0.0,0.0,0.0,0.0,0.0,0.0,0.0,1.0,0.0,0.002430555555555555,0.0,0.0,0.002430555555555555,Transit,Cargo
500027826,MV_BRA_CARGO_002,ES,transit,1.0,cargo,0.9999999901919757,0.0,0.0,0.0,0.0,0.0,0.0,0.0,1.0,0.0,0.002430555555555555,0.0,0.0,0.002430555555555555,Transit,Cargo
500027826,MV_BRA_CARGO_002,ES,transit,1.0,cargo,0.9999999901919757,0.0,0.0,0.0,0.0,0.0,0.0,0.0,1.0,0.0,0.002430555555555555,0.0,0.0,0.002430555555555555,Transit,Cargo
500027826,MV_BRA_CARGO_002,ES,transit,0.9975,cargo,0.9999999902133357,0.0025,0.0,0.0,0.0,0.0,0.0,0.0,0.9975,0.0,0.002430555555555555,0.0,0.0,0.002430555555555555,Transit,Cargo
500027826,MV_BRA_CARGO_002,ES,transit,1.0,cargo,0.9999999901942856,0.0,0.0,0.0,0.0,0.0,0.0,0.0,1.0,0.0,0.002430555555555555,0.0,0.0,0.002430555555555555,Transit,Cargo
500027827,MV_BRA_CARGO_003,PA,transit,1.0,tanker,0.9999999780358253,0.0,0.0,0.0,0.0,0.0,0.0,0.0,1.0,0.0,0.002430555555555555,0.3,0.2,0.3,Transit,Tanker
500027827,MV_BRA_CARGO_003,PA,transit,0.9988888888888887,tanker,0.9999999780371889,0.0,0.0,0.0,0.0,0.0,0.0,0.0011111111111111111,0.9988888888888887,0.0,0.002430555555555555,0.3,0.2,0.3,Transit,Tanker
500027827,MV_BRA_CARGO_003,PA,transit,1.0,tanker,0.9999999777032695,0.0,0.0,0.0,0.0,0.0,0.0,0.0,1.0,0.0,0.002430555555555555,0.3,0.2,0.3,Transit,Tanker
500027827,MV_BRA_CARGO_003,PA,transit,0.9927777777777779,tanker,0.9999999778855597,0.007222222222222222,0.0,0.0,0.0,0.0,0.0,0.0,0.9927777777777779,0.0,0.002430555555555555,0.3,0.2,0.3,Transit,Tanker
500027827,MV_BRA_CARGO_003,PA,transit,1.0,tanker,0.9999999776686141,0.0,0.0,0.0,0.0,0.0,0.0,0.0,1.0,0.0,0.002430555555555555,0.3,0.2,0.3,Transit,Tanker
500027827,MV_BRA_CARGO_003,PA,transit,1.0,tanker,0.999999977664791,0.0,0.0,0.0,0.0,0.0,0.0,0.0,1.0,0.0,0.002430555555555555,0.3,0.2,0.3,Transit,Tanker
500027827,MV_BRA_CARGO_003,PA,transit,1.0,tanker,0.999999977664791,0.0,0.0,0.0,0.0,0.0,0.0,0.0,1.0,0.0,0.002430555555555555,0.3,0.2,0.3,Transit,Tanker
500027827,MV_BRA_CARGO_003,PA,transit,1.0,tanker,0.9999999780371889,0.0,0.0,0.0,0.0,0.0,0.0,0.0,1.0,0.0,0.002430555555555555,0.3,0.2,0.3,Transit,Tanker
500027827,MV_BRA_CARGO_003,PA,transit,1.0,tanker,0.9999999780358237,0.0,0.0,0.0,0.0,0.0,0.0,0.0,1.0,0.0,0.002430555555555555,0.3,0.2,0.3,Transit,Tanker
500027827,MV_BRA_CARGO_003,PA,transit,1.0,tanker,0.9999999780358237,0.0,0.0,0.0,0.0,0.0,0.0,0.0,1.0,0.0,0.002430555555555555,0.3,0.2,0.3,Transit,Tanker
500027827,MV_BRA_CARGO_003,PA,transit,1.0,tanker,0.999999976511669,0.0,0.0,0.0,0.0,0.0,0.0,0.0,1.0,0.0,0.002430555555555555,0.3,0.2,0.3,Transit,Tanker
500027827,MV_BRA_CARGO_003,PA,transit,1.0,tanker,0.999999977664791,0.0,0.0,0.0,0.0,0.0,0.0,0.0,1.0,0.0,0.002430555555555555,0.3,0.2,0.3,Transit,Tanker
500027827,MV_BRA_CARGO_003,PA,transit,1.0,tanker,0.9999999780358237,0.0,0.0,0.0,0.0,0.0,0.0,0.0,1.0,0.0,0.002430555555555555,0.3,0.2,0.3,Transit,Tanker
500027827,MV_BRA_CARGO_003,PA,transit,1.0,tanker,0.9999999780358237,0.0,0.0,0.0,0.0,0.0,0.0,0.0,1.0,0.0,0.002430555555555555,0.3,0.2,0.3,Transit,Tanker
500027827,MV_BRA_CARGO_003,PA,transit,1.0,tanker,0.9999999776647326,0.0,0.0,0.0,0.0,0.0,0.0,0.0,1.0,0.0,0.002430555555555555,0.3,0.2,0.3,Transit,Tanker
500027827,MV_BRA_CARGO_003,PA,transit,1.0,tanker,0.999999977664791,0.0,0.0,0.0,0.0,0.0,0.0,0.0,1.0,0.0,0.002430555555555555,0.3,0.2,0.3,Transit,Tanker
500027827,MV_BRA_CARGO_003,PA,transit,1.0,tanker,0.999999977664791,0.0,0.0,0.0,0.0,0.0,0.0,0.0,1.0,0.0,0.002430555555555555,0.3,0.2,0.3,Transit,Tanker
500027827,MV_BRA_CARGO_003,PA,transit,0.9983333333333333,tanker,0.999999977664791,0.0,0.0,0.0,0.0,0.0,0.0,0.0016666666666666668,0.9983333333333333,0.0,0.002430555555555555,0.3,0.2,0.3,Transit,Tanker
500027827,MV_BRA_CARGO_003,PA,transit,0.9983333333333333,tanker,0.9999999777065398,0.0,0.0,0.0,0.0,0.0,0.0,0.0016666666666666668,0.9983333333333333,0.0,0.002430555555555555,0.3,0.2,0.3,Transit,Tanker
500027827,MV_BRA_CARGO_003,PA,transit,0.9983333333333333,tanker,0.9999999777018485,0.0,0.0,0.0,0.0,0.0,0.0,0.0016666666666666668,0.9983333333333333,0.0,0.002430555555555555,0.3,0.2,0.3,Transit,Tanker
500027827,MV_BRA_CARGO_003,PA,transit,0.9983333333333333,tanker,0.9999999776647326,0.0,0.0,0.0,0.0,0.0,0.0,0.0016666666666666668,0.9983333333333333,0.0,0.002430555555555555,0.3,0.2,0.3,Transit,Tanker
500027827,MV_BRA_CARGO_003,PA,transit,0.9983333333333333,tanker,0.9999999776686141,0.0,0.0,0.0,0.0,0.0,0.0,0.0016666666666666668,0.9983333333333333,0.0,0.002430555555555555,0.3,0.2,0.3,Transit,Tanker
500027827,MV_BRA_CARGO_003,PA,transit,0.9983333333333333,tanker,0.9999999776686141,0.0,0.0,0.0,0.0,0.0,0.0,0.0016666666666666668,0.9983333333333333,0.0,0.002430555555555555,0.3,0.2,0.3,Transit,Tanker
500027827,MV_BRA_CARGO_003,PA,transit,0.9983333333333333,tanker,0.999999977664791,0.0,0.0,0.0,0.0,0.0,0.0,0.0016666666666666668,0.9983333333333333,0.0,0.002430555555555555,0.3,0.2,0.3,Transit,Tanker
500027827,MV_BRA_CARGO_003,PA,transit,0.9983333333333333,tanker,0.999999977664791,0.0,0.0,0.0,0.0,0.0,0.0,0.0016666666666666668,0.9983333333333333,0.0,0.002430555555555555,0.3,0.2,0.3,Transit,Tanker
500027827,MV_BRA_CARGO_003,PA,transit,0.9983333333333333,tanker,0.999999977664791,0.0,0.0,0.0,0.0,0.0,0.0,0.0016666666666666668,0.9983333333333333,0.0,0.002430555555555555,0.3,0.2,0.3,Transit,Tanker
500027827,MV_BRA_CARGO_003,PA,transit,0.9983333333333333,tanker,0.9999999776685558,0.0,0.0,0.0,0.0,0.0,0.0,0.0016666666666666668,0.9983333333333333,0.0,0.002430555555555555,0.3,0.2,0.3,Transit,Tanker
500027827,MV_BRA_CARGO_003,PA,transit,0.9983333333333333,tanker,0.9999999776686141,0.0,0.0,0.0,0.0,0.0,0.0,0.0016666666666666668,0.9983333333333333,0.0,0.002430555555555555,0.3,0.2,0.3,Transit,Tanker
500027827,MV_BRA_CARGO_003,PA,transit,0.9983333333333333,tanker,0.9999999776686141,0.0,0.0,0.0,0.0,0.0,0.0,0.0016666666666666668,0.9983333333333333,0.0,0.002430555555555555,0.3,0.2,0.3,Transit,Tanker
500027827,MV_BRA_CARGO_003,PA,transit,0.9983333333333333,tanker,0.999999977664791,0.0,0.0,0.0,0.0,0.0,0.0,0.0016666666666666668,0.9983333333333333,0.0,0.002430555555555555,0.3,0.2,0.3,Transit,Tanker
500027827,MV_BRA_CARGO_003,PA,transit,0.9983333333333333,tanker,0.999999977664791,0.0,0.0,0.0,0.0,0.0,0.0,0.0016666666666666668,0.9983333333333333,0.0,0.002430555555555555,0.3,0.2,0.3,Transit,Tanker
500027827,MV_BRA_CARGO_003,PA,transit,0.9961111111111113,tanker,0.999999977664791,0.0,0.0,0.0,0.0,0.0,0.0,0.0038888888888888883,0.9961111111111113,0.0,0.002430555555555555,0.3,0.2,0.3,Transit,Tanker
500027827,MV_BRA_CARGO_003,PA,transit,0.9983333333333333,tanker,0.999999977664791,0.0,0.0,0.0,0.0,0.0,0.0,0.0016666666666666668,0.9983333333333333,0.0,0.002430555555555555,0.3,0.2,0.3,Transit,Tanker
500027827,MV_BRA_CARGO_003,PA,transit,0.9983333333333333,tanker,0.9999999777065398,0.0,0.0,0.0,0.0,0.0,0.0,0.0016666666666666668,0.9983333333333333,0.0,0.002430555555555555,0.3,0.2,0.3,Transit,Tanker
500027827,MV_BRA_CARGO_003,PA,transit,0.9922222222222221,tanker,0.9999999780358237,0.0,0.0,0.0,0.0016666666666666668,0.0,0.0,0.0061111111111111106,0.9922222222222221,0.0,0.002430555555555555,0.3,0.2,0.3,Transit,Tanker
500027827,MV_BRA_CARGO_003,PA,transit,0.9983333333333333,tanker,0.9999999780358237,0.0,0.0,0.0,0.0,0.0,0.0,0.0016666666666666668,0.9983333333333333,0.0,0.002430555555555555,0.3,0.2,0.3,Transit,Tanker
500027827,MV_BRA_CARGO_003,PA,transit,0.9983333333333333,tanker,0.9999999777019069,0.0,0.0,0.0,0.0,0.0,0.0,0.0016666666666666668,0.9983333333333333,0.0,0.002430555555555555,0.3,0.2,0.3,Transit,Tanker
500027827,MV_BRA_CARGO_003,PA,transit,0.9983333333333333,tanker,0.9999999777065398,0.0,0.0,0.0,0.0,0.0,0.0,0.0016666666666666668,0.9983333333333333,0.0,0.002430555555555555,0.3,0.2,0.3,Transit,Tanker
500027827,MV_BRA_CARGO_003,PA,transit,0.9938888888888887,tanker,0.999999977664791,0.0,0.0,0.0,0.0016666666666666668,0.0,0.0,0.0044444444444444444,0.9938888888888887,0.0,0.002430555555555555,0.3,0.2,0.3,Transit,Tanker
500027827,MV_BRA_CARGO_003,PA,transit,0.9972222222222221,tanker,0.999999977664791,0.0,0.0,0.0,0.0,0.0,0.0,0.0027777777777777775,0.9972222222222221,0.0,0.002430555555555555,0.3,0.2,0.3,Transit,Tanker
500027827,MV_BRA_CARGO_003,PA,transit,0.9983333333333333,tanker,0.999999977664791,0.0,0.0,0.0,0.0,0.0,0.0,0.0016666666666666668,0.9983333333333333,0.0,0.002430555555555555,0.3,0.2,0.3,Transit,Tanker
500027827,MV_BRA_CARGO_003,PA,transit,0.9983333333333333,tanker,0.999999977664791,0.0,0.0,0.0,0.0,0.0,0.0,0.0016666666666666668,0.9983333333333333,0.0,0.002430555555555555,0.3,0.2,0.3,Transit,Tanker
500027827,MV_BRA_CARGO_003,PA,transit,0.9983333333333333,tanker,0.9999999776647326,0.0,0.0,0.0,0.0,0.0,0.0,0.0016666666666666668,0.9983333333333333,0.0,0.002430555555555555,0.3,0.2,0.3,Transit,Tanker
500027827,MV_BRA_CARGO_003,PA,transit,0.9983333333333333,tanker,0.999999977664791,0.0,0.0,0.0,0.0,0.0,0.0,0.0016666666666666668,0.9983333333333333,0.0,0.002430555555555555,0.3,0.2,0.3,Transit,Tanker
500027827,MV_BRA_CARGO_003,PA,transit,0.9972222222222221,tanker,0.999999977664791,0.0,0.0,0.0,0.0,0.0,0.0,0.0027777777777777775,0.9972222222222221,0.0,0.002430555555555555,0.3,0.2,0.3,Transit,Tanker
500027827,MV_BRA_CARGO_003,PA,transit,0.9983333333333333,tanker,0.999999977664791,0.0,0.0,0.0,0.0,0.0,0.0,0.0016666666666666668,0.9983333333333333,0.0,0.002430555555555555,0.3,0.2,0.3,Transit,Tanker
500027827,MV_BRA_CARGO_003,PA,transit,0.9983333333333333,tanker,0.999999977664791,0.0,0.0,0.0,0.0,0.0,0.0,0.0016666666666666668,0.9983333333333333,0.0,0.002430555555555555,0.3,0.2,0.3,Transit,Tanker
500027827,MV_BRA_CARGO_003,PA,transit,0.995,tanker,0.9999999776685558,0.0033333333333333335,0.0,0.0,0.0,0.0,0.0,0.0016666666666666668,0.995,0.0,0.002430555555555555,0.3,0.2,0.3,Transit,Tanker
500027827,MV_BRA_CARGO_003,PA,transit,0.9983333333333333,tanker,0.999999977664791,0.0,0.0,0.0,0.0,0.0,0.0,0.0016666666666666668,0.9983333333333333,0.0,0.002430555555555555,0.3,0.2,0.3,Transit,Tanker
500027827,MV_BRA_CARGO_003,PA,transit,0.9983333333333333,tanker,0.9999999777032695,0.0,0.0,0.0,0.0,0.0,0.0,0.0016666666666666668,0.9983333333333333,0.0,0.002430555555555555,0.3,0.2,0.3,Transit,Tanker
500027827,MV_BRA_CARGO_003,PA,transit,0.9966666666666667,tanker,0.9999999780357656,0.0016666666666666668,0.0,0.0,0.0,0.0,0.0,0.0016666666666666668,0.9966666666666667,0.0,0.002430555555555555,0.3,0.2,0.3,Transit,Tanker
500027827,MV_BRA_CARGO_003,PA,transit,0.9983333333333333,tanker,0.9999999780358237,0.0,0.0,0.0,0.0,0.0,0.0,0.0016666666666666668,0.9983333333333333,0.0,0.002430555555555555,0.3,0.2,0.3,Transit,Tanker
500027827,MV_BRA_CARGO_003,PA,transit,0.9444999999999999,tanker,0.999999977664791,0.027666666666666662,0.0033333333333333335,0.0,0.0,0.006666666666666667,0.0,0.017833333333333336,0.9444999999999999,0.0,0.002430555555555555,0.3,0.2,0.3,Transit,Tanker
500027827,MV_BRA_CARGO_003,PA,transit,0.9983333333333333,tanker,0.999999977664791,0.0,0.0,0.0,0.0,0.0,0.0,0.0016666666666666668,0.9983333333333333,0.0,0.002430555555555555,0.3,0.2,0.3,Transit,Tanker
500027827,MV_BRA_CARGO_003,PA,transit,0.9983333333333333,tanker,0.9999999780371889,0.0,0.0,0.0,0.0,0.0,0.0,0.0016666666666666668,0.9983333333333333,0.0,0.002430555555555555,0.3,0.2,0.3,Transit,Tanker
500027827,MV_BRA_CARGO_003,PA,transit,0.9983333333333333,tanker,0.9999999780371889,0.0,0.0,0.0,0.0,0.0,0.0,0.0016666666666666668,0.9983333333333333,0.0,0.002430555555555555,0.3,0.2,0.3,Transit,Tanker
500027828,MV_BRA_CARGO_004,VU,transit,1.0,tanker,0.9999999834197244,0.0,0.0,0.0,0.0,0.0,0.0,0.0,1.0,0.0,0.002430555555555555,0.3,0.2,0.3,Transit,Tanker
500027828,MV_BRA_CARGO_004,VU,transit,1.0,tanker,0.9999999834197244,0.0,0.0,0.0,0.0,0.0,0.0,0.0,1.0,0.0,0.002430555555555555,0.3,0.2,0.3,Transit,Tanker
500027828,MV_BRA_CARGO_004,VU,transit,1.0,tanker,0.9999999834196811,0.0,0.0,0.0,0.0,0.0,0.0,0.0,1.0,0.0,0.002430555555555555,0.3,0.2,0.3,Transit,Tanker
500027828,MV_BRA_CARGO_004,VU,transit,1.0,tanker,0.9999999834168858,0.0,0.0,0.0,0.0,0.0,0.0,0.0,1.0,0.0,0.002430555555555555,0.3,0.2,0.3,Transit,Tanker
500027828,MV_BRA_CARGO_004,VU,transit,1.0,tanker,0.9999999834454547,0.0,0.0,0.0,0.0,0.0,0.0,0.0,1.0,0.0,0.002430555555555555,0.3,0.2,0.3,Transit,Tanker
500027828,MV_BRA_CARGO_004,VU,transit,1.0,tanker,0.9999999834487059,0.0,0.0,0.0,0.0,0.0,0.0,0.0,1.0,0.0,0.002430555555555555,0.3,0.2,0.3,Transit,Tanker
500027828,MV_BRA_CARGO_004,VU,transit,1.0,tanker,0.9999999836922153,0.0,0.0,0.0,0.0,0.0,0.0,0.0,1.0,0.0,0.002430555555555555,0.3,0.2,0.3,Transit,Tanker
500027828,MV_BRA_CARGO_004,VU,transit,1.0,tanker,0.999999983693229,0.0,0.0,0.0,0.0,0.0,0.0,0.0,1.0,0.0,0.002430555555555555,0.3,0.2,0.3,Transit,Tanker
500027828,MV_BRA_CARGO_004,VU,transit,1.0,tanker,0.9999999834168858,0.0,0.0,0.0,0.0,0.0,0.0,0.0,1.0,0.0,0.002430555555555555,0.3,0.2,0.3,Transit,Tanker
500027828,MV_BRA_CARGO_004,VU,transit,1.0,tanker,0.9999999834196811,0.0,0.0,0.0,0.0,0.0,0.0,0.0,1.0,0.0,0.002430555555555555,0.3,0.2,0.3,Transit,Tanker
500027828,MV_BRA_CARGO_004,VU,transit,1.0,tanker,0.9999999833065157,0.0,0.0,0.0,0.0,0.0,0.0,0.0,1.0,0.0,0.002430555555555555,0.3,0.2,0.3,Transit,Tanker
500027828,MV_BRA_CARGO_004,VU,transit,0.9922222222222223,tanker,0.9999999828789846,0.005555555555555555,0.0,0.0,0.0022222222222222222,0.0,0.0,0.0,0.9922222222222223,0.0,0.002430555555555555,0.3,0.2,0.3,Transit,Tanker
500027828,MV_BRA_CARGO_004,VU,transit,1.0,tanker,0.9999999828790279,0.0,0.0,0.0,0.0,0.0,0.0,0.0,1.0,0.0,0.002430555555555555,0.3,0.2,0.3,Transit,Tanker
500027828,MV_BRA_CARGO_004,VU,transit,1.0,tanker,0.9999999833065157,0.0,0.0,0.0,0.0,0.0,0.0,0.0,1.0,0.0,0.002430555555555555,0.3,0.2,0.3,Transit,Tanker
500027828,MV_BRA_CARGO_004,VU,transit,1.0,tanker,0.9999999834168858,0.0,0.0,0.0,0.0,0.0,0.0,0.0,1.0,0.0,0.002430555555555555,0.3,0.2,0.3,Transit,Tanker
500027828,MV_BRA_CARGO_004,VU,transit,0.9983333333333333,tanker,0.9999999834168858,0.0,0.0,0.0,0.0,0.0,0.0,0.0016666666666666668,0.9983333333333333,0.0,0.002430555555555555,0.3,0.2,0.3,Transit,Tanker
500027828,MV_BRA_CARGO_004,VU,transit,1.0,tanker,0.9999999834168858,0.0,0.0,0.0,0.0,0.0,0.0,0.0,1.0,0.0,0.002430555555555555,0.3,0.2,0.3,Transit,Tanker
500027828,MV_BRA_CARGO_004,VU,transit,1.0,tanker,0.9999999828790279,0.0,0.0,0.0,0.0,0.0,0.0,0.0,1.0,0.0,0.002430555555555555,0.3,0.2,0.3,Transit,Tanker
500027828,MV_BRA_CARGO_004,VU,transit,1.0,tanker,0.9999999836922153,0.0,0.0,0.0,0.0,0.0,0.0,0.0,1.0,0.0,0.002430555555555555,0.3,0.2,0.3,Transit,Tanker
500027828,MV_BRA_CARGO_004,VU,transit,1.0,tanker,0.9999999836922153,0.0,0.0,0.0,0.0,0.0,0.0,0.0,1.0,0.0,0.002430555555555555,0.3,0.2,0.3,Transit,Tanker
500027828,MV_BRA_CARGO_004,VU,transit,1.0,tanker,0.9999999834487492,0.0,0.0,0.0,0.0,0.0,0.0,0.0,1.0,0.0,0.002430555555555555,0.3,0.2,0.3,Transit,Tanker
500027828,MV_BRA_CARGO_004,VU,transit,1.0,tanker,0.9999999834168858,0.0,0.0,0.0,0.0,0.0,0.0,0.0,1.0,0.0,0.002430555555555555,0.3,0.2,0.3,Transit,Tanker
500027828,MV_BRA_CARGO_004,VU,transit,1.0,tanker,0.9999999834168858,0.0,0.0,0.0,0.0,0.0,0.0,0.0,1.0,0.0,0.002430555555555555,0.3,0.2,0.3,Transit,Tanker
500027828,MV_BRA_CARGO_004,VU,transit,1.0,tanker,0.9999999834196811,0.0,0.0,0.0,0.0,0.0,0.0,0.0,1.0,0.0,0.002430555555555555,0.3,0.2,0.3,Transit,Tanker
500027828,MV_BRA_CARGO_004,VU,transit,1.0,tanker,0.9999999834168858,0.0,0.0,0.0,0.0,0.0,0.0,0.0,1.0,0.0,0.002430555555555555,0.3,0.2,0.3,Transit,Tanker
500027828,MV_BRA_CARGO_004,VU,transit,1.0,tanker,0.9999999834477376,0.0,0.0,0.0,0.0,0.0,0.0,0.0,1.0,0.0,0.002430555555555555,0.3,0.2,0.3,Transit,Tanker
500027828,MV_BRA_CARGO_004,VU,transit,1.0,tanker,0.9999999836922153,0.0,0.0,0.0,0.0,0.0,0.0,0.0,1.0,0.0,0.002430555555555555,0.3,0.2,0.3,Transit,Tanker
500027828,MV_BRA_CARGO_004,VU,transit,1.0,tanker,0.999999983692172,0.0,0.0,0.0,0.0,0.0,0.0,0.0,1.0,0.0,0.002430555555555555,0.3,0.2,0.3,Transit,Tanker
500027828,MV_BRA_CARGO_004,VU,transit,1.0,tanker,0.9999999836922153,0.0,0.0,0.0,0.0,0.0,0.0,0.0,1.0,0.0,0.002430555555555555,0.3,0.2,0.3,Transit,Tanker
500027828,MV_BRA_CARGO_004,VU,transit,1.0,tanker,0.9999999834477376,0.0,0.0,0.0,0.0,0.0,0.0,0.0,1.0,0.0,0.002430555555555555,0.3,0.2,0.3,Transit,Tanker
500027828,MV_BRA_CARGO_004,VU,transit,1.0,tanker,0.9999999836922153,0.0,0.0,0.0,0.0,0.0,0.0,0.0,1.0,0.0,0.002430555555555555,0.3,0.2,0.3,Transit,Tanker
500027828,MV_BRA_CARGO_004,VU,transit,1.0,tanker,0.9999999828790279,0.0,0.0,0.0,0.0,0.0,0.0,0.0,1.0,0.0,0.002430555555555555,0.3,0.2,0.3,Transit,Tanker
500027828,MV_BRA_CARGO_004,VU,transit,1.0,tanker,0.999999983693229,0.0,0.0,0.0,0.0,0.0,0.0,0.0,1.0,0.0,0.002430555555555555,0.3,0.2,0.3,Transit,Tanker
500027828,MV_BRA_CARGO_004,VU,transit,1.0,tanker,0.9999999836922153,0.0,0.0,0.0,0.0,0.0,0.0,0.0,1.0,0.0,0.002430555555555555,0.3,0.2,0.3,Transit,Tanker
500027828,MV_BRA_CARGO_004,VU,transit,1.0,tanker,0.999999983693229,0.0,0.0,0.0,0.0,0.0,0.0,0.0,1.0,0.0,0.002430555555555555,0.3,0.2,0.3,Transit,Tanker
500027828,MV_BRA_CARGO_004,VU,transit,1.0,tanker,0.9999999834168858,0.0,0.0,0.0,0.0,0.0,0.0,0.0,1.0,0.0,0.002430555555555555,0.3,0.2,0.3,Transit,Tanker
500027828,MV_BRA_CARGO_004,VU,transit,1.0,tanker,0.9999999834197244,0.0,0.0,0.0,0.0,0.0,0.0,0.0,1.0,0.0,0.002430555555555555,0.3,0.2,0.3,Transit,Tanker
500027828,MV_BRA_CARGO_004,VU,transit,0.98,tanker,0.9999999834168858,0.020000000000000004,0.0,0.0,0.0,0.0,0.0,0.0,0.98,0.0,0.002430555555555555,0.3,0.2,0.3,Transit,Tanker
500027828,MV_BRA_CARGO_004,VU,transit,1.0,tanker,0.9999999834168858,0.0,0.0,0.0,0.0,0.0,0.0,0.0,1.0,0.0,0.002430555555555555,0.3,0.2,0.3,Transit,Tanker
500027828,MV_BRA_CARGO_004,VU,transit,1.0,tanker,0.9999999834168858,0.0,0.0,0.0,0.0,0.0,0.0,0.0,1.0,0.0,0.002430555555555555,0.3,0.2,0.3,Transit,Tanker
500027828,MV_BRA_CARGO_004,VU,transit,1.0,tanker,0.9999999834168858,0.0,0.0,0.0,0.0,0.0,0.0,0.0,1.0,0.0,0.002430555555555555,0.3,0.2,0.3,Transit,Tanker
500027828,MV_BRA_CARGO_004,VU,transit,1.0,tanker,0.999999983692172,0.0,0.0,0.0,0.0,0.0,0.0,0.0,1.0,0.0,0.002430555555555555,0.3,0.2,0.3,Transit,Tanker
500027828,MV_BRA_CARGO_004,VU,transit,1.0,tanker,0.9999999836922153,0.0,0.0,0.0,0.0,0.0,0.0,0.0,1.0,0.0,0.002430555555555555,0.3,0.2,0.3,Transit,Tanker
500027828,MV_BRA_CARGO_004,VU,transit,1.0,tanker,0.9999999836922153,0.0,0.0,0.0,0.0,0.0,0.0,0.0,1.0,0.0,0.002430555555555555,0.3,0.2,0.3,Transit,Tanker
500027828,MV_BRA_CARGO_004,VU,transit,1.0,tanker,0.9999999834454547,0.0,0.0,0.0,0.0,0.0,0.0,0.0,1.0,0.0,0.002430555555555555,0.3,0.2,0.3,Transit,Tanker
500027828,MV_BRA_CARGO_004,VU,transit,1.0,tanker,0.9999999834168858,0.0,0.0,0.0,0.0,0.0,0.0,0.0,1.0,0.0,0.002430555555555555,0.3,0.2,0.3,Transit,Tanker
500027828,MV_BRA_CARGO_004,VU,transit,1.0,tanker,0.9999999834168858,0.0,0.0,0.0,0.0,0.0,0.0,0.0,1.0,0.0,0.002430555555555555,0.3,0.2,0.3,Transit,Tanker
500027828,MV_BRA_CARGO_004,VU,transit,1.0,tanker,0.9999999834168858,0.0,0.0,0.0,0.0,0.0,0.0,0.0,1.0,0.0,0.002430555555555555,0.3,0.2,0.3,Transit,Tanker
500027828,MV_BRA_CARGO_004,VU,transit,1.0,tanker,0.9999999834168858,0.0,0.0,0.0,0.0,0.0,0.0,0.0,1.0,0.0,0.002430555555555555,0.3,0.2,0.3,Transit,Tanker
500027828,MV_BRA_CARGO_004,VU,transit,1.0,tanker,0.9999999834168425,0.0,0.0,0.0,0.0,0.0,0.0,0.0,1.0,0.0,0.002430555555555555,0.3,0.2,0.3,Transit,Tanker
500027828,MV_BRA_CARGO_004,VU,transit,1.0,tanker,0.9999999833064724,0.0,0.0,0.0,0.0,0.0,0.0,0.0,1.0,0.0,0.002430555555555555,0.3,0.2,0.3,Transit,Tanker
500027828,MV_BRA_CARGO_004,VU,transit,1.0,tanker,0.9999999834168858,0.0,0.0,0.0,0.0,0.0,0.0,0.0,1.0,0.0,0.002430555555555555,0.3,0.2,0.3,Transit,Tanker
500027828,MV_BRA_CARGO_004,VU,transit,1.0,tanker,0.9999999828790279,0.0,0.0,0.0,0.0,0.0,0.0,0.0,1.0,0.0,0.002430555555555555,0.3,0.2,0.3,Transit,Tanker
500027828,MV_BRA_CARGO_004,VU,transit,1.0,tanker,0.9999999836922153,0.0,0.0,0.0,0.0,0.0,0.0,0.0,1.0,0.0,0.002430555555555555,0.3,0.2,0.3,Transit,Tanker
500027828,MV_BRA_CARGO_004,VU,transit,1.0,tanker,0.9999999834168425,0.0,0.0,0.0,0.0,0.0,0.0,0.0,1.0,0.0,0.002430555555555555,0.3,0.2,0.3,Transit,Tanker
500027828,MV_BRA_CARGO_004,VU,transit,1.0,tanker,0.9999999834168425,0.0,0.0,0.0,0.0,0.0,0.0,0.0,1.0,0.0,0.002430555555555555,0.3,0.2,0.3,Transit,Tanker
500027829,MV_BRA_CARGO_005,BR,transit,1.0,tanker,0.9999999833065157,0.0,0.0,0.0,0.0,0.0,0.0,0.0,1.0,0.0,0.002430555555555555,0.0,0.1721697338320617,0.1721697338320617,Transit,Tanker
500027829,MV_BRA_CARGO_005,BR,transit,1.0,tanker,0.9999999834168858,0.0,0.0,0.0,0.0,0.0,0.0,0.0,1.0,0.0,0.002430555555555555,0.0,0.17280634649933715,0.17280634649933715,Transit,Tanker
500027829,MV_BRA_CARGO_005,BR,transit,1.0,tanker,0.9999999834168858,0.0,0.0,0.0,0.0,0.0,0.0,0.0,1.0,0.0,0.002430555555555555,0.0,0.1733872373718368,0.1733872373718368,Transit,Tanker
500027829,MV_BRA_CARGO_005,BR,transit,1.0,tanker,0.9999999834168858,0.0,0.0,0.0,0.0,0.0,0.0,0.0,1.0,0.0,0.002430555555555555,0.0,0.17459719326656886,0.17459719326656886,Transit,Tanker
500027829,MV_BRA_CARGO_005,BR,transit,1.0,tanker,0.9999999836922153,0.0,0.0,0.0,0.0,0.0,0.0,0.0,1.0,0.0,0.002430555555555555,0.0,0.17786246367466846,0.17786246367466846,Transit,Tanker
500027829,MV_BRA_CARGO_005,BR,transit,1.0,tanker,0.9999999834168858,0.0,0.0,0.0,0.0,0.0,0.0,0.0,1.0,0.0,0.002430555555555555,0.0,0.18212870065743433,0.18212870065743433,Transit,Tanker
500027829,MV_BRA_CARGO_005,BR,transit,1.0,tanker,0.9999999834454547,0.0,0.0,0.0,0.0,0.0,0.0,0.0,1.0,0.0,0.002430555555555555,0.0,0.1861983372601269,0.1861983372601269,Transit,Tanker
500027829,MV_BRA_CARGO_005,BR,transit,1.0,tanker,0.999999983693229,0.0,0.0,0.0,0.0,0.0,0.0,0.0,1.0,0.0,0.002430555555555555,0.0,0.19062407108140667,0.19062407108140667,Transit,Tanker
500027829,MV_BRA_CARGO_005,BR,transit,1.0,tanker,0.9999999836922153,0.0,0.0,0.0,0.0,0.0,0.0,0.0,1.0,0.0,0.002430555555555555,0.0,0.19571283599900702,0.19571283599900702,Transit,Tanker
500027829,MV_BRA_CARGO_005,BR,transit,1.0,tanker,0.9999999834454547,0.0,0.0,0.0,0.0,0.0,0.0,0.0,1.0,0.0,0.002430555555555555,0.0,0.2,0.2,Transit,Tanker
500027829,MV_BRA_CARGO_005,BR,transit,1.0,tanker,0.9999999834168858,0.0,0.0,0.0,0.0,0.0,0.0,0.0,1.0,0.0,0.002430555555555555,0.0,0.2,0.2,Transit,Tanker
500027829,MV_BRA_CARGO_005,BR,transit,1.0,tanker,0.9999999836922153,0.0,0.0,0.0,0.0,0.0,0.0,0.0,1.0,0.0,0.002430555555555555,0.0,0.2,0.2,Transit,Tanker
500027829,MV_BRA_CARGO_005,BR,transit,1.0,tanker,0.9999999834443996,0.0,0.0,0.0,0.0,0.0,0.0,0.0,1.0,0.0,0.002430555555555555,0.0,0.2,0.2,Transit,Tanker
500027829,MV_BRA_CARGO_005,BR,transit,1.0,tanker,0.9999999834197244,0.0,0.0,0.0,0.0,0.0,0.0,0.0,1.0,0.0,0.002430555555555555,0.0,0.2,0.2,Transit,Tanker
500027829,MV_BRA_CARGO_005,BR,transit,1.0,tanker,0.9999999834168858,0.0,0.0,0.0,0.0,0.0,0.0,0.0,1.0,0.0,0.002430555555555555,0.0,0.2,0.2,Transit,Tanker
500027829,MV_BRA_CARGO_005,BR,transit,1.0,tanker,0.9999999834168858,0.0,0.0,0.0,0.0,0.0,0.0,0.0,1.0,0.0,0.002430555555555555,0.0,0.2,0.2,Transit,Tanker
500027829,MV_BRA_CARGO_005,BR,transit,1.0,tanker,0.9999999834168858,0.0,0.0,0.0,0.0,0.0,0.0,0.0,1.0,0.0,0.002430555555555555,0.0,0.2,0.2,Transit,Tanker
500027829,MV_BRA_CARGO_005,BR,transit,1.0,tanker,0.9999999834197244,0.0,0.0,0.0,0.0,0.0,0.0,0.0,1.0,0.0,0.002430555555555555,0.0,0.2,0.2,Transit,Tanker
500027829,MV_BRA_CARGO_005,BR,transit,1.0,tanker,0.9999999834168858,0.0,0.0,0.0,0.0,0.0,0.0,0.0,1.0,0.0,0.002430555555555555,0.0,0.2,0.2,Transit,Tanker
500027829,MV_BRA_CARGO_005,BR,transit,1.0,tanker,0.9999999828790279,0.0,0.0,0.0,0.0,0.0,0.0,0.0,1.0,0.0,0.002430555555555555,0.0,0.2,0.2,Transit,Tanker
500027829,MV_BRA_CARGO_005,BR,transit,1.0,tanker,0.9999999834168858,0.0,0.0,0.0,0.0,0.0,0.0,0.0,1.0,0.0,0.002430555555555555,0.0,0.2,0.2,Transit,Tanker
500027829,MV_BRA_CARGO_005,BR,transit,1.0,tanker,0.9999999834168858,0.0,0.0,0.0,0.0,0.0,0.0,0.0,1.0,0.0,0.002430555555555555,0.0,0.2,0.2,Transit,Tanker
500027829,MV_BRA_CARGO_005,BR,transit,0.9813333333333333,tanker,0.9999999834476943,0.01866666666666666,0.0,0.0,0.0,0.0,0.0,0.0,0.9813333333333333,0.0,0.002430555555555555,0.0,0.19773803690442124,0.19773803690442124,Transit,Tanker
500027829,MV_BRA_CARGO_005,BR,transit,1.0,tanker,0.9999999836922153,0.0,0.0,0.0,0.0,0.0,0.0,0.0,1.0,0.0,0.002430555555555555,0.0,0.19311562918170608,0.19311562918170608,Transit,Tanker
500027829,MV_BRA_CARGO_005,BR,transit,1.0,tanker,0.9999999834477376,0.0,0.0,0.0,0.0,0.0,0.0,0.0,1.0,0.0,0.002430555555555555,0.0,0.18844681890059184,0.18844681890059184,Transit,Tanker
500027829,MV_BRA_CARGO_005,BR,transit,1.0,tanker,0.9999999836931857,0.0,0.0,0.0,0.0,0.0,0.0,0.0,1.0,0.0,0.002430555555555555,0.0,0.1835765153235218,0.1835765153235218,Transit,Tanker
500027829,MV_BRA_CARGO_005,BR,transit,1.0,tanker,0.9999999836922153,0.0,0.0,0.0,0.0,0.0,0.0,0.0,1.0,0.0,0.002430555555555555,0.0,0.17830731713902132,0.17830731713902132,Transit,Tanker
500027829,MV_BRA_CARGO_005,BR,transit,1.0,tanker,0.9999999836922153,0.0,0.0,0.0,0.0,0.0,0.0,0.0,1.0,0.0,0.002430555555555555,0.0,0.17277113221531523,0.17277113221531523,Transit,Tanker
500027829,MV_BRA_CARGO_005,BR,transit,1.0,tanker,0.9999999836922153,0.0,0.0,0.0,0.0,0.0,0.0,0.0,1.0,0.0,0.002430555555555555,0.0,0.16728341520763024,0.16728341520763024,Transit,Tanker
500027829,MV_BRA_CARGO_005,BR,transit,1.0,tanker,0.999999983692172,0.0,0.0,0.0,0.0,0.0,0.0,0.0,1.0,0.0,0.002430555555555555,0.0,0.1620993456784037,0.1620993456784037,Transit,Tanker
500027829,MV_BRA_CARGO_005,BR,transit,1.0,tanker,0.9999999836922153,0.0,0.0,0.0,0.0,0.0,0.0,0.0,1.0,0.0,0.002430555555555555,0.0,0.15729679267366425,0.15729679267366425,Transit,Tanker
500027829,MV_BRA_CARGO_005,BR,transit,1.0,tanker,0.9999999836922153,0.0,0.0,0.0,0.0,0.0,0.0,0.0,1.0,0.0,0.002430555555555555,0.0,0.1529594655299804,0.1529594655299804,Transit,Tanker
500027829,MV_BRA_CARGO_005,BR,transit,1.0,tanker,0.999999983693229,0.0,0.0,0.0,0.0,0.0,0.0,0.0,1.0,0.0,0.002430555555555555,0.0,0.1491269119610561,0.1491269119610561,Transit,Tanker
500027829,MV_BRA_CARGO_005,BR,transit,1.0,tanker,0.9999999834168858,0.0,0.0,0.0,0.0,0.0,0.0,0.0,1.0,0.0,0.002430555555555555,0.0,0.14593024112117112,0.14593024112117112,Transit,Tanker
500027829,MV_BRA_CARGO_005,BR,transit,0.9972222222222221,tanker,0.9999999834168858,0.0,0.0,0.0,0.0016666666666666668,0.0,0.0,0.0011111111111111111,0.9972222222222221,0.0,0.002430555555555555,0.0,0.14326278793071287,0.14326278793071287,Transit,Tanker
500027829,MV_BRA_CARGO_005,BR,transit,1.0,tanker,0.9999999836922153,0.0,0.0,0.0,0.0,0.0,0.0,0.0,1.0,0.0,0.002430555555555555,0.0,0.14087930236482477,0.14087930236482477,Transit,Tanker
500027829,MV_BRA_CARGO_005,BR,transit,1.0,tanker,0.9999999828790279,0.0,0.0,0.0,0.0,0.0,0.0,0.0,1.0,0.0,0.002430555555555555,0.0,0.1387359754114845,0.1387359754114845,Transit,Tanker
500027829,MV_BRA_CARGO_005,BR,transit,1.0,tanker,0.9999999834168858,0.0,0.0,0.0,0.0,0.0,0.0,0.0,1.0,0.0,0.002430555555555555,0.0,0.1371506574920561,0.1371506574920561,Transit,Tanker
500027829,MV_BRA_CARGO_005,BR,transit,1.0,tanker,0.9999999834168858,0.0,0.0,0.0,0.0,0.0,0.0,0.0,1.0,0.0,0.002430555555555555,0.0,0.13603835707887188,0.13603835707887188,Transit,Tanker
500027829,MV_BRA_CARGO_005,BR,transit,1.0,tanker,0.9999999836922153,0.0,0.0,0.0,0.0,0.0,0.0,0.0,1.0,0.0,0.002430555555555555,0.0,0.13534383374469092,0.13534383374469092,Transit,Tanker
500027829,MV_BRA_CARGO_005,BR,transit,1.0,tanker,0.9999999836922153,0.0,0.0,0.0,0.0,0.0,0.0,0.0,1.0,0.0,0.002430555555555555,0.0,0.13577083616162508,0.13577083616162508,Transit,Tanker
500027829,MV_BRA_CARGO_005,BR,transit,1.0,tanker,0.9999999834477376,0.0,0.0,0.0,0.0,0.0,0.0,0.0,1.0,0.0,0.002430555555555555,0.0,0.13742832819614514,0.13742832819614514,Transit,Tanker
500027829,MV_BRA_CARGO_005,BR,transit,0.9980555555555555,tanker,0.9999999834168858,0.0008333333333333334,0.0,0.0,0.0,0.0,0.0,0.0011111111111111111,0.9980555555555555,0.0,0.002430555555555555,0.0,0.13989621827509333,0.13989621827509333,Transit,Tanker
500027829,MV_BRA_CARGO_005,BR,transit,1.0,tanker,0.9999999834168858,0.0,0.0,0.0,0.0,0.0,0.0,0.0,1.0,0.0,0.002430555555555555,0.0,0.14256439140274055,0.14256439140274055,Transit,Tanker
500027829,MV_BRA_CARGO_005,BR,transit,1.0,tanker,0.9999999834168858,0.0,0.0,0.0,0.0,0.0,0.0,0.0,1.0,0.0,0.002430555555555555,0.0,0.14508188996988647,0.14508188996988647,Transit,Tanker
500027829,MV_BRA_CARGO_005,BR,transit,0.9979324894514767,tanker,0.9999999834454547,0.00037974683544303797,0.00016877637130801687,0.0,0.0,0.0,0.0,0.0015189873417721519,0.9979324894514767,0.0,0.002430555555555555,0.0,0.14773228329640092,0.14773228329640092,Transit,Tanker
500027829,MV_BRA_CARGO_005,BR,transit,1.0,tanker,0.9999999836922153,0.0,0.0,0.0,0.0,0.0,0.0,0.0,1.0,0.0,0.002430555555555555,0.0,0.15103588920803473,0.15103588920803473,Transit,Tanker
500027829,MV_BRA_CARGO_005,BR,transit,1.0,tanker,0.9999999834454547,0.0,0.0,0.0,0.0,0.0,0.0,0.0,1.0,0.0,0.002430555555555555,0.0,0.154281043572145,0.154281043572145,Transit,Tanker
500027829,MV_BRA_CARGO_005,BR,transit,0.9911111111111113,tanker,0.9999999834168425,0.008888888888888889,0.0,0.0,0.0,0.0,0.0,0.0,0.9911111111111113,0.0,0.002430555555555555,0.0,0.15657464831221984,0.15657464831221984,Transit,Tanker
500027829,MV_BRA_CARGO_005,BR,transit,1.0,tanker,0.9999999834168858,0.0,0.0,0.0,0.0,0.0,0.0,0.0,1.0,0.0,0.002430555555555555,0.0,0.15877799995617944,0.15877799995617944,Transit,Tanker
500027829,MV_BRA_CARGO_005,BR,transit,1.0,tanker,0.9999999834487492,0.0,0.0,0.0,0.0,0.0,0.0,0.0,1.0,0.0,0.002430555555555555,0.0,0.16169668058894748,0.16169668058894748,Transit,Tanker
500027829,MV_BRA_CARGO_005,BR,transit,1.0,tanker,0.999999983693229,0.0,0.0,0.0,0.0,0.0,0.0,0.0,1.0,0.0,0.002430555555555555,0.0,0.16495370406119989,0.16495370406119989,Transit,Tanker
500027829,MV_BRA_CARGO_005,BR,transit,1.0,tanker,0.999999983693229,0.0,0.0,0.0,0.0,0.0,0.0,0.0,1.0,0.0,0.002430555555555555,0.0,0.167869856551762,0.167869856551762,Transit,Tanker
500027829,MV_BRA_CARGO_005,BR,transit,1.0,tanker,0.9999999834168858,0.0,0.0,0.0,0.0,0.0,0.0,0.0,1.0,0.0,0.002430555555555555,0.0,0.17038106707417142,0.17038106707417142,Transit,Tanker
500027829,MV_BRA_CARGO_005,BR,transit,1.0,tanker,0.9999999834168858,0.0,0.0,0.0,0.0,0.0,0.0,0.0,1.0,0.0,0.002430555555555555,0.0,0.17255600283688266,0.17255600283688266,Transit,Tanker
500027829,MV_BRA_CARGO_005,BR,transit,1.0,tanker,0.9999999834444429,0.0,0.0,0.0,0.0,0.0,0.0,0.0,1.0,0.0,0.002430555555555555,0.0,0.17467726652618998,0.17467726652618998,Transit,Tanker
500027830,MV_BRA_CARGO_006,PA,transit,1.0,tanker,0.999999977664791,0.0,0.0,0.0,0.0,0.0,0.0,0.0,1.0,0.0,0.002430555555555555,0.3,0.2,0.3,Transit,Tanker
500027830,MV_BRA_CARGO_006,PA,transit,1.0,tanker,0.999999977664791,0.0,0.0,0.0,0.0,0.0,0.0,0.0,1.0,0.0,0.002430555555555555,0.3,0.2,0.3,Transit,Tanker
500027830,MV_BRA_CARGO_006,PA,transit,1.0,tanker,0.9999999769409048,0.0,0.0,0.0,0.0,0.0,0.0,0.0,1.0,0.0,0.002430555555555555,0.3,0.2,0.3,Transit,Tanker
500027830,MV_BRA_CARGO_006,PA,transit,1.0,tanker,0.9999999769409048,0.0,0.0,0.0,0.0,0.0,0.0,0.0,1.0,0.0,0.002430555555555555,0.3,0.2,0.3,Transit,Tanker
500027830,MV_BRA_CARGO_006,PA,transit,1.0,tanker,0.9999999780358237,0.0,0.0,0.0,0.0,0.0,0.0,0.0,1.0,0.0,0.002430555555555555,0.3,0.2,0.3,Transit,Tanker
500027830,MV_BRA_CARGO_006,PA,transit,1.0,tanker,0.9999999780358237,0.0,0.0,0.0,0.0,0.0,0.0,0.0,1.0,0.0,0.002430555555555555,0.3,0.2,0.3,Transit,Tanker
500027830,MV_BRA_CARGO_006,PA,transit,1.0,tanker,0.999999977664791,0.0,0.0,0.0,0.0,0.0,0.0,0.0,1.0,0.0,0.002430555555555555,0.3,0.2,0.3,Transit,Tanker
500027830,MV_BRA_CARGO_006,PA,transit,1.0,tanker,0.9999999776686141,0.0,0.0,0.0,0.0,0.0,0.0,0.0,1.0,0.0,0.002430555555555555,0.3,0.2,0.3,Transit,Tanker
500027830,MV_BRA_CARGO_006,PA,transit,1.0,tanker,0.9999999776686141,0.0,0.0,0.0,0.0,0.0,0.0,0.0,1.0,0.0,0.002430555555555555,0.3,0.2,0.3,Transit,Tanker
500027830,MV_BRA_CARGO_006,PA,transit,1.0,tanker,0.999999977664791,0.0,0.0,0.0,0.0,0.0,0.0,0.0,1.0,0.0,0.002430555555555555,0.3,0.2,0.3,Transit,Tanker
500027830,MV_BRA_CARGO_006,PA,transit,1.0,tanker,0.999999977664791,0.0,0.0,0.0,0.0,0.0,0.0,0.0,1.0,0.0,0.002430555555555555,0.3,0.2,0.3,Transit,Tanker
500027830,MV_BRA_CARGO_006,PA,transit,1.0,tanker,0.999999977664791,0.0,0.0,0.0,0.0,0.0,0.0,0.0,1.0,0.0,0.002430555555555555,0.3,0.2,0.3,Transit,Tanker
500027830,MV_BRA_CARGO_006,PA,transit,1.0,tanker,0.999999977664791,0.0,0.0,0.0,0.0,0.0,0.0,0.0,1.0,0.0,0.002430555555555555,0.3,0.2,0.3,Transit,Tanker
500027830,MV_BRA_CARGO_006,PA,transit,1.0,tanker,0.999999977664791,0.0,0.0,0.0,0.0,0.0,0.0,0.0,1.0,0.0,0.002430555555555555,0.3,0.2,0.3,Transit,Tanker
500027830,MV_BRA_CARGO_006,PA,transit,1.0,tanker,0.999999977664791,0.0,0.0,0.0,0.0,0.0,0.0,0.0,1.0,0.0,0.002430555555555555,0.3,0.2,0.3,Transit,Tanker
500027830,MV_BRA_CARGO_006,PA,transit,1.0,tanker,0.9999999776686141,0.0,0.0,0.0,0.0,0.0,0.0,0.0,1.0,0.0,0.002430555555555555,0.3,0.2,0.3,Transit,Tanker
500027830,MV_BRA_CARGO_006,PA,transit,1.0,tanker,0.999999977664791,0.0,0.0,0.0,0.0,0.0,0.0,0.0,1.0,0.0,0.002430555555555555,0.3,0.2,0.3,Transit,Tanker
500027830,MV_BRA_CARGO_006,PA,transit,1.0,tanker,0.999999977664791,0.0,0.0,0.0,0.0,0.0,0.0,0.0,1.0,0.0,0.002430555555555555,0.3,0.2,0.3,Transit,Tanker
500027830,MV_BRA_CARGO_006,PA,transit,1.0,tanker,0.9999999776686141,0.0,0.0,0.0,0.0,0.0,0.0,0.0,1.0,0.0,0.002430555555555555,0.3,0.2,0.3,Transit,Tanker
500027830,MV_BRA_CARGO_006,PA,transit,1.0,tanker,0.9999999777032695,0.0,0.0,0.0,0.0,0.0,0.0,0.0,1.0,0.0,0.002430555555555555,0.3,0.2,0.3,Transit,Tanker
500027830,MV_BRA_CARGO_006,PA,transit,1.0,tanker,0.9999999780358237,0.0,0.0,0.0,0.0,0.0,0.0,0.0,1.0,0.0,0.002430555555555555,0.3,0.2,0.3,Transit,Tanker
500027830,MV_BRA_CARGO_006,PA,transit,1.0,tanker,0.9999999777019069,0.0,0.0,0.0,0.0,0.0,0.0,0.0,1.0,0.0,0.002430555555555555,0.3,0.2,0.3,Transit,Tanker
500027830,MV_BRA_CARGO_006,PA,transit,1.0,tanker,0.999999977664791,0.0,0.0,0.0,0.0,0.0,0.0,0.0,1.0,0.0,0.002430555555555555,0.3,0.2,0.3,Transit,Tanker
500027830,MV_BRA_CARGO_006,PA,transit,1.0,tanker,0.9999999769408464,0.0,0.0,0.0,0.0,0.0,0.0,0.0,1.0,0.0,0.002430555555555555,0.3,0.2,0.3,Transit,Tanker
500027830,MV_BRA_CARGO_006,PA,transit,1.0,tanker,0.9999999769408464,0.0,0.0,0.0,0.0,0.0,0.0,0.0,1.0,0.0,0.002430555555555555,0.3,0.2,0.3,Transit,Tanker
500027830,MV_BRA_CARGO_006,PA,transit,1.0,tanker,0.9999999769409048,0.0,0.0,0.0,0.0,0.0,0.0,0.0,1.0,0.0,0.002430555555555555,0.3,0.2,0.3,Transit,Tanker
500027830,MV_BRA_CARGO_006,PA,transit,1.0,tanker,0.9999999769409048,0.0,0.0,0.0,0.0,0.0,0.0,0.0,1.0,0.0,0.002430555555555555,0.3,0.2,0.3,Transit,Tanker
500027830,MV_BRA_CARGO_006,PA,transit,1.0,tanker,0.9999999775161371,0.0,0.0,0.0,0.0,0.0,0.0,0.0,1.0,0.0,0.002430555555555555,0.3,0.2,0.3,Transit,Tanker
500027830,MV_BRA_CARGO_006,PA,transit,1.0,tanker,0.9999999776685558,0.0,0.0,0.0,0.0,0.0,0.0,0.0,1.0,0.0,0.002430555555555555,0.3,0.2,0.3,Transit,Tanker
500027830,MV_BRA_CARGO_006,PA,transit,1.0,tanker,0.999999977664791,0.0,0.0,0.0,0.0,0.0,0.0,0.0,1.0,0.0,0.002430555555555555,0.3,0.2,0.3,Transit,Tanker
500027830,MV_BRA_CARGO_006,PA,transit,1.0,tanker,0.9999999780361435,0.0,0.0,0.0,0.0,0.0,0.0,0.0,1.0,0.0,0.002430555555555555,0.3,0.2,0.3,Transit,Tanker
500027830,MV_BRA_CARGO_006,PA,transit,1.0,tanker,0.9999999769409048,0.0,0.0,0.0,0.0,0.0,0.0,0.0,1.0,0.0,0.002430555555555555,0.3,0.2,0.3,Transit,Tanker
500027830,MV_BRA_CARGO_006,PA,transit,0.9983333333333333,tanker,0.999999977664791,0.0,0.0,0.0,0.0,0.0,0.0,0.0016666666666666668,0.9983333333333333,0.0,0.002430555555555555,0.3,0.2,0.3,Transit,Tanker
500027830,MV_BRA_CARGO_006,PA,transit,0.9983333333333333,tanker,0.9999999776686141,0.0,0.0,0.0,0.0,0.0,0.0,0.0016666666666666668,0.9983333333333333,0.0,0.002430555555555555,0.3,0.2,0.3,Transit,Tanker
500027830,MV_BRA_CARGO_006,PA,transit,1.0,tanker,0.9999999776686141,0.0,0.0,0.0,0.0,0.0,0.0,0.0,1.0,0.0,0.002430555555555555,0.3,0.2,0.3,Transit,Tanker
500027830,MV_BRA_CARGO_006,PA,transit,1.0,tanker,0.999999977664791,0.0,0.0,0.0,0.0,0.0,0.0,0.0,1.0,0.0,0.002430555555555555,0.3,0.2,0.3,Transit,Tanker
500027830,MV_BRA_CARGO_006,PA,transit,1.0,tanker,0.999999977664791,0.0,0.0,0.0,0.0,0.0,0.0,0.0,1.0,0.0,0.002430555555555555,0.3,0.2,0.3,Transit,Tanker
500027830,MV_BRA_CARGO_006,PA,transit,1.0,tanker,0.999999977664791,0.0,0.0,0.0,0.0,0.0,0.0,0.0,1.0,0.0,0.002430555555555555,0.3,0.2,0.3,Transit,Tanker
500027830,MV_BRA_CARGO_006,PA,transit,1.0,tanker,0.999999977664791,0.0,0.0,0.0,0.0,0.0,0.0,0.0,1.0,0.0,0.002430555555555555,0.3,0.2,0.3,Transit,Tanker
500027830,MV_BRA_CARGO_006,PA,transit,1.0,tanker,0.9999999775161371,0.0,0.0,0.0,0.0,0.0,0.0,0.0,1.0,0.0,0.002430555555555555,0.3,0.2,0.3,Transit,Tanker
500027830,MV_BRA_CARGO_006,PA,transit,1.0,tanker,0.999999977520044,0.0,0.0,0.0,0.0,0.0,0.0,0.0,1.0,0.0,0.002430555555555555,0.3,0.2,0.3,Transit,Tanker
500027830,MV_BRA_CARGO_006,PA,transit,1.0,tanker,0.9999999776647326,0.0,0.0,0.0,0.0,0.0,0.0,0.0,1.0,0.0,0.002430555555555555,0.3,0.2,0.3,Transit,Tanker
500027830,MV_BRA_CARGO_006,PA,transit,1.0,tanker,0.999999977664791,0.0,0.0,0.0,0.0,0.0,0.0,0.0,1.0,0.0,0.002430555555555555,0.3,0.2,0.3,Transit,Tanker
500027830,MV_BRA_CARGO_006,PA,transit,1.0,tanker,0.999999977664791,0.0,0.0,0.0,0.0,0.0,0.0,0.0,1.0,0.0,0.002430555555555555,0.3,0.2,0.3,Transit,Tanker
500027830,MV_BRA_CARGO_006,PA,transit,1.0,tanker,0.9999999777065398,0.0,0.0,0.0,0.0,0.0,0.0,0.0,1.0,0.0,0.002430555555555555,0.3,0.2,0.3,Transit,Tanker
500027830,MV_BRA_CARGO_006,PA,transit,1.0,tanker,0.9999999780358237,0.0,0.0,0.0,0.0,0.0,0.0,0.0,1.0,0.0,0.002430555555555555,0.3,0.2,0.3,Transit,Tanker
500027830,MV_BRA_CARGO_006,PA,transit,1.0,tanker,0.9999999776647326,0.0,0.0,0.0,0.0,0.0,0.0,0.0,1.0,0.0,0.002430555555555555,0.3,0.2,0.3,Transit,Tanker
500027830,MV_BRA_CARGO_006,PA,transit,1.0,tanker,0.9999999776647326,0.0,0.0,0.0,0.0,0.0,0.0,0.0,1.0,0.0,0.002430555555555555,0.3,0.2,0.3,Transit,Tanker
500027830,MV_BRA_CARGO_006,PA,transit,1.0,tanker,0.9999999776686141,0.0,0.0,0.0,0.0,0.0,0.0,0.0,1.0,0.0,0.002430555555555555,0.3,0.2,0.3,Transit,Tanker
500027830,MV_BRA_CARGO_006,PA,transit,0.966559473578461,tanker,0.9999999776647326,0.014157524613220816,0.00016877637130801687,0.0,0.0,0.0044444444444444444,0.0,0.014669780992565802,0.966559473578461,0.0,0.002430555555555555,0.3,0.2,0.3,Transit,Tanker
500027830,MV_BRA_CARGO_006,PA,transit,1.0,tanker,0.999999977664791,0.0,0.0,0.0,0.0,0.0,0.0,0.0,1.0,0.0,0.002430555555555555,0.3,0.2,0.3,Transit,Tanker
500027830,MV_BRA_CARGO_006,PA,transit,1.0,tanker,0.999999977664791,0.0,0.0,0.0,0.0,0.0,0.0,0.0,1.0,0.0,0.002430555555555555,0.3,0.2,0.3,Transit,Tanker
500027830,MV_BRA_CARGO_006,PA,transit,1.0,tanker,0.999999977664791,0.0,0.0,0.0,0.0,0.0,0.0,0.0,1.0,0.0,0.002430555555555555,0.3,0.2,0.3,Transit,Tanker
500027830,MV_BRA_CARGO_006,PA,transit,1.0,tanker,0.999999977664791,0.0,0.0,0.0,0.0,0.0,0.0,0.0,1.0,0.0,0.002430555555555555,0.3,0.2,0.3,Transit,Tanker
500027830,MV_BRA_CARGO_006,PA,transit,1.0,tanker,0.999999977664791,0.0,0.0,0.0,0.0,0.0,0.0,0.0,1.0,0.0,0.002430555555555555,0.3,0.2,0.3,Transit,Tanker
500027830,MV_BRA_CARGO_006,PA,transit,1.0,tanker,0.9999999769408464,0.0,0.0,0.0,0.0,0.0,0.0,0.0,1.0,0.0,0.002430555555555555,0.3,0.2,0.3,Transit,Tanker
500027831,MV_BRA_CARGO_007,PA,transit,1.0,tanker,0.9999999834187132,0.0,0.0,0.0,0.0,0.0,0.0,0.0,1.0,0.0,0.002430555555555555,0.3,0.2,0.3,Transit,Tanker
500027831,MV_BRA_CARGO_007,PA,transit,1.0,tanker,0.9999999834187565,0.0,0.0,0.0,0.0,0.0,0.0,0.0,1.0,0.0,0.002430555555555555,0.3,0.2,0.3,Transit,Tanker
500027831,MV_BRA_CARGO_007,PA,transit,1.0,tanker,0.9999999834187565,0.0,0.0,0.0,0.0,0.0,0.0,0.0,1.0,0.0,0.002430555555555555,0.3,0.2,0.3,Transit,Tanker
500027831,MV_BRA_CARGO_007,PA,transit,1.0,tanker,0.9999999834187565,0.0,0.0,0.0,0.0,0.0,0.0,0.0,1.0,0.0,0.002430555555555555,0.3,0.2,0.3,Transit,Tanker
500027831,MV_BRA_CARGO_007,PA,transit,1.0,tanker,0.9999999834187565,0.0,0.0,0.0,0.0,0.0,0.0,0.0,1.0,0.0,0.002430555555555555,0.3,0.2,0.3,Transit,Tanker
500027831,MV_BRA_CARGO_007,PA,transit,1.0,tanker,0.9999999834187565,0.0,0.0,0.0,0.0,0.0,0.0,0.0,1.0,0.0,0.002430555555555555,0.3,0.2,0.3,Transit,Tanker
500027831,MV_BRA_CARGO_007,PA,transit,1.0,tanker,0.9999999834158746,0.0,0.0,0.0,0.0,0.0,0.0,0.0,1.0,0.0,0.002430555555555555,0.3,0.2,0.3,Transit,Tanker
500027831,MV_BRA_CARGO_007,PA,transit,0.9973333333333333,tanker,0.9999999834159179,0.0,0.0,0.0,0.0,0.0,0.0,0.002666666666666667,0.9973333333333333,0.0,0.002430555555555555,0.3,0.2,0.3,Transit,Tanker
500027831,MV_BRA_CARGO_007,PA,transit,0.9973333333333333,tanker,0.9999999834159179,0.0,0.0,0.0,0.0,0.0,0.0,0.002666666666666667,0.9973333333333333,0.0,0.002430555555555555,0.3,0.2,0.3,Transit,Tanker
500027831,MV_BRA_CARGO_007,PA,transit,1.0,tanker,0.99999998287806,0.0,0.0,0.0,0.0,0.0,0.0,0.0,1.0,0.0,0.002430555555555555,0.3,0.2,0.3,Transit,Tanker
500027831,MV_BRA_CARGO_007,PA,transit,1.0,tanker,0.99999998287806,0.0,0.0,0.0,0.0,0.0,0.0,0.0,1.0,0.0,0.002430555555555555,0.3,0.2,0.3,Transit,Tanker
500027831,MV_BRA_CARGO_007,PA,transit,1.0,tanker,0.9999999834158746,0.0,0.0,0.0,0.0,0.0,0.0,0.0,1.0,0.0,0.002430555555555555,0.3,0.2,0.3,Transit,Tanker
500027831,MV_BRA_CARGO_007,PA,transit,1.0,tanker,0.9999999836912044,0.0,0.0,0.0,0.0,0.0,0.0,0.0,1.0,0.0,0.002430555555555555,0.3,0.2,0.3,Transit,Tanker
500027831,MV_BRA_CARGO_007,PA,transit,0.9983333333333333,tanker,0.99999998287806,0.0016666666666666668,0.0,0.0,0.0,0.0,0.0,0.0,0.9983333333333333,0.0,0.002430555555555555,0.3,0.2,0.3,Transit,Tanker
500027831,MV_BRA_CARGO_007,PA,transit,1.0,tanker,0.9999999834159179,0.0,0.0,0.0,0.0,0.0,0.0,0.0,1.0,0.0,0.002430555555555555,0.3,0.2,0.3,Transit,Tanker
500027831,MV_BRA_CARGO_007,PA,transit,1.0,tanker,0.9999999834187565,0.0,0.0,0.0,0.0,0.0,0.0,0.0,1.0,0.0,0.002430555555555555,0.3,0.2,0.3,Transit,Tanker
500027831,MV_BRA_CARGO_007,PA,transit,1.0,tanker,0.9999999834187565,0.0,0.0,0.0,0.0,0.0,0.0,0.0,1.0,0.0,0.002430555555555555,0.3,0.2,0.3,Transit,Tanker
500027831,MV_BRA_CARGO_007,PA,transit,1.0,tanker,0.9999999834444868,0.0,0.0,0.0,0.0,0.0,0.0,0.0,1.0,0.0,0.002430555555555555,0.3,0.2,0.3,Transit,Tanker
500027831,MV_BRA_CARGO_007,PA,transit,1.0,tanker,0.999999983443475,0.0,0.0,0.0,0.0,0.0,0.0,0.0,1.0,0.0,0.002430555555555555,0.3,0.2,0.3,Transit,Tanker
500027831,MV_BRA_CARGO_007,PA,transit,1.0,tanker,0.9999999834159179,0.0,0.0,0.0,0.0,0.0,0.0,0.0,1.0,0.0,0.002430555555555555,0.3,0.2,0.3,Transit,Tanker
500027831,MV_BRA_CARGO_007,PA,transit,1.0,tanker,0.9999999834159179,0.0,0.0,0.0,0.0,0.0,0.0,0.0,1.0,0.0,0.002430555555555555,0.3,0.2,0.3,Transit,Tanker
500027831,MV_BRA_CARGO_007,PA,transit,1.0,tanker,0.9999999836912477,0.0,0.0,0.0,0.0,0.0,0.0,0.0,1.0,0.0,0.002430555555555555,0.3,0.2,0.3,Transit,Tanker
500027831,MV_BRA_CARGO_007,PA,transit,1.0,tanker,0.9999999836912477,0.0,0.0,0.0,0.0,0.0,0.0,0.0,1.0,0.0,0.002430555555555555,0.3,0.2,0.3,Transit,Tanker
500027831,MV_BRA_CARGO_007,PA,transit,1.0,tanker,0.9999999836912477,0.0,0.0,0.0,0.0,0.0,0.0,0.0,1.0,0.0,0.002430555555555555,0.3,0.2,0.3,Transit,Tanker
500027831,MV_BRA_CARGO_007,PA,transit,1.0,tanker,0.9999999834159179,0.0,0.0,0.0,0.0,0.0,0.0,0.0,1.0,0.0,0.002430555555555555,0.3,0.2,0.3,Transit,Tanker
500027831,MV_BRA_CARGO_007,PA,transit,1.0,tanker,0.9999999834467264,0.0,0.0,0.0,0.0,0.0,0.0,0.0,1.0,0.0,0.002430555555555555,0.3,0.2,0.3,Transit,Tanker
500027831,MV_BRA_CARGO_007,PA,transit,1.0,tanker,0.9999999836912477,0.0,0.0,0.0,0.0,0.0,0.0,0.0,1.0,0.0,0.002430555555555555,0.3,0.2,0.3,Transit,Tanker
500027831,MV_BRA_CARGO_007,PA,transit,1.0,tanker,0.99999998287806,0.0,0.0,0.0,0.0,0.0,0.0,0.0,1.0,0.0,0.002430555555555555,0.3,0.2,0.3,Transit,Tanker
500027831,MV_BRA_CARGO_007,PA,transit,1.0,tanker,0.9999999834467697,0.0,0.0,0.0,0.0,0.0,0.0,0.0,1.0,0.0,0.002430555555555555,0.3,0.2,0.3,Transit,Tanker
500027831,MV_BRA_CARGO_007,PA,transit,1.0,tanker,0.9999999836912477,0.0,0.0,0.0,0.0,0.0,0.0,0.0,1.0,0.0,0.002430555555555555,0.3,0.2,0.3,Transit,Tanker
500027831,MV_BRA_CARGO_007,PA,transit,1.0,tanker,0.9999999834159179,0.0,0.0,0.0,0.0,0.0,0.0,0.0,1.0,0.0,0.002430555555555555,0.3,0.2,0.3,Transit,Tanker
500027831,MV_BRA_CARGO_007,PA,transit,1.0,tanker,0.9999999834187565,0.0,0.0,0.0,0.0,0.0,0.0,0.0,1.0,0.0,0.002430555555555555,0.3,0.2,0.3,Transit,Tanker
500027831,MV_BRA_CARGO_007,PA,transit,1.0,tanker,0.9999999833055478,0.0,0.0,0.0,0.0,0.0,0.0,0.0,1.0,0.0,0.002430555555555555,0.3,0.2,0.3,Transit,Tanker
500027831,MV_BRA_CARGO_007,PA,transit,1.0,tanker,0.99999998287806,0.0,0.0,0.0,0.0,0.0,0.0,0.0,1.0,0.0,0.002430555555555555,0.3,0.2,0.3,Transit,Tanker
500027831,MV_BRA_CARGO_007,PA,transit,1.0,tanker,0.9999999834159179,0.0,0.0,0.0,0.0,0.0,0.0,0.0,1.0,0.0,0.002430555555555555,0.3,0.2,0.3,Transit,Tanker
500027831,MV_BRA_CARGO_007,PA,transit,1.0,tanker,0.9999999834159179,0.0,0.0,0.0,0.0,0.0,0.0,0.0,1.0,0.0,0.002430555555555555,0.3,0.2,0.3,Transit,Tanker
500027831,MV_BRA_CARGO_007,PA,transit,1.0,tanker,0.999999983443475,0.0,0.0,0.0,0.0,0.0,0.0,0.0,1.0,0.0,0.002430555555555555,0.3,0.2,0.3,Transit,Tanker
500027831,MV_BRA_CARGO_007,PA,transit,1.0,tanker,0.9999999834467264,0.0,0.0,0.0,0.0,0.0,0.0,0.0,1.0,0.0,0.002430555555555555,0.3,0.2,0.3,Transit,Tanker
500027831,MV_BRA_CARGO_007,PA,transit,1.0,tanker,0.9999999834159179,0.0,0.0,0.0,0.0,0.0,0.0,0.0,1.0,0.0,0.002430555555555555,0.3,0.2,0.3,Transit,Tanker
500027831,MV_BRA_CARGO_007,PA,transit,1.0,tanker,0.9999999834159179,0.0,0.0,0.0,0.0,0.0,0.0,0.0,1.0,0.0,0.002430555555555555,0.3,0.2,0.3,Transit,Tanker
500027831,MV_BRA_CARGO_007,PA,transit,0.9979999999999999,tanker,0.9999999834187565,0.0,0.0,0.0,0.0,0.0,0.0,0.002,0.9979999999999999,0.0,0.002430555555555555,0.3,0.2,0.3,Transit,Tanker
500027831,MV_BRA_CARGO_007,PA,transit,1.0,tanker,0.9999999834159179,0.0,0.0,0.0,0.0,0.0,0.0,0.0,1.0,0.0,0.002430555555555555,0.3,0.2,0.3,Transit,Tanker
500027831,MV_BRA_CARGO_007,PA,transit,1.0,tanker,0.9999999834159179,0.0,0.0,0.0,0.0,0.0,0.0,0.0,1.0,0.0,0.002430555555555555,0.3,0.2,0.3,Transit,Tanker
500027831,MV_BRA_CARGO_007,PA,transit,1.0,tanker,0.9999999834159179,0.0,0.0,0.0,0.0,0.0,0.0,0.0,1.0,0.0,0.002430555555555555,0.3,0.2,0.3,Transit,Tanker
500027831,MV_BRA_CARGO_007,PA,transit,1.0,tanker,0.9999999836922611,0.0,0.0,0.0,0.0,0.0,0.0,0.0,1.0,0.0,0.002430555555555555,0.3,0.2,0.3,Transit,Tanker
500027831,MV_BRA_CARGO_007,PA,transit,1.0,tanker,0.9999999836922611,0.0,0.0,0.0,0.0,0.0,0.0,0.0,1.0,0.0,0.002430555555555555,0.3,0.2,0.3,Transit,Tanker
500027831,MV_BRA_CARGO_007,PA,transit,0.9973333333333333,tanker,0.9999999834159179,0.0,0.0,0.0,0.0,0.0,0.0,0.002666666666666667,0.9973333333333333,0.0,0.002430555555555555,0.3,0.2,0.3,Transit,Tanker
500027831,MV_BRA_CARGO_007,PA,transit,1.0,tanker,0.9999999834187565,0.0,0.0,0.0,0.0,0.0,0.0,0.0,1.0,0.0,0.002430555555555555,0.3,0.2,0.3,Transit,Tanker
500027831,MV_BRA_CARGO_007,PA,transit,1.0,tanker,0.9999999834159179,0.0,0.0,0.0,0.0,0.0,0.0,0.0,1.0,0.0,0.002430555555555555,0.3,0.2,0.3,Transit,Tanker
500027831,MV_BRA_CARGO_007,PA,transit,1.0,tanker,0.9999999834159179,0.0,0.0,0.0,0.0,0.0,0.0,0.0,1.0,0.0,0.002430555555555555,0.3,0.2,0.3,Transit,Tanker
500027831,MV_BRA_CARGO_007,PA,transit,1.0,tanker,0.9999999834159179,0.0,0.0,0.0,0.0,0.0,0.0,0.0,1.0,0.0,0.002430555555555555,0.3,0.2,0.3,Transit,Tanker
500027831,MV_BRA_CARGO_007,PA,transit,1.0,tanker,0.9999999834187565,0.0,0.0,0.0,0.0,0.0,0.0,0.0,1.0,0.0,0.002430555555555555,0.3,0.2,0.3,Transit,Tanker
500027831,MV_BRA_CARGO_007,PA,transit,1.0,tanker,0.9999999834159179,0.0,0.0,0.0,0.0,0.0,0.0,0.0,1.0,0.0,0.002430555555555555,0.3,0.2,0.3,Transit,Tanker
500027831,MV_BRA_CARGO_007,PA,transit,0.9977777777777779,tanker,0.9999999834159179,0.0,0.0,0.0,0.0,0.0,0.0,0.0022222222222222222,0.9977777777777779,0.0,0.002430555555555555,0.3,0.2,0.3,Transit,Tanker
500027831,MV_BRA_CARGO_007,PA,transit,1.0,tanker,0.9999999834159179,0.0,0.0,0.0,0.0,0.0,0.0,0.0,1.0,0.0,0.002430555555555555,0.3,0.2,0.3,Transit,Tanker
500027831,MV_BRA_CARGO_007,PA,transit,0.9945991561181434,tanker,0.9999999834159179,0.00037974683544303797,0.00016877637130801687,0.0,0.0,0.0033333333333333335,0.0,0.0015189873417721519,0.9945991561181434,0.0,0.002430555555555555,0.3,0.2,0.3,Transit,Tanker
500027832,MV_BRA_CARGO_008,CN,transit,1.0,bulk_carrier,0.9999999796036745,0.0,0.0,0.0,0.0,0.0,0.0,0.0,1.0,0.0,0.002430555555555555,0.0,0.0,0.002430555555555555,Transit,Bulk Carrier
500027832,MV_BRA_CARGO_008,CN,transit,1.0,bulk_carrier,0.999999979603722,0.0,0.0,0.0,0.0,0.0,0.0,0.0,1.0,0.0,0.002430555555555555,0.0,0.0,0.002430555555555555,Transit,Bulk Carrier
500027832,MV_BRA_CARGO_008,CN,transit,1.0,bulk_carrier,0.9999999796006132,0.0,0.0,0.0,0.0,0.0,0.0,0.0,1.0,0.0,0.002430555555555555,0.0,0.0,0.002430555555555555,Transit,Bulk Carrier
500027832,MV_BRA_CARGO_008,CN,transit,1.0,bulk_carrier,0.9999999796005938,0.0,0.0,0.0,0.0,0.0,0.0,0.0,1.0,0.0,0.002430555555555555,0.0,0.0,0.002430555555555555,Transit,Bulk Carrier
500027832,MV_BRA_CARGO_008,CN,transit,1.0,bulk_carrier,0.9999999796005938,0.0,0.0,0.0,0.0,0.0,0.0,0.0,1.0,0.0,0.002430555555555555,0.0,0.0,0.002430555555555555,Transit,Bulk Carrier
500027832,MV_BRA_CARGO_008,CN,transit,1.0,bulk_carrier,0.999999979603722,0.0,0.0,0.0,0.0,0.0,0.0,0.0,1.0,0.0,0.002430555555555555,0.0,0.0,0.002430555555555555,Transit,Bulk Carrier
500027832,MV_BRA_CARGO_008,CN,transit,1.0,bulk_carrier,0.999999979603722,0.0,0.0,0.0,0.0,0.0,0.0,0.0,1.0,0.0,0.002430555555555555,0.0,0.0,0.002430555555555555,Transit,Bulk Carrier
500027832,MV_BRA_CARGO_008,CN,transit,1.0,bulk_carrier,0.9999999796005938,0.0,0.0,0.0,0.0,0.0,0.0,0.0,1.0,0.0,0.002430555555555555,0.0,0.0,0.002430555555555555,Transit,Bulk Carrier
500027832,MV_BRA_CARGO_008,CN,transit,1.0,bulk_carrier,0.9999999796006132,0.0,0.0,0.0,0.0,0.0,0.0,0.0,1.0,0.0,0.002430555555555555,0.0,0.0,0.002430555555555555,Transit,Bulk Carrier
500027832,MV_BRA_CARGO_008,CN,transit,1.0,bulk_carrier,0.9999999796006132,0.0,0.0,0.0,0.0,0.0,0.0,0.0,1.0,0.0,0.002430555555555555,0.0,0.0,0.002430555555555555,Transit,Bulk Carrier
500027832,MV_BRA_CARGO_008,CN,transit,1.0,bulk_carrier,0.9999999790658027,0.0,0.0,0.0,0.0,0.0,0.0,0.0,1.0,0.0,0.002430555555555555,0.0,0.0,0.002430555555555555,Transit,Bulk Carrier
500027832,MV_BRA_CARGO_008,CN,transit,1.0,bulk_carrier,0.9999999796005938,0.0,0.0,0.0,0.0,0.0,0.0,0.0,1.0,0.0,0.002430555555555555,0.0,0.0,0.002430555555555555,Transit,Bulk Carrier
500027832,MV_BRA_CARGO_008,CN,transit,1.0,bulk_carrier,0.999999979603722,0.0,0.0,0.0,0.0,0.0,0.0,0.0,1.0,0.0,0.002430555555555555,0.0,0.0,0.002430555555555555,Transit,Bulk Carrier
500027832,MV_BRA_CARGO_008,CN,transit,1.0,bulk_carrier,0.999999979603722,0.0,0.0,0.0,0.0,0.0,0.0,0.0,1.0,0.0,0.002430555555555555,0.0,0.0,0.002430555555555555,Transit,Bulk Carrier
500027832,MV_BRA_CARGO_008,CN,transit,1.0,bulk_carrier,0.9999999796005938,0.0,0.0,0.0,0.0,0.0,0.0,0.0,1.0,0.0,0.002430555555555555,0.0,0.0,0.002430555555555555,Transit,Bulk Carrier
500027832,MV_BRA_CARGO_008,CN,transit,1.0,bulk_carrier,0.9999999796005938,0.0,0.0,0.0,0.0,0.0,0.0,0.0,1.0,0.0,0.002430555555555555,0.0,0.0,0.002430555555555555,Transit,Bulk Carrier
500027832,MV_BRA_CARGO_008,CN,transit,1.0,bulk_carrier,0.9999999790488949,0.0,0.0,0.0,0.0,0.0,0.0,0.0,1.0,0.0,0.002430555555555555,0.0,0.0,0.002430555555555555,Transit,Bulk Carrier
500027832,MV_BRA_CARGO_008,CN,transit,1.0,bulk_carrier,0.9999999796005938,0.0,0.0,0.0,0.0,0.0,0.0,0.0,1.0,0.0,0.002430555555555555,0.0,0.0,0.002430555555555555,Transit,Bulk Carrier
500027832,MV_BRA_CARGO_008,CN,transit,1.0,bulk_carrier,0.9999999796005938,0.0,0.0,0.0,0.0,0.0,0.0,0.0,1.0,0.0,0.002430555555555555,0.0,0.0,0.002430555555555555,Transit,Bulk Carrier
500027832,MV_BRA_CARGO_008,CN,transit,1.0,bulk_carrier,0.9999999796005938,0.0,0.0,0.0,0.0,0.0,0.0,0.0,1.0,0.0,0.002430555555555555,0.0,0.0,0.002430555555555555,Transit,Bulk Carrier
500027832,MV_BRA_CARGO_008,CN,transit,1.0,bulk_carrier,0.9999999796006132,0.0,0.0,0.0,0.0,0.0,0.0,0.0,1.0,0.0,0.002430555555555555,0.0,0.0,0.002430555555555555,Transit,Bulk Carrier
500027832,MV_BRA_CARGO_008,CN,transit,1.0,bulk_carrier,0.9999999796005938,0.0,0.0,0.0,0.0,0.0,0.0,0.0,1.0,0.0,0.002430555555555555,0.0,0.0,0.002430555555555555,Transit,Bulk Carrier
500027832,MV_BRA_CARGO_008,CN,transit,1.0,bulk_carrier,0.9999999796005938,0.0,0.0,0.0,0.0,0.0,0.0,0.0,1.0,0.0,0.002430555555555555,0.0,0.0,0.002430555555555555,Transit,Bulk Carrier
500027832,MV_BRA_CARGO_008,CN,transit,1.0,bulk_carrier,0.9999999796005938,0.0,0.0,0.0,0.0,0.0,0.0,0.0,1.0,0.0,0.002430555555555555,0.0,0.0,0.002430555555555555,Transit,Bulk Carrier
500027832,MV_BRA_CARGO_008,CN,transit,1.0,bulk_carrier,0.9999999796036745,0.0,0.0,0.0,0.0,0.0,0.0,0.0,1.0,0.0,0.002430555555555555,0.0,0.0,0.002430555555555555,Transit,Bulk Carrier
500027832,MV_BRA_CARGO_008,CN,transit,1.0,bulk_carrier,0.999999979603722,0.0,0.0,0.0,0.0,0.0,0.0,0.0,1.0,0.0,0.002430555555555555,0.0,0.0,0.002430555555555555,Transit,Bulk Carrier
500027832,MV_BRA_CARGO_008,CN,transit,0.9983333333333333,bulk_carrier,0.9999999798493551,0.0016666666666666668,0.0,0.0,0.0,0.0,0.0,0.0,0.9983333333333333,0.0,0.002430555555555555,0.0,0.0,0.002430555555555555,Transit,Bulk Carrier
500027832,MV_BRA_CARGO_008,CN,transit,1.0,bulk_carrier,0.9999999797561412,0.0,0.0,0.0,0.0,0.0,0.0,0.0,1.0,0.0,0.002430555555555555,0.0,0.0,0.002430555555555555,Transit,Bulk Carrier
500027832,MV_BRA_CARGO_008,CN,transit,0.9991666666666666,bulk_carrier,0.9999999797518488,0.0008333333333333334,0.0,0.0,0.0,0.0,0.0,0.0,0.9991666666666666,0.0,0.002430555555555555,0.0,0.0,0.002430555555555555,Transit,Bulk Carrier
500027832,MV_BRA_CARGO_008,CN,transit,1.0,bulk_carrier,0.9999999794789403,0.0,0.0,0.0,0.0,0.0,0.0,0.0,1.0,0.0,0.002430555555555555,0.0,0.0,0.002430555555555555,Transit,Bulk Carrier
500027832,MV_BRA_CARGO_008,CN,transit,1.0,bulk_carrier,0.9999999796005938,0.0,0.0,0.0,0.0,0.0,0.0,0.0,1.0,0.0,0.002430555555555555,0.0,0.0,0.002430555555555555,Transit,Bulk Carrier
500027832,MV_BRA_CARGO_008,CN,transit,0.9983333333333333,bulk_carrier,0.9999999796036745,0.0016666666666666668,0.0,0.0,0.0,0.0,0.0,0.0,0.9983333333333333,0.0,0.002430555555555555,0.0,0.0,0.002430555555555555,Transit,Bulk Carrier
500027832,MV_BRA_CARGO_008,CN,transit,0.9975,bulk_carrier,0.9999999796036745,0.0025,0.0,0.0,0.0,0.0,0.0,0.0,0.9975,0.0,0.002430555555555555,0.0,0.0,0.002430555555555555,Transit,Bulk Carrier
500027832,MV_BRA_CARGO_008,CN,transit,1.0,bulk_carrier,0.9999999796036745,0.0,0.0,0.0,0.0,0.0,0.0,0.0,1.0,0.0,0.002430555555555555,0.0,0.0,0.002430555555555555,Transit,Bulk Carrier
500027832,MV_BRA_CARGO_008,CN,transit,1.0,bulk_carrier,0.9999999796005656,0.0,0.0,0.0,0.0,0.0,0.0,0.0,1.0,0.0,0.002430555555555555,0.0,0.0,0.002430555555555555,Transit,Bulk Carrier
500027832,MV_BRA_CARGO_008,CN,transit,1.0,bulk_carrier,0.9999999790658027,0.0,0.0,0.0,0.0,0.0,0.0,0.0,1.0,0.0,0.002430555555555555,0.0,0.0,0.002430555555555555,Transit,Bulk Carrier
500027832,MV_BRA_CARGO_008,CN,transit,1.0,bulk_carrier,0.9999999796005938,0.0,0.0,0.0,0.0,0.0,0.0,0.0,1.0,0.0,0.002430555555555555,0.0,0.0,0.002430555555555555,Transit,Bulk Carrier
500027832,MV_BRA_CARGO_008,CN,transit,1.0,bulk_carrier,0.9999999796005938,0.0,0.0,0.0,0.0,0.0,0.0,0.0,1.0,0.0,0.002430555555555555,0.0,0.0,0.002430555555555555,Transit,Bulk Carrier
500027832,MV_BRA_CARGO_008,CN,transit,1.0,bulk_carrier,0.9999999796037413,0.0,0.0,0.0,0.0,0.0,0.0,0.0,1.0,0.0,0.002430555555555555,0.0,0.0,0.002430555555555555,Transit,Bulk Carrier
500027832,MV_BRA_CARGO_008,CN,transit,0.9977777777777779,bulk_carrier,0.9999999796017258,0.0,0.0,0.0,0.0,0.0,0.0,0.0022222222222222222,0.9977777777777779,0.0,0.002430555555555555,0.0,0.0,0.002430555555555555,Transit,Bulk Carrier
500027832,MV_BRA_CARGO_008,CN,transit,0.9955555555555556,bulk_carrier,0.9999999796006132,0.0033333333333333335,0.0011111111111111111,0.0,0.0,0.0,0.0,0.0,0.9955555555555556,0.0,0.002430555555555555,0.0,0.0,0.002430555555555555,Transit,Bulk Carrier
500027832,MV_BRA_CARGO_008,CN,transit,1.0,bulk_carrier,0.9999999796005938,0.0,0.0,0.0,0.0,0.0,0.0,0.0,1.0,0.0,0.002430555555555555,0.0,0.0,0.002430555555555555,Transit,Bulk Carrier
500027832,MV_BRA_CARGO_008,CN,transit,1.0,bulk_carrier,0.999999979603722,0.0,0.0,0.0,0.0,0.0,0.0,0.0,1.0,0.0,0.002430555555555555,0.0,0.0,0.002430555555555555,Transit,Bulk Carrier
500027832,MV_BRA_CARGO_008,CN,transit,1.0,bulk_carrier,0.9999999796005938,0.0,0.0,0.0,0.0,0.0,0.0,0.0,1.0,0.0,0.002430555555555555,0.0,0.0,0.002430555555555555,Transit,Bulk Carrier
500027832,MV_BRA_CARGO_008,CN,transit,1.0,bulk_carrier,0.9999999796005938,0.0,0.0,0.0,0.0,0.0,0.0,0.0,1.0,0.0,0.002430555555555555,0.0,0.0,0.002430555555555555,Transit,Bulk Carrier
500027832,MV_BRA_CARGO_008,CN,transit,1.0,bulk_carrier,0.9999999796005938,0.0,0.0,0.0,0.0,0.0,0.0,0.0,1.0,0.0,0.002430555555555555,0.0,0.0,0.002430555555555555,Transit,Bulk Carrier
500027832,MV_BRA_CARGO_008,CN,transit,1.0,bulk_carrier,0.999999979603722,0.0,0.0,0.0,0.0,0.0,0.0,0.0,1.0,0.0,0.002430555555555555,0.0,0.0,0.002430555555555555,Transit,Bulk Carrier
500027832,MV_BRA_CARGO_008,CN,transit,1.0,bulk_carrier,0.999999979603722,0.0,0.0,0.0,0.0,0.0,0.0,0.0,1.0,0.0,0.002430555555555555,0.0,0.0,0.002430555555555555,Transit,Bulk Carrier
500027832,MV_BRA_CARGO_008,CN,transit,1.0,bulk_carrier,0.999999979603722,0.0,0.0,0.0,0.0,0.0,0.0,0.0,1.0,0.0,0.002430555555555555,0.0,0.0,0.002430555555555555,Transit,Bulk Carrier
500027832,MV_BRA_CARGO_008,CN,transit,1.0,bulk_carrier,0.999999979603722,0.0,0.0,0.0,0.0,0.0,0.0,0.0,1.0,0.0,0.002430555555555555,0.0,0.0,0.002430555555555555,Transit,Bulk Carrier
500027832,MV_BRA_CARGO_008,CN,transit,1.0,bulk_carrier,0.999999979603722,0.0,0.0,0.0,0.0,0.0,0.0,0.0,1.0,0.0,0.002430555555555555,0.0,0.0,0.002430555555555555,Transit,Bulk Carrier
500027832,MV_BRA_CARGO_008,CN,transit,1.0,bulk_carrier,0.9999999796005938,0.0,0.0,0.0,0.0,0.0,0.0,0.0,1.0,0.0,0.002430555555555555,0.0,0.0,0.002430555555555555,Transit,Bulk Carrier
500027832,MV_BRA_CARGO_008,CN,transit,1.0,bulk_carrier,0.9999999796005938,0.0,0.0,0.0,0.0,0.0,0.0,0.0,1.0,0.0,0.002430555555555555,0.0,0.0,0.002430555555555555,Transit,Bulk Carrier
500027832,MV_BRA_CARGO_008,CN,transit,1.0,bulk_carrier,0.999999979603722,0.0,0.0,0.0,0.0,0.0,0.0,0.0,1.0,0.0,0.002430555555555555,0.0,0.0,0.002430555555555555,Transit,Bulk Carrier
500027832,MV_BRA_CARGO_008,CN,transit,1.0,bulk_carrier,0.999999979603722,0.0,0.0,0.0,0.0,0.0,0.0,0.0,1.0,0.0,0.002430555555555555,0.0,0.0,0.002430555555555555,Transit,Bulk Carrier
500027832,MV_BRA_CARGO_008,CN,transit,1.0,bulk_carrier,0.999999979603722,0.0,0.0,0.0,0.0,0.0,0.0,0.0,1.0,0.0,0.002430555555555555,0.0,0.0,0.002430555555555555,Transit,Bulk Carrier
500027833,MV_BRA_CARGO_009,CN,transit,1.0,bulk_carrier,0.9999999796445118,0.0,0.0,0.0,0.0,0.0,0.0,0.0,1.0,0.0,0.002430555555555555,0.0,0.0,0.002430555555555555,Transit,Bulk Carrier
500027833,MV_BRA_CARGO_009,CN,transit,1.0,bulk_carrier,0.9999999796445118,0.0,0.0,0.0,0.0,0.0,0.0,0.0,1.0,0.0,0.002430555555555555,0.0,0.0,0.002430555555555555,Transit,Bulk Carrier
500027833,MV_BRA_CARGO_009,CN,transit,1.0,bulk_carrier,0.9999999796897738,0.0,0.0,0.0,0.0,0.0,0.0,0.0,1.0,0.0,0.002430555555555555,0.0,0.0,0.002430555555555555,Transit,Bulk Carrier
500027833,MV_BRA_CARGO_009,CN,transit,0.9972222222222221,bulk_carrier,0.9999999796897738,0.0027777777777777775,0.0,0.0,0.0,0.0,0.0,0.0,0.9972222222222221,0.0,0.002430555555555555,0.0,0.0,0.002430555555555555,Transit,Bulk Carrier
500027833,MV_BRA_CARGO_009,CN,transit,1.0,bulk_carrier,0.9999999796897738,0.0,0.0,0.0,0.0,0.0,0.0,0.0,1.0,0.0,0.002430555555555555,0.0,0.0,0.002430555555555555,Transit,Bulk Carrier
500027833,MV_BRA_CARGO_009,CN,transit,1.0,bulk_carrier,0.9999999796897738,0.0,0.0,0.0,0.0,0.0,0.0,0.0,1.0,0.0,0.002430555555555555,0.0,0.0,0.002430555555555555,Transit,Bulk Carrier
500027833,MV_BRA_CARGO_009,CN,transit,1.0,bulk_carrier,0.9999999796897738,0.0,0.0,0.0,0.0,0.0,0.0,0.0,1.0,0.0,0.002430555555555555,0.0,0.0,0.002430555555555555,Transit,Bulk Carrier
500027833,MV_BRA_CARGO_009,CN,transit,1.0,bulk_carrier,0.9999999796897738,0.0,0.0,0.0,0.0,0.0,0.0,0.0,1.0,0.0,0.002430555555555555,0.0,0.0,0.002430555555555555,Transit,Bulk Carrier
500027833,MV_BRA_CARGO_009,CN,transit,1.0,bulk_carrier,0.9999999796476371,0.0,0.0,0.0,0.0,0.0,0.0,0.0,1.0,0.0,0.002430555555555555,0.0,0.0,0.002430555555555555,Transit,Bulk Carrier
500027833,MV_BRA_CARGO_009,CN,transit,1.0,bulk_carrier,0.9999999796476371,0.0,0.0,0.0,0.0,0.0,0.0,0.0,1.0,0.0,0.002430555555555555,0.0,0.0,0.002430555555555555,Transit,Bulk Carrier
500027833,MV_BRA_CARGO_009,CN,transit,1.0,bulk_carrier,0.9999999796476371,0.0,0.0,0.0,0.0,0.0,0.0,0.0,1.0,0.0,0.002430555555555555,0.0,0.0,0.002430555555555555,Transit,Bulk Carrier
500027833,MV_BRA_CARGO_009,CN,transit,1.0,bulk_carrier,0.9999999796476371,0.0,0.0,0.0,0.0,0.0,0.0,0.0,1.0,0.0,0.002430555555555555,0.0,0.0,0.002430555555555555,Transit,Bulk Carrier
500027833,MV_BRA_CARGO_009,CN,transit,1.0,bulk_carrier,0.9999999796476371,0.0,0.0,0.0,0.0,0.0,0.0,0.0,1.0,0.0,0.002430555555555555,0.0,0.0,0.002430555555555555,Transit,Bulk Carrier
500027833,MV_BRA_CARGO_009,CN,transit,1.0,bulk_carrier,0.9999999796445118,0.0,0.0,0.0,0.0,0.0,0.0,0.0,1.0,0.0,0.002430555555555555,0.0,0.0,0.002430555555555555,Transit,Bulk Carrier
500027833,MV_BRA_CARGO_009,CN,transit,1.0,bulk_carrier,0.9999999796445118,0.0,0.0,0.0,0.0,0.0,0.0,0.0,1.0,0.0,0.002430555555555555,0.0,0.0,0.002430555555555555,Transit,Bulk Carrier
500027833,MV_BRA_CARGO_009,CN,transit,1.0,bulk_carrier,0.9999999796476371,0.0,0.0,0.0,0.0,0.0,0.0,0.0,1.0,0.0,0.002430555555555555,0.0,0.0,0.002430555555555555,Transit,Bulk Carrier
500027833,MV_BRA_CARGO_009,CN,transit,1.0,bulk_carrier,0.9999999796445118,0.0,0.0,0.0,0.0,0.0,0.0,0.0,1.0,0.0,0.002430555555555555,0.0,0.0,0.002430555555555555,Transit,Bulk Carrier
500027833,MV_BRA_CARGO_009,CN,transit,1.0,bulk_carrier,0.9999999796445118,0.0,0.0,0.0,0.0,0.0,0.0,0.0,1.0,0.0,0.002430555555555555,0.0,0.0,0.002430555555555555,Transit,Bulk Carrier
500027833,MV_BRA_CARGO_009,CN,transit,1.0,bulk_carrier,0.9999999796476371,0.0,0.0,0.0,0.0,0.0,0.0,0.0,1.0,0.0,0.002430555555555555,0.0,0.0,0.002430555555555555,Transit,Bulk Carrier
500027833,MV_BRA_CARGO_009,CN,transit,1.0,bulk_carrier,0.9999999796476371,0.0,0.0,0.0,0.0,0.0,0.0,0.0,1.0,0.0,0.002430555555555555,0.0,0.0,0.002430555555555555,Transit,Bulk Carrier
500027833,MV_BRA_CARGO_009,CN,transit,1.0,bulk_carrier,0.9999999796445118,0.0,0.0,0.0,0.0,0.0,0.0,0.0,1.0,0.0,0.002430555555555555,0.0,0.0,0.002430555555555555,Transit,Bulk Carrier
500027833,MV_BRA_CARGO_009,CN,transit,1.0,bulk_carrier,0.9999999796445118,0.0,0.0,0.0,0.0,0.0,0.0,0.0,1.0,0.0,0.002430555555555555,0.0,0.0,0.002430555555555555,Transit,Bulk Carrier
500027833,MV_BRA_CARGO_009,CN,transit,1.0,bulk_carrier,0.9999999796476371,0.0,0.0,0.0,0.0,0.0,0.0,0.0,1.0,0.0,0.002430555555555555,0.0,0.0,0.002430555555555555,Transit,Bulk Carrier
500027833,MV_BRA_CARGO_009,CN,transit,1.0,bulk_carrier,0.9999999796445118,0.0,0.0,0.0,0.0,0.0,0.0,0.0,1.0,0.0,0.002430555555555555,0.0,0.0,0.002430555555555555,Transit,Bulk Carrier
500027833,MV_BRA_CARGO_009,CN,transit,1.0,bulk_carrier,0.9999999796445118,0.0,0.0,0.0,0.0,0.0,0.0,0.0,1.0,0.0,0.002430555555555555,0.0,0.0,0.002430555555555555,Transit,Bulk Carrier
500027833,MV_BRA_CARGO_009,CN,transit,0.9983333333333333,bulk_carrier,0.9999999796445118,0.0,0.0,0.0,0.0,0.0,0.0,0.0016666666666666668,0.9983333333333333,0.0,0.002430555555555555,0.0,0.0,0.002430555555555555,Transit,Bulk Carrier
500027833,MV_BRA_CARGO_009,CN,transit,1.0,bulk_carrier,0.9999999796445118,0.0,0.0,0.0,0.0,0.0,0.0,0.0,1.0,0.0,0.002430555555555555,0.0,0.0,0.002430555555555555,Transit,Bulk Carrier
500027833,MV_BRA_CARGO_009,CN,transit,1.0,bulk_carrier,0.9999999796476371,0.0,0.0,0.0,0.0,0.0,0.0,0.0,1.0,0.0,0.002430555555555555,0.0,0.0,0.002430555555555555,Transit,Bulk Carrier
500027833,MV_BRA_CARGO_009,CN,transit,0.9691150291340167,bulk_carrier,0.9999999796445118,0.006268635724331928,0.00016877637130801687,0.0,0.0,0.0033333333333333335,0.0,0.021114225437010248,0.9691150291340167,0.0,0.002430555555555555,0.0,0.0,0.002430555555555555,Transit,Bulk Carrier
500027833,MV_BRA_CARGO_009,CN,transit,1.0,bulk_carrier,0.9999999796445118,0.0,0.0,0.0,0.0,0.0,0.0,0.0,1.0,0.0,0.002430555555555555,0.0,0.0,0.002430555555555555,Transit,Bulk Carrier
500027833,MV_BRA_CARGO_009,CN,transit,1.0,bulk_carrier,0.9999999796476371,0.0,0.0,0.0,0.0,0.0,0.0,0.0,1.0,0.0,0.002430555555555555,0.0,0.0,0.002430555555555555,Transit,Bulk Carrier
500027833,MV_BRA_CARGO_009,CN,transit,1.0,bulk_carrier,0.9999999796476371,0.0,0.0,0.0,0.0,0.0,0.0,0.0,1.0,0.0,0.002430555555555555,0.0,0.0,0.002430555555555555,Transit,Bulk Carrier
500027833,MV_BRA_CARGO_009,CN,transit,1.0,bulk_carrier,0.9999999796476371,0.0,0.0,0.0,0.0,0.0,0.0,0.0,1.0,0.0,0.002430555555555555,0.0,0.0,0.002430555555555555,Transit,Bulk Carrier
500027833,MV_BRA_CARGO_009,CN,transit,0.9933333333333333,bulk_carrier,0.9999999796476371,0.005,0.0016666666666666668,0.0,0.0,0.0,0.0,0.0,0.9933333333333333,0.0,0.002430555555555555,0.0,0.0,0.002430555555555555,Transit,Bulk Carrier
500027833,MV_BRA_CARGO_009,CN,transit,1.0,bulk_carrier,0.9999999796707617,0.0,0.0,0.0,0.0,0.0,0.0,0.0,1.0,0.0,0.002430555555555555,0.0,0.0,0.002430555555555555,Transit,Bulk Carrier
500027833,MV_BRA_CARGO_009,CN,transit,1.0,bulk_carrier,0.9999999797169703,0.0,0.0,0.0,0.0,0.0,0.0,0.0,1.0,0.0,0.002430555555555555,0.0,0.0,0.002430555555555555,Transit,Bulk Carrier
500027833,MV_BRA_CARGO_009,CN,transit,1.0,bulk_carrier,0.9999999795226535,0.0,0.0,0.0,0.0,0.0,0.0,0.0,1.0,0.0,0.002430555555555555,0.0,0.0,0.002430555555555555,Transit,Bulk Carrier
500027833,MV_BRA_CARGO_009,CN,transit,1.0,bulk_carrier,0.9999999796476371,0.0,0.0,0.0,0.0,0.0,0.0,0.0,1.0,0.0,0.002430555555555555,0.0,0.0,0.002430555555555555,Transit,Bulk Carrier
500027833,MV_BRA_CARGO_009,CN,transit,1.0,bulk_carrier,0.9999999796445118,0.0,0.0,0.0,0.0,0.0,0.0,0.0,1.0,0.0,0.002430555555555555,0.0,0.0,0.002430555555555555,Transit,Bulk Carrier
500027833,MV_BRA_CARGO_009,CN,transit,1.0,bulk_carrier,0.9999999796445118,0.0,0.0,0.0,0.0,0.0,0.0,0.0,1.0,0.0,0.002430555555555555,0.0,0.0,0.002430555555555555,Transit,Bulk Carrier
500027833,MV_BRA_CARGO_009,CN,transit,1.0,bulk_carrier,0.9999999796475896,0.0,0.0,0.0,0.0,0.0,0.0,0.0,1.0,0.0,0.002430555555555555,0.0,0.0,0.002430555555555555,Transit,Bulk Carrier
500027833,MV_BRA_CARGO_009,CN,transit,1.0,bulk_carrier,0.9999999796445118,0.0,0.0,0.0,0.0,0.0,0.0,0.0,1.0,0.0,0.002430555555555555,0.0,0.0,0.002430555555555555,Transit,Bulk Carrier
500027833,MV_BRA_CARGO_009,CN,transit,1.0,bulk_carrier,0.9999999796445118,0.0,0.0,0.0,0.0,0.0,0.0,0.0,1.0,0.0,0.002430555555555555,0.0,0.0,0.002430555555555555,Transit,Bulk Carrier
500027833,MV_BRA_CARGO_009,CN,transit,0.9983333333333333,bulk_carrier,0.9999999796476371,0.0,0.0,0.0,0.0,0.0,0.0,0.0016666666666666668,0.9983333333333333,0.0,0.002430555555555555,0.0,0.0,0.002430555555555555,Transit,Bulk Carrier
500027833,MV_BRA_CARGO_009,CN,transit,1.0,bulk_carrier,0.9999999796445118,0.0,0.0,0.0,0.0,0.0,0.0,0.0,1.0,0.0,0.002430555555555555,0.0,0.0,0.002430555555555555,Transit,Bulk Carrier
500027833,MV_BRA_CARGO_009,CN,transit,1.0,bulk_carrier,0.9999999796445118,0.0,0.0,0.0,0.0,0.0,0.0,0.0,1.0,0.0,0.002430555555555555,0.0,0.0,0.002430555555555555,Transit,Bulk Carrier
500027833,MV_BRA_CARGO_009,CN,transit,1.0,bulk_carrier,0.9999999796445118,0.0,0.0,0.0,0.0,0.0,0.0,0.0,1.0,0.0,0.002430555555555555,0.0,0.0,0.002430555555555555,Transit,Bulk Carrier
500027833,MV_BRA_CARGO_009,CN,transit,1.0,bulk_carrier,0.9999999796476371,0.0,0.0,0.0,0.0,0.0,0.0,0.0,1.0,0.0,0.002430555555555555,0.0,0.0,0.002430555555555555,Transit,Bulk Carrier
500027833,MV_BRA_CARGO_009,CN,transit,1.0,bulk_carrier,0.9999999796456256,0.0,0.0,0.0,0.0,0.0,0.0,0.0,1.0,0.0,0.002430555555555555,0.0,0.0,0.002430555555555555,Transit,Bulk Carrier
500027833,MV_BRA_CARGO_009,CN,transit,1.0,bulk_carrier,0.9999999796445118,0.0,0.0,0.0,0.0,0.0,0.0,0.0,1.0,0.0,0.002430555555555555,0.0,0.0,0.002430555555555555,Transit,Bulk Carrier
500027833,MV_BRA_CARGO_009,CN,transit,1.0,bulk_carrier,0.9999999796476371,0.0,0.0,0.0,0.0,0.0,0.0,0.0,1.0,0.0,0.002430555555555555,0.0,0.0,0.002430555555555555,Transit,Bulk Carrier
500027833,MV_BRA_CARGO_009,CN,transit,1.0,bulk_carrier,0.9999999796476371,0.0,0.0,0.0,0.0,0.0,0.0,0.0,1.0,0.0,0.002430555555555555,0.0,0.0,0.002430555555555555,Transit,Bulk Carrier
500027833,MV_BRA_CARGO_009,CN,transit,1.0,bulk_carrier,0.9999999796445118,0.0,0.0,0.0,0.0,0.0,0.0,0.0,1.0,0.0,0.002430555555555555,0.0,0.0,0.002430555555555555,Transit,Bulk Carrier
500027833,MV_BRA_CARGO_009,CN,transit,1.0,bulk_carrier,0.9999999796445118,0.0,0.0,0.0,0.0,0.0,0.0,0.0,1.0,0.0,0.002430555555555555,0.0,0.0,0.002430555555555555,Transit,Bulk Carrier
500027833,MV_BRA_CARGO_009,CN,transit,1.0,bulk_carrier,0.9999999796445118,0.0,0.0,0.0,0.0,0.0,0.0,0.0,1.0,0.0,0.002430555555555555,0.0,0.0,0.002430555555555555,Transit,Bulk Carrier
500027833,MV_BRA_CARGO_009,CN,transit,1.0,bulk_carrier,0.9999999796476371,0.0,0.0,0.0,0.0,0.0,0.0,0.0,1.0,0.0,0.002430555555555555,0.0,0.0,0.002430555555555555,Transit,Bulk Carrier
500027834,MV_BRA_CARGO_010,KR,transit,1.0,tanker,0.99999997694112,0.0,0.0,0.0,0.0,0.0,0.0,0.0,1.0,0.0,0.002430555555555555,0.0,0.2,0.2,Transit,Tanker
500027834,MV_BRA_CARGO_010,KR,transit,0.9665555555555556,tanker,0.9999999780362381,0.033444444444444436,0.0,0.0,0.0,0.0,0.0,0.0,0.9665555555555556,0.0,0.002430555555555555,0.0,0.2,0.2,Transit,Tanker
500027834,MV_BRA_CARGO_010,KR,transit,1.0,tanker,0.9999999780362965,0.0,0.0,0.0,0.0,0.0,0.0,0.0,1.0,0.0,0.002430555555555555,0.0,0.2,0.2,Transit,Tanker
500027834,MV_BRA_CARGO_010,KR,transit,0.9955555555555554,tanker,0.9999999776650061,0.0,0.0,0.0,0.0,0.002666666666666667,0.0,0.0017777777777777776,0.9955555555555554,0.0,0.002430555555555555,0.0,0.2,0.2,Transit,Tanker
500027834,MV_BRA_CARGO_010,KR,transit,1.0,tanker,0.9999999776688293,0.0,0.0,0.0,0.0,0.0,0.0,0.0,1.0,0.0,0.002430555555555555,0.0,0.2,0.2,Transit,Tanker
500027834,MV_BRA_CARGO_010,KR,transit,1.0,tanker,0.9999999776687709,0.0,0.0,0.0,0.0,0.0,0.0,0.0,1.0,0.0,0.002430555555555555,0.0,0.2,0.2,Transit,Tanker
500027834,MV_BRA_CARGO_010,KR,transit,1.0,tanker,0.9999999776688293,0.0,0.0,0.0,0.0,0.0,0.0,0.0,1.0,0.0,0.002430555555555555,0.0,0.2,0.2,Transit,Tanker
500027834,MV_BRA_CARGO_010,KR,transit,1.0,tanker,0.9999999776650061,0.0,0.0,0.0,0.0,0.0,0.0,0.0,1.0,0.0,0.002430555555555555,0.0,0.2,0.2,Transit,Tanker
500027834,MV_BRA_CARGO_010,KR,transit,1.0,tanker,0.999999977706755,0.0,0.0,0.0,0.0,0.0,0.0,0.0,1.0,0.0,0.002430555555555555,0.0,0.2,0.2,Transit,Tanker
500027834,MV_BRA_CARGO_010,KR,transit,1.0,tanker,0.999999977706755,0.0,0.0,0.0,0.0,0.0,0.0,0.0,1.0,0.0,0.002430555555555555,0.0,0.2,0.2,Transit,Tanker
500027834,MV_BRA_CARGO_010,KR,transit,1.0,tanker,0.9999999775163523,0.0,0.0,0.0,0.0,0.0,0.0,0.0,1.0,0.0,0.002430555555555555,0.0,0.2,0.2,Transit,Tanker
500027834,MV_BRA_CARGO_010,KR,transit,1.0,tanker,0.9999999775163523,0.0,0.0,0.0,0.0,0.0,0.0,0.0,1.0,0.0,0.002430555555555555,0.0,0.2,0.2,Transit,Tanker
500027834,MV_BRA_CARGO_010,KR,transit,1.0,tanker,0.9999999776650061,0.0,0.0,0.0,0.0,0.0,0.0,0.0,1.0,0.0,0.002430555555555555,0.0,0.2,0.2,Transit,Tanker
500027834,MV_BRA_CARGO_010,KR,transit,1.0,tanker,0.9999999776650061,0.0,0.0,0.0,0.0,0.0,0.0,0.0,1.0,0.0,0.002430555555555555,0.0,0.2,0.2,Transit,Tanker
500027834,MV_BRA_CARGO_010,KR,transit,1.0,tanker,0.9999999776688293,0.0,0.0,0.0,0.0,0.0,0.0,0.0,1.0,0.0,0.002430555555555555,0.0,0.2,0.2,Transit,Tanker
500027834,MV_BRA_CARGO_010,KR,transit,1.0,tanker,0.9999999776650061,0.0,0.0,0.0,0.0,0.0,0.0,0.0,1.0,0.0,0.002430555555555555,0.0,0.2,0.2,Transit,Tanker
500027834,MV_BRA_CARGO_010,KR,transit,1.0,tanker,0.9999999769405822,0.0,0.0,0.0,0.0,0.0,0.0,0.0,1.0,0.0,0.002430555555555555,0.0,0.2,0.2,Transit,Tanker
500027834,MV_BRA_CARGO_010,KR,transit,0.9922222222222221,tanker,0.9999999780362965,0.0,0.0,0.0,0.0,0.002666666666666667,0.0,0.0051111111111111105,0.9922222222222221,0.0,0.002430555555555555,0.0,0.2,0.2,Transit,Tanker
500027834,MV_BRA_CARGO_010,KR,transit,0.9033610608800482,tanker,0.9999999780491307,0.003713080168776371,0.00550210970464135,0.0,0.0022222222222222222,0.0033333333333333335,0.0,0.08020152702431184,0.9033610608800482,0.0016666666666666668,0.002430555555555555,0.0,0.2,0.2,Transit,Tanker
500027834,MV_BRA_CARGO_010,KR,transit,1.0,tanker,0.9999999780376616,0.0,0.0,0.0,0.0,0.0,0.0,0.0,1.0,0.0,0.002430555555555555,0.0,0.2,0.2,Transit,Tanker
500027834,MV_BRA_CARGO_010,KR,transit,1.0,tanker,0.999999977706755,0.0,0.0,0.0,0.0,0.0,0.0,0.0,1.0,0.0,0.002430555555555555,0.0,0.2,0.2,Transit,Tanker
500027834,MV_BRA_CARGO_010,KR,transit,1.0,tanker,0.999999977702122,0.0,0.0,0.0,0.0,0.0,0.0,0.0,1.0,0.0,0.002430555555555555,0.0,0.2,0.2,Transit,Tanker
500027834,MV_BRA_CARGO_010,KR,transit,0.9983333333333333,tanker,0.9999999776650061,0.0,0.0,0.0,0.0,0.0,0.0,0.0016666666666666668,0.9983333333333333,0.0,0.002430555555555555,0.0,0.2,0.2,Transit,Tanker
500027834,MV_BRA_CARGO_010,KR,transit,0.9983333333333333,tanker,0.9999999775163523,0.0,0.0,0.0,0.0,0.0,0.0,0.0016666666666666668,0.9983333333333333,0.0,0.002430555555555555,0.0,0.2,0.2,Transit,Tanker
500027834,MV_BRA_CARGO_010,KR,transit,0.9983333333333333,tanker,0.9999999776650061,0.0,0.0,0.0,0.0,0.0,0.0,0.0016666666666666668,0.9983333333333333,0.0,0.002430555555555555,0.0,0.2,0.2,Transit,Tanker
500027834,MV_BRA_CARGO_010,KR,transit,0.9983333333333333,tanker,0.9999999776650061,0.0,0.0,0.0,0.0,0.0,0.0,0.0016666666666666668,0.9983333333333333,0.0,0.002430555555555555,0.0,0.2,0.2,Transit,Tanker
500027834,MV_BRA_CARGO_010,KR,transit,0.9983333333333333,tanker,0.9999999776650061,0.0,0.0,0.0,0.0,0.0,0.0,0.0016666666666666668,0.9983333333333333,0.0,0.002430555555555555,0.0,0.2,0.2,Transit,Tanker
500027834,MV_BRA_CARGO_010,KR,transit,0.9983333333333333,tanker,0.999999977706755,0.0,0.0,0.0,0.0,0.0,0.0,0.0016666666666666668,0.9983333333333333,0.0,0.002430555555555555,0.0,0.2,0.2,Transit,Tanker
500027834,MV_BRA_CARGO_010,KR,transit,0.9983333333333333,tanker,0.9999999780362965,0.0,0.0,0.0,0.0,0.0,0.0,0.0016666666666666668,0.9983333333333333,0.0,0.002430555555555555,0.0,0.2,0.2,Transit,Tanker
500027834,MV_BRA_CARGO_010,KR,transit,0.9673372513562388,tanker,0.9999999769410616,0.007601969057665261,0.00016877637130801687,0.0,0.0,0.0044444444444444444,0.0,0.02044755877034358,0.9673372513562388,0.0,0.002430555555555555,0.0,0.2,0.2,Transit,Tanker
500027834,MV_BRA_CARGO_010,KR,transit,0.9983333333333333,tanker,0.9999999776650061,0.0,0.0,0.0,0.0,0.0,0.0,0.0016666666666666668,0.9983333333333333,0.0,0.002430555555555555,0.0,0.2,0.2,Transit,Tanker
500027834,MV_BRA_CARGO_010,KR,transit,0.9983333333333333,tanker,0.9999999776688293,0.0,0.0,0.0,0.0,0.0,0.0,0.0016666666666666668,0.9983333333333333,0.0,0.002430555555555555,0.0,0.2,0.2,Transit,Tanker
500027834,MV_BRA_CARGO_010,KR,transit,0.9955555555555554,tanker,0.9999999776688293,0.0,0.0,0.0,0.0,0.0,0.0,0.0044444444444444444,0.9955555555555554,0.0,0.002430555555555555,0.0,0.2,0.2,Transit,Tanker
500027834,MV_BRA_CARGO_010,KR,transit,0.9983333333333333,tanker,0.9999999776688293,0.0,0.0,0.0,0.0,0.0,0.0,0.0016666666666666668,0.9983333333333333,0.0,0.002430555555555555,0.0,0.2,0.2,Transit,Tanker
500027834,MV_BRA_CARGO_010,KR,transit,0.9983333333333333,tanker,0.9999999776650061,0.0,0.0,0.0,0.0,0.0,0.0,0.0016666666666666668,0.9983333333333333,0.0,0.002430555555555555,0.0,0.2,0.2,Transit,Tanker
500027834,MV_BRA_CARGO_010,KR,transit,0.9963333333333333,tanker,0.9999999776650061,0.0,0.0,0.0,0.0,0.0,0.0,0.003666666666666667,0.9963333333333333,0.0,0.002430555555555555,0.0,0.2,0.2,Transit,Tanker
500027834,MV_BRA_CARGO_010,KR,transit,0.9983333333333333,tanker,0.9999999776688293,0.0,0.0,0.0,0.0,0.0,0.0,0.0016666666666666668,0.9983333333333333,0.0,0.002430555555555555,0.0,0.2,0.2,Transit,Tanker
500027834,MV_BRA_CARGO_010,KR,transit,0.9983333333333333,tanker,0.9999999776688293,0.0,0.0,0.0,0.0,0.0,0.0,0.0016666666666666668,0.9983333333333333,0.0,0.002430555555555555,0.0,0.2,0.2,Transit,Tanker
500027834,MV_BRA_CARGO_010,KR,transit,0.9983333333333333,tanker,0.9999999776688293,0.0,0.0,0.0,0.0,0.0,0.0,0.0016666666666666668,0.9983333333333333,0.0,0.002430555555555555,0.0,0.2,0.2,Transit,Tanker
500027834,MV_BRA_CARGO_010,KR,transit,0.9983333333333333,tanker,0.9999999776650061,0.0,0.0,0.0,0.0,0.0,0.0,0.0016666666666666668,0.9983333333333333,0.0,0.002430555555555555,0.0,0.2,0.2,Transit,Tanker
500027834,MV_BRA_CARGO_010,KR,transit,0.9983333333333333,tanker,0.9999999780362965,0.0,0.0,0.0,0.0,0.0,0.0,0.0016666666666666668,0.9983333333333333,0.0,0.002430555555555555,0.0,0.2,0.2,Transit,Tanker
500027834,MV_BRA_CARGO_010,KR,transit,0.9983333333333333,tanker,0.999999977702122,0.0,0.0,0.0,0.0,0.0,0.0,0.0016666666666666668,0.9983333333333333,0.0,0.002430555555555555,0.0,0.2,0.2,Transit,Tanker
500027834,MV_BRA_CARGO_010,KR,transit,0.9955555555555554,tanker,0.9999999776650061,0.0,0.0,0.0,0.0016666666666666668,0.0,0.0,0.0027777777777777775,0.9955555555555554,0.0,0.002430555555555555,0.0,0.2,0.2,Transit,Tanker
500027834,MV_BRA_CARGO_010,KR,transit,0.9983333333333333,tanker,0.9999999776650061,0.0,0.0,0.0,0.0,0.0,0.0,0.0016666666666666668,0.9983333333333333,0.0,0.002430555555555555,0.0,0.2,0.2,Transit,Tanker
500027834,MV_BRA_CARGO_010,KR,transit,0.9983333333333333,tanker,0.999999977706755,0.0,0.0,0.0,0.0,0.0,0.0,0.0016666666666666668,0.9983333333333333,0.0,0.002430555555555555,0.0,0.2,0.2,Transit,Tanker
500027834,MV_BRA_CARGO_010,KR,transit,0.9983333333333333,tanker,0.9999999780362381,0.0,0.0,0.0,0.0,0.0,0.0,0.0016666666666666668,0.9983333333333333,0.0,0.002430555555555555,0.0,0.2,0.2,Transit,Tanker
500027834,MV_BRA_CARGO_010,KR,transit,0.9983333333333333,tanker,0.9999999775163523,0.0,0.0,0.0,0.0,0.0,0.0,0.0016666666666666668,0.9983333333333333,0.0,0.002430555555555555,0.0,0.2,0.2,Transit,Tanker
500027834,MV_BRA_CARGO_010,KR,transit,0.9938888888888887,tanker,0.9999999776663688,0.0,0.0,0.0,0.0,0.002666666666666667,0.0,0.003444444444444444,0.9938888888888887,0.0,0.002430555555555555,0.0,0.2,0.2,Transit,Tanker
500027834,MV_BRA_CARGO_010,KR,transit,0.9983333333333333,tanker,0.9999999776650061,0.0,0.0,0.0,0.0,0.0,0.0,0.0016666666666666668,0.9983333333333333,0.0,0.002430555555555555,0.0,0.2,0.2,Transit,Tanker
500027834,MV_BRA_CARGO_010,KR,transit,0.9983333333333333,tanker,0.999999977706755,0.0,0.0,0.0,0.0,0.0,0.0,0.0016666666666666668,0.9983333333333333,0.0,0.002430555555555555,0.0,0.2,0.2,Transit,Tanker
500027834,MV_BRA_CARGO_010,KR,transit,0.9983333333333333,tanker,0.9999999780362965,0.0,0.0,0.0,0.0,0.0,0.0,0.0016666666666666668,0.9983333333333333,0.0,0.002430555555555555,0.0,0.2,0.2,Transit,Tanker
500027834,MV_BRA_CARGO_010,KR,transit,0.9983333333333333,tanker,0.9999999780362965,0.0,0.0,0.0,0.0,0.0,0.0,0.0016666666666666668,0.9983333333333333,0.0,0.002430555555555555,0.0,0.2,0.2,Transit,Tanker
500027834,MV_BRA_CARGO_010,KR,transit,0.9983333333333333,tanker,0.9999999780362965,0.0,0.0,0.0,0.0,0.0,0.0,0.0016666666666666668,0.9983333333333333,0.0,0.002430555555555555,0.0,0.2,0.2,Transit,Tanker
500027834,MV_BRA_CARGO_010,KR,transit,0.9983333333333333,tanker,0.9999999780362965,0.0,0.0,0.0,0.0,0.0,0.0,0.0016666666666666668,0.9983333333333333,0.0,0.002430555555555555,0.0,0.2,0.2,Transit,Tanker
500027834,MV_BRA_CARGO_010,KR,transit,0.9983333333333333,tanker,0.9999999769352944,0.0,0.0,0.0,0.0,0.0,0.0,0.0016666666666666668,0.9983333333333333,0.0,0.002430555555555555,0.0,0.2,0.2,Transit,Tanker
500027834,MV_BRA_CARGO_010,KR,transit,0.9983333333333333,tanker,0.9999999776650061,0.0,0.0,0.0,0.0,0.0,0.0,0.0016666666666666668,0.9983333333333333,0.0,0.002430555555555555,0.0,0.2,0.2,Transit,Tanker
500027835,MV_BRA_CARGO_011,BR,transit,0.9944444444444446,tanker,0.99999998369695,0.005555555555555555,0.0,0.0,0.0,0.0,0.0,0.0,0.9944444444444446,0.0,0.002430555555555555,0.0,0.15767215906082707,0.15767215906082707,Transit,Tanker
500027835,MV_BRA_CARGO_011,BR,transit,0.9983333333333333,tanker,0.99999998369695,0.0016666666666666668,0.0,0.0,0.0,0.0,0.0,0.0,0.9983333333333333,0.0,0.002430555555555555,0.0,0.15488211245204095,0.15488211245204095,Transit,Tanker
500027835,MV_BRA_CARGO_011,BR,transit,1.0,tanker,0.9999999839699509,0.0,0.0,0.0,0.0,0.0,0.0,0.0,1.0,0.0,0.002430555555555555,0.0,0.1523254772087772,0.1523254772087772,Transit,Tanker
500027835,MV_BRA_CARGO_011,BR,transit,0.9973333333333333,tanker,0.9999999839699509,0.0,0.0,0.0,0.0,0.0,0.0,0.002666666666666667,0.9973333333333333,0.0,0.002430555555555555,0.0,0.1504197495962663,0.1504197495962663,Transit,Tanker
500027835,MV_BRA_CARGO_011,BR,transit,0.9983333333333333,tanker,0.9999999836969939,0.0,0.0,0.0,0.0,0.0,0.0,0.0016666666666666668,0.9983333333333333,0.0,0.002430555555555555,0.0,0.14951925553588732,0.14951925553588732,Transit,Tanker
500027835,MV_BRA_CARGO_011,BR,transit,0.9983333333333333,tanker,0.9999999836969939,0.0,0.0,0.0,0.0,0.0,0.0,0.0016666666666666668,0.9983333333333333,0.0,0.002430555555555555,0.0,0.1503284603047757,0.1503284603047757,Transit,Tanker
500027835,MV_BRA_CARGO_011,BR,transit,1.0,tanker,0.9999999831637268,0.0,0.0,0.0,0.0,0.0,0.0,0.0,1.0,0.0,0.002430555555555555,0.0,0.1528235479274136,0.1528235479274136,Transit,Tanker
500027835,MV_BRA_CARGO_011,BR,transit,1.0,tanker,0.9999999839699509,0.0,0.0,0.0,0.0,0.0,0.0,0.0,1.0,0.0,0.002430555555555555,0.0,0.1562445360227196,0.1562445360227196,Transit,Tanker
500027835,MV_BRA_CARGO_011,BR,transit,1.0,tanker,0.9999999839699509,0.0,0.0,0.0,0.0,0.0,0.0,0.0,1.0,0.0,0.002430555555555555,0.0,0.1598582446617189,0.1598582446617189,Transit,Tanker
500027835,MV_BRA_CARGO_011,BR,transit,1.0,tanker,0.9999999831637268,0.0,0.0,0.0,0.0,0.0,0.0,0.0,1.0,0.0,0.002430555555555555,0.0,0.16302917342294437,0.16302917342294437,Transit,Tanker
500027835,MV_BRA_CARGO_011,BR,transit,1.0,tanker,0.9999999836969939,0.0,0.0,0.0,0.0,0.0,0.0,0.0,1.0,0.0,0.002430555555555555,0.0,0.16587926444225798,0.16587926444225798,Transit,Tanker
500027835,MV_BRA_CARGO_011,BR,transit,1.0,tanker,0.9999999835876048,0.0,0.0,0.0,0.0,0.0,0.0,0.0,1.0,0.0,0.002430555555555555,0.0,0.16807749341826708,0.16807749341826708,Transit,Tanker
500027835,MV_BRA_CARGO_011,BR,transit,0.9983333333333333,tanker,0.999999983587575,0.0,0.0,0.0,0.0,0.0,0.0,0.0016666666666666668,0.9983333333333333,0.0,0.002430555555555555,0.0,0.1690422513051186,0.1690422513051186,Transit,Tanker
500027835,MV_BRA_CARGO_011,BR,transit,0.9983333333333333,tanker,0.9999999836969939,0.0,0.0,0.0,0.0,0.0,0.0,0.0016666666666666668,0.9983333333333333,0.0,0.002430555555555555,0.0,0.16911370445814455,0.16911370445814455,Transit,Tanker
500027835,MV_BRA_CARGO_011,BR,transit,0.9983333333333333,tanker,0.9999999836969939,0.0,0.0,0.0,0.0,0.0,0.0,0.0016666666666666668,0.9983333333333333,0.0,0.002430555555555555,0.0,0.1683083783247954,0.1683083783247954,Transit,Tanker
500027835,MV_BRA_CARGO_011,BR,transit,0.9983333333333333,tanker,0.9999999836998081,0.0,0.0,0.0,0.0,0.0,0.0,0.0016666666666666668,0.9983333333333333,0.0,0.002430555555555555,0.0,0.1669547638271728,0.1669547638271728,Transit,Tanker
500027835,MV_BRA_CARGO_011,BR,transit,0.9983333333333333,tanker,0.9999999836991358,0.0,0.0,0.0,0.0,0.0,0.0,0.0016666666666666668,0.9983333333333333,0.0,0.002430555555555555,0.0,0.16605258031268877,0.16605258031268877,Transit,Tanker
500027835,MV_BRA_CARGO_011,BR,transit,0.9877777777777779,tanker,0.9999999836997653,0.010555555555555556,0.0,0.0,0.0,0.0,0.0,0.0016666666666666668,0.9877777777777779,0.0,0.002430555555555555,0.0,0.16534976830272857,0.16534976830272857,Transit,Tanker
500027835,MV_BRA_CARGO_011,BR,transit,1.0,tanker,0.999999983587575,0.0,0.0,0.0,0.0,0.0,0.0,0.0,1.0,0.0,0.002430555555555555,0.0,0.1649305333357318,0.1649305333357318,Transit,Tanker
500027835,MV_BRA_CARGO_011,BR,transit,1.0,tanker,0.999999983163771,0.0,0.0,0.0,0.0,0.0,0.0,0.0,1.0,0.0,0.002430555555555555,0.0,0.1655751473528982,0.1655751473528982,Transit,Tanker
500027835,MV_BRA_CARGO_011,BR,transit,1.0,tanker,0.9999999839699509,0.0,0.0,0.0,0.0,0.0,0.0,0.0,1.0,0.0,0.002430555555555555,0.0,0.16674608185800022,0.16674608185800022,Transit,Tanker
500027835,MV_BRA_CARGO_011,BR,transit,1.0,tanker,0.9999999837243136,0.0,0.0,0.0,0.0,0.0,0.0,0.0,1.0,0.0,0.002430555555555555,0.0,0.16734554334047547,0.16734554334047547,Transit,Tanker
500027835,MV_BRA_CARGO_011,BR,transit,0.9983333333333333,tanker,0.9999999836998081,0.0,0.0,0.0,0.0,0.0,0.0,0.0016666666666666668,0.9983333333333333,0.0,0.002430555555555555,0.0,0.16772285904499895,0.16772285904499895,Transit,Tanker
500027835,MV_BRA_CARGO_011,BR,transit,0.9972222222222221,tanker,0.9999999836998081,0.0,0.0,0.0,0.0,0.0,0.0,0.0027777777777777775,0.9972222222222221,0.0,0.002430555555555555,0.0,0.1683895838987534,0.1683895838987534,Transit,Tanker
500027835,MV_BRA_CARGO_011,BR,transit,1.0,tanker,0.9999999836969939,0.0,0.0,0.0,0.0,0.0,0.0,0.0,1.0,0.0,0.002430555555555555,0.0,0.1693289701734071,0.1693289701734071,Transit,Tanker
500027835,MV_BRA_CARGO_011,BR,transit,1.0,tanker,0.9999999836969939,0.0,0.0,0.0,0.0,0.0,0.0,0.0,1.0,0.0,0.002430555555555555,0.0,0.17105634520281437,0.17105634520281437,Transit,Tanker
500027835,MV_BRA_CARGO_011,BR,transit,1.0,tanker,0.9999999837275799,0.0,0.0,0.0,0.0,0.0,0.0,0.0,1.0,0.0,0.002430555555555555,0.0,0.1735873226240391,0.1735873226240391,Transit,Tanker
500027835,MV_BRA_CARGO_011,BR,transit,1.0,tanker,0.9999999837243136,0.0,0.0,0.0,0.0,0.0,0.0,0.0,1.0,0.0,0.002430555555555555,0.0,0.1769286675374643,0.1769286675374643,Transit,Tanker
500027835,MV_BRA_CARGO_011,BR,transit,0.9972222222222222,tanker,0.9999999836969939,0.0,0.0,0.0,0.0,0.0,0.0,0.0027777777777777775,0.9972222222222222,0.0,0.002430555555555555,0.0,0.1808200442817508,0.1808200442817508,Transit,Tanker
500027835,MV_BRA_CARGO_011,BR,transit,0.9962658227848101,tanker,0.9999999836970237,0.00037974683544303797,0.00016877637130801687,0.0,0.0,0.0,0.0,0.0031856540084388187,0.9962658227848101,0.0,0.002430555555555555,0.0,0.18431227617933074,0.18431227617933074,Transit,Tanker
500027835,MV_BRA_CARGO_011,BR,transit,0.9972222222222222,tanker,0.9999999836969939,0.0,0.0,0.0,0.0,0.0,0.0,0.0027777777777777775,0.9972222222222222,0.0,0.002430555555555555,0.0,0.18727085487902687,0.18727085487902687,Transit,Tanker
500027835,MV_BRA_CARGO_011,BR,transit,1.0,tanker,0.9999999836969939,0.0,0.0,0.0,0.0,0.0,0.0,0.0,1.0,0.0,0.002430555555555555,0.0,0.18960403589584748,0.18960403589584748,Transit,Tanker
500027835,MV_BRA_CARGO_011,BR,transit,1.0,tanker,0.9999999839699509,0.0,0.0,0.0,0.0,0.0,0.0,0.0,1.0,0.0,0.002430555555555555,0.0,0.19110165389802397,0.19110165389802397,Transit,Tanker
500027835,MV_BRA_CARGO_011,BR,transit,1.0,tanker,0.9999999839699509,0.0,0.0,0.0,0.0,0.0,0.0,0.0,1.0,0.0,0.002430555555555555,0.0,0.1924722087490519,0.1924722087490519,Transit,Tanker
500027835,MV_BRA_CARGO_011,BR,transit,0.9983333333333333,tanker,0.9999999836969939,0.0,0.0,0.0,0.0,0.0,0.0,0.0016666666666666668,0.9983333333333333,0.0,0.002430555555555555,0.0,0.19408104901285186,0.19408104901285186,Transit,Tanker
500027835,MV_BRA_CARGO_011,BR,transit,0.9961111111111111,tanker,0.9999999836998081,0.0,0.0,0.0,0.0,0.0,0.0,0.0038888888888888883,0.9961111111111111,0.0,0.002430555555555555,0.0,0.19523516032946994,0.19523516032946994,Transit,Tanker
500027835,MV_BRA_CARGO_011,BR,transit,0.9973333333333333,tanker,0.9999999836969939,0.0,0.0,0.0,0.0,0.0,0.0,0.002666666666666667,0.9973333333333333,0.0,0.002430555555555555,0.0,0.19588731552984917,0.19588731552984917,Transit,Tanker
500027835,MV_BRA_CARGO_011,BR,transit,1.0,tanker,0.9999999836969939,0.0,0.0,0.0,0.0,0.0,0.0,0.0,1.0,0.0,0.002430555555555555,0.0,0.19639368781677993,0.19639368781677993,Transit,Tanker
500027835,MV_BRA_CARGO_011,BR,transit,1.0,tanker,0.9999999836969939,0.0,0.0,0.0,0.0,0.0,0.0,0.0,1.0,0.0,0.002430555555555555,0.0,0.19737238127625434,0.19737238127625434,Transit,Tanker
500027835,MV_BRA_CARGO_011,BR,transit,1.0,tanker,0.999999983163771,0.0,0.0,0.0,0.0,0.0,0.0,0.0,1.0,0.0,0.002430555555555555,0.0,0.19910860173074904,0.19910860173074904,Transit,Tanker
500027835,MV_BRA_CARGO_011,BR,transit,1.0,tanker,0.9999999836969939,0.0,0.0,0.0,0.0,0.0,0.0,0.0,1.0,0.0,0.002430555555555555,0.0,0.2,0.2,Transit,Tanker
500027835,MV_BRA_CARGO_011,BR,transit,0.9983333333333333,tanker,0.9999999836998081,0.0,0.0,0.0,0.0,0.0,0.0,0.0016666666666666668,0.9983333333333333,0.0,0.002430555555555555,0.0,0.2,0.2,Transit,Tanker
500027835,MV_BRA_CARGO_011,BR,transit,0.9983333333333333,tanker,0.9999999836998081,0.0,0.0,0.0,0.0,0.0,0.0,0.0016666666666666668,0.9983333333333333,0.0,0.002430555555555555,0.0,0.2,0.2,Transit,Tanker
500027835,MV_BRA_CARGO_011,BR,transit,0.9983333333333333,tanker,0.9999999836998081,0.0,0.0,0.0,0.0,0.0,0.0,0.0016666666666666668,0.9983333333333333,0.0,0.002430555555555555,0.0,0.2,0.2,Transit,Tanker
500027835,MV_BRA_CARGO_011,BR,transit,0.9983333333333333,tanker,0.9999999836969939,0.0,0.0,0.0,0.0,0.0,0.0,0.0016666666666666668,0.9983333333333333,0.0,0.002430555555555555,0.0,0.2,0.2,Transit,Tanker
500027835,MV_BRA_CARGO_011,BR,transit,0.9983333333333333,tanker,0.9999999836969939,0.0,0.0,0.0,0.0,0.0,0.0,0.0016666666666666668,0.9983333333333333,0.0,0.002430555555555555,0.0,0.2,0.2,Transit,Tanker
500027835,MV_BRA_CARGO_011,BR,transit,0.9983333333333333,tanker,0.9999999836998081,0.0,0.0,0.0,0.0,0.0,0.0,0.0016666666666666668,0.9983333333333333,0.0,0.002430555555555555,0.0,0.2,0.2,Transit,Tanker
500027835,MV_BRA_CARGO_011,BR,transit,0.9983333333333333,tanker,0.9999999837280713,0.0,0.0,0.0,0.0,0.0,0.0,0.0016666666666666668,0.9983333333333333,0.0,0.002430555555555555,0.0,0.2,0.2,Transit,Tanker
500027835,MV_BRA_CARGO_011,BR,transit,0.9972222222222221,tanker,0.9999999837239866,0.0,0.0,0.0,0.0,0.0,0.0,0.0027777777777777775,0.9972222222222221,0.0,0.002430555555555555,0.0,0.2,0.2,Transit,Tanker
500027835,MV_BRA_CARGO_011,BR,transit,0.9983333333333333,tanker,0.9999999836998081,0.0,0.0,0.0,0.0,0.0,0.0,0.0016666666666666668,0.9983333333333333,0.0,0.002430555555555555,0.0,0.2,0.2,Transit,Tanker
500027835,MV_BRA_CARGO_011,BR,transit,0.9983333333333333,tanker,0.9999999836969939,0.0,0.0,0.0,0.0,0.0,0.0,0.0016666666666666668,0.9983333333333333,0.0,0.002430555555555555,0.0,0.2,0.2,Transit,Tanker
500027835,MV_BRA_CARGO_011,BR,transit,1.0,tanker,0.9999999837275799,0.0,0.0,0.0,0.0,0.0,0.0,0.0,1.0,0.0,0.002430555555555555,0.0,0.2,0.2,Transit,Tanker
500027835,MV_BRA_CARGO_011,BR,transit,1.0,tanker,0.9999999837253166,0.0,0.0,0.0,0.0,0.0,0.0,0.0,1.0,0.0,0.002430555555555555,0.0,0.2,0.2,Transit,Tanker
500027835,MV_BRA_CARGO_011,BR,transit,0.9983333333333333,tanker,0.9999999836998081,0.0,0.0,0.0,0.0,0.0,0.0,0.0016666666666666668,0.9983333333333333,0.0,0.002430555555555555,0.0,0.2,0.2,Transit,Tanker
500027835,MV_BRA_CARGO_011,BR,transit,0.9983333333333333,tanker,0.9999999836969939,0.0,0.0,0.0,0.0,0.0,0.0,0.0016666666666666668,0.9983333333333333,0.0,0.002430555555555555,0.0,0.2,0.2,Transit,Tanker
500027835,MV_BRA_CARGO_011,BR,transit,1.0,tanker,0.9999999836969939,0.0,0.0,0.0,0.0,0.0,0.0,0.0,1.0,0.0,0.002430555555555555,0.0,0.2,0.2,Transit,Tanker
600007824,ANCHORED_BRA_00,CN,anchored,0.8719603174603173,bulk_carrier,0.9999998795948376,0.8719603174603173,0.019452380952380954,0.0,0.009222222222222222,0.0,0.0,0.025,0.07436507936507938,0.0,0.002430555555555555,0.0,0.0,0.002430555555555555,Anchored/Moored,Bulk Carrier
600007824,ANCHORED_BRA_00,CN,anchored,0.9583809523809524,bulk_carrier,0.9999999386451994,0.9583809523809524,0.008055555555555555,0.0,0.0025,0.0025,0.0,0.014674603174603174,0.0075,0.006388888888888888,0.002430555555555555,0.0,0.0,0.002430555555555555,Anchored/Moored,Bulk Carrier
600007824,ANCHORED_BRA_00,CN,anchored,0.9966666666666667,bulk_carrier,0.9999999578193219,0.9966666666666667,0.0033333333333333335,0.0,0.0,0.0,0.0,0.0,0.0,0.0,0.002430555555555555,0.0,0.0,0.002430555555555555,Anchored/Moored,Bulk Carrier
600007824,ANCHORED_BRA_00,CN,anchored,1.0,bulk_carrier,0.9999999639260606,1.0,0.0,0.0,0.0,0.0,0.0,0.0,0.0,0.0,0.002430555555555555,0.0,0.0,0.002430555555555555,Anchored/Moored,Bulk Carrier
600007824,ANCHORED_BRA_00,CN,anchored,1.0,bulk_carrier,0.9999999639260606,1.0,0.0,0.0,0.0,0.0,0.0,0.0,0.0,0.0,0.002430555555555555,0.0,0.0,0.002430555555555555,Anchored/Moored,Bulk Carrier
600007824,ANCHORED_BRA_00,CN,anchored,0.9983333333333333,bulk_carrier,0.9999999578193219,0.9983333333333333,0.0016666666666666668,0.0,0.0,0.0,0.0,0.0,0.0,0.0,0.002430555555555555,0.0,0.0,0.002430555555555555,Anchored/Moored,Bulk Carrier
600007824,ANCHORED_BRA_00,CN,anchored,1.0,bulk_carrier,0.9999999578193219,1.0,0.0,0.0,0.0,0.0,0.0,0.0,0.0,0.0,0.002430555555555555,0.0,0.0,0.002430555555555555,Anchored/Moored,Bulk Carrier
600007824,ANCHORED_BRA_00,CN,anchored,1.0,bulk_carrier,0.999999963912366,1.0,0.0,0.0,0.0,0.0,0.0,0.0,0.0,0.0,0.002430555555555555,0.0,0.0,0.002430555555555555,Anchored/Moored,Bulk Carrier
600007824,ANCHORED_BRA_00,CN,anchored,0.9961111111111113,bulk_carrier,0.9999999639260606,0.9961111111111113,0.0,0.0,0.0,0.0,0.0,0.0016666666666666668,0.0,0.0022222222222222222,0.002430555555555555,0.0,0.0,0.002430555555555555,Anchored/Moored,Bulk Carrier
600007824,ANCHORED_BRA_00,CN,anchored,1.0,bulk_carrier,0.9999999639260606,1.0,0.0,0.0,0.0,0.0,0.0,0.0,0.0,0.0,0.002430555555555555,0.0,0.0,0.002430555555555555,Anchored/Moored,Bulk Carrier
600007824,ANCHORED_BRA_00,CN,anchored,0.9966666666666667,bulk_carrier,0.9999999639060326,0.9966666666666667,0.0,0.0,0.0,0.0,0.0,0.0033333333333333335,0.0,0.0,0.002430555555555555,0.0,0.0,0.002430555555555555,Anchored/Moored,Bulk Carrier
600007824,ANCHORED_BRA_00,CN,anchored,0.9944444444444446,bulk_carrier,0.9999999639260606,0.9944444444444446,0.0,0.0,0.0,0.0,0.0,0.005555555555555555,0.0,0.0,0.002430555555555555,0.0,0.0,0.002430555555555555,Anchored/Moored,Bulk Carrier
600007824,ANCHORED_BRA_00,CN,anchored,1.0,bulk_carrier,0.9999999639260606,1.0,0.0,0.0,0.0,0.0,0.0,0.0,0.0,0.0,0.002430555555555555,0.0,0.0,0.002430555555555555,Anchored/Moored,Bulk Carrier
600007824,ANCHORED_BRA_00,CN,anchored,1.0,bulk_carrier,0.9999999639260606,1.0,0.0,0.0,0.0,0.0,0.0,0.0,0.0,0.0,0.002430555555555555,0.0,0.0,0.002430555555555555,Anchored/Moored,Bulk Carrier
600007824,ANCHORED_BRA_00,CN,anchored,1.0,bulk_carrier,0.9999999639260606,1.0,0.0,0.0,0.0,0.0,0.0,0.0,0.0,0.0,0.002430555555555555,0.0,0.0,0.002430555555555555,Anchored/Moored,Bulk Carrier
600007824,ANCHORED_BRA_00,CN,anchored,1.0,bulk_carrier,0.9999999577992935,1.0,0.0,0.0,0.0,0.0,0.0,0.0,0.0,0.0,0.002430555555555555,0.0,0.0,0.002430555555555555,Anchored/Moored,Bulk Carrier
600007824,ANCHORED_BRA_00,CN,anchored,1.0,bulk_carrier,0.9999999639060326,1.0,0.0,0.0,0.0,0.0,0.0,0.0,0.0,0.0,0.002430555555555555,0.0,0.0,0.002430555555555555,Anchored/Moored,Bulk Carrier
600007824,ANCHORED_BRA_00,CN,anchored,1.0,bulk_carrier,0.9999999639260606,1.0,0.0,0.0,0.0,0.0,0.0,0.0,0.0,0.0,0.002430555555555555,0.0,0.0,0.002430555555555555,Anchored/Moored,Bulk Carrier
600007824,ANCHORED_BRA_00,CN,anchored,0.996388888888889,bulk_carrier,0.9999999578190897,0.996388888888889,0.003611111111111111,0.0,0.0,0.0,0.0,0.0,0.0,0.0,0.002430555555555555,0.0,0.0,0.002430555555555555,Anchored/Moored,Bulk Carrier
600007824,ANCHORED_BRA_00,CN,anchored,0.9895555555555554,bulk_carrier,0.9999999542417782,0.9895555555555554,0.008777777777777778,0.0,0.0,0.0,0.0,0.0,0.0016666666666666668,0.0,0.002430555555555555,0.0,0.0,0.002430555555555555,Anchored/Moored,Bulk Carrier
600007824,ANCHORED_BRA_00,CN,anchored,1.0,bulk_carrier,0.9999999639260606,1.0,0.0,0.0,0.0,0.0,0.0,0.0,0.0,0.0,0.002430555555555555,0.0,0.0,0.002430555555555555,Anchored/Moored,Bulk Carrier
600007824,ANCHORED_BRA_00,CN,anchored,1.0,bulk_carrier,0.9999999639260606,1.0,0.0,0.0,0.0,0.0,0.0,0.0,0.0,0.0,0.002430555555555555,0.0,0.0,0.002430555555555555,Anchored/Moored,Bulk Carrier
600007824,ANCHORED_BRA_00,CN,anchored,1.0,bulk_carrier,0.9999999578193219,1.0,0.0,0.0,0.0,0.0,0.0,0.0,0.0,0.0,0.002430555555555555,0.0,0.0,0.002430555555555555,Anchored/Moored,Bulk Carrier
600007824,ANCHORED_BRA_00,CN,anchored,0.9975,bulk_carrier,0.9999999578190897,0.9975,0.0025,0.0,0.0,0.0,0.0,0.0,0.0,0.0,0.002430555555555555,0.0,0.0,0.002430555555555555,Anchored/Moored,Bulk Carrier
600007824,ANCHORED_BRA_00,CN,anchored,0.9928333333333335,bulk_carrier,0.9999999578190897,0.9928333333333335,0.007166666666666667,0.0,0.0,0.0,0.0,0.0,0.0,0.0,0.002430555555555555,0.0,0.0,0.002430555555555555,Anchored/Moored,Bulk Carrier
600007824,ANCHORED_BRA_00,CN,anchored,0.9977777777777779,bulk_carrier,0.9999999639260606,0.9977777777777779,0.0022222222222222222,0.0,0.0,0.0,0.0,0.0,0.0,0.0,0.002430555555555555,0.0,0.0,0.002430555555555555,Anchored/Moored,Bulk Carrier
600007824,ANCHORED_BRA_00,CN,anchored,0.9606972071529033,bulk_carrier,0.9999999542427148,0.9606972071529033,0.016279887482419125,0.0033333333333333335,0.0,0.0038888888888888883,0.0,0.013423749246534056,0.0012658227848101266,0.0011111111111111111,0.002430555555555555,0.0,0.0,0.002430555555555555,Anchored/Moored,Bulk Carrier
600007825,ANCHORED_BRA_01,CN,anchored,0.8777936507936507,tanker,0.9999999018750741,0.8777936507936507,0.058761904761904765,0.0,0.0,0.0,0.0,0.04305555555555556,0.020388888888888887,0.0,0.002430555555555555,0.0,0.0,0.002430555555555555,Anchored/Moored,Tanker
600007825,ANCHORED_BRA_01,CN,anchored,0.9958333333333333,tanker,0.999999963948665,0.9958333333333333,0.004166666666666667,0.0,0.0,0.0,0.0,0.0,0.0,0.0,0.002430555555555555,0.0,0.0,0.002430555555555555,Anchored/Moored,Tanker
600007825,ANCHORED_BRA_01,CN,anchored,0.9925,tanker,0.9999999639098329,0.9925,0.004166666666666667,0.0,0.0,0.0,0.0,0.0033333333333333335,0.0,0.0,0.002430555555555555,0.0,0.0,0.002430555555555555,Anchored/Moored,Tanker
600007825,ANCHORED_BRA_01,CN,anchored,0.9975,tanker,0.9999999655949526,0.9975,0.0025,0.0,0.0,0.0,0.0,0.0,0.0,0.0,0.002430555555555555,0.0,0.0,0.002430555555555555,Anchored/Moored,Tanker
600007825,ANCHORED_BRA_01,CN,anchored,0.9975,tanker,0.9999999656318207,0.9975,0.0025,0.0,0.0,0.0,0.0,0.0,0.0,0.0,0.002430555555555555,0.0,0.0,0.002430555555555555,Anchored/Moored,Tanker
600007825,ANCHORED_BRA_01,CN,anchored,0.9888888888888888,tanker,0.999999963948665,0.9888888888888888,0.007777777777777777,0.0,0.0,0.0,0.0,0.0033333333333333335,0.0,0.0,0.002430555555555555,0.0,0.0,0.002430555555555555,Anchored/Moored,Tanker
600007825,ANCHORED_BRA_01,CN,anchored,0.9916666666666667,tanker,0.9999999639098329,0.9916666666666667,0.005,0.0,0.0,0.0,0.0,0.0033333333333333335,0.0,0.0,0.002430555555555555,0.0,0.0,0.002430555555555555,Anchored/Moored,Tanker
600007825,ANCHORED_BRA_01,CN,anchored,1.0,tanker,0.9999999639098329,1.0,0.0,0.0,0.0,0.0,0.0,0.0,0.0,0.0,0.002430555555555555,0.0,0.0,0.002430555555555555,Anchored/Moored,Tanker
600007825,ANCHORED_BRA_01,CN,anchored,0.9983333333333333,tanker,0.9999999656318207,0.9983333333333333,0.0,0.0,0.0,0.0,0.0,0.0016666666666666668,0.0,0.0,0.002430555555555555,0.0,0.0,0.002430555555555555,Anchored/Moored,Tanker
600007825,ANCHORED_BRA_01,CN,anchored,1.0,tanker,0.9999999656313129,1.0,0.0,0.0,0.0,0.0,0.0,0.0,0.0,0.0,0.002430555555555555,0.0,0.0,0.002430555555555555,Anchored/Moored,Tanker
600007825,ANCHORED_BRA_01,CN,anchored,0.9975,tanker,0.9999999639098329,0.9975,0.0025,0.0,0.0,0.0,0.0,0.0,0.0,0.0,0.002430555555555555,0.0,0.0,0.002430555555555555,Anchored/Moored,Tanker
600007825,ANCHORED_BRA_01,CN,anchored,0.9975,tanker,0.9999999655949526,0.9975,0.0025,0.0,0.0,0.0,0.0,0.0,0.0,0.0,0.002430555555555555,0.0,0.0,0.002430555555555555,Anchored/Moored,Tanker
600007825,ANCHORED_BRA_01,CN,anchored,0.9975,tanker,0.9999999656313129,0.9975,0.0025,0.0,0.0,0.0,0.0,0.0,0.0,0.0,0.002430555555555555,0.0,0.0,0.002430555555555555,Anchored/Moored,Tanker
600007825,ANCHORED_BRA_01,CN,anchored,0.9975,tanker,0.9999999656318207,0.9975,0.0025,0.0,0.0,0.0,0.0,0.0,0.0,0.0,0.002430555555555555,0.0,0.0,0.002430555555555555,Anchored/Moored,Tanker
600007825,ANCHORED_BRA_01,CN,anchored,1.0,tanker,0.999999963948665,1.0,0.0,0.0,0.0,0.0,0.0,0.0,0.0,0.0,0.002430555555555555,0.0,0.0,0.002430555555555555,Anchored/Moored,Tanker
600007825,ANCHORED_BRA_01,CN,anchored,1.0,tanker,0.9999999656318207,1.0,0.0,0.0,0.0,0.0,0.0,0.0,0.0,0.0,0.002430555555555555,0.0,0.0,0.002430555555555555,Anchored/Moored,Tanker
600007825,ANCHORED_BRA_01,CN,anchored,0.9983333333333333,tanker,0.9999999655949526,0.9983333333333333,0.0016666666666666668,0.0,0.0,0.0,0.0,0.0,0.0,0.0,0.002430555555555555,0.0,0.0,0.002430555555555555,Anchored/Moored,Tanker
600007825,ANCHORED_BRA_01,CN,anchored,0.9811111111111113,tanker,0.9999999639098329,0.9811111111111113,0.013888888888888886,0.0,0.0,0.0,0.0,0.005,0.0,0.0,0.002430555555555555,0.0,0.0,0.002430555555555555,Anchored/Moored,Tanker
600007825,ANCHORED_BRA_01,CN,anchored,0.9729444444444444,tanker,0.9999999639098329,0.9729444444444444,0.022611111111111113,0.0,0.0,0.0,0.0,0.0044444444444444444,0.0,0.0,0.002430555555555555,0.0,0.0,0.002430555555555555,Anchored/Moored,Tanker
600007825,ANCHORED_BRA_01,CN,anchored,0.9983333333333333,tanker,0.999999963948665,0.9983333333333333,0.0,0.0,0.0,0.0,0.0,0.0016666666666666668,0.0,0.0,0.002430555555555555,0.0,0.0,0.002430555555555555,Anchored/Moored,Tanker
600007825,ANCHORED_BRA_01,CN,anchored,1.0,tanker,0.9999999639098329,1.0,0.0,0.0,0.0,0.0,0.0,0.0,0.0,0.0,0.002430555555555555,0.0,0.0,0.002430555555555555,Anchored/Moored,Tanker
600007825,ANCHORED_BRA_01,CN,anchored,0.9955555555555554,tanker,0.9999999639098329,0.9955555555555554,0.0044444444444444444,0.0,0.0,0.0,0.0,0.0,0.0,0.0,0.002430555555555555,0.0,0.0,0.002430555555555555,Anchored/Moored,Tanker
600007825,ANCHORED_BRA_01,CN,anchored,0.9716666666666667,tanker,0.999999963948665,0.9716666666666667,0.008888888888888889,0.0,0.0,0.0,0.0,0.017777777777777778,0.0016666666666666668,0.0,0.002430555555555555,0.0,0.0,0.002430555555555555,Anchored/Moored,Tanker
600007825,ANCHORED_BRA_01,CN,anchored,1.0,tanker,0.999999963948665,1.0,0.0,0.0,0.0,0.0,0.0,0.0,0.0,0.0,0.002430555555555555,0.0,0.0,0.002430555555555555,Anchored/Moored,Tanker
600007825,ANCHORED_BRA_01,CN,anchored,0.9902777777777777,tanker,0.9999999639126695,0.9902777777777777,0.009722222222222222,0.0,0.0,0.0,0.0,0.0,0.0,0.0,0.002430555555555555,0.0,0.0,0.002430555555555555,Anchored/Moored,Tanker
600007825,ANCHORED_BRA_01,CN,anchored,0.9522222222222223,tanker,0.9999999637613355,0.9522222222222223,0.007222222222222222,0.0,0.0,0.0011111111111111111,0.0,0.035833333333333335,0.003611111111111111,0.0,0.002430555555555555,0.0,0.0,0.002430555555555555,Anchored/Moored,Tanker
600007825,ANCHORED_BRA_01,CN,anchored,0.9774444444444444,tanker,0.9999999638019481,0.9774444444444444,0.0031111111111111114,0.0,0.0,0.0011111111111111111,0.0,0.0175,0.0008333333333333334,0.0,0.002430555555555555,0.0,0.0,0.002430555555555555,Anchored/Moored,Tanker
600007826,ANCHORED_BRA_02,MH,anchored,0.7012857142857143,cargo,0.9999999899356388,0.7012857142857143,0.01400793650793651,0.0033333333333333335,0.0013333333333333335,0.0061111111111111106,0.0,0.03722222222222222,0.22937301587301587,0.007333333333333334,0.002430555555555555,0.0,0.0,0.002430555555555555,Anchored/Moored,Cargo
600007826,ANCHORED_BRA_02,MH,anchored,0.9168333333333334,cargo,0.9999999804704472,0.9168333333333334,0.04833333333333333,0.006666666666666667,0.0022222222222222222,0.0,0.0,0.01888888888888889,0.007055555555555555,0.0,0.002430555555555555,0.0,0.0,0.002430555555555555,Anchored/Moored,Cargo
600007826,ANCHORED_BRA_02,MH,anchored,1.0,cargo,0.9999999853727373,1.0,0.0,0.0,0.0,0.0,0.0,0.0,0.0,0.0,0.002430555555555555,0.0,0.0,0.002430555555555555,Anchored/Moored,Cargo
600007826,ANCHORED_BRA_02,MH,anchored,1.0,cargo,0.9999999853727373,1.0,0.0,0.0,0.0,0.0,0.0,0.0,0.0,0.0,0.002430555555555555,0.0,0.0,0.002430555555555555,Anchored/Moored,Cargo
600007826,ANCHORED_BRA_02,MH,anchored,1.0,cargo,0.9999999853727373,1.0,0.0,0.0,0.0,0.0,0.0,0.0,0.0,0.0,0.002430555555555555,0.0,0.0,0.002430555555555555,Anchored/Moored,Cargo
600007826,ANCHORED_BRA_02,MH,anchored,1.0,cargo,0.9999999853727373,1.0,0.0,0.0,0.0,0.0,0.0,0.0,0.0,0.0,0.002430555555555555,0.0,0.0,0.002430555555555555,Anchored/Moored,Cargo
600007826,ANCHORED_BRA_02,MH,anchored,0.9898333333333335,cargo,0.9999999853727373,0.9898333333333335,0.009333333333333332,0.0,0.0,0.0,0.0,0.0008333333333333334,0.0,0.0,0.002430555555555555,0.0,0.0,0.002430555555555555,Anchored/Moored,Cargo
600007826,ANCHORED_BRA_02,MH,anchored,0.9908333333333333,cargo,0.9999999853727373,0.9908333333333333,0.005,0.0,0.0,0.0,0.0,0.004166666666666667,0.0,0.0,0.002430555555555555,0.0,0.0,0.002430555555555555,Anchored/Moored,Cargo
600007826,ANCHORED_BRA_02,MH,anchored,1.0,cargo,0.9999999853727373,1.0,0.0,0.0,0.0,0.0,0.0,0.0,0.0,0.0,0.002430555555555555,0.0,0.0,0.002430555555555555,Anchored/Moored,Cargo
600007826,ANCHORED_BRA_02,MH,anchored,1.0,cargo,0.9999999853727373,1.0,0.0,0.0,0.0,0.0,0.0,0.0,0.0,0.0,0.002430555555555555,0.0,0.0,0.002430555555555555,Anchored/Moored,Cargo
600007826,ANCHORED_BRA_02,MH,anchored,1.0,cargo,0.9999999853727373,1.0,0.0,0.0,0.0,0.0,0.0,0.0,0.0,0.0,0.002430555555555555,0.0,0.0,0.002430555555555555,Anchored/Moored,Cargo
600007826,ANCHORED_BRA_02,MH,anchored,0.9862222222222222,cargo,0.9999999853442552,0.9862222222222222,0.007944444444444445,0.0033333333333333335,0.0,0.0,0.0,0.0025,0.0,0.0,0.002430555555555555,0.0,0.0,0.002430555555555555,Anchored/Moored,Cargo
600007826,ANCHORED_BRA_02,MH,anchored,0.9930555555555555,cargo,0.9999999853442552,0.9930555555555555,0.0061111111111111106,0.0,0.0,0.0,0.0,0.0008333333333333334,0.0,0.0,0.002430555555555555,0.0,0.0,0.002430555555555555,Anchored/Moored,Cargo
600007826,ANCHORED_BRA_02,MH,anchored,0.9912222222222222,cargo,0.9999999853727373,0.9912222222222222,0.008777777777777778,0.0,0.0,0.0,0.0,0.0,0.0,0.0,0.002430555555555555,0.0,0.0,0.002430555555555555,Anchored/Moored,Cargo
600007826,ANCHORED_BRA_02,MH,anchored,1.0,cargo,0.9999999853727373,1.0,0.0,0.0,0.0,0.0,0.0,0.0,0.0,0.0,0.002430555555555555,0.0,0.0,0.002430555555555555,Anchored/Moored,Cargo
600007826,ANCHORED_BRA_02,MH,anchored,1.0,cargo,0.9999999853727373,1.0,0.0,0.0,0.0,0.0,0.0,0.0,0.0,0.0,0.002430555555555555,0.0,0.0,0.002430555555555555,Anchored/Moored,Cargo
600007826,ANCHORED_BRA_02,MH,anchored,1.0,cargo,0.9999999853485828,1.0,0.0,0.0,0.0,0.0,0.0,0.0,0.0,0.0,0.002430555555555555,0.0,0.0,0.002430555555555555,Anchored/Moored,Cargo
600007826,ANCHORED_BRA_02,MH,anchored,1.0,cargo,0.9999999853727373,1.0,0.0,0.0,0.0,0.0,0.0,0.0,0.0,0.0,0.002430555555555555,0.0,0.0,0.002430555555555555,Anchored/Moored,Cargo
600007826,ANCHORED_BRA_02,MH,anchored,0.99,cargo,0.9999999853442552,0.99,0.008333333333333331,0.0,0.0,0.0,0.0,0.0,0.0016666666666666668,0.0,0.002430555555555555,0.0,0.0,0.002430555555555555,Anchored/Moored,Cargo
600007826,ANCHORED_BRA_02,MH,anchored,0.9436111111111113,cargo,0.9999999839001239,0.9436111111111113,0.02138888888888889,0.0033333333333333335,0.0,0.0,0.0,0.024722222222222222,0.006944444444444445,0.0,0.002430555555555555,0.0,0.0,0.002430555555555555,Anchored/Moored,Cargo
600007826,ANCHORED_BRA_02,MH,anchored,0.9639444444444445,cargo,0.9999999839001239,0.9639444444444445,0.010499999999999999,0.0033333333333333335,0.0,0.0,0.0,0.02222222222222222,0.0,0.0,0.002430555555555555,0.0,0.0,0.002430555555555555,Anchored/Moored,Cargo
600007826,ANCHORED_BRA_02,MH,anchored,0.985,cargo,0.9999999853727373,0.985,0.0125,0.0,0.0,0.0,0.0,0.0025,0.0,0.0,0.002430555555555555,0.0,0.0,0.002430555555555555,Anchored/Moored,Cargo
600007826,ANCHORED_BRA_02,MH,anchored,0.9966666666666667,cargo,0.9999999853727373,0.9966666666666667,0.0,0.0,0.0,0.0,0.0,0.0,0.0033333333333333335,0.0,0.002430555555555555,0.0,0.0,0.002430555555555555,Anchored/Moored,Cargo
600007826,ANCHORED_BRA_02,MH,anchored,0.9966666666666667,cargo,0.9999999853727373,0.9966666666666667,0.0,0.0,0.0,0.0,0.0,0.0,0.0033333333333333335,0.0,0.002430555555555555,0.0,0.0,0.002430555555555555,Anchored/Moored,Cargo
600007826,ANCHORED_BRA_02,MH,anchored,1.0,cargo,0.9999999853485828,1.0,0.0,0.0,0.0,0.0,0.0,0.0,0.0,0.0,0.002430555555555555,0.0,0.0,0.002430555555555555,Anchored/Moored,Cargo
600007826,ANCHORED_BRA_02,MH,anchored,1.0,cargo,0.9999999853727373,1.0,0.0,0.0,0.0,0.0,0.0,0.0,0.0,0.0,0.002430555555555555,0.0,0.0,0.002430555555555555,Anchored/Moored,Cargo
600007826,ANCHORED_BRA_02,MH,anchored,1.0,cargo,0.9999999853485828,1.0,0.0,0.0,0.0,0.0,0.0,0.0,0.0,0.0,0.002430555555555555,0.0,0.0,0.002430555555555555,Anchored/Moored,Cargo
600007827,ANCHORED_BRA_03,MH,anchored,0.834261904761905,cargo,0.999999991253446,0.834261904761905,0.013174603174603174,0.0,0.0,0.005333333333333334,0.0,0.028888888888888888,0.11667460317460318,0.0016666666666666668,0.002430555555555555,0.0,0.0,0.002430555555555555,Anchored/Moored,Cargo
600007827,ANCHORED_BRA_03,MH,anchored,0.9778888888888889,cargo,0.9999999824036038,0.9778888888888889,0.007,0.0,0.0,0.0,0.0,0.012888888888888889,0.0022222222222222222,0.0,0.002430555555555555,0.0,0.0,0.002430555555555555,Anchored/Moored,Cargo
600007827,ANCHORED_BRA_03,MH,anchored,1.0,cargo,0.9999999812799917,1.0,0.0,0.0,0.0,0.0,0.0,0.0,0.0,0.0,0.002430555555555555,0.0,0.0,0.002430555555555555,Anchored/Moored,Cargo
600007827,ANCHORED_BRA_03,MH,anchored,1.0,cargo,0.9999999816072501,1.0,0.0,0.0,0.0,0.0,0.0,0.0,0.0,0.0,0.002430555555555555,0.0,0.0,0.002430555555555555,Anchored/Moored,Cargo
600007827,ANCHORED_BRA_03,MH,anchored,1.0,cargo,0.9999999816072501,1.0,0.0,0.0,0.0,0.0,0.0,0.0,0.0,0.0,0.002430555555555555,0.0,0.0,0.002430555555555555,Anchored/Moored,Cargo
600007827,ANCHORED_BRA_03,MH,anchored,1.0,cargo,0.9999999816072501,1.0,0.0,0.0,0.0,0.0,0.0,0.0,0.0,0.0,0.002430555555555555,0.0,0.0,0.002430555555555555,Anchored/Moored,Cargo
600007827,ANCHORED_BRA_03,MH,anchored,0.9904444444444445,cargo,0.9999999834986053,0.9904444444444445,0.0038888888888888883,0.0,0.0,0.0,0.0,0.005666666666666666,0.0,0.0,0.002430555555555555,0.0,0.0,0.002430555555555555,Anchored/Moored,Cargo
600007827,ANCHORED_BRA_03,MH,anchored,0.9983333333333333,cargo,0.9999999823769771,0.9983333333333333,0.0016666666666666668,0.0,0.0,0.0,0.0,0.0,0.0,0.0,0.002430555555555555,0.0,0.0,0.002430555555555555,Anchored/Moored,Cargo
600007827,ANCHORED_BRA_03,MH,anchored,1.0,cargo,0.9999999816072501,1.0,0.0,0.0,0.0,0.0,0.0,0.0,0.0,0.0,0.002430555555555555,0.0,0.0,0.002430555555555555,Anchored/Moored,Cargo
600007827,ANCHORED_BRA_03,MH,anchored,0.996,cargo,0.9999999812490287,0.996,0.0,0.0,0.0,0.0,0.0,0.0033333333333333335,0.0006666666666666668,0.0,0.002430555555555555,0.0,0.0,0.002430555555555555,Anchored/Moored,Cargo
600007827,ANCHORED_BRA_03,MH,anchored,0.9982222222222223,cargo,0.9999999815768285,0.9982222222222223,0.0,0.0,0.0,0.0,0.0,0.0011111111111111111,0.0006666666666666668,0.0,0.002430555555555555,0.0,0.0,0.002430555555555555,Anchored/Moored,Cargo
600007827,ANCHORED_BRA_03,MH,anchored,1.0,cargo,0.9999999815768285,1.0,0.0,0.0,0.0,0.0,0.0,0.0,0.0,0.0,0.002430555555555555,0.0,0.0,0.002430555555555555,Anchored/Moored,Cargo
600007827,ANCHORED_BRA_03,MH,anchored,1.0,cargo,0.9999999816072501,1.0,0.0,0.0,0.0,0.0,0.0,0.0,0.0,0.0,0.002430555555555555,0.0,0.0,0.002430555555555555,Anchored/Moored,Cargo
600007827,ANCHORED_BRA_03,MH,anchored,0.9966666666666667,cargo,0.9999999816072501,0.9966666666666667,0.0,0.0,0.0,0.0,0.0,0.0,0.0033333333333333335,0.0,0.002430555555555555,0.0,0.0,0.002430555555555555,Anchored/Moored,Cargo
600007827,ANCHORED_BRA_03,MH,anchored,1.0,cargo,0.9999999812799917,1.0,0.0,0.0,0.0,0.0,0.0,0.0,0.0,0.0,0.002430555555555555,0.0,0.0,0.002430555555555555,Anchored/Moored,Cargo
600007827,ANCHORED_BRA_03,MH,anchored,0.9872777777777778,cargo,0.9999999812490287,0.9872777777777778,0.0025,0.0,0.0,0.0,0.0,0.009555555555555555,0.0006666666666666668,0.0,0.002430555555555555,0.0,0.0,0.002430555555555555,Anchored/Moored,Cargo
600007827,ANCHORED_BRA_03,MH,anchored,0.9785305404862368,cargo,0.9999999815768285,0.9785305404862368,0.005446554149085794,0.0,0.0,0.0,0.0,0.014090415913200722,0.0019324894514767931,0.0,0.002430555555555555,0.0,0.0,0.002430555555555555,Anchored/Moored,Cargo
600007827,ANCHORED_BRA_03,MH,anchored,0.9922222222222223,cargo,0.9999999815768285,0.9922222222222223,0.007777777777777777,0.0,0.0,0.0,0.0,0.0,0.0,0.0,0.002430555555555555,0.0,0.0,0.002430555555555555,Anchored/Moored,Cargo
600007827,ANCHORED_BRA_03,MH,anchored,1.0,cargo,0.9999999812799917,1.0,0.0,0.0,0.0,0.0,0.0,0.0,0.0,0.0,0.002430555555555555,0.0,0.0,0.002430555555555555,Anchored/Moored,Cargo
600007827,ANCHORED_BRA_03,MH,anchored,1.0,cargo,0.9999999816072501,1.0,0.0,0.0,0.0,0.0,0.0,0.0,0.0,0.0,0.002430555555555555,0.0,0.0,0.002430555555555555,Anchored/Moored,Cargo
600007827,ANCHORED_BRA_03,MH,anchored,1.0,cargo,0.9999999816072501,1.0,0.0,0.0,0.0,0.0,0.0,0.0,0.0,0.0,0.002430555555555555,0.0,0.0,0.002430555555555555,Anchored/Moored,Cargo
600007827,ANCHORED_BRA_03,MH,anchored,0.9933333333333333,cargo,0.9999999816072501,0.9933333333333333,0.0,0.0,0.0,0.0,0.0,0.0,0.006666666666666667,0.0,0.002430555555555555,0.0,0.0,0.002430555555555555,Anchored/Moored,Cargo
600007827,ANCHORED_BRA_03,MH,anchored,0.9983333333333333,cargo,0.9999999816072501,0.9983333333333333,0.0,0.0,0.0,0.0,0.0,0.0016666666666666668,0.0,0.0,0.002430555555555555,0.0,0.0,0.002430555555555555,Anchored/Moored,Cargo
600007827,ANCHORED_BRA_03,MH,anchored,0.9884749849306811,cargo,0.9999999812490287,0.9884749849306811,0.0012798874824191278,0.0,0.0,0.0,0.0,0.008979304802089612,0.0012658227848101266,0.0,0.002430555555555555,0.0,0.0,0.002430555555555555,Anchored/Moored,Cargo
600007827,ANCHORED_BRA_03,MH,anchored,1.0,cargo,0.9999999812490287,1.0,0.0,0.0,0.0,0.0,0.0,0.0,0.0,0.0,0.002430555555555555,0.0,0.0,0.002430555555555555,Anchored/Moored,Cargo
600007827,ANCHORED_BRA_03,MH,anchored,0.9983333333333333,cargo,0.9999999812799917,0.9983333333333333,0.0016666666666666668,0.0,0.0,0.0,0.0,0.0,0.0,0.0,0.002430555555555555,0.0,0.0,0.002430555555555555,Anchored/Moored,Cargo
600007827,ANCHORED_BRA_03,MH,anchored,0.9983333333333333,cargo,0.9999999812799917,0.9983333333333333,0.0016666666666666668,0.0,0.0,0.0,0.0,0.0,0.0,0.0,0.002430555555555555,0.0,0.0,0.002430555555555555,Anchored/Moored,Cargo
600007828,ANCHORED_BRA_04,LR,anchored,0.8464285714285715,bulk_carrier,0.9999997279024283,0.8464285714285715,0.016896825396825396,0.0,0.007555555555555555,0.0037777777777777775,0.0,0.04911111111111111,0.07623015873015872,0.0,0.002430555555555555,0.0,0.0,0.002430555555555555,Anchored/Moored,Bulk Carrier
600007828,ANCHORED_BRA_04,LR,anchored,0.961388888888889,bulk_carrier,0.9999997504108041,0.961388888888889,0.005,0.0,0.0,0.0,0.0,0.0325,0.0011111111111111111,0.0,0.002430555555555555,0.0,0.0,0.002430555555555555,Anchored/Moored,Bulk Carrier
600007828,ANCHORED_BRA_04,LR,anchored,1.0,bulk_carrier,0.9999999795783603,1.0,0.0,0.0,0.0,0.0,0.0,0.0,0.0,0.0,0.002430555555555555,0.0,0.0,0.002430555555555555,Anchored/Moored,Bulk Carrier
600007828,ANCHORED_BRA_04,LR,anchored,1.0,bulk_carrier,0.9999999812731674,1.0,0.0,0.0,0.0,0.0,0.0,0.0,0.0,0.0,0.002430555555555555,0.0,0.0,0.002430555555555555,Anchored/Moored,Bulk Carrier
600007828,ANCHORED_BRA_04,LR,anchored,1.0,bulk_carrier,0.9999999812421466,1.0,0.0,0.0,0.0,0.0,0.0,0.0,0.0,0.0,0.002430555555555555,0.0,0.0,0.002430555555555555,Anchored/Moored,Bulk Carrier
600007828,ANCHORED_BRA_04,LR,anchored,1.0,bulk_carrier,0.9999999812731674,1.0,0.0,0.0,0.0,0.0,0.0,0.0,0.0,0.0,0.002430555555555555,0.0,0.0,0.002430555555555555,Anchored/Moored,Bulk Carrier
600007828,ANCHORED_BRA_04,LR,anchored,1.0,bulk_carrier,0.9999999812731674,1.0,0.0,0.0,0.0,0.0,0.0,0.0,0.0,0.0,0.002430555555555555,0.0,0.0,0.002430555555555555,Anchored/Moored,Bulk Carrier
600007828,ANCHORED_BRA_04,LR,anchored,1.0,bulk_carrier,0.9999999795783603,1.0,0.0,0.0,0.0,0.0,0.0,0.0,0.0,0.0,0.002430555555555555,0.0,0.0,0.002430555555555555,Anchored/Moored,Bulk Carrier
600007828,ANCHORED_BRA_04,LR,anchored,1.0,bulk_carrier,0.9999999795783603,1.0,0.0,0.0,0.0,0.0,0.0,0.0,0.0,0.0,0.002430555555555555,0.0,0.0,0.002430555555555555,Anchored/Moored,Bulk Carrier
600007828,ANCHORED_BRA_04,LR,anchored,1.0,bulk_carrier,0.9999999795783603,1.0,0.0,0.0,0.0,0.0,0.0,0.0,0.0,0.0,0.002430555555555555,0.0,0.0,0.002430555555555555,Anchored/Moored,Bulk Carrier
600007828,ANCHORED_BRA_04,LR,anchored,1.0,bulk_carrier,0.9999999812731674,1.0,0.0,0.0,0.0,0.0,0.0,0.0,0.0,0.0,0.002430555555555555,0.0,0.0,0.002430555555555555,Anchored/Moored,Bulk Carrier
600007828,ANCHORED_BRA_04,LR,anchored,1.0,bulk_carrier,0.9999999795473571,1.0,0.0,0.0,0.0,0.0,0.0,0.0,0.0,0.0,0.002430555555555555,0.0,0.0,0.002430555555555555,Anchored/Moored,Bulk Carrier
600007828,ANCHORED_BRA_04,LR,anchored,0.9966666666666667,bulk_carrier,0.9999999795473571,0.9966666666666667,0.0,0.0,0.0,0.0,0.0,0.0033333333333333335,0.0,0.0,0.002430555555555555,0.0,0.0,0.002430555555555555,Anchored/Moored,Bulk Carrier
600007828,ANCHORED_BRA_04,LR,anchored,0.9983333333333333,bulk_carrier,0.9999999812421466,0.9983333333333333,0.0,0.0,0.0,0.0,0.0,0.0016666666666666668,0.0,0.0,0.002430555555555555,0.0,0.0,0.002430555555555555,Anchored/Moored,Bulk Carrier
600007828,ANCHORED_BRA_04,LR,anchored,1.0,bulk_carrier,0.9999999812731674,1.0,0.0,0.0,0.0,0.0,0.0,0.0,0.0,0.0,0.002430555555555555,0.0,0.0,0.002430555555555555,Anchored/Moored,Bulk Carrier
600007828,ANCHORED_BRA_04,LR,anchored,1.0,bulk_carrier,0.9999999812731674,1.0,0.0,0.0,0.0,0.0,0.0,0.0,0.0,0.0,0.002430555555555555,0.0,0.0,0.002430555555555555,Anchored/Moored,Bulk Carrier
600007828,ANCHORED_BRA_04,LR,anchored,1.0,bulk_carrier,0.9999999812731674,1.0,0.0,0.0,0.0,0.0,0.0,0.0,0.0,0.0,0.002430555555555555,0.0,0.0,0.002430555555555555,Anchored/Moored,Bulk Carrier
600007828,ANCHORED_BRA_04,LR,anchored,0.9936666666666667,bulk_carrier,0.9999999795783603,0.9936666666666667,0.004666666666666666,0.0,0.0,0.0,0.0,0.0016666666666666668,0.0,0.0,0.002430555555555555,0.0,0.0,0.002430555555555555,Anchored/Moored,Bulk Carrier
600007828,ANCHORED_BRA_04,LR,anchored,0.9983333333333333,bulk_carrier,0.9999999812421466,0.9983333333333333,0.0,0.0,0.0,0.0,0.0,0.0016666666666666668,0.0,0.0,0.002430555555555555,0.0,0.0,0.002430555555555555,Anchored/Moored,Bulk Carrier
600007828,ANCHORED_BRA_04,LR,anchored,1.0,bulk_carrier,0.9999999812421466,1.0,0.0,0.0,0.0,0.0,0.0,0.0,0.0,0.0,0.002430555555555555,0.0,0.0,0.002430555555555555,Anchored/Moored,Bulk Carrier
600007828,ANCHORED_BRA_04,LR,anchored,0.9983333333333333,bulk_carrier,0.9999999812731674,0.9983333333333333,0.0016666666666666668,0.0,0.0,0.0,0.0,0.0,0.0,0.0,0.002430555555555555,0.0,0.0,0.002430555555555555,Anchored/Moored,Bulk Carrier
600007828,ANCHORED_BRA_04,LR,anchored,1.0,bulk_carrier,0.9999999812421466,1.0,0.0,0.0,0.0,0.0,0.0,0.0,0.0,0.0,0.002430555555555555,0.0,0.0,0.002430555555555555,Anchored/Moored,Bulk Carrier
600007828,ANCHORED_BRA_04,LR,anchored,0.9427130801687766,bulk_carrier,0.9999999812731674,0.9427130801687766,0.007946554149085794,0.0,0.0013333333333333335,0.0038888888888888883,0.0,0.037574542897327715,0.006543600562587904,0.0,0.002430555555555555,0.0,0.0,0.002430555555555555,Anchored/Moored,Bulk Carrier
600007828,ANCHORED_BRA_04,LR,anchored,1.0,bulk_carrier,0.9999999812731674,1.0,0.0,0.0,0.0,0.0,0.0,0.0,0.0,0.0,0.002430555555555555,0.0,0.0,0.002430555555555555,Anchored/Moored,Bulk Carrier
600007828,ANCHORED_BRA_04,LR,anchored,1.0,bulk_carrier,0.9999999812731674,1.0,0.0,0.0,0.0,0.0,0.0,0.0,0.0,0.0,0.002430555555555555,0.0,0.0,0.002430555555555555,Anchored/Moored,Bulk Carrier
600007828,ANCHORED_BRA_04,LR,anchored,1.0,bulk_carrier,0.9999999812731674,1.0,0.0,0.0,0.0,0.0,0.0,0.0,0.0,0.0,0.002430555555555555,0.0,0.0,0.002430555555555555,Anchored/Moored,Bulk Carrier
600007828,ANCHORED_BRA_04,LR,anchored,1.0,bulk_carrier,0.9999999812731674,1.0,0.0,0.0,0.0,0.0,0.0,0.0,0.0,0.0,0.002430555555555555,0.0,0.0,0.002430555555555555,Anchored/Moored,Bulk Carrier
700027824,VESSEL_BRA_000,BR,transit,0.9527777777777777,trawler,0.9999999820801991,0.0033333333333333335,0.005,0.0,0.0011111111111111111,0.0,0.03777777777777778,0.0,0.9527777777777777,0.0,0.002430555555555555,0.0,0.0,0.002430555555555555,Transit,Fishing - Trawler
700027824,VESSEL_BRA_000,BR,transit,1.0,trawler,0.9999999820805995,0.0,0.0,0.0,0.0,0.0,0.0,0.0,1.0,0.0,0.002430555555555555,0.0,0.0,0.002430555555555555,Transit,Fishing - Trawler
700027824,VESSEL_BRA_000,BR,transit,1.0,trawler,0.9999999820805995,0.0,0.0,0.0,0.0,0.0,0.0,0.0,1.0,0.0,0.002430555555555555,0.0,0.0,0.002430555555555555,Transit,Fishing - Trawler
700027824,VESSEL_BRA_000,BR,transit,1.0,trawler,0.9999999820801558,0.0,0.0,0.0,0.0,0.0,0.0,0.0,1.0,0.0,0.002430555555555555,0.0,0.0,0.002430555555555555,Transit,Fishing - Trawler
700027824,VESSEL_BRA_000,BR,transit,1.0,trawler,0.9999999820801558,0.0,0.0,0.0,0.0,0.0,0.0,0.0,1.0,0.0,0.002430555555555555,0.0,0.0,0.002430555555555555,Transit,Fishing - Trawler
700027824,VESSEL_BRA_000,BR,transit,1.0,trawler,0.9999999820801558,0.0,0.0,0.0,0.0,0.0,0.0,0.0,1.0,0.0,0.002430555555555555,0.0,0.0,0.002430555555555555,Transit,Fishing - Trawler
700027824,VESSEL_BRA_000,BR,transit,1.0,trawler,0.9999999819635549,0.0,0.0,0.0,0.0,0.0,0.0,0.0,1.0,0.0,0.002430555555555555,0.0,0.0,0.002430555555555555,Transit,Fishing - Trawler
700027824,VESSEL_BRA_000,BR,transit,1.0,trawler,0.9999999820801558,0.0,0.0,0.0,0.0,0.0,0.0,0.0,1.0,0.0,0.002430555555555555,0.0,0.0,0.002430555555555555,Transit,Fishing - Trawler
700027824,VESSEL_BRA_000,BR,transit,0.9977777777777779,trawler,0.9999999820801991,0.0022222222222222222,0.0,0.0,0.0,0.0,0.0,0.0,0.9977777777777779,0.0,0.002430555555555555,0.0,0.0,0.002430555555555555,Transit,Fishing - Trawler
700027824,VESSEL_BRA_000,BR,transit,1.0,trawler,0.9999999820801558,0.0,0.0,0.0,0.0,0.0,0.0,0.0,1.0,0.0,0.002430555555555555,0.0,0.0,0.002430555555555555,Transit,Fishing - Trawler
700027824,VESSEL_BRA_000,BR,transit,1.0,trawler,0.9999999820801558,0.0,0.0,0.0,0.0,0.0,0.0,0.0,1.0,0.0,0.002430555555555555,0.0,0.0,0.002430555555555555,Transit,Fishing - Trawler
700027824,VESSEL_BRA_000,BR,transit,1.0,trawler,0.9999999820801558,0.0,0.0,0.0,0.0,0.0,0.0,0.0,1.0,0.0,0.002430555555555555,0.0,0.0,0.002430555555555555,Transit,Fishing - Trawler
700027824,VESSEL_BRA_000,BR,transit,1.0,trawler,0.9999999820801558,0.0,0.0,0.0,0.0,0.0,0.0,0.0,1.0,0.0,0.002430555555555555,0.0,0.0,0.002430555555555555,Transit,Fishing - Trawler
700027824,VESSEL_BRA_000,BR,transit,0.7928571428571428,trawler,0.9999999821094773,0.0,0.0,0.003,0.13814285714285718,0.007277777777777779,0.03908730158730157,0.0,0.7928571428571428,0.019634920634920637,0.002430555555555555,0.0,0.0,0.002430555555555555,Transit,Fishing - Trawler
700027824,VESSEL_BRA_000,BR,fishing,0.9720555555555553,trawler,0.9999999821094773,0.0,0.0,0.0,0.9720555555555553,0.005166666666666667,0.005555555555555555,0.0,0.01722222222222222,0.0,0.002430555555555555,0.4105876363422895,0.0,0.4105876363422895,Fishing,Fishing - Trawler
700027824,VESSEL_BRA_000,BR,fishing,0.9983333333333333,trawler,0.999999982100768,0.0,0.0,0.0,0.9983333333333333,0.0016666666666666668,0.0,0.0,0.0,0.0,0.002430555555555555,0.41460095883693504,0.0,0.41460095883693504,Fishing,Fishing - Trawler
700027824,VESSEL_BRA_000,BR,fishing,1.0,trawler,0.9999999821051996,0.0,0.0,0.0,1.0,0.0,0.0,0.0,0.0,0.0,0.002430555555555555,0.4177531797503911,0.0,0.4177531797503911,Fishing,Fishing - Trawler
700027824,VESSEL_BRA_000,BR,fishing,0.995,trawler,0.9999999814780466,0.0,0.0,0.002,0.995,0.003,0.0,0.0,0.0,0.0,0.002430555555555555,0.42010595152938307,0.0,0.42010595152938307,Fishing,Fishing - Trawler
700027824,VESSEL_BRA_000,BR,fishing,1.0,trawler,0.9999999814780466,0.0,0.0,0.0,1.0,0.0,0.0,0.0,0.0,0.0,0.002430555555555555,0.42145719814561855,0.0,0.42145719814561855,Fishing,Fishing - Trawler
700027824,VESSEL_BRA_000,BR,fishing,1.0,trawler,0.9999999821017213,0.0,0.0,0.0,1.0,0.0,0.0,0.0,0.0,0.0,0.002430555555555555,0.4222622962192334,0.0,0.4222622962192334,Fishing,Fishing - Trawler
700027824,VESSEL_BRA_000,BR,fishing,1.0,trawler,0.9999999821017213,0.0,0.0,0.0,1.0,0.0,0.0,0.0,0.0,0.0,0.002430555555555555,0.4242607679039438,0.0,0.4242607679039438,Fishing,Fishing - Trawler
700027824,VESSEL_BRA_000,BR,fishing,1.0,trawler,0.9999999821017213,0.0,0.0,0.0,1.0,0.0,0.0,0.0,0.0,0.0,0.002430555555555555,0.4253526333498431,0.0,0.4253526333498431,Fishing,Fishing - Trawler
700027824,VESSEL_BRA_000,BR,fishing,1.0,trawler,0.9999999821017213,0.0,0.0,0.0,1.0,0.0,0.0,0.0,0.0,0.0,0.002430555555555555,0.42491555916182067,0.0,0.42491555916182067,Fishing,Fishing - Trawler
700027824,VESSEL_BRA_000,BR,fishing,1.0,trawler,0.999999982100768,0.0,0.0,0.0,1.0,0.0,0.0,0.0,0.0,0.0,0.002430555555555555,0.42512984453434355,0.0,0.42512984453434355,Fishing,Fishing - Trawler
700027824,VESSEL_BRA_000,BR,fishing,1.0,trawler,0.999999982100768,0.0,0.0,0.0,1.0,0.0,0.0,0.0,0.0,0.0,0.002430555555555555,0.42451331768056205,0.0,0.42451331768056205,Fishing,Fishing - Trawler
700027824,VESSEL_BRA_000,BR,fishing,1.0,trawler,0.999999982100768,0.0,0.0,0.0,1.0,0.0,0.0,0.0,0.0,0.0,0.002430555555555555,0.42283459424290976,0.0,0.42283459424290976,Fishing,Fishing - Trawler
700027824,VESSEL_BRA_000,BR,fishing,1.0,trawler,0.999999982100768,0.0,0.0,0.0,1.0,0.0,0.0,0.0,0.0,0.0,0.002430555555555555,0.42322299963153825,0.0,0.42322299963153825,Fishing,Fishing - Trawler
700027824,VESSEL_BRA_000,BR,fishing,1.0,trawler,0.9999999821017213,0.0,0.0,0.0,1.0,0.0,0.0,0.0,0.0,0.0,0.002430555555555555,0.4259606277034828,0.0,0.4259606277034828,Fishing,Fishing - Trawler
700027824,VESSEL_BRA_000,BR,fishing,1.0,trawler,0.9999999821017213,0.0,0.0,0.0,1.0,0.0,0.0,0.0,0.0,0.0,0.002430555555555555,0.4288697530107174,0.0,0.4288697530107174,Fishing,Fishing - Trawler
700027824,VESSEL_BRA_000,BR,fishing,0.9941666666666666,trawler,0.9999999821051996,0.0,0.0,0.005833333333333334,0.9941666666666666,0.0,0.0,0.0,0.0,0.0,0.002430555555555555,0.42967619559496656,0.0,0.42967619559496656,Fishing,Fishing - Trawler
700027824,VESSEL_BRA_000,BR,fishing,1.0,trawler,0.9999999821017213,0.0,0.0,0.0,1.0,0.0,0.0,0.0,0.0,0.0,0.002430555555555555,0.42891338021908554,0.0,0.42891338021908554,Fishing,Fishing - Trawler
700027824,VESSEL_BRA_000,BR,fishing,1.0,trawler,0.9999999821017213,0.0,0.0,0.0,1.0,0.0,0.0,0.0,0.0,0.0,0.002430555555555555,0.4276922764320827,0.0,0.4276922764320827,Fishing,Fishing - Trawler
700027824,VESSEL_BRA_000,BR,fishing,1.0,trawler,0.9999999821017213,0.0,0.0,0.0,1.0,0.0,0.0,0.0,0.0,0.0,0.002430555555555555,0.42526428120469806,0.0,0.42526428120469806,Fishing,Fishing - Trawler
700027824,VESSEL_BRA_000,BR,fishing,1.0,trawler,0.9999999821017213,0.0,0.0,0.0,1.0,0.0,0.0,0.0,0.0,0.0,0.002430555555555555,0.4223436171211674,0.0,0.4223436171211674,Fishing,Fishing - Trawler
700027824,VESSEL_BRA_000,BR,fishing,1.0,trawler,0.9999999815275381,0.0,0.0,0.0,1.0,0.0,0.0,0.0,0.0,0.0,0.002430555555555555,0.42106389546012907,0.0,0.42106389546012907,Fishing,Fishing - Trawler
700027824,VESSEL_BRA_000,BR,fishing,1.0,trawler,0.9999999816964934,0.0,0.0,0.0,1.0,0.0,0.0,0.0,0.0,0.0,0.002430555555555555,0.42266682639107267,0.0,0.42266682639107267,Fishing,Fishing - Trawler
700027824,VESSEL_BRA_000,BR,fishing,1.0,trawler,0.9999999821017213,0.0,0.0,0.0,1.0,0.0,0.0,0.0,0.0,0.0,0.002430555555555555,0.4254116293574511,0.0,0.4254116293574511,Fishing,Fishing - Trawler
700027824,VESSEL_BRA_000,BR,fishing,0.9919444444444444,trawler,0.9999999821094773,0.0,0.0033333333333333335,0.0,0.9919444444444444,0.0,0.0,0.0,0.004722222222222221,0.0,0.002430555555555555,0.42732194053627487,0.0,0.42732194053627487,Fishing,Fishing - Trawler
700027824,VESSEL_BRA_000,BR,transit,0.9784444444444443,trawler,0.9999999813588599,0.0011111111111111111,0.0022222222222222222,0.0,0.005,0.0,0.0,0.009666666666666667,0.9784444444444443,0.0035555555555555553,0.002430555555555555,0.0,0.0,0.002430555555555555,Transit,Fishing - Trawler
700027824,VESSEL_BRA_000,BR,transit,1.0,trawler,0.9999999820801558,0.0,0.0,0.0,0.0,0.0,0.0,0.0,1.0,0.0,0.002430555555555555,0.0,0.0,0.002430555555555555,Transit,Fishing - Trawler
700027824,VESSEL_BRA_000,BR,transit,1.0,trawler,0.9999999820801558,0.0,0.0,0.0,0.0,0.0,0.0,0.0,1.0,0.0,0.002430555555555555,0.0,0.0,0.002430555555555555,Transit,Fishing - Trawler
700027824,VESSEL_BRA_000,BR,transit,1.0,trawler,0.9999999820801558,0.0,0.0,0.0,0.0,0.0,0.0,0.0,1.0,0.0,0.002430555555555555,0.0,0.0,0.002430555555555555,Transit,Fishing - Trawler
700027824,VESSEL_BRA_000,BR,transit,1.0,trawler,0.9999999820801558,0.0,0.0,0.0,0.0,0.0,0.0,0.0,1.0,0.0,0.002430555555555555,0.0,0.0,0.002430555555555555,Transit,Fishing - Trawler
700027824,VESSEL_BRA_000,BR,transit,0.9794444444444446,trawler,0.9999999821094773,0.0,0.0,0.0,0.009444444444444443,0.0011111111111111111,0.008333333333333333,0.0,0.9794444444444446,0.0016666666666666668,0.002430555555555555,0.0,0.0,0.002430555555555555,Transit,Fishing - Trawler
700027824,VESSEL_BRA_000,BR,fishing,0.9522222222222223,trawler,0.9999999814700621,0.0,0.0,0.0,0.9522222222222223,0.0,0.01211111111111111,0.0,0.035666666666666666,0.0,0.002430555555555555,0.43502602234352683,0.0,0.43502602234352683,Fishing,Fishing - Trawler
700027824,VESSEL_BRA_000,BR,fishing,1.0,trawler,0.9999999821094773,0.0,0.0,0.0,1.0,0.0,0.0,0.0,0.0,0.0,0.002430555555555555,0.4380624457081327,0.0,0.4380624457081327,Fishing,Fishing - Trawler
700027824,VESSEL_BRA_000,BR,fishing,0.9983333333333333,trawler,0.999999982100768,0.0,0.0,0.0,0.9983333333333333,0.0,0.0016666666666666668,0.0,0.0,0.0,0.002430555555555555,0.4386007998050235,0.0,0.4386007998050235,Fishing,Fishing - Trawler
700027824,VESSEL_BRA_000,BR,fishing,1.0,trawler,0.999999982100768,0.0,0.0,0.0,1.0,0.0,0.0,0.0,0.0,0.0,0.002430555555555555,0.4366870105185166,0.0,0.4366870105185166,Fishing,Fishing - Trawler
700027824,VESSEL_BRA_000,BR,fishing,1.0,trawler,0.999999982100768,0.0,0.0,0.0,1.0,0.0,0.0,0.0,0.0,0.0,0.002430555555555555,0.43550983886238703,0.0,0.43550983886238703,Fishing,Fishing - Trawler
700027824,VESSEL_BRA_000,BR,fishing,1.0,trawler,0.9999999821017213,0.0,0.0,0.0,1.0,0.0,0.0,0.0,0.0,0.0,0.002430555555555555,0.4369205327765512,0.0,0.4369205327765512,Fishing,Fishing - Trawler
700027824,VESSEL_BRA_000,BR,fishing,0.9966666666666667,trawler,0.9999999821017213,0.0,0.0,0.0,0.9966666666666667,0.0,0.0,0.0,0.0,0.0033333333333333335,0.002430555555555555,0.4388793790781618,0.0,0.4388793790781618,Fishing,Fishing - Trawler
700027824,VESSEL_BRA_000,BR,fishing,1.0,trawler,0.9999999821017213,0.0,0.0,0.0,1.0,0.0,0.0,0.0,0.0,0.0,0.002430555555555555,0.44091954619111634,0.0,0.44091954619111634,Fishing,Fishing - Trawler
700027824,VESSEL_BRA_000,BR,fishing,0.9988888888888889,trawler,0.9999999821094773,0.0,0.0011111111111111111,0.0,0.9988888888888889,0.0,0.0,0.0,0.0,0.0,0.002430555555555555,0.44167004938897875,0.0,0.44167004938897875,Fishing,Fishing - Trawler
700027824,VESSEL_BRA_000,BR,transit,0.8731269841269843,trawler,0.9999999814700621,0.002380952380952381,0.0,0.0033333333333333335,0.06838888888888889,0.0061111111111111106,0.02677777777777778,0.004047619047619048,0.8731269841269843,0.015833333333333335,0.002430555555555555,0.0,0.0,0.002430555555555555,Transit,Fishing - Trawler
700027824,VESSEL_BRA_000,BR,transit,0.9638888888888889,trawler,0.9999999819635549,0.0,0.0,0.0,0.0,0.0,0.03138888888888889,0.004722222222222221,0.9638888888888889,0.0,0.002430555555555555,0.0,0.0,0.002430555555555555,Transit,Fishing - Trawler
700027824,VESSEL_BRA_000,BR,transit,0.9977777777777779,trawler,0.9999999820805995,0.0,0.0,0.0,0.0,0.0022222222222222222,0.0,0.0,0.9977777777777779,0.0,0.002430555555555555,0.0,0.0,0.002430555555555555,Transit,Fishing - Trawler
700027824,VESSEL_BRA_000,BR,transit,1.0,trawler,0.9999999820805995,0.0,0.0,0.0,0.0,0.0,0.0,0.0,1.0,0.0,0.002430555555555555,0.0,0.0,0.002430555555555555,Transit,Fishing - Trawler
700027824,VESSEL_BRA_000,BR,transit,1.0,trawler,0.9999999819635549,0.0,0.0,0.0,0.0,0.0,0.0,0.0,1.0,0.0,0.002430555555555555,0.0,0.0,0.002430555555555555,Transit,Fishing - Trawler
700027824,VESSEL_BRA_000,BR,transit,1.0,trawler,0.9999999820801558,0.0,0.0,0.0,0.0,0.0,0.0,0.0,1.0,0.0,0.002430555555555555,0.0,0.0,0.002430555555555555,Transit,Fishing - Trawler
700027824,VESSEL_BRA_000,BR,transit,1.0,trawler,0.9999999820801558,0.0,0.0,0.0,0.0,0.0,0.0,0.0,1.0,0.0,0.002430555555555555,0.0,0.0,0.002430555555555555,Transit,Fishing - Trawler
700027824,VESSEL_BRA_000,BR,transit,1.0,trawler,0.9999999820805995,0.0,0.0,0.0,0.0,0.0,0.0,0.0,1.0,0.0,0.002430555555555555,0.0,0.0,0.002430555555555555,Transit,Fishing - Trawler
700027824,VESSEL_BRA_000,BR,transit,1.0,trawler,0.9999999820801558,0.0,0.0,0.0,0.0,0.0,0.0,0.0,1.0,0.0,0.002430555555555555,0.0,0.0,0.002430555555555555,Transit,Fishing - Trawler
700027824,VESSEL_BRA_000,BR,transit,1.0,trawler,0.9999999820801558,0.0,0.0,0.0,0.0,0.0,0.0,0.0,1.0,0.0,0.002430555555555555,0.0,0.0,0.002430555555555555,Transit,Fishing - Trawler
700027824,VESSEL_BRA_000,BR,transit,1.0,trawler,0.9999999820801558,0.0,0.0,0.0,0.0,0.0,0.0,0.0,1.0,0.0,0.002430555555555555,0.0,0.0,0.002430555555555555,Transit,Fishing - Trawler
700027824,VESSEL_BRA_000,BR,transit,1.0,trawler,0.9999999820801558,0.0,0.0,0.0,0.0,0.0,0.0,0.0,1.0,0.0,0.002430555555555555,0.0,0.0,0.002430555555555555,Transit,Fishing - Trawler
700027824,VESSEL_BRA_000,BR,transit,1.0,trawler,0.9999999820801558,0.0,0.0,0.0,0.0,0.0,0.0,0.0,1.0,0.0,0.002430555555555555,0.0,0.0,0.002430555555555555,Transit,Fishing - Trawler
700027824,VESSEL_BRA_000,BR,transit,1.0,trawler,0.9999999820801558,0.0,0.0,0.0,0.0,0.0,0.0,0.0,1.0,0.0,0.002430555555555555,0.0,0.0,0.002430555555555555,Transit,Fishing - Trawler
700027824,VESSEL_BRA_000,BR,transit,0.9945991561181434,trawler,0.9999999820801558,0.00037974683544303797,0.00016877637130801687,0.0,0.0033333333333333335,0.0,0.0,0.0015189873417721519,0.9945991561181434,0.0,0.002430555555555555,0.0,0.0,0.002430555555555555,Transit,Fishing - Trawler
700027824,VESSEL_BRA_000,BR,transit,0.9962658227848101,trawler,0.9999999820801991,0.0020464135021097045,0.00016877637130801687,0.0,0.0,0.0,0.0,0.0015189873417721519,0.9962658227848101,0.0,0.002430555555555555,0.0,0.0,0.002430555555555555,Transit,Fishing - Trawler
700027824,VESSEL_BRA_000,BR,transit,1.0,trawler,0.9999999820801558,0.0,0.0,0.0,0.0,0.0,0.0,0.0,1.0,0.0,0.002430555555555555,0.0,0.0,0.002430555555555555,Transit,Fishing - Trawler
700027824,VESSEL_BRA_000,BR,transit,1.0,trawler,0.9999999820805995,0.0,0.0,0.0,0.0,0.0,0.0,0.0,1.0,0.0,0.002430555555555555,0.0,0.0,0.002430555555555555,Transit,Fishing - Trawler
700027824,VESSEL_BRA_000,BR,transit,1.0,trawler,0.9999999820805995,0.0,0.0,0.0,0.0,0.0,0.0,0.0,1.0,0.0,0.002430555555555555,0.0,0.0,0.002430555555555555,Transit,Fishing - Trawler
700027824,VESSEL_BRA_000,BR,transit,1.0,trawler,0.9999999820801558,0.0,0.0,0.0,0.0,0.0,0.0,0.0,1.0,0.0,0.002430555555555555,0.0,0.0,0.002430555555555555,Transit,Fishing - Trawler
700027824,VESSEL_BRA_000,BR,transit,1.0,trawler,0.9999999820801558,0.0,0.0,0.0,0.0,0.0,0.0,0.0,1.0,0.0,0.002430555555555555,0.0,0.0,0.002430555555555555,Transit,Fishing - Trawler
700027824,VESSEL_BRA_000,BR,transit,1.0,trawler,0.9999999820801558,0.0,0.0,0.0,0.0,0.0,0.0,0.0,1.0,0.0,0.002430555555555555,0.0,0.0,0.002430555555555555,Transit,Fishing - Trawler
700027824,VESSEL_BRA_000,BR,transit,0.9945991561181434,trawler,0.9999999820801558,0.00037974683544303797,0.00016877637130801687,0.0,0.0033333333333333335,0.0,0.0,0.0015189873417721519,0.9945991561181434,0.0,0.002430555555555555,0.0,0.0,0.002430555555555555,Transit,Fishing - Trawler
700027824,VESSEL_BRA_000,BR,transit,0.9979324894514767,trawler,0.9999999820801558,0.00037974683544303797,0.00016877637130801687,0.0,0.0,0.0,0.0,0.0015189873417721519,0.9979324894514767,0.0,0.002430555555555555,0.0,0.0,0.002430555555555555,Transit,Fishing - Trawler
700027824,VESSEL_BRA_000,BR,transit,0.9979324894514767,trawler,0.9999999820801558,0.00037974683544303797,0.00016877637130801687,0.0,0.0,0.0,0.0,0.0015189873417721519,0.9979324894514767,0.0,0.002430555555555555,0.0,0.0,0.002430555555555555,Transit,Fishing - Trawler
700027824,VESSEL_BRA_000,BR,transit,1.0,trawler,0.9999999820801558,0.0,0.0,0.0,0.0,0.0,0.0,0.0,1.0,0.0,0.002430555555555555,0.0,0.0,0.002430555555555555,Transit,Fishing - Trawler
700027824,VESSEL_BRA_000,BR,transit,1.0,trawler,0.9999999820801558,0.0,0.0,0.0,0.0,0.0,0.0,0.0,1.0,0.0,0.002430555555555555,0.0,0.0,0.002430555555555555,Transit,Fishing - Trawler
700027824,VESSEL_BRA_000,BR,transit,1.0,trawler,0.9999999820805995,0.0,0.0,0.0,0.0,0.0,0.0,0.0,1.0,0.0,0.002430555555555555,0.0,0.0,0.002430555555555555,Transit,Fishing - Trawler
700027824,VESSEL_BRA_000,BR,transit,1.0,trawler,0.9999999820801558,0.0,0.0,0.0,0.0,0.0,0.0,0.0,1.0,0.0,0.002430555555555555,0.0,0.0,0.002430555555555555,Transit,Fishing - Trawler
700027824,VESSEL_BRA_000,BR,transit,0.9966666666666667,trawler,0.9999999820801558,0.0033333333333333335,0.0,0.0,0.0,0.0,0.0,0.0,0.9966666666666667,0.0,0.002430555555555555,0.0,0.0,0.002430555555555555,Transit,Fishing - Trawler
700027824,VESSEL_BRA_000,BR,transit,1.0,trawler,0.9999999820805995,0.0,0.0,0.0,0.0,0.0,0.0,0.0,1.0,0.0,0.002430555555555555,0.0,0.0,0.002430555555555555,Transit,Fishing - Trawler
700027824,VESSEL_BRA_000,BR,transit,1.0,trawler,0.9999999820801558,0.0,0.0,0.0,0.0,0.0,0.0,0.0,1.0,0.0,0.002430555555555555,0.0,0.0,0.002430555555555555,Transit,Fishing - Trawler
700027825,VESSEL_BRA_001,PT,transit,0.9979324894514767,longliner,0.9999999809793171,0.00037974683544303797,0.00016877637130801687,0.0,0.0,0.0,0.0,0.0015189873417721519,0.9979324894514767,0.0,0.002430555555555555,0.0,0.0,0.002430555555555555,Transit,Fishing - Longliner
700027825,VESSEL_BRA_001,PT,transit,1.0,longliner,0.9999999809793171,0.0,0.0,0.0,0.0,0.0,0.0,0.0,1.0,0.0,0.002430555555555555,0.0,0.0,0.002430555555555555,Transit,Fishing - Longliner
700027825,VESSEL_BRA_001,PT,transit,1.0,longliner,0.9999999809793171,0.0,0.0,0.0,0.0,0.0,0.0,0.0,1.0,0.0,0.002430555555555555,0.0,0.0,0.002430555555555555,Transit,Fishing - Longliner
700027825,VESSEL_BRA_001,PT,transit,1.0,longliner,0.9999999809783852,0.0,0.0,0.0,0.0,0.0,0.0,0.0,1.0,0.0,0.002430555555555555,0.0,0.0,0.002430555555555555,Transit,Fishing - Longliner
700027825,VESSEL_BRA_001,PT,transit,1.0,longliner,0.9999999809783852,0.0,0.0,0.0,0.0,0.0,0.0,0.0,1.0,0.0,0.002430555555555555,0.0,0.0,0.002430555555555555,Transit,Fishing - Longliner
700027825,VESSEL_BRA_001,PT,transit,1.0,longliner,0.9999999809783852,0.0,0.0,0.0,0.0,0.0,0.0,0.0,1.0,0.0,0.002430555555555555,0.0,0.0,0.002430555555555555,Transit,Fishing - Longliner
700027825,VESSEL_BRA_001,PT,transit,1.0,longliner,0.9999999809793171,0.0,0.0,0.0,0.0,0.0,0.0,0.0,1.0,0.0,0.002430555555555555,0.0,0.0,0.002430555555555555,Transit,Fishing - Longliner
700027825,VESSEL_BRA_001,PT,transit,1.0,longliner,0.9999999809793171,0.0,0.0,0.0,0.0,0.0,0.0,0.0,1.0,0.0,0.002430555555555555,0.0,0.0,0.002430555555555555,Transit,Fishing - Longliner
700027825,VESSEL_BRA_001,PT,transit,1.0,longliner,0.9999999809793171,0.0,0.0,0.0,0.0,0.0,0.0,0.0,1.0,0.0,0.002430555555555555,0.0,0.0,0.002430555555555555,Transit,Fishing - Longliner
700027825,VESSEL_BRA_001,PT,transit,1.0,longliner,0.9999999809793171,0.0,0.0,0.0,0.0,0.0,0.0,0.0,1.0,0.0,0.002430555555555555,0.0,0.0,0.002430555555555555,Transit,Fishing - Longliner
700027825,VESSEL_BRA_001,PT,transit,1.0,longliner,0.9999999809793171,0.0,0.0,0.0,0.0,0.0,0.0,0.0,1.0,0.0,0.002430555555555555,0.0,0.0,0.002430555555555555,Transit,Fishing - Longliner
700027825,VESSEL_BRA_001,PT,transit,0.9669444444444444,longliner,0.9999999810062256,0.0,0.0,0.0033333333333333335,0.005277777777777778,0.0011111111111111111,0.021666666666666667,0.0,0.9669444444444444,0.0016666666666666668,0.002430555555555555,0.0,0.0,0.002430555555555555,Transit,Fishing - Longliner
700027825,VESSEL_BRA_001,PT,fishing,0.969722222222222,longliner,0.9999999802368174,0.0016666666666666668,0.0,0.0,0.969722222222222,0.0,0.005833333333333333,0.0,0.021666666666666667,0.0011111111111111111,0.002430555555555555,0.6,0.0,0.6,Fishing,Fishing - Longliner
700027825,VESSEL_BRA_001,PT,fishing,0.9904365079365078,longliner,0.9999999810281047,0.0,0.0,0.0,0.9904365079365078,0.0025,0.0022222222222222222,0.0,0.004841269841269841,0.0,0.002430555555555555,0.6,0.0,0.6,Fishing,Fishing - Longliner
700027825,VESSEL_BRA_001,PT,fishing,1.0,longliner,0.9999999810063959,0.0,0.0,0.0,1.0,0.0,0.0,0.0,0.0,0.0,0.002430555555555555,0.6,0.0,0.6,Fishing,Fishing - Longliner
700027825,VESSEL_BRA_001,PT,fishing,1.0,longliner,0.9999999802656754,0.0,0.0,0.0,1.0,0.0,0.0,0.0,0.0,0.0,0.002430555555555555,0.6,0.0,0.6,Fishing,Fishing - Longliner
700027825,VESSEL_BRA_001,PT,fishing,1.0,longliner,0.9999999805328853,0.0,0.0,0.0,1.0,0.0,0.0,0.0,0.0,0.0,0.002430555555555555,0.6,0.0,0.6,Fishing,Fishing - Longliner
700027825,VESSEL_BRA_001,PT,fishing,1.0,longliner,0.9999999805328853,0.0,0.0,0.0,1.0,0.0,0.0,0.0,0.0,0.0,0.002430555555555555,0.6,0.0,0.6,Fishing,Fishing - Longliner
700027825,VESSEL_BRA_001,PT,fishing,0.9977777777777779,longliner,0.9999999805328853,0.0,0.0,0.0,0.9977777777777779,0.0022222222222222222,0.0,0.0,0.0,0.0,0.002430555555555555,0.6,0.0,0.6,Fishing,Fishing - Longliner
700027825,VESSEL_BRA_001,PT,fishing,1.0,longliner,0.9999999805328853,0.0,0.0,0.0,1.0,0.0,0.0,0.0,0.0,0.0,0.002430555555555555,0.6,0.0,0.6,Fishing,Fishing - Longliner
700027825,VESSEL_BRA_001,PT,fishing,0.9991666666666666,longliner,0.9999999805328853,0.0,0.0,0.0008333333333333334,0.9991666666666666,0.0,0.0,0.0,0.0,0.0,0.002430555555555555,0.6,0.0,0.6,Fishing,Fishing - Longliner
700027825,VESSEL_BRA_001,PT,fishing,0.9877777777777779,longliner,0.9999999805328853,0.0,0.0022222222222222222,0.0008333333333333334,0.9877777777777779,0.0022222222222222222,0.0,0.0011111111111111111,0.0025,0.0033333333333333335,0.002430555555555555,0.6,0.0,0.6,Fishing,Fishing - Longliner
700027825,VESSEL_BRA_001,PT,fishing,1.0,longliner,0.9999999805328853,0.0,0.0,0.0,1.0,0.0,0.0,0.0,0.0,0.0,0.002430555555555555,0.6,0.0,0.6,Fishing,Fishing - Longliner
700027825,VESSEL_BRA_001,PT,fishing,1.0,longliner,0.9999999805328853,0.0,0.0,0.0,1.0,0.0,0.0,0.0,0.0,0.0,0.002430555555555555,0.6,0.0,0.6,Fishing,Fishing - Longliner
700027825,VESSEL_BRA_001,PT,fishing,1.0,longliner,0.9999999805647671,0.0,0.0,0.0,1.0,0.0,0.0,0.0,0.0,0.0,0.002430555555555555,0.6,0.0,0.6,Fishing,Fishing - Longliner
700027825,VESSEL_BRA_001,PT,fishing,0.9706666666666667,longliner,0.9999999806984482,0.005,0.0022222222222222222,0.0,0.9706666666666667,0.020999999999999998,0.0,0.0011111111111111111,0.0,0.0,0.002430555555555555,0.6,0.0,0.6,Fishing,Fishing - Longliner
700027825,VESSEL_BRA_001,PT,fishing,1.0,longliner,0.9999999805328822,0.0,0.0,0.0,1.0,0.0,0.0,0.0,0.0,0.0,0.002430555555555555,0.6,0.0,0.6,Fishing,Fishing - Longliner
700027825,VESSEL_BRA_001,PT,fishing,0.9983333333333333,longliner,0.9999999805328853,0.0,0.0,0.0,0.9983333333333333,0.0016666666666666668,0.0,0.0,0.0,0.0,0.002430555555555555,0.6,0.0,0.6,Fishing,Fishing - Longliner
700027825,VESSEL_BRA_001,PT,fishing,1.0,longliner,0.9999999805328853,0.0,0.0,0.0,1.0,0.0,0.0,0.0,0.0,0.0,0.002430555555555555,0.6,0.0,0.6,Fishing,Fishing - Longliner
700027825,VESSEL_BRA_001,PT,fishing,0.996388888888889,longliner,0.9999999805328853,0.0,0.0,0.0,0.996388888888889,0.003611111111111111,0.0,0.0,0.0,0.0,0.002430555555555555,0.6,0.0,0.6,Fishing,Fishing - Longliner
700027825,VESSEL_BRA_001,PT,fishing,1.0,longliner,0.9999999805328822,0.0,0.0,0.0,1.0,0.0,0.0,0.0,0.0,0.0,0.002430555555555555,0.6,0.0,0.6,Fishing,Fishing - Longliner
700027825,VESSEL_BRA_001,PT,fishing,0.9975,longliner,0.9999999805328853,0.0,0.0,0.0,0.9975,0.0025,0.0,0.0,0.0,0.0,0.002430555555555555,0.6,0.0,0.6,Fishing,Fishing - Longliner
700027825,VESSEL_BRA_001,PT,fishing,1.0,longliner,0.9999999805328853,0.0,0.0,0.0,1.0,0.0,0.0,0.0,0.0,0.0,0.002430555555555555,0.6,0.0,0.6,Fishing,Fishing - Longliner
700027825,VESSEL_BRA_001,PT,fishing,0.9983333333333333,longliner,0.9999999803572731,0.0,0.0,0.0,0.9983333333333333,0.0016666666666666668,0.0,0.0,0.0,0.0,0.002430555555555555,0.6,0.0,0.6,Fishing,Fishing - Longliner
700027825,VESSEL_BRA_001,PT,fishing,1.0,longliner,0.9999999803632807,0.0,0.0,0.0,1.0,0.0,0.0,0.0,0.0,0.0,0.002430555555555555,0.6,0.0,0.6,Fishing,Fishing - Longliner
700027825,VESSEL_BRA_001,PT,fishing,0.9983333333333333,longliner,0.9999999805647671,0.0,0.0,0.0,0.9983333333333333,0.0016666666666666668,0.0,0.0,0.0,0.0,0.002430555555555555,0.6,0.0,0.6,Fishing,Fishing - Longliner
700027825,VESSEL_BRA_001,PT,fishing,0.9977777777777778,longliner,0.9999999802368174,0.0,0.0,0.0,0.9977777777777778,0.0,0.0,0.0,0.0022222222222222222,0.0,0.002430555555555555,0.6,0.0,0.6,Fishing,Fishing - Longliner
700027825,VESSEL_BRA_001,PT,transit,0.9533333333333334,longliner,0.9999999795412777,0.0033333333333333335,0.0,0.0,0.023333333333333334,0.004722222222222221,0.0,0.011388888888888888,0.9533333333333334,0.0038888888888888883,0.002430555555555555,0.0,0.0,0.002430555555555555,Transit,Fishing - Longliner
700027825,VESSEL_BRA_001,PT,transit,1.0,longliner,0.9999999809793171,0.0,0.0,0.0,0.0,0.0,0.0,0.0,1.0,0.0,0.002430555555555555,0.0,0.0,0.002430555555555555,Transit,Fishing - Longliner
700027825,VESSEL_BRA_001,PT,transit,1.0,longliner,0.9999999809793171,0.0,0.0,0.0,0.0,0.0,0.0,0.0,1.0,0.0,0.002430555555555555,0.0,0.0,0.002430555555555555,Transit,Fishing - Longliner
700027825,VESSEL_BRA_001,PT,transit,1.0,longliner,0.9999999809793171,0.0,0.0,0.0,0.0,0.0,0.0,0.0,1.0,0.0,0.002430555555555555,0.0,0.0,0.002430555555555555,Transit,Fishing - Longliner
700027825,VESSEL_BRA_001,PT,transit,0.9672222222222223,longliner,0.9999999810062256,0.0,0.0,0.0,0.014444444444444447,0.0,0.016666666666666663,0.0,0.9672222222222223,0.0016666666666666668,0.002430555555555555,0.0,0.0,0.002430555555555555,Transit,Fishing - Longliner
700027825,VESSEL_BRA_001,PT,fishing,0.8251111111111111,longliner,0.9999999802368174,0.0,0.0,0.0,0.8251111111111111,0.0016666666666666668,0.02788888888888889,0.0,0.14422222222222225,0.0011111111111111111,0.002430555555555555,0.6,0.0,0.6,Fishing,Fishing - Longliner
700027825,VESSEL_BRA_001,PT,fishing,0.9802777777777777,longliner,0.9999999810279622,0.0,0.0,0.0,0.9802777777777777,0.0025,0.0,0.0,0.017222222222222222,0.0,0.002430555555555555,0.6,0.0,0.6,Fishing,Fishing - Longliner
700027825,VESSEL_BRA_001,PT,fishing,1.0,longliner,0.9999999806342174,0.0,0.0,0.0,1.0,0.0,0.0,0.0,0.0,0.0,0.002430555555555555,0.6,0.0,0.6,Fishing,Fishing - Longliner
700027825,VESSEL_BRA_001,PT,fishing,0.995,longliner,0.9999999805328853,0.0,0.0,0.0,0.995,0.005,0.0,0.0,0.0,0.0,0.002430555555555555,0.6,0.0,0.6,Fishing,Fishing - Longliner
700027825,VESSEL_BRA_001,PT,fishing,1.0,longliner,0.9999999805328853,0.0,0.0,0.0,1.0,0.0,0.0,0.0,0.0,0.0,0.002430555555555555,0.6,0.0,0.6,Fishing,Fishing - Longliner
700027825,VESSEL_BRA_001,PT,fishing,1.0,longliner,0.9999999805328853,0.0,0.0,0.0,1.0,0.0,0.0,0.0,0.0,0.0,0.002430555555555555,0.6,0.0,0.6,Fishing,Fishing - Longliner
700027825,VESSEL_BRA_001,PT,fishing,0.9646666666666668,longliner,0.9999999805328853,0.004722222222222221,0.011338383838383839,0.0,0.9646666666666668,0.008666666666666666,0.0,0.009494949494949495,0.0011111111111111111,0.0,0.002430555555555555,0.6,0.0,0.6,Fishing,Fishing - Longliner
700027825,VESSEL_BRA_001,PT,fishing,1.0,longliner,0.9999999805328853,0.0,0.0,0.0,1.0,0.0,0.0,0.0,0.0,0.0,0.002430555555555555,0.6,0.0,0.6,Fishing,Fishing - Longliner
700027825,VESSEL_BRA_001,PT,fishing,1.0,longliner,0.9999999805328853,0.0,0.0,0.0,1.0,0.0,0.0,0.0,0.0,0.0,0.002430555555555555,0.6,0.0,0.6,Fishing,Fishing - Longliner
700027825,VESSEL_BRA_001,PT,fishing,1.0,longliner,0.9999999805484227,0.0,0.0,0.0,1.0,0.0,0.0,0.0,0.0,0.0,0.002430555555555555,0.6,0.0,0.6,Fishing,Fishing - Longliner
700027825,VESSEL_BRA_001,PT,fishing,0.9933333333333333,longliner,0.999999980700978,0.0,0.0,0.0,0.9933333333333333,0.0,0.0,0.0,0.0,0.006666666666666667,0.002430555555555555,0.6,0.0,0.6,Fishing,Fishing - Longliner
700027825,VESSEL_BRA_001,PT,transit,0.7326746031746033,longliner,0.9999999802368174,0.002380952380952381,0.018611111111111113,0.0033333333333333335,0.19072222222222224,0.034833333333333334,0.003444444444444444,0.008888888888888889,0.7326746031746033,0.0051111111111111105,0.002430555555555555,0.0,0.0,0.002430555555555555,Transit,Fishing - Longliner
700027825,VESSEL_BRA_001,PT,transit,0.9802777777777777,longliner,0.9999999808633352,0.003,0.0,0.0,0.0,0.0,0.0033333333333333335,0.011722222222222222,0.9802777777777777,0.0016666666666666668,0.002430555555555555,0.0,0.0,0.002430555555555555,Transit,Fishing - Longliner
700027825,VESSEL_BRA_001,PT,transit,0.9966666666666667,longliner,0.9999999809793171,0.0,0.0,0.0,0.0016666666666666668,0.0,0.0,0.0016666666666666668,0.9966666666666667,0.0,0.002430555555555555,0.0,0.0,0.002430555555555555,Transit,Fishing - Longliner
700027825,VESSEL_BRA_001,PT,transit,1.0,longliner,0.9999999809793171,0.0,0.0,0.0,0.0,0.0,0.0,0.0,1.0,0.0,0.002430555555555555,0.0,0.0,0.002430555555555555,Transit,Fishing - Longliner
700027825,VESSEL_BRA_001,PT,transit,0.9916666666666667,longliner,0.9999999809793171,0.006666666666666667,0.0016666666666666668,0.0,0.0,0.0,0.0,0.0,0.9916666666666667,0.0,0.002430555555555555,0.0,0.0,0.002430555555555555,Transit,Fishing - Longliner
700027825,VESSEL_BRA_001,PT,transit,1.0,longliner,0.9999999809793171,0.0,0.0,0.0,0.0,0.0,0.0,0.0,1.0,0.0,0.002430555555555555,0.0,0.0,0.002430555555555555,Transit,Fishing - Longliner
700027825,VESSEL_BRA_001,PT,transit,1.0,longliner,0.9999999809793171,0.0,0.0,0.0,0.0,0.0,0.0,0.0,1.0,0.0,0.002430555555555555,0.0,0.0,0.002430555555555555,Transit,Fishing - Longliner
700027825,VESSEL_BRA_001,PT,transit,1.0,longliner,0.9999999809793171,0.0,0.0,0.0,0.0,0.0,0.0,0.0,1.0,0.0,0.002430555555555555,0.0,0.0,0.002430555555555555,Transit,Fishing - Longliner
700027825,VESSEL_BRA_001,PT,transit,1.0,longliner,0.9999999809793171,0.0,0.0,0.0,0.0,0.0,0.0,0.0,1.0,0.0,0.002430555555555555,0.0,0.0,0.002430555555555555,Transit,Fishing - Longliner
700027825,VESSEL_BRA_001,PT,transit,1.0,longliner,0.9999999809793171,0.0,0.0,0.0,0.0,0.0,0.0,0.0,1.0,0.0,0.002430555555555555,0.0,0.0,0.002430555555555555,Transit,Fishing - Longliner
700027825,VESSEL_BRA_001,PT,transit,1.0,longliner,0.9999999809793171,0.0,0.0,0.0,0.0,0.0,0.0,0.0,1.0,0.0,0.002430555555555555,0.0,0.0,0.002430555555555555,Transit,Fishing - Longliner
700027825,VESSEL_BRA_001,PT,transit,0.9884444444444443,longliner,0.9999999809793171,0.006555555555555556,0.005,0.0,0.0,0.0,0.0,0.0,0.9884444444444443,0.0,0.002430555555555555,0.0,0.0,0.002430555555555555,Transit,Fishing - Longliner
700027825,VESSEL_BRA_001,PT,transit,1.0,longliner,0.9999999809793171,0.0,0.0,0.0,0.0,0.0,0.0,0.0,1.0,0.0,0.002430555555555555,0.0,0.0,0.002430555555555555,Transit,Fishing - Longliner
700027825,VESSEL_BRA_001,PT,transit,1.0,longliner,0.9999999809793171,0.0,0.0,0.0,0.0,0.0,0.0,0.0,1.0,0.0,0.002430555555555555,0.0,0.0,0.002430555555555555,Transit,Fishing - Longliner
700027825,VESSEL_BRA_001,PT,transit,1.0,longliner,0.9999999809793171,0.0,0.0,0.0,0.0,0.0,0.0,0.0,1.0,0.0,0.002430555555555555,0.0,0.0,0.002430555555555555,Transit,Fishing - Longliner
700027825,VESSEL_BRA_001,PT,transit,1.0,longliner,0.9999999809793171,0.0,0.0,0.0,0.0,0.0,0.0,0.0,1.0,0.0,0.002430555555555555,0.0,0.0,0.002430555555555555,Transit,Fishing - Longliner
700027825,VESSEL_BRA_001,PT,transit,1.0,longliner,0.9999999809793171,0.0,0.0,0.0,0.0,0.0,0.0,0.0,1.0,0.0,0.002430555555555555,0.0,0.0,0.002430555555555555,Transit,Fishing - Longliner
700027825,VESSEL_BRA_001,PT,transit,1.0,longliner,0.9999999809793171,0.0,0.0,0.0,0.0,0.0,0.0,0.0,1.0,0.0,0.002430555555555555,0.0,0.0,0.002430555555555555,Transit,Fishing - Longliner
700027825,VESSEL_BRA_001,PT,transit,1.0,longliner,0.9999999809793171,0.0,0.0,0.0,0.0,0.0,0.0,0.0,1.0,0.0,0.002430555555555555,0.0,0.0,0.002430555555555555,Transit,Fishing - Longliner
700027825,VESSEL_BRA_001,PT,transit,1.0,longliner,0.9999999809793171,0.0,0.0,0.0,0.0,0.0,0.0,0.0,1.0,0.0,0.002430555555555555,0.0,0.0,0.002430555555555555,Transit,Fishing - Longliner
700027825,VESSEL_BRA_001,PT,transit,1.0,longliner,0.9999999809793171,0.0,0.0,0.0,0.0,0.0,0.0,0.0,1.0,0.0,0.002430555555555555,0.0,0.0,0.002430555555555555,Transit,Fishing - Longliner
700027825,VESSEL_BRA_001,PT,transit,1.0,longliner,0.9999999809793171,0.0,0.0,0.0,0.0,0.0,0.0,0.0,1.0,0.0,0.002430555555555555,0.0,0.0,0.002430555555555555,Transit,Fishing - Longliner
700027825,VESSEL_BRA_001,PT,transit,1.0,longliner,0.9999999809793171,0.0,0.0,0.0,0.0,0.0,0.0,0.0,1.0,0.0,0.002430555555555555,0.0,0.0,0.002430555555555555,Transit,Fishing - Longliner
700027825,VESSEL_BRA_001,PT,transit,1.0,longliner,0.9999999809793171,0.0,0.0,0.0,0.0,0.0,0.0,0.0,1.0,0.0,0.002430555555555555,0.0,0.0,0.002430555555555555,Transit,Fishing - Longliner
700027825,VESSEL_BRA_001,PT,transit,1.0,longliner,0.9999999809793171,0.0,0.0,0.0,0.0,0.0,0.0,0.0,1.0,0.0,0.002430555555555555,0.0,0.0,0.002430555555555555,Transit,Fishing - Longliner
700027825,VESSEL_BRA_001,PT,transit,1.0,longliner,0.9999999809843131,0.0,0.0,0.0,0.0,0.0,0.0,0.0,1.0,0.0,0.002430555555555555,0.0,0.0,0.002430555555555555,Transit,Fishing - Longliner
700027825,VESSEL_BRA_001,PT,transit,1.0,longliner,0.9999999809783852,0.0,0.0,0.0,0.0,0.0,0.0,0.0,1.0,0.0,0.002430555555555555,0.0,0.0,0.002430555555555555,Transit,Fishing - Longliner
700027825,VESSEL_BRA_001,PT,transit,1.0,longliner,0.9999999809783852,0.0,0.0,0.0,0.0,0.0,0.0,0.0,1.0,0.0,0.002430555555555555,0.0,0.0,0.002430555555555555,Transit,Fishing - Longliner
700027825,VESSEL_BRA_001,PT,transit,1.0,longliner,0.9999999809793171,0.0,0.0,0.0,0.0,0.0,0.0,0.0,1.0,0.0,0.002430555555555555,0.0,0.0,0.002430555555555555,Transit,Fishing - Longliner
700027825,VESSEL_BRA_001,PT,transit,1.0,longliner,0.9999999809793171,0.0,0.0,0.0,0.0,0.0,0.0,0.0,1.0,0.0,0.002430555555555555,0.0,0.0,0.002430555555555555,Transit,Fishing - Longliner
700027825,VESSEL_BRA_001,PT,transit,1.0,longliner,0.9999999809790113,0.0,0.0,0.0,0.0,0.0,0.0,0.0,1.0,0.0,0.002430555555555555,0.0,0.0,0.002430555555555555,Transit,Fishing - Longliner
700027825,VESSEL_BRA_001,PT,transit,1.0,longliner,0.9999999809790113,0.0,0.0,0.0,0.0,0.0,0.0,0.0,1.0,0.0,0.002430555555555555,0.0,0.0,0.002430555555555555,Transit,Fishing - Longliner
700027826,VESSEL_BRA_002,PA,transit,0.9883333333333333,trawler,0.9999999820801558,0.011666666666666667,0.0,0.0,0.0,0.0,0.0,0.0,0.9883333333333333,0.0,0.002430555555555555,0.3,0.0,0.3,Transit,Fishing - Trawler
700027826,VESSEL_BRA_002,PA,transit,1.0,trawler,0.9999999820817497,0.0,0.0,0.0,0.0,0.0,0.0,0.0,1.0,0.0,0.002430555555555555,0.3,0.0,0.3,Transit,Fishing - Trawler
700027826,VESSEL_BRA_002,PA,transit,0.9983333333333333,trawler,0.9999999820801558,0.0,0.0,0.0,0.0,0.0,0.0,0.0016666666666666668,0.9983333333333333,0.0,0.002430555555555555,0.3,0.0,0.3,Transit,Fishing - Trawler
700027826,VESSEL_BRA_002,PA,transit,1.0,trawler,0.9999999820801558,0.0,0.0,0.0,0.0,0.0,0.0,0.0,1.0,0.0,0.002430555555555555,0.3,0.0,0.3,Transit,Fishing - Trawler
700027826,VESSEL_BRA_002,PA,transit,1.0,trawler,0.9999999820801558,0.0,0.0,0.0,0.0,0.0,0.0,0.0,1.0,0.0,0.002430555555555555,0.3,0.0,0.3,Transit,Fishing - Trawler
700027826,VESSEL_BRA_002,PA,transit,1.0,trawler,0.9999999820801558,0.0,0.0,0.0,0.0,0.0,0.0,0.0,1.0,0.0,0.002430555555555555,0.3,0.0,0.3,Transit,Fishing - Trawler
700027826,VESSEL_BRA_002,PA,transit,1.0,trawler,0.9999999820805995,0.0,0.0,0.0,0.0,0.0,0.0,0.0,1.0,0.0,0.002430555555555555,0.3,0.0,0.3,Transit,Fishing - Trawler
700027826,VESSEL_BRA_002,PA,transit,1.0,trawler,0.9999999820801558,0.0,0.0,0.0,0.0,0.0,0.0,0.0,1.0,0.0,0.002430555555555555,0.3,0.0,0.3,Transit,Fishing - Trawler
700027826,VESSEL_BRA_002,PA,transit,1.0,trawler,0.9999999820801558,0.0,0.0,0.0,0.0,0.0,0.0,0.0,1.0,0.0,0.002430555555555555,0.3,0.0,0.3,Transit,Fishing - Trawler
700027826,VESSEL_BRA_002,PA,transit,1.0,trawler,0.9999999820805995,0.0,0.0,0.0,0.0,0.0,0.0,0.0,1.0,0.0,0.002430555555555555,0.3,0.0,0.3,Transit,Fishing - Trawler
700027826,VESSEL_BRA_002,PA,transit,1.0,trawler,0.9999999820801558,0.0,0.0,0.0,0.0,0.0,0.0,0.0,1.0,0.0,0.002430555555555555,0.3,0.0,0.3,Transit,Fishing - Trawler
700027826,VESSEL_BRA_002,PA,transit,1.0,trawler,0.9999999820801558,0.0,0.0,0.0,0.0,0.0,0.0,0.0,1.0,0.0,0.002430555555555555,0.3,0.0,0.3,Transit,Fishing - Trawler
700027826,VESSEL_BRA_002,PA,fishing,0.8678888888888885,trawler,0.9999999821094773,0.0,0.0,0.0,0.8678888888888885,0.0,0.042388888888888886,0.0,0.08972222222222223,0.0,0.002430555555555555,0.7425206943630542,0.0,0.7425206943630542,Fishing,Fishing - Trawler
700027826,VESSEL_BRA_002,PA,fishing,0.9813333333333331,trawler,0.9999999821094773,0.0,0.0,0.0,0.9813333333333331,0.0,0.010444444444444444,0.0,0.008222222222222223,0.0,0.002430555555555555,0.7436887565610917,0.0,0.7436887565610917,Fishing,Fishing - Trawler
700027826,VESSEL_BRA_002,PA,fishing,1.0,trawler,0.9999999821017213,0.0,0.0,0.0,1.0,0.0,0.0,0.0,0.0,0.0,0.002430555555555555,0.7407551337125513,0.0,0.7407551337125513,Fishing,Fishing - Trawler
700027826,VESSEL_BRA_002,PA,fishing,1.0,trawler,0.9999999821146998,0.0,0.0,0.0,1.0,0.0,0.0,0.0,0.0,0.0,0.002430555555555555,0.7380534674507704,0.0,0.7380534674507704,Fishing,Fishing - Trawler
700027826,VESSEL_BRA_002,PA,fishing,1.0,trawler,0.9999999821017213,0.0,0.0,0.0,1.0,0.0,0.0,0.0,0.0,0.0,0.002430555555555555,0.7350805029562992,0.0,0.7350805029562992,Fishing,Fishing - Trawler
700027826,VESSEL_BRA_002,PA,fishing,1.0,trawler,0.999999982100768,0.0,0.0,0.0,1.0,0.0,0.0,0.0,0.0,0.0,0.002430555555555555,0.7315814582046425,0.0,0.7315814582046425,Fishing,Fishing - Trawler
700027826,VESSEL_BRA_002,PA,fishing,1.0,trawler,0.999999982100768,0.0,0.0,0.0,1.0,0.0,0.0,0.0,0.0,0.0,0.002430555555555555,0.7279345522784797,0.0,0.7279345522784797,Fishing,Fishing - Trawler
700027826,VESSEL_BRA_002,PA,fishing,1.0,trawler,0.999999982100768,0.0,0.0,0.0,1.0,0.0,0.0,0.0,0.0,0.0,0.002430555555555555,0.7246349885601712,0.0,0.7246349885601712,Fishing,Fishing - Trawler
700027826,VESSEL_BRA_002,PA,fishing,1.0,trawler,0.999999982100768,0.0,0.0,0.0,1.0,0.0,0.0,0.0,0.0,0.0,0.002430555555555555,0.7224548870030005,0.0,0.7224548870030005,Fishing,Fishing - Trawler
700027826,VESSEL_BRA_002,PA,fishing,1.0,trawler,0.999999982100768,0.0,0.0,0.0,1.0,0.0,0.0,0.0,0.0,0.0,0.002430555555555555,0.7227963111160656,0.0,0.7227963111160656,Fishing,Fishing - Trawler
700027826,VESSEL_BRA_002,PA,fishing,0.9977777777777779,trawler,0.999999982100768,0.0,0.0022222222222222222,0.0,0.9977777777777779,0.0,0.0,0.0,0.0,0.0,0.002430555555555555,0.7249500503520715,0.0,0.7249500503520715,Fishing,Fishing - Trawler
700027826,VESSEL_BRA_002,PA,fishing,1.0,trawler,0.999999982100768,0.0,0.0,0.0,1.0,0.0,0.0,0.0,0.0,0.0,0.002430555555555555,0.7273455139818799,0.0,0.7273455139818799,Fishing,Fishing - Trawler
700027826,VESSEL_BRA_002,PA,fishing,1.0,trawler,0.999999982100768,0.0,0.0,0.0,1.0,0.0,0.0,0.0,0.0,0.0,0.002430555555555555,0.7291011795155166,0.0,0.7291011795155166,Fishing,Fishing - Trawler
700027826,VESSEL_BRA_002,PA,fishing,1.0,trawler,0.999999982100768,0.0,0.0,0.0,1.0,0.0,0.0,0.0,0.0,0.0,0.002430555555555555,0.7300081718642837,0.0,0.7300081718642837,Fishing,Fishing - Trawler
700027826,VESSEL_BRA_002,PA,fishing,1.0,trawler,0.9999999821352014,0.0,0.0,0.0,1.0,0.0,0.0,0.0,0.0,0.0,0.002430555555555555,0.7307547691758672,0.0,0.7307547691758672,Fishing,Fishing - Trawler
700027826,VESSEL_BRA_002,PA,fishing,1.0,trawler,0.9999999821022231,0.0,0.0,0.0,1.0,0.0,0.0,0.0,0.0,0.0,0.002430555555555555,0.7309867820884024,0.0,0.7309867820884024,Fishing,Fishing - Trawler
700027826,VESSEL_BRA_002,PA,fishing,1.0,trawler,0.9999999821017213,0.0,0.0,0.0,1.0,0.0,0.0,0.0,0.0,0.0,0.002430555555555555,0.730815345368726,0.0,0.730815345368726,Fishing,Fishing - Trawler
700027826,VESSEL_BRA_002,PA,fishing,1.0,trawler,0.9999999821017213,0.0,0.0,0.0,1.0,0.0,0.0,0.0,0.0,0.0,0.002430555555555555,0.7294996024432003,0.0,0.7294996024432003,Fishing,Fishing - Trawler
700027826,VESSEL_BRA_002,PA,fishing,1.0,trawler,0.9999999821017213,0.0,0.0,0.0,1.0,0.0,0.0,0.0,0.0,0.0,0.002430555555555555,0.7280990231186676,0.0,0.7280990231186676,Fishing,Fishing - Trawler
700027826,VESSEL_BRA_002,PA,fishing,1.0,trawler,0.9999999821017213,0.0,0.0,0.0,1.0,0.0,0.0,0.0,0.0,0.0,0.002430555555555555,0.7272173071169893,0.0,0.7272173071169893,Fishing,Fishing - Trawler
700027826,VESSEL_BRA_002,PA,fishing,0.9977777777777778,trawler,0.9999999821051996,0.0,0.0,0.0,0.9977777777777778,0.0022222222222222222,0.0,0.0,0.0,0.0,0.002430555555555555,0.724961209225236,0.0,0.724961209225236,Fishing,Fishing - Trawler
700027826,VESSEL_BRA_002,PA,fishing,1.0,trawler,0.9999999816964934,0.0,0.0,0.0,1.0,0.0,0.0,0.0,0.0,0.0,0.002430555555555555,0.7226799725767334,0.0,0.7226799725767334,Fishing,Fishing - Trawler
700027826,VESSEL_BRA_002,PA,fishing,1.0,trawler,0.9999999816964934,0.0,0.0,0.0,1.0,0.0,0.0,0.0,0.0,0.0,0.002430555555555555,0.7223826136343736,0.0,0.7223826136343736,Fishing,Fishing - Trawler
700027826,VESSEL_BRA_002,PA,fishing,0.922388888888889,trawler,0.9999999814695614,0.004944444444444445,0.012722222222222223,0.002333333333333333,0.922388888888889,0.0031666666666666666,0.0033333333333333335,0.0,0.05027777777777778,0.0008333333333333334,0.002430555555555555,0.7221273375593733,0.0,0.7221273375593733,Fishing,Fishing - Trawler
700027826,VESSEL_BRA_002,PA,transit,0.9983333333333333,trawler,0.9999999819839492,0.0,0.0,0.0,0.0,0.0,0.0,0.0016666666666666668,0.9983333333333333,0.0,0.002430555555555555,0.3,0.0,0.3,Transit,Fishing - Trawler
700027826,VESSEL_BRA_002,PA,transit,1.0,trawler,0.9999999819635549,0.0,0.0,0.0,0.0,0.0,0.0,0.0,1.0,0.0,0.002430555555555555,0.3,0.0,0.3,Transit,Fishing - Trawler
700027826,VESSEL_BRA_002,PA,fishing,0.6923888888888889,trawler,0.9999999821190223,0.0,0.0,0.0,0.6923888888888889,0.005833333333333334,0.011277777777777777,0.0,0.28407142857142853,0.0064285714285714285,0.002430555555555555,0.7102608985924572,0.0,0.7102608985924572,Fishing,Fishing - Trawler
700027826,VESSEL_BRA_002,PA,fishing,0.9648888888888888,trawler,0.9999999821190223,0.0,0.0,0.0,0.9648888888888888,0.0,0.0011111111111111111,0.0,0.03011111111111111,0.0038888888888888883,0.002430555555555555,0.7057594862030212,0.0,0.7057594862030212,Fishing,Fishing - Trawler
700027826,VESSEL_BRA_002,PA,fishing,1.0,trawler,0.999999982100768,0.0,0.0,0.0,1.0,0.0,0.0,0.0,0.0,0.0,0.002430555555555555,0.7028664536525195,0.0,0.7028664536525195,Fishing,Fishing - Trawler
700027826,VESSEL_BRA_002,PA,fishing,1.0,trawler,0.9999999821352014,0.0,0.0,0.0,1.0,0.0,0.0,0.0,0.0,0.0,0.002430555555555555,0.7018362654282546,0.0,0.7018362654282546,Fishing,Fishing - Trawler
700027826,VESSEL_BRA_002,PA,fishing,1.0,trawler,0.9999999814780466,0.0,0.0,0.0,1.0,0.0,0.0,0.0,0.0,0.0,0.002430555555555555,0.7020268449063288,0.0,0.7020268449063288,Fishing,Fishing - Trawler
700027826,VESSEL_BRA_002,PA,fishing,1.0,trawler,0.9999999814780466,0.0,0.0,0.0,1.0,0.0,0.0,0.0,0.0,0.0,0.002430555555555555,0.700690821602786,0.0,0.700690821602786,Fishing,Fishing - Trawler
700027826,VESSEL_BRA_002,PA,fishing,1.0,trawler,0.9999999817475741,0.0,0.0,0.0,1.0,0.0,0.0,0.0,0.0,0.0,0.002430555555555555,0.6995722567157379,0.0,0.6995722567157379,Fishing,Fishing - Trawler
700027826,VESSEL_BRA_002,PA,fishing,1.0,trawler,0.9999999821012701,0.0,0.0,0.0,1.0,0.0,0.0,0.0,0.0,0.0,0.002430555555555555,0.6994655068159348,0.0,0.6994655068159348,Fishing,Fishing - Trawler
700027826,VESSEL_BRA_002,PA,fishing,1.0,trawler,0.999999982100768,0.0,0.0,0.0,1.0,0.0,0.0,0.0,0.0,0.0,0.002430555555555555,0.697457102221622,0.0,0.697457102221622,Fishing,Fishing - Trawler
700027826,VESSEL_BRA_002,PA,fishing,0.9986666666666667,trawler,0.999999982100768,0.0,0.0,0.0,0.9986666666666667,0.0,0.0,0.0,0.0,0.0013333333333333335,0.002430555555555555,0.6949197906496047,0.0,0.6949197906496047,Fishing,Fishing - Trawler
700027826,VESSEL_BRA_002,PA,fishing,0.9986666666666667,trawler,0.9999999821022231,0.0,0.0,0.0,0.9986666666666667,0.0,0.0,0.0,0.0,0.0013333333333333335,0.002430555555555555,0.6950534496584593,0.0,0.6950534496584593,Fishing,Fishing - Trawler
700027826,VESSEL_BRA_002,PA,fishing,0.9937222222222223,trawler,0.9999999816964934,0.0,0.0,0.0031111111111111114,0.9937222222222223,0.0031666666666666666,0.0,0.0,0.0,0.0,0.002430555555555555,0.6961950512122896,0.0,0.6961950512122896,Fishing,Fishing - Trawler
700027826,VESSEL_BRA_002,PA,fishing,0.9944444444444446,trawler,0.9999999821190223,0.0,0.0022222222222222222,0.0,0.9944444444444446,0.0,0.0,0.0,0.0016666666666666668,0.0016666666666666668,0.002430555555555555,0.6974435652363367,0.0,0.6974435652363367,Fishing,Fishing - Trawler
700027826,VESSEL_BRA_002,PA,transit,0.9754444444444444,trawler,0.9999999813675312,0.0011111111111111111,0.0022222222222222222,0.0,0.004166666666666667,0.0,0.0,0.015722222222222224,0.9754444444444444,0.0013333333333333335,0.002430555555555555,0.3,0.0,0.3,Transit,Fishing - Trawler
700027826,VESSEL_BRA_002,PA,transit,1.0,trawler,0.9999999819635549,0.0,0.0,0.0,0.0,0.0,0.0,0.0,1.0,0.0,0.002430555555555555,0.3,0.0,0.3,Transit,Fishing - Trawler
700027826,VESSEL_BRA_002,PA,transit,1.0,trawler,0.9999999819635549,0.0,0.0,0.0,0.0,0.0,0.0,0.0,1.0,0.0,0.002430555555555555,0.3,0.0,0.3,Transit,Fishing - Trawler
700027826,VESSEL_BRA_002,PA,transit,1.0,trawler,0.9999999820801558,0.0,0.0,0.0,0.0,0.0,0.0,0.0,1.0,0.0,0.002430555555555555,0.3,0.0,0.3,Transit,Fishing - Trawler
700027826,VESSEL_BRA_002,PA,transit,1.0,trawler,0.9999999820801558,0.0,0.0,0.0,0.0,0.0,0.0,0.0,1.0,0.0,0.002430555555555555,0.3,0.0,0.3,Transit,Fishing - Trawler
700027826,VESSEL_BRA_002,PA,transit,1.0,trawler,0.9999999820805995,0.0,0.0,0.0,0.0,0.0,0.0,0.0,1.0,0.0,0.002430555555555555,0.3,0.0,0.3,Transit,Fishing - Trawler
700027826,VESSEL_BRA_002,PA,transit,0.9983333333333333,trawler,0.9999999820801991,0.0016666666666666668,0.0,0.0,0.0,0.0,0.0,0.0,0.9983333333333333,0.0,0.002430555555555555,0.3,0.0,0.3,Transit,Fishing - Trawler
700027826,VESSEL_BRA_002,PA,transit,0.9983333333333333,trawler,0.9999999820801991,0.0,0.0016666666666666668,0.0,0.0,0.0,0.0,0.0,0.9983333333333333,0.0,0.002430555555555555,0.3,0.0,0.3,Transit,Fishing - Trawler
700027826,VESSEL_BRA_002,PA,transit,1.0,trawler,0.9999999820801991,0.0,0.0,0.0,0.0,0.0,0.0,0.0,1.0,0.0,0.002430555555555555,0.3,0.0,0.3,Transit,Fishing - Trawler
700027826,VESSEL_BRA_002,PA,transit,1.0,trawler,0.9999999820801558,0.0,0.0,0.0,0.0,0.0,0.0,0.0,1.0,0.0,0.002430555555555555,0.3,0.0,0.3,Transit,Fishing - Trawler
700027826,VESSEL_BRA_002,PA,transit,1.0,trawler,0.9999999820801558,0.0,0.0,0.0,0.0,0.0,0.0,0.0,1.0,0.0,0.002430555555555555,0.3,0.0,0.3,Transit,Fishing - Trawler
700027826,VESSEL_BRA_002,PA,transit,1.0,trawler,0.9999999820801558,0.0,0.0,0.0,0.0,0.0,0.0,0.0,1.0,0.0,0.002430555555555555,0.3,0.0,0.3,Transit,Fishing - Trawler
700027826,VESSEL_BRA_002,PA,transit,1.0,trawler,0.9999999820801558,0.0,0.0,0.0,0.0,0.0,0.0,0.0,1.0,0.0,0.002430555555555555,0.3,0.0,0.3,Transit,Fishing - Trawler
700027826,VESSEL_BRA_002,PA,transit,1.0,trawler,0.9999999820801558,0.0,0.0,0.0,0.0,0.0,0.0,0.0,1.0,0.0,0.002430555555555555,0.3,0.0,0.3,Transit,Fishing - Trawler
700027826,VESSEL_BRA_002,PA,transit,1.0,trawler,0.9999999820801558,0.0,0.0,0.0,0.0,0.0,0.0,0.0,1.0,0.0,0.002430555555555555,0.3,0.0,0.3,Transit,Fishing - Trawler
700027826,VESSEL_BRA_002,PA,transit,1.0,trawler,0.9999999820801991,0.0,0.0,0.0,0.0,0.0,0.0,0.0,1.0,0.0,0.002430555555555555,0.3,0.0,0.3,Transit,Fishing - Trawler
700027826,VESSEL_BRA_002,PA,transit,1.0,trawler,0.9999999820801558,0.0,0.0,0.0,0.0,0.0,0.0,0.0,1.0,0.0,0.002430555555555555,0.3,0.0,0.3,Transit,Fishing - Trawler
700027826,VESSEL_BRA_002,PA,transit,1.0,trawler,0.9999999820801558,0.0,0.0,0.0,0.0,0.0,0.0,0.0,1.0,0.0,0.002430555555555555,0.3,0.0,0.3,Transit,Fishing - Trawler
700027826,VESSEL_BRA_002,PA,transit,1.0,trawler,0.9999999820801558,0.0,0.0,0.0,0.0,0.0,0.0,0.0,1.0,0.0,0.002430555555555555,0.3,0.0,0.3,Transit,Fishing - Trawler
700027826,VESSEL_BRA_002,PA,transit,1.0,trawler,0.9999999820801991,0.0,0.0,0.0,0.0,0.0,0.0,0.0,1.0,0.0,0.002430555555555555,0.3,0.0,0.3,Transit,Fishing - Trawler
700027826,VESSEL_BRA_002,PA,transit,1.0,trawler,0.9999999820805995,0.0,0.0,0.0,0.0,0.0,0.0,0.0,1.0,0.0,0.002430555555555555,0.3,0.0,0.3,Transit,Fishing - Trawler
700027826,VESSEL_BRA_002,PA,transit,1.0,trawler,0.9999999820801558,0.0,0.0,0.0,0.0,0.0,0.0,0.0,1.0,0.0,0.002430555555555555,0.3,0.0,0.3,Transit,Fishing - Trawler
700027826,VESSEL_BRA_002,PA,transit,1.0,trawler,0.9999999820801558,0.0,0.0,0.0,0.0,0.0,0.0,0.0,1.0,0.0,0.002430555555555555,0.3,0.0,0.3,Transit,Fishing - Trawler
700027826,VESSEL_BRA_002,PA,transit,1.0,trawler,0.9999999820801558,0.0,0.0,0.0,0.0,0.0,0.0,0.0,1.0,0.0,0.002430555555555555,0.3,0.0,0.3,Transit,Fishing - Trawler
700027826,VESSEL_BRA_002,PA,transit,1.0,trawler,0.9999999820805995,0.0,0.0,0.0,0.0,0.0,0.0,0.0,1.0,0.0,0.002430555555555555,0.3,0.0,0.3,Transit,Fishing - Trawler
700027826,VESSEL_BRA_002,PA,transit,1.0,trawler,0.9999999820801558,0.0,0.0,0.0,0.0,0.0,0.0,0.0,1.0,0.0,0.002430555555555555,0.3,0.0,0.3,Transit,Fishing - Trawler
700027826,VESSEL_BRA_002,PA,transit,1.0,trawler,0.9999999820801558,0.0,0.0,0.0,0.0,0.0,0.0,0.0,1.0,0.0,0.002430555555555555,0.3,0.0,0.3,Transit,Fishing - Trawler
700027826,VESSEL_BRA_002,PA,transit,1.0,trawler,0.9999999820801558,0.0,0.0,0.0,0.0,0.0,0.0,0.0,1.0,0.0,0.002430555555555555,0.3,0.0,0.3,Transit,Fishing - Trawler
700027826,VESSEL_BRA_002,PA,transit,1.0,trawler,0.9999999820801558,0.0,0.0,0.0,0.0,0.0,0.0,0.0,1.0,0.0,0.002430555555555555,0.3,0.0,0.3,Transit,Fishing - Trawler
700027826,VESSEL_BRA_002,PA,transit,1.0,trawler,0.9999999820801558,0.0,0.0,0.0,0.0,0.0,0.0,0.0,1.0,0.0,0.002430555555555555,0.3,0.0,0.3,Transit,Fishing - Trawler
700027826,VESSEL_BRA_002,PA,transit,1.0,trawler,0.9999999820801558,0.0,0.0,0.0,0.0,0.0,0.0,0.0,1.0,0.0,0.002430555555555555,0.3,0.0,0.3,Transit,Fishing - Trawler
700027826,VESSEL_BRA_002,PA,transit,1.0,trawler,0.9999999820801558,0.0,0.0,0.0,0.0,0.0,0.0,0.0,1.0,0.0,0.002430555555555555,0.3,0.0,0.3,Transit,Fishing - Trawler
700027826,VESSEL_BRA_002,PA,transit,1.0,trawler,0.9999999820801558,0.0,0.0,0.0,0.0,0.0,0.0,0.0,1.0,0.0,0.002430555555555555,0.3,0.0,0.3,Transit,Fishing - Trawler
700027826,VESSEL_BRA_002,PA,transit,1.0,trawler,0.9999999820805995,0.0,0.0,0.0,0.0,0.0,0.0,0.0,1.0,0.0,0.002430555555555555,0.3,0.0,0.3,Transit,Fishing - Trawler
700027827,VESSEL_BRA_003,TW,transit,0.9866111111111112,trawler,0.9999999819635982,0.010055555555555555,0.0033333333333333335,0.0,0.0,0.0,0.0,0.0,0.9866111111111112,0.0,0.002430555555555555,0.0,0.0,0.002430555555555555,Transit,Fishing - Trawler
700027827,VESSEL_BRA_003,TW,transit,0.9983333333333333,trawler,0.9999999820801558,0.0016666666666666668,0.0,0.0,0.0,0.0,0.0,0.0,0.9983333333333333,0.0,0.002430555555555555,0.0,0.0,0.002430555555555555,Transit,Fishing - Trawler
700027827,VESSEL_BRA_003,TW,transit,1.0,trawler,0.9999999820801558,0.0,0.0,0.0,0.0,0.0,0.0,0.0,1.0,0.0,0.002430555555555555,0.0,0.0,0.002430555555555555,Transit,Fishing - Trawler
700027827,VESSEL_BRA_003,TW,transit,1.0,trawler,0.9999999820805995,0.0,0.0,0.0,0.0,0.0,0.0,0.0,1.0,0.0,0.002430555555555555,0.0,0.0,0.002430555555555555,Transit,Fishing - Trawler
700027827,VESSEL_BRA_003,TW,transit,1.0,trawler,0.9999999819635549,0.0,0.0,0.0,0.0,0.0,0.0,0.0,1.0,0.0,0.002430555555555555,0.0,0.0,0.002430555555555555,Transit,Fishing - Trawler
700027827,VESSEL_BRA_003,TW,transit,1.0,trawler,0.9999999820801558,0.0,0.0,0.0,0.0,0.0,0.0,0.0,1.0,0.0,0.002430555555555555,0.0,0.0,0.002430555555555555,Transit,Fishing - Trawler
700027827,VESSEL_BRA_003,TW,transit,1.0,trawler,0.9999999820801558,0.0,0.0,0.0,0.0,0.0,0.0,0.0,1.0,0.0,0.002430555555555555,0.0,0.0,0.002430555555555555,Transit,Fishing - Trawler
700027827,VESSEL_BRA_003,TW,transit,1.0,trawler,0.9999999820801558,0.0,0.0,0.0,0.0,0.0,0.0,0.0,1.0,0.0,0.002430555555555555,0.0,0.0,0.002430555555555555,Transit,Fishing - Trawler
700027827,VESSEL_BRA_003,TW,transit,1.0,trawler,0.9999999820801558,0.0,0.0,0.0,0.0,0.0,0.0,0.0,1.0,0.0,0.002430555555555555,0.0,0.0,0.002430555555555555,Transit,Fishing - Trawler
700027827,VESSEL_BRA_003,TW,transit,1.0,trawler,0.9999999820801558,0.0,0.0,0.0,0.0,0.0,0.0,0.0,1.0,0.0,0.002430555555555555,0.0,0.0,0.002430555555555555,Transit,Fishing - Trawler
700027827,VESSEL_BRA_003,TW,transit,0.9972222222222221,trawler,0.9999999820801558,0.0011111111111111111,0.0016666666666666668,0.0,0.0,0.0,0.0,0.0,0.9972222222222221,0.0,0.002430555555555555,0.0,0.0,0.002430555555555555,Transit,Fishing - Trawler
700027827,VESSEL_BRA_003,TW,transit,0.9278888888888889,trawler,0.9999999814221986,0.0,0.0,0.0033333333333333335,0.06044444444444444,0.005,0.0016666666666666668,0.0,0.9278888888888889,0.0016666666666666668,0.002430555555555555,0.0,0.0,0.002430555555555555,Transit,Fishing - Trawler
700027827,VESSEL_BRA_003,TW,fishing,0.9874444444444445,trawler,0.9999999821094773,0.0016666666666666668,0.0016666666666666668,0.0,0.9874444444444445,0.0,0.0033333333333333335,0.0,0.005888888888888889,0.0,0.002430555555555555,0.6,0.0,0.6,Fishing,Fishing - Trawler
700027827,VESSEL_BRA_003,TW,fishing,1.0,trawler,0.9999999821017213,0.0,0.0,0.0,1.0,0.0,0.0,0.0,0.0,0.0,0.002430555555555555,0.6,0.0,0.6,Fishing,Fishing - Trawler
700027827,VESSEL_BRA_003,TW,fishing,1.0,trawler,0.9999999821017213,0.0,0.0,0.0,1.0,0.0,0.0,0.0,0.0,0.0,0.002430555555555555,0.6,0.0,0.6,Fishing,Fishing - Trawler
700027827,VESSEL_BRA_003,TW,fishing,1.0,trawler,0.999999982100768,0.0,0.0,0.0,1.0,0.0,0.0,0.0,0.0,0.0,0.002430555555555555,0.6,0.0,0.6,Fishing,Fishing - Trawler
700027827,VESSEL_BRA_003,TW,fishing,1.0,trawler,0.999999982100768,0.0,0.0,0.0,1.0,0.0,0.0,0.0,0.0,0.0,0.002430555555555555,0.6,0.0,0.6,Fishing,Fishing - Trawler
700027827,VESSEL_BRA_003,TW,fishing,1.0,trawler,0.9999999821017213,0.0,0.0,0.0,1.0,0.0,0.0,0.0,0.0,0.0,0.002430555555555555,0.6,0.0,0.6,Fishing,Fishing - Trawler
700027827,VESSEL_BRA_003,TW,fishing,1.0,trawler,0.9999999816810244,0.0,0.0,0.0,1.0,0.0,0.0,0.0,0.0,0.0,0.002430555555555555,0.6,0.0,0.6,Fishing,Fishing - Trawler
700027827,VESSEL_BRA_003,TW,fishing,1.0,trawler,0.9999999821017213,0.0,0.0,0.0,1.0,0.0,0.0,0.0,0.0,0.0,0.002430555555555555,0.6,0.0,0.6,Fishing,Fishing - Trawler
700027827,VESSEL_BRA_003,TW,fishing,1.0,trawler,0.9999999821017213,0.0,0.0,0.0,1.0,0.0,0.0,0.0,0.0,0.0,0.002430555555555555,0.6,0.0,0.6,Fishing,Fishing - Trawler
700027827,VESSEL_BRA_003,TW,fishing,1.0,trawler,0.9999999821017213,0.0,0.0,0.0,1.0,0.0,0.0,0.0,0.0,0.0,0.002430555555555555,0.6,0.0,0.6,Fishing,Fishing - Trawler
700027827,VESSEL_BRA_003,TW,fishing,1.0,trawler,0.9999999817867483,0.0,0.0,0.0,1.0,0.0,0.0,0.0,0.0,0.0,0.002430555555555555,0.6,0.0,0.6,Fishing,Fishing - Trawler
700027827,VESSEL_BRA_003,TW,fishing,1.0,trawler,0.9999999821017213,0.0,0.0,0.0,1.0,0.0,0.0,0.0,0.0,0.0,0.002430555555555555,0.6,0.0,0.6,Fishing,Fishing - Trawler
700027827,VESSEL_BRA_003,TW,fishing,0.9977777777777778,trawler,0.9999999821017213,0.0,0.0,0.0,0.9977777777777778,0.0022222222222222222,0.0,0.0,0.0,0.0,0.002430555555555555,0.6,0.0,0.6,Fishing,Fishing - Trawler
700027827,VESSEL_BRA_003,TW,fishing,1.0,trawler,0.9999999821017213,0.0,0.0,0.0,1.0,0.0,0.0,0.0,0.0,0.0,0.002430555555555555,0.6,0.0,0.6,Fishing,Fishing - Trawler
700027827,VESSEL_BRA_003,TW,fishing,1.0,trawler,0.9999999821017213,0.0,0.0,0.0,1.0,0.0,0.0,0.0,0.0,0.0,0.002430555555555555,0.6,0.0,0.6,Fishing,Fishing - Trawler
700027827,VESSEL_BRA_003,TW,fishing,1.0,trawler,0.9999999821017213,0.0,0.0,0.0,1.0,0.0,0.0,0.0,0.0,0.0,0.002430555555555555,0.6,0.0,0.6,Fishing,Fishing - Trawler
700027827,VESSEL_BRA_003,TW,fishing,1.0,trawler,0.999999982100768,0.0,0.0,0.0,1.0,0.0,0.0,0.0,0.0,0.0,0.002430555555555555,0.6,0.0,0.6,Fishing,Fishing - Trawler
700027827,VESSEL_BRA_003,TW,fishing,1.0,trawler,0.999999982100768,0.0,0.0,0.0,1.0,0.0,0.0,0.0,0.0,0.0,0.002430555555555555,0.6,0.0,0.6,Fishing,Fishing - Trawler
700027827,VESSEL_BRA_003,TW,fishing,0.9518333333333332,trawler,0.9999999821017213,0.0,0.00688888888888889,0.002333333333333333,0.9518333333333332,0.0044444444444444444,0.0,0.009777777777777778,0.02388888888888889,0.0008333333333333334,0.002430555555555555,0.6,0.0,0.6,Fishing,Fishing - Trawler
700027827,VESSEL_BRA_003,TW,fishing,1.0,trawler,0.9999999821017213,0.0,0.0,0.0,1.0,0.0,0.0,0.0,0.0,0.0,0.002430555555555555,0.6,0.0,0.6,Fishing,Fishing - Trawler
700027827,VESSEL_BRA_003,TW,fishing,1.0,trawler,0.999999982100768,0.0,0.0,0.0,1.0,0.0,0.0,0.0,0.0,0.0,0.002430555555555555,0.6,0.0,0.6,Fishing,Fishing - Trawler
700027827,VESSEL_BRA_003,TW,fishing,1.0,trawler,0.999999982100768,0.0,0.0,0.0,1.0,0.0,0.0,0.0,0.0,0.0,0.002430555555555555,0.6,0.0,0.6,Fishing,Fishing - Trawler
700027827,VESSEL_BRA_003,TW,fishing,1.0,trawler,0.999999982100768,0.0,0.0,0.0,1.0,0.0,0.0,0.0,0.0,0.0,0.002430555555555555,0.6,0.0,0.6,Fishing,Fishing - Trawler
700027827,VESSEL_BRA_003,TW,fishing,1.0,trawler,0.9999999821017213,0.0,0.0,0.0,1.0,0.0,0.0,0.0,0.0,0.0,0.002430555555555555,0.6,0.0,0.6,Fishing,Fishing - Trawler
700027827,VESSEL_BRA_003,TW,fishing,0.9983333333333333,trawler,0.9999999814780466,0.0,0.0,0.0,0.9983333333333333,0.0,0.0,0.0,0.0,0.0016666666666666668,0.002430555555555555,0.6,0.0,0.6,Fishing,Fishing - Trawler
700027827,VESSEL_BRA_003,TW,fishing,0.995,trawler,0.9999999814780466,0.0,0.0,0.0,0.995,0.0,0.0,0.0,0.0,0.005,0.002430555555555555,0.6,0.0,0.6,Fishing,Fishing - Trawler
700027827,VESSEL_BRA_003,TW,fishing,1.0,trawler,0.9999999817555912,0.0,0.0,0.0,1.0,0.0,0.0,0.0,0.0,0.0,0.002430555555555555,0.6,0.0,0.6,Fishing,Fishing - Trawler
700027827,VESSEL_BRA_003,TW,fishing,0.9966666666666668,trawler,0.9999999821094773,0.0,0.0033333333333333335,0.0,0.9966666666666668,0.0,0.0,0.0,0.0,0.0,0.002430555555555555,0.6,0.0,0.6,Fishing,Fishing - Trawler
700027827,VESSEL_BRA_003,TW,transit,0.9267857142857144,trawler,0.9999999814827109,0.0033333333333333335,0.0,0.0,0.026388888888888885,0.011666666666666667,0.01638888888888889,0.00876984126984127,0.9267857142857144,0.006666666666666667,0.002430555555555555,0.0,0.0,0.002430555555555555,Transit,Fishing - Trawler
700027827,VESSEL_BRA_003,TW,transit,0.9377777777777779,trawler,0.9999999820801558,0.0,0.004166666666666667,0.0,0.0016666666666666668,0.0,0.05222222222222222,0.004166666666666667,0.9377777777777779,0.0,0.002430555555555555,0.0,0.0,0.002430555555555555,Transit,Fishing - Trawler
700027827,VESSEL_BRA_003,TW,transit,0.9369444444444446,trawler,0.9999999820801558,0.0,0.0016666666666666668,0.0033333333333333335,0.005,0.0,0.04805555555555555,0.005,0.9369444444444446,0.0,0.002430555555555555,0.0,0.0,0.002430555555555555,Transit,Fishing - Trawler
700027827,VESSEL_BRA_003,TW,transit,1.0,trawler,0.9999999819635549,0.0,0.0,0.0,0.0,0.0,0.0,0.0,1.0,0.0,0.002430555555555555,0.0,0.0,0.002430555555555555,Transit,Fishing - Trawler
700027827,VESSEL_BRA_003,TW,transit,0.8621243386243388,trawler,0.9999999821094773,0.0,0.0,0.0016666666666666668,0.08999999999999998,0.013,0.02360582010582011,0.0,0.8621243386243388,0.009603174603174603,0.002430555555555555,0.0,0.0,0.002430555555555555,Transit,Fishing - Trawler
700027827,VESSEL_BRA_003,TW,fishing,0.9503333333333334,trawler,0.999999981470091,0.0,0.0,0.0,0.9503333333333334,0.0,0.018888888888888886,0.0,0.02744444444444445,0.0033333333333333335,0.002430555555555555,0.6,0.0,0.6,Fishing,Fishing - Trawler
700027827,VESSEL_BRA_003,TW,fishing,0.9986666666666667,trawler,0.999999982100768,0.0,0.0,0.0,0.9986666666666667,0.0013333333333333335,0.0,0.0,0.0,0.0,0.002430555555555555,0.6,0.0,0.6,Fishing,Fishing - Trawler
700027827,VESSEL_BRA_003,TW,fishing,1.0,trawler,0.9999999821017213,0.0,0.0,0.0,1.0,0.0,0.0,0.0,0.0,0.0,0.002430555555555555,0.6,0.0,0.6,Fishing,Fishing - Trawler
700027827,VESSEL_BRA_003,TW,fishing,1.0,trawler,0.9999999821017213,0.0,0.0,0.0,1.0,0.0,0.0,0.0,0.0,0.0,0.002430555555555555,0.6,0.0,0.6,Fishing,Fishing - Trawler
700027827,VESSEL_BRA_003,TW,fishing,0.9975,trawler,0.9999999821017213,0.0,0.0,0.0,0.9975,0.0025,0.0,0.0,0.0,0.0,0.002430555555555555,0.6,0.0,0.6,Fishing,Fishing - Trawler
700027827,VESSEL_BRA_003,TW,fishing,0.9925,trawler,0.9999999821051996,0.0,0.0,0.005833333333333334,0.9925,0.0016666666666666668,0.0,0.0,0.0,0.0,0.002430555555555555,0.6,0.0,0.6,Fishing,Fishing - Trawler
700027827,VESSEL_BRA_003,TW,fishing,0.9961111111111113,trawler,0.999999982100768,0.0,0.0022222222222222222,0.0,0.9961111111111113,0.0,0.0,0.0,0.0016666666666666668,0.0,0.002430555555555555,0.6,0.0,0.6,Fishing,Fishing - Trawler
700027827,VESSEL_BRA_003,TW,fishing,1.0,trawler,0.999999982100768,0.0,0.0,0.0,1.0,0.0,0.0,0.0,0.0,0.0,0.002430555555555555,0.6,0.0,0.6,Fishing,Fishing - Trawler
700027827,VESSEL_BRA_003,TW,fishing,1.0,trawler,0.9999999821017213,0.0,0.0,0.0,1.0,0.0,0.0,0.0,0.0,0.0,0.002430555555555555,0.6,0.0,0.6,Fishing,Fishing - Trawler
700027827,VESSEL_BRA_003,TW,fishing,0.9983333333333333,trawler,0.9999999814780466,0.0,0.0,0.0,0.9983333333333333,0.0,0.0,0.0,0.0,0.0016666666666666668,0.002430555555555555,0.6,0.0,0.6,Fishing,Fishing - Trawler
700027827,VESSEL_BRA_003,TW,fishing,0.889,trawler,0.9999999821190223,0.004047619047619048,0.013888888888888886,0.002888888888888889,0.889,0.0017857142857142857,0.02333333333333333,0.005333333333333334,0.05888888888888889,0.0008333333333333334,0.002430555555555555,0.6,0.0,0.6,Fishing,Fishing - Trawler
700027827,VESSEL_BRA_003,TW,transit,0.9758333333333331,trawler,0.9999999813582267,0.0016666666666666668,0.0,0.0,0.0033333333333333335,0.0,0.0,0.019166666666666665,0.9758333333333331,0.0,0.002430555555555555,0.0,0.0,0.002430555555555555,Transit,Fishing - Trawler
700027827,VESSEL_BRA_003,TW,transit,1.0,trawler,0.9999999820801558,0.0,0.0,0.0,0.0,0.0,0.0,0.0,1.0,0.0,0.002430555555555555,0.0,0.0,0.002430555555555555,Transit,Fishing - Trawler
700027827,VESSEL_BRA_003,TW,transit,1.0,trawler,0.9999999820801558,0.0,0.0,0.0,0.0,0.0,0.0,0.0,1.0,0.0,0.002430555555555555,0.0,0.0,0.002430555555555555,Transit,Fishing - Trawler
700027827,VESSEL_BRA_003,TW,transit,1.0,trawler,0.9999999820801558,0.0,0.0,0.0,0.0,0.0,0.0,0.0,1.0,0.0,0.002430555555555555,0.0,0.0,0.002430555555555555,Transit,Fishing - Trawler
700027827,VESSEL_BRA_003,TW,transit,1.0,trawler,0.9999999820801558,0.0,0.0,0.0,0.0,0.0,0.0,0.0,1.0,0.0,0.002430555555555555,0.0,0.0,0.002430555555555555,Transit,Fishing - Trawler
700027827,VESSEL_BRA_003,TW,transit,1.0,trawler,0.9999999820801558,0.0,0.0,0.0,0.0,0.0,0.0,0.0,1.0,0.0,0.002430555555555555,0.0,0.0,0.002430555555555555,Transit,Fishing - Trawler
700027827,VESSEL_BRA_003,TW,transit,1.0,trawler,0.9999999820805995,0.0,0.0,0.0,0.0,0.0,0.0,0.0,1.0,0.0,0.002430555555555555,0.0,0.0,0.002430555555555555,Transit,Fishing - Trawler
700027827,VESSEL_BRA_003,TW,transit,0.9979324894514767,trawler,0.9999999820801558,0.00037974683544303797,0.00016877637130801687,0.0,0.0,0.0,0.0,0.0015189873417721519,0.9979324894514767,0.0,0.002430555555555555,0.0,0.0,0.002430555555555555,Transit,Fishing - Trawler
700027827,VESSEL_BRA_003,TW,transit,1.0,trawler,0.9999999820801558,0.0,0.0,0.0,0.0,0.0,0.0,0.0,1.0,0.0,0.002430555555555555,0.0,0.0,0.002430555555555555,Transit,Fishing - Trawler
700027827,VESSEL_BRA_003,TW,transit,1.0,trawler,0.9999999820801558,0.0,0.0,0.0,0.0,0.0,0.0,0.0,1.0,0.0,0.002430555555555555,0.0,0.0,0.002430555555555555,Transit,Fishing - Trawler
700027827,VESSEL_BRA_003,TW,transit,1.0,trawler,0.9999999820801558,0.0,0.0,0.0,0.0,0.0,0.0,0.0,1.0,0.0,0.002430555555555555,0.0,0.0,0.002430555555555555,Transit,Fishing - Trawler
700027827,VESSEL_BRA_003,TW,transit,1.0,trawler,0.9999999820801558,0.0,0.0,0.0,0.0,0.0,0.0,0.0,1.0,0.0,0.002430555555555555,0.0,0.0,0.002430555555555555,Transit,Fishing - Trawler
700027827,VESSEL_BRA_003,TW,transit,0.9972222222222221,trawler,0.9999999820801558,0.0,0.0,0.0,0.0027777777777777775,0.0,0.0,0.0,0.9972222222222221,0.0,0.002430555555555555,0.0,0.0,0.002430555555555555,Transit,Fishing - Trawler
700027827,VESSEL_BRA_003,TW,transit,0.9972222222222221,trawler,0.9999999820801558,0.0,0.0,0.0,0.0011111111111111111,0.0,0.0,0.0016666666666666668,0.9972222222222221,0.0,0.002430555555555555,0.0,0.0,0.002430555555555555,Transit,Fishing - Trawler
700027827,VESSEL_BRA_003,TW,transit,0.9988888888888887,trawler,0.9999999820801558,0.0,0.0,0.0,0.0011111111111111111,0.0,0.0,0.0,0.9988888888888887,0.0,0.002430555555555555,0.0,0.0,0.002430555555555555,Transit,Fishing - Trawler
700027827,VESSEL_BRA_003,TW,transit,1.0,trawler,0.9999999820801558,0.0,0.0,0.0,0.0,0.0,0.0,0.0,1.0,0.0,0.002430555555555555,0.0,0.0,0.002430555555555555,Transit,Fishing - Trawler
700027827,VESSEL_BRA_003,TW,transit,1.0,trawler,0.9999999820801558,0.0,0.0,0.0,0.0,0.0,0.0,0.0,1.0,0.0,0.002430555555555555,0.0,0.0,0.002430555555555555,Transit,Fishing - Trawler
700027827,VESSEL_BRA_003,TW,transit,1.0,trawler,0.9999999820801558,0.0,0.0,0.0,0.0,0.0,0.0,0.0,1.0,0.0,0.002430555555555555,0.0,0.0,0.002430555555555555,Transit,Fishing - Trawler
700027827,VESSEL_BRA_003,TW,transit,1.0,trawler,0.9999999820801558,0.0,0.0,0.0,0.0,0.0,0.0,0.0,1.0,0.0,0.002430555555555555,0.0,0.0,0.002430555555555555,Transit,Fishing - Trawler
700027827,VESSEL_BRA_003,TW,transit,1.0,trawler,0.9999999820801558,0.0,0.0,0.0,0.0,0.0,0.0,0.0,1.0,0.0,0.002430555555555555,0.0,0.0,0.002430555555555555,Transit,Fishing - Trawler
700027827,VESSEL_BRA_003,TW,transit,0.9983333333333333,trawler,0.9999999820805995,0.0,0.0,0.0,0.0,0.0,0.0,0.0016666666666666668,0.9983333333333333,0.0,0.002430555555555555,0.0,0.0,0.002430555555555555,Transit,Fishing - Trawler
700027827,VESSEL_BRA_003,TW,transit,1.0,trawler,0.9999999819635549,0.0,0.0,0.0,0.0,0.0,0.0,0.0,1.0,0.0,0.002430555555555555,0.0,0.0,0.002430555555555555,Transit,Fishing - Trawler
700027827,VESSEL_BRA_003,TW,transit,0.9955555555555554,trawler,0.9999999819635549,0.0,0.0,0.0,0.0011111111111111111,0.0,0.0033333333333333335,0.0,0.9955555555555554,0.0,0.002430555555555555,0.0,0.0,0.002430555555555555,Transit,Fishing - Trawler
700027827,VESSEL_BRA_003,TW,transit,1.0,trawler,0.9999999820805995,0.0,0.0,0.0,0.0,0.0,0.0,0.0,1.0,0.0,0.002430555555555555,0.0,0.0,0.002430555555555555,Transit,Fishing - Trawler
700027827,VESSEL_BRA_003,TW,transit,1.0,trawler,0.9999999820806574,0.0,0.0,0.0,0.0,0.0,0.0,0.0,1.0,0.0,0.002430555555555555,0.0,0.0,0.002430555555555555,Transit,Fishing - Trawler
700027827,VESSEL_BRA_003,TW,transit,1.0,trawler,0.9999999820801558,0.0,0.0,0.0,0.0,0.0,0.0,0.0,1.0,0.0,0.002430555555555555,0.0,0.0,0.002430555555555555,Transit,Fishing - Trawler
700027827,VESSEL_BRA_003,TW,transit,1.0,trawler,0.9999999820801558,0.0,0.0,0.0,0.0,0.0,0.0,0.0,1.0,0.0,0.002430555555555555,0.0,0.0,0.002430555555555555,Transit,Fishing - Trawler
700027827,VESSEL_BRA_003,TW,transit,0.9966666666666667,trawler,0.9999999820801558,0.0,0.0,0.0,0.0,0.0,0.0,0.0033333333333333335,0.9966666666666667,0.0,0.002430555555555555,0.0,0.0,0.002430555555555555,Transit,Fishing - Trawler
700027827,VESSEL_BRA_003,TW,transit,1.0,trawler,0.9999999820801558,0.0,0.0,0.0,0.0,0.0,0.0,0.0,1.0,0.0,0.002430555555555555,0.0,0.0,0.002430555555555555,Transit,Fishing - Trawler
700027828,VESSEL_BRA_004,BR,transit,0.9957102672292545,longliner,0.9999999809793171,0.00037974683544303797,0.00016877637130801687,0.0,0.0,0.0,0.0,0.0037412095639943743,0.9957102672292545,0.0,0.002430555555555555,0.0,0.0,0.002430555555555555,Transit,Fishing - Longliner
700027828,VESSEL_BRA_004,BR,transit,1.0,longliner,0.9999999809793171,0.0,0.0,0.0,0.0,0.0,0.0,0.0,1.0,0.0,0.002430555555555555,0.0,0.0,0.002430555555555555,Transit,Fishing - Longliner
700027828,VESSEL_BRA_004,BR,transit,1.0,longliner,0.9999999809793171,0.0,0.0,0.0,0.0,0.0,0.0,0.0,1.0,0.0,0.002430555555555555,0.0,0.0,0.002430555555555555,Transit,Fishing - Longliner
700027828,VESSEL_BRA_004,BR,transit,1.0,longliner,0.9999999809793171,0.0,0.0,0.0,0.0,0.0,0.0,0.0,1.0,0.0,0.002430555555555555,0.0,0.0,0.002430555555555555,Transit,Fishing - Longliner
700027828,VESSEL_BRA_004,BR,transit,1.0,longliner,0.9999999808631791,0.0,0.0,0.0,0.0,0.0,0.0,0.0,1.0,0.0,0.002430555555555555,0.0,0.0,0.002430555555555555,Transit,Fishing - Longliner
700027828,VESSEL_BRA_004,BR,transit,1.0,longliner,0.9999999809790113,0.0,0.0,0.0,0.0,0.0,0.0,0.0,1.0,0.0,0.002430555555555555,0.0,0.0,0.002430555555555555,Transit,Fishing - Longliner
700027828,VESSEL_BRA_004,BR,transit,1.0,longliner,0.9999999809793171,0.0,0.0,0.0,0.0,0.0,0.0,0.0,1.0,0.0,0.002430555555555555,0.0,0.0,0.002430555555555555,Transit,Fishing - Longliner
700027828,VESSEL_BRA_004,BR,transit,0.8092301587301588,longliner,0.9999999783474012,0.0011111111111111111,0.0,0.0,0.15088888888888893,0.0038888888888888883,0.032658730158730165,0.0,0.8092301587301588,0.0022222222222222222,0.43,0.0,0.0,0.43,Transit,Fishing - Longliner
700027828,VESSEL_BRA_004,BR,fishing,0.9198333333333333,longliner,0.999999977587895,0.0006666666666666668,0.0,0.0,0.9198333333333333,0.0011111111111111111,0.006333333333333333,0.0,0.06872222222222224,0.0033333333333333335,0.43,0.5992692759132561,0.0,0.5992692759132561,Fishing,Fishing - Longliner
700027828,VESSEL_BRA_004,BR,fishing,0.9966666666666667,longliner,0.9999999805528957,0.0,0.0,0.0,0.9966666666666667,0.0,0.0,0.0,0.0,0.0033333333333333335,0.002430555555555555,0.6,0.0,0.6,Fishing,Fishing - Longliner
700027828,VESSEL_BRA_004,BR,fishing,1.0,longliner,0.9999999805328822,0.0,0.0,0.0,1.0,0.0,0.0,0.0,0.0,0.0,0.002430555555555555,0.6,0.0,0.6,Fishing,Fishing - Longliner
700027828,VESSEL_BRA_004,BR,fishing,0.9813333333333333,longliner,0.9999999807123737,0.0,0.0,0.0,0.9813333333333333,0.003666666666666667,0.0,0.0,0.0,0.015,0.002430555555555555,0.6,0.0,0.6,Fishing,Fishing - Longliner
700027828,VESSEL_BRA_004,BR,transit,0.9196984126984127,longliner,0.9999999795412777,0.0011111111111111111,0.0022222222222222222,0.005277777777777778,0.037222222222222226,0.013611111111111114,0.0033333333333333335,0.0044444444444444444,0.9196984126984127,0.01307936507936508,0.002430555555555555,0.0,0.0,0.002430555555555555,Transit,Fishing - Longliner
700027828,VESSEL_BRA_004,BR,transit,1.0,longliner,0.9999999808631791,0.0,0.0,0.0,0.0,0.0,0.0,0.0,1.0,0.0,0.002430555555555555,0.0,0.0,0.002430555555555555,Transit,Fishing - Longliner
700027828,VESSEL_BRA_004,BR,transit,1.0,longliner,0.9999999809793171,0.0,0.0,0.0,0.0,0.0,0.0,0.0,1.0,0.0,0.002430555555555555,0.0,0.0,0.002430555555555555,Transit,Fishing - Longliner
700027828,VESSEL_BRA_004,BR,transit,1.0,longliner,0.9999999809793171,0.0,0.0,0.0,0.0,0.0,0.0,0.0,1.0,0.0,0.002430555555555555,0.0,0.0,0.002430555555555555,Transit,Fishing - Longliner
700027828,VESSEL_BRA_004,BR,transit,0.9933333333333333,longliner,0.9999999808631791,0.0,0.0,0.0,0.0,0.0,0.006666666666666667,0.0,0.9933333333333333,0.0,0.002430555555555555,0.0,0.0,0.002430555555555555,Transit,Fishing - Longliner
700027828,VESSEL_BRA_004,BR,fishing,0.9777777777777779,longliner,0.9999999802368174,0.0,0.0016666666666666668,0.0,0.9777777777777779,0.0,0.0,0.0,0.018888888888888886,0.0016666666666666668,0.002430555555555555,0.6,0.0,0.6,Fishing,Fishing - Longliner
700027828,VESSEL_BRA_004,BR,fishing,0.9961111111111111,longliner,0.9999999810281047,0.0,0.0,0.0,0.9961111111111111,0.0,0.0,0.0,0.0038888888888888883,0.0,0.002430555555555555,0.6,0.0,0.6,Fishing,Fishing - Longliner
700027828,VESSEL_BRA_004,BR,fishing,0.9977777777777779,longliner,0.9999999805328853,0.0,0.0,0.0,0.9977777777777779,0.0022222222222222222,0.0,0.0,0.0,0.0,0.002430555555555555,0.6,0.0,0.6,Fishing,Fishing - Longliner
700027828,VESSEL_BRA_004,BR,fishing,1.0,longliner,0.999999980352133,0.0,0.0,0.0,1.0,0.0,0.0,0.0,0.0,0.0,0.002430555555555555,0.6,0.0,0.6,Fishing,Fishing - Longliner
700027828,VESSEL_BRA_004,BR,fishing,1.0,longliner,0.9999999803572731,0.0,0.0,0.0,1.0,0.0,0.0,0.0,0.0,0.0,0.002430555555555555,0.6,0.0,0.6,Fishing,Fishing - Longliner
700027828,VESSEL_BRA_004,BR,fishing,1.0,longliner,0.9999999805328853,0.0,0.0,0.0,1.0,0.0,0.0,0.0,0.0,0.0,0.002430555555555555,0.6,0.0,0.6,Fishing,Fishing - Longliner
700027828,VESSEL_BRA_004,BR,fishing,1.0,longliner,0.9999999805328853,0.0,0.0,0.0,1.0,0.0,0.0,0.0,0.0,0.0,0.002430555555555555,0.6,0.0,0.6,Fishing,Fishing - Longliner
700027828,VESSEL_BRA_004,BR,fishing,1.0,longliner,0.9999999805328853,0.0,0.0,0.0,1.0,0.0,0.0,0.0,0.0,0.0,0.002430555555555555,0.6,0.0,0.6,Fishing,Fishing - Longliner
700027828,VESSEL_BRA_004,BR,fishing,1.0,longliner,0.9999999805328853,0.0,0.0,0.0,1.0,0.0,0.0,0.0,0.0,0.0,0.002430555555555555,0.6,0.0,0.6,Fishing,Fishing - Longliner
700027828,VESSEL_BRA_004,BR,fishing,1.0,longliner,0.9999999805328853,0.0,0.0,0.0,1.0,0.0,0.0,0.0,0.0,0.0,0.002430555555555555,0.6,0.0,0.6,Fishing,Fishing - Longliner
700027828,VESSEL_BRA_004,BR,fishing,1.0,longliner,0.9999999805328853,0.0,0.0,0.0,1.0,0.0,0.0,0.0,0.0,0.0,0.002430555555555555,0.6,0.0,0.6,Fishing,Fishing - Longliner
700027828,VESSEL_BRA_004,BR,fishing,1.0,longliner,0.9999999805328853,0.0,0.0,0.0,1.0,0.0,0.0,0.0,0.0,0.0,0.002430555555555555,0.6,0.0,0.6,Fishing,Fishing - Longliner
700027828,VESSEL_BRA_004,BR,fishing,1.0,longliner,0.9999999805328853,0.0,0.0,0.0,1.0,0.0,0.0,0.0,0.0,0.0,0.002430555555555555,0.6,0.0,0.6,Fishing,Fishing - Longliner
700027828,VESSEL_BRA_004,BR,fishing,1.0,longliner,0.9999999805328853,0.0,0.0,0.0,1.0,0.0,0.0,0.0,0.0,0.0,0.002430555555555555,0.6,0.0,0.6,Fishing,Fishing - Longliner
700027828,VESSEL_BRA_004,BR,fishing,0.9966666666666667,longliner,0.9999999805328853,0.0,0.0,0.002,0.9966666666666667,0.0013333333333333335,0.0,0.0,0.0,0.0,0.002430555555555555,0.6,0.0,0.6,Fishing,Fishing - Longliner
700027828,VESSEL_BRA_004,BR,fishing,1.0,longliner,0.9999999805328853,0.0,0.0,0.0,1.0,0.0,0.0,0.0,0.0,0.0,0.002430555555555555,0.6,0.0,0.6,Fishing,Fishing - Longliner
700027828,VESSEL_BRA_004,BR,fishing,0.9973809523809524,longliner,0.9999999802373642,0.0,0.0,0.0,0.9973809523809524,0.0,0.0,0.0,0.002619047619047619,0.0,0.002430555555555555,0.6,0.0,0.6,Fishing,Fishing - Longliner
700027828,VESSEL_BRA_004,BR,transit,0.9666666666666665,longliner,0.9999999801246056,0.0,0.0016666666666666668,0.0,0.0,0.0,0.0,0.030833333333333327,0.9666666666666665,0.0008333333333333334,0.002430555555555555,0.0,0.0,0.002430555555555555,Transit,Fishing - Longliner
700027828,VESSEL_BRA_004,BR,transit,1.0,longliner,0.9999999809793171,0.0,0.0,0.0,0.0,0.0,0.0,0.0,1.0,0.0,0.002430555555555555,0.0,0.0,0.002430555555555555,Transit,Fishing - Longliner
700027828,VESSEL_BRA_004,BR,transit,1.0,longliner,0.9999999809793171,0.0,0.0,0.0,0.0,0.0,0.0,0.0,1.0,0.0,0.002430555555555555,0.0,0.0,0.002430555555555555,Transit,Fishing - Longliner
700027828,VESSEL_BRA_004,BR,transit,1.0,longliner,0.9999999809793171,0.0,0.0,0.0,0.0,0.0,0.0,0.0,1.0,0.0,0.002430555555555555,0.0,0.0,0.002430555555555555,Transit,Fishing - Longliner
700027828,VESSEL_BRA_004,BR,transit,1.0,longliner,0.9999999809793171,0.0,0.0,0.0,0.0,0.0,0.0,0.0,1.0,0.0,0.002430555555555555,0.0,0.0,0.002430555555555555,Transit,Fishing - Longliner
700027828,VESSEL_BRA_004,BR,transit,1.0,longliner,0.9999999809793171,0.0,0.0,0.0,0.0,0.0,0.0,0.0,1.0,0.0,0.002430555555555555,0.0,0.0,0.002430555555555555,Transit,Fishing - Longliner
700027828,VESSEL_BRA_004,BR,transit,0.9988888888888887,longliner,0.9999999809793171,0.0,0.0,0.0,0.0011111111111111111,0.0,0.0,0.0,0.9988888888888887,0.0,0.002430555555555555,0.0,0.0,0.002430555555555555,Transit,Fishing - Longliner
700027828,VESSEL_BRA_004,BR,transit,1.0,longliner,0.9999999809793171,0.0,0.0,0.0,0.0,0.0,0.0,0.0,1.0,0.0,0.002430555555555555,0.0,0.0,0.002430555555555555,Transit,Fishing - Longliner
700027828,VESSEL_BRA_004,BR,transit,1.0,longliner,0.9999999809793171,0.0,0.0,0.0,0.0,0.0,0.0,0.0,1.0,0.0,0.002430555555555555,0.0,0.0,0.002430555555555555,Transit,Fishing - Longliner
700027828,VESSEL_BRA_004,BR,transit,1.0,longliner,0.9999999809793171,0.0,0.0,0.0,0.0,0.0,0.0,0.0,1.0,0.0,0.002430555555555555,0.0,0.0,0.002430555555555555,Transit,Fishing - Longliner
700027828,VESSEL_BRA_004,BR,transit,0.9988888888888887,longliner,0.9999999809793171,0.0,0.0,0.0,0.0011111111111111111,0.0,0.0,0.0,0.9988888888888887,0.0,0.002430555555555555,0.0,0.0,0.002430555555555555,Transit,Fishing - Longliner
700027828,VESSEL_BRA_004,BR,transit,1.0,longliner,0.9999999809793171,0.0,0.0,0.0,0.0,0.0,0.0,0.0,1.0,0.0,0.002430555555555555,0.0,0.0,0.002430555555555555,Transit,Fishing - Longliner
700027828,VESSEL_BRA_004,BR,transit,1.0,longliner,0.9999999809793171,0.0,0.0,0.0,0.0,0.0,0.0,0.0,1.0,0.0,0.002430555555555555,0.0,0.0,0.002430555555555555,Transit,Fishing - Longliner
700027828,VESSEL_BRA_004,BR,transit,1.0,longliner,0.9999999809783852,0.0,0.0,0.0,0.0,0.0,0.0,0.0,1.0,0.0,0.002430555555555555,0.0,0.0,0.002430555555555555,Transit,Fishing - Longliner
700027828,VESSEL_BRA_004,BR,transit,1.0,longliner,0.9999999809783852,0.0,0.0,0.0,0.0,0.0,0.0,0.0,1.0,0.0,0.002430555555555555,0.0,0.0,0.002430555555555555,Transit,Fishing - Longliner
700027828,VESSEL_BRA_004,BR,transit,1.0,longliner,0.9999999809793171,0.0,0.0,0.0,0.0,0.0,0.0,0.0,1.0,0.0,0.002430555555555555,0.0,0.0,0.002430555555555555,Transit,Fishing - Longliner
700027828,VESSEL_BRA_004,BR,transit,0.9945991561181434,longliner,0.9999999809793171,0.00037974683544303797,0.00016877637130801687,0.0,0.0,0.0,0.0,0.004852320675105485,0.9945991561181434,0.0,0.002430555555555555,0.0,0.0,0.002430555555555555,Transit,Fishing - Longliner
700027828,VESSEL_BRA_004,BR,transit,1.0,longliner,0.9999999809793171,0.0,0.0,0.0,0.0,0.0,0.0,0.0,1.0,0.0,0.002430555555555555,0.0,0.0,0.002430555555555555,Transit,Fishing - Longliner
700027828,VESSEL_BRA_004,BR,transit,1.0,longliner,0.9999999809793171,0.0,0.0,0.0,0.0,0.0,0.0,0.0,1.0,0.0,0.002430555555555555,0.0,0.0,0.002430555555555555,Transit,Fishing - Longliner
700027828,VESSEL_BRA_004,BR,transit,1.0,longliner,0.9999999809793171,0.0,0.0,0.0,0.0,0.0,0.0,0.0,1.0,0.0,0.002430555555555555,0.0,0.0,0.002430555555555555,Transit,Fishing - Longliner
700027828,VESSEL_BRA_004,BR,transit,1.0,longliner,0.9999999809790113,0.0,0.0,0.0,0.0,0.0,0.0,0.0,1.0,0.0,0.002430555555555555,0.0,0.0,0.002430555555555555,Transit,Fishing - Longliner
700027828,VESSEL_BRA_004,BR,transit,1.0,longliner,0.9999999809852446,0.0,0.0,0.0,0.0,0.0,0.0,0.0,1.0,0.0,0.002430555555555555,0.0,0.0,0.002430555555555555,Transit,Fishing - Longliner
700027828,VESSEL_BRA_004,BR,transit,1.0,longliner,0.9999999809793171,0.0,0.0,0.0,0.0,0.0,0.0,0.0,1.0,0.0,0.002430555555555555,0.0,0.0,0.002430555555555555,Transit,Fishing - Longliner
700027828,VESSEL_BRA_004,BR,transit,0.9966666666666667,longliner,0.9999999809783852,0.0,0.0,0.0,0.0,0.0,0.0033333333333333335,0.0,0.9966666666666667,0.0,0.002430555555555555,0.0,0.0,0.002430555555555555,Transit,Fishing - Longliner
700027828,VESSEL_BRA_004,BR,transit,1.0,longliner,0.9999999809783852,0.0,0.0,0.0,0.0,0.0,0.0,0.0,1.0,0.0,0.002430555555555555,0.0,0.0,0.002430555555555555,Transit,Fishing - Longliner
700027828,VESSEL_BRA_004,BR,transit,1.0,longliner,0.9999999809793171,0.0,0.0,0.0,0.0,0.0,0.0,0.0,1.0,0.0,0.002430555555555555,0.0,0.0,0.002430555555555555,Transit,Fishing - Longliner
700027828,VESSEL_BRA_004,BR,transit,1.0,longliner,0.9999999809793171,0.0,0.0,0.0,0.0,0.0,0.0,0.0,1.0,0.0,0.002430555555555555,0.0,0.0,0.002430555555555555,Transit,Fishing - Longliner
700027828,VESSEL_BRA_004,BR,transit,1.0,longliner,0.9999999809793171,0.0,0.0,0.0,0.0,0.0,0.0,0.0,1.0,0.0,0.002430555555555555,0.0,0.0,0.002430555555555555,Transit,Fishing - Longliner
700027828,VESSEL_BRA_004,BR,transit,1.0,longliner,0.9999999809793171,0.0,0.0,0.0,0.0,0.0,0.0,0.0,1.0,0.0,0.002430555555555555,0.0,0.0,0.002430555555555555,Transit,Fishing - Longliner
700027828,VESSEL_BRA_004,BR,transit,1.0,longliner,0.9999999809793171,0.0,0.0,0.0,0.0,0.0,0.0,0.0,1.0,0.0,0.002430555555555555,0.0,0.0,0.002430555555555555,Transit,Fishing - Longliner
700027828,VESSEL_BRA_004,BR,transit,1.0,longliner,0.9999999809793171,0.0,0.0,0.0,0.0,0.0,0.0,0.0,1.0,0.0,0.002430555555555555,0.0,0.0,0.002430555555555555,Transit,Fishing - Longliner
700027828,VESSEL_BRA_004,BR,transit,1.0,longliner,0.9999999809793171,0.0,0.0,0.0,0.0,0.0,0.0,0.0,1.0,0.0,0.002430555555555555,0.0,0.0,0.002430555555555555,Transit,Fishing - Longliner
700027828,VESSEL_BRA_004,BR,transit,1.0,longliner,0.9999999809783852,0.0,0.0,0.0,0.0,0.0,0.0,0.0,1.0,0.0,0.002430555555555555,0.0,0.0,0.002430555555555555,Transit,Fishing - Longliner
700027829,VESSEL_BRA_005,BR,transit,0.9977777777777779,purse_seiner,0.9999999585458087,0.0022222222222222222,0.0,0.0,0.0,0.0,0.0,0.0,0.9977777777777779,0.0,0.002430555555555555,0.0,0.0,0.002430555555555555,Transit,Fishing - Purse Seiner
700027829,VESSEL_BRA_005,BR,transit,1.0,purse_seiner,0.9999999740604499,0.0,0.0,0.0,0.0,0.0,0.0,0.0,1.0,0.0,0.002430555555555555,0.0,0.0,0.002430555555555555,Transit,Fishing - Purse Seiner
700027829,VESSEL_BRA_005,BR,transit,1.0,purse_seiner,0.9999999755012204,0.0,0.0,0.0,0.0,0.0,0.0,0.0,1.0,0.0,0.002430555555555555,0.0,0.0,0.002430555555555555,Transit,Fishing - Purse Seiner
700027829,VESSEL_BRA_005,BR,transit,1.0,purse_seiner,0.9999999755136063,0.0,0.0,0.0,0.0,0.0,0.0,0.0,1.0,0.0,0.002430555555555555,0.0,0.0,0.002430555555555555,Transit,Fishing - Purse Seiner
700027829,VESSEL_BRA_005,BR,transit,0.9951547116736988,purse_seiner,0.9999999755136063,0.00037974683544303797,0.0012798874824191278,0.0,0.0,0.0,0.0,0.0031856540084388187,0.9951547116736988,0.0,0.002430555555555555,0.0,0.0,0.002430555555555555,Transit,Fishing - Purse Seiner
700027829,VESSEL_BRA_005,BR,transit,0.9859880450070322,purse_seiner,0.9999999755012204,0.0020464135021097045,0.0012798874824191278,0.0,0.0,0.0,0.0,0.010685654008438818,0.9859880450070322,0.0,0.002430555555555555,0.0,0.0,0.002430555555555555,Transit,Fishing - Purse Seiner
700027829,VESSEL_BRA_005,BR,transit,0.8879285714285713,purse_seiner,0.9999999755019512,0.0,0.0,0.0,0.11207142857142856,0.0,0.0,0.0,0.8879285714285713,0.0,0.43,0.0,0.0,0.43,Transit,Fishing - Purse Seiner
700027829,VESSEL_BRA_005,BR,fishing,0.5775079365079364,purse_seiner,0.9999999739706467,0.009444444444444443,0.0,0.0,0.5775079365079364,0.0016666666666666668,0.0,0.0,0.41138095238095246,0.0,0.43,0.44270877301899164,0.0,0.44270877301899164,Fishing,Fishing - Purse Seiner
700027829,VESSEL_BRA_005,BR,fishing,0.9820555555555556,purse_seiner,0.9999999711629507,0.0,0.0,0.0,0.9820555555555556,0.0025,0.0,0.0,0.010722222222222223,0.004722222222222222,0.002430555555555555,0.5703007220761731,0.0,0.5703007220761731,Fishing,Fishing - Purse Seiner
700027829,VESSEL_BRA_005,BR,fishing,1.0,purse_seiner,0.9999999709085257,0.0,0.0,0.0,1.0,0.0,0.0,0.0,0.0,0.0,0.002430555555555555,0.5742702944180795,0.0,0.5742702944180795,Fishing,Fishing - Purse Seiner
700027829,VESSEL_BRA_005,BR,fishing,0.9983333333333333,purse_seiner,0.9999999709009777,0.0,0.0,0.0,0.9983333333333333,0.0,0.0,0.0,0.0016666666666666668,0.0,0.002430555555555555,0.5771742475831404,0.0,0.5771742475831404,Fishing,Fishing - Purse Seiner
700027829,VESSEL_BRA_005,BR,fishing,1.0,purse_seiner,0.9999999711799187,0.0,0.0,0.0,1.0,0.0,0.0,0.0,0.0,0.0,0.002430555555555555,0.579250914491261,0.0,0.579250914491261,Fishing,Fishing - Purse Seiner
700027829,VESSEL_BRA_005,BR,transit,0.7226507936507939,purse_seiner,0.9999999691384452,0.0,0.0,0.005,0.15905555555555556,0.03911111111111112,0.023626984126984128,0.0022222222222222222,0.7226507936507939,0.04833333333333333,0.002430555555555555,0.0,0.0,0.002430555555555555,Transit,Fishing - Purse Seiner
700027829,VESSEL_BRA_005,BR,transit,0.9977777777777779,purse_seiner,0.9999999750459792,0.0,0.0,0.0,0.0022222222222222222,0.0,0.0,0.0,0.9977777777777779,0.0,0.002430555555555555,0.0,0.0,0.002430555555555555,Transit,Fishing - Purse Seiner
700027829,VESSEL_BRA_005,BR,transit,1.0,purse_seiner,0.9999999755012204,0.0,0.0,0.0,0.0,0.0,0.0,0.0,1.0,0.0,0.002430555555555555,0.0,0.0,0.002430555555555555,Transit,Fishing - Purse Seiner
700027829,VESSEL_BRA_005,BR,transit,1.0,purse_seiner,0.9999999755012204,0.0,0.0,0.0,0.0,0.0,0.0,0.0,1.0,0.0,0.002430555555555555,0.0,0.0,0.002430555555555555,Transit,Fishing - Purse Seiner
700027829,VESSEL_BRA_005,BR,transit,1.0,purse_seiner,0.9999999755012204,0.0,0.0,0.0,0.0,0.0,0.0,0.0,1.0,0.0,0.002430555555555555,0.0,0.0,0.002430555555555555,Transit,Fishing - Purse Seiner
700027829,VESSEL_BRA_005,BR,transit,1.0,purse_seiner,0.9999999755012204,0.0,0.0,0.0,0.0,0.0,0.0,0.0,1.0,0.0,0.002430555555555555,0.0,0.0,0.002430555555555555,Transit,Fishing - Purse Seiner
700027829,VESSEL_BRA_005,BR,transit,0.9977777777777779,purse_seiner,0.9999999740898031,0.0,0.0,0.0,0.0022222222222222222,0.0,0.0,0.0,0.9977777777777779,0.0,0.002430555555555555,0.0,0.0,0.002430555555555555,Transit,Fishing - Purse Seiner
700027829,VESSEL_BRA_005,BR,fishing,0.8797460317460318,purse_seiner,0.9999999700474411,0.0,0.0,0.0,0.8797460317460318,0.0033333333333333335,0.008499999999999999,0.0,0.09703174603174601,0.011388888888888888,0.002430555555555555,0.5882948266203799,0.0,0.5882948266203799,Fishing,Fishing - Purse Seiner
700027829,VESSEL_BRA_005,BR,fishing,1.0,purse_seiner,0.9999999711553335,0.0,0.0,0.0,1.0,0.0,0.0,0.0,0.0,0.0,0.002430555555555555,0.5865191517877772,0.0,0.5865191517877772,Fishing,Fishing - Purse Seiner
700027829,VESSEL_BRA_005,BR,fishing,1.0,purse_seiner,0.9999999709009777,0.0,0.0,0.0,1.0,0.0,0.0,0.0,0.0,0.0,0.002430555555555555,0.5831863921705014,0.0,0.5831863921705014,Fishing,Fishing - Purse Seiner
700027829,VESSEL_BRA_005,BR,fishing,1.0,purse_seiner,0.9999999709009777,0.0,0.0,0.0,1.0,0.0,0.0,0.0,0.0,0.0,0.002430555555555555,0.5808034492937209,0.0,0.5808034492937209,Fishing,Fishing - Purse Seiner
700027829,VESSEL_BRA_005,BR,fishing,1.0,purse_seiner,0.9999999709009777,0.0,0.0,0.0,1.0,0.0,0.0,0.0,0.0,0.0,0.002430555555555555,0.5799072694044479,0.0,0.5799072694044479,Fishing,Fishing - Purse Seiner
700027829,VESSEL_BRA_005,BR,fishing,0.99,purse_seiner,0.999999969930012,0.0,0.0,0.006666666666666667,0.99,0.0033333333333333335,0.0,0.0,0.0,0.0,0.002430555555555555,0.5805914663021474,0.0,0.5805914663021474,Fishing,Fishing - Purse Seiner
700027829,VESSEL_BRA_005,BR,fishing,0.9888888888888889,purse_seiner,0.999999970407387,0.0,0.0,0.0,0.9888888888888889,0.011111111111111112,0.0,0.0,0.0,0.0,0.002430555555555555,0.5819477167960097,0.0,0.5819477167960097,Fishing,Fishing - Purse Seiner
700027829,VESSEL_BRA_005,BR,fishing,0.9983333333333333,purse_seiner,0.9999999703735589,0.0,0.0,0.0,0.9983333333333333,0.0016666666666666668,0.0,0.0,0.0,0.0,0.002430555555555555,0.5834878034647066,0.0,0.5834878034647066,Fishing,Fishing - Purse Seiner
700027829,VESSEL_BRA_005,BR,fishing,1.0,purse_seiner,0.9999999709086118,0.0,0.0,0.0,1.0,0.0,0.0,0.0,0.0,0.0,0.002430555555555555,0.5843977687290772,0.0,0.5843977687290772,Fishing,Fishing - Purse Seiner
700027829,VESSEL_BRA_005,BR,fishing,1.0,purse_seiner,0.9999999709085232,0.0,0.0,0.0,1.0,0.0,0.0,0.0,0.0,0.0,0.002430555555555555,0.5850312214488421,0.0,0.5850312214488421,Fishing,Fishing - Purse Seiner
700027829,VESSEL_BRA_005,BR,fishing,1.0,purse_seiner,0.9999999709085257,0.0,0.0,0.0,1.0,0.0,0.0,0.0,0.0,0.0,0.002430555555555555,0.5864587560195476,0.0,0.5864587560195476,Fishing,Fishing - Purse Seiner
700027829,VESSEL_BRA_005,BR,fishing,1.0,purse_seiner,0.9999999709085257,0.0,0.0,0.0,1.0,0.0,0.0,0.0,0.0,0.0,0.002430555555555555,0.5883360537003599,0.0,0.5883360537003599,Fishing,Fishing - Purse Seiner
700027829,VESSEL_BRA_005,BR,fishing,0.9988888888888887,purse_seiner,0.9999999709085257,0.0,0.0,0.0,0.9988888888888887,0.0,0.0,0.0,0.0011111111111111111,0.0,0.002430555555555555,0.5907494692366979,0.0,0.5907494692366979,Fishing,Fishing - Purse Seiner
700027829,VESSEL_BRA_005,BR,fishing,1.0,purse_seiner,0.9999999709085257,0.0,0.0,0.0,1.0,0.0,0.0,0.0,0.0,0.0,0.002430555555555555,0.5916083846422192,0.0,0.5916083846422192,Fishing,Fishing - Purse Seiner
700027829,VESSEL_BRA_005,BR,fishing,0.9986666666666667,purse_seiner,0.9999999709085257,0.0,0.0,0.0,0.9986666666666667,0.0013333333333333335,0.0,0.0,0.0,0.0,0.002430555555555555,0.5898319748873121,0.0,0.5898319748873121,Fishing,Fishing - Purse Seiner
700027829,VESSEL_BRA_005,BR,fishing,1.0,purse_seiner,0.9999999709085257,0.0,0.0,0.0,1.0,0.0,0.0,0.0,0.0,0.0,0.002430555555555555,0.5899831593070584,0.0,0.5899831593070584,Fishing,Fishing - Purse Seiner
700027829,VESSEL_BRA_005,BR,fishing,0.99,purse_seiner,0.9999999711553335,0.0,0.0044444444444444444,0.0,0.99,0.0006666666666666668,0.0,0.0,0.0022222222222222222,0.002666666666666667,0.002430555555555555,0.5934732845729659,0.0,0.5934732845729659,Fishing,Fishing - Purse Seiner
700027829,VESSEL_BRA_005,BR,transit,0.8688412698412701,purse_seiner,0.9999999691384452,0.005,0.0,0.0,0.050888888888888886,0.016944444444444443,0.009444444444444445,0.0256031746031746,0.8688412698412701,0.02327777777777778,0.002430555555555555,0.0,0.0,0.002430555555555555,Transit,Fishing - Purse Seiner
700027829,VESSEL_BRA_005,BR,transit,1.0,purse_seiner,0.9999999521996482,0.0,0.0,0.0,0.0,0.0,0.0,0.0,1.0,0.0,0.002430555555555555,0.0,0.0,0.002430555555555555,Transit,Fishing - Purse Seiner
700027829,VESSEL_BRA_005,BR,transit,1.0,purse_seiner,0.9999999755012204,0.0,0.0,0.0,0.0,0.0,0.0,0.0,1.0,0.0,0.002430555555555555,0.0,0.0,0.002430555555555555,Transit,Fishing - Purse Seiner
700027829,VESSEL_BRA_005,BR,transit,1.0,purse_seiner,0.9999999755012204,0.0,0.0,0.0,0.0,0.0,0.0,0.0,1.0,0.0,0.002430555555555555,0.0,0.0,0.002430555555555555,Transit,Fishing - Purse Seiner
700027829,VESSEL_BRA_005,BR,transit,1.0,purse_seiner,0.9999999755012204,0.0,0.0,0.0,0.0,0.0,0.0,0.0,1.0,0.0,0.002430555555555555,0.0,0.0,0.002430555555555555,Transit,Fishing - Purse Seiner
700027829,VESSEL_BRA_005,BR,transit,1.0,purse_seiner,0.9999999755012204,0.0,0.0,0.0,0.0,0.0,0.0,0.0,1.0,0.0,0.002430555555555555,0.0,0.0,0.002430555555555555,Transit,Fishing - Purse Seiner
700027829,VESSEL_BRA_005,BR,transit,1.0,purse_seiner,0.9999999755012204,0.0,0.0,0.0,0.0,0.0,0.0,0.0,1.0,0.0,0.002430555555555555,0.0,0.0,0.002430555555555555,Transit,Fishing - Purse Seiner
700027829,VESSEL_BRA_005,BR,transit,1.0,purse_seiner,0.9999999755012204,0.0,0.0,0.0,0.0,0.0,0.0,0.0,1.0,0.0,0.002430555555555555,0.0,0.0,0.002430555555555555,Transit,Fishing - Purse Seiner
700027829,VESSEL_BRA_005,BR,transit,1.0,purse_seiner,0.9999999755012204,0.0,0.0,0.0,0.0,0.0,0.0,0.0,1.0,0.0,0.002430555555555555,0.0,0.0,0.002430555555555555,Transit,Fishing - Purse Seiner
700027829,VESSEL_BRA_005,BR,transit,1.0,purse_seiner,0.9999999755012204,0.0,0.0,0.0,0.0,0.0,0.0,0.0,1.0,0.0,0.002430555555555555,0.0,0.0,0.002430555555555555,Transit,Fishing - Purse Seiner
700027829,VESSEL_BRA_005,BR,transit,0.9966666666666667,purse_seiner,0.9999999755012204,0.0,0.0,0.0,0.0,0.0,0.0033333333333333335,0.0,0.9966666666666667,0.0,0.002430555555555555,0.0,0.0,0.002430555555555555,Transit,Fishing - Purse Seiner
700027829,VESSEL_BRA_005,BR,transit,0.995,purse_seiner,0.9999999755012451,0.0016666666666666668,0.0,0.0,0.0,0.0,0.0033333333333333335,0.0,0.995,0.0,0.002430555555555555,0.0,0.0,0.002430555555555555,Transit,Fishing - Purse Seiner
700027829,VESSEL_BRA_005,BR,transit,1.0,purse_seiner,0.999999975527904,0.0,0.0,0.0,0.0,0.0,0.0,0.0,1.0,0.0,0.002430555555555555,0.0,0.0,0.002430555555555555,Transit,Fishing - Purse Seiner
700027829,VESSEL_BRA_005,BR,transit,1.0,purse_seiner,0.9999999755279653,0.0,0.0,0.0,0.0,0.0,0.0,0.0,1.0,0.0,0.002430555555555555,0.0,0.0,0.002430555555555555,Transit,Fishing - Purse Seiner
700027829,VESSEL_BRA_005,BR,transit,1.0,purse_seiner,0.9999999755012204,0.0,0.0,0.0,0.0,0.0,0.0,0.0,1.0,0.0,0.002430555555555555,0.0,0.0,0.002430555555555555,Transit,Fishing - Purse Seiner
700027829,VESSEL_BRA_005,BR,transit,1.0,purse_seiner,0.9999999755012204,0.0,0.0,0.0,0.0,0.0,0.0,0.0,1.0,0.0,0.002430555555555555,0.0,0.0,0.002430555555555555,Transit,Fishing - Purse Seiner
700027829,VESSEL_BRA_005,BR,transit,1.0,purse_seiner,0.9999999755012204,0.0,0.0,0.0,0.0,0.0,0.0,0.0,1.0,0.0,0.002430555555555555,0.0,0.0,0.002430555555555555,Transit,Fishing - Purse Seiner
700027829,VESSEL_BRA_005,BR,transit,1.0,purse_seiner,0.9999999755012204,0.0,0.0,0.0,0.0,0.0,0.0,0.0,1.0,0.0,0.002430555555555555,0.0,0.0,0.002430555555555555,Transit,Fishing - Purse Seiner
700027829,VESSEL_BRA_005,BR,transit,1.0,purse_seiner,0.9999999755012204,0.0,0.0,0.0,0.0,0.0,0.0,0.0,1.0,0.0,0.002430555555555555,0.0,0.0,0.002430555555555555,Transit,Fishing - Purse Seiner
700027829,VESSEL_BRA_005,BR,transit,1.0,purse_seiner,0.9999999755012204,0.0,0.0,0.0,0.0,0.0,0.0,0.0,1.0,0.0,0.002430555555555555,0.0,0.0,0.002430555555555555,Transit,Fishing - Purse Seiner
700027829,VESSEL_BRA_005,BR,transit,1.0,purse_seiner,0.9999999755012204,0.0,0.0,0.0,0.0,0.0,0.0,0.0,1.0,0.0,0.002430555555555555,0.0,0.0,0.002430555555555555,Transit,Fishing - Purse Seiner
700027829,VESSEL_BRA_005,BR,transit,1.0,purse_seiner,0.9999999755012204,0.0,0.0,0.0,0.0,0.0,0.0,0.0,1.0,0.0,0.002430555555555555,0.0,0.0,0.002430555555555555,Transit,Fishing - Purse Seiner
700027829,VESSEL_BRA_005,BR,transit,1.0,purse_seiner,0.9999999755012204,0.0,0.0,0.0,0.0,0.0,0.0,0.0,1.0,0.0,0.002430555555555555,0.0,0.0,0.002430555555555555,Transit,Fishing - Purse Seiner
700027829,VESSEL_BRA_005,BR,transit,1.0,purse_seiner,0.9999999755136063,0.0,0.0,0.0,0.0,0.0,0.0,0.0,1.0,0.0,0.002430555555555555,0.0,0.0,0.002430555555555555,Transit,Fishing - Purse Seiner
700027829,VESSEL_BRA_005,BR,transit,1.0,purse_seiner,0.9999999755012204,0.0,0.0,0.0,0.0,0.0,0.0,0.0,1.0,0.0,0.002430555555555555,0.0,0.0,0.002430555555555555,Transit,Fishing - Purse Seiner
700027829,VESSEL_BRA_005,BR,transit,1.0,purse_seiner,0.9999999755012204,0.0,0.0,0.0,0.0,0.0,0.0,0.0,1.0,0.0,0.002430555555555555,0.0,0.0,0.002430555555555555,Transit,Fishing - Purse Seiner
700027829,VESSEL_BRA_005,BR,transit,1.0,purse_seiner,0.9999999755011594,0.0,0.0,0.0,0.0,0.0,0.0,0.0,1.0,0.0,0.002430555555555555,0.0,0.0,0.002430555555555555,Transit,Fishing - Purse Seiner
700027829,VESSEL_BRA_005,BR,transit,1.0,purse_seiner,0.9999999755201295,0.0,0.0,0.0,0.0,0.0,0.0,0.0,1.0,0.0,0.002430555555555555,0.0,0.0,0.002430555555555555,Transit,Fishing - Purse Seiner
700027829,VESSEL_BRA_005,BR,transit,1.0,purse_seiner,0.9999999755012204,0.0,0.0,0.0,0.0,0.0,0.0,0.0,1.0,0.0,0.002430555555555555,0.0,0.0,0.002430555555555555,Transit,Fishing - Purse Seiner
700027829,VESSEL_BRA_005,BR,transit,1.0,purse_seiner,0.9999999755012204,0.0,0.0,0.0,0.0,0.0,0.0,0.0,1.0,0.0,0.002430555555555555,0.0,0.0,0.002430555555555555,Transit,Fishing - Purse Seiner
700027830,VESSEL_BRA_006,VU,transit,1.0,trawler,0.9999999820801558,0.0,0.0,0.0,0.0,0.0,0.0,0.0,1.0,0.0,0.002430555555555555,0.3,0.0,0.3,Transit,Fishing - Trawler
700027830,VESSEL_BRA_006,VU,transit,1.0,trawler,0.9999999820801558,0.0,0.0,0.0,0.0,0.0,0.0,0.0,1.0,0.0,0.002430555555555555,0.3,0.0,0.3,Transit,Fishing - Trawler
700027830,VESSEL_BRA_006,VU,transit,0.9963333333333333,trawler,0.9999999820801991,0.003666666666666667,0.0,0.0,0.0,0.0,0.0,0.0,0.9963333333333333,0.0,0.002430555555555555,0.3,0.0,0.3,Transit,Fishing - Trawler
700027830,VESSEL_BRA_006,VU,transit,1.0,trawler,0.9999999820805995,0.0,0.0,0.0,0.0,0.0,0.0,0.0,1.0,0.0,0.002430555555555555,0.3,0.0,0.3,Transit,Fishing - Trawler
700027830,VESSEL_BRA_006,VU,transit,0.9852340767530641,trawler,0.9999999820801558,0.0020464135021097045,0.002668776371308017,0.0,0.0,0.0,0.0,0.010050733373518184,0.9852340767530641,0.0,0.002430555555555555,0.3,0.0,0.3,Transit,Fishing - Trawler
700027830,VESSEL_BRA_006,VU,transit,0.9915436005625881,trawler,0.9999999820805995,0.00037974683544303797,0.00016877637130801687,0.0,0.0,0.0,0.0,0.007907876230661042,0.9915436005625881,0.0,0.002430555555555555,0.3,0.0,0.3,Transit,Fishing - Trawler
700027830,VESSEL_BRA_006,VU,fishing,0.9405793650793648,trawler,0.9999999814695614,0.0,0.0,0.0,0.9405793650793648,0.0,0.024055555555555556,0.0,0.03425396825396826,0.0011111111111111111,0.002430555555555555,0.6784090037930628,0.0,0.6784090037930628,Fishing,Fishing - Trawler
700027830,VESSEL_BRA_006,VU,fishing,0.9938888888888889,trawler,0.9999999821094773,0.0,0.0,0.0,0.9938888888888889,0.0,0.0,0.0,0.0061111111111111106,0.0,0.002430555555555555,0.684085098335097,0.0,0.684085098335097,Fishing,Fishing - Trawler
700027830,VESSEL_BRA_006,VU,fishing,1.0,trawler,0.999999982100768,0.0,0.0,0.0,1.0,0.0,0.0,0.0,0.0,0.0,0.002430555555555555,0.6881467979701874,0.0,0.6881467979701874,Fishing,Fishing - Trawler
700027830,VESSEL_BRA_006,VU,fishing,0.9977777777777778,trawler,0.9999999821017213,0.0,0.0,0.0,0.9977777777777778,0.0,0.0,0.0,0.0022222222222222222,0.0,0.002430555555555555,0.6911966229565625,0.0,0.6911966229565625,Fishing,Fishing - Trawler
700027830,VESSEL_BRA_006,VU,fishing,1.0,trawler,0.9999999821017213,0.0,0.0,0.0,1.0,0.0,0.0,0.0,0.0,0.0,0.002430555555555555,0.693563949605499,0.0,0.693563949605499,Fishing,Fishing - Trawler
700027830,VESSEL_BRA_006,VU,fishing,1.0,trawler,0.9999999821017213,0.0,0.0,0.0,1.0,0.0,0.0,0.0,0.0,0.0,0.002430555555555555,0.6962964851898785,0.0,0.6962964851898785,Fishing,Fishing - Trawler
700027830,VESSEL_BRA_006,VU,fishing,1.0,trawler,0.9999999816964934,0.0,0.0,0.0,1.0,0.0,0.0,0.0,0.0,0.0,0.002430555555555555,0.6990914796304295,0.0,0.6990914796304295,Fishing,Fishing - Trawler
700027830,VESSEL_BRA_006,VU,fishing,1.0,trawler,0.9999999816964934,0.0,0.0,0.0,1.0,0.0,0.0,0.0,0.0,0.0,0.002430555555555555,0.7016202306824284,0.0,0.7016202306824284,Fishing,Fishing - Trawler
700027830,VESSEL_BRA_006,VU,fishing,1.0,trawler,0.9999999821017213,0.0,0.0,0.0,1.0,0.0,0.0,0.0,0.0,0.0,0.002430555555555555,0.7043272379801442,0.0,0.7043272379801442,Fishing,Fishing - Trawler
700027830,VESSEL_BRA_006,VU,fishing,0.9933333333333333,trawler,0.9999999816964934,0.0,0.0,0.0033333333333333335,0.9933333333333333,0.0033333333333333335,0.0,0.0,0.0,0.0,0.002430555555555555,0.7055458942823046,0.0,0.7055458942823046,Fishing,Fishing - Trawler
700027830,VESSEL_BRA_006,VU,fishing,1.0,trawler,0.9999999821017213,0.0,0.0,0.0,1.0,0.0,0.0,0.0,0.0,0.0,0.002430555555555555,0.7040645292925907,0.0,0.7040645292925907,Fishing,Fishing - Trawler
700027830,VESSEL_BRA_006,VU,fishing,1.0,trawler,0.9999999821017213,0.0,0.0,0.0,1.0,0.0,0.0,0.0,0.0,0.0,0.002430555555555555,0.7012039518738258,0.0,0.7012039518738258,Fishing,Fishing - Trawler
700027830,VESSEL_BRA_006,VU,fishing,1.0,trawler,0.9999999821012701,0.0,0.0,0.0,1.0,0.0,0.0,0.0,0.0,0.0,0.002430555555555555,0.6980026420466543,0.0,0.6980026420466543,Fishing,Fishing - Trawler
700027830,VESSEL_BRA_006,VU,fishing,0.9972222222222222,trawler,0.999999982100768,0.0,0.0,0.0,0.9972222222222222,0.0016666666666666668,0.0,0.0,0.0011111111111111111,0.0,0.002430555555555555,0.6951062804772221,0.0,0.6951062804772221,Fishing,Fishing - Trawler
700027830,VESSEL_BRA_006,VU,fishing,1.0,trawler,0.999999982100768,0.0,0.0,0.0,1.0,0.0,0.0,0.0,0.0,0.0,0.002430555555555555,0.692622076123706,0.0,0.692622076123706,Fishing,Fishing - Trawler
700027830,VESSEL_BRA_006,VU,fishing,1.0,trawler,0.9999999821017213,0.0,0.0,0.0,1.0,0.0,0.0,0.0,0.0,0.0,0.002430555555555555,0.6903822992984482,0.0,0.6903822992984482,Fishing,Fishing - Trawler
700027830,VESSEL_BRA_006,VU,fishing,1.0,trawler,0.9999999821017213,0.0,0.0,0.0,1.0,0.0,0.0,0.0,0.0,0.0,0.002430555555555555,0.6882391515931062,0.0,0.6882391515931062,Fishing,Fishing - Trawler
700027830,VESSEL_BRA_006,VU,fishing,1.0,trawler,0.9999999821017213,0.0,0.0,0.0,1.0,0.0,0.0,0.0,0.0,0.0,0.002430555555555555,0.6860865479533562,0.0,0.6860865479533562,Fishing,Fishing - Trawler
700027830,VESSEL_BRA_006,VU,fishing,0.9455555555555556,trawler,0.9999999821094773,0.0,0.0044444444444444444,0.0,0.9455555555555556,0.0008333333333333334,0.0033333333333333335,0.0,0.045,0.0008333333333333334,0.002430555555555555,0.6829374011103979,0.0,0.6829374011103979,Fishing,Fishing - Trawler
700027830,VESSEL_BRA_006,VU,transit,0.9905555555555554,trawler,0.9999999819839492,0.0,0.0,0.0,0.009444444444444443,0.0,0.0,0.0,0.9905555555555554,0.0,0.002430555555555555,0.3,0.0,0.3,Transit,Fishing - Trawler
700027830,VESSEL_BRA_006,VU,transit,1.0,trawler,0.9999999820801558,0.0,0.0,0.0,0.0,0.0,0.0,0.0,1.0,0.0,0.002430555555555555,0.3,0.0,0.3,Transit,Fishing - Trawler
700027830,VESSEL_BRA_006,VU,transit,1.0,trawler,0.9999999820801558,0.0,0.0,0.0,0.0,0.0,0.0,0.0,1.0,0.0,0.002430555555555555,0.3,0.0,0.3,Transit,Fishing - Trawler
700027830,VESSEL_BRA_006,VU,transit,1.0,trawler,0.9999999820801558,0.0,0.0,0.0,0.0,0.0,0.0,0.0,1.0,0.0,0.002430555555555555,0.3,0.0,0.3,Transit,Fishing - Trawler
700027830,VESSEL_BRA_006,VU,fishing,0.8593015873015872,trawler,0.9999999814695614,0.0016666666666666668,0.0,0.0,0.8593015873015872,0.009722222222222222,0.005555555555555555,0.0,0.11430952380952383,0.009444444444444443,0.002430555555555555,0.6499999999999999,0.0,0.6499999999999999,Fishing,Fishing - Trawler
700027830,VESSEL_BRA_006,VU,fishing,0.9938888888888889,trawler,0.9999999821094773,0.0,0.0,0.0,0.9938888888888889,0.0,0.0016666666666666668,0.0,0.0044444444444444444,0.0,0.002430555555555555,0.6499999999999999,0.0,0.6499999999999999,Fishing,Fishing - Trawler
700027830,VESSEL_BRA_006,VU,fishing,0.9966666666666667,trawler,0.9999999821017213,0.0,0.0,0.0,0.9966666666666667,0.0016666666666666668,0.0,0.0,0.0016666666666666668,0.0,0.002430555555555555,0.6499999999999999,0.0,0.6499999999999999,Fishing,Fishing - Trawler
700027830,VESSEL_BRA_006,VU,fishing,1.0,trawler,0.9999999821017213,0.0,0.0,0.0,1.0,0.0,0.0,0.0,0.0,0.0,0.002430555555555555,0.6499999999999999,0.0,0.6499999999999999,Fishing,Fishing - Trawler
700027830,VESSEL_BRA_006,VU,fishing,1.0,trawler,0.9999999821017213,0.0,0.0,0.0,1.0,0.0,0.0,0.0,0.0,0.0,0.002430555555555555,0.6499999999999999,0.0,0.6499999999999999,Fishing,Fishing - Trawler
700027830,VESSEL_BRA_006,VU,fishing,1.0,trawler,0.9999999821017213,0.0,0.0,0.0,1.0,0.0,0.0,0.0,0.0,0.0,0.002430555555555555,0.6499999999999999,0.0,0.6499999999999999,Fishing,Fishing - Trawler
700027830,VESSEL_BRA_006,VU,fishing,1.0,trawler,0.999999982100768,0.0,0.0,0.0,1.0,0.0,0.0,0.0,0.0,0.0,0.002430555555555555,0.6499999999999999,0.0,0.6499999999999999,Fishing,Fishing - Trawler
700027830,VESSEL_BRA_006,VU,fishing,1.0,trawler,0.9999999821017213,0.0,0.0,0.0,1.0,0.0,0.0,0.0,0.0,0.0,0.002430555555555555,0.6499999999999999,0.0,0.6499999999999999,Fishing,Fishing - Trawler
700027830,VESSEL_BRA_006,VU,fishing,0.9988888888888889,trawler,0.9999999815398882,0.0,0.0,0.0,0.9988888888888889,0.0,0.0,0.0,0.0,0.0011111111111111111,0.002430555555555555,0.6499999999999999,0.0,0.6499999999999999,Fishing,Fishing - Trawler
700027830,VESSEL_BRA_006,VU,fishing,0.959777777777778,trawler,0.9999999821190223,0.0,0.0044444444444444444,0.0,0.959777777777778,0.0038888888888888883,0.0,0.0,0.03188888888888889,0.0,0.002430555555555555,0.6499999999999999,0.0,0.6499999999999999,Fishing,Fishing - Trawler
700027830,VESSEL_BRA_006,VU,transit,0.9529444444444444,trawler,0.9999999819635549,0.0016666666666666668,0.013888888888888886,0.0,0.005,0.0,0.0,0.025166666666666667,0.9529444444444444,0.0013333333333333335,0.002430555555555555,0.3,0.0,0.3,Transit,Fishing - Trawler
700027830,VESSEL_BRA_006,VU,transit,0.9979999999999999,trawler,0.9999999819635549,0.002,0.0,0.0,0.0,0.0,0.0,0.0,0.9979999999999999,0.0,0.002430555555555555,0.3,0.0,0.3,Transit,Fishing - Trawler
700027830,VESSEL_BRA_006,VU,transit,0.9983333333333333,trawler,0.9999999819635549,0.0,0.0,0.0,0.0016666666666666668,0.0,0.0,0.0,0.9983333333333333,0.0,0.002430555555555555,0.3,0.0,0.3,Transit,Fishing - Trawler
700027830,VESSEL_BRA_006,VU,transit,0.9944444444444444,trawler,0.9999999820801558,0.0,0.0,0.0,0.0022222222222222222,0.0,0.0033333333333333335,0.0,0.9944444444444444,0.0,0.002430555555555555,0.3,0.0,0.3,Transit,Fishing - Trawler
700027830,VESSEL_BRA_006,VU,transit,0.9983333333333333,trawler,0.9999999820801558,0.0,0.0,0.0,0.0016666666666666668,0.0,0.0,0.0,0.9983333333333333,0.0,0.002430555555555555,0.3,0.0,0.3,Transit,Fishing - Trawler
700027830,VESSEL_BRA_006,VU,transit,1.0,trawler,0.9999999820801558,0.0,0.0,0.0,0.0,0.0,0.0,0.0,1.0,0.0,0.002430555555555555,0.3,0.0,0.3,Transit,Fishing - Trawler
700027830,VESSEL_BRA_006,VU,transit,1.0,trawler,0.9999999820801558,0.0,0.0,0.0,0.0,0.0,0.0,0.0,1.0,0.0,0.002430555555555555,0.3,0.0,0.3,Transit,Fishing - Trawler
700027830,VESSEL_BRA_006,VU,transit,1.0,trawler,0.9999999820801558,0.0,0.0,0.0,0.0,0.0,0.0,0.0,1.0,0.0,0.002430555555555555,0.3,0.0,0.3,Transit,Fishing - Trawler
700027830,VESSEL_BRA_006,VU,transit,1.0,trawler,0.9999999820801558,0.0,0.0,0.0,0.0,0.0,0.0,0.0,1.0,0.0,0.002430555555555555,0.3,0.0,0.3,Transit,Fishing - Trawler
700027830,VESSEL_BRA_006,VU,transit,1.0,trawler,0.9999999820801558,0.0,0.0,0.0,0.0,0.0,0.0,0.0,1.0,0.0,0.002430555555555555,0.3,0.0,0.3,Transit,Fishing - Trawler
700027830,VESSEL_BRA_006,VU,transit,1.0,trawler,0.9999999820801558,0.0,0.0,0.0,0.0,0.0,0.0,0.0,1.0,0.0,0.002430555555555555,0.3,0.0,0.3,Transit,Fishing - Trawler
700027830,VESSEL_BRA_006,VU,transit,1.0,trawler,0.9999999820801558,0.0,0.0,0.0,0.0,0.0,0.0,0.0,1.0,0.0,0.002430555555555555,0.3,0.0,0.3,Transit,Fishing - Trawler
700027830,VESSEL_BRA_006,VU,transit,1.0,trawler,0.9999999820801558,0.0,0.0,0.0,0.0,0.0,0.0,0.0,1.0,0.0,0.002430555555555555,0.3,0.0,0.3,Transit,Fishing - Trawler
700027830,VESSEL_BRA_006,VU,transit,1.0,trawler,0.9999999820801558,0.0,0.0,0.0,0.0,0.0,0.0,0.0,1.0,0.0,0.002430555555555555,0.3,0.0,0.3,Transit,Fishing - Trawler
700027830,VESSEL_BRA_006,VU,transit,0.9983333333333333,trawler,0.9999999820801558,0.0016666666666666668,0.0,0.0,0.0,0.0,0.0,0.0,0.9983333333333333,0.0,0.002430555555555555,0.3,0.0,0.3,Transit,Fishing - Trawler
700027830,VESSEL_BRA_006,VU,transit,0.9913888888888888,trawler,0.9999999820801558,0.006944444444444443,0.0016666666666666668,0.0,0.0,0.0,0.0,0.0,0.9913888888888888,0.0,0.002430555555555555,0.3,0.0,0.3,Transit,Fishing - Trawler
700027830,VESSEL_BRA_006,VU,transit,1.0,trawler,0.9999999820801558,0.0,0.0,0.0,0.0,0.0,0.0,0.0,1.0,0.0,0.002430555555555555,0.3,0.0,0.3,Transit,Fishing - Trawler
700027830,VESSEL_BRA_006,VU,transit,1.0,trawler,0.9999999820801558,0.0,0.0,0.0,0.0,0.0,0.0,0.0,1.0,0.0,0.002430555555555555,0.3,0.0,0.3,Transit,Fishing - Trawler
700027830,VESSEL_BRA_006,VU,transit,1.0,trawler,0.9999999820801558,0.0,0.0,0.0,0.0,0.0,0.0,0.0,1.0,0.0,0.002430555555555555,0.3,0.0,0.3,Transit,Fishing - Trawler
700027830,VESSEL_BRA_006,VU,transit,1.0,trawler,0.9999999820805995,0.0,0.0,0.0,0.0,0.0,0.0,0.0,1.0,0.0,0.002430555555555555,0.3,0.0,0.3,Transit,Fishing - Trawler
700027830,VESSEL_BRA_006,VU,transit,1.0,trawler,0.9999999820801558,0.0,0.0,0.0,0.0,0.0,0.0,0.0,1.0,0.0,0.002430555555555555,0.3,0.0,0.3,Transit,Fishing - Trawler
700027830,VESSEL_BRA_006,VU,transit,1.0,trawler,0.9999999819626065,0.0,0.0,0.0,0.0,0.0,0.0,0.0,1.0,0.0,0.002430555555555555,0.3,0.0,0.3,Transit,Fishing - Trawler
700027830,VESSEL_BRA_006,VU,transit,1.0,trawler,0.9999999819626065,0.0,0.0,0.0,0.0,0.0,0.0,0.0,1.0,0.0,0.002430555555555555,0.3,0.0,0.3,Transit,Fishing - Trawler
700027830,VESSEL_BRA_006,VU,transit,1.0,trawler,0.9999999820801558,0.0,0.0,0.0,0.0,0.0,0.0,0.0,1.0,0.0,0.002430555555555555,0.3,0.0,0.3,Transit,Fishing - Trawler
700027830,VESSEL_BRA_006,VU,transit,1.0,trawler,0.9999999820801558,0.0,0.0,0.0,0.0,0.0,0.0,0.0,1.0,0.0,0.002430555555555555,0.3,0.0,0.3,Transit,Fishing - Trawler
700027830,VESSEL_BRA_006,VU,transit,1.0,trawler,0.9999999820801558,0.0,0.0,0.0,0.0,0.0,0.0,0.0,1.0,0.0,0.002430555555555555,0.3,0.0,0.3,Transit,Fishing - Trawler
700027830,VESSEL_BRA_006,VU,transit,1.0,trawler,0.9999999820801558,0.0,0.0,0.0,0.0,0.0,0.0,0.0,1.0,0.0,0.002430555555555555,0.3,0.0,0.3,Transit,Fishing - Trawler
700027830,VESSEL_BRA_006,VU,transit,1.0,trawler,0.9999999820801558,0.0,0.0,0.0,0.0,0.0,0.0,0.0,1.0,0.0,0.002430555555555555,0.3,0.0,0.3,Transit,Fishing - Trawler
700027830,VESSEL_BRA_006,VU,transit,1.0,trawler,0.9999999820801558,0.0,0.0,0.0,0.0,0.0,0.0,0.0,1.0,0.0,0.002430555555555555,0.3,0.0,0.3,Transit,Fishing - Trawler
700027830,VESSEL_BRA_006,VU,transit,1.0,trawler,0.9999999820801558,0.0,0.0,0.0,0.0,0.0,0.0,0.0,1.0,0.0,0.002430555555555555,0.3,0.0,0.3,Transit,Fishing - Trawler
700027830,VESSEL_BRA_006,VU,transit,1.0,trawler,0.9999999820801991,0.0,0.0,0.0,0.0,0.0,0.0,0.0,1.0,0.0,0.002430555555555555,0.3,0.0,0.3,Transit,Fishing - Trawler
700027830,VESSEL_BRA_006,VU,transit,1.0,trawler,0.9999999819635549,0.0,0.0,0.0,0.0,0.0,0.0,0.0,1.0,0.0,0.002430555555555555,0.3,0.0,0.3,Transit,Fishing - Trawler
700027830,VESSEL_BRA_006,VU,transit,1.0,trawler,0.9999999820805995,0.0,0.0,0.0,0.0,0.0,0.0,0.0,1.0,0.0,0.002430555555555555,0.3,0.0,0.3,Transit,Fishing - Trawler
700027830,VESSEL_BRA_006,VU,transit,1.0,trawler,0.9999999820805995,0.0,0.0,0.0,0.0,0.0,0.0,0.0,1.0,0.0,0.002430555555555555,0.3,0.0,0.3,Transit,Fishing - Trawler
700027830,VESSEL_BRA_006,VU,transit,1.0,trawler,0.9999999820801558,0.0,0.0,0.0,0.0,0.0,0.0,0.0,1.0,0.0,0.002430555555555555,0.3,0.0,0.3,Transit,Fishing - Trawler
700027830,VESSEL_BRA_006,VU,transit,1.0,trawler,0.9999999820801558,0.0,0.0,0.0,0.0,0.0,0.0,0.0,1.0,0.0,0.002430555555555555,0.3,0.0,0.3,Transit,Fishing - Trawler
700027830,VESSEL_BRA_006,VU,transit,1.0,trawler,0.9999999820801558,0.0,0.0,0.0,0.0,0.0,0.0,0.0,1.0,0.0,0.002430555555555555,0.3,0.0,0.3,Transit,Fishing - Trawler
700027830,VESSEL_BRA_006,VU,transit,1.0,trawler,0.9999999820805995,0.0,0.0,0.0,0.0,0.0,0.0,0.0,1.0,0.0,0.002430555555555555,0.3,0.0,0.3,Transit,Fishing - Trawler
700027830,VESSEL_BRA_006,VU,transit,1.0,trawler,0.9999999820801558,0.0,0.0,0.0,0.0,0.0,0.0,0.0,1.0,0.0,0.002430555555555555,0.3,0.0,0.3,Transit,Fishing - Trawler
700027830,VESSEL_BRA_006,VU,transit,1.0,trawler,0.9999999820801558,0.0,0.0,0.0,0.0,0.0,0.0,0.0,1.0,0.0,0.002430555555555555,0.3,0.0,0.3,Transit,Fishing - Trawler
700027830,VESSEL_BRA_006,VU,transit,1.0,trawler,0.9999999820801558,0.0,0.0,0.0,0.0,0.0,0.0,0.0,1.0,0.0,0.002430555555555555,0.3,0.0,0.3,Transit,Fishing - Trawler
700027830,VESSEL_BRA_006,VU,transit,0.9966666666666667,trawler,0.9999999820801558,0.0,0.0,0.0,0.0,0.0,0.0033333333333333335,0.0,0.9966666666666667,0.0,0.002430555555555555,0.3,0.0,0.3,Transit,Fishing - Trawler
700027830,VESSEL_BRA_006,VU,transit,1.0,trawler,0.9999999820801558,0.0,0.0,0.0,0.0,0.0,0.0,0.0,1.0,0.0,0.002430555555555555,0.3,0.0,0.3,Transit,Fishing - Trawler
700027830,VESSEL_BRA_006,VU,transit,1.0,trawler,0.9999999820801558,0.0,0.0,0.0,0.0,0.0,0.0,0.0,1.0,0.0,0.002430555555555555,0.3,0.0,0.3,Transit,Fishing - Trawler
700027830,VESSEL_BRA_006,VU,transit,1.0,trawler,0.9999999820801558,0.0,0.0,0.0,0.0,0.0,0.0,0.0,1.0,0.0,0.002430555555555555,0.3,0.0,0.3,Transit,Fishing - Trawler
700027830,VESSEL_BRA_006,VU,transit,1.0,trawler,0.9999999820801558,0.0,0.0,0.0,0.0,0.0,0.0,0.0,1.0,0.0,0.002430555555555555,0.3,0.0,0.3,Transit,Fishing - Trawler
700027831,VESSEL_BRA_007,BR,transit,1.0,trawler,0.999930302216553,0.0,0.0,0.0,0.0,0.0,0.0,0.0,1.0,0.0,0.002430555555555555,0.0,0.0,0.002430555555555555,Transit,Fishing - Trawler
700027831,VESSEL_BRA_007,BR,transit,1.0,trawler,0.999930302216553,0.0,0.0,0.0,0.0,0.0,0.0,0.0,1.0,0.0,0.002430555555555555,0.0,0.0,0.002430555555555555,Transit,Fishing - Trawler
700027831,VESSEL_BRA_007,BR,transit,1.0,trawler,0.999930302216553,0.0,0.0,0.0,0.0,0.0,0.0,0.0,1.0,0.0,0.002430555555555555,0.0,0.0,0.002430555555555555,Transit,Fishing - Trawler
700027831,VESSEL_BRA_007,BR,transit,1.0,trawler,0.999930302216553,0.0,0.0,0.0,0.0,0.0,0.0,0.0,1.0,0.0,0.002430555555555555,0.0,0.0,0.002430555555555555,Transit,Fishing - Trawler
700027831,VESSEL_BRA_007,BR,transit,1.0,trawler,0.9999303022164822,0.0,0.0,0.0,0.0,0.0,0.0,0.0,1.0,0.0,0.002430555555555555,0.0,0.0,0.002430555555555555,Transit,Fishing - Trawler
700027831,VESSEL_BRA_007,BR,transit,0.8718333333333333,trawler,0.999999981330996,0.0,0.0,0.0,0.06094444444444444,0.0044444444444444444,0.06000000000000001,0.0,0.8718333333333333,0.0027777777777777775,0.002430555555555555,0.0,0.0,0.002430555555555555,Transit,Fishing - Trawler
700027831,VESSEL_BRA_007,BR,fishing,0.8983333333333333,trawler,0.9999999814790076,0.0,0.0022222222222222222,0.0,0.8983333333333333,0.007222222222222222,0.0,0.0,0.09,0.0022222222222222222,0.002430555555555555,0.36810159264692816,0.0,0.36810159264692816,Fishing,Fishing - Trawler
700027831,VESSEL_BRA_007,BR,fishing,1.0,trawler,0.9999999821007329,0.0,0.0,0.0,1.0,0.0,0.0,0.0,0.0,0.0,0.002430555555555555,0.3632169974057896,0.0,0.3632169974057896,Fishing,Fishing - Trawler
700027831,VESSEL_BRA_007,BR,fishing,0.9933333333333333,trawler,0.9999999821007329,0.0,0.0,0.0,0.9933333333333333,0.0011111111111111111,0.0,0.0,0.0033333333333333335,0.0022222222222222222,0.002430555555555555,0.3594955360565652,0.0,0.3594955360565652,Fishing,Fishing - Trawler
700027831,VESSEL_BRA_007,BR,fishing,0.9986666666666667,trawler,0.9999999821012348,0.0,0.0,0.0,0.9986666666666667,0.0,0.0,0.0,0.0,0.0013333333333333335,0.002430555555555555,0.35620113943731213,0.0,0.35620113943731213,Fishing,Fishing - Trawler
700027831,VESSEL_BRA_007,BR,fishing,0.6811309523809523,trawler,0.9999999820919504,0.03232419127988748,0.07977988748241913,0.004222222222222222,0.6811309523809523,0.004785714285714285,0.0033333333333333335,0.020407876230661037,0.16923804500703235,0.0047777777777777775,0.002430555555555555,0.3538186173584421,0.0,0.3538186173584421,Fishing,Fishing - Trawler
700027831,VESSEL_BRA_007,BR,fishing,0.9643888888888889,trawler,0.9999999821007327,0.0,0.008,0.010888888888888887,0.9643888888888889,0.003,0.0,0.0011111111111111111,0.01,0.002611111111111111,0.002430555555555555,0.3511882937840853,0.0,0.3511882937840853,Fishing,Fishing - Trawler
700027831,VESSEL_BRA_007,BR,fishing,0.9986666666666667,trawler,0.999999982101686,0.0,0.0,0.0,0.9986666666666667,0.0,0.0,0.0,0.0,0.0013333333333333335,0.002430555555555555,0.35,0.0,0.35,Fishing,Fishing - Trawler
700027831,VESSEL_BRA_007,BR,fishing,0.9986666666666667,trawler,0.999999982101686,0.0,0.0,0.0,0.9986666666666667,0.0,0.0,0.0,0.0,0.0013333333333333335,0.002430555555555555,0.35,0.0,0.35,Fishing,Fishing - Trawler
700027831,VESSEL_BRA_007,BR,fishing,0.9986666666666667,trawler,0.999999982101686,0.0,0.0,0.0,0.9986666666666667,0.0,0.0,0.0,0.0,0.0013333333333333335,0.002430555555555555,0.35,0.0,0.35,Fishing,Fishing - Trawler
700027831,VESSEL_BRA_007,BR,fishing,0.9986666666666667,trawler,0.9999999821007329,0.0,0.0,0.0,0.9986666666666667,0.0,0.0,0.0,0.0,0.0013333333333333335,0.002430555555555555,0.35,0.0,0.35,Fishing,Fishing - Trawler
700027831,VESSEL_BRA_007,BR,fishing,0.9973333333333333,trawler,0.9999999821649558,0.0,0.0,0.0,0.9973333333333333,0.0013333333333333335,0.0,0.0,0.0,0.0013333333333333335,0.002430555555555555,0.35,0.0,0.35,Fishing,Fishing - Trawler
700027831,VESSEL_BRA_007,BR,fishing,0.9646111111111113,trawler,0.9999999815713786,0.0033333333333333335,0.0,0.011,0.9646111111111113,0.015722222222222224,0.0,0.0006666666666666668,0.0,0.004666666666666666,0.002430555555555555,0.35,0.0,0.35,Fishing,Fishing - Trawler
700027831,VESSEL_BRA_007,BR,fishing,0.9964444444444445,trawler,0.9999999817225796,0.0,0.0,0.0011111111111111111,0.9964444444444445,0.0,0.0,0.0,0.0,0.002444444444444445,0.002430555555555555,0.35,0.0,0.35,Fishing,Fishing - Trawler
700027831,VESSEL_BRA_007,BR,fishing,0.9986666666666667,trawler,0.9999999821157807,0.0,0.0,0.0,0.9986666666666667,0.0,0.0,0.0,0.0,0.0013333333333333335,0.002430555555555555,0.35,0.0,0.35,Fishing,Fishing - Trawler
700027831,VESSEL_BRA_007,BR,fishing,0.9970000000000001,trawler,0.9999999821007329,0.0,0.0,0.0,0.9970000000000001,0.0,0.0,0.0,0.0016666666666666668,0.0013333333333333335,0.002430555555555555,0.35,0.0,0.35,Fishing,Fishing - Trawler
700027831,VESSEL_BRA_007,BR,fishing,0.9800158730158731,trawler,0.9999999814694983,0.0,0.0014285714285714286,0.0,0.9800158730158731,0.0033333333333333335,0.0,0.0,0.013888888888888886,0.0013333333333333335,0.002430555555555555,0.35,0.0,0.35,Fishing,Fishing - Trawler
700027831,VESSEL_BRA_007,BR,transit,0.9408095238095238,trawler,0.9999999805517777,0.013888888888888886,0.0,0.0,0.03998412698412699,0.0,0.0,0.0,0.9408095238095238,0.005317460317460318,0.002430555555555555,0.0,0.0,0.002430555555555555,Transit,Fishing - Trawler
700027831,VESSEL_BRA_007,BR,transit,1.0,trawler,0.9999303112780455,0.0,0.0,0.0,0.0,0.0,0.0,0.0,1.0,0.0,0.002430555555555555,0.0,0.0,0.002430555555555555,Transit,Fishing - Trawler
700027831,VESSEL_BRA_007,BR,transit,1.0,trawler,0.999930302216553,0.0,0.0,0.0,0.0,0.0,0.0,0.0,1.0,0.0,0.002430555555555555,0.0,0.0,0.002430555555555555,Transit,Fishing - Trawler
700027831,VESSEL_BRA_007,BR,transit,1.0,trawler,0.999930302216553,0.0,0.0,0.0,0.0,0.0,0.0,0.0,1.0,0.0,0.002430555555555555,0.0,0.0,0.002430555555555555,Transit,Fishing - Trawler
700027831,VESSEL_BRA_007,BR,transit,1.0,trawler,0.999930302216553,0.0,0.0,0.0,0.0,0.0,0.0,0.0,1.0,0.0,0.002430555555555555,0.0,0.0,0.002430555555555555,Transit,Fishing - Trawler
700027831,VESSEL_BRA_007,BR,transit,1.0,trawler,0.9999303022165963,0.0,0.0,0.0,0.0,0.0,0.0,0.0,1.0,0.0,0.002430555555555555,0.0,0.0,0.002430555555555555,Transit,Fishing - Trawler
700027831,VESSEL_BRA_007,BR,transit,0.96,trawler,0.9999999814695436,0.0,0.0,0.0,0.035,0.0,0.0,0.0,0.96,0.005,0.002430555555555555,0.0,0.0,0.002430555555555555,Transit,Fishing - Trawler
700027831,VESSEL_BRA_007,BR,fishing,0.9770555555555553,trawler,0.999999981667154,0.0,0.0,0.0,0.9770555555555553,0.004999999999999999,0.006,0.0,0.009722222222222222,0.0022222222222222222,0.002430555555555555,0.3700516137693565,0.0,0.3700516137693565,Fishing,Fishing - Trawler
700027831,VESSEL_BRA_007,BR,fishing,0.9986666666666667,trawler,0.9999999821007329,0.0,0.0,0.0,0.9986666666666667,0.0,0.0,0.0,0.0,0.0013333333333333335,0.002430555555555555,0.3694908155120299,0.0,0.3694908155120299,Fishing,Fishing - Trawler
700027831,VESSEL_BRA_007,BR,fishing,0.9986666666666667,trawler,0.9999999821007329,0.0,0.0,0.0,0.9986666666666667,0.0,0.0,0.0,0.0,0.0013333333333333335,0.002430555555555555,0.366068988827442,0.0,0.366068988827442,Fishing,Fishing - Trawler
700027831,VESSEL_BRA_007,BR,fishing,0.9986666666666667,trawler,0.9999999821016857,0.0,0.0,0.0,0.9986666666666667,0.0,0.0,0.0,0.0,0.0013333333333333335,0.002430555555555555,0.3632162713875237,0.0,0.3632162713875237,Fishing,Fishing - Trawler
700027831,VESSEL_BRA_007,BR,fishing,0.9986666666666667,trawler,0.999999982101686,0.0,0.0,0.0,0.9986666666666667,0.0,0.0,0.0,0.0,0.0013333333333333335,0.002430555555555555,0.36227698633707595,0.0,0.36227698633707595,Fishing,Fishing - Trawler
700027831,VESSEL_BRA_007,BR,fishing,0.9953333333333334,trawler,0.999999982101686,0.0,0.0,0.0,0.9953333333333334,0.0,0.0,0.0,0.0,0.004666666666666666,0.002430555555555555,0.36173660417500536,0.0,0.36173660417500536,Fishing,Fishing - Trawler
700027831,VESSEL_BRA_007,BR,fishing,0.9903333333333334,trawler,0.999999982101686,0.0,0.0,0.0,0.9903333333333334,0.0016666666666666668,0.0,0.0033333333333333335,0.0,0.004666666666666666,0.002430555555555555,0.3604476301631905,0.0,0.3604476301631905,Fishing,Fishing - Trawler
700027831,VESSEL_BRA_007,BR,fishing,0.9986666666666667,trawler,0.999999982101686,0.0,0.0,0.0,0.9986666666666667,0.0,0.0,0.0,0.0,0.0013333333333333335,0.002430555555555555,0.3583550973746953,0.0,0.3583550973746953,Fishing,Fishing - Trawler
700027831,VESSEL_BRA_007,BR,fishing,0.9986666666666667,trawler,0.999999982101686,0.0,0.0,0.0,0.9986666666666667,0.0,0.0,0.0,0.0,0.0013333333333333335,0.002430555555555555,0.3557482021765511,0.0,0.3557482021765511,Fishing,Fishing - Trawler
700027831,VESSEL_BRA_007,BR,fishing,0.9986666666666667,trawler,0.999999982101686,0.0,0.0,0.0,0.9986666666666667,0.0,0.0,0.0,0.0,0.0013333333333333335,0.002430555555555555,0.35376651393667546,0.0,0.35376651393667546,Fishing,Fishing - Trawler
700027831,VESSEL_BRA_007,BR,fishing,0.9986666666666667,trawler,0.999999982101686,0.0,0.0,0.0,0.9986666666666667,0.0,0.0,0.0,0.0,0.0013333333333333335,0.002430555555555555,0.3528225507202602,0.0,0.3528225507202602,Fishing,Fishing - Trawler
700027831,VESSEL_BRA_007,BR,fishing,0.9986666666666667,trawler,0.9999999821007329,0.0,0.0,0.0,0.9986666666666667,0.0,0.0,0.0,0.0,0.0013333333333333335,0.002430555555555555,0.3534092844250885,0.0,0.3534092844250885,Fishing,Fishing - Trawler
700027831,VESSEL_BRA_007,BR,fishing,0.9970000000000001,trawler,0.9999999821007329,0.0,0.0,0.0,0.9970000000000001,0.0016666666666666668,0.0,0.0,0.0,0.0013333333333333335,0.002430555555555555,0.3537205455641822,0.0,0.3537205455641822,Fishing,Fishing - Trawler
700027831,VESSEL_BRA_007,BR,fishing,0.9986666666666667,trawler,0.9999999821007329,0.0,0.0,0.0,0.9986666666666667,0.0,0.0,0.0,0.0,0.0013333333333333335,0.002430555555555555,0.35174897353540935,0.0,0.35174897353540935,Fishing,Fishing - Trawler
700027831,VESSEL_BRA_007,BR,fishing,0.9986666666666667,trawler,0.9999999821748286,0.0,0.0,0.0,0.9986666666666667,0.0,0.0,0.0,0.0,0.0013333333333333335,0.002430555555555555,0.35,0.0,0.35,Fishing,Fishing - Trawler
700027831,VESSEL_BRA_007,BR,fishing,0.9725555555555557,trawler,0.9999999818357,0.0,0.0,0.0,0.9725555555555557,0.009000000000000001,0.0,0.0,0.0,0.01844444444444444,0.002430555555555555,0.35,0.0,0.35,Fishing,Fishing - Trawler
700027831,VESSEL_BRA_007,BR,transit,0.6633650793650795,trawler,0.9999998976549851,0.006166666666666667,0.008222222222222223,0.0033333333333333335,0.14966666666666667,0.04716666666666667,0.04616666666666667,0.007777777777777778,0.6633650793650795,0.06813492063492065,0.002430555555555555,0.0,0.0,0.002430555555555555,Transit,Fishing - Trawler
700027831,VESSEL_BRA_007,BR,transit,0.9988888888888887,trawler,0.9999999819625714,0.0,0.0,0.0,0.0011111111111111111,0.0,0.0,0.0,0.9988888888888887,0.0,0.002430555555555555,0.0,0.0,0.002430555555555555,Transit,Fishing - Trawler
700027831,VESSEL_BRA_007,BR,transit,0.9936111111111112,trawler,0.9999999745895007,0.006388888888888888,0.0,0.0,0.0,0.0,0.0,0.0,0.9936111111111112,0.0,0.002430555555555555,0.0,0.0,0.002430555555555555,Transit,Fishing - Trawler
700027831,VESSEL_BRA_007,BR,transit,1.0,trawler,0.9999303022165255,0.0,0.0,0.0,0.0,0.0,0.0,0.0,1.0,0.0,0.002430555555555555,0.0,0.0,0.002430555555555555,Transit,Fishing - Trawler
700027831,VESSEL_BRA_007,BR,transit,1.0,trawler,0.9999303022164822,0.0,0.0,0.0,0.0,0.0,0.0,0.0,1.0,0.0,0.002430555555555555,0.0,0.0,0.002430555555555555,Transit,Fishing - Trawler
700027831,VESSEL_BRA_007,BR,transit,1.0,trawler,0.999930302216481,0.0,0.0,0.0,0.0,0.0,0.0,0.0,1.0,0.0,0.002430555555555555,0.0,0.0,0.002430555555555555,Transit,Fishing - Trawler
700027831,VESSEL_BRA_007,BR,transit,1.0,trawler,0.999930302216553,0.0,0.0,0.0,0.0,0.0,0.0,0.0,1.0,0.0,0.002430555555555555,0.0,0.0,0.002430555555555555,Transit,Fishing - Trawler
700027831,VESSEL_BRA_007,BR,transit,1.0,trawler,0.999930302216553,0.0,0.0,0.0,0.0,0.0,0.0,0.0,1.0,0.0,0.002430555555555555,0.0,0.0,0.002430555555555555,Transit,Fishing - Trawler
700027831,VESSEL_BRA_007,BR,transit,1.0,trawler,0.9999303022164822,0.0,0.0,0.0,0.0,0.0,0.0,0.0,1.0,0.0,0.002430555555555555,0.0,0.0,0.002430555555555555,Transit,Fishing - Trawler
700027831,VESSEL_BRA_007,BR,transit,1.0,trawler,0.9999303022164822,0.0,0.0,0.0,0.0,0.0,0.0,0.0,1.0,0.0,0.002430555555555555,0.0,0.0,0.002430555555555555,Transit,Fishing - Trawler
700027831,VESSEL_BRA_007,BR,transit,1.0,trawler,0.9999303022164822,0.0,0.0,0.0,0.0,0.0,0.0,0.0,1.0,0.0,0.002430555555555555,0.0,0.0,0.002430555555555555,Transit,Fishing - Trawler
700027831,VESSEL_BRA_007,BR,transit,1.0,trawler,0.9999303022175854,0.0,0.0,0.0,0.0,0.0,0.0,0.0,1.0,0.0,0.002430555555555555,0.0,0.0,0.002430555555555555,Transit,Fishing - Trawler
700027831,VESSEL_BRA_007,BR,transit,1.0,trawler,0.9999999820803099,0.0,0.0,0.0,0.0,0.0,0.0,0.0,1.0,0.0,0.002430555555555555,0.0,0.0,0.002430555555555555,Transit,Fishing - Trawler
700027831,VESSEL_BRA_007,BR,transit,1.0,trawler,0.9999999745891086,0.0,0.0,0.0,0.0,0.0,0.0,0.0,1.0,0.0,0.002430555555555555,0.0,0.0,0.002430555555555555,Transit,Fishing - Trawler
700027831,VESSEL_BRA_007,BR,transit,1.0,trawler,0.9999303022165963,0.0,0.0,0.0,0.0,0.0,0.0,0.0,1.0,0.0,0.002430555555555555,0.0,0.0,0.002430555555555555,Transit,Fishing - Trawler
700027831,VESSEL_BRA_007,BR,transit,1.0,trawler,0.9999303022165963,0.0,0.0,0.0,0.0,0.0,0.0,0.0,1.0,0.0,0.002430555555555555,0.0,0.0,0.002430555555555555,Transit,Fishing - Trawler
700027831,VESSEL_BRA_007,BR,transit,1.0,trawler,0.9999303022164822,0.0,0.0,0.0,0.0,0.0,0.0,0.0,1.0,0.0,0.002430555555555555,0.0,0.0,0.002430555555555555,Transit,Fishing - Trawler
700027831,VESSEL_BRA_007,BR,transit,1.0,trawler,0.9999303022164822,0.0,0.0,0.0,0.0,0.0,0.0,0.0,1.0,0.0,0.002430555555555555,0.0,0.0,0.002430555555555555,Transit,Fishing - Trawler
700027831,VESSEL_BRA_007,BR,transit,1.0,trawler,0.9999303022164822,0.0,0.0,0.0,0.0,0.0,0.0,0.0,1.0,0.0,0.002430555555555555,0.0,0.0,0.002430555555555555,Transit,Fishing - Trawler
700027831,VESSEL_BRA_007,BR,transit,1.0,trawler,0.9999303022164822,0.0,0.0,0.0,0.0,0.0,0.0,0.0,1.0,0.0,0.002430555555555555,0.0,0.0,0.002430555555555555,Transit,Fishing - Trawler
700027831,VESSEL_BRA_007,BR,transit,1.0,trawler,0.9999303022165963,0.0,0.0,0.0,0.0,0.0,0.0,0.0,1.0,0.0,0.002430555555555555,0.0,0.0,0.002430555555555555,Transit,Fishing - Trawler
700027831,VESSEL_BRA_007,BR,transit,1.0,trawler,0.999930302216553,0.0,0.0,0.0,0.0,0.0,0.0,0.0,1.0,0.0,0.002430555555555555,0.0,0.0,0.002430555555555555,Transit,Fishing - Trawler
700027831,VESSEL_BRA_007,BR,transit,1.0,trawler,0.9999303022164822,0.0,0.0,0.0,0.0,0.0,0.0,0.0,1.0,0.0,0.002430555555555555,0.0,0.0,0.002430555555555555,Transit,Fishing - Trawler
700027831,VESSEL_BRA_007,BR,transit,0.9945991561181434,trawler,0.9999303022164822,0.00037974683544303797,0.00016877637130801687,0.0,0.0,0.0,0.0,0.004852320675105485,0.9945991561181434,0.0,0.002430555555555555,0.0,0.0,0.002430555555555555,Transit,Fishing - Trawler
700027831,VESSEL_BRA_007,BR,transit,0.9722222222222223,trawler,0.9999999814631478,0.017222222222222222,0.0033333333333333335,0.0,0.0,0.0,0.0,0.007222222222222222,0.9722222222222223,0.0,0.002430555555555555,0.0,0.0,0.002430555555555555,Transit,Fishing - Trawler
700027831,VESSEL_BRA_007,BR,transit,0.9570555555555555,trawler,0.9999999820792488,0.032944444444444436,0.005,0.0,0.0,0.0,0.0,0.005,0.9570555555555555,0.0,0.002430555555555555,0.0,0.0,0.002430555555555555,Transit,Fishing - Trawler
700027831,VESSEL_BRA_007,BR,transit,1.0,trawler,0.9999303022164822,0.0,0.0,0.0,0.0,0.0,0.0,0.0,1.0,0.0,0.002430555555555555,0.0,0.0,0.002430555555555555,Transit,Fishing - Trawler
700027831,VESSEL_BRA_007,BR,transit,1.0,trawler,0.9999303406873362,0.0,0.0,0.0,0.0,0.0,0.0,0.0,1.0,0.0,0.002430555555555555,0.0,0.0,0.002430555555555555,Transit,Fishing - Trawler
700027831,VESSEL_BRA_007,BR,transit,1.0,trawler,0.999930302216553,0.0,0.0,0.0,0.0,0.0,0.0,0.0,1.0,0.0,0.002430555555555555,0.0,0.0,0.002430555555555555,Transit,Fishing - Trawler
700027831,VESSEL_BRA_007,BR,transit,0.9907102672292545,trawler,0.9999303022164822,0.00037974683544303797,0.00016877637130801687,0.0,0.0,0.0,0.0,0.008741209563994374,0.9907102672292545,0.0,0.002430555555555555,0.0,0.0,0.002430555555555555,Transit,Fishing - Trawler
700027831,VESSEL_BRA_007,BR,transit,1.0,trawler,0.9999303022164822,0.0,0.0,0.0,0.0,0.0,0.0,0.0,1.0,0.0,0.002430555555555555,0.0,0.0,0.002430555555555555,Transit,Fishing - Trawler
700027831,VESSEL_BRA_007,BR,transit,1.0,trawler,0.9999303022164822,0.0,0.0,0.0,0.0,0.0,0.0,0.0,1.0,0.0,0.002430555555555555,0.0,0.0,0.002430555555555555,Transit,Fishing - Trawler
700027831,VESSEL_BRA_007,BR,transit,1.0,trawler,0.999930302216553,0.0,0.0,0.0,0.0,0.0,0.0,0.0,1.0,0.0,0.002430555555555555,0.0,0.0,0.002430555555555555,Transit,Fishing - Trawler
700027831,VESSEL_BRA_007,BR,transit,0.9977777777777779,trawler,0.9999303022175854,0.0022222222222222222,0.0,0.0,0.0,0.0,0.0,0.0,0.9977777777777779,0.0,0.002430555555555555,0.0,0.0,0.002430555555555555,Transit,Fishing - Trawler
700027831,VESSEL_BRA_007,BR,transit,1.0,trawler,0.9999303022175854,0.0,0.0,0.0,0.0,0.0,0.0,0.0,1.0,0.0,0.002430555555555555,0.0,0.0,0.002430555555555555,Transit,Fishing - Trawler
700027831,VESSEL_BRA_007,BR,transit,1.0,trawler,0.9999999745890378,0.0,0.0,0.0,0.0,0.0,0.0,0.0,1.0,0.0,0.002430555555555555,0.0,0.0,0.002430555555555555,Transit,Fishing - Trawler
700027831,VESSEL_BRA_007,BR,transit,0.9873769338959212,trawler,0.9999303022164822,0.00037974683544303797,0.00016877637130801687,0.0,0.0,0.0,0.0,0.012074542897327706,0.9873769338959212,0.0,0.002430555555555555,0.0,0.0,0.002430555555555555,Transit,Fishing - Trawler
700027831,VESSEL_BRA_007,BR,transit,0.9912658227848101,trawler,0.9999303022164822,0.003713080168776371,0.00016877637130801687,0.0,0.0,0.0,0.0,0.004852320675105485,0.9912658227848101,0.0,0.002430555555555555,0.0,0.0,0.002430555555555555,Transit,Fishing - Trawler
700027831,VESSEL_BRA_007,BR,transit,0.991111111111111,trawler,0.9999303022164822,0.0038888888888888883,0.0016666666666666668,0.0,0.0,0.0,0.0,0.0033333333333333335,0.991111111111111,0.0,0.002430555555555555,0.0,0.0,0.002430555555555555,Transit,Fishing - Trawler
700027831,VESSEL_BRA_007,BR,transit,1.0,trawler,0.999930302216553,0.0,0.0,0.0,0.0,0.0,0.0,0.0,1.0,0.0,0.002430555555555555,0.0,0.0,0.002430555555555555,Transit,Fishing - Trawler
700027832,VESSEL_BRA_008,PT,transit,1.0,trawler,0.999999941324684,0.0,0.0,0.0,0.0,0.0,0.0,0.0,1.0,0.0,0.002430555555555555,0.0,0.0,0.002430555555555555,Transit,Fishing - Trawler
700027832,VESSEL_BRA_008,PT,transit,1.0,trawler,0.999999941324684,0.0,0.0,0.0,0.0,0.0,0.0,0.0,1.0,0.0,0.002430555555555555,0.0,0.0,0.002430555555555555,Transit,Fishing - Trawler
700027832,VESSEL_BRA_008,PT,transit,1.0,trawler,0.999999941324684,0.0,0.0,0.0,0.0,0.0,0.0,0.0,1.0,0.0,0.002430555555555555,0.0,0.0,0.002430555555555555,Transit,Fishing - Trawler
700027832,VESSEL_BRA_008,PT,transit,1.0,trawler,0.9999999413241843,0.0,0.0,0.0,0.0,0.0,0.0,0.0,1.0,0.0,0.002430555555555555,0.0,0.0,0.002430555555555555,Transit,Fishing - Trawler
700027832,VESSEL_BRA_008,PT,transit,1.0,trawler,0.999999941324684,0.0,0.0,0.0,0.0,0.0,0.0,0.0,1.0,0.0,0.002430555555555555,0.0,0.0,0.002430555555555555,Transit,Fishing - Trawler
700027832,VESSEL_BRA_008,PT,transit,1.0,trawler,0.999999941324684,0.0,0.0,0.0,0.0,0.0,0.0,0.0,1.0,0.0,0.002430555555555555,0.0,0.0,0.002430555555555555,Transit,Fishing - Trawler
700027832,VESSEL_BRA_008,PT,transit,1.0,trawler,0.999999941324684,0.0,0.0,0.0,0.0,0.0,0.0,0.0,1.0,0.0,0.002430555555555555,0.0,0.0,0.002430555555555555,Transit,Fishing - Trawler
700027832,VESSEL_BRA_008,PT,transit,1.0,trawler,0.999999941324684,0.0,0.0,0.0,0.0,0.0,0.0,0.0,1.0,0.0,0.002430555555555555,0.0,0.0,0.002430555555555555,Transit,Fishing - Trawler
700027832,VESSEL_BRA_008,PT,fishing,0.7715,trawler,0.9999999374514991,0.0016666666666666668,0.0,0.0,0.7715,0.005777777777777778,0.005277777777777778,0.0022222222222222222,0.21355555555555555,0.0,0.002430555555555555,0.44125662462130294,0.0,0.44125662462130294,Fishing,Fishing - Trawler
700027832,VESSEL_BRA_008,PT,fishing,0.9990476190476191,trawler,0.9999999413795962,0.0,0.0,0.0,0.9990476190476191,0.0,0.0,0.0,0.0009523809523809524,0.0,0.002430555555555555,0.4477523250269767,0.0,0.4477523250269767,Fishing,Fishing - Trawler
700027832,VESSEL_BRA_008,PT,fishing,0.9938888888888889,trawler,0.9999999404499529,0.0,0.0,0.0,0.9938888888888889,0.005,0.0,0.0,0.0011111111111111111,0.0,0.002430555555555555,0.4507703452755383,0.0,0.4507703452755383,Fishing,Fishing - Trawler
700027832,VESSEL_BRA_008,PT,fishing,0.9755555555555556,trawler,0.9999999404493649,0.0,0.0,0.0,0.9755555555555556,0.01,0.0033333333333333335,0.0016666666666666668,0.0044444444444444444,0.005,0.002430555555555555,0.4528240486492725,0.0,0.4528240486492725,Fishing,Fishing - Trawler
700027832,VESSEL_BRA_008,PT,fishing,0.9866666666666667,trawler,0.9999999414624393,0.0033333333333333335,0.0,0.0,0.9866666666666667,0.008333333333333333,0.0016666666666666668,0.0,0.0,0.0,0.002430555555555555,0.4537034271040676,0.0,0.4537034271040676,Fishing,Fishing - Trawler
700027832,VESSEL_BRA_008,PT,fishing,0.996388888888889,trawler,0.9999999411246866,0.0,0.0,0.0,0.996388888888889,0.003611111111111111,0.0,0.0,0.0,0.0,0.002430555555555555,0.4533456047782072,0.0,0.4533456047782072,Fishing,Fishing - Trawler
700027832,VESSEL_BRA_008,PT,fishing,0.9913333333333333,trawler,0.9999999411246866,0.0,0.0,0.0,0.9913333333333333,0.008666666666666666,0.0,0.0,0.0,0.0,0.002430555555555555,0.4523339527551996,0.0,0.4523339527551996,Fishing,Fishing - Trawler
700027832,VESSEL_BRA_008,PT,fishing,0.9979999999999999,trawler,0.9999999411246866,0.0,0.0,0.0,0.9979999999999999,0.002,0.0,0.0,0.0,0.0,0.002430555555555555,0.4510323679421745,0.0,0.4510323679421745,Fishing,Fishing - Trawler
700027832,VESSEL_BRA_008,PT,fishing,0.9855555555555556,trawler,0.9999999411246342,0.0,0.0,0.0,0.9855555555555556,0.008333333333333333,0.0,0.0016666666666666668,0.0044444444444444444,0.0,0.002430555555555555,0.4495517214523044,0.0,0.4495517214523044,Fishing,Fishing - Trawler
700027832,VESSEL_BRA_008,PT,fishing,1.0,trawler,0.9999999411246342,0.0,0.0,0.0,1.0,0.0,0.0,0.0,0.0,0.0,0.002430555555555555,0.4478295896783266,0.0,0.4478295896783266,Fishing,Fishing - Trawler
700027832,VESSEL_BRA_008,PT,fishing,1.0,trawler,0.9999999411246866,0.0,0.0,0.0,1.0,0.0,0.0,0.0,0.0,0.0,0.002430555555555555,0.44653619980037085,0.0,0.44653619980037085,Fishing,Fishing - Trawler
700027832,VESSEL_BRA_008,PT,fishing,0.9955555555555556,trawler,0.9999999105587383,0.0,0.0,0.0,0.9955555555555556,0.0044444444444444444,0.0,0.0,0.0,0.0,0.002430555555555555,0.4463707772586261,0.0,0.4463707772586261,Fishing,Fishing - Trawler
700027832,VESSEL_BRA_008,PT,fishing,0.996388888888889,trawler,0.9999999411246866,0.0,0.0,0.0,0.996388888888889,0.003611111111111111,0.0,0.0,0.0,0.0,0.002430555555555555,0.4470715586928513,0.0,0.4470715586928513,Fishing,Fishing - Trawler
700027832,VESSEL_BRA_008,PT,fishing,0.9955555555555556,trawler,0.9999999411246866,0.0,0.0,0.0,0.9955555555555556,0.0,0.0,0.0,0.0044444444444444444,0.0,0.002430555555555555,0.4480966619362531,0.0,0.4480966619362531,Fishing,Fishing - Trawler
700027832,VESSEL_BRA_008,PT,fishing,1.0,trawler,0.9999999411246866,0.0,0.0,0.0,1.0,0.0,0.0,0.0,0.0,0.0,0.002430555555555555,0.4491343847142629,0.0,0.4491343847142629,Fishing,Fishing - Trawler
700027832,VESSEL_BRA_008,PT,fishing,0.9596031746031745,trawler,0.9999999410917041,0.008174603174603175,0.01,0.0,0.9596031746031745,0.0025,0.0,0.0033333333333333335,0.011944444444444445,0.0044444444444444444,0.002430555555555555,0.4497471892714017,0.0,0.4497471892714017,Fishing,Fishing - Trawler
700027832,VESSEL_BRA_008,PT,fishing,1.0,trawler,0.9999999411246866,0.0,0.0,0.0,1.0,0.0,0.0,0.0,0.0,0.0,0.002430555555555555,0.4493363567947059,0.0,0.4493363567947059,Fishing,Fishing - Trawler
700027832,VESSEL_BRA_008,PT,fishing,1.0,trawler,0.9999999411246866,0.0,0.0,0.0,1.0,0.0,0.0,0.0,0.0,0.0,0.002430555555555555,0.4486134984362917,0.0,0.4486134984362917,Fishing,Fishing - Trawler
700027832,VESSEL_BRA_008,PT,fishing,1.0,trawler,0.9999999411246866,0.0,0.0,0.0,1.0,0.0,0.0,0.0,0.0,0.0,0.002430555555555555,0.4486981177611079,0.0,0.4486981177611079,Fishing,Fishing - Trawler
700027832,VESSEL_BRA_008,PT,fishing,0.9083888888888887,trawler,0.9999999394368274,0.0033333333333333335,0.011166666666666667,0.005944444444444444,0.9083888888888887,0.0008333333333333334,0.0,0.0,0.0695,0.0008333333333333334,0.002430555555555555,0.4500242497642364,0.0,0.4500242497642364,Fishing,Fishing - Trawler
700027832,VESSEL_BRA_008,PT,transit,0.9728333333333334,trawler,0.9999999410603019,0.0,0.005833333333333334,0.0,0.0,0.0,0.0,0.02,0.9728333333333334,0.0013333333333333335,0.002430555555555555,0.0,0.0,0.002430555555555555,Transit,Fishing - Trawler
700027832,VESSEL_BRA_008,PT,transit,1.0,trawler,0.9999999413246935,0.0,0.0,0.0,0.0,0.0,0.0,0.0,1.0,0.0,0.002430555555555555,0.0,0.0,0.002430555555555555,Transit,Fishing - Trawler
700027832,VESSEL_BRA_008,PT,transit,1.0,trawler,0.9999999410602921,0.0,0.0,0.0,0.0,0.0,0.0,0.0,1.0,0.0,0.002430555555555555,0.0,0.0,0.002430555555555555,Transit,Fishing - Trawler
700027832,VESSEL_BRA_008,PT,transit,1.0,trawler,0.999999941324684,0.0,0.0,0.0,0.0,0.0,0.0,0.0,1.0,0.0,0.002430555555555555,0.0,0.0,0.002430555555555555,Transit,Fishing - Trawler
700027832,VESSEL_BRA_008,PT,transit,1.0,trawler,0.999999941324684,0.0,0.0,0.0,0.0,0.0,0.0,0.0,1.0,0.0,0.002430555555555555,0.0,0.0,0.002430555555555555,Transit,Fishing - Trawler
700027832,VESSEL_BRA_008,PT,transit,1.0,trawler,0.9999999410602921,0.0,0.0,0.0,0.0,0.0,0.0,0.0,1.0,0.0,0.002430555555555555,0.0,0.0,0.002430555555555555,Transit,Fishing - Trawler
700027832,VESSEL_BRA_008,PT,fishing,0.7775555555555554,trawler,0.9999999374514991,0.0,0.0,0.0033333333333333335,0.7775555555555554,0.005,0.02293650793650794,0.0033333333333333335,0.1870079365079365,0.0008333333333333334,0.002430555555555555,0.49755261179557225,0.0,0.49755261179557225,Fishing,Fishing - Trawler
700027832,VESSEL_BRA_008,PT,fishing,0.9961111111111111,trawler,0.9999999413808248,0.0,0.0,0.0,0.9961111111111111,0.0,0.0,0.0,0.0038888888888888883,0.0,0.002430555555555555,0.5012416261875704,0.0,0.5012416261875704,Fishing,Fishing - Trawler
700027832,VESSEL_BRA_008,PT,fishing,1.0,trawler,0.9999999411246802,0.0,0.0,0.0,1.0,0.0,0.0,0.0,0.0,0.0,0.002430555555555555,0.5021238812630815,0.0,0.5021238812630815,Fishing,Fishing - Trawler
700027832,VESSEL_BRA_008,PT,fishing,1.0,trawler,0.9999999411246802,0.0,0.0,0.0,1.0,0.0,0.0,0.0,0.0,0.0,0.002430555555555555,0.501988433937937,0.0,0.501988433937937,Fishing,Fishing - Trawler
700027832,VESSEL_BRA_008,PT,fishing,0.9824444444444445,trawler,0.9999999411246866,0.0,0.0022222222222222222,0.010666666666666668,0.9824444444444445,0.0013333333333333335,0.0,0.0,0.0033333333333333335,0.0,0.002430555555555555,0.5006732650704883,0.0,0.5006732650704883,Fishing,Fishing - Trawler
700027832,VESSEL_BRA_008,PT,fishing,0.9898333333333333,trawler,0.9999999404499529,0.0,0.0,0.007,0.9898333333333333,0.0031666666666666666,0.0,0.0,0.0,0.0,0.002430555555555555,0.5002705563246885,0.0,0.5002705563246885,Fishing,Fishing - Trawler
700027832,VESSEL_BRA_008,PT,fishing,1.0,trawler,0.9999999404499529,0.0,0.0,0.0,1.0,0.0,0.0,0.0,0.0,0.0,0.002430555555555555,0.5007034016252311,0.0,0.5007034016252311,Fishing,Fishing - Trawler
700027832,VESSEL_BRA_008,PT,fishing,1.0,trawler,0.9999999411246866,0.0,0.0,0.0,1.0,0.0,0.0,0.0,0.0,0.0,0.002430555555555555,0.5010044059524212,0.0,0.5010044059524212,Fishing,Fishing - Trawler
700027832,VESSEL_BRA_008,PT,fishing,0.9988888888888889,trawler,0.9999999411246866,0.0,0.0,0.0,0.9988888888888889,0.0011111111111111111,0.0,0.0,0.0,0.0,0.002430555555555555,0.5016763039076392,0.0,0.5016763039076392,Fishing,Fishing - Trawler
700027832,VESSEL_BRA_008,PT,fishing,1.0,trawler,0.9999999411246866,0.0,0.0,0.0,1.0,0.0,0.0,0.0,0.0,0.0,0.002430555555555555,0.5019365571136465,0.0,0.5019365571136465,Fishing,Fishing - Trawler
700027832,VESSEL_BRA_008,PT,fishing,0.9983333333333333,trawler,0.9999999411246866,0.0,0.0,0.0,0.9983333333333333,0.0016666666666666668,0.0,0.0,0.0,0.0,0.002430555555555555,0.5011518510900861,0.0,0.5011518510900861,Fishing,Fishing - Trawler
700027832,VESSEL_BRA_008,PT,fishing,0.996388888888889,trawler,0.9999999411246866,0.0,0.0,0.0,0.996388888888889,0.003611111111111111,0.0,0.0,0.0,0.0,0.002430555555555555,0.5008293534751685,0.0,0.5008293534751685,Fishing,Fishing - Trawler
700027832,VESSEL_BRA_008,PT,fishing,0.9582777777777778,trawler,0.9999999411246866,0.0,0.008888888888888889,0.0,0.9582777777777778,0.017833333333333333,0.0,0.009166666666666667,0.0025,0.0033333333333333335,0.002430555555555555,0.5017407487058274,0.0,0.5017407487058274,Fishing,Fishing - Trawler
700027832,VESSEL_BRA_008,PT,fishing,0.9979999999999999,trawler,0.9999999411246866,0.0,0.0,0.0,0.9979999999999999,0.002,0.0,0.0,0.0,0.0,0.002430555555555555,0.5028627552538024,0.0,0.5028627552538024,Fishing,Fishing - Trawler
700027832,VESSEL_BRA_008,PT,fishing,0.995,trawler,0.9999999394368274,0.0,0.0008333333333333334,0.0,0.995,0.0,0.0,0.0,0.004166666666666667,0.0,0.002430555555555555,0.5024573696144949,0.0,0.5024573696144949,Fishing,Fishing - Trawler
700027832,VESSEL_BRA_008,PT,transit,0.952388888888889,trawler,0.9999999394386067,0.0016666666666666668,0.0016666666666666668,0.0,0.02488888888888889,0.005,0.0,0.008055555555555555,0.952388888888889,0.006333333333333333,0.002430555555555555,0.0,0.0,0.002430555555555555,Transit,Fishing - Trawler
700027832,VESSEL_BRA_008,PT,transit,1.0,trawler,0.9999999410582944,0.0,0.0,0.0,0.0,0.0,0.0,0.0,1.0,0.0,0.002430555555555555,0.0,0.0,0.002430555555555555,Transit,Fishing - Trawler
700027832,VESSEL_BRA_008,PT,transit,1.0,trawler,0.9999999413238724,0.0,0.0,0.0,0.0,0.0,0.0,0.0,1.0,0.0,0.002430555555555555,0.0,0.0,0.002430555555555555,Transit,Fishing - Trawler
700027832,VESSEL_BRA_008,PT,transit,1.0,trawler,0.9999999413238724,0.0,0.0,0.0,0.0,0.0,0.0,0.0,1.0,0.0,0.002430555555555555,0.0,0.0,0.002430555555555555,Transit,Fishing - Trawler
700027832,VESSEL_BRA_008,PT,transit,1.0,trawler,0.999999941324684,0.0,0.0,0.0,0.0,0.0,0.0,0.0,1.0,0.0,0.002430555555555555,0.0,0.0,0.002430555555555555,Transit,Fishing - Trawler
700027832,VESSEL_BRA_008,PT,transit,1.0,trawler,0.9999999413293418,0.0,0.0,0.0,0.0,0.0,0.0,0.0,1.0,0.0,0.002430555555555555,0.0,0.0,0.002430555555555555,Transit,Fishing - Trawler
700027832,VESSEL_BRA_008,PT,transit,1.0,trawler,0.999999941324684,0.0,0.0,0.0,0.0,0.0,0.0,0.0,1.0,0.0,0.002430555555555555,0.0,0.0,0.002430555555555555,Transit,Fishing - Trawler
700027832,VESSEL_BRA_008,PT,transit,1.0,trawler,0.999999941324684,0.0,0.0,0.0,0.0,0.0,0.0,0.0,1.0,0.0,0.002430555555555555,0.0,0.0,0.002430555555555555,Transit,Fishing - Trawler
700027832,VESSEL_BRA_008,PT,transit,1.0,trawler,0.999999941324684,0.0,0.0,0.0,0.0,0.0,0.0,0.0,1.0,0.0,0.002430555555555555,0.0,0.0,0.002430555555555555,Transit,Fishing - Trawler
700027832,VESSEL_BRA_008,PT,transit,1.0,trawler,0.999999941324684,0.0,0.0,0.0,0.0,0.0,0.0,0.0,1.0,0.0,0.002430555555555555,0.0,0.0,0.002430555555555555,Transit,Fishing - Trawler
700027832,VESSEL_BRA_008,PT,transit,1.0,trawler,0.999999941324684,0.0,0.0,0.0,0.0,0.0,0.0,0.0,1.0,0.0,0.002430555555555555,0.0,0.0,0.002430555555555555,Transit,Fishing - Trawler
700027832,VESSEL_BRA_008,PT,transit,1.0,trawler,0.999999941324684,0.0,0.0,0.0,0.0,0.0,0.0,0.0,1.0,0.0,0.002430555555555555,0.0,0.0,0.002430555555555555,Transit,Fishing - Trawler
700027832,VESSEL_BRA_008,PT,transit,1.0,trawler,0.999999941324684,0.0,0.0,0.0,0.0,0.0,0.0,0.0,1.0,0.0,0.002430555555555555,0.0,0.0,0.002430555555555555,Transit,Fishing - Trawler
700027832,VESSEL_BRA_008,PT,transit,1.0,trawler,0.999999941324684,0.0,0.0,0.0,0.0,0.0,0.0,0.0,1.0,0.0,0.002430555555555555,0.0,0.0,0.002430555555555555,Transit,Fishing - Trawler
700027832,VESSEL_BRA_008,PT,transit,1.0,trawler,0.999999941324684,0.0,0.0,0.0,0.0,0.0,0.0,0.0,1.0,0.0,0.002430555555555555,0.0,0.0,0.002430555555555555,Transit,Fishing - Trawler
700027832,VESSEL_BRA_008,PT,transit,1.0,trawler,0.999999941324684,0.0,0.0,0.0,0.0,0.0,0.0,0.0,1.0,0.0,0.002430555555555555,0.0,0.0,0.002430555555555555,Transit,Fishing - Trawler
700027832,VESSEL_BRA_008,PT,transit,1.0,trawler,0.999999941324684,0.0,0.0,0.0,0.0,0.0,0.0,0.0,1.0,0.0,0.002430555555555555,0.0,0.0,0.002430555555555555,Transit,Fishing - Trawler
700027832,VESSEL_BRA_008,PT,transit,1.0,trawler,0.999999941324684,0.0,0.0,0.0,0.0,0.0,0.0,0.0,1.0,0.0,0.002430555555555555,0.0,0.0,0.002430555555555555,Transit,Fishing - Trawler
700027832,VESSEL_BRA_008,PT,transit,1.0,trawler,0.9999999410582944,0.0,0.0,0.0,0.0,0.0,0.0,0.0,1.0,0.0,0.002430555555555555,0.0,0.0,0.002430555555555555,Transit,Fishing - Trawler
700027832,VESSEL_BRA_008,PT,transit,1.0,trawler,0.999999941322757,0.0,0.0,0.0,0.0,0.0,0.0,0.0,1.0,0.0,0.002430555555555555,0.0,0.0,0.002430555555555555,Transit,Fishing - Trawler
700027832,VESSEL_BRA_008,PT,transit,1.0,trawler,0.999999941322757,0.0,0.0,0.0,0.0,0.0,0.0,0.0,1.0,0.0,0.002430555555555555,0.0,0.0,0.002430555555555555,Transit,Fishing - Trawler
700027832,VESSEL_BRA_008,PT,transit,1.0,trawler,0.999999941324684,0.0,0.0,0.0,0.0,0.0,0.0,0.0,1.0,0.0,0.002430555555555555,0.0,0.0,0.002430555555555555,Transit,Fishing - Trawler
700027832,VESSEL_BRA_008,PT,transit,1.0,trawler,0.999999941324684,0.0,0.0,0.0,0.0,0.0,0.0,0.0,1.0,0.0,0.002430555555555555,0.0,0.0,0.002430555555555555,Transit,Fishing - Trawler
700027832,VESSEL_BRA_008,PT,transit,0.9983333333333333,trawler,0.999999941324684,0.0,0.0,0.0,0.0,0.0,0.0,0.0016666666666666668,0.9983333333333333,0.0,0.002430555555555555,0.0,0.0,0.002430555555555555,Transit,Fishing - Trawler
700027832,VESSEL_BRA_008,PT,transit,1.0,trawler,0.999999941324684,0.0,0.0,0.0,0.0,0.0,0.0,0.0,1.0,0.0,0.002430555555555555,0.0,0.0,0.002430555555555555,Transit,Fishing - Trawler
700027832,VESSEL_BRA_008,PT,transit,1.0,trawler,0.999999941322757,0.0,0.0,0.0,0.0,0.0,0.0,0.0,1.0,0.0,0.002430555555555555,0.0,0.0,0.002430555555555555,Transit,Fishing - Trawler
700027832,VESSEL_BRA_008,PT,transit,1.0,trawler,0.999999941322757,0.0,0.0,0.0,0.0,0.0,0.0,0.0,1.0,0.0,0.002430555555555555,0.0,0.0,0.002430555555555555,Transit,Fishing - Trawler
700027832,VESSEL_BRA_008,PT,transit,1.0,trawler,0.999999941324684,0.0,0.0,0.0,0.0,0.0,0.0,0.0,1.0,0.0,0.002430555555555555,0.0,0.0,0.002430555555555555,Transit,Fishing - Trawler
700027832,VESSEL_BRA_008,PT,transit,1.0,trawler,0.999999941324684,0.0,0.0,0.0,0.0,0.0,0.0,0.0,1.0,0.0,0.002430555555555555,0.0,0.0,0.002430555555555555,Transit,Fishing - Trawler
700027832,VESSEL_BRA_008,PT,transit,1.0,trawler,0.999999941324684,0.0,0.0,0.0,0.0,0.0,0.0,0.0,1.0,0.0,0.002430555555555555,0.0,0.0,0.002430555555555555,Transit,Fishing - Trawler
700027832,VESSEL_BRA_008,PT,transit,1.0,trawler,0.999999941324684,0.0,0.0,0.0,0.0,0.0,0.0,0.0,1.0,0.0,0.002430555555555555,0.0,0.0,0.002430555555555555,Transit,Fishing - Trawler
700027832,VESSEL_BRA_008,PT,transit,1.0,trawler,0.999999941324684,0.0,0.0,0.0,0.0,0.0,0.0,0.0,1.0,0.0,0.002430555555555555,0.0,0.0,0.002430555555555555,Transit,Fishing - Trawler
700027832,VESSEL_BRA_008,PT,transit,1.0,trawler,0.9999999392755125,0.0,0.0,0.0,0.0,0.0,0.0,0.0,1.0,0.0,0.002430555555555555,0.0,0.0,0.002430555555555555,Transit,Fishing - Trawler
700027832,VESSEL_BRA_008,PT,transit,1.0,trawler,0.999999941324684,0.0,0.0,0.0,0.0,0.0,0.0,0.0,1.0,0.0,0.002430555555555555,0.0,0.0,0.002430555555555555,Transit,Fishing - Trawler
700027832,VESSEL_BRA_008,PT,transit,1.0,trawler,0.999999941324684,0.0,0.0,0.0,0.0,0.0,0.0,0.0,1.0,0.0,0.002430555555555555,0.0,0.0,0.002430555555555555,Transit,Fishing - Trawler
700027832,VESSEL_BRA_008,PT,transit,0.9961111111111113,trawler,0.999999941324684,0.0038888888888888883,0.0,0.0,0.0,0.0,0.0,0.0,0.9961111111111113,0.0,0.002430555555555555,0.0,0.0,0.002430555555555555,Transit,Fishing - Trawler
700027833,VESSEL_BRA_009,CN,transit,0.9972222222222221,purse_seiner,0.9999999755012204,0.0,0.0,0.0,0.0,0.0,0.0,0.0027777777777777775,0.9972222222222221,0.0,0.002430555555555555,0.0,0.0,0.002430555555555555,Transit,Fishing - Purse Seiner
700027833,VESSEL_BRA_009,CN,transit,1.0,purse_seiner,0.9999999755012204,0.0,0.0,0.0,0.0,0.0,0.0,0.0,1.0,0.0,0.002430555555555555,0.0,0.0,0.002430555555555555,Transit,Fishing - Purse Seiner
700027833,VESSEL_BRA_009,CN,transit,1.0,purse_seiner,0.9999999755012204,0.0,0.0,0.0,0.0,0.0,0.0,0.0,1.0,0.0,0.002430555555555555,0.0,0.0,0.002430555555555555,Transit,Fishing - Purse Seiner
700027833,VESSEL_BRA_009,CN,transit,1.0,purse_seiner,0.9999999755012204,0.0,0.0,0.0,0.0,0.0,0.0,0.0,1.0,0.0,0.002430555555555555,0.0,0.0,0.002430555555555555,Transit,Fishing - Purse Seiner
700027833,VESSEL_BRA_009,CN,transit,1.0,purse_seiner,0.9999999755279653,0.0,0.0,0.0,0.0,0.0,0.0,0.0,1.0,0.0,0.002430555555555555,0.0,0.0,0.002430555555555555,Transit,Fishing - Purse Seiner
700027833,VESSEL_BRA_009,CN,transit,1.0,purse_seiner,0.9999999755279653,0.0,0.0,0.0,0.0,0.0,0.0,0.0,1.0,0.0,0.002430555555555555,0.0,0.0,0.002430555555555555,Transit,Fishing - Purse Seiner
700027833,VESSEL_BRA_009,CN,transit,1.0,purse_seiner,0.9999999755012204,0.0,0.0,0.0,0.0,0.0,0.0,0.0,1.0,0.0,0.002430555555555555,0.0,0.0,0.002430555555555555,Transit,Fishing - Purse Seiner
700027833,VESSEL_BRA_009,CN,transit,1.0,purse_seiner,0.9999999755012451,0.0,0.0,0.0,0.0,0.0,0.0,0.0,1.0,0.0,0.002430555555555555,0.0,0.0,0.002430555555555555,Transit,Fishing - Purse Seiner
700027833,VESSEL_BRA_009,CN,transit,1.0,purse_seiner,0.9999999755012204,0.0,0.0,0.0,0.0,0.0,0.0,0.0,1.0,0.0,0.002430555555555555,0.0,0.0,0.002430555555555555,Transit,Fishing - Purse Seiner
700027833,VESSEL_BRA_009,CN,transit,1.0,purse_seiner,0.9999999755011594,0.0,0.0,0.0,0.0,0.0,0.0,0.0,1.0,0.0,0.002430555555555555,0.0,0.0,0.002430555555555555,Transit,Fishing - Purse Seiner
700027833,VESSEL_BRA_009,CN,transit,0.9704444444444444,purse_seiner,0.9999999755012204,0.029555555555555557,0.0,0.0,0.0,0.0,0.0,0.0,0.9704444444444444,0.0,0.002430555555555555,0.0,0.0,0.002430555555555555,Transit,Fishing - Purse Seiner
700027833,VESSEL_BRA_009,CN,transit,1.0,purse_seiner,0.9999999755012204,0.0,0.0,0.0,0.0,0.0,0.0,0.0,1.0,0.0,0.002430555555555555,0.0,0.0,0.002430555555555555,Transit,Fishing - Purse Seiner
700027833,VESSEL_BRA_009,CN,transit,0.9250952380952379,purse_seiner,0.9999999755279653,0.0,0.0,0.0,0.07490476190476192,0.0,0.0,0.0,0.9250952380952379,0.0,0.43,0.0,0.0,0.43,Transit,Fishing - Purse Seiner
700027833,VESSEL_BRA_009,CN,fishing,0.8185555555555553,purse_seiner,0.9999999739624201,0.0,0.0,0.0,0.8185555555555553,0.008666666666666666,0.018222222222222223,0.0022222222222222222,0.14599999999999996,0.006333333333333333,0.43,0.6,0.0,0.6,Fishing,Fishing - Purse Seiner
700027833,VESSEL_BRA_009,CN,fishing,0.9797777777777777,purse_seiner,0.9999999711629507,0.0,0.0,0.0,0.9797777777777777,0.0013333333333333335,0.0033333333333333335,0.0,0.015555555555555557,0.0,0.002430555555555555,0.6,0.0,0.6,Fishing,Fishing - Purse Seiner
700027833,VESSEL_BRA_009,CN,fishing,0.9991666666666666,purse_seiner,0.9999999705905498,0.0,0.0,0.0,0.9991666666666666,0.0008333333333333334,0.0,0.0,0.0,0.0,0.002430555555555555,0.6,0.0,0.6,Fishing,Fishing - Purse Seiner
700027833,VESSEL_BRA_009,CN,fishing,0.9833333333333332,purse_seiner,0.9999999700459035,0.0,0.0,0.0,0.9833333333333332,0.0,0.0033333333333333335,0.0,0.013333333333333332,0.0,0.002430555555555555,0.6,0.0,0.6,Fishing,Fishing - Purse Seiner
700027833,VESSEL_BRA_009,CN,transit,0.8961190476190476,purse_seiner,0.9999999691378031,0.005,0.0,0.0,0.05650000000000001,0.013888888888888886,0.008055555555555555,0.013492063492063491,0.8961190476190476,0.006944444444444443,0.002430555555555555,0.0,0.0,0.002430555555555555,Transit,Fishing - Purse Seiner
700027833,VESSEL_BRA_009,CN,transit,1.0,purse_seiner,0.9999999504225376,0.0,0.0,0.0,0.0,0.0,0.0,0.0,1.0,0.0,0.002430555555555555,0.0,0.0,0.002430555555555555,Transit,Fishing - Purse Seiner
700027833,VESSEL_BRA_009,CN,transit,1.0,purse_seiner,0.9999999740604499,0.0,0.0,0.0,0.0,0.0,0.0,0.0,1.0,0.0,0.002430555555555555,0.0,0.0,0.002430555555555555,Transit,Fishing - Purse Seiner
700027833,VESSEL_BRA_009,CN,transit,0.9672222222222223,purse_seiner,0.9999999708706686,0.0,0.0,0.0,0.021111111111111112,0.0016666666666666668,0.007777777777777777,0.0,0.9672222222222223,0.0022222222222222222,0.002430555555555555,0.0,0.0,0.002430555555555555,Transit,Fishing - Purse Seiner
700027833,VESSEL_BRA_009,CN,fishing,0.9676666666666666,purse_seiner,0.9999999696563415,0.0,0.0,0.0,0.9676666666666666,0.0038888888888888883,0.0016666666666666668,0.0,0.026777777777777782,0.0,0.002430555555555555,0.6,0.0,0.6,Fishing,Fishing - Purse Seiner
700027833,VESSEL_BRA_009,CN,fishing,1.0,purse_seiner,0.9999999713756488,0.0,0.0,0.0,1.0,0.0,0.0,0.0,0.0,0.0,0.002430555555555555,0.6,0.0,0.6,Fishing,Fishing - Purse Seiner
700027833,VESSEL_BRA_009,CN,fishing,1.0,purse_seiner,0.9999999709086118,0.0,0.0,0.0,1.0,0.0,0.0,0.0,0.0,0.0,0.002430555555555555,0.6,0.0,0.6,Fishing,Fishing - Purse Seiner
700027833,VESSEL_BRA_009,CN,fishing,0.9983333333333333,purse_seiner,0.9999999709086118,0.0,0.0,0.0,0.9983333333333333,0.0016666666666666668,0.0,0.0,0.0,0.0,0.002430555555555555,0.6,0.0,0.6,Fishing,Fishing - Purse Seiner
700027833,VESSEL_BRA_009,CN,fishing,1.0,purse_seiner,0.9999999709085257,0.0,0.0,0.0,1.0,0.0,0.0,0.0,0.0,0.0,0.002430555555555555,0.6,0.0,0.6,Fishing,Fishing - Purse Seiner
700027833,VESSEL_BRA_009,CN,fishing,0.9933333333333333,purse_seiner,0.9999999711723014,0.0,0.0,0.0,0.9933333333333333,0.004999999999999999,0.0,0.0,0.0016666666666666668,0.0,0.002430555555555555,0.6,0.0,0.6,Fishing,Fishing - Purse Seiner
700027833,VESSEL_BRA_009,CN,fishing,0.9972222222222222,purse_seiner,0.9999999703299467,0.0,0.0,0.0011111111111111111,0.9972222222222222,0.0,0.0,0.0,0.0,0.0016666666666666668,0.002430555555555555,0.6,0.0,0.6,Fishing,Fishing - Purse Seiner
700027833,VESSEL_BRA_009,CN,fishing,1.0,purse_seiner,0.9999999709009777,0.0,0.0,0.0,1.0,0.0,0.0,0.0,0.0,0.0,0.002430555555555555,0.6,0.0,0.6,Fishing,Fishing - Purse Seiner
700027833,VESSEL_BRA_009,CN,fishing,1.0,purse_seiner,0.9999999709086118,0.0,0.0,0.0,1.0,0.0,0.0,0.0,0.0,0.0,0.002430555555555555,0.6,0.0,0.6,Fishing,Fishing - Purse Seiner
700027833,VESSEL_BRA_009,CN,fishing,1.0,purse_seiner,0.9999999709085257,0.0,0.0,0.0,1.0,0.0,0.0,0.0,0.0,0.0,0.002430555555555555,0.6,0.0,0.6,Fishing,Fishing - Purse Seiner
700027833,VESSEL_BRA_009,CN,fishing,1.0,purse_seiner,0.9999999709714995,0.0,0.0,0.0,1.0,0.0,0.0,0.0,0.0,0.0,0.002430555555555555,0.6,0.0,0.6,Fishing,Fishing - Purse Seiner
700027833,VESSEL_BRA_009,CN,fishing,1.0,purse_seiner,0.9999999711629507,0.0,0.0,0.0,1.0,0.0,0.0,0.0,0.0,0.0,0.002430555555555555,0.6,0.0,0.6,Fishing,Fishing - Purse Seiner
700027833,VESSEL_BRA_009,CN,fishing,1.0,purse_seiner,0.9999999709009777,0.0,0.0,0.0,1.0,0.0,0.0,0.0,0.0,0.0,0.002430555555555555,0.6,0.0,0.6,Fishing,Fishing - Purse Seiner
700027833,VESSEL_BRA_009,CN,fishing,1.0,purse_seiner,0.9999999709008915,0.0,0.0,0.0,1.0,0.0,0.0,0.0,0.0,0.0,0.002430555555555555,0.6,0.0,0.6,Fishing,Fishing - Purse Seiner
700027833,VESSEL_BRA_009,CN,fishing,0.9966666666666667,purse_seiner,0.9999999702994473,0.0,0.0,0.0,0.9966666666666667,0.0033333333333333335,0.0,0.0,0.0,0.0,0.002430555555555555,0.6,0.0,0.6,Fishing,Fishing - Purse Seiner
700027833,VESSEL_BRA_009,CN,fishing,1.0,purse_seiner,0.9999999709086118,0.0,0.0,0.0,1.0,0.0,0.0,0.0,0.0,0.0,0.002430555555555555,0.6,0.0,0.6,Fishing,Fishing - Purse Seiner
700027833,VESSEL_BRA_009,CN,fishing,1.0,purse_seiner,0.9999999709009777,0.0,0.0,0.0,1.0,0.0,0.0,0.0,0.0,0.0,0.002430555555555555,0.6,0.0,0.6,Fishing,Fishing - Purse Seiner
700027833,VESSEL_BRA_009,CN,fishing,1.0,purse_seiner,0.9999999709714995,0.0,0.0,0.0,1.0,0.0,0.0,0.0,0.0,0.0,0.002430555555555555,0.6,0.0,0.6,Fishing,Fishing - Purse Seiner
700027833,VESSEL_BRA_009,CN,fishing,1.0,purse_seiner,0.9999999711629507,0.0,0.0,0.0,1.0,0.0,0.0,0.0,0.0,0.0,0.002430555555555555,0.6,0.0,0.6,Fishing,Fishing - Purse Seiner
700027833,VESSEL_BRA_009,CN,fishing,0.9425,purse_seiner,0.9999999711553335,0.0022222222222222222,0.012555555555555556,0.0033333333333333335,0.9425,0.004722222222222221,0.0,0.0,0.034666666666666665,0.0,0.002430555555555555,0.6,0.0,0.6,Fishing,Fishing - Purse Seiner
700027833,VESSEL_BRA_009,CN,transit,0.9253690476190476,purse_seiner,0.9999999703047766,0.009416666666666667,0.0033333333333333335,0.0,0.01322222222222222,0.0008333333333333334,0.0,0.047825396825396826,0.9253690476190476,0.0,0.002430555555555555,0.0,0.0,0.002430555555555555,Transit,Fishing - Purse Seiner
700027833,VESSEL_BRA_009,CN,transit,1.0,purse_seiner,0.9999999522009416,0.0,0.0,0.0,0.0,0.0,0.0,0.0,1.0,0.0,0.002430555555555555,0.0,0.0,0.002430555555555555,Transit,Fishing - Purse Seiner
700027833,VESSEL_BRA_009,CN,transit,1.0,purse_seiner,0.999999975526534,0.0,0.0,0.0,0.0,0.0,0.0,0.0,1.0,0.0,0.002430555555555555,0.0,0.0,0.002430555555555555,Transit,Fishing - Purse Seiner
700027833,VESSEL_BRA_009,CN,transit,0.9883333333333333,purse_seiner,0.9999999755011594,0.01,0.0016666666666666668,0.0,0.0,0.0,0.0,0.0,0.9883333333333333,0.0,0.002430555555555555,0.0,0.0,0.002430555555555555,Transit,Fishing - Purse Seiner
700027833,VESSEL_BRA_009,CN,transit,0.9845991561181434,purse_seiner,0.9999999755012204,0.0064908579465541485,0.00016877637130801687,0.0,0.0016666666666666668,0.0,0.0,0.0070745428973277074,0.9845991561181434,0.0,0.002430555555555555,0.0,0.0,0.002430555555555555,Transit,Fishing - Purse Seiner
700027833,VESSEL_BRA_009,CN,transit,0.9945991561181434,purse_seiner,0.9999999755012204,0.00037974683544303797,0.00016877637130801687,0.0,0.0016666666666666668,0.0,0.0,0.0031856540084388187,0.9945991561181434,0.0,0.002430555555555555,0.0,0.0,0.002430555555555555,Transit,Fishing - Purse Seiner
700027833,VESSEL_BRA_009,CN,transit,1.0,purse_seiner,0.9999999755012204,0.0,0.0,0.0,0.0,0.0,0.0,0.0,1.0,0.0,0.002430555555555555,0.0,0.0,0.002430555555555555,Transit,Fishing - Purse Seiner
700027833,VESSEL_BRA_009,CN,transit,1.0,purse_seiner,0.9999999755012204,0.0,0.0,0.0,0.0,0.0,0.0,0.0,1.0,0.0,0.002430555555555555,0.0,0.0,0.002430555555555555,Transit,Fishing - Purse Seiner
700027833,VESSEL_BRA_009,CN,transit,1.0,purse_seiner,0.9999999755279653,0.0,0.0,0.0,0.0,0.0,0.0,0.0,1.0,0.0,0.002430555555555555,0.0,0.0,0.002430555555555555,Transit,Fishing - Purse Seiner
700027833,VESSEL_BRA_009,CN,transit,1.0,purse_seiner,0.9999999755279653,0.0,0.0,0.0,0.0,0.0,0.0,0.0,1.0,0.0,0.002430555555555555,0.0,0.0,0.002430555555555555,Transit,Fishing - Purse Seiner
700027833,VESSEL_BRA_009,CN,transit,1.0,purse_seiner,0.9999999755012204,0.0,0.0,0.0,0.0,0.0,0.0,0.0,1.0,0.0,0.002430555555555555,0.0,0.0,0.002430555555555555,Transit,Fishing - Purse Seiner
700027833,VESSEL_BRA_009,CN,transit,1.0,purse_seiner,0.9999999755012204,0.0,0.0,0.0,0.0,0.0,0.0,0.0,1.0,0.0,0.002430555555555555,0.0,0.0,0.002430555555555555,Transit,Fishing - Purse Seiner
700027833,VESSEL_BRA_009,CN,transit,1.0,purse_seiner,0.9999999755115755,0.0,0.0,0.0,0.0,0.0,0.0,0.0,1.0,0.0,0.002430555555555555,0.0,0.0,0.002430555555555555,Transit,Fishing - Purse Seiner
700027833,VESSEL_BRA_009,CN,transit,1.0,purse_seiner,0.9999999755012204,0.0,0.0,0.0,0.0,0.0,0.0,0.0,1.0,0.0,0.002430555555555555,0.0,0.0,0.002430555555555555,Transit,Fishing - Purse Seiner
700027833,VESSEL_BRA_009,CN,transit,1.0,purse_seiner,0.999999975527904,0.0,0.0,0.0,0.0,0.0,0.0,0.0,1.0,0.0,0.002430555555555555,0.0,0.0,0.002430555555555555,Transit,Fishing - Purse Seiner
700027833,VESSEL_BRA_009,CN,transit,1.0,purse_seiner,0.9999999755012204,0.0,0.0,0.0,0.0,0.0,0.0,0.0,1.0,0.0,0.002430555555555555,0.0,0.0,0.002430555555555555,Transit,Fishing - Purse Seiner
700027833,VESSEL_BRA_009,CN,transit,1.0,purse_seiner,0.9999999755012204,0.0,0.0,0.0,0.0,0.0,0.0,0.0,1.0,0.0,0.002430555555555555,0.0,0.0,0.002430555555555555,Transit,Fishing - Purse Seiner
700027833,VESSEL_BRA_009,CN,transit,1.0,purse_seiner,0.9999999755012204,0.0,0.0,0.0,0.0,0.0,0.0,0.0,1.0,0.0,0.002430555555555555,0.0,0.0,0.002430555555555555,Transit,Fishing - Purse Seiner
700027833,VESSEL_BRA_009,CN,transit,1.0,purse_seiner,0.9999999755012204,0.0,0.0,0.0,0.0,0.0,0.0,0.0,1.0,0.0,0.002430555555555555,0.0,0.0,0.002430555555555555,Transit,Fishing - Purse Seiner
700027833,VESSEL_BRA_009,CN,transit,1.0,purse_seiner,0.9999999755012204,0.0,0.0,0.0,0.0,0.0,0.0,0.0,1.0,0.0,0.002430555555555555,0.0,0.0,0.002430555555555555,Transit,Fishing - Purse Seiner
700027833,VESSEL_BRA_009,CN,transit,1.0,purse_seiner,0.9999999755201908,0.0,0.0,0.0,0.0,0.0,0.0,0.0,1.0,0.0,0.002430555555555555,0.0,0.0,0.002430555555555555,Transit,Fishing - Purse Seiner
700027833,VESSEL_BRA_009,CN,transit,1.0,purse_seiner,0.9999999755012451,0.0,0.0,0.0,0.0,0.0,0.0,0.0,1.0,0.0,0.002430555555555555,0.0,0.0,0.002430555555555555,Transit,Fishing - Purse Seiner
700027833,VESSEL_BRA_009,CN,transit,1.0,purse_seiner,0.9999999755012204,0.0,0.0,0.0,0.0,0.0,0.0,0.0,1.0,0.0,0.002430555555555555,0.0,0.0,0.002430555555555555,Transit,Fishing - Purse Seiner
700027833,VESSEL_BRA_009,CN,transit,1.0,purse_seiner,0.9999999755012204,0.0,0.0,0.0,0.0,0.0,0.0,0.0,1.0,0.0,0.002430555555555555,0.0,0.0,0.002430555555555555,Transit,Fishing - Purse Seiner
700027833,VESSEL_BRA_009,CN,transit,1.0,purse_seiner,0.9999999755012204,0.0,0.0,0.0,0.0,0.0,0.0,0.0,1.0,0.0,0.002430555555555555,0.0,0.0,0.002430555555555555,Transit,Fishing - Purse Seiner
700027833,VESSEL_BRA_009,CN,transit,1.0,purse_seiner,0.9999999755012204,0.0,0.0,0.0,0.0,0.0,0.0,0.0,1.0,0.0,0.002430555555555555,0.0,0.0,0.002430555555555555,Transit,Fishing - Purse Seiner
700027833,VESSEL_BRA_009,CN,transit,1.0,purse_seiner,0.9999999755012204,0.0,0.0,0.0,0.0,0.0,0.0,0.0,1.0,0.0,0.002430555555555555,0.0,0.0,0.002430555555555555,Transit,Fishing - Purse Seiner
700027833,VESSEL_BRA_009,CN,transit,1.0,purse_seiner,0.9999999755012204,0.0,0.0,0.0,0.0,0.0,0.0,0.0,1.0,0.0,0.002430555555555555,0.0,0.0,0.002430555555555555,Transit,Fishing - Purse Seiner
700027833,VESSEL_BRA_009,CN,transit,1.0,purse_seiner,0.9999999755012204,0.0,0.0,0.0,0.0,0.0,0.0,0.0,1.0,0.0,0.002430555555555555,0.0,0.0,0.002430555555555555,Transit,Fishing - Purse Seiner
700027833,VESSEL_BRA_009,CN,transit,1.0,purse_seiner,0.9999999755012204,0.0,0.0,0.0,0.0,0.0,0.0,0.0,1.0,0.0,0.002430555555555555,0.0,0.0,0.002430555555555555,Transit,Fishing - Purse Seiner
700027834,VESSEL_BRA_010,PT,transit,0.9794444444444446,trawler,0.9999999413246935,0.0,0.0016666666666666668,0.0,0.007777777777777777,0.0033333333333333335,0.007777777777777777,0.0,0.9794444444444446,0.0,0.002430555555555555,0.0,0.0,0.002430555555555555,Transit,Fishing - Trawler
700027834,VESSEL_BRA_010,PT,transit,0.9838888888888889,trawler,0.9999999392720996,0.0033333333333333335,0.0016666666666666668,0.0,0.0027777777777777775,0.0,0.006666666666666667,0.0016666666666666668,0.9838888888888889,0.0,0.002430555555555555,0.0,0.0,0.002430555555555555,Transit,Fishing - Trawler
700027834,VESSEL_BRA_010,PT,transit,0.9977777777777778,trawler,0.999999941324684,0.0022222222222222222,0.0,0.0,0.0,0.0,0.0,0.0,0.9977777777777778,0.0,0.002430555555555555,0.0,0.0,0.002430555555555555,Transit,Fishing - Trawler
700027834,VESSEL_BRA_010,PT,transit,0.9966666666666667,trawler,0.999999941324684,0.0,0.0,0.0033333333333333335,0.0,0.0,0.0,0.0,0.9966666666666667,0.0,0.002430555555555555,0.0,0.0,0.002430555555555555,Transit,Fishing - Trawler
700027834,VESSEL_BRA_010,PT,transit,0.995,trawler,0.9999999413241843,0.0016666666666666668,0.0,0.0033333333333333335,0.0,0.0,0.0,0.0,0.995,0.0,0.002430555555555555,0.0,0.0,0.002430555555555555,Transit,Fishing - Trawler
700027834,VESSEL_BRA_010,PT,transit,0.995,trawler,0.999999941324684,0.0016666666666666668,0.0,0.0033333333333333335,0.0,0.0,0.0,0.0,0.995,0.0,0.002430555555555555,0.0,0.0,0.002430555555555555,Transit,Fishing - Trawler
700027834,VESSEL_BRA_010,PT,transit,0.9983333333333333,trawler,0.9999999413246935,0.0016666666666666668,0.0,0.0,0.0,0.0,0.0,0.0,0.9983333333333333,0.0,0.002430555555555555,0.0,0.0,0.002430555555555555,Transit,Fishing - Trawler
700027834,VESSEL_BRA_010,PT,transit,0.9522222222222221,trawler,0.9999999413246935,0.0016666666666666668,0.005,0.0033333333333333335,0.0011111111111111111,0.0,0.03666666666666667,0.0,0.9522222222222221,0.0,0.002430555555555555,0.0,0.0,0.002430555555555555,Transit,Fishing - Trawler
700027834,VESSEL_BRA_010,PT,transit,1.0,trawler,0.9999999413246935,0.0,0.0,0.0,0.0,0.0,0.0,0.0,1.0,0.0,0.002430555555555555,0.0,0.0,0.002430555555555555,Transit,Fishing - Trawler
700027834,VESSEL_BRA_010,PT,transit,0.9983333333333333,trawler,0.9999999413823671,0.0,0.0,0.0,0.0016666666666666668,0.0,0.0,0.0,0.9983333333333333,0.0,0.002430555555555555,0.0,0.0,0.002430555555555555,Transit,Fishing - Trawler
700027834,VESSEL_BRA_010,PT,fishing,0.9547222222222222,trawler,0.9999999394397475,0.0,0.0,0.0,0.9547222222222222,0.0030555555555555553,0.02,0.0,0.021111111111111112,0.0011111111111111111,0.002430555555555555,0.5727905507126237,0.0,0.5727905507126237,Fishing,Fishing - Trawler
700027834,VESSEL_BRA_010,PT,fishing,1.0,trawler,0.9999999413808248,0.0,0.0,0.0,1.0,0.0,0.0,0.0,0.0,0.0,0.002430555555555555,0.5736079824826698,0.0,0.5736079824826698,Fishing,Fishing - Trawler
700027834,VESSEL_BRA_010,PT,fishing,1.0,trawler,0.9999999413813244,0.0,0.0,0.0,1.0,0.0,0.0,0.0,0.0,0.0,0.002430555555555555,0.5709883301808338,0.0,0.5709883301808338,Fishing,Fishing - Trawler
700027834,VESSEL_BRA_010,PT,fishing,1.0,trawler,0.9999999407590277,0.0,0.0,0.0,1.0,0.0,0.0,0.0,0.0,0.0,0.002430555555555555,0.5705012208185736,0.0,0.5705012208185736,Fishing,Fishing - Trawler
700027834,VESSEL_BRA_010,PT,fishing,1.0,trawler,0.9999999408820285,0.0,0.0,0.0,1.0,0.0,0.0,0.0,0.0,0.0,0.002430555555555555,0.5715304018187751,0.0,0.5715304018187751,Fishing,Fishing - Trawler
700027834,VESSEL_BRA_010,PT,fishing,1.0,trawler,0.9999999402303938,0.0,0.0,0.0,1.0,0.0,0.0,0.0,0.0,0.0,0.002430555555555555,0.5727237446193205,0.0,0.5727237446193205,Fishing,Fishing - Trawler
700027834,VESSEL_BRA_010,PT,fishing,0.9933333333333333,trawler,0.9999999402303938,0.0,0.0,0.006666666666666667,0.9933333333333333,0.0,0.0,0.0,0.0,0.0,0.002430555555555555,0.5733042887972729,0.0,0.5733042887972729,Fishing,Fishing - Trawler
700027834,VESSEL_BRA_010,PT,fishing,1.0,trawler,0.9999999405702042,0.0,0.0,0.0,1.0,0.0,0.0,0.0,0.0,0.0,0.002430555555555555,0.5724117964072075,0.0,0.5724117964072075,Fishing,Fishing - Trawler
700027834,VESSEL_BRA_010,PT,fishing,1.0,trawler,0.9999999413886466,0.0,0.0,0.0,1.0,0.0,0.0,0.0,0.0,0.0,0.002430555555555555,0.5715517946434987,0.0,0.5715517946434987,Fishing,Fishing - Trawler
700027834,VESSEL_BRA_010,PT,fishing,1.0,trawler,0.9999999405702042,0.0,0.0,0.0,1.0,0.0,0.0,0.0,0.0,0.0,0.002430555555555555,0.5721548007053483,0.0,0.5721548007053483,Fishing,Fishing - Trawler
700027834,VESSEL_BRA_010,PT,fishing,0.9986666666666667,trawler,0.9999999413813244,0.0,0.0,0.0,0.9986666666666667,0.0013333333333333335,0.0,0.0,0.0,0.0,0.002430555555555555,0.5737202037078392,0.0,0.5737202037078392,Fishing,Fishing - Trawler
700027834,VESSEL_BRA_010,PT,fishing,1.0,trawler,0.9999999413813244,0.0,0.0,0.0,1.0,0.0,0.0,0.0,0.0,0.0,0.002430555555555555,0.5744196555607473,0.0,0.5744196555607473,Fishing,Fishing - Trawler
700027834,VESSEL_BRA_010,PT,fishing,0.9938888888888887,trawler,0.9999999413813244,0.0,0.0,0.0,0.9938888888888887,0.0,0.0,0.0,0.0061111111111111106,0.0,0.002430555555555555,0.5755734686829568,0.0,0.5755734686829568,Fishing,Fishing - Trawler
700027834,VESSEL_BRA_010,PT,fishing,1.0,trawler,0.9999999413813244,0.0,0.0,0.0,1.0,0.0,0.0,0.0,0.0,0.0,0.002430555555555555,0.5760435412267082,0.0,0.5760435412267082,Fishing,Fishing - Trawler
700027834,VESSEL_BRA_010,PT,fishing,1.0,trawler,0.9999999413813244,0.0,0.0,0.0,1.0,0.0,0.0,0.0,0.0,0.0,0.002430555555555555,0.5747624510850604,0.0,0.5747624510850604,Fishing,Fishing - Trawler
700027834,VESSEL_BRA_010,PT,fishing,0.6856666666666666,trawler,0.9999999413835187,0.0,0.006388888888888888,0.0033333333333333335,0.6856666666666666,0.0038888888888888883,0.057777777777777775,0.0,0.24294444444444446,0.0,0.002430555555555555,0.5722142941334394,0.0,0.5722142941334394,Fishing,Fishing - Trawler
700027834,VESSEL_BRA_010,PT,transit,0.9592222222222222,trawler,0.9999999410603019,0.0033333333333333335,0.0,0.0,0.008888888888888889,0.005388888888888889,0.0011111111111111111,0.012722222222222222,0.9592222222222222,0.009333333333333332,0.002430555555555555,0.0,0.0,0.002430555555555555,Transit,Fishing - Trawler
700027834,VESSEL_BRA_010,PT,transit,1.0,trawler,0.999999941324684,0.0,0.0,0.0,0.0,0.0,0.0,0.0,1.0,0.0,0.002430555555555555,0.0,0.0,0.002430555555555555,Transit,Fishing - Trawler
700027834,VESSEL_BRA_010,PT,transit,0.9983333333333333,trawler,0.999999941324684,0.0016666666666666668,0.0,0.0,0.0,0.0,0.0,0.0,0.9983333333333333,0.0,0.002430555555555555,0.0,0.0,0.002430555555555555,Transit,Fishing - Trawler
700027834,VESSEL_BRA_010,PT,transit,1.0,trawler,0.999999941324684,0.0,0.0,0.0,0.0,0.0,0.0,0.0,1.0,0.0,0.002430555555555555,0.0,0.0,0.002430555555555555,Transit,Fishing - Trawler
700027834,VESSEL_BRA_010,PT,fishing,0.7315555555555556,trawler,0.9999999413823671,0.0,0.0,0.0033333333333333335,0.7315555555555556,0.0008333333333333334,0.06733333333333333,0.0,0.19694444444444445,0.0,0.002430555555555555,0.5294723515776599,0.0,0.5294723515776599,Fishing,Fishing - Trawler
700027834,VESSEL_BRA_010,PT,fishing,0.8071666666666665,trawler,0.9999999413823671,0.0,0.0,0.008,0.8071666666666665,0.0008333333333333334,0.008333333333333333,0.0,0.16950000000000004,0.006166666666666667,0.002430555555555555,0.523681535184533,0.0,0.523681535184533,Fishing,Fishing - Trawler
700027834,VESSEL_BRA_010,PT,fishing,0.95,trawler,0.9999999413813244,0.0,0.025333333333333333,0.012222222222222221,0.95,0.0,0.0033333333333333335,0.0,0.009111111111111111,0.0,0.002430555555555555,0.520577351321794,0.0,0.520577351321794,Fishing,Fishing - Trawler
700027834,VESSEL_BRA_010,PT,fishing,0.9533333333333334,trawler,0.9999999413813244,0.0,0.023999999999999997,0.015555555555555553,0.9533333333333334,0.0,0.0,0.0,0.007111111111111111,0.0,0.002430555555555555,0.518626231980673,0.0,0.518626231980673,Fishing,Fishing - Trawler
700027834,VESSEL_BRA_010,PT,fishing,0.9533333333333334,trawler,0.9999999413813244,0.0,0.02733333333333333,0.012222222222222221,0.9533333333333334,0.0,0.0,0.0,0.007111111111111111,0.0,0.002430555555555555,0.5169194378960091,0.0,0.5169194378960091,Fishing,Fishing - Trawler
700027834,VESSEL_BRA_010,PT,fishing,0.9533333333333334,trawler,0.9999999413813244,0.0,0.023999999999999997,0.012222222222222221,0.9533333333333334,0.0,0.0,0.0,0.010444444444444444,0.0,0.002430555555555555,0.5150802414603293,0.0,0.5150802414603293,Fishing,Fishing - Trawler
700027834,VESSEL_BRA_010,PT,fishing,0.9586666666666668,trawler,0.9999999413813244,0.0,0.021777777777777774,0.012222222222222221,0.9586666666666668,0.0013333333333333335,0.0,0.0,0.005999999999999999,0.0,0.002430555555555555,0.5149429342382339,0.0,0.5149429342382339,Fishing,Fishing - Trawler
700027834,VESSEL_BRA_010,PT,fishing,0.96,trawler,0.9999999413813244,0.0,0.01844444444444444,0.018888888888888886,0.96,0.0,0.0,0.0,0.002666666666666667,0.0,0.002430555555555555,0.5177146379594133,0.0,0.5177146379594133,Fishing,Fishing - Trawler
700027834,VESSEL_BRA_010,PT,transit,0.6261785714285715,trawler,0.999999941382072,0.0,0.020749999999999998,0.03327777777777778,0.2200555555555555,0.042166666666666665,0.023626984126984125,0.0,0.6261785714285715,0.03394444444444444,0.002430555555555555,0.0,0.0,0.002430555555555555,Transit,Fishing - Trawler
700027834,VESSEL_BRA_010,PT,transit,0.975,trawler,0.9999999410603019,0.008,0.0,0.0,0.005,0.0,0.0033333333333333335,0.008666666666666666,0.975,0.0,0.002430555555555555,0.0,0.0,0.002430555555555555,Transit,Fishing - Trawler
700027834,VESSEL_BRA_010,PT,transit,1.0,trawler,0.999999941324684,0.0,0.0,0.0,0.0,0.0,0.0,0.0,1.0,0.0,0.002430555555555555,0.0,0.0,0.002430555555555555,Transit,Fishing - Trawler
700027834,VESSEL_BRA_010,PT,transit,1.0,trawler,0.9999999413241843,0.0,0.0,0.0,0.0,0.0,0.0,0.0,1.0,0.0,0.002430555555555555,0.0,0.0,0.002430555555555555,Transit,Fishing - Trawler
700027834,VESSEL_BRA_010,PT,transit,1.0,trawler,0.9999999410602921,0.0,0.0,0.0,0.0,0.0,0.0,0.0,1.0,0.0,0.002430555555555555,0.0,0.0,0.002430555555555555,Transit,Fishing - Trawler
700027834,VESSEL_BRA_010,PT,transit,1.0,trawler,0.9999999410602921,0.0,0.0,0.0,0.0,0.0,0.0,0.0,1.0,0.0,0.002430555555555555,0.0,0.0,0.002430555555555555,Transit,Fishing - Trawler
700027834,VESSEL_BRA_010,PT,transit,1.0,trawler,0.9999999413241843,0.0,0.0,0.0,0.0,0.0,0.0,0.0,1.0,0.0,0.002430555555555555,0.0,0.0,0.002430555555555555,Transit,Fishing - Trawler
700027834,VESSEL_BRA_010,PT,transit,1.0,trawler,0.9999999410602921,0.0,0.0,0.0,0.0,0.0,0.0,0.0,1.0,0.0,0.002430555555555555,0.0,0.0,0.002430555555555555,Transit,Fishing - Trawler
700027834,VESSEL_BRA_010,PT,transit,0.9983333333333333,trawler,0.9999999410602921,0.0,0.0016666666666666668,0.0,0.0,0.0,0.0,0.0,0.9983333333333333,0.0,0.002430555555555555,0.0,0.0,0.002430555555555555,Transit,Fishing - Trawler
700027834,VESSEL_BRA_010,PT,transit,1.0,trawler,0.999999941324684,0.0,0.0,0.0,0.0,0.0,0.0,0.0,1.0,0.0,0.002430555555555555,0.0,0.0,0.002430555555555555,Transit,Fishing - Trawler
700027834,VESSEL_BRA_010,PT,transit,1.0,trawler,0.999999941324684,0.0,0.0,0.0,0.0,0.0,0.0,0.0,1.0,0.0,0.002430555555555555,0.0,0.0,0.002430555555555555,Transit,Fishing - Trawler
700027834,VESSEL_BRA_010,PT,transit,0.9968213783403655,trawler,0.999999941324684,0.00037974683544303797,0.0012798874824191278,0.0,0.0,0.0,0.0,0.0015189873417721519,0.9968213783403655,0.0,0.002430555555555555,0.0,0.0,0.002430555555555555,Transit,Fishing - Trawler
700027834,VESSEL_BRA_010,PT,transit,0.9972222222222221,trawler,0.9999999410602921,0.0,0.0,0.0,0.0027777777777777775,0.0,0.0,0.0,0.9972222222222221,0.0,0.002430555555555555,0.0,0.0,0.002430555555555555,Transit,Fishing - Trawler
700027834,VESSEL_BRA_010,PT,transit,1.0,trawler,0.999999941324684,0.0,0.0,0.0,0.0,0.0,0.0,0.0,1.0,0.0,0.002430555555555555,0.0,0.0,0.002430555555555555,Transit,Fishing - Trawler
700027834,VESSEL_BRA_010,PT,transit,1.0,trawler,0.999999941324684,0.0,0.0,0.0,0.0,0.0,0.0,0.0,1.0,0.0,0.002430555555555555,0.0,0.0,0.002430555555555555,Transit,Fishing - Trawler
700027834,VESSEL_BRA_010,PT,transit,1.0,trawler,0.999999941324684,0.0,0.0,0.0,0.0,0.0,0.0,0.0,1.0,0.0,0.002430555555555555,0.0,0.0,0.002430555555555555,Transit,Fishing - Trawler
700027834,VESSEL_BRA_010,PT,transit,1.0,trawler,0.999999941324684,0.0,0.0,0.0,0.0,0.0,0.0,0.0,1.0,0.0,0.002430555555555555,0.0,0.0,0.002430555555555555,Transit,Fishing - Trawler
700027834,VESSEL_BRA_010,PT,transit,1.0,trawler,0.999999941324684,0.0,0.0,0.0,0.0,0.0,0.0,0.0,1.0,0.0,0.002430555555555555,0.0,0.0,0.002430555555555555,Transit,Fishing - Trawler
700027834,VESSEL_BRA_010,PT,transit,1.0,trawler,0.999999941324684,0.0,0.0,0.0,0.0,0.0,0.0,0.0,1.0,0.0,0.002430555555555555,0.0,0.0,0.002430555555555555,Transit,Fishing - Trawler
700027834,VESSEL_BRA_010,PT,transit,1.0,trawler,0.999999941324684,0.0,0.0,0.0,0.0,0.0,0.0,0.0,1.0,0.0,0.002430555555555555,0.0,0.0,0.002430555555555555,Transit,Fishing - Trawler
700027834,VESSEL_BRA_010,PT,transit,1.0,trawler,0.999999941324684,0.0,0.0,0.0,0.0,0.0,0.0,0.0,1.0,0.0,0.002430555555555555,0.0,0.0,0.002430555555555555,Transit,Fishing - Trawler
700027834,VESSEL_BRA_010,PT,transit,1.0,trawler,0.999999941324684,0.0,0.0,0.0,0.0,0.0,0.0,0.0,1.0,0.0,0.002430555555555555,0.0,0.0,0.002430555555555555,Transit,Fishing - Trawler
700027834,VESSEL_BRA_010,PT,transit,1.0,trawler,0.999999941324684,0.0,0.0,0.0,0.0,0.0,0.0,0.0,1.0,0.0,0.002430555555555555,0.0,0.0,0.002430555555555555,Transit,Fishing - Trawler
700027834,VESSEL_BRA_010,PT,transit,1.0,trawler,0.9999999410602921,0.0,0.0,0.0,0.0,0.0,0.0,0.0,1.0,0.0,0.002430555555555555,0.0,0.0,0.002430555555555555,Transit,Fishing - Trawler
700027834,VESSEL_BRA_010,PT,transit,1.0,trawler,0.999999941324684,0.0,0.0,0.0,0.0,0.0,0.0,0.0,1.0,0.0,0.002430555555555555,0.0,0.0,0.002430555555555555,Transit,Fishing - Trawler
700027834,VESSEL_BRA_010,PT,transit,1.0,trawler,0.9999999392720874,0.0,0.0,0.0,0.0,0.0,0.0,0.0,1.0,0.0,0.002430555555555555,0.0,0.0,0.002430555555555555,Transit,Fishing - Trawler
700027834,VESSEL_BRA_010,PT,transit,0.9983333333333333,trawler,0.999999941324684,0.0016666666666666668,0.0,0.0,0.0,0.0,0.0,0.0,0.9983333333333333,0.0,0.002430555555555555,0.0,0.0,0.002430555555555555,Transit,Fishing - Trawler
700027834,VESSEL_BRA_010,PT,transit,1.0,trawler,0.999999941324684,0.0,0.0,0.0,0.0,0.0,0.0,0.0,1.0,0.0,0.002430555555555555,0.0,0.0,0.002430555555555555,Transit,Fishing - Trawler
700027834,VESSEL_BRA_010,PT,transit,1.0,trawler,0.999999941324684,0.0,0.0,0.0,0.0,0.0,0.0,0.0,1.0,0.0,0.002430555555555555,0.0,0.0,0.002430555555555555,Transit,Fishing - Trawler
700027834,VESSEL_BRA_010,PT,transit,1.0,trawler,0.999999941324684,0.0,0.0,0.0,0.0,0.0,0.0,0.0,1.0,0.0,0.002430555555555555,0.0,0.0,0.002430555555555555,Transit,Fishing - Trawler
700027834,VESSEL_BRA_010,PT,transit,1.0,trawler,0.999999941324684,0.0,0.0,0.0,0.0,0.0,0.0,0.0,1.0,0.0,0.002430555555555555,0.0,0.0,0.002430555555555555,Transit,Fishing - Trawler
700027834,VESSEL_BRA_010,PT,transit,1.0,trawler,0.999999941324684,0.0,0.0,0.0,0.0,0.0,0.0,0.0,1.0,0.0,0.002430555555555555,0.0,0.0,0.002430555555555555,Transit,Fishing - Trawler
700027834,VESSEL_BRA_010,PT,transit,1.0,trawler,0.999999941324684,0.0,0.0,0.0,0.0,0.0,0.0,0.0,1.0,0.0,0.002430555555555555,0.0,0.0,0.002430555555555555,Transit,Fishing - Trawler
700027834,VESSEL_BRA_010,PT,transit,1.0,trawler,0.9999999410602921,0.0,0.0,0.0,0.0,0.0,0.0,0.0,1.0,0.0,0.002430555555555555,0.0,0.0,0.002430555555555555,Transit,Fishing - Trawler
700027834,VESSEL_BRA_010,PT,transit,1.0,trawler,0.999999941324684,0.0,0.0,0.0,0.0,0.0,0.0,0.0,1.0,0.0,0.002430555555555555,0.0,0.0,0.002430555555555555,Transit,Fishing - Trawler
700027834,VESSEL_BRA_010,PT,transit,1.0,trawler,0.999999941324684,0.0,0.0,0.0,0.0,0.0,0.0,0.0,1.0,0.0,0.002430555555555555,0.0,0.0,0.002430555555555555,Transit,Fishing - Trawler
700027834,VESSEL_BRA_010,PT,transit,1.0,trawler,0.999999941324684,0.0,0.0,0.0,0.0,0.0,0.0,0.0,1.0,0.0,0.002430555555555555,0.0,0.0,0.002430555555555555,Transit,Fishing - Trawler
700027834,VESSEL_BRA_010,PT,transit,0.9988888888888887,trawler,0.999999941324684,0.0,0.0,0.0,0.0011111111111111111,0.0,0.0,0.0,0.9988888888888887,0.0,0.002430555555555555,0.0,0.0,0.002430555555555555,Transit,Fishing - Trawler
700027834,VESSEL_BRA_010,PT,transit,1.0,trawler,0.999999941324684,0.0,0.0,0.0,0.0,0.0,0.0,0.0,1.0,0.0,0.002430555555555555,0.0,0.0,0.002430555555555555,Transit,Fishing - Trawler
700027834,VESSEL_BRA_010,PT,transit,1.0,trawler,0.999999941324684,0.0,0.0,0.0,0.0,0.0,0.0,0.0,1.0,0.0,0.002430555555555555,0.0,0.0,0.002430555555555555,Transit,Fishing - Trawler
700027834,VESSEL_BRA_010,PT,transit,1.0,trawler,0.999999941324684,0.0,0.0,0.0,0.0,0.0,0.0,0.0,1.0,0.0,0.002430555555555555,0.0,0.0,0.002430555555555555,Transit,Fishing - Trawler
700027834,VESSEL_BRA_010,PT,transit,1.0,trawler,0.999999941324684,0.0,0.0,0.0,0.0,0.0,0.0,0.0,1.0,0.0,0.002430555555555555,0.0,0.0,0.002430555555555555,Transit,Fishing - Trawler
700027834,VESSEL_BRA_010,PT,transit,1.0,trawler,0.999999941324684,0.0,0.0,0.0,0.0,0.0,0.0,0.0,1.0,0.0,0.002430555555555555,0.0,0.0,0.002430555555555555,Transit,Fishing - Trawler
700027834,VESSEL_BRA_010,PT,transit,1.0,trawler,0.999999941324684,0.0,0.0,0.0,0.0,0.0,0.0,0.0,1.0,0.0,0.002430555555555555,0.0,0.0,0.002430555555555555,Transit,Fishing - Trawler
700027834,VESSEL_BRA_010,PT,transit,1.0,trawler,0.999999941324684,0.0,0.0,0.0,0.0,0.0,0.0,0.0,1.0,0.0,0.002430555555555555,0.0,0.0,0.002430555555555555,Transit,Fishing - Trawler
700027834,VESSEL_BRA_010,PT,transit,1.0,trawler,0.9999999410602921,0.0,0.0,0.0,0.0,0.0,0.0,0.0,1.0,0.0,0.002430555555555555,0.0,0.0,0.002430555555555555,Transit,Fishing - Trawler
700027834,VESSEL_BRA_010,PT,transit,1.0,trawler,0.999999941324684,0.0,0.0,0.0,0.0,0.0,0.0,0.0,1.0,0.0,0.002430555555555555,0.0,0.0,0.002430555555555555,Transit,Fishing - Trawler
700027835,VESSEL_BRA_011,BR,transit,1.0,longliner,0.9999999809793171,0.0,0.0,0.0,0.0,0.0,0.0,0.0,1.0,0.0,0.002430555555555555,0.0,0.0,0.002430555555555555,Transit,Fishing - Longliner
700027835,VESSEL_BRA_011,BR,transit,1.0,longliner,0.9999999809793171,0.0,0.0,0.0,0.0,0.0,0.0,0.0,1.0,0.0,0.002430555555555555,0.0,0.0,0.002430555555555555,Transit,Fishing - Longliner
700027835,VESSEL_BRA_011,BR,transit,1.0,longliner,0.9999999809793171,0.0,0.0,0.0,0.0,0.0,0.0,0.0,1.0,0.0,0.002430555555555555,0.0,0.0,0.002430555555555555,Transit,Fishing - Longliner
700027835,VESSEL_BRA_011,BR,transit,1.0,longliner,0.9999999809793171,0.0,0.0,0.0,0.0,0.0,0.0,0.0,1.0,0.0,0.002430555555555555,0.0,0.0,0.002430555555555555,Transit,Fishing - Longliner
700027835,VESSEL_BRA_011,BR,transit,1.0,longliner,0.9999999809793171,0.0,0.0,0.0,0.0,0.0,0.0,0.0,1.0,0.0,0.002430555555555555,0.0,0.0,0.002430555555555555,Transit,Fishing - Longliner
700027835,VESSEL_BRA_011,BR,transit,1.0,longliner,0.9999999809793171,0.0,0.0,0.0,0.0,0.0,0.0,0.0,1.0,0.0,0.002430555555555555,0.0,0.0,0.002430555555555555,Transit,Fishing - Longliner
700027835,VESSEL_BRA_011,BR,transit,1.0,longliner,0.9999999809793171,0.0,0.0,0.0,0.0,0.0,0.0,0.0,1.0,0.0,0.002430555555555555,0.0,0.0,0.002430555555555555,Transit,Fishing - Longliner
700027835,VESSEL_BRA_011,BR,transit,1.0,longliner,0.9999999808622134,0.0,0.0,0.0,0.0,0.0,0.0,0.0,1.0,0.0,0.002430555555555555,0.0,0.0,0.002430555555555555,Transit,Fishing - Longliner
700027835,VESSEL_BRA_011,BR,transit,1.0,longliner,0.9999999809783852,0.0,0.0,0.0,0.0,0.0,0.0,0.0,1.0,0.0,0.002430555555555555,0.0,0.0,0.002430555555555555,Transit,Fishing - Longliner
700027835,VESSEL_BRA_011,BR,transit,0.9955555555555556,longliner,0.9999999808622134,0.0,0.0,0.0,0.0044444444444444444,0.0,0.0,0.0,0.9955555555555556,0.0,0.002430555555555555,0.0,0.0,0.002430555555555555,Transit,Fishing - Longliner
700027835,VESSEL_BRA_011,BR,fishing,0.9554999999999999,longliner,0.9999999795412777,0.0,0.0,0.0,0.9554999999999999,0.004666666666666666,0.0006666666666666668,0.0,0.03694444444444445,0.0022222222222222222,0.002430555555555555,0.4695800343370254,0.0,0.4695800343370254,Fishing,Fishing - Longliner
700027835,VESSEL_BRA_011,BR,fishing,0.9936111111111112,longliner,0.9999999806342174,0.0,0.0,0.0,0.9936111111111112,0.0008333333333333334,0.0,0.0,0.0,0.005555555555555555,0.002430555555555555,0.4701771023028027,0.0,0.4701771023028027,Fishing,Fishing - Longliner
700027835,VESSEL_BRA_011,BR,fishing,0.9983333333333333,longliner,0.9999999805328853,0.0,0.0,0.0,0.9983333333333333,0.0016666666666666668,0.0,0.0,0.0,0.0,0.002430555555555555,0.4702370567815389,0.0,0.4702370567815389,Fishing,Fishing - Longliner
700027835,VESSEL_BRA_011,BR,fishing,1.0,longliner,0.9999999805328853,0.0,0.0,0.0,1.0,0.0,0.0,0.0,0.0,0.0,0.002430555555555555,0.4693687819552317,0.0,0.4693687819552317,Fishing,Fishing - Longliner
700027835,VESSEL_BRA_011,BR,fishing,1.0,longliner,0.9999999805328853,0.0,0.0,0.0,1.0,0.0,0.0,0.0,0.0,0.0,0.002430555555555555,0.46842234089572393,0.0,0.46842234089572393,Fishing,Fishing - Longliner
700027835,VESSEL_BRA_011,BR,fishing,1.0,longliner,0.9999999805328822,0.0,0.0,0.0,1.0,0.0,0.0,0.0,0.0,0.0,0.002430555555555555,0.46822170270420915,0.0,0.46822170270420915,Fishing,Fishing - Longliner
700027835,VESSEL_BRA_011,BR,fishing,0.9954999999999999,longliner,0.9999999805328853,0.0,0.0,0.0,0.9954999999999999,0.002833333333333333,0.0,0.0016666666666666668,0.0,0.0,0.002430555555555555,0.468816038365313,0.0,0.468816038365313,Fishing,Fishing - Longliner
700027835,VESSEL_BRA_011,BR,fishing,1.0,longliner,0.9999999805328853,0.0,0.0,0.0,1.0,0.0,0.0,0.0,0.0,0.0,0.002430555555555555,0.4697068181164361,0.0,0.4697068181164361,Fishing,Fishing - Longliner
700027835,VESSEL_BRA_011,BR,fishing,1.0,longliner,0.9999999805328822,0.0,0.0,0.0,1.0,0.0,0.0,0.0,0.0,0.0,0.002430555555555555,0.4709539458982359,0.0,0.4709539458982359,Fishing,Fishing - Longliner
700027835,VESSEL_BRA_011,BR,fishing,0.9941666666666666,longliner,0.9999999805328822,0.0,0.0022222222222222222,0.0008333333333333334,0.9941666666666666,0.0011111111111111111,0.0016666666666666668,0.0,0.0,0.0,0.002430555555555555,0.47271949538140795,0.0,0.47271949538140795,Fishing,Fishing - Longliner
700027835,VESSEL_BRA_011,BR,fishing,0.9553253968253969,longliner,0.9999999805219765,0.009563492063492062,0.006666666666666667,0.0017777777777777776,0.9553253968253969,0.004166666666666667,0.0016666666666666668,0.01,0.008055555555555555,0.0027777777777777775,0.002430555555555555,0.4747295196772179,0.0,0.4747295196772179,Fishing,Fishing - Longliner
700027835,VESSEL_BRA_011,BR,fishing,1.0,longliner,0.9999999805328853,0.0,0.0,0.0,1.0,0.0,0.0,0.0,0.0,0.0,0.002430555555555555,0.47645987915197474,0.0,0.47645987915197474,Fishing,Fishing - Longliner
700027835,VESSEL_BRA_011,BR,fishing,0.9977777777777779,longliner,0.9999999805328853,0.0,0.0,0.0,0.9977777777777779,0.0022222222222222222,0.0,0.0,0.0,0.0,0.002430555555555555,0.47806935572430553,0.0,0.47806935572430553,Fishing,Fishing - Longliner
700027835,VESSEL_BRA_011,BR,fishing,1.0,longliner,0.9999999805328853,0.0,0.0,0.0,1.0,0.0,0.0,0.0,0.0,0.0,0.002430555555555555,0.4797377805443304,0.0,0.4797377805443304,Fishing,Fishing - Longliner
700027835,VESSEL_BRA_011,BR,fishing,1.0,longliner,0.9999999805328853,0.0,0.0,0.0,1.0,0.0,0.0,0.0,0.0,0.0,0.002430555555555555,0.48102827702424533,0.0,0.48102827702424533,Fishing,Fishing - Longliner
700027835,VESSEL_BRA_011,BR,fishing,0.9954999999999999,longliner,0.9999999805266434,0.0,0.0,0.0,0.9954999999999999,0.002833333333333333,0.0,0.0,0.0016666666666666668,0.0,0.002430555555555555,0.4812204848317691,0.0,0.4812204848317691,Fishing,Fishing - Longliner
700027835,VESSEL_BRA_011,BR,transit,0.9532222222222223,longliner,0.9999999802368174,0.0,0.0,0.0,0.01111111111111111,0.0008333333333333334,0.027944444444444442,0.005555555555555555,0.9532222222222223,0.0013333333333333335,0.002430555555555555,0.0,0.0,0.002430555555555555,Transit,Fishing - Longliner
700027835,VESSEL_BRA_011,BR,transit,0.9993333333333334,longliner,0.9999999808631838,0.0,0.0,0.0,0.0006666666666666668,0.0,0.0,0.0,0.9993333333333334,0.0,0.002430555555555555,0.0,0.0,0.002430555555555555,Transit,Fishing - Longliner
700027835,VESSEL_BRA_011,BR,transit,0.9459682539682539,longliner,0.999999981017582,0.0,0.0,0.0,0.02666666666666667,0.0,0.02603174603174603,0.0,0.9459682539682539,0.0013333333333333335,0.002430555555555555,0.0,0.0,0.002430555555555555,Transit,Fishing - Longliner
700027835,VESSEL_BRA_011,BR,fishing,0.977611111111111,longliner,0.9999999795474306,0.0,0.0,0.0,0.977611111111111,0.0016666666666666668,0.0015,0.0,0.01838888888888889,0.0008333333333333334,0.002430555555555555,0.48473189179868037,0.0,0.48473189179868037,Fishing,Fishing - Longliner
700027835,VESSEL_BRA_011,BR,fishing,0.9991666666666666,longliner,0.9999999805266434,0.0,0.0,0.0,0.9991666666666666,0.0008333333333333334,0.0,0.0,0.0,0.0,0.002430555555555555,0.4871035821846866,0.0,0.4871035821846866,Fishing,Fishing - Longliner
700027835,VESSEL_BRA_011,BR,fishing,1.0,longliner,0.9999999805328822,0.0,0.0,0.0,1.0,0.0,0.0,0.0,0.0,0.0,0.002430555555555555,0.4885211826858844,0.0,0.4885211826858844,Fishing,Fishing - Longliner
700027835,VESSEL_BRA_011,BR,fishing,1.0,longliner,0.9999999805328853,0.0,0.0,0.0,1.0,0.0,0.0,0.0,0.0,0.0,0.002430555555555555,0.4899275653363093,0.0,0.4899275653363093,Fishing,Fishing - Longliner
700027835,VESSEL_BRA_011,BR,fishing,1.0,longliner,0.9999999805328853,0.0,0.0,0.0,1.0,0.0,0.0,0.0,0.0,0.0,0.002430555555555555,0.4908838973916342,0.0,0.4908838973916342,Fishing,Fishing - Longliner
700027835,VESSEL_BRA_011,BR,fishing,0.9876587301587301,longliner,0.9999999805219796,0.0009523809523809524,0.0,0.0,0.9876587301587301,0.0,0.0,0.0033333333333333335,0.005277777777777778,0.0027777777777777775,0.002430555555555555,0.4915008738614697,0.0,0.4915008738614697,Fishing,Fishing - Longliner
700027835,VESSEL_BRA_011,BR,fishing,1.0,longliner,0.9999999805328853,0.0,0.0,0.0,1.0,0.0,0.0,0.0,0.0,0.0,0.002430555555555555,0.4926744268608828,0.0,0.4926744268608828,Fishing,Fishing - Longliner
700027835,VESSEL_BRA_011,BR,fishing,1.0,longliner,0.9999999803572731,0.0,0.0,0.0,1.0,0.0,0.0,0.0,0.0,0.0,0.002430555555555555,0.4926396254605653,0.0,0.4926396254605653,Fishing,Fishing - Longliner
700027835,VESSEL_BRA_011,BR,fishing,0.9983333333333333,longliner,0.999999980553642,0.0,0.0,0.0,0.9983333333333333,0.0016666666666666668,0.0,0.0,0.0,0.0,0.002430555555555555,0.4911605061330072,0.0,0.4911605061330072,Fishing,Fishing - Longliner
700027835,VESSEL_BRA_011,BR,fishing,1.0,longliner,0.9999999810280974,0.0,0.0,0.0,1.0,0.0,0.0,0.0,0.0,0.0,0.002430555555555555,0.4902714224284471,0.0,0.4902714224284471,Fishing,Fishing - Longliner
700027835,VESSEL_BRA_011,BR,transit,0.9686111111111112,longliner,0.9999999802368174,0.0011111111111111111,0.006666666666666666,0.0,0.01638888888888889,0.0,0.003611111111111111,0.0011111111111111111,0.9686111111111112,0.0025,0.002430555555555555,0.0,0.0,0.002430555555555555,Transit,Fishing - Longliner
700027835,VESSEL_BRA_011,BR,transit,1.0,longliner,0.9999999808631791,0.0,0.0,0.0,0.0,0.0,0.0,0.0,1.0,0.0,0.002430555555555555,0.0,0.0,0.002430555555555555,Transit,Fishing - Longliner
700027835,VESSEL_BRA_011,BR,transit,1.0,longliner,0.9999999809793171,0.0,0.0,0.0,0.0,0.0,0.0,0.0,1.0,0.0,0.002430555555555555,0.0,0.0,0.002430555555555555,Transit,Fishing - Longliner
700027835,VESSEL_BRA_011,BR,transit,0.9979324894514767,longliner,0.9999999809793171,0.00037974683544303797,0.00016877637130801687,0.0,0.0,0.0,0.0,0.0015189873417721519,0.9979324894514767,0.0,0.002430555555555555,0.0,0.0,0.002430555555555555,Transit,Fishing - Longliner
700027835,VESSEL_BRA_011,BR,transit,1.0,longliner,0.9999999809793171,0.0,0.0,0.0,0.0,0.0,0.0,0.0,1.0,0.0,0.002430555555555555,0.0,0.0,0.002430555555555555,Transit,Fishing - Longliner
700027835,VESSEL_BRA_011,BR,transit,1.0,longliner,0.9999999809793171,0.0,0.0,0.0,0.0,0.0,0.0,0.0,1.0,0.0,0.002430555555555555,0.0,0.0,0.002430555555555555,Transit,Fishing - Longliner
700027835,VESSEL_BRA_011,BR,transit,1.0,longliner,0.9999999809793171,0.0,0.0,0.0,0.0,0.0,0.0,0.0,1.0,0.0,0.002430555555555555,0.0,0.0,0.002430555555555555,Transit,Fishing - Longliner
700027835,VESSEL_BRA_011,BR,transit,1.0,longliner,0.9999999809793171,0.0,0.0,0.0,0.0,0.0,0.0,0.0,1.0,0.0,0.002430555555555555,0.0,0.0,0.002430555555555555,Transit,Fishing - Longliner
700027835,VESSEL_BRA_011,BR,transit,1.0,longliner,0.9999999809793171,0.0,0.0,0.0,0.0,0.0,0.0,0.0,1.0,0.0,0.002430555555555555,0.0,0.0,0.002430555555555555,Transit,Fishing - Longliner
700027835,VESSEL_BRA_011,BR,transit,1.0,longliner,0.9999999809793171,0.0,0.0,0.0,0.0,0.0,0.0,0.0,1.0,0.0,0.002430555555555555,0.0,0.0,0.002430555555555555,Transit,Fishing - Longliner
700027835,VESSEL_BRA_011,BR,transit,0.9908333333333333,longliner,0.9999999809793171,0.0,0.0,0.0,0.0,0.0008333333333333334,0.008333333333333333,0.0,0.9908333333333333,0.0,0.002430555555555555,0.0,0.0,0.002430555555555555,Transit,Fishing - Longliner
700027835,VESSEL_BRA_011,BR,transit,1.0,longliner,0.9999999809783852,0.0,0.0,0.0,0.0,0.0,0.0,0.0,1.0,0.0,0.002430555555555555,0.0,0.0,0.002430555555555555,Transit,Fishing - Longliner
700027835,VESSEL_BRA_011,BR,transit,1.0,longliner,0.9999999809783852,0.0,0.0,0.0,0.0,0.0,0.0,0.0,1.0,0.0,0.002430555555555555,0.0,0.0,0.002430555555555555,Transit,Fishing - Longliner
700027835,VESSEL_BRA_011,BR,transit,1.0,longliner,0.9999999809793171,0.0,0.0,0.0,0.0,0.0,0.0,0.0,1.0,0.0,0.002430555555555555,0.0,0.0,0.002430555555555555,Transit,Fishing - Longliner
700027835,VESSEL_BRA_011,BR,transit,1.0,longliner,0.9999999809793171,0.0,0.0,0.0,0.0,0.0,0.0,0.0,1.0,0.0,0.002430555555555555,0.0,0.0,0.002430555555555555,Transit,Fishing - Longliner
700027835,VESSEL_BRA_011,BR,transit,1.0,longliner,0.9999999808622134,0.0,0.0,0.0,0.0,0.0,0.0,0.0,1.0,0.0,0.002430555555555555,0.0,0.0,0.002430555555555555,Transit,Fishing - Longliner
700027835,VESSEL_BRA_011,BR,transit,1.0,longliner,0.9999999809783852,0.0,0.0,0.0,0.0,0.0,0.0,0.0,1.0,0.0,0.002430555555555555,0.0,0.0,0.002430555555555555,Transit,Fishing - Longliner
700027835,VESSEL_BRA_011,BR,transit,0.9983333333333333,longliner,0.9999999809793171,0.0,0.0,0.0,0.0,0.0,0.0,0.0016666666666666668,0.9983333333333333,0.0,0.002430555555555555,0.0,0.0,0.002430555555555555,Transit,Fishing - Longliner
700027835,VESSEL_BRA_011,BR,transit,1.0,longliner,0.9999999809793171,0.0,0.0,0.0,0.0,0.0,0.0,0.0,1.0,0.0,0.002430555555555555,0.0,0.0,0.002430555555555555,Transit,Fishing - Longliner
700027835,VESSEL_BRA_011,BR,transit,1.0,longliner,0.9999999809793171,0.0,0.0,0.0,0.0,0.0,0.0,0.0,1.0,0.0,0.002430555555555555,0.0,0.0,0.002430555555555555,Transit,Fishing - Longliner
700027835,VESSEL_BRA_011,BR,transit,1.0,longliner,0.9999999809793171,0.0,0.0,0.0,0.0,0.0,0.0,0.0,1.0,0.0,0.002430555555555555,0.0,0.0,0.002430555555555555,Transit,Fishing - Longliner
700027835,VESSEL_BRA_011,BR,transit,1.0,longliner,0.9999999809793171,0.0,0.0,0.0,0.0,0.0,0.0,0.0,1.0,0.0,0.002430555555555555,0.0,0.0,0.002430555555555555,Transit,Fishing - Longliner
700027835,VESSEL_BRA_011,BR,transit,1.0,longliner,0.9999999809793171,0.0,0.0,0.0,0.0,0.0,0.0,0.0,1.0,0.0,0.002430555555555555,0.0,0.0,0.002430555555555555,Transit,Fishing - Longliner
700027835,VESSEL_BRA_011,BR,transit,1.0,longliner,0.9999999809793171,0.0,0.0,0.0,0.0,0.0,0.0,0.0,1.0,0.0,0.002430555555555555,0.0,0.0,0.002430555555555555,Transit,Fishing - Longliner
700027835,VESSEL_BRA_011,BR,transit,1.0,longliner,0.9999999809793171,0.0,0.0,0.0,0.0,0.0,0.0,0.0,1.0,0.0,0.002430555555555555,0.0,0.0,0.002430555555555555,Transit,Fishing - Longliner
700027835,VESSEL_BRA_011,BR,transit,1.0,longliner,0.9999999809793171,0.0,0.0,0.0,0.0,0.0,0.0,0.0,1.0,0.0,0.002430555555555555,0.0,0.0,0.002430555555555555,Transit,Fishing - Longliner
700027835,VESSEL_BRA_011,BR,transit,1.0,longliner,0.9999999809793171,0.0,0.0,0.0,0.0,0.0,0.0,0.0,1.0,0.0,0.002430555555555555,0.0,0.0,0.002430555555555555,Transit,Fishing - Longliner
700027835,VESSEL_BRA_011,BR,transit,1.0,longliner,0.9999999809793171,0.0,0.0,0.0,0.0,0.0,0.0,0.0,1.0,0.0,0.002430555555555555,0.0,0.0,0.002430555555555555,Transit,Fishing - Longliner
700027835,VESSEL_BRA_011,BR,transit,1.0,longliner,0.9999999809793171,0.0,0.0,0.0,0.0,0.0,0.0,0.0,1.0,0.0,0.002430555555555555,0.0,0.0,0.002430555555555555,Transit,Fishing - Longliner
700027835,VESSEL_BRA_011,BR,transit,1.0,longliner,0.9999999809793171,0.0,0.0,0.0,0.0,0.0,0.0,0.0,1.0,0.0,0.002430555555555555,0.0,0.0,0.002430555555555555,Transit,Fishing - Longliner
700027835,VESSEL_BRA_011,BR,transit,1.0,longliner,0.9999999809793171,0.0,0.0,0.0,0.0,0.0,0.0,0.0,1.0,0.0,0.002430555555555555,0.0,0.0,0.002430555555555555,Transit,Fishing - Longliner
700027835,VESSEL_BRA_011,BR,transit,1.0,longliner,0.9999999809793171,0.0,0.0,0.0,0.0,0.0,0.0,0.0,1.0,0.0,0.002430555555555555,0.0,0.0,0.002430555555555555,Transit,Fishing - Longliner
700027835,VESSEL_BRA_011,BR,transit,1.0,longliner,0.9999999809793171,0.0,0.0,0.0,0.0,0.0,0.0,0.0,1.0,0.0,0.002430555555555555,0.0,0.0,0.002430555555555555,Transit,Fishing - Longliner
700027835,VESSEL_BRA_011,BR,transit,1.0,longliner,0.9999999809793171,0.0,0.0,0.0,0.0,0.0,0.0,0.0,1.0,0.0,0.002430555555555555,0.0,0.0,0.002430555555555555,Transit,Fishing - Longliner
700027835,VESSEL_BRA_011,BR,transit,0.9957102672292545,longliner,0.9999999809793171,0.00037974683544303797,0.00016877637130801687,0.0,0.0,0.0,0.0,0.0037412095639943743,0.9957102672292545,0.0,0.002430555555555555,0.0,0.0,0.002430555555555555,Transit,Fishing - Longliner
700027835,VESSEL_BRA_011,BR,transit,0.9979324894514767,longliner,0.9999999809793171,0.00037974683544303797,0.00016877637130801687,0.0,0.0,0.0,0.0,0.0015189873417721519,0.9979324894514767,0.0,0.002430555555555555,0.0,0.0,0.002430555555555555,Transit,Fishing - Longliner
700027835,VESSEL_BRA_011,BR,transit,0.9816666666666667,longliner,0.9999999809793171,0.0,0.0,0.0,0.006666666666666667,0.0,0.011666666666666667,0.0,0.9816666666666667,0.0,0.002430555555555555,0.0,0.0,0.002430555555555555,Transit,Fishing - Longliner
700027835,VESSEL_BRA_011,BR,transit,1.0,longliner,0.9999999809906878,0.0,0.0,0.0,0.0,0.0,0.0,0.0,1.0,0.0,0.002430555555555555,0.0,0.0,0.002430555555555555,Transit,Fishing - Longliner
700027835,VESSEL_BRA_011,BR,transit,1.0,longliner,0.9999999809793171,0.0,0.0,0.0,0.0,0.0,0.0,0.0,1.0,0.0,0.002430555555555555,0.0,0.0,0.002430555555555555,Transit,Fishing - Longliner
700027835,VESSEL_BRA_011,BR,transit,1.0,longliner,0.9999999809793171,0.0,0.0,0.0,0.0,0.0,0.0,0.0,1.0,0.0,0.002430555555555555,0.0,0.0,0.002430555555555555,Transit,Fishing - Longliner
700027835,VESSEL_BRA_011,BR,transit,1.0,longliner,0.9999999809793171,0.0,0.0,0.0,0.0,0.0,0.0,0.0,1.0,0.0,0.002430555555555555,0.0,0.0,0.002430555555555555,Transit,Fishing - Longliner
700027835,VESSEL_BRA_011,BR,transit,1.0,longliner,0.9999999809852446,0.0,0.0,0.0,0.0,0.0,0.0,0.0,1.0,0.0,0.002430555555555555,0.0,0.0,0.002430555555555555,Transit,Fishing - Longliner
700027835,VESSEL_BRA_011,BR,transit,1.0,longliner,0.9999999809783852,0.0,0.0,0.0,0.0,0.0,0.0,0.0,1.0,0.0,0.002430555555555555,0.0,0.0,0.002430555555555555,Transit,Fishing - Longliner
700027835,VESSEL_BRA_011,BR,transit,1.0,longliner,0.9999999808622134,0.0,0.0,0.0,0.0,0.0,0.0,0.0,1.0,0.0,0.002430555555555555,0.0,0.0,0.002430555555555555,Transit,Fishing - Longliner
700027835,VESSEL_BRA_011,BR,transit,1.0,longliner,0.9999999809790113,0.0,0.0,0.0,0.0,0.0,0.0,0.0,1.0,0.0,0.002430555555555555,0.0,0.0,0.002430555555555555,Transit,Fishing - Longliner
700027835,VESSEL_BRA_011,BR,transit,0.9983333333333333,longliner,0.9999999809793171,0.0,0.0,0.0,0.0,0.0,0.0016666666666666668,0.0,0.9983333333333333,0.0,0.002430555555555555,0.0,0.0,0.002430555555555555,Transit,Fishing - Longliner
700027836,VESSEL_BRA_012,ES,transit,1.0,trawler,0.9999999819635549,0.0,0.0,0.0,0.0,0.0,0.0,0.0,1.0,0.0,0.002430555555555555,0.0,0.0,0.002430555555555555,Transit,Fishing - Trawler
700027836,VESSEL_BRA_012,ES,transit,0.9983333333333333,trawler,0.9999999820801558,0.0,0.0,0.0,0.0,0.0,0.0016666666666666668,0.0,0.9983333333333333,0.0,0.002430555555555555,0.0,0.0,0.002430555555555555,Transit,Fishing - Trawler
700027836,VESSEL_BRA_012,ES,transit,1.0,trawler,0.9999999820801558,0.0,0.0,0.0,0.0,0.0,0.0,0.0,1.0,0.0,0.002430555555555555,0.0,0.0,0.002430555555555555,Transit,Fishing - Trawler
700027836,VESSEL_BRA_012,ES,transit,1.0,trawler,0.9999999820801558,0.0,0.0,0.0,0.0,0.0,0.0,0.0,1.0,0.0,0.002430555555555555,0.0,0.0,0.002430555555555555,Transit,Fishing - Trawler
700027836,VESSEL_BRA_012,ES,transit,1.0,trawler,0.9999999820801558,0.0,0.0,0.0,0.0,0.0,0.0,0.0,1.0,0.0,0.002430555555555555,0.0,0.0,0.002430555555555555,Transit,Fishing - Trawler
700027836,VESSEL_BRA_012,ES,transit,1.0,trawler,0.9999999820801558,0.0,0.0,0.0,0.0,0.0,0.0,0.0,1.0,0.0,0.002430555555555555,0.0,0.0,0.002430555555555555,Transit,Fishing - Trawler
700027836,VESSEL_BRA_012,ES,transit,1.0,trawler,0.9999999820801558,0.0,0.0,0.0,0.0,0.0,0.0,0.0,1.0,0.0,0.002430555555555555,0.0,0.0,0.002430555555555555,Transit,Fishing - Trawler
700027836,VESSEL_BRA_012,ES,transit,0.9913333333333333,trawler,0.9999999820801991,0.006999999999999998,0.0016666666666666668,0.0,0.0,0.0,0.0,0.0,0.9913333333333333,0.0,0.002430555555555555,0.0,0.0,0.002430555555555555,Transit,Fishing - Trawler
700027836,VESSEL_BRA_012,ES,transit,0.5293095238095238,trawler,0.9999999821190223,0.0,0.0,0.0,0.4595396825396826,0.0011111111111111111,0.00861111111111111,0.0,0.5293095238095238,0.0014285714285714286,0.002430555555555555,0.0,0.0,0.002430555555555555,Transit,Fishing - Trawler
700027836,VESSEL_BRA_012,ES,fishing,0.9630555555555557,trawler,0.9999999821094773,0.0,0.0,0.0,0.9630555555555557,0.0,0.0033333333333333335,0.0,0.03361111111111111,0.0,0.002430555555555555,0.35,0.0,0.35,Fishing,Fishing - Trawler
700027836,VESSEL_BRA_012,ES,fishing,1.0,trawler,0.999999982100768,0.0,0.0,0.0,1.0,0.0,0.0,0.0,0.0,0.0,0.002430555555555555,0.35,0.0,0.35,Fishing,Fishing - Trawler
700027836,VESSEL_BRA_012,ES,fishing,1.0,trawler,0.9999999821017213,0.0,0.0,0.0,1.0,0.0,0.0,0.0,0.0,0.0,0.002430555555555555,0.35,0.0,0.35,Fishing,Fishing - Trawler
700027836,VESSEL_BRA_012,ES,fishing,1.0,trawler,0.9999999821017213,0.0,0.0,0.0,1.0,0.0,0.0,0.0,0.0,0.0,0.002430555555555555,0.35,0.0,0.35,Fishing,Fishing - Trawler
700027836,VESSEL_BRA_012,ES,fishing,1.0,trawler,0.9999999821017213,0.0,0.0,0.0,1.0,0.0,0.0,0.0,0.0,0.0,0.002430555555555555,0.35,0.0,0.35,Fishing,Fishing - Trawler
700027836,VESSEL_BRA_012,ES,fishing,1.0,trawler,0.9999999821017213,0.0,0.0,0.0,1.0,0.0,0.0,0.0,0.0,0.0,0.002430555555555555,0.35,0.0,0.35,Fishing,Fishing - Trawler
700027836,VESSEL_BRA_012,ES,fishing,1.0,trawler,0.999999982100768,0.0,0.0,0.0,1.0,0.0,0.0,0.0,0.0,0.0,0.002430555555555555,0.35,0.0,0.35,Fishing,Fishing - Trawler
700027836,VESSEL_BRA_012,ES,fishing,0.9977777777777778,trawler,0.999999982100768,0.0,0.0,0.0,0.9977777777777778,0.0,0.0,0.0,0.0022222222222222222,0.0,0.002430555555555555,0.35,0.0,0.35,Fishing,Fishing - Trawler
700027836,VESSEL_BRA_012,ES,fishing,0.9986666666666667,trawler,0.9999999821012701,0.0,0.0,0.0,0.9986666666666667,0.0013333333333333335,0.0,0.0,0.0,0.0,0.002430555555555555,0.35,0.0,0.35,Fishing,Fishing - Trawler
700027836,VESSEL_BRA_012,ES,fishing,1.0,trawler,0.9999999821022231,0.0,0.0,0.0,1.0,0.0,0.0,0.0,0.0,0.0,0.002430555555555555,0.35,0.0,0.35,Fishing,Fishing - Trawler
700027836,VESSEL_BRA_012,ES,fishing,0.9988888888888889,trawler,0.9999999817867483,0.0,0.0,0.0,0.9988888888888889,0.0,0.0,0.0,0.0,0.0011111111111111111,0.002430555555555555,0.35,0.0,0.35,Fishing,Fishing - Trawler
700027836,VESSEL_BRA_012,ES,fishing,1.0,trawler,0.9999999821017213,0.0,0.0,0.0,1.0,0.0,0.0,0.0,0.0,0.0,0.002430555555555555,0.35,0.0,0.35,Fishing,Fishing - Trawler
700027836,VESSEL_BRA_012,ES,fishing,1.0,trawler,0.999999982100768,0.0,0.0,0.0,1.0,0.0,0.0,0.0,0.0,0.0,0.002430555555555555,0.35,0.0,0.35,Fishing,Fishing - Trawler
700027836,VESSEL_BRA_012,ES,fishing,0.9977777777777778,trawler,0.999999982100768,0.0,0.0,0.0,0.9977777777777778,0.0,0.0,0.0,0.0022222222222222222,0.0,0.002430555555555555,0.35,0.0,0.35,Fishing,Fishing - Trawler
700027836,VESSEL_BRA_012,ES,fishing,0.9966666666666667,trawler,0.999999982100768,0.0,0.0,0.0,0.9966666666666667,0.0,0.0,0.0,0.0033333333333333335,0.0,0.002430555555555555,0.35,0.0,0.35,Fishing,Fishing - Trawler
700027836,VESSEL_BRA_012,ES,fishing,1.0,trawler,0.9999999821024207,0.0,0.0,0.0,1.0,0.0,0.0,0.0,0.0,0.0,0.002430555555555555,0.35,0.0,0.35,Fishing,Fishing - Trawler
700027836,VESSEL_BRA_012,ES,fishing,1.0,trawler,0.9999999821017213,0.0,0.0,0.0,1.0,0.0,0.0,0.0,0.0,0.0,0.002430555555555555,0.35,0.0,0.35,Fishing,Fishing - Trawler
700027836,VESSEL_BRA_012,ES,fishing,1.0,trawler,0.9999999821017213,0.0,0.0,0.0,1.0,0.0,0.0,0.0,0.0,0.0,0.002430555555555555,0.35,0.0,0.35,Fishing,Fishing - Trawler
700027836,VESSEL_BRA_012,ES,fishing,1.0,trawler,0.9999999821017213,0.0,0.0,0.0,1.0,0.0,0.0,0.0,0.0,0.0,0.002430555555555555,0.35,0.0,0.35,Fishing,Fishing - Trawler
700027836,VESSEL_BRA_012,ES,fishing,1.0,trawler,0.9999999821017213,0.0,0.0,0.0,1.0,0.0,0.0,0.0,0.0,0.0,0.002430555555555555,0.35,0.0,0.35,Fishing,Fishing - Trawler
700027836,VESSEL_BRA_012,ES,fishing,1.0,trawler,0.9999999821017213,0.0,0.0,0.0,1.0,0.0,0.0,0.0,0.0,0.0,0.002430555555555555,0.35,0.0,0.35,Fishing,Fishing - Trawler
700027836,VESSEL_BRA_012,ES,fishing,1.0,trawler,0.9999999821017213,0.0,0.0,0.0,1.0,0.0,0.0,0.0,0.0,0.0,0.002430555555555555,0.35,0.0,0.35,Fishing,Fishing - Trawler
700027836,VESSEL_BRA_012,ES,fishing,1.0,trawler,0.999999982100768,0.0,0.0,0.0,1.0,0.0,0.0,0.0,0.0,0.0,0.002430555555555555,0.35,0.0,0.35,Fishing,Fishing - Trawler
700027836,VESSEL_BRA_012,ES,fishing,0.9398492063492064,trawler,0.9999999821094773,0.004944444444444445,0.016928571428571428,0.0,0.9398492063492064,0.0017777777777777776,0.01,0.0,0.0265,0.0,0.002430555555555555,0.35,0.0,0.35,Fishing,Fishing - Trawler
700027836,VESSEL_BRA_012,ES,transit,0.9850555555555555,trawler,0.9999999819731319,0.0,0.0016666666666666668,0.0,0.0011111111111111111,0.0,0.005,0.003611111111111111,0.9850555555555555,0.0035555555555555553,0.002430555555555555,0.0,0.0,0.002430555555555555,Transit,Fishing - Trawler
700027836,VESSEL_BRA_012,ES,transit,1.0,trawler,0.9999999819635549,0.0,0.0,0.0,0.0,0.0,0.0,0.0,1.0,0.0,0.002430555555555555,0.0,0.0,0.002430555555555555,Transit,Fishing - Trawler
700027836,VESSEL_BRA_012,ES,transit,1.0,trawler,0.9999999819635549,0.0,0.0,0.0,0.0,0.0,0.0,0.0,1.0,0.0,0.002430555555555555,0.0,0.0,0.002430555555555555,Transit,Fishing - Trawler
700027836,VESSEL_BRA_012,ES,transit,0.9983333333333333,trawler,0.9999999820801558,0.0,0.0,0.0,0.0,0.0,0.0016666666666666668,0.0,0.9983333333333333,0.0,0.002430555555555555,0.0,0.0,0.002430555555555555,Transit,Fishing - Trawler
700027836,VESSEL_BRA_012,ES,transit,1.0,trawler,0.9999999820801558,0.0,0.0,0.0,0.0,0.0,0.0,0.0,1.0,0.0,0.002430555555555555,0.0,0.0,0.002430555555555555,Transit,Fishing - Trawler
700027836,VESSEL_BRA_012,ES,transit,0.991111111111111,trawler,0.9999999819635549,0.0,0.0,0.0,0.0038888888888888883,0.0,0.005,0.0,0.991111111111111,0.0,0.002430555555555555,0.0,0.0,0.002430555555555555,Transit,Fishing - Trawler
700027836,VESSEL_BRA_012,ES,fishing,0.6280555555555555,trawler,0.9999999819731319,0.0,0.0,0.0,0.6280555555555555,0.0033333333333333335,0.029055555555555557,0.0025,0.3370555555555555,0.0,0.002430555555555555,0.36360967390732446,0.0,0.36360967390732446,Fishing,Fishing - Trawler
700027836,VESSEL_BRA_012,ES,fishing,0.8859365079365079,trawler,0.9999999819635549,0.006984126984126984,0.005555555555555555,0.0,0.8859365079365079,0.0011111111111111111,0.0,0.01,0.09041269841269842,0.0,0.002430555555555555,0.3679880654484115,0.0,0.3679880654484115,Fishing,Fishing - Trawler
700027836,VESSEL_BRA_012,ES,fishing,1.0,trawler,0.999999982100768,0.0,0.0,0.0,1.0,0.0,0.0,0.0,0.0,0.0,0.002430555555555555,0.3687398018813775,0.0,0.3687398018813775,Fishing,Fishing - Trawler
700027836,VESSEL_BRA_012,ES,fishing,0.9986666666666667,trawler,0.9999999821012701,0.0,0.0,0.0,0.9986666666666667,0.0013333333333333335,0.0,0.0,0.0,0.0,0.002430555555555555,0.36623872917495987,0.0,0.36623872917495987,Fishing,Fishing - Trawler
700027836,VESSEL_BRA_012,ES,fishing,1.0,trawler,0.9999999821017213,0.0,0.0,0.0,1.0,0.0,0.0,0.0,0.0,0.0,0.002430555555555555,0.36549861520594595,0.0,0.36549861520594595,Fishing,Fishing - Trawler
700027836,VESSEL_BRA_012,ES,fishing,1.0,trawler,0.9999999821017213,0.0,0.0,0.0,1.0,0.0,0.0,0.0,0.0,0.0,0.002430555555555555,0.3680258664575529,0.0,0.3680258664575529,Fishing,Fishing - Trawler
700027836,VESSEL_BRA_012,ES,fishing,1.0,trawler,0.999999982100768,0.0,0.0,0.0,1.0,0.0,0.0,0.0,0.0,0.0,0.002430555555555555,0.3702226132935758,0.0,0.3702226132935758,Fishing,Fishing - Trawler
700027836,VESSEL_BRA_012,ES,fishing,0.9977777777777778,trawler,0.9999999821017213,0.0,0.0,0.0,0.9977777777777778,0.0022222222222222222,0.0,0.0,0.0,0.0,0.002430555555555555,0.37075609742921517,0.0,0.37075609742921517,Fishing,Fishing - Trawler
700027836,VESSEL_BRA_012,ES,fishing,1.0,trawler,0.999999982100768,0.0,0.0,0.0,1.0,0.0,0.0,0.0,0.0,0.0,0.002430555555555555,0.37216841878945284,0.0,0.37216841878945284,Fishing,Fishing - Trawler
700027836,VESSEL_BRA_012,ES,fishing,1.0,trawler,0.9999999821649909,0.0,0.0,0.0,1.0,0.0,0.0,0.0,0.0,0.0,0.002430555555555555,0.3749832010103696,0.0,0.3749832010103696,Fishing,Fishing - Trawler
700027836,VESSEL_BRA_012,ES,fishing,0.9962222222222222,trawler,0.9999999814780466,0.0,0.0,0.002,0.9962222222222222,0.0006666666666666668,0.0,0.0,0.0,0.0011111111111111111,0.002430555555555555,0.37666774888775345,0.0,0.37666774888775345,Fishing,Fishing - Trawler
700027836,VESSEL_BRA_012,ES,fishing,0.9988888888888889,trawler,0.9999999814780466,0.0,0.0,0.0,0.9988888888888889,0.0,0.0,0.0,0.0,0.0011111111111111111,0.002430555555555555,0.3776538468126065,0.0,0.3776538468126065,Fishing,Fishing - Trawler
700027836,VESSEL_BRA_012,ES,fishing,0.9988888888888889,trawler,0.9999999814780466,0.0,0.0,0.0,0.9988888888888889,0.0,0.0,0.0,0.0,0.0011111111111111111,0.002430555555555555,0.3783920081327139,0.0,0.3783920081327139,Fishing,Fishing - Trawler
700027836,VESSEL_BRA_012,ES,fishing,1.0,trawler,0.9999999821017213,0.0,0.0,0.0,1.0,0.0,0.0,0.0,0.0,0.0,0.002430555555555555,0.3774919302019564,0.0,0.3774919302019564,Fishing,Fishing - Trawler
700027836,VESSEL_BRA_012,ES,fishing,0.9988888888888889,trawler,0.9999999821094773,0.0,0.0011111111111111111,0.0,0.9988888888888889,0.0,0.0,0.0,0.0,0.0,0.002430555555555555,0.3766713118959161,0.0,0.3766713118959161,Fishing,Fishing - Trawler
700027836,VESSEL_BRA_012,ES,transit,0.9222063492063494,trawler,0.9999999814695325,0.002,0.0,0.0,0.03598412698412698,0.007777777777777777,0.005,0.010603174603174604,0.9222063492063494,0.016428571428571428,0.002430555555555555,0.0,0.0,0.002430555555555555,Transit,Fishing - Trawler
700027836,VESSEL_BRA_012,ES,transit,0.9941111111111112,trawler,0.9999999819635982,0.005888888888888889,0.0,0.0,0.0,0.0,0.0,0.0,0.9941111111111112,0.0,0.002430555555555555,0.0,0.0,0.002430555555555555,Transit,Fishing - Trawler
700027836,VESSEL_BRA_012,ES,transit,1.0,trawler,0.9999999820801558,0.0,0.0,0.0,0.0,0.0,0.0,0.0,1.0,0.0,0.002430555555555555,0.0,0.0,0.002430555555555555,Transit,Fishing - Trawler
700027836,VESSEL_BRA_012,ES,transit,1.0,trawler,0.9999999820801558,0.0,0.0,0.0,0.0,0.0,0.0,0.0,1.0,0.0,0.002430555555555555,0.0,0.0,0.002430555555555555,Transit,Fishing - Trawler
700027836,VESSEL_BRA_012,ES,transit,1.0,trawler,0.9999999820805995,0.0,0.0,0.0,0.0,0.0,0.0,0.0,1.0,0.0,0.002430555555555555,0.0,0.0,0.002430555555555555,Transit,Fishing - Trawler
700027836,VESSEL_BRA_012,ES,transit,0.9977777777777779,trawler,0.9999999819635982,0.0022222222222222222,0.0,0.0,0.0,0.0,0.0,0.0,0.9977777777777779,0.0,0.002430555555555555,0.0,0.0,0.002430555555555555,Transit,Fishing - Trawler
700027836,VESSEL_BRA_012,ES,transit,1.0,trawler,0.9999999819635549,0.0,0.0,0.0,0.0,0.0,0.0,0.0,1.0,0.0,0.002430555555555555,0.0,0.0,0.002430555555555555,Transit,Fishing - Trawler
700027836,VESSEL_BRA_012,ES,transit,1.0,trawler,0.9999999820801558,0.0,0.0,0.0,0.0,0.0,0.0,0.0,1.0,0.0,0.002430555555555555,0.0,0.0,0.002430555555555555,Transit,Fishing - Trawler
700027836,VESSEL_BRA_012,ES,transit,1.0,trawler,0.9999999820801558,0.0,0.0,0.0,0.0,0.0,0.0,0.0,1.0,0.0,0.002430555555555555,0.0,0.0,0.002430555555555555,Transit,Fishing - Trawler
700027836,VESSEL_BRA_012,ES,transit,1.0,trawler,0.9999999820801558,0.0,0.0,0.0,0.0,0.0,0.0,0.0,1.0,0.0,0.002430555555555555,0.0,0.0,0.002430555555555555,Transit,Fishing - Trawler
700027836,VESSEL_BRA_012,ES,transit,0.9983333333333333,trawler,0.9999999820801991,0.0,0.0016666666666666668,0.0,0.0,0.0,0.0,0.0,0.9983333333333333,0.0,0.002430555555555555,0.0,0.0,0.002430555555555555,Transit,Fishing - Trawler
700027836,VESSEL_BRA_012,ES,transit,1.0,trawler,0.9999999820801991,0.0,0.0,0.0,0.0,0.0,0.0,0.0,1.0,0.0,0.002430555555555555,0.0,0.0,0.002430555555555555,Transit,Fishing - Trawler
700027836,VESSEL_BRA_012,ES,transit,1.0,trawler,0.9999999820805995,0.0,0.0,0.0,0.0,0.0,0.0,0.0,1.0,0.0,0.002430555555555555,0.0,0.0,0.002430555555555555,Transit,Fishing - Trawler
700027836,VESSEL_BRA_012,ES,transit,1.0,trawler,0.9999999820801558,0.0,0.0,0.0,0.0,0.0,0.0,0.0,1.0,0.0,0.002430555555555555,0.0,0.0,0.002430555555555555,Transit,Fishing - Trawler
700027836,VESSEL_BRA_012,ES,transit,1.0,trawler,0.9999999820801558,0.0,0.0,0.0,0.0,0.0,0.0,0.0,1.0,0.0,0.002430555555555555,0.0,0.0,0.002430555555555555,Transit,Fishing - Trawler
700027836,VESSEL_BRA_012,ES,transit,1.0,trawler,0.9999999820801558,0.0,0.0,0.0,0.0,0.0,0.0,0.0,1.0,0.0,0.002430555555555555,0.0,0.0,0.002430555555555555,Transit,Fishing - Trawler
700027836,VESSEL_BRA_012,ES,transit,1.0,trawler,0.9999999820801558,0.0,0.0,0.0,0.0,0.0,0.0,0.0,1.0,0.0,0.002430555555555555,0.0,0.0,0.002430555555555555,Transit,Fishing - Trawler
700027836,VESSEL_BRA_012,ES,transit,0.9966666666666667,trawler,0.9999999820801558,0.0033333333333333335,0.0,0.0,0.0,0.0,0.0,0.0,0.9966666666666667,0.0,0.002430555555555555,0.0,0.0,0.002430555555555555,Transit,Fishing - Trawler
700027836,VESSEL_BRA_012,ES,transit,1.0,trawler,0.9999999820801558,0.0,0.0,0.0,0.0,0.0,0.0,0.0,1.0,0.0,0.002430555555555555,0.0,0.0,0.002430555555555555,Transit,Fishing - Trawler
700027836,VESSEL_BRA_012,ES,transit,1.0,trawler,0.9999999820801558,0.0,0.0,0.0,0.0,0.0,0.0,0.0,1.0,0.0,0.002430555555555555,0.0,0.0,0.002430555555555555,Transit,Fishing - Trawler
700027836,VESSEL_BRA_012,ES,transit,1.0,trawler,0.9999999820801558,0.0,0.0,0.0,0.0,0.0,0.0,0.0,1.0,0.0,0.002430555555555555,0.0,0.0,0.002430555555555555,Transit,Fishing - Trawler
700027836,VESSEL_BRA_012,ES,transit,1.0,trawler,0.9999999820801558,0.0,0.0,0.0,0.0,0.0,0.0,0.0,1.0,0.0,0.002430555555555555,0.0,0.0,0.002430555555555555,Transit,Fishing - Trawler
700027836,VESSEL_BRA_012,ES,transit,1.0,trawler,0.9999999820801558,0.0,0.0,0.0,0.0,0.0,0.0,0.0,1.0,0.0,0.002430555555555555,0.0,0.0,0.002430555555555555,Transit,Fishing - Trawler
700027836,VESSEL_BRA_012,ES,transit,1.0,trawler,0.9999999820801558,0.0,0.0,0.0,0.0,0.0,0.0,0.0,1.0,0.0,0.002430555555555555,0.0,0.0,0.002430555555555555,Transit,Fishing - Trawler
700027836,VESSEL_BRA_012,ES,transit,1.0,trawler,0.9999999820801558,0.0,0.0,0.0,0.0,0.0,0.0,0.0,1.0,0.0,0.002430555555555555,0.0,0.0,0.002430555555555555,Transit,Fishing - Trawler
700027836,VESSEL_BRA_012,ES,transit,1.0,trawler,0.9999999819635549,0.0,0.0,0.0,0.0,0.0,0.0,0.0,1.0,0.0,0.002430555555555555,0.0,0.0,0.002430555555555555,Transit,Fishing - Trawler
700027836,VESSEL_BRA_012,ES,transit,0.9633333333333334,trawler,0.9999999820801558,0.0,0.0016666666666666668,0.0033333333333333335,0.0016666666666666668,0.0,0.023333333333333334,0.006666666666666667,0.9633333333333334,0.0,0.002430555555555555,0.0,0.0,0.002430555555555555,Transit,Fishing - Trawler
700027836,VESSEL_BRA_012,ES,transit,0.9513888888888887,trawler,0.9999999820805995,0.0,0.0016666666666666668,0.0033333333333333335,0.0,0.0,0.04027777777777777,0.0033333333333333335,0.9513888888888887,0.0,0.002430555555555555,0.0,0.0,0.002430555555555555,Transit,Fishing - Trawler
700027836,VESSEL_BRA_012,ES,transit,1.0,trawler,0.9999999819635549,0.0,0.0,0.0,0.0,0.0,0.0,0.0,1.0,0.0,0.002430555555555555,0.0,0.0,0.002430555555555555,Transit,Fishing - Trawler
700027836,VESSEL_BRA_012,ES,transit,1.0,trawler,0.9999999819635549,0.0,0.0,0.0,0.0,0.0,0.0,0.0,1.0,0.0,0.002430555555555555,0.0,0.0,0.002430555555555555,Transit,Fishing - Trawler
700027836,VESSEL_BRA_012,ES,transit,1.0,trawler,0.9999999820805995,0.0,0.0,0.0,0.0,0.0,0.0,0.0,1.0,0.0,0.002430555555555555,0.0,0.0,0.002430555555555555,Transit,Fishing - Trawler
700027837,VESSEL_BRA_013,ES,transit,1.0,longliner,0.9999999809810899,0.0,0.0,0.0,0.0,0.0,0.0,0.0,1.0,0.0,0.002430555555555555,0.0,0.0,0.002430555555555555,Transit,Fishing - Longliner
700027837,VESSEL_BRA_013,ES,transit,1.0,longliner,0.9999999809810899,0.0,0.0,0.0,0.0,0.0,0.0,0.0,1.0,0.0,0.002430555555555555,0.0,0.0,0.002430555555555555,Transit,Fishing - Longliner
700027837,VESSEL_BRA_013,ES,transit,0.9979324894514767,longliner,0.9999999809860031,0.00037974683544303797,0.00016877637130801687,0.0,0.0,0.0,0.0,0.0015189873417721519,0.9979324894514767,0.0,0.002430555555555555,0.0,0.0,0.002430555555555555,Transit,Fishing - Longliner
700027837,VESSEL_BRA_013,ES,transit,0.9966666666666667,longliner,0.9999999809810899,0.0033333333333333335,0.0,0.0,0.0,0.0,0.0,0.0,0.9966666666666667,0.0,0.002430555555555555,0.0,0.0,0.002430555555555555,Transit,Fishing - Longliner
700027837,VESSEL_BRA_013,ES,transit,0.9979324894514767,longliner,0.9999999809810899,0.00037974683544303797,0.00016877637130801687,0.0,0.0,0.0,0.0,0.0015189873417721519,0.9979324894514767,0.0,0.002430555555555555,0.0,0.0,0.002430555555555555,Transit,Fishing - Longliner
700027837,VESSEL_BRA_013,ES,transit,1.0,longliner,0.9999999809810899,0.0,0.0,0.0,0.0,0.0,0.0,0.0,1.0,0.0,0.002430555555555555,0.0,0.0,0.002430555555555555,Transit,Fishing - Longliner
700027837,VESSEL_BRA_013,ES,transit,1.0,longliner,0.9999999809860031,0.0,0.0,0.0,0.0,0.0,0.0,0.0,1.0,0.0,0.002430555555555555,0.0,0.0,0.002430555555555555,Transit,Fishing - Longliner
700027837,VESSEL_BRA_013,ES,transit,1.0,longliner,0.9999999809860031,0.0,0.0,0.0,0.0,0.0,0.0,0.0,1.0,0.0,0.002430555555555555,0.0,0.0,0.002430555555555555,Transit,Fishing - Longliner
700027837,VESSEL_BRA_013,ES,transit,1.0,longliner,0.9999999809810899,0.0,0.0,0.0,0.0,0.0,0.0,0.0,1.0,0.0,0.002430555555555555,0.0,0.0,0.002430555555555555,Transit,Fishing - Longliner
700027837,VESSEL_BRA_013,ES,transit,0.834628306878307,longliner,0.9999999802420132,0.0022222222222222222,0.0,0.005595238095238095,0.09666666666666668,0.021472222222222222,0.036082010582010576,0.0,0.834628306878307,0.0033333333333333335,0.002430555555555555,0.0,0.0,0.002430555555555555,Transit,Fishing - Longliner
700027837,VESSEL_BRA_013,ES,fishing,0.951388888888889,longliner,0.9999999802414663,0.0,0.0008333333333333334,0.0,0.951388888888889,0.0075,0.0,0.0,0.04027777777777778,0.0,0.002430555555555555,0.6,0.0,0.6,Fishing,Fishing - Longliner
700027837,VESSEL_BRA_013,ES,fishing,0.9977777777777778,longliner,0.9999999804588239,0.0,0.0,0.0,0.9977777777777778,0.0011111111111111111,0.0,0.0,0.0011111111111111111,0.0,0.002430555555555555,0.6,0.0,0.6,Fishing,Fishing - Longliner
700027837,VESSEL_BRA_013,ES,fishing,0.9972222222222221,longliner,0.9999999802475148,0.0,0.0,0.0,0.9972222222222221,0.0027777777777777775,0.0,0.0,0.0,0.0,0.002430555555555555,0.6,0.0,0.6,Fishing,Fishing - Longliner
700027837,VESSEL_BRA_013,ES,fishing,1.0,longliner,0.9999999805446441,0.0,0.0,0.0,1.0,0.0,0.0,0.0,0.0,0.0,0.002430555555555555,0.6,0.0,0.6,Fishing,Fishing - Longliner
700027837,VESSEL_BRA_013,ES,fishing,1.0,longliner,0.9999999805446441,0.0,0.0,0.0,1.0,0.0,0.0,0.0,0.0,0.0,0.002430555555555555,0.6,0.0,0.6,Fishing,Fishing - Longliner
700027837,VESSEL_BRA_013,ES,fishing,1.0,longliner,0.9999999805446441,0.0,0.0,0.0,1.0,0.0,0.0,0.0,0.0,0.0,0.002430555555555555,0.6,0.0,0.6,Fishing,Fishing - Longliner
700027837,VESSEL_BRA_013,ES,fishing,1.0,longliner,0.9999999805446441,0.0,0.0,0.0,1.0,0.0,0.0,0.0,0.0,0.0,0.002430555555555555,0.6,0.0,0.6,Fishing,Fishing - Longliner
700027837,VESSEL_BRA_013,ES,fishing,0.9930555555555556,longliner,0.9999999805446441,0.0,0.0,0.0,0.9930555555555556,0.006944444444444445,0.0,0.0,0.0,0.0,0.002430555555555555,0.6,0.0,0.6,Fishing,Fishing - Longliner
700027837,VESSEL_BRA_013,ES,fishing,1.0,longliner,0.999999980561754,0.0,0.0,0.0,1.0,0.0,0.0,0.0,0.0,0.0,0.002430555555555555,0.6,0.0,0.6,Fishing,Fishing - Longliner
700027837,VESSEL_BRA_013,ES,fishing,0.9938888888888889,longliner,0.9999999802472272,0.0,0.0,0.0,0.9938888888888889,0.005,0.0,0.0,0.0011111111111111111,0.0,0.002430555555555555,0.6,0.0,0.6,Fishing,Fishing - Longliner
700027837,VESSEL_BRA_013,ES,fishing,0.9966666666666667,longliner,0.9999999802475148,0.0,0.0,0.0,0.9966666666666667,0.0033333333333333335,0.0,0.0,0.0,0.0,0.002430555555555555,0.6,0.0,0.6,Fishing,Fishing - Longliner
700027837,VESSEL_BRA_013,ES,fishing,0.9983333333333333,longliner,0.9999999805446441,0.0,0.0,0.0,0.9983333333333333,0.0016666666666666668,0.0,0.0,0.0,0.0,0.002430555555555555,0.6,0.0,0.6,Fishing,Fishing - Longliner
700027837,VESSEL_BRA_013,ES,fishing,0.9966666666666667,longliner,0.9999999805446441,0.0,0.0,0.0,0.9966666666666667,0.0033333333333333335,0.0,0.0,0.0,0.0,0.002430555555555555,0.6,0.0,0.6,Fishing,Fishing - Longliner
700027837,VESSEL_BRA_013,ES,fishing,1.0,longliner,0.9999999805446441,0.0,0.0,0.0,1.0,0.0,0.0,0.0,0.0,0.0,0.002430555555555555,0.6,0.0,0.6,Fishing,Fishing - Longliner
700027837,VESSEL_BRA_013,ES,fishing,1.0,longliner,0.999999980561754,0.0,0.0,0.0,1.0,0.0,0.0,0.0,0.0,0.0,0.002430555555555555,0.6,0.0,0.6,Fishing,Fishing - Longliner
700027837,VESSEL_BRA_013,ES,fishing,1.0,longliner,0.999999980561754,0.0,0.0,0.0,1.0,0.0,0.0,0.0,0.0,0.0,0.002430555555555555,0.6,0.0,0.6,Fishing,Fishing - Longliner
700027837,VESSEL_BRA_013,ES,fishing,0.8221666666666668,longliner,0.9999999802516184,0.010777777777777778,0.008888888888888889,0.0011111111111111111,0.8221666666666668,0.006166666666666667,0.006666666666666667,0.018666666666666665,0.11916666666666664,0.006388888888888888,0.002430555555555555,0.6,0.0,0.6,Fishing,Fishing - Longliner
700027837,VESSEL_BRA_013,ES,transit,0.9595555555555556,longliner,0.9999999808583752,0.0033333333333333335,0.009333333333333332,0.0,0.0,0.0,0.005,0.022777777777777775,0.9595555555555556,0.0,0.002430555555555555,0.0,0.0,0.002430555555555555,Transit,Fishing - Longliner
700027837,VESSEL_BRA_013,ES,transit,1.0,longliner,0.9999999809860031,0.0,0.0,0.0,0.0,0.0,0.0,0.0,1.0,0.0,0.002430555555555555,0.0,0.0,0.002430555555555555,Transit,Fishing - Longliner
700027837,VESSEL_BRA_013,ES,transit,1.0,longliner,0.9999999809810899,0.0,0.0,0.0,0.0,0.0,0.0,0.0,1.0,0.0,0.002430555555555555,0.0,0.0,0.002430555555555555,Transit,Fishing - Longliner
700027837,VESSEL_BRA_013,ES,transit,1.0,longliner,0.9999999809860031,0.0,0.0,0.0,0.0,0.0,0.0,0.0,1.0,0.0,0.002430555555555555,0.0,0.0,0.002430555555555555,Transit,Fishing - Longliner
700027837,VESSEL_BRA_013,ES,transit,0.9761111111111113,longliner,0.9999999810123116,0.0,0.0,0.0,0.010277777777777776,0.0016666666666666668,0.011944444444444443,0.0,0.9761111111111113,0.0,0.002430555555555555,0.0,0.0,0.002430555555555555,Transit,Fishing - Longliner
700027837,VESSEL_BRA_013,ES,fishing,0.9414444444444444,longliner,0.9999999795410148,0.0,0.0,0.0,0.9414444444444444,0.002666666666666667,0.009166666666666667,0.0,0.03922222222222223,0.0075,0.002430555555555555,0.6,0.0,0.6,Fishing,Fishing - Longliner
700027837,VESSEL_BRA_013,ES,fishing,0.9955555555555556,longliner,0.9999999810124821,0.0,0.0,0.0,0.9955555555555556,0.0033333333333333335,0.0,0.0,0.0011111111111111111,0.0,0.002430555555555555,0.6,0.0,0.6,Fishing,Fishing - Longliner
700027837,VESSEL_BRA_013,ES,fishing,0.9955555555555556,longliner,0.9999999802475148,0.0,0.0,0.0,0.9955555555555556,0.0044444444444444444,0.0,0.0,0.0,0.0,0.002430555555555555,0.6,0.0,0.6,Fishing,Fishing - Longliner
700027837,VESSEL_BRA_013,ES,fishing,1.0,longliner,0.9999999805446441,0.0,0.0,0.0,1.0,0.0,0.0,0.0,0.0,0.0,0.002430555555555555,0.6,0.0,0.6,Fishing,Fishing - Longliner
700027837,VESSEL_BRA_013,ES,fishing,1.0,longliner,0.9999999805446441,0.0,0.0,0.0,1.0,0.0,0.0,0.0,0.0,0.0,0.002430555555555555,0.6,0.0,0.6,Fishing,Fishing - Longliner
700027837,VESSEL_BRA_013,ES,fishing,1.0,longliner,0.999999980561754,0.0,0.0,0.0,1.0,0.0,0.0,0.0,0.0,0.0,0.002430555555555555,0.6,0.0,0.6,Fishing,Fishing - Longliner
700027837,VESSEL_BRA_013,ES,fishing,1.0,longliner,0.9999999805446441,0.0,0.0,0.0,1.0,0.0,0.0,0.0,0.0,0.0,0.002430555555555555,0.6,0.0,0.6,Fishing,Fishing - Longliner
700027837,VESSEL_BRA_013,ES,fishing,1.0,longliner,0.999999980561754,0.0,0.0,0.0,1.0,0.0,0.0,0.0,0.0,0.0,0.002430555555555555,0.6,0.0,0.6,Fishing,Fishing - Longliner
700027837,VESSEL_BRA_013,ES,fishing,0.9684444444444443,longliner,0.9999999807101035,0.006666666666666667,0.0,0.0,0.9684444444444443,0.022666666666666665,0.0,0.0022222222222222222,0.0,0.0,0.002430555555555555,0.6,0.0,0.6,Fishing,Fishing - Longliner
700027837,VESSEL_BRA_013,ES,fishing,0.986388888888889,longliner,0.9999999805446441,0.0,0.0,0.0,0.986388888888889,0.004722222222222221,0.0,0.005555555555555555,0.0,0.0033333333333333335,0.002430555555555555,0.6,0.0,0.6,Fishing,Fishing - Longliner
700027837,VESSEL_BRA_013,ES,fishing,1.0,longliner,0.9999999805446441,0.0,0.0,0.0,1.0,0.0,0.0,0.0,0.0,0.0,0.002430555555555555,0.6,0.0,0.6,Fishing,Fishing - Longliner
700027837,VESSEL_BRA_013,ES,fishing,1.0,longliner,0.9999999805446441,0.0,0.0,0.0,1.0,0.0,0.0,0.0,0.0,0.0,0.002430555555555555,0.6,0.0,0.6,Fishing,Fishing - Longliner
700027837,VESSEL_BRA_013,ES,fishing,1.0,longliner,0.9999999805616998,0.0,0.0,0.0,1.0,0.0,0.0,0.0,0.0,0.0,0.002430555555555555,0.6,0.0,0.6,Fishing,Fishing - Longliner
700027837,VESSEL_BRA_013,ES,fishing,0.9983333333333333,longliner,0.9999999805446441,0.0,0.0,0.0,0.9983333333333333,0.0016666666666666668,0.0,0.0,0.0,0.0,0.002430555555555555,0.6,0.0,0.6,Fishing,Fishing - Longliner
700027837,VESSEL_BRA_013,ES,fishing,1.0,longliner,0.999999980561754,0.0,0.0,0.0,1.0,0.0,0.0,0.0,0.0,0.0,0.002430555555555555,0.6,0.0,0.6,Fishing,Fishing - Longliner
700027837,VESSEL_BRA_013,ES,fishing,0.9911111111111113,longliner,0.9999999805446441,0.0,0.0,0.0,0.9911111111111113,0.0033333333333333335,0.0,0.0022222222222222222,0.0033333333333333335,0.0,0.002430555555555555,0.6,0.0,0.6,Fishing,Fishing - Longliner
700027837,VESSEL_BRA_013,ES,fishing,0.985,longliner,0.9999999806335022,0.0,0.0,0.0,0.985,0.0033333333333333335,0.0,0.0,0.0033333333333333335,0.008333333333333333,0.002430555555555555,0.6,0.0,0.6,Fishing,Fishing - Longliner
700027837,VESSEL_BRA_013,ES,transit,0.70518253968254,longliner,0.9999999795501249,0.008714285714285714,0.010166666666666666,0.014031746031746032,0.12866666666666668,0.09023015873015872,0.013007936507936508,0.008888888888888889,0.70518253968254,0.02111111111111111,0.002430555555555555,0.0,0.0,0.002430555555555555,Transit,Fishing - Longliner
700027837,VESSEL_BRA_013,ES,transit,1.0,longliner,0.9999999808581982,0.0,0.0,0.0,0.0,0.0,0.0,0.0,1.0,0.0,0.002430555555555555,0.0,0.0,0.002430555555555555,Transit,Fishing - Longliner
700027837,VESSEL_BRA_013,ES,transit,1.0,longliner,0.9999999809850716,0.0,0.0,0.0,0.0,0.0,0.0,0.0,1.0,0.0,0.002430555555555555,0.0,0.0,0.002430555555555555,Transit,Fishing - Longliner
700027837,VESSEL_BRA_013,ES,transit,1.0,longliner,0.9999999809850716,0.0,0.0,0.0,0.0,0.0,0.0,0.0,1.0,0.0,0.002430555555555555,0.0,0.0,0.002430555555555555,Transit,Fishing - Longliner
700027837,VESSEL_BRA_013,ES,transit,1.0,longliner,0.9999999809850716,0.0,0.0,0.0,0.0,0.0,0.0,0.0,1.0,0.0,0.002430555555555555,0.0,0.0,0.002430555555555555,Transit,Fishing - Longliner
700027837,VESSEL_BRA_013,ES,transit,1.0,longliner,0.999999980980158,0.0,0.0,0.0,0.0,0.0,0.0,0.0,1.0,0.0,0.002430555555555555,0.0,0.0,0.002430555555555555,Transit,Fishing - Longliner
700027837,VESSEL_BRA_013,ES,transit,1.0,longliner,0.9999999809857615,0.0,0.0,0.0,0.0,0.0,0.0,0.0,1.0,0.0,0.002430555555555555,0.0,0.0,0.002430555555555555,Transit,Fishing - Longliner
700027837,VESSEL_BRA_013,ES,transit,1.0,longliner,0.9999999809810899,0.0,0.0,0.0,0.0,0.0,0.0,0.0,1.0,0.0,0.002430555555555555,0.0,0.0,0.002430555555555555,Transit,Fishing - Longliner
700027837,VESSEL_BRA_013,ES,transit,1.0,longliner,0.9999999809810899,0.0,0.0,0.0,0.0,0.0,0.0,0.0,1.0,0.0,0.002430555555555555,0.0,0.0,0.002430555555555555,Transit,Fishing - Longliner
700027837,VESSEL_BRA_013,ES,transit,0.9955555555555554,longliner,0.9999999809860031,0.0,0.0,0.0,0.0,0.0,0.0044444444444444444,0.0,0.9955555555555554,0.0,0.002430555555555555,0.0,0.0,0.002430555555555555,Transit,Fishing - Longliner
700027837,VESSEL_BRA_013,ES,transit,1.0,longliner,0.9999999809810899,0.0,0.0,0.0,0.0,0.0,0.0,0.0,1.0,0.0,0.002430555555555555,0.0,0.0,0.002430555555555555,Transit,Fishing - Longliner
700027837,VESSEL_BRA_013,ES,transit,1.0,longliner,0.9999999809860031,0.0,0.0,0.0,0.0,0.0,0.0,0.0,1.0,0.0,0.002430555555555555,0.0,0.0,0.002430555555555555,Transit,Fishing - Longliner
700027837,VESSEL_BRA_013,ES,transit,0.9966666666666667,longliner,0.9999999809810899,0.0033333333333333335,0.0,0.0,0.0,0.0,0.0,0.0,0.9966666666666667,0.0,0.002430555555555555,0.0,0.0,0.002430555555555555,Transit,Fishing - Longliner
700027837,VESSEL_BRA_013,ES,transit,1.0,longliner,0.9999999809810899,0.0,0.0,0.0,0.0,0.0,0.0,0.0,1.0,0.0,0.002430555555555555,0.0,0.0,0.002430555555555555,Transit,Fishing - Longliner
700027837,VESSEL_BRA_013,ES,transit,0.9983333333333333,longliner,0.9999999809810899,0.0016666666666666668,0.0,0.0,0.0,0.0,0.0,0.0,0.9983333333333333,0.0,0.002430555555555555,0.0,0.0,0.002430555555555555,Transit,Fishing - Longliner
700027837,VESSEL_BRA_013,ES,transit,1.0,longliner,0.9999999809810899,0.0,0.0,0.0,0.0,0.0,0.0,0.0,1.0,0.0,0.002430555555555555,0.0,0.0,0.002430555555555555,Transit,Fishing - Longliner
700027837,VESSEL_BRA_013,ES,transit,0.9822222222222223,longliner,0.9999999809810899,0.005,0.0,0.0033333333333333335,0.0016666666666666668,0.0011111111111111111,0.006666666666666667,0.0,0.9822222222222223,0.0,0.002430555555555555,0.0,0.0,0.002430555555555555,Transit,Fishing - Longliner
700027837,VESSEL_BRA_013,ES,transit,1.0,longliner,0.9999999809810899,0.0,0.0,0.0,0.0,0.0,0.0,0.0,1.0,0.0,0.002430555555555555,0.0,0.0,0.002430555555555555,Transit,Fishing - Longliner
700027837,VESSEL_BRA_013,ES,transit,1.0,longliner,0.9999999809860031,0.0,0.0,0.0,0.0,0.0,0.0,0.0,1.0,0.0,0.002430555555555555,0.0,0.0,0.002430555555555555,Transit,Fishing - Longliner
700027837,VESSEL_BRA_013,ES,transit,1.0,longliner,0.9999999809810899,0.0,0.0,0.0,0.0,0.0,0.0,0.0,1.0,0.0,0.002430555555555555,0.0,0.0,0.002430555555555555,Transit,Fishing - Longliner
700027837,VESSEL_BRA_013,ES,transit,1.0,longliner,0.9999999809860031,0.0,0.0,0.0,0.0,0.0,0.0,0.0,1.0,0.0,0.002430555555555555,0.0,0.0,0.002430555555555555,Transit,Fishing - Longliner
700027837,VESSEL_BRA_013,ES,transit,1.0,longliner,0.9999999809850716,0.0,0.0,0.0,0.0,0.0,0.0,0.0,1.0,0.0,0.002430555555555555,0.0,0.0,0.002430555555555555,Transit,Fishing - Longliner
700027837,VESSEL_BRA_013,ES,transit,1.0,longliner,0.9999999809850716,0.0,0.0,0.0,0.0,0.0,0.0,0.0,1.0,0.0,0.002430555555555555,0.0,0.0,0.002430555555555555,Transit,Fishing - Longliner
700027837,VESSEL_BRA_013,ES,transit,1.0,longliner,0.9999999809860031,0.0,0.0,0.0,0.0,0.0,0.0,0.0,1.0,0.0,0.002430555555555555,0.0,0.0,0.002430555555555555,Transit,Fishing - Longliner
700027837,VESSEL_BRA_013,ES,transit,1.0,longliner,0.9999999809860031,0.0,0.0,0.0,0.0,0.0,0.0,0.0,1.0,0.0,0.002430555555555555,0.0,0.0,0.002430555555555555,Transit,Fishing - Longliner
700027837,VESSEL_BRA_013,ES,transit,1.0,longliner,0.9999999809850716,0.0,0.0,0.0,0.0,0.0,0.0,0.0,1.0,0.0,0.002430555555555555,0.0,0.0,0.002430555555555555,Transit,Fishing - Longliner
700027837,VESSEL_BRA_013,ES,transit,1.0,longliner,0.999999980980158,0.0,0.0,0.0,0.0,0.0,0.0,0.0,1.0,0.0,0.002430555555555555,0.0,0.0,0.002430555555555555,Transit,Fishing - Longliner
700027837,VESSEL_BRA_013,ES,transit,0.9983333333333333,longliner,0.9999999809810899,0.0,0.0,0.0,0.0,0.0,0.0,0.0016666666666666668,0.9983333333333333,0.0,0.002430555555555555,0.0,0.0,0.002430555555555555,Transit,Fishing - Longliner
700027837,VESSEL_BRA_013,ES,transit,0.9983333333333333,longliner,0.999999980985033,0.0,0.0,0.0,0.0,0.0,0.0,0.0016666666666666668,0.9983333333333333,0.0,0.002430555555555555,0.0,0.0,0.002430555555555555,Transit,Fishing - Longliner
700027837,VESSEL_BRA_013,ES,transit,1.0,longliner,0.9999999809847914,0.0,0.0,0.0,0.0,0.0,0.0,0.0,1.0,0.0,0.002430555555555555,0.0,0.0,0.002430555555555555,Transit,Fishing - Longliner
700027837,VESSEL_BRA_013,ES,transit,1.0,longliner,0.9999999809810899,0.0,0.0,0.0,0.0,0.0,0.0,0.0,1.0,0.0,0.002430555555555555,0.0,0.0,0.002430555555555555,Transit,Fishing - Longliner
700027837,VESSEL_BRA_013,ES,transit,0.9979999999999999,longliner,0.9999999809810899,0.0,0.0,0.0,0.0,0.0,0.0,0.002,0.9979999999999999,0.0,0.002430555555555555,0.0,0.0,0.002430555555555555,Transit,Fishing - Longliner
700027837,VESSEL_BRA_013,ES,transit,1.0,longliner,0.9999999809810899,0.0,0.0,0.0,0.0,0.0,0.0,0.0,1.0,0.0,0.002430555555555555,0.0,0.0,0.002430555555555555,Transit,Fishing - Longliner
700027837,VESSEL_BRA_013,ES,transit,1.0,longliner,0.9999999809810899,0.0,0.0,0.0,0.0,0.0,0.0,0.0,1.0,0.0,0.002430555555555555,0.0,0.0,0.002430555555555555,Transit,Fishing - Longliner
700027837,VESSEL_BRA_013,ES,transit,1.0,longliner,0.9999999809850716,0.0,0.0,0.0,0.0,0.0,0.0,0.0,1.0,0.0,0.002430555555555555,0.0,0.0,0.002430555555555555,Transit,Fishing - Longliner
700027837,VESSEL_BRA_013,ES,transit,1.0,longliner,0.999999980980158,0.0,0.0,0.0,0.0,0.0,0.0,0.0,1.0,0.0,0.002430555555555555,0.0,0.0,0.002430555555555555,Transit,Fishing - Longliner
700027838,VESSEL_BRA_014,CN,transit,1.0,trawler,0.9999999820801558,0.0,0.0,0.0,0.0,0.0,0.0,0.0,1.0,0.0,0.002430555555555555,0.0,0.0,0.002430555555555555,Transit,Fishing - Trawler
700027838,VESSEL_BRA_014,CN,transit,0.9923769338959212,trawler,0.9999999820801558,0.00037974683544303797,0.00016877637130801687,0.0,0.0,0.0,0.0,0.0070745428973277074,0.9923769338959212,0.0,0.002430555555555555,0.0,0.0,0.002430555555555555,Transit,Fishing - Trawler
700027838,VESSEL_BRA_014,CN,transit,1.0,trawler,0.9999999820805995,0.0,0.0,0.0,0.0,0.0,0.0,0.0,1.0,0.0,0.002430555555555555,0.0,0.0,0.002430555555555555,Transit,Fishing - Trawler
700027838,VESSEL_BRA_014,CN,transit,0.9977777777777779,trawler,0.9999999820801558,0.0,0.0,0.0,0.0,0.0,0.0,0.0022222222222222222,0.9977777777777779,0.0,0.002430555555555555,0.0,0.0,0.002430555555555555,Transit,Fishing - Trawler
700027838,VESSEL_BRA_014,CN,transit,0.9979324894514767,trawler,0.9999999820801991,0.00037974683544303797,0.00016877637130801687,0.0,0.0,0.0,0.0,0.0015189873417721519,0.9979324894514767,0.0,0.002430555555555555,0.0,0.0,0.002430555555555555,Transit,Fishing - Trawler
700027838,VESSEL_BRA_014,CN,transit,0.9746349206349206,trawler,0.9999999820801991,0.00611111111111111,0.0047777777777777775,0.0,0.0,0.0,0.0,0.014476190476190476,0.9746349206349206,0.0,0.002430555555555555,0.0,0.0,0.002430555555555555,Transit,Fishing - Trawler
700027838,VESSEL_BRA_014,CN,transit,0.9335674100863974,trawler,0.9999999820801558,0.003713080168776371,0.012946554149085797,0.0,0.0027777777777777775,0.0011111111111111111,0.0,0.04421740004018485,0.9335674100863974,0.0016666666666666668,0.002430555555555555,0.0,0.0,0.002430555555555555,Transit,Fishing - Trawler
700027838,VESSEL_BRA_014,CN,transit,0.9962658227848101,trawler,0.9999999820801558,0.00037974683544303797,0.00016877637130801687,0.0,0.0,0.0,0.0,0.0031856540084388187,0.9962658227848101,0.0,0.002430555555555555,0.0,0.0,0.002430555555555555,Transit,Fishing - Trawler
700027838,VESSEL_BRA_014,CN,transit,1.0,trawler,0.9999999820801558,0.0,0.0,0.0,0.0,0.0,0.0,0.0,1.0,0.0,0.002430555555555555,0.0,0.0,0.002430555555555555,Transit,Fishing - Trawler
700027838,VESSEL_BRA_014,CN,transit,1.0,trawler,0.9999999820801558,0.0,0.0,0.0,0.0,0.0,0.0,0.0,1.0,0.0,0.002430555555555555,0.0,0.0,0.002430555555555555,Transit,Fishing - Trawler
700027838,VESSEL_BRA_014,CN,transit,1.0,trawler,0.9999999820801558,0.0,0.0,0.0,0.0,0.0,0.0,0.0,1.0,0.0,0.002430555555555555,0.0,0.0,0.002430555555555555,Transit,Fishing - Trawler
700027838,VESSEL_BRA_014,CN,transit,1.0,trawler,0.9999999820801991,0.0,0.0,0.0,0.0,0.0,0.0,0.0,1.0,0.0,0.002430555555555555,0.0,0.0,0.002430555555555555,Transit,Fishing - Trawler
700027838,VESSEL_BRA_014,CN,transit,0.991111111111111,trawler,0.9999999819635549,0.0,0.0,0.0,0.005555555555555555,0.0,0.0033333333333333335,0.0,0.991111111111111,0.0,0.002430555555555555,0.0,0.0,0.002430555555555555,Transit,Fishing - Trawler
700027838,VESSEL_BRA_014,CN,fishing,0.9392777777777777,trawler,0.9999999821094773,0.0,0.0,0.0,0.9392777777777777,0.0,0.005,0.0,0.05572222222222223,0.0,0.002430555555555555,0.6,0.0,0.6,Fishing,Fishing - Trawler
700027838,VESSEL_BRA_014,CN,fishing,1.0,trawler,0.9999999821094773,0.0,0.0,0.0,1.0,0.0,0.0,0.0,0.0,0.0,0.002430555555555555,0.6,0.0,0.6,Fishing,Fishing - Trawler
700027838,VESSEL_BRA_014,CN,fishing,1.0,trawler,0.999999982100768,0.0,0.0,0.0,1.0,0.0,0.0,0.0,0.0,0.0,0.002430555555555555,0.6,0.0,0.6,Fishing,Fishing - Trawler
700027838,VESSEL_BRA_014,CN,fishing,1.0,trawler,0.999999982100768,0.0,0.0,0.0,1.0,0.0,0.0,0.0,0.0,0.0,0.002430555555555555,0.6,0.0,0.6,Fishing,Fishing - Trawler
700027838,VESSEL_BRA_014,CN,fishing,1.0,trawler,0.9999999821017213,0.0,0.0,0.0,1.0,0.0,0.0,0.0,0.0,0.0,0.002430555555555555,0.6,0.0,0.6,Fishing,Fishing - Trawler
700027838,VESSEL_BRA_014,CN,fishing,1.0,trawler,0.999999982100768,0.0,0.0,0.0,1.0,0.0,0.0,0.0,0.0,0.0,0.002430555555555555,0.6,0.0,0.6,Fishing,Fishing - Trawler
700027838,VESSEL_BRA_014,CN,fishing,1.0,trawler,0.999999982100768,0.0,0.0,0.0,1.0,0.0,0.0,0.0,0.0,0.0,0.002430555555555555,0.6,0.0,0.6,Fishing,Fishing - Trawler
700027838,VESSEL_BRA_014,CN,fishing,1.0,trawler,0.9999999821022231,0.0,0.0,0.0,1.0,0.0,0.0,0.0,0.0,0.0,0.002430555555555555,0.6,0.0,0.6,Fishing,Fishing - Trawler
700027838,VESSEL_BRA_014,CN,fishing,1.0,trawler,0.9999999816964934,0.0,0.0,0.0,1.0,0.0,0.0,0.0,0.0,0.0,0.002430555555555555,0.6,0.0,0.6,Fishing,Fishing - Trawler
700027838,VESSEL_BRA_014,CN,fishing,1.0,trawler,0.9999999816964934,0.0,0.0,0.0,1.0,0.0,0.0,0.0,0.0,0.0,0.002430555555555555,0.6,0.0,0.6,Fishing,Fishing - Trawler
700027838,VESSEL_BRA_014,CN,fishing,1.0,trawler,0.9999999821017213,0.0,0.0,0.0,1.0,0.0,0.0,0.0,0.0,0.0,0.002430555555555555,0.6,0.0,0.6,Fishing,Fishing - Trawler
700027838,VESSEL_BRA_014,CN,fishing,1.0,trawler,0.999999982100768,0.0,0.0,0.0,1.0,0.0,0.0,0.0,0.0,0.0,0.002430555555555555,0.6,0.0,0.6,Fishing,Fishing - Trawler
700027838,VESSEL_BRA_014,CN,fishing,1.0,trawler,0.999999982100768,0.0,0.0,0.0,1.0,0.0,0.0,0.0,0.0,0.0,0.002430555555555555,0.6,0.0,0.6,Fishing,Fishing - Trawler
700027838,VESSEL_BRA_014,CN,fishing,1.0,trawler,0.999999982100768,0.0,0.0,0.0,1.0,0.0,0.0,0.0,0.0,0.0,0.002430555555555555,0.6,0.0,0.6,Fishing,Fishing - Trawler
700027838,VESSEL_BRA_014,CN,fishing,1.0,trawler,0.999999982100768,0.0,0.0,0.0,1.0,0.0,0.0,0.0,0.0,0.0,0.002430555555555555,0.6,0.0,0.6,Fishing,Fishing - Trawler
700027838,VESSEL_BRA_014,CN,fishing,0.9941666666666666,trawler,0.9999999821051996,0.0,0.0,0.0033333333333333335,0.9941666666666666,0.0025,0.0,0.0,0.0,0.0,0.002430555555555555,0.6,0.0,0.6,Fishing,Fishing - Trawler
700027838,VESSEL_BRA_014,CN,fishing,1.0,trawler,0.9999999821017213,0.0,0.0,0.0,1.0,0.0,0.0,0.0,0.0,0.0,0.002430555555555555,0.6,0.0,0.6,Fishing,Fishing - Trawler
700027838,VESSEL_BRA_014,CN,fishing,1.0,trawler,0.9999999821017213,0.0,0.0,0.0,1.0,0.0,0.0,0.0,0.0,0.0,0.002430555555555555,0.6,0.0,0.6,Fishing,Fishing - Trawler
700027838,VESSEL_BRA_014,CN,fishing,1.0,trawler,0.9999999821017213,0.0,0.0,0.0,1.0,0.0,0.0,0.0,0.0,0.0,0.002430555555555555,0.6,0.0,0.6,Fishing,Fishing - Trawler
700027838,VESSEL_BRA_014,CN,fishing,0.9865555555555556,trawler,0.9999999821047486,0.0,0.0,0.006166666666666667,0.9865555555555556,0.004166666666666667,0.0,0.0,0.0031111111111111114,0.0,0.002430555555555555,0.6,0.0,0.6,Fishing,Fishing - Trawler
700027838,VESSEL_BRA_014,CN,transit,0.9399444444444445,trawler,0.9999999814695614,0.0,0.0,0.0,0.03227777777777778,0.015055555555555555,0.0016666666666666668,0.011055555555555555,0.9399444444444445,0.0,0.002430555555555555,0.0,0.0,0.002430555555555555,Transit,Fishing - Trawler
700027838,VESSEL_BRA_014,CN,transit,1.0,trawler,0.9999999819635549,0.0,0.0,0.0,0.0,0.0,0.0,0.0,1.0,0.0,0.002430555555555555,0.0,0.0,0.002430555555555555,Transit,Fishing - Trawler
700027838,VESSEL_BRA_014,CN,transit,1.0,trawler,0.9999999820801558,0.0,0.0,0.0,0.0,0.0,0.0,0.0,1.0,0.0,0.002430555555555555,0.0,0.0,0.002430555555555555,Transit,Fishing - Trawler
700027838,VESSEL_BRA_014,CN,transit,1.0,trawler,0.9999999820801558,0.0,0.0,0.0,0.0,0.0,0.0,0.0,1.0,0.0,0.002430555555555555,0.0,0.0,0.002430555555555555,Transit,Fishing - Trawler
700027838,VESSEL_BRA_014,CN,transit,1.0,trawler,0.9999999820801558,0.0,0.0,0.0,0.0,0.0,0.0,0.0,1.0,0.0,0.002430555555555555,0.0,0.0,0.002430555555555555,Transit,Fishing - Trawler
700027838,VESSEL_BRA_014,CN,transit,1.0,trawler,0.9999999820805995,0.0,0.0,0.0,0.0,0.0,0.0,0.0,1.0,0.0,0.002430555555555555,0.0,0.0,0.002430555555555555,Transit,Fishing - Trawler
700027838,VESSEL_BRA_014,CN,transit,1.0,trawler,0.9999999820801558,0.0,0.0,0.0,0.0,0.0,0.0,0.0,1.0,0.0,0.002430555555555555,0.0,0.0,0.002430555555555555,Transit,Fishing - Trawler
700027838,VESSEL_BRA_014,CN,fishing,0.7522777777777776,trawler,0.9999999814695614,0.0,0.0,0.0,0.7522777777777776,0.0,0.07638888888888887,0.0,0.16966666666666663,0.0016666666666666668,0.002430555555555555,0.6,0.0,0.6,Fishing,Fishing - Trawler
700027838,VESSEL_BRA_014,CN,fishing,0.9880555555555556,trawler,0.9999999821094773,0.0,0.0,0.0,0.9880555555555556,0.0025,0.0016666666666666668,0.0,0.007777777777777778,0.0,0.002430555555555555,0.6,0.0,0.6,Fishing,Fishing - Trawler
700027838,VESSEL_BRA_014,CN,fishing,1.0,trawler,0.9999999821017213,0.0,0.0,0.0,1.0,0.0,0.0,0.0,0.0,0.0,0.002430555555555555,0.6,0.0,0.6,Fishing,Fishing - Trawler
700027838,VESSEL_BRA_014,CN,fishing,1.0,trawler,0.9999999821017213,0.0,0.0,0.0,1.0,0.0,0.0,0.0,0.0,0.0,0.002430555555555555,0.6,0.0,0.6,Fishing,Fishing - Trawler
700027838,VESSEL_BRA_014,CN,fishing,1.0,trawler,0.9999999814780466,0.0,0.0,0.0,1.0,0.0,0.0,0.0,0.0,0.0,0.002430555555555555,0.6,0.0,0.6,Fishing,Fishing - Trawler
700027838,VESSEL_BRA_014,CN,fishing,0.9908333333333333,trawler,0.9999999815398882,0.0,0.0,0.006666666666666667,0.9908333333333333,0.0025,0.0,0.0,0.0,0.0,0.002430555555555555,0.6,0.0,0.6,Fishing,Fishing - Trawler
700027838,VESSEL_BRA_014,CN,fishing,0.9983333333333333,trawler,0.9999999816964934,0.0,0.0,0.0,0.9983333333333333,0.0,0.0,0.0,0.0016666666666666668,0.0,0.002430555555555555,0.6,0.0,0.6,Fishing,Fishing - Trawler
700027838,VESSEL_BRA_014,CN,fishing,1.0,trawler,0.9999999821017213,0.0,0.0,0.0,1.0,0.0,0.0,0.0,0.0,0.0,0.002430555555555555,0.6,0.0,0.6,Fishing,Fishing - Trawler
700027838,VESSEL_BRA_014,CN,fishing,1.0,trawler,0.999999982100768,0.0,0.0,0.0,1.0,0.0,0.0,0.0,0.0,0.0,0.002430555555555555,0.6,0.0,0.6,Fishing,Fishing - Trawler
700027838,VESSEL_BRA_014,CN,fishing,0.9975,trawler,0.9999999821022231,0.0,0.0,0.0,0.9975,0.0025,0.0,0.0,0.0,0.0,0.002430555555555555,0.6,0.0,0.6,Fishing,Fishing - Trawler
700027838,VESSEL_BRA_014,CN,fishing,1.0,trawler,0.9999999821022231,0.0,0.0,0.0,1.0,0.0,0.0,0.0,0.0,0.0,0.002430555555555555,0.6,0.0,0.6,Fishing,Fishing - Trawler
700027838,VESSEL_BRA_014,CN,fishing,1.0,trawler,0.9999999821017213,0.0,0.0,0.0,1.0,0.0,0.0,0.0,0.0,0.0,0.002430555555555555,0.6,0.0,0.6,Fishing,Fishing - Trawler
700027838,VESSEL_BRA_014,CN,fishing,1.0,trawler,0.9999999821017213,0.0,0.0,0.0,1.0,0.0,0.0,0.0,0.0,0.0,0.002430555555555555,0.6,0.0,0.6,Fishing,Fishing - Trawler
700027838,VESSEL_BRA_014,CN,fishing,1.0,trawler,0.9999999817610149,0.0,0.0,0.0,1.0,0.0,0.0,0.0,0.0,0.0,0.002430555555555555,0.6,0.0,0.6,Fishing,Fishing - Trawler
700027838,VESSEL_BRA_014,CN,fishing,1.0,trawler,0.9999999821017213,0.0,0.0,0.0,1.0,0.0,0.0,0.0,0.0,0.0,0.002430555555555555,0.6,0.0,0.6,Fishing,Fishing - Trawler
700027838,VESSEL_BRA_014,CN,fishing,1.0,trawler,0.9999999821017213,0.0,0.0,0.0,1.0,0.0,0.0,0.0,0.0,0.0,0.002430555555555555,0.6,0.0,0.6,Fishing,Fishing - Trawler
700027838,VESSEL_BRA_014,CN,fishing,1.0,trawler,0.9999999821017213,0.0,0.0,0.0,1.0,0.0,0.0,0.0,0.0,0.0,0.002430555555555555,0.6,0.0,0.6,Fishing,Fishing - Trawler
700027838,VESSEL_BRA_014,CN,fishing,0.9988888888888889,trawler,0.9999999821051996,0.0,0.0,0.0,0.9988888888888889,0.0011111111111111111,0.0,0.0,0.0,0.0,0.002430555555555555,0.6,0.0,0.6,Fishing,Fishing - Trawler
700027838,VESSEL_BRA_014,CN,fishing,0.9918888888888889,trawler,0.9999999821017213,0.0,0.0,0.0,0.9918888888888889,0.0061111111111111106,0.0,0.002,0.0,0.0,0.002430555555555555,0.6,0.0,0.6,Fishing,Fishing - Trawler
700027838,VESSEL_BRA_014,CN,fishing,0.9970000000000001,trawler,0.9999999821017213,0.0,0.0,0.0,0.9970000000000001,0.0,0.0,0.0,0.003,0.0,0.002430555555555555,0.6,0.0,0.6,Fishing,Fishing - Trawler
700027838,VESSEL_BRA_014,CN,fishing,0.9920000000000001,trawler,0.999999982100768,0.0,0.0,0.0,0.9920000000000001,0.0044444444444444444,0.0,0.0,0.0035555555555555553,0.0,0.002430555555555555,0.6,0.0,0.6,Fishing,Fishing - Trawler
700027838,VESSEL_BRA_014,CN,transit,0.7622301587301589,trawler,0.9999999814695614,0.0044444444444444444,0.0030555555555555553,0.0033333333333333335,0.09222222222222223,0.06484126984126984,0.05292857142857143,0.0038888888888888883,0.7622301587301589,0.013055555555555555,0.002430555555555555,0.0,0.0,0.002430555555555555,Transit,Fishing - Trawler
700027838,VESSEL_BRA_014,CN,transit,0.9977777777777779,trawler,0.9999999819635549,0.0,0.0,0.0,0.0,0.0,0.0022222222222222222,0.0,0.9977777777777779,0.0,0.002430555555555555,0.0,0.0,0.002430555555555555,Transit,Fishing - Trawler
700027838,VESSEL_BRA_014,CN,transit,1.0,trawler,0.9999999820801558,0.0,0.0,0.0,0.0,0.0,0.0,0.0,1.0,0.0,0.002430555555555555,0.0,0.0,0.002430555555555555,Transit,Fishing - Trawler
700027838,VESSEL_BRA_014,CN,transit,1.0,trawler,0.9999999820805995,0.0,0.0,0.0,0.0,0.0,0.0,0.0,1.0,0.0,0.002430555555555555,0.0,0.0,0.002430555555555555,Transit,Fishing - Trawler
700027838,VESSEL_BRA_014,CN,transit,1.0,trawler,0.9999999820801558,0.0,0.0,0.0,0.0,0.0,0.0,0.0,1.0,0.0,0.002430555555555555,0.0,0.0,0.002430555555555555,Transit,Fishing - Trawler
700027838,VESSEL_BRA_014,CN,transit,1.0,trawler,0.9999999820801558,0.0,0.0,0.0,0.0,0.0,0.0,0.0,1.0,0.0,0.002430555555555555,0.0,0.0,0.002430555555555555,Transit,Fishing - Trawler
700027838,VESSEL_BRA_014,CN,transit,1.0,trawler,0.9999999820801558,0.0,0.0,0.0,0.0,0.0,0.0,0.0,1.0,0.0,0.002430555555555555,0.0,0.0,0.002430555555555555,Transit,Fishing - Trawler
700027838,VESSEL_BRA_014,CN,transit,1.0,trawler,0.9999999820801558,0.0,0.0,0.0,0.0,0.0,0.0,0.0,1.0,0.0,0.002430555555555555,0.0,0.0,0.002430555555555555,Transit,Fishing - Trawler
700027838,VESSEL_BRA_014,CN,transit,1.0,trawler,0.9999999820801558,0.0,0.0,0.0,0.0,0.0,0.0,0.0,1.0,0.0,0.002430555555555555,0.0,0.0,0.002430555555555555,Transit,Fishing - Trawler
700027838,VESSEL_BRA_014,CN,transit,1.0,trawler,0.9999999820801558,0.0,0.0,0.0,0.0,0.0,0.0,0.0,1.0,0.0,0.002430555555555555,0.0,0.0,0.002430555555555555,Transit,Fishing - Trawler
700027838,VESSEL_BRA_014,CN,transit,1.0,trawler,0.9999999820801558,0.0,0.0,0.0,0.0,0.0,0.0,0.0,1.0,0.0,0.002430555555555555,0.0,0.0,0.002430555555555555,Transit,Fishing - Trawler
700027838,VESSEL_BRA_014,CN,transit,1.0,trawler,0.9999999820805995,0.0,0.0,0.0,0.0,0.0,0.0,0.0,1.0,0.0,0.002430555555555555,0.0,0.0,0.002430555555555555,Transit,Fishing - Trawler
700027838,VESSEL_BRA_014,CN,transit,1.0,trawler,0.9999999820801991,0.0,0.0,0.0,0.0,0.0,0.0,0.0,1.0,0.0,0.002430555555555555,0.0,0.0,0.002430555555555555,Transit,Fishing - Trawler
700027838,VESSEL_BRA_014,CN,transit,1.0,trawler,0.9999999820801558,0.0,0.0,0.0,0.0,0.0,0.0,0.0,1.0,0.0,0.002430555555555555,0.0,0.0,0.002430555555555555,Transit,Fishing - Trawler
700027838,VESSEL_BRA_014,CN,transit,1.0,trawler,0.9999999820801558,0.0,0.0,0.0,0.0,0.0,0.0,0.0,1.0,0.0,0.002430555555555555,0.0,0.0,0.002430555555555555,Transit,Fishing - Trawler
700027838,VESSEL_BRA_014,CN,transit,1.0,trawler,0.9999999819635549,0.0,0.0,0.0,0.0,0.0,0.0,0.0,1.0,0.0,0.002430555555555555,0.0,0.0,0.002430555555555555,Transit,Fishing - Trawler
700027838,VESSEL_BRA_014,CN,transit,1.0,trawler,0.9999999820801558,0.0,0.0,0.0,0.0,0.0,0.0,0.0,1.0,0.0,0.002430555555555555,0.0,0.0,0.002430555555555555,Transit,Fishing - Trawler
700027838,VESSEL_BRA_014,CN,transit,1.0,trawler,0.9999999820801558,0.0,0.0,0.0,0.0,0.0,0.0,0.0,1.0,0.0,0.002430555555555555,0.0,0.0,0.002430555555555555,Transit,Fishing - Trawler
700027838,VESSEL_BRA_014,CN,transit,1.0,trawler,0.9999999820801558,0.0,0.0,0.0,0.0,0.0,0.0,0.0,1.0,0.0,0.002430555555555555,0.0,0.0,0.002430555555555555,Transit,Fishing - Trawler
700027838,VESSEL_BRA_014,CN,transit,1.0,trawler,0.9999999820801558,0.0,0.0,0.0,0.0,0.0,0.0,0.0,1.0,0.0,0.002430555555555555,0.0,0.0,0.002430555555555555,Transit,Fishing - Trawler
700027838,VESSEL_BRA_014,CN,transit,1.0,trawler,0.9999999820801558,0.0,0.0,0.0,0.0,0.0,0.0,0.0,1.0,0.0,0.002430555555555555,0.0,0.0,0.002430555555555555,Transit,Fishing - Trawler
700027838,VESSEL_BRA_014,CN,transit,0.9841666666666666,trawler,0.9999999820801558,0.0,0.0,0.0,0.0033333333333333335,0.0,0.009166666666666667,0.0033333333333333335,0.9841666666666666,0.0,0.002430555555555555,0.0,0.0,0.002430555555555555,Transit,Fishing - Trawler
700027838,VESSEL_BRA_014,CN,transit,0.9475,trawler,0.9999999820801558,0.0,0.0038888888888888883,0.0033333333333333335,0.0027777777777777775,0.0022222222222222222,0.03138888888888889,0.008888888888888889,0.9475,0.0,0.002430555555555555,0.0,0.0,0.002430555555555555,Transit,Fishing - Trawler
700027838,VESSEL_BRA_014,CN,transit,0.9725,trawler,0.9999999820801558,0.0,0.0016666666666666668,0.0,0.006666666666666667,0.0,0.015833333333333335,0.0033333333333333335,0.9725,0.0,0.002430555555555555,0.0,0.0,0.002430555555555555,Transit,Fishing - Trawler
700027839,VESSEL_BRA_015,KR,transit,1.0,longliner,0.9999999809810899,0.0,0.0,0.0,0.0,0.0,0.0,0.0,1.0,0.0,0.002430555555555555,0.0,0.0,0.002430555555555555,Transit,Fishing - Longliner
700027839,VESSEL_BRA_015,KR,transit,1.0,longliner,0.9999999809810899,0.0,0.0,0.0,0.0,0.0,0.0,0.0,1.0,0.0,0.002430555555555555,0.0,0.0,0.002430555555555555,Transit,Fishing - Longliner
700027839,VESSEL_BRA_015,KR,transit,1.0,longliner,0.9999999809810899,0.0,0.0,0.0,0.0,0.0,0.0,0.0,1.0,0.0,0.002430555555555555,0.0,0.0,0.002430555555555555,Transit,Fishing - Longliner
700027839,VESSEL_BRA_015,KR,transit,0.9983333333333333,longliner,0.9999999809810899,0.0,0.0,0.0,0.0,0.0,0.0016666666666666668,0.0,0.9983333333333333,0.0,0.002430555555555555,0.0,0.0,0.002430555555555555,Transit,Fishing - Longliner
700027839,VESSEL_BRA_015,KR,transit,1.0,longliner,0.9999999809860031,0.0,0.0,0.0,0.0,0.0,0.0,0.0,1.0,0.0,0.002430555555555555,0.0,0.0,0.002430555555555555,Transit,Fishing - Longliner
700027839,VESSEL_BRA_015,KR,transit,1.0,longliner,0.9999999809810899,0.0,0.0,0.0,0.0,0.0,0.0,0.0,1.0,0.0,0.002430555555555555,0.0,0.0,0.002430555555555555,Transit,Fishing - Longliner
700027839,VESSEL_BRA_015,KR,transit,1.0,longliner,0.9999999809810899,0.0,0.0,0.0,0.0,0.0,0.0,0.0,1.0,0.0,0.002430555555555555,0.0,0.0,0.002430555555555555,Transit,Fishing - Longliner
700027839,VESSEL_BRA_015,KR,transit,0.9979324894514767,longliner,0.9999999809857615,0.00037974683544303797,0.00016877637130801687,0.0,0.0,0.0,0.0,0.0015189873417721519,0.9979324894514767,0.0,0.002430555555555555,0.0,0.0,0.002430555555555555,Transit,Fishing - Longliner
700027839,VESSEL_BRA_015,KR,transit,0.9979324894514767,longliner,0.9999999809810899,0.00037974683544303797,0.00016877637130801687,0.0,0.0,0.0,0.0,0.0015189873417721519,0.9979324894514767,0.0,0.002430555555555555,0.0,0.0,0.002430555555555555,Transit,Fishing - Longliner
700027839,VESSEL_BRA_015,KR,transit,1.0,longliner,0.9999999809810899,0.0,0.0,0.0,0.0,0.0,0.0,0.0,1.0,0.0,0.002430555555555555,0.0,0.0,0.002430555555555555,Transit,Fishing - Longliner
700027839,VESSEL_BRA_015,KR,transit,1.0,longliner,0.9999999809810899,0.0,0.0,0.0,0.0,0.0,0.0,0.0,1.0,0.0,0.002430555555555555,0.0,0.0,0.002430555555555555,Transit,Fishing - Longliner
700027839,VESSEL_BRA_015,KR,transit,1.0,longliner,0.9999999809810899,0.0,0.0,0.0,0.0,0.0,0.0,0.0,1.0,0.0,0.002430555555555555,0.0,0.0,0.002430555555555555,Transit,Fishing - Longliner
700027839,VESSEL_BRA_015,KR,transit,0.9391666666666667,longliner,0.9999999783440625,0.0,0.0,0.0,0.059166666666666666,0.0,0.0016666666666666668,0.0,0.9391666666666667,0.0,0.4251388888888889,0.0,0.0,0.4251388888888889,Transit,Fishing - Longliner
700027839,VESSEL_BRA_015,KR,fishing,0.893111111111111,longliner,0.9999999769272437,0.0,0.0,0.0,0.893111111111111,0.0019444444444444442,0.004111111111111111,0.0,0.10083333333333333,0.0,0.4251388888888889,0.49486835960288666,0.0,0.49486835960288666,Fishing,Fishing - Longliner
700027839,VESSEL_BRA_015,KR,fishing,1.0,longliner,0.9999999810124821,0.0,0.0,0.0,1.0,0.0,0.0,0.0,0.0,0.0,0.002430555555555555,0.5494798280507917,0.0,0.5494798280507917,Fishing,Fishing - Longliner
700027839,VESSEL_BRA_015,KR,fishing,1.0,longliner,0.9999999801401382,0.0,0.0,0.0,1.0,0.0,0.0,0.0,0.0,0.0,0.002430555555555555,0.5518783914384864,0.0,0.5518783914384864,Fishing,Fishing - Longliner
700027839,VESSEL_BRA_015,KR,fishing,0.8211944444444443,longliner,0.9999999808583752,0.004158730158730159,0.05266666666666667,0.0006666666666666668,0.8211944444444443,0.004285714285714285,0.0,0.011666666666666669,0.10147222222222223,0.0038888888888888883,0.002430555555555555,0.5540638352682143,0.0,0.5540638352682143,Fishing,Fishing - Longliner
700027839,VESSEL_BRA_015,KR,transit,0.9670000000000001,longliner,0.9999999801058534,0.0,0.0061111111111111106,0.0,0.0,0.0,0.01611111111111111,0.008611111111111111,0.9670000000000001,0.0021666666666666666,0.002430555555555555,0.0,0.0,0.002430555555555555,Transit,Fishing - Longliner
700027839,VESSEL_BRA_015,KR,transit,1.0,longliner,0.9999999808581982,0.0,0.0,0.0,0.0,0.0,0.0,0.0,1.0,0.0,0.002430555555555555,0.0,0.0,0.002430555555555555,Transit,Fishing - Longliner
700027839,VESSEL_BRA_015,KR,transit,1.0,longliner,0.9999999809810899,0.0,0.0,0.0,0.0,0.0,0.0,0.0,1.0,0.0,0.002430555555555555,0.0,0.0,0.002430555555555555,Transit,Fishing - Longliner
700027839,VESSEL_BRA_015,KR,transit,1.0,longliner,0.9999999809810899,0.0,0.0,0.0,0.0,0.0,0.0,0.0,1.0,0.0,0.002430555555555555,0.0,0.0,0.002430555555555555,Transit,Fishing - Longliner
700027839,VESSEL_BRA_015,KR,transit,0.9783333333333335,longliner,0.9999999810125421,0.0,0.0,0.0,0.005555555555555555,0.0,0.01611111111111111,0.0,0.9783333333333335,0.0,0.002430555555555555,0.0,0.0,0.002430555555555555,Transit,Fishing - Longliner
700027839,VESSEL_BRA_015,KR,fishing,0.9064444444444445,longliner,0.9999999795444687,0.0,0.0016666666666666668,0.0,0.9064444444444445,0.0016666666666666668,0.018444444444444444,0.0,0.07177777777777779,0.0,0.002430555555555555,0.6,0.0,0.6,Fishing,Fishing - Longliner
700027839,VESSEL_BRA_015,KR,fishing,0.9966666666666667,longliner,0.9999999810124821,0.0,0.0,0.0,0.9966666666666667,0.0,0.0033333333333333335,0.0,0.0,0.0,0.002430555555555555,0.6,0.0,0.6,Fishing,Fishing - Longliner
700027839,VESSEL_BRA_015,KR,fishing,1.0,longliner,0.9999999805613894,0.0,0.0,0.0,1.0,0.0,0.0,0.0,0.0,0.0,0.002430555555555555,0.6,0.0,0.6,Fishing,Fishing - Longliner
700027839,VESSEL_BRA_015,KR,fishing,1.0,longliner,0.9999999805446441,0.0,0.0,0.0,1.0,0.0,0.0,0.0,0.0,0.0,0.002430555555555555,0.6,0.0,0.6,Fishing,Fishing - Longliner
700027839,VESSEL_BRA_015,KR,fishing,0.9975,longliner,0.9999999805446441,0.0,0.0,0.0008333333333333334,0.9975,0.0,0.0016666666666666668,0.0,0.0,0.0,0.002430555555555555,0.6,0.0,0.6,Fishing,Fishing - Longliner
700027839,VESSEL_BRA_015,KR,fishing,0.9704365079365078,longliner,0.9999999805296523,0.005952380952380952,0.006666666666666667,0.0,0.9704365079365078,0.0,0.0,0.0044444444444444444,0.008055555555555555,0.0044444444444444444,0.002430555555555555,0.6,0.0,0.6,Fishing,Fishing - Longliner
700027839,VESSEL_BRA_015,KR,fishing,0.9796031746031747,longliner,0.9999999805296554,0.004285714285714285,0.01,0.0,0.9796031746031747,0.0,0.0,0.0022222222222222222,0.0011111111111111111,0.0027777777777777775,0.002430555555555555,0.6,0.0,0.6,Fishing,Fishing - Longliner
700027839,VESSEL_BRA_015,KR,fishing,1.0,longliner,0.9999999805446441,0.0,0.0,0.0,1.0,0.0,0.0,0.0,0.0,0.0,0.002430555555555555,0.6,0.0,0.6,Fishing,Fishing - Longliner
700027839,VESSEL_BRA_015,KR,fishing,1.0,longliner,0.9999999805446441,0.0,0.0,0.0,1.0,0.0,0.0,0.0,0.0,0.0,0.002430555555555555,0.6,0.0,0.6,Fishing,Fishing - Longliner
700027839,VESSEL_BRA_015,KR,fishing,1.0,longliner,0.9999999805446441,0.0,0.0,0.0,1.0,0.0,0.0,0.0,0.0,0.0,0.002430555555555555,0.6,0.0,0.6,Fishing,Fishing - Longliner
700027839,VESSEL_BRA_015,KR,fishing,1.0,longliner,0.9999999805446441,0.0,0.0,0.0,1.0,0.0,0.0,0.0,0.0,0.0,0.002430555555555555,0.6,0.0,0.6,Fishing,Fishing - Longliner
700027839,VESSEL_BRA_015,KR,fishing,1.0,longliner,0.9999999805446441,0.0,0.0,0.0,1.0,0.0,0.0,0.0,0.0,0.0,0.002430555555555555,0.6,0.0,0.6,Fishing,Fishing - Longliner
700027839,VESSEL_BRA_015,KR,fishing,0.905325396825397,longliner,0.9999999795535772,0.005555555555555555,0.0008333333333333334,0.0,0.905325396825397,0.007222222222222222,0.0033333333333333335,0.0011111111111111111,0.07217460317460317,0.0044444444444444444,0.002430555555555555,0.6,0.0,0.6,Fishing,Fishing - Longliner
700027839,VESSEL_BRA_015,KR,transit,0.9882222222222223,longliner,0.9999999801058534,0.0016666666666666668,0.0,0.0,0.005666666666666666,0.0,0.0011111111111111111,0.0033333333333333335,0.9882222222222223,0.0,0.002430555555555555,0.0,0.0,0.002430555555555555,Transit,Fishing - Longliner
700027839,VESSEL_BRA_015,KR,transit,1.0,longliner,0.9999999809810899,0.0,0.0,0.0,0.0,0.0,0.0,0.0,1.0,0.0,0.002430555555555555,0.0,0.0,0.002430555555555555,Transit,Fishing - Longliner
700027839,VESSEL_BRA_015,KR,transit,1.0,longliner,0.9999999809810899,0.0,0.0,0.0,0.0,0.0,0.0,0.0,1.0,0.0,0.002430555555555555,0.0,0.0,0.002430555555555555,Transit,Fishing - Longliner
700027839,VESSEL_BRA_015,KR,transit,1.0,longliner,0.9999999809850716,0.0,0.0,0.0,0.0,0.0,0.0,0.0,1.0,0.0,0.002430555555555555,0.0,0.0,0.002430555555555555,Transit,Fishing - Longliner
700027839,VESSEL_BRA_015,KR,transit,1.0,longliner,0.9999999808572325,0.0,0.0,0.0,0.0,0.0,0.0,0.0,1.0,0.0,0.002430555555555555,0.0,0.0,0.002430555555555555,Transit,Fishing - Longliner
700027839,VESSEL_BRA_015,KR,transit,1.0,longliner,0.9999999809860031,0.0,0.0,0.0,0.0,0.0,0.0,0.0,1.0,0.0,0.002430555555555555,0.0,0.0,0.002430555555555555,Transit,Fishing - Longliner
700027839,VESSEL_BRA_015,KR,transit,1.0,longliner,0.9999999809810899,0.0,0.0,0.0,0.0,0.0,0.0,0.0,1.0,0.0,0.002430555555555555,0.0,0.0,0.002430555555555555,Transit,Fishing - Longliner
700027839,VESSEL_BRA_015,KR,transit,1.0,longliner,0.9999999809810899,0.0,0.0,0.0,0.0,0.0,0.0,0.0,1.0,0.0,0.002430555555555555,0.0,0.0,0.002430555555555555,Transit,Fishing - Longliner
700027839,VESSEL_BRA_015,KR,transit,1.0,longliner,0.9999999809857615,0.0,0.0,0.0,0.0,0.0,0.0,0.0,1.0,0.0,0.002430555555555555,0.0,0.0,0.002430555555555555,Transit,Fishing - Longliner
700027839,VESSEL_BRA_015,KR,transit,1.0,longliner,0.9999999809810899,0.0,0.0,0.0,0.0,0.0,0.0,0.0,1.0,0.0,0.002430555555555555,0.0,0.0,0.002430555555555555,Transit,Fishing - Longliner
700027839,VESSEL_BRA_015,KR,transit,1.0,longliner,0.9999999809810899,0.0,0.0,0.0,0.0,0.0,0.0,0.0,1.0,0.0,0.002430555555555555,0.0,0.0,0.002430555555555555,Transit,Fishing - Longliner
700027839,VESSEL_BRA_015,KR,transit,1.0,longliner,0.9999999809860031,0.0,0.0,0.0,0.0,0.0,0.0,0.0,1.0,0.0,0.002430555555555555,0.0,0.0,0.002430555555555555,Transit,Fishing - Longliner
700027839,VESSEL_BRA_015,KR,transit,1.0,longliner,0.9999999809810899,0.0,0.0,0.0,0.0,0.0,0.0,0.0,1.0,0.0,0.002430555555555555,0.0,0.0,0.002430555555555555,Transit,Fishing - Longliner
700027839,VESSEL_BRA_015,KR,transit,1.0,longliner,0.9999999809810899,0.0,0.0,0.0,0.0,0.0,0.0,0.0,1.0,0.0,0.002430555555555555,0.0,0.0,0.002430555555555555,Transit,Fishing - Longliner
700027839,VESSEL_BRA_015,KR,transit,1.0,longliner,0.9999999809810899,0.0,0.0,0.0,0.0,0.0,0.0,0.0,1.0,0.0,0.002430555555555555,0.0,0.0,0.002430555555555555,Transit,Fishing - Longliner
700027839,VESSEL_BRA_015,KR,transit,1.0,longliner,0.9999999808581982,0.0,0.0,0.0,0.0,0.0,0.0,0.0,1.0,0.0,0.002430555555555555,0.0,0.0,0.002430555555555555,Transit,Fishing - Longliner
700027839,VESSEL_BRA_015,KR,transit,1.0,longliner,0.9999999809860031,0.0,0.0,0.0,0.0,0.0,0.0,0.0,1.0,0.0,0.002430555555555555,0.0,0.0,0.002430555555555555,Transit,Fishing - Longliner
700027839,VESSEL_BRA_015,KR,transit,1.0,longliner,0.9999999809810899,0.0,0.0,0.0,0.0,0.0,0.0,0.0,1.0,0.0,0.002430555555555555,0.0,0.0,0.002430555555555555,Transit,Fishing - Longliner
700027839,VESSEL_BRA_015,KR,transit,1.0,longliner,0.9999999809810899,0.0,0.0,0.0,0.0,0.0,0.0,0.0,1.0,0.0,0.002430555555555555,0.0,0.0,0.002430555555555555,Transit,Fishing - Longliner
700027839,VESSEL_BRA_015,KR,transit,1.0,longliner,0.9999999809810899,0.0,0.0,0.0,0.0,0.0,0.0,0.0,1.0,0.0,0.002430555555555555,0.0,0.0,0.002430555555555555,Transit,Fishing - Longliner
700027839,VESSEL_BRA_015,KR,transit,1.0,longliner,0.9999999809860031,0.0,0.0,0.0,0.0,0.0,0.0,0.0,1.0,0.0,0.002430555555555555,0.0,0.0,0.002430555555555555,Transit,Fishing - Longliner
700027839,VESSEL_BRA_015,KR,transit,1.0,longliner,0.9999999809860031,0.0,0.0,0.0,0.0,0.0,0.0,0.0,1.0,0.0,0.002430555555555555,0.0,0.0,0.002430555555555555,Transit,Fishing - Longliner
700027839,VESSEL_BRA_015,KR,transit,1.0,longliner,0.9999999809810899,0.0,0.0,0.0,0.0,0.0,0.0,0.0,1.0,0.0,0.002430555555555555,0.0,0.0,0.002430555555555555,Transit,Fishing - Longliner
700027839,VESSEL_BRA_015,KR,transit,0.995,longliner,0.9999999809810899,0.0,0.0016666666666666668,0.0033333333333333335,0.0,0.0,0.0,0.0,0.995,0.0,0.002430555555555555,0.0,0.0,0.002430555555555555,Transit,Fishing - Longliner
700027839,VESSEL_BRA_015,KR,transit,0.9944444444444444,longliner,0.9999999809810899,0.0022222222222222222,0.0,0.0033333333333333335,0.0,0.0,0.0,0.0,0.9944444444444444,0.0,0.002430555555555555,0.0,0.0,0.002430555555555555,Transit,Fishing - Longliner
700027839,VESSEL_BRA_015,KR,transit,0.9977777777777778,longliner,0.9999999809810899,0.0022222222222222222,0.0,0.0,0.0,0.0,0.0,0.0,0.9977777777777778,0.0,0.002430555555555555,0.0,0.0,0.002430555555555555,Transit,Fishing - Longliner
700027839,VESSEL_BRA_015,KR,transit,1.0,longliner,0.9999999809810899,0.0,0.0,0.0,0.0,0.0,0.0,0.0,1.0,0.0,0.002430555555555555,0.0,0.0,0.002430555555555555,Transit,Fishing - Longliner
700027839,VESSEL_BRA_015,KR,transit,1.0,longliner,0.9999999809810899,0.0,0.0,0.0,0.0,0.0,0.0,0.0,1.0,0.0,0.002430555555555555,0.0,0.0,0.002430555555555555,Transit,Fishing - Longliner
700027839,VESSEL_BRA_015,KR,transit,1.0,longliner,0.9999999809810899,0.0,0.0,0.0,0.0,0.0,0.0,0.0,1.0,0.0,0.002430555555555555,0.0,0.0,0.002430555555555555,Transit,Fishing - Longliner
700027839,VESSEL_BRA_015,KR,transit,1.0,longliner,0.9999999809860031,0.0,0.0,0.0,0.0,0.0,0.0,0.0,1.0,0.0,0.002430555555555555,0.0,0.0,0.002430555555555555,Transit,Fishing - Longliner
700027839,VESSEL_BRA_015,KR,transit,1.0,longliner,0.9999999809810899,0.0,0.0,0.0,0.0,0.0,0.0,0.0,1.0,0.0,0.002430555555555555,0.0,0.0,0.002430555555555555,Transit,Fishing - Longliner
700027839,VESSEL_BRA_015,KR,transit,0.9966666666666667,longliner,0.9999999809810899,0.0,0.0,0.0,0.0,0.0,0.0033333333333333335,0.0,0.9966666666666667,0.0,0.002430555555555555,0.0,0.0,0.002430555555555555,Transit,Fishing - Longliner
700027839,VESSEL_BRA_015,KR,transit,1.0,longliner,0.9999999809860031,0.0,0.0,0.0,0.0,0.0,0.0,0.0,1.0,0.0,0.002430555555555555,0.0,0.0,0.002430555555555555,Transit,Fishing - Longliner
700027839,VESSEL_BRA_015,KR,transit,1.0,longliner,0.9999999809810899,0.0,0.0,0.0,0.0,0.0,0.0,0.0,1.0,0.0,0.002430555555555555,0.0,0.0,0.002430555555555555,Transit,Fishing - Longliner
700027839,VESSEL_BRA_015,KR,transit,0.9968213783403655,longliner,0.9999999809860031,0.00037974683544303797,0.0012798874824191278,0.0,0.0,0.0,0.0,0.0015189873417721519,0.9968213783403655,0.0,0.002430555555555555,0.0,0.0,0.002430555555555555,Transit,Fishing - Longliner
700027839,VESSEL_BRA_015,KR,transit,0.9934880450070321,longliner,0.9999999809860031,0.00037974683544303797,0.0012798874824191278,0.0,0.0,0.0,0.0,0.004852320675105485,0.9934880450070321,0.0,0.002430555555555555,0.0,0.0,0.002430555555555555,Transit,Fishing - Longliner
700027840,VESSEL_BRA_016,PT,transit,1.0,trawler,0.9999303022165277,0.0,0.0,0.0,0.0,0.0,0.0,0.0,1.0,0.0,0.002430555555555555,0.0,0.0,0.002430555555555555,Transit,Fishing - Trawler
700027840,VESSEL_BRA_016,PT,transit,1.0,trawler,0.9999303022165277,0.0,0.0,0.0,0.0,0.0,0.0,0.0,1.0,0.0,0.002430555555555555,0.0,0.0,0.002430555555555555,Transit,Fishing - Trawler
700027840,VESSEL_BRA_016,PT,transit,1.0,trawler,0.9999303022165277,0.0,0.0,0.0,0.0,0.0,0.0,0.0,1.0,0.0,0.002430555555555555,0.0,0.0,0.002430555555555555,Transit,Fishing - Trawler
700027840,VESSEL_BRA_016,PT,transit,1.0,trawler,0.9999303022165277,0.0,0.0,0.0,0.0,0.0,0.0,0.0,1.0,0.0,0.002430555555555555,0.0,0.0,0.002430555555555555,Transit,Fishing - Trawler
700027840,VESSEL_BRA_016,PT,transit,1.0,trawler,0.9999303022165277,0.0,0.0,0.0,0.0,0.0,0.0,0.0,1.0,0.0,0.002430555555555555,0.0,0.0,0.002430555555555555,Transit,Fishing - Trawler
700027840,VESSEL_BRA_016,PT,transit,1.0,trawler,0.9999303022165277,0.0,0.0,0.0,0.0,0.0,0.0,0.0,1.0,0.0,0.002430555555555555,0.0,0.0,0.002430555555555555,Transit,Fishing - Trawler
700027840,VESSEL_BRA_016,PT,transit,1.0,trawler,0.9999303022165277,0.0,0.0,0.0,0.0,0.0,0.0,0.0,1.0,0.0,0.002430555555555555,0.0,0.0,0.002430555555555555,Transit,Fishing - Trawler
700027840,VESSEL_BRA_016,PT,transit,1.0,trawler,0.9999303022165277,0.0,0.0,0.0,0.0,0.0,0.0,0.0,1.0,0.0,0.002430555555555555,0.0,0.0,0.002430555555555555,Transit,Fishing - Trawler
700027840,VESSEL_BRA_016,PT,transit,1.0,trawler,0.9999303022165277,0.0,0.0,0.0,0.0,0.0,0.0,0.0,1.0,0.0,0.002430555555555555,0.0,0.0,0.002430555555555555,Transit,Fishing - Trawler
700027840,VESSEL_BRA_016,PT,transit,0.9983333333333333,trawler,0.9999303022165277,0.0016666666666666668,0.0,0.0,0.0,0.0,0.0,0.0,0.9983333333333333,0.0,0.002430555555555555,0.0,0.0,0.002430555555555555,Transit,Fishing - Trawler
700027840,VESSEL_BRA_016,PT,transit,1.0,trawler,0.9999303022171385,0.0,0.0,0.0,0.0,0.0,0.0,0.0,1.0,0.0,0.002430555555555555,0.0,0.0,0.002430555555555555,Transit,Fishing - Trawler
700027840,VESSEL_BRA_016,PT,transit,1.0,trawler,0.9999303406873109,0.0,0.0,0.0,0.0,0.0,0.0,0.0,1.0,0.0,0.002430555555555555,0.0,0.0,0.002430555555555555,Transit,Fishing - Trawler
700027840,VESSEL_BRA_016,PT,transit,0.7852777777777779,trawler,0.9999999798578614,0.0,0.0,0.0,0.10677777777777779,0.006555555555555555,0.09638888888888889,0.0,0.7852777777777779,0.005,0.002430555555555555,0.0,0.0,0.002430555555555555,Transit,Fishing - Trawler
700027840,VESSEL_BRA_016,PT,fishing,0.8783888888888889,trawler,0.9999999814694688,0.0,0.0,0.0,0.8783888888888889,0.005674603174603174,0.0,0.0,0.1109365079365079,0.005,0.002430555555555555,0.43943393232032313,0.0,0.43943393232032313,Fishing,Fishing - Trawler
700027840,VESSEL_BRA_016,PT,fishing,0.9350555555555555,trawler,0.9999999821012701,0.005333333333333334,0.003838383838383838,0.008888888888888889,0.9350555555555555,0.0011111111111111111,0.0,0.00393939393939394,0.03666666666666667,0.005166666666666667,0.002430555555555555,0.44447288690341935,0.0,0.44447288690341935,Fishing,Fishing - Trawler
700027840,VESSEL_BRA_016,PT,fishing,1.0,trawler,0.9999999821017213,0.0,0.0,0.0,1.0,0.0,0.0,0.0,0.0,0.0,0.002430555555555555,0.44798563177917705,0.0,0.44798563177917705,Fishing,Fishing - Trawler
700027840,VESSEL_BRA_016,PT,fishing,0.9966666666666667,trawler,0.9999999821017213,0.0,0.0,0.0013333333333333335,0.9966666666666667,0.0,0.0,0.0,0.0,0.002,0.002430555555555555,0.45056937762858607,0.0,0.45056937762858607,Fishing,Fishing - Trawler
700027840,VESSEL_BRA_016,PT,fishing,0.9938888888888887,trawler,0.9999999814780466,0.0,0.0,0.0011111111111111111,0.9938888888888887,0.0,0.0,0.0,0.0,0.005,0.002430555555555555,0.4513917526683309,0.0,0.4513917526683309,Fishing,Fishing - Trawler
700027840,VESSEL_BRA_016,PT,fishing,0.8593253968253968,trawler,0.9999999820919857,0.017443238898935103,0.04122433192686357,0.0,0.8593253968253968,0.0,0.0,0.007907876230661042,0.07243248945147679,0.0016666666666666668,0.002430555555555555,0.4500968344656485,0.0,0.4500968344656485,Fishing,Fishing - Trawler
700027840,VESSEL_BRA_016,PT,fishing,0.995,trawler,0.9999999821017213,0.0,0.0,0.0013333333333333335,0.995,0.0016666666666666668,0.0,0.0,0.0,0.002,0.002430555555555555,0.4483688525067426,0.0,0.4483688525067426,Fishing,Fishing - Trawler
700027840,VESSEL_BRA_016,PT,fishing,1.0,trawler,0.9999999821017213,0.0,0.0,0.0,1.0,0.0,0.0,0.0,0.0,0.0,0.002430555555555555,0.44646747332813547,0.0,0.44646747332813547,Fishing,Fishing - Trawler
700027840,VESSEL_BRA_016,PT,fishing,1.0,trawler,0.9999999821017213,0.0,0.0,0.0,1.0,0.0,0.0,0.0,0.0,0.0,0.002430555555555555,0.44474696442307576,0.0,0.44474696442307576,Fishing,Fishing - Trawler
700027840,VESSEL_BRA_016,PT,fishing,1.0,trawler,0.9999999821017213,0.0,0.0,0.0,1.0,0.0,0.0,0.0,0.0,0.0,0.002430555555555555,0.4440181018604035,0.0,0.4440181018604035,Fishing,Fishing - Trawler
700027840,VESSEL_BRA_016,PT,fishing,1.0,trawler,0.9999999821017213,0.0,0.0,0.0,1.0,0.0,0.0,0.0,0.0,0.0,0.002430555555555555,0.4434847877388063,0.0,0.4434847877388063,Fishing,Fishing - Trawler
700027840,VESSEL_BRA_016,PT,fishing,1.0,trawler,0.9999999821017213,0.0,0.0,0.0,1.0,0.0,0.0,0.0,0.0,0.0,0.002430555555555555,0.4438847756621533,0.0,0.4438847756621533,Fishing,Fishing - Trawler
700027840,VESSEL_BRA_016,PT,fishing,1.0,trawler,0.9999999814554758,0.0,0.0,0.0,1.0,0.0,0.0,0.0,0.0,0.0,0.002430555555555555,0.4440595072253444,0.0,0.4440595072253444,Fishing,Fishing - Trawler
700027840,VESSEL_BRA_016,PT,fishing,0.995,trawler,0.9999999817867483,0.0,0.0,0.0013333333333333335,0.995,0.0016666666666666668,0.0,0.0,0.0,0.002,0.002430555555555555,0.44198304801479094,0.0,0.44198304801479094,Fishing,Fishing - Trawler
700027840,VESSEL_BRA_016,PT,fishing,1.0,trawler,0.9999999821017213,0.0,0.0,0.0,1.0,0.0,0.0,0.0,0.0,0.0,0.002430555555555555,0.4393334784718299,0.0,0.4393334784718299,Fishing,Fishing - Trawler
700027840,VESSEL_BRA_016,PT,fishing,1.0,trawler,0.9999999821017213,0.0,0.0,0.0,1.0,0.0,0.0,0.0,0.0,0.0,0.002430555555555555,0.43714736489929085,0.0,0.43714736489929085,Fishing,Fishing - Trawler
700027840,VESSEL_BRA_016,PT,fishing,1.0,trawler,0.9999999821017213,0.0,0.0,0.0,1.0,0.0,0.0,0.0,0.0,0.0,0.002430555555555555,0.43476171619440995,0.0,0.43476171619440995,Fishing,Fishing - Trawler
700027840,VESSEL_BRA_016,PT,fishing,0.9933333333333333,trawler,0.9999999816616941,0.0,0.0,0.006666666666666667,0.9933333333333333,0.0,0.0,0.0,0.0,0.0,0.002430555555555555,0.43270973902842724,0.0,0.43270973902842724,Fishing,Fishing - Trawler
700027840,VESSEL_BRA_016,PT,fishing,0.9966666666666667,trawler,0.9999999815714135,0.0,0.0,0.0,0.9966666666666667,0.0016666666666666668,0.0,0.0,0.0,0.0016666666666666668,0.002430555555555555,0.4328593003327887,0.0,0.4328593003327887,Fishing,Fishing - Trawler
700027840,VESSEL_BRA_016,PT,fishing,1.0,trawler,0.9999999816964934,0.0,0.0,0.0,1.0,0.0,0.0,0.0,0.0,0.0,0.002430555555555555,0.4346779123675067,0.0,0.4346779123675067,Fishing,Fishing - Trawler
700027840,VESSEL_BRA_016,PT,fishing,1.0,trawler,0.9999999821017213,0.0,0.0,0.0,1.0,0.0,0.0,0.0,0.0,0.0,0.002430555555555555,0.43597847304389453,0.0,0.43597847304389453,Fishing,Fishing - Trawler
700027840,VESSEL_BRA_016,PT,fishing,1.0,trawler,0.999999982100768,0.0,0.0,0.0,1.0,0.0,0.0,0.0,0.0,0.0,0.002430555555555555,0.43692466103694544,0.0,0.43692466103694544,Fishing,Fishing - Trawler
700027840,VESSEL_BRA_016,PT,fishing,1.0,trawler,0.999999982100768,0.0,0.0,0.0,1.0,0.0,0.0,0.0,0.0,0.0,0.002430555555555555,0.438576523631634,0.0,0.438576523631634,Fishing,Fishing - Trawler
700027840,VESSEL_BRA_016,PT,fishing,1.0,trawler,0.9999999821017213,0.0,0.0,0.0,1.0,0.0,0.0,0.0,0.0,0.0,0.002430555555555555,0.44138251438698917,0.0,0.44138251438698917,Fishing,Fishing - Trawler
700027840,VESSEL_BRA_016,PT,fishing,1.0,trawler,0.9999999821017213,0.0,0.0,0.0,1.0,0.0,0.0,0.0,0.0,0.0,0.002430555555555555,0.44395621887461606,0.0,0.44395621887461606,Fishing,Fishing - Trawler
700027840,VESSEL_BRA_016,PT,fishing,0.995,trawler,0.999999982100768,0.0,0.0,0.0013333333333333335,0.995,0.0016666666666666668,0.0,0.0,0.0,0.002,0.002430555555555555,0.4462514460019885,0.0,0.4462514460019885,Fishing,Fishing - Trawler
700027840,VESSEL_BRA_016,PT,fishing,0.9988888888888887,trawler,0.999999982100768,0.0,0.0,0.0,0.9988888888888887,0.0,0.0,0.0,0.0011111111111111111,0.0,0.002430555555555555,0.4494737070838787,0.0,0.4494737070838787,Fishing,Fishing - Trawler
700027840,VESSEL_BRA_016,PT,fishing,0.8221666666666667,trawler,0.999999982130995,0.007380952380952381,0.015,0.003666666666666667,0.8221666666666667,0.003119047619047619,0.011666666666666667,0.0,0.13549999999999998,0.0015,0.002430555555555555,0.45298607479579994,0.0,0.45298607479579994,Fishing,Fishing - Trawler
700027840,VESSEL_BRA_016,PT,transit,0.9285436005625879,trawler,0.9999999725404775,0.017713080168776374,0.004668776371308017,0.0,0.026166666666666664,0.0011111111111111111,0.0,0.021796765119549928,0.9285436005625879,0.0,0.002430555555555555,0.0,0.0,0.002430555555555555,Transit,Fishing - Trawler
700027840,VESSEL_BRA_016,PT,transit,1.0,trawler,0.9999303112780202,0.0,0.0,0.0,0.0,0.0,0.0,0.0,1.0,0.0,0.002430555555555555,0.0,0.0,0.002430555555555555,Transit,Fishing - Trawler
700027840,VESSEL_BRA_016,PT,transit,1.0,trawler,0.9999303022165277,0.0,0.0,0.0,0.0,0.0,0.0,0.0,1.0,0.0,0.002430555555555555,0.0,0.0,0.002430555555555555,Transit,Fishing - Trawler
700027840,VESSEL_BRA_016,PT,transit,1.0,trawler,0.9999303022165277,0.0,0.0,0.0,0.0,0.0,0.0,0.0,1.0,0.0,0.002430555555555555,0.0,0.0,0.002430555555555555,Transit,Fishing - Trawler
700027840,VESSEL_BRA_016,PT,transit,1.0,trawler,0.999930302216571,0.0,0.0,0.0,0.0,0.0,0.0,0.0,1.0,0.0,0.002430555555555555,0.0,0.0,0.002430555555555555,Transit,Fishing - Trawler
700027840,VESSEL_BRA_016,PT,transit,1.0,trawler,0.9999303406872676,0.0,0.0,0.0,0.0,0.0,0.0,0.0,1.0,0.0,0.002430555555555555,0.0,0.0,0.002430555555555555,Transit,Fishing - Trawler
700027840,VESSEL_BRA_016,PT,fishing,0.5294444444444445,trawler,0.9999999816006325,0.0,0.0,0.0,0.5294444444444445,0.0027777777777777775,0.007296296296296297,0.0,0.4604814814814815,0.0,0.002430555555555555,0.4980357583542056,0.0,0.4980357583542056,Fishing,Fishing - Trawler
700027840,VESSEL_BRA_016,PT,fishing,0.9153888888888887,trawler,0.9999999821094773,0.0,0.0,0.0,0.9153888888888887,0.006833333333333333,0.010833333333333334,0.0,0.06583333333333333,0.0011111111111111111,0.002430555555555555,0.502421454573904,0.0,0.502421454573904,Fishing,Fishing - Trawler
700027840,VESSEL_BRA_016,PT,fishing,0.9966666666666667,trawler,0.9999999821024207,0.0,0.0,0.0,0.9966666666666667,0.0033333333333333335,0.0,0.0,0.0,0.0,0.002430555555555555,0.5056316204144646,0.0,0.5056316204144646,Fishing,Fishing - Trawler
700027840,VESSEL_BRA_016,PT,fishing,0.9966666666666667,trawler,0.9999999821012701,0.0,0.0,0.0,0.9966666666666667,0.0,0.0033333333333333335,0.0,0.0,0.0,0.002430555555555555,0.5078899158883514,0.0,0.5078899158883514,Fishing,Fishing - Trawler
700027840,VESSEL_BRA_016,PT,fishing,1.0,trawler,0.9999999821024207,0.0,0.0,0.0,1.0,0.0,0.0,0.0,0.0,0.0,0.002430555555555555,0.5088848559553905,0.0,0.5088848559553905,Fishing,Fishing - Trawler
700027840,VESSEL_BRA_016,PT,fishing,1.0,trawler,0.9999999821017213,0.0,0.0,0.0,1.0,0.0,0.0,0.0,0.0,0.0,0.002430555555555555,0.5092562615945164,0.0,0.5092562615945164,Fishing,Fishing - Trawler
700027840,VESSEL_BRA_016,PT,fishing,0.9983333333333333,trawler,0.9999999821017213,0.0,0.0,0.0,0.9983333333333333,0.0016666666666666668,0.0,0.0,0.0,0.0,0.002430555555555555,0.5098699911608726,0.0,0.5098699911608726,Fishing,Fishing - Trawler
700027840,VESSEL_BRA_016,PT,fishing,1.0,trawler,0.9999999821022231,0.0,0.0,0.0,1.0,0.0,0.0,0.0,0.0,0.0,0.002430555555555555,0.5108609524256099,0.0,0.5108609524256099,Fishing,Fishing - Trawler
700027840,VESSEL_BRA_016,PT,fishing,1.0,trawler,0.9999999821017213,0.0,0.0,0.0,1.0,0.0,0.0,0.0,0.0,0.0,0.002430555555555555,0.5124755498736957,0.0,0.5124755498736957,Fishing,Fishing - Trawler
700027840,VESSEL_BRA_016,PT,fishing,1.0,trawler,0.9999999821017213,0.0,0.0,0.0,1.0,0.0,0.0,0.0,0.0,0.0,0.002430555555555555,0.514857942727506,0.0,0.514857942727506,Fishing,Fishing - Trawler
700027840,VESSEL_BRA_016,PT,fishing,1.0,trawler,0.9999999821022231,0.0,0.0,0.0,1.0,0.0,0.0,0.0,0.0,0.0,0.002430555555555555,0.5176951595284535,0.0,0.5176951595284535,Fishing,Fishing - Trawler
700027840,VESSEL_BRA_016,PT,fishing,0.9905555555555556,trawler,0.9999999815714135,0.0,0.0,0.008111111111111112,0.9905555555555556,0.0013333333333333335,0.0,0.0,0.0,0.0,0.002430555555555555,0.5202384390007775,0.0,0.5202384390007775,Fishing,Fishing - Trawler
700027840,VESSEL_BRA_016,PT,fishing,0.9983333333333333,trawler,0.9999999817270472,0.0,0.0,0.0,0.9983333333333333,0.0,0.0,0.0,0.0,0.0016666666666666668,0.002430555555555555,0.5226168291785905,0.0,0.5226168291785905,Fishing,Fishing - Trawler
700027840,VESSEL_BRA_016,PT,fishing,0.9966666666666667,trawler,0.9999999817707522,0.0,0.0,0.0,0.9966666666666667,0.0,0.0,0.0,0.0,0.0033333333333333335,0.002430555555555555,0.5251363679255517,0.0,0.5251363679255517,Fishing,Fishing - Trawler
700027840,VESSEL_BRA_016,PT,fishing,1.0,trawler,0.9999999816964934,0.0,0.0,0.0,1.0,0.0,0.0,0.0,0.0,0.0,0.002430555555555555,0.5273589289873288,0.0,0.5273589289873288,Fishing,Fishing - Trawler
700027840,VESSEL_BRA_016,PT,fishing,1.0,trawler,0.9999999817707522,0.0,0.0,0.0,1.0,0.0,0.0,0.0,0.0,0.0,0.002430555555555555,0.5282723101169566,0.0,0.5282723101169566,Fishing,Fishing - Trawler
700027840,VESSEL_BRA_016,PT,fishing,0.99,trawler,0.9999999821017213,0.0011111111111111111,0.0011111111111111111,0.0,0.99,0.0,0.0,0.0,0.007777777777777778,0.0,0.002430555555555555,0.5296384641005791,0.0,0.5296384641005791,Fishing,Fishing - Trawler
700027840,VESSEL_BRA_016,PT,fishing,0.9935555555555555,trawler,0.9999999821094773,0.0,0.0022222222222222222,0.0,0.9935555555555555,0.0,0.0,0.0,0.004222222222222222,0.0,0.002430555555555555,0.531915626933857,0.0,0.531915626933857,Fishing,Fishing - Trawler
700027840,VESSEL_BRA_016,PT,transit,0.8981666666666667,trawler,0.999999980543708,0.005833333333333334,0.0,0.0025,0.07211111111111113,0.0061111111111111106,0.006984126984126984,0.0027777777777777775,0.8981666666666667,0.005515873015873016,0.002430555555555555,0.0,0.0,0.002430555555555555,Transit,Fishing - Trawler
700027840,VESSEL_BRA_016,PT,transit,1.0,trawler,0.9999999819626991,0.0,0.0,0.0,0.0,0.0,0.0,0.0,1.0,0.0,0.002430555555555555,0.0,0.0,0.002430555555555555,Transit,Fishing - Trawler
700027840,VESSEL_BRA_016,PT,transit,1.0,trawler,0.9999303022165277,0.0,0.0,0.0,0.0,0.0,0.0,0.0,1.0,0.0,0.002430555555555555,0.0,0.0,0.002430555555555555,Transit,Fishing - Trawler
700027840,VESSEL_BRA_016,PT,transit,1.0,trawler,0.9999303022165277,0.0,0.0,0.0,0.0,0.0,0.0,0.0,1.0,0.0,0.002430555555555555,0.0,0.0,0.002430555555555555,Transit,Fishing - Trawler
700027840,VESSEL_BRA_016,PT,transit,1.0,trawler,0.9999303022165277,0.0,0.0,0.0,0.0,0.0,0.0,0.0,1.0,0.0,0.002430555555555555,0.0,0.0,0.002430555555555555,Transit,Fishing - Trawler
700027840,VESSEL_BRA_016,PT,transit,1.0,trawler,0.9999303022165277,0.0,0.0,0.0,0.0,0.0,0.0,0.0,1.0,0.0,0.002430555555555555,0.0,0.0,0.002430555555555555,Transit,Fishing - Trawler
700027840,VESSEL_BRA_016,PT,transit,1.0,trawler,0.9999303022165277,0.0,0.0,0.0,0.0,0.0,0.0,0.0,1.0,0.0,0.002430555555555555,0.0,0.0,0.002430555555555555,Transit,Fishing - Trawler
700027840,VESSEL_BRA_016,PT,transit,1.0,trawler,0.9999303112780202,0.0,0.0,0.0,0.0,0.0,0.0,0.0,1.0,0.0,0.002430555555555555,0.0,0.0,0.002430555555555555,Transit,Fishing - Trawler
700027840,VESSEL_BRA_016,PT,transit,1.0,trawler,0.9999303022165277,0.0,0.0,0.0,0.0,0.0,0.0,0.0,1.0,0.0,0.002430555555555555,0.0,0.0,0.002430555555555555,Transit,Fishing - Trawler
700027840,VESSEL_BRA_016,PT,transit,1.0,trawler,0.9999303022165277,0.0,0.0,0.0,0.0,0.0,0.0,0.0,1.0,0.0,0.002430555555555555,0.0,0.0,0.002430555555555555,Transit,Fishing - Trawler
700027840,VESSEL_BRA_016,PT,transit,1.0,trawler,0.9999303022165277,0.0,0.0,0.0,0.0,0.0,0.0,0.0,1.0,0.0,0.002430555555555555,0.0,0.0,0.002430555555555555,Transit,Fishing - Trawler
700027840,VESSEL_BRA_016,PT,transit,1.0,trawler,0.999930302216571,0.0,0.0,0.0,0.0,0.0,0.0,0.0,1.0,0.0,0.002430555555555555,0.0,0.0,0.002430555555555555,Transit,Fishing - Trawler
700027840,VESSEL_BRA_016,PT,transit,1.0,trawler,0.999930302216571,0.0,0.0,0.0,0.0,0.0,0.0,0.0,1.0,0.0,0.002430555555555555,0.0,0.0,0.002430555555555555,Transit,Fishing - Trawler
700027840,VESSEL_BRA_016,PT,transit,1.0,trawler,0.999930302216571,0.0,0.0,0.0,0.0,0.0,0.0,0.0,1.0,0.0,0.002430555555555555,0.0,0.0,0.002430555555555555,Transit,Fishing - Trawler
700027840,VESSEL_BRA_016,PT,transit,1.0,trawler,0.9999303022165277,0.0,0.0,0.0,0.0,0.0,0.0,0.0,1.0,0.0,0.002430555555555555,0.0,0.0,0.002430555555555555,Transit,Fishing - Trawler
700027840,VESSEL_BRA_016,PT,transit,1.0,trawler,0.999930302216571,0.0,0.0,0.0,0.0,0.0,0.0,0.0,1.0,0.0,0.002430555555555555,0.0,0.0,0.002430555555555555,Transit,Fishing - Trawler
700027840,VESSEL_BRA_016,PT,transit,1.0,trawler,0.9999303022165277,0.0,0.0,0.0,0.0,0.0,0.0,0.0,1.0,0.0,0.002430555555555555,0.0,0.0,0.002430555555555555,Transit,Fishing - Trawler
700027840,VESSEL_BRA_016,PT,transit,1.0,trawler,0.9999303022165277,0.0,0.0,0.0,0.0,0.0,0.0,0.0,1.0,0.0,0.002430555555555555,0.0,0.0,0.002430555555555555,Transit,Fishing - Trawler
700027840,VESSEL_BRA_016,PT,transit,0.9966666666666667,trawler,0.9999303022165277,0.0033333333333333335,0.0,0.0,0.0,0.0,0.0,0.0,0.9966666666666667,0.0,0.002430555555555555,0.0,0.0,0.002430555555555555,Transit,Fishing - Trawler
700027840,VESSEL_BRA_016,PT,transit,1.0,trawler,0.9999303022165277,0.0,0.0,0.0,0.0,0.0,0.0,0.0,1.0,0.0,0.002430555555555555,0.0,0.0,0.002430555555555555,Transit,Fishing - Trawler
700027841,VESSEL_BRA_017,PT,transit,1.0,trawler,0.9999999819626065,0.0,0.0,0.0,0.0,0.0,0.0,0.0,1.0,0.0,0.002430555555555555,0.0,0.0,0.002430555555555555,Transit,Fishing - Trawler
700027841,VESSEL_BRA_017,PT,transit,1.0,trawler,0.9999999820801558,0.0,0.0,0.0,0.0,0.0,0.0,0.0,1.0,0.0,0.002430555555555555,0.0,0.0,0.002430555555555555,Transit,Fishing - Trawler
700027841,VESSEL_BRA_017,PT,transit,0.9963333333333333,trawler,0.9999999820801558,0.003666666666666667,0.0,0.0,0.0,0.0,0.0,0.0,0.9963333333333333,0.0,0.002430555555555555,0.0,0.0,0.002430555555555555,Transit,Fishing - Trawler
700027841,VESSEL_BRA_017,PT,transit,1.0,trawler,0.9999999820801558,0.0,0.0,0.0,0.0,0.0,0.0,0.0,1.0,0.0,0.002430555555555555,0.0,0.0,0.002430555555555555,Transit,Fishing - Trawler
700027841,VESSEL_BRA_017,PT,transit,1.0,trawler,0.9999999820801558,0.0,0.0,0.0,0.0,0.0,0.0,0.0,1.0,0.0,0.002430555555555555,0.0,0.0,0.002430555555555555,Transit,Fishing - Trawler
700027841,VESSEL_BRA_017,PT,transit,0.977142857142857,trawler,0.9999999821094773,0.0,0.0,0.0,0.012261904761904762,0.0,0.0075,0.0,0.977142857142857,0.0030952380952380953,0.002430555555555555,0.0,0.0,0.002430555555555555,Transit,Fishing - Trawler
700027841,VESSEL_BRA_017,PT,fishing,0.9906111111111111,trawler,0.9999999814695614,0.0,0.0,0.0,0.9906111111111111,0.0,0.0,0.0,0.007166666666666667,0.0022222222222222222,0.002430555555555555,0.4089421734809959,0.0,0.4089421734809959,Fishing,Fishing - Trawler
700027841,VESSEL_BRA_017,PT,fishing,0.9983333333333333,trawler,0.9999999821094773,0.0,0.0,0.0,0.9983333333333333,0.0,0.0,0.0,0.0016666666666666668,0.0,0.002430555555555555,0.4139913990718367,0.0,0.4139913990718367,Fishing,Fishing - Trawler
700027841,VESSEL_BRA_017,PT,fishing,1.0,trawler,0.9999999821017213,0.0,0.0,0.0,1.0,0.0,0.0,0.0,0.0,0.0,0.002430555555555555,0.41718436288165434,0.0,0.41718436288165434,Fishing,Fishing - Trawler
700027841,VESSEL_BRA_017,PT,fishing,0.9933333333333333,trawler,0.9999999817225697,0.0,0.0,0.0,0.9933333333333333,0.0,0.0,0.0,0.0,0.006666666666666667,0.002430555555555555,0.4199114505641489,0.0,0.4199114505641489,Fishing,Fishing - Trawler
700027841,VESSEL_BRA_017,PT,fishing,1.0,trawler,0.9999999817575208,0.0,0.0,0.0,1.0,0.0,0.0,0.0,0.0,0.0,0.002430555555555555,0.42053373433019564,0.0,0.42053373433019564,Fishing,Fishing - Trawler
700027841,VESSEL_BRA_017,PT,fishing,1.0,trawler,0.999999982100768,0.0,0.0,0.0,1.0,0.0,0.0,0.0,0.0,0.0,0.002430555555555555,0.41987893261690523,0.0,0.41987893261690523,Fishing,Fishing - Trawler
700027841,VESSEL_BRA_017,PT,fishing,0.9856666666666666,trawler,0.999999982100768,0.003666666666666667,0.0016666666666666668,0.0,0.9856666666666666,0.0,0.0,0.0,0.008333333333333333,0.0006666666666666668,0.002430555555555555,0.4213668636828843,0.0,0.4213668636828843,Fishing,Fishing - Trawler
700027841,VESSEL_BRA_017,PT,fishing,1.0,trawler,0.999999982100768,0.0,0.0,0.0,1.0,0.0,0.0,0.0,0.0,0.0,0.002430555555555555,0.42360512984637944,0.0,0.42360512984637944,Fishing,Fishing - Trawler
700027841,VESSEL_BRA_017,PT,fishing,1.0,trawler,0.999999982100768,0.0,0.0,0.0,1.0,0.0,0.0,0.0,0.0,0.0,0.002430555555555555,0.423087502502177,0.0,0.423087502502177,Fishing,Fishing - Trawler
700027841,VESSEL_BRA_017,PT,fishing,1.0,trawler,0.999999982100768,0.0,0.0,0.0,1.0,0.0,0.0,0.0,0.0,0.0,0.002430555555555555,0.42104087558062997,0.0,0.42104087558062997,Fishing,Fishing - Trawler
700027841,VESSEL_BRA_017,PT,fishing,1.0,trawler,0.999999982100768,0.0,0.0,0.0,1.0,0.0,0.0,0.0,0.0,0.0,0.002430555555555555,0.4208249845161499,0.0,0.4208249845161499,Fishing,Fishing - Trawler
700027841,VESSEL_BRA_017,PT,fishing,1.0,trawler,0.9999999821017213,0.0,0.0,0.0,1.0,0.0,0.0,0.0,0.0,0.0,0.002430555555555555,0.4214054678627911,0.0,0.4214054678627911,Fishing,Fishing - Trawler
700027841,VESSEL_BRA_017,PT,fishing,1.0,trawler,0.9999999821017213,0.0,0.0,0.0,1.0,0.0,0.0,0.0,0.0,0.0,0.002430555555555555,0.42196876052688426,0.0,0.42196876052688426,Fishing,Fishing - Trawler
700027841,VESSEL_BRA_017,PT,fishing,0.9888888888888888,trawler,0.9999999821012701,0.0,0.0,0.0061111111111111106,0.9888888888888888,0.0,0.005,0.0,0.0,0.0,0.002430555555555555,0.42340650337499214,0.0,0.42340650337499214,Fishing,Fishing - Trawler
700027841,VESSEL_BRA_017,PT,fishing,0.9888888888888888,trawler,0.9999999821022231,0.0,0.0,0.0061111111111111106,0.9888888888888888,0.0,0.005,0.0,0.0,0.0,0.002430555555555555,0.42495083138242,0.0,0.42495083138242,Fishing,Fishing - Trawler
700027841,VESSEL_BRA_017,PT,fishing,1.0,trawler,0.9999999816964934,0.0,0.0,0.0,1.0,0.0,0.0,0.0,0.0,0.0,0.002430555555555555,0.42495899284789007,0.0,0.42495899284789007,Fishing,Fishing - Trawler
700027841,VESSEL_BRA_017,PT,fishing,0.9975,trawler,0.9999999815398882,0.0,0.0,0.0,0.9975,0.0025,0.0,0.0,0.0,0.0,0.002430555555555555,0.4236435888564924,0.0,0.4236435888564924,Fishing,Fishing - Trawler
700027841,VESSEL_BRA_017,PT,fishing,1.0,trawler,0.9999999814780466,0.0,0.0,0.0,1.0,0.0,0.0,0.0,0.0,0.0,0.002430555555555555,0.4242787943351049,0.0,0.4242787943351049,Fishing,Fishing - Trawler
700027841,VESSEL_BRA_017,PT,fishing,1.0,trawler,0.9999999814780466,0.0,0.0,0.0,1.0,0.0,0.0,0.0,0.0,0.0,0.002430555555555555,0.42666537845366503,0.0,0.42666537845366503,Fishing,Fishing - Trawler
700027841,VESSEL_BRA_017,PT,fishing,1.0,trawler,0.9999999816964934,0.0,0.0,0.0,1.0,0.0,0.0,0.0,0.0,0.0,0.002430555555555555,0.4281094074668261,0.0,0.4281094074668261,Fishing,Fishing - Trawler
700027841,VESSEL_BRA_017,PT,fishing,1.0,trawler,0.9999999821017213,0.0,0.0,0.0,1.0,0.0,0.0,0.0,0.0,0.0,0.002430555555555555,0.42930770676166485,0.0,0.42930770676166485,Fishing,Fishing - Trawler
700027841,VESSEL_BRA_017,PT,fishing,1.0,trawler,0.999999982100768,0.0,0.0,0.0,1.0,0.0,0.0,0.0,0.0,0.0,0.002430555555555555,0.4298922211015109,0.0,0.4298922211015109,Fishing,Fishing - Trawler
700027841,VESSEL_BRA_017,PT,fishing,1.0,trawler,0.999999982100768,0.0,0.0,0.0,1.0,0.0,0.0,0.0,0.0,0.0,0.002430555555555555,0.43052102410520937,0.0,0.43052102410520937,Fishing,Fishing - Trawler
700027841,VESSEL_BRA_017,PT,fishing,1.0,trawler,0.9999999821017213,0.0,0.0,0.0,1.0,0.0,0.0,0.0,0.0,0.0,0.002430555555555555,0.43263278477193484,0.0,0.43263278477193484,Fishing,Fishing - Trawler
700027841,VESSEL_BRA_017,PT,fishing,0.9977777777777779,trawler,0.9999999821094773,0.0,0.0022222222222222222,0.0,0.9977777777777779,0.0,0.0,0.0,0.0,0.0,0.002430555555555555,0.4353242492688014,0.0,0.4353242492688014,Fishing,Fishing - Trawler
700027841,VESSEL_BRA_017,PT,transit,0.9410873015873013,trawler,0.9999999814695614,0.0,0.0,0.005,0.030857142857142854,0.0061111111111111106,0.01472222222222222,0.0022222222222222222,0.9410873015873013,0.0,0.002430555555555555,0.0,0.0,0.002430555555555555,Transit,Fishing - Trawler
700027841,VESSEL_BRA_017,PT,transit,1.0,trawler,0.9999999820805995,0.0,0.0,0.0,0.0,0.0,0.0,0.0,1.0,0.0,0.002430555555555555,0.0,0.0,0.002430555555555555,Transit,Fishing - Trawler
700027841,VESSEL_BRA_017,PT,transit,1.0,trawler,0.9999999820801558,0.0,0.0,0.0,0.0,0.0,0.0,0.0,1.0,0.0,0.002430555555555555,0.0,0.0,0.002430555555555555,Transit,Fishing - Trawler
700027841,VESSEL_BRA_017,PT,transit,0.9919444444444445,trawler,0.9999999821094773,0.0,0.0,0.0,0.004722222222222221,0.0,0.0033333333333333335,0.0,0.9919444444444445,0.0,0.002430555555555555,0.0,0.0,0.002430555555555555,Transit,Fishing - Trawler
700027841,VESSEL_BRA_017,PT,fishing,0.984888888888889,trawler,0.9999999814695614,0.0,0.0,0.0,0.984888888888889,0.0,0.0008333333333333334,0.0,0.014277777777777778,0.0,0.002430555555555555,0.4682994471842247,0.0,0.4682994471842247,Fishing,Fishing - Trawler
700027841,VESSEL_BRA_017,PT,fishing,0.9973333333333333,trawler,0.9999999821094773,0.002,0.0,0.0,0.9973333333333333,0.0,0.0,0.0,0.0,0.0006666666666666668,0.002430555555555555,0.46974750989275854,0.0,0.46974750989275854,Fishing,Fishing - Trawler
700027841,VESSEL_BRA_017,PT,fishing,0.9902222222222222,trawler,0.999999982100768,0.0,0.0,0.007555555555555555,0.9902222222222222,0.0,0.0,0.0,0.0022222222222222222,0.0,0.002430555555555555,0.4686365637767594,0.0,0.4686365637767594,Fishing,Fishing - Trawler
700027841,VESSEL_BRA_017,PT,fishing,0.9957777777777779,trawler,0.9999999821022231,0.0,0.0,0.002,0.9957777777777779,0.0,0.0,0.0,0.0022222222222222222,0.0,0.002430555555555555,0.46750446272718493,0.0,0.46750446272718493,Fishing,Fishing - Trawler
700027841,VESSEL_BRA_017,PT,fishing,1.0,trawler,0.9999999817865507,0.0,0.0,0.0,1.0,0.0,0.0,0.0,0.0,0.0,0.002430555555555555,0.46684144633720165,0.0,0.46684144633720165,Fishing,Fishing - Trawler
700027841,VESSEL_BRA_017,PT,fishing,1.0,trawler,0.9999999821017213,0.0,0.0,0.0,1.0,0.0,0.0,0.0,0.0,0.0,0.002430555555555555,0.46798978459943796,0.0,0.46798978459943796,Fishing,Fishing - Trawler
700027841,VESSEL_BRA_017,PT,fishing,1.0,trawler,0.9999999821022231,0.0,0.0,0.0,1.0,0.0,0.0,0.0,0.0,0.0,0.002430555555555555,0.47071297192433725,0.0,0.47071297192433725,Fishing,Fishing - Trawler
700027841,VESSEL_BRA_017,PT,fishing,0.9983333333333333,trawler,0.9999999814780466,0.0,0.0,0.0,0.9983333333333333,0.0,0.0,0.0,0.0,0.0016666666666666668,0.002430555555555555,0.4735440799376889,0.0,0.4735440799376889,Fishing,Fishing - Trawler
700027841,VESSEL_BRA_017,PT,fishing,0.9988888888888889,trawler,0.9999999821218407,0.0,0.0011111111111111111,0.0,0.9988888888888889,0.0,0.0,0.0,0.0,0.0,0.002430555555555555,0.4755418286424619,0.0,0.4755418286424619,Fishing,Fishing - Trawler
700027841,VESSEL_BRA_017,PT,transit,0.9665079365079365,trawler,0.9999999814695614,0.002,0.0,0.0022222222222222222,0.014277777777777778,0.004166666666666667,0.0033333333333333335,0.005714285714285714,0.9665079365079365,0.0017777777777777776,0.002430555555555555,0.0,0.0,0.002430555555555555,Transit,Fishing - Trawler
700027841,VESSEL_BRA_017,PT,transit,1.0,trawler,0.9999999819635549,0.0,0.0,0.0,0.0,0.0,0.0,0.0,1.0,0.0,0.002430555555555555,0.0,0.0,0.002430555555555555,Transit,Fishing - Trawler
700027841,VESSEL_BRA_017,PT,transit,1.0,trawler,0.9999999819635549,0.0,0.0,0.0,0.0,0.0,0.0,0.0,1.0,0.0,0.002430555555555555,0.0,0.0,0.002430555555555555,Transit,Fishing - Trawler
700027841,VESSEL_BRA_017,PT,transit,1.0,trawler,0.9999999819635549,0.0,0.0,0.0,0.0,0.0,0.0,0.0,1.0,0.0,0.002430555555555555,0.0,0.0,0.002430555555555555,Transit,Fishing - Trawler
700027841,VESSEL_BRA_017,PT,transit,1.0,trawler,0.9999999820801558,0.0,0.0,0.0,0.0,0.0,0.0,0.0,1.0,0.0,0.002430555555555555,0.0,0.0,0.002430555555555555,Transit,Fishing - Trawler
700027841,VESSEL_BRA_017,PT,transit,1.0,trawler,0.9999999820801558,0.0,0.0,0.0,0.0,0.0,0.0,0.0,1.0,0.0,0.002430555555555555,0.0,0.0,0.002430555555555555,Transit,Fishing - Trawler
700027841,VESSEL_BRA_017,PT,transit,0.9977777777777779,trawler,0.9999999820801558,0.0022222222222222222,0.0,0.0,0.0,0.0,0.0,0.0,0.9977777777777779,0.0,0.002430555555555555,0.0,0.0,0.002430555555555555,Transit,Fishing - Trawler
700027841,VESSEL_BRA_017,PT,transit,1.0,trawler,0.9999999820801558,0.0,0.0,0.0,0.0,0.0,0.0,0.0,1.0,0.0,0.002430555555555555,0.0,0.0,0.002430555555555555,Transit,Fishing - Trawler
700027841,VESSEL_BRA_017,PT,transit,1.0,trawler,0.9999999819635549,0.0,0.0,0.0,0.0,0.0,0.0,0.0,1.0,0.0,0.002430555555555555,0.0,0.0,0.002430555555555555,Transit,Fishing - Trawler
700027841,VESSEL_BRA_017,PT,transit,1.0,trawler,0.9999999820801558,0.0,0.0,0.0,0.0,0.0,0.0,0.0,1.0,0.0,0.002430555555555555,0.0,0.0,0.002430555555555555,Transit,Fishing - Trawler
700027841,VESSEL_BRA_017,PT,transit,1.0,trawler,0.9999999820801558,0.0,0.0,0.0,0.0,0.0,0.0,0.0,1.0,0.0,0.002430555555555555,0.0,0.0,0.002430555555555555,Transit,Fishing - Trawler
700027841,VESSEL_BRA_017,PT,transit,1.0,trawler,0.9999999820801558,0.0,0.0,0.0,0.0,0.0,0.0,0.0,1.0,0.0,0.002430555555555555,0.0,0.0,0.002430555555555555,Transit,Fishing - Trawler
700027841,VESSEL_BRA_017,PT,transit,1.0,trawler,0.9999999820801558,0.0,0.0,0.0,0.0,0.0,0.0,0.0,1.0,0.0,0.002430555555555555,0.0,0.0,0.002430555555555555,Transit,Fishing - Trawler
700027841,VESSEL_BRA_017,PT,transit,1.0,trawler,0.9999999820801558,0.0,0.0,0.0,0.0,0.0,0.0,0.0,1.0,0.0,0.002430555555555555,0.0,0.0,0.002430555555555555,Transit,Fishing - Trawler
700027841,VESSEL_BRA_017,PT,transit,1.0,trawler,0.9999999820801558,0.0,0.0,0.0,0.0,0.0,0.0,0.0,1.0,0.0,0.002430555555555555,0.0,0.0,0.002430555555555555,Transit,Fishing - Trawler
700027841,VESSEL_BRA_017,PT,transit,1.0,trawler,0.9999999819635549,0.0,0.0,0.0,0.0,0.0,0.0,0.0,1.0,0.0,0.002430555555555555,0.0,0.0,0.002430555555555555,Transit,Fishing - Trawler
700027841,VESSEL_BRA_017,PT,transit,1.0,trawler,0.9999999820801558,0.0,0.0,0.0,0.0,0.0,0.0,0.0,1.0,0.0,0.002430555555555555,0.0,0.0,0.002430555555555555,Transit,Fishing - Trawler
700027841,VESSEL_BRA_017,PT,transit,1.0,trawler,0.9999999820801558,0.0,0.0,0.0,0.0,0.0,0.0,0.0,1.0,0.0,0.002430555555555555,0.0,0.0,0.002430555555555555,Transit,Fishing - Trawler
700027841,VESSEL_BRA_017,PT,transit,1.0,trawler,0.9999999820801558,0.0,0.0,0.0,0.0,0.0,0.0,0.0,1.0,0.0,0.002430555555555555,0.0,0.0,0.002430555555555555,Transit,Fishing - Trawler
700027841,VESSEL_BRA_017,PT,transit,1.0,trawler,0.9999999820806428,0.0,0.0,0.0,0.0,0.0,0.0,0.0,1.0,0.0,0.002430555555555555,0.0,0.0,0.002430555555555555,Transit,Fishing - Trawler
700027841,VESSEL_BRA_017,PT,transit,1.0,trawler,0.9999999820817497,0.0,0.0,0.0,0.0,0.0,0.0,0.0,1.0,0.0,0.002430555555555555,0.0,0.0,0.002430555555555555,Transit,Fishing - Trawler
700027841,VESSEL_BRA_017,PT,transit,1.0,trawler,0.9999999820801558,0.0,0.0,0.0,0.0,0.0,0.0,0.0,1.0,0.0,0.002430555555555555,0.0,0.0,0.002430555555555555,Transit,Fishing - Trawler
700027841,VESSEL_BRA_017,PT,transit,0.9946666666666666,trawler,0.9999999820801991,0.003666666666666667,0.0016666666666666668,0.0,0.0,0.0,0.0,0.0,0.9946666666666666,0.0,0.002430555555555555,0.0,0.0,0.002430555555555555,Transit,Fishing - Trawler
700027841,VESSEL_BRA_017,PT,transit,1.0,trawler,0.9999999819635549,0.0,0.0,0.0,0.0,0.0,0.0,0.0,1.0,0.0,0.002430555555555555,0.0,0.0,0.002430555555555555,Transit,Fishing - Trawler
700027841,VESSEL_BRA_017,PT,transit,1.0,trawler,0.9999999820805995,0.0,0.0,0.0,0.0,0.0,0.0,0.0,1.0,0.0,0.002430555555555555,0.0,0.0,0.002430555555555555,Transit,Fishing - Trawler
700027841,VESSEL_BRA_017,PT,transit,1.0,trawler,0.9999999820801558,0.0,0.0,0.0,0.0,0.0,0.0,0.0,1.0,0.0,0.002430555555555555,0.0,0.0,0.002430555555555555,Transit,Fishing - Trawler
700027841,VESSEL_BRA_017,PT,transit,1.0,trawler,0.9999999820806428,0.0,0.0,0.0,0.0,0.0,0.0,0.0,1.0,0.0,0.002430555555555555,0.0,0.0,0.002430555555555555,Transit,Fishing - Trawler
700027841,VESSEL_BRA_017,PT,transit,1.0,trawler,0.9999999819635982,0.0,0.0,0.0,0.0,0.0,0.0,0.0,1.0,0.0,0.002430555555555555,0.0,0.0,0.002430555555555555,Transit,Fishing - Trawler
700027841,VESSEL_BRA_017,PT,transit,1.0,trawler,0.9999999820801558,0.0,0.0,0.0,0.0,0.0,0.0,0.0,1.0,0.0,0.002430555555555555,0.0,0.0,0.002430555555555555,Transit,Fishing - Trawler
700027841,VESSEL_BRA_017,PT,transit,1.0,trawler,0.9999999820801991,0.0,0.0,0.0,0.0,0.0,0.0,0.0,1.0,0.0,0.002430555555555555,0.0,0.0,0.002430555555555555,Transit,Fishing - Trawler
700027841,VESSEL_BRA_017,PT,transit,1.0,trawler,0.9999999820801991,0.0,0.0,0.0,0.0,0.0,0.0,0.0,1.0,0.0,0.002430555555555555,0.0,0.0,0.002430555555555555,Transit,Fishing - Trawler
700027841,VESSEL_BRA_017,PT,transit,1.0,trawler,0.9999999820801991,0.0,0.0,0.0,0.0,0.0,0.0,0.0,1.0,0.0,0.002430555555555555,0.0,0.0,0.002430555555555555,Transit,Fishing - Trawler
700027841,VESSEL_BRA_017,PT,transit,0.9958333333333333,trawler,0.9999999820801558,0.0025,0.0016666666666666668,0.0,0.0,0.0,0.0,0.0,0.9958333333333333,0.0,0.002430555555555555,0.0,0.0,0.002430555555555555,Transit,Fishing - Trawler
700027841,VESSEL_BRA_017,PT,transit,0.9941666666666666,trawler,0.9999999820801558,0.004166666666666667,0.0016666666666666668,0.0,0.0,0.0,0.0,0.0,0.9941666666666666,0.0,0.002430555555555555,0.0,0.0,0.002430555555555555,Transit,Fishing - Trawler
700027841,VESSEL_BRA_017,PT,transit,0.9958333333333333,trawler,0.9999999820801558,0.0025,0.0016666666666666668,0.0,0.0,0.0,0.0,0.0,0.9958333333333333,0.0,0.002430555555555555,0.0,0.0,0.002430555555555555,Transit,Fishing - Trawler
700027841,VESSEL_BRA_017,PT,transit,0.9983333333333333,trawler,0.9999999820805995,0.0016666666666666668,0.0,0.0,0.0,0.0,0.0,0.0,0.9983333333333333,0.0,0.002430555555555555,0.0,0.0,0.002430555555555555,Transit,Fishing - Trawler
700027841,VESSEL_BRA_017,PT,transit,1.0,trawler,0.9999999820801558,0.0,0.0,0.0,0.0,0.0,0.0,0.0,1.0,0.0,0.002430555555555555,0.0,0.0,0.002430555555555555,Transit,Fishing - Trawler
700027841,VESSEL_BRA_017,PT,transit,1.0,trawler,0.9999999820801558,0.0,0.0,0.0,0.0,0.0,0.0,0.0,1.0,0.0,0.002430555555555555,0.0,0.0,0.002430555555555555,Transit,Fishing - Trawler
700027841,VESSEL_BRA_017,PT,transit,1.0,trawler,0.9999999820801558,0.0,0.0,0.0,0.0,0.0,0.0,0.0,1.0,0.0,0.002430555555555555,0.0,0.0,0.002430555555555555,Transit,Fishing - Trawler
700027841,VESSEL_BRA_017,PT,transit,1.0,trawler,0.9999999820805995,0.0,0.0,0.0,0.0,0.0,0.0,0.0,1.0,0.0,0.002430555555555555,0.0,0.0,0.002430555555555555,Transit,Fishing - Trawler
700027841,VESSEL_BRA_017,PT,transit,1.0,trawler,0.9999999820801558,0.0,0.0,0.0,0.0,0.0,0.0,0.0,1.0,0.0,0.002430555555555555,0.0,0.0,0.002430555555555555,Transit,Fishing - Trawler
700027842,VESSEL_BRA_018,PT,transit,1.0,longliner,0.9999999809783852,0.0,0.0,0.0,0.0,0.0,0.0,0.0,1.0,0.0,0.002430555555555555,0.0,0.0,0.002430555555555555,Transit,Fishing - Longliner
700027842,VESSEL_BRA_018,PT,transit,1.0,longliner,0.9999999809793171,0.0,0.0,0.0,0.0,0.0,0.0,0.0,1.0,0.0,0.002430555555555555,0.0,0.0,0.002430555555555555,Transit,Fishing - Longliner
700027842,VESSEL_BRA_018,PT,transit,1.0,longliner,0.9999999809793171,0.0,0.0,0.0,0.0,0.0,0.0,0.0,1.0,0.0,0.002430555555555555,0.0,0.0,0.002430555555555555,Transit,Fishing - Longliner
700027842,VESSEL_BRA_018,PT,transit,1.0,longliner,0.9999999809783852,0.0,0.0,0.0,0.0,0.0,0.0,0.0,1.0,0.0,0.002430555555555555,0.0,0.0,0.002430555555555555,Transit,Fishing - Longliner
700027842,VESSEL_BRA_018,PT,transit,1.0,longliner,0.9999999809897565,0.0,0.0,0.0,0.0,0.0,0.0,0.0,1.0,0.0,0.002430555555555555,0.0,0.0,0.002430555555555555,Transit,Fishing - Longliner
700027842,VESSEL_BRA_018,PT,transit,0.7378703703703706,longliner,0.9999999802330561,0.0,0.0,0.0016666666666666668,0.15849999999999997,0.009388888888888888,0.07185978835978835,0.0,0.7378703703703706,0.020714285714285716,0.002430555555555555,0.0,0.0,0.002430555555555555,Transit,Fishing - Longliner
700027842,VESSEL_BRA_018,PT,fishing,0.9798333333333333,longliner,0.9999999802447228,0.0,0.0,0.0,0.9798333333333333,0.003611111111111111,0.004333333333333333,0.0,0.012222222222222221,0.0,0.002430555555555555,0.4291989387105821,0.0,0.4291989387105821,Fishing,Fishing - Longliner
700027842,VESSEL_BRA_018,PT,fishing,1.0,longliner,0.9999999805528957,0.0,0.0,0.0,1.0,0.0,0.0,0.0,0.0,0.0,0.002430555555555555,0.42610440529195287,0.0,0.42610440529195287,Fishing,Fishing - Longliner
700027842,VESSEL_BRA_018,PT,fishing,1.0,longliner,0.9999999805328853,0.0,0.0,0.0,1.0,0.0,0.0,0.0,0.0,0.0,0.002430555555555555,0.4241731445744691,0.0,0.4241731445744691,Fishing,Fishing - Longliner
700027842,VESSEL_BRA_018,PT,fishing,0.9933333333333333,longliner,0.9999999805328853,0.0,0.0,0.0,0.9933333333333333,0.006666666666666667,0.0,0.0,0.0,0.0,0.002430555555555555,0.42234963934505393,0.0,0.42234963934505393,Fishing,Fishing - Longliner
700027842,VESSEL_BRA_018,PT,fishing,0.9916666666666667,longliner,0.9999999805328853,0.0,0.0,0.0,0.9916666666666667,0.006666666666666667,0.0,0.0,0.0,0.0016666666666666668,0.002430555555555555,0.42088100179408566,0.0,0.42088100179408566,Fishing,Fishing - Longliner
700027842,VESSEL_BRA_018,PT,fishing,0.9966666666666667,longliner,0.9999999805328822,0.0,0.0,0.0,0.9966666666666667,0.0033333333333333335,0.0,0.0,0.0,0.0,0.002430555555555555,0.4198413420551546,0.0,0.4198413420551546,Fishing,Fishing - Longliner
700027842,VESSEL_BRA_018,PT,fishing,0.9880555555555555,longliner,0.9999999805328822,0.0,0.0,0.0013333333333333335,0.9880555555555555,0.0038888888888888883,0.0,0.0,0.0,0.006722222222222222,0.002430555555555555,0.41851818518797973,0.0,0.41851818518797973,Fishing,Fishing - Longliner
700027842,VESSEL_BRA_018,PT,fishing,1.0,longliner,0.9999999805328853,0.0,0.0,0.0,1.0,0.0,0.0,0.0,0.0,0.0,0.002430555555555555,0.4165773632530085,0.0,0.4165773632530085,Fishing,Fishing - Longliner
700027842,VESSEL_BRA_018,PT,fishing,1.0,longliner,0.9999999805328853,0.0,0.0,0.0,1.0,0.0,0.0,0.0,0.0,0.0,0.002430555555555555,0.4150485669688678,0.0,0.4150485669688678,Fishing,Fishing - Longliner
700027842,VESSEL_BRA_018,PT,fishing,0.9877777777777778,longliner,0.9999999805328853,0.0,0.0,0.0,0.9877777777777778,0.007777777777777777,0.0,0.0,0.0044444444444444444,0.0,0.002430555555555555,0.4145591316920142,0.0,0.4145591316920142,Fishing,Fishing - Longliner
700027842,VESSEL_BRA_018,PT,fishing,0.9983333333333333,longliner,0.9999999805328822,0.0,0.0,0.0,0.9983333333333333,0.0,0.0,0.0,0.0,0.0016666666666666668,0.002430555555555555,0.41407023494713047,0.0,0.41407023494713047,Fishing,Fishing - Longliner
700027842,VESSEL_BRA_018,PT,fishing,1.0,longliner,0.9999999805328822,0.0,0.0,0.0,1.0,0.0,0.0,0.0,0.0,0.0,0.002430555555555555,0.41293988400536874,0.0,0.41293988400536874,Fishing,Fishing - Longliner
700027842,VESSEL_BRA_018,PT,fishing,0.9927777777777778,longliner,0.9999999805328853,0.0,0.0,0.0,0.9927777777777778,0.0,0.0,0.0,0.0,0.007222222222222222,0.002430555555555555,0.4120661166259568,0.0,0.4120661166259568,Fishing,Fishing - Longliner
700027842,VESSEL_BRA_018,PT,fishing,0.9771666666666666,longliner,0.9999999802368174,0.0,0.0,0.0,0.9771666666666666,0.0,0.0,0.0008333333333333334,0.0195,0.0025,0.002430555555555555,0.4122408228167755,0.0,0.4122408228167755,Fishing,Fishing - Longliner
700027842,VESSEL_BRA_018,PT,transit,0.9705555555555556,longliner,0.9999999801246056,0.0025,0.008055555555555555,0.0,0.0038888888888888883,0.0,0.0,0.014166666666666666,0.9705555555555556,0.0008333333333333334,0.002430555555555555,0.0,0.0,0.002430555555555555,Transit,Fishing - Longliner
700027842,VESSEL_BRA_018,PT,transit,0.9983333333333333,longliner,0.9999999808631791,0.0,0.0016666666666666668,0.0,0.0,0.0,0.0,0.0,0.9983333333333333,0.0,0.002430555555555555,0.0,0.0,0.002430555555555555,Transit,Fishing - Longliner
700027842,VESSEL_BRA_018,PT,transit,1.0,longliner,0.9999999809793171,0.0,0.0,0.0,0.0,0.0,0.0,0.0,1.0,0.0,0.002430555555555555,0.0,0.0,0.002430555555555555,Transit,Fishing - Longliner
700027842,VESSEL_BRA_018,PT,transit,1.0,longliner,0.9999999809793171,0.0,0.0,0.0,0.0,0.0,0.0,0.0,1.0,0.0,0.002430555555555555,0.0,0.0,0.002430555555555555,Transit,Fishing - Longliner
700027842,VESSEL_BRA_018,PT,transit,1.0,longliner,0.9999999809793171,0.0,0.0,0.0,0.0,0.0,0.0,0.0,1.0,0.0,0.002430555555555555,0.0,0.0,0.002430555555555555,Transit,Fishing - Longliner
700027842,VESSEL_BRA_018,PT,transit,1.0,longliner,0.9999999809793171,0.0,0.0,0.0,0.0,0.0,0.0,0.0,1.0,0.0,0.002430555555555555,0.0,0.0,0.002430555555555555,Transit,Fishing - Longliner
700027842,VESSEL_BRA_018,PT,transit,0.8126666666666666,longliner,0.9999999802373642,0.0,0.0,0.0,0.12716666666666665,0.002666666666666667,0.04861111111111111,0.0,0.8126666666666666,0.008888888888888889,0.002430555555555555,0.0,0.0,0.002430555555555555,Transit,Fishing - Longliner
700027842,VESSEL_BRA_018,PT,fishing,0.9902777777777779,longliner,0.9999999802373642,0.0,0.0,0.0,0.9902777777777779,0.0,0.0,0.0,0.009722222222222222,0.0,0.002430555555555555,0.47100869522673783,0.0,0.47100869522673783,Fishing,Fishing - Longliner
700027842,VESSEL_BRA_018,PT,fishing,0.9944444444444446,longliner,0.9999999806080749,0.0,0.0,0.0,0.9944444444444446,0.0,0.0,0.0,0.0,0.005555555555555555,0.002430555555555555,0.4739247623713236,0.0,0.4739247623713236,Fishing,Fishing - Longliner
700027842,VESSEL_BRA_018,PT,fishing,0.9979999999999999,longliner,0.9999999805328853,0.0,0.0,0.0,0.9979999999999999,0.002,0.0,0.0,0.0,0.0,0.002430555555555555,0.4753318471276997,0.0,0.4753318471276997,Fishing,Fishing - Longliner
700027842,VESSEL_BRA_018,PT,fishing,0.9933333333333333,longliner,0.9999999805328853,0.0,0.0,0.0013333333333333335,0.9933333333333333,0.0,0.0,0.0,0.0033333333333333335,0.002,0.002430555555555555,0.4767929371507653,0.0,0.4767929371507653,Fishing,Fishing - Longliner
700027842,VESSEL_BRA_018,PT,fishing,1.0,longliner,0.9999999805328853,0.0,0.0,0.0,1.0,0.0,0.0,0.0,0.0,0.0,0.002430555555555555,0.47841471185278966,0.0,0.47841471185278966,Fishing,Fishing - Longliner
700027842,VESSEL_BRA_018,PT,fishing,0.9671666666666666,longliner,0.9999999805532839,0.002833333333333333,0.007727272727272727,0.002444444444444445,0.9671666666666666,0.005,0.0,0.006161616161616162,0.0,0.008666666666666666,0.002430555555555555,0.4795337218850171,0.0,0.4795337218850171,Fishing,Fishing - Longliner
700027842,VESSEL_BRA_018,PT,fishing,0.9733333333333334,longliner,0.9999999806428367,0.013333333333333334,0.0022222222222222222,0.0,0.9733333333333334,0.01,0.0,0.0011111111111111111,0.0,0.0,0.002430555555555555,0.4800548196297348,0.0,0.4800548196297348,Fishing,Fishing - Longliner
700027842,VESSEL_BRA_018,PT,fishing,0.9933333333333333,longliner,0.9999999806428569,0.0,0.0,0.0,0.9933333333333333,0.006666666666666667,0.0,0.0,0.0,0.0,0.002430555555555555,0.4809601350509588,0.0,0.4809601350509588,Fishing,Fishing - Longliner
700027842,VESSEL_BRA_018,PT,fishing,0.9983333333333333,longliner,0.9999999803723586,0.0,0.0,0.0,0.9983333333333333,0.0016666666666666668,0.0,0.0,0.0,0.0,0.002430555555555555,0.4826027942533816,0.0,0.4826027942533816,Fishing,Fishing - Longliner
700027842,VESSEL_BRA_018,PT,fishing,0.9916666666666667,longliner,0.9999999803565499,0.0,0.0033333333333333335,0.0,0.9916666666666667,0.0016666666666666668,0.0,0.0016666666666666668,0.0,0.0016666666666666668,0.002430555555555555,0.48381166923430974,0.0,0.48381166923430974,Fishing,Fishing - Longliner
700027842,VESSEL_BRA_018,PT,fishing,0.9966666666666667,longliner,0.9999999805328853,0.0,0.0033333333333333335,0.0,0.9966666666666667,0.0,0.0,0.0,0.0,0.0,0.002430555555555555,0.4847389094563269,0.0,0.4847389094563269,Fishing,Fishing - Longliner
700027842,VESSEL_BRA_018,PT,fishing,0.9977777777777779,longliner,0.9999999805328853,0.0,0.0,0.0,0.9977777777777779,0.0,0.0,0.0,0.0,0.0022222222222222222,0.002430555555555555,0.4860876556843801,0.0,0.4860876556843801,Fishing,Fishing - Longliner
700027842,VESSEL_BRA_018,PT,fishing,0.995,longliner,0.9999999805328853,0.0,0.005,0.0,0.995,0.0,0.0,0.0,0.0,0.0,0.002430555555555555,0.4872984762521841,0.0,0.4872984762521841,Fishing,Fishing - Longliner
700027842,VESSEL_BRA_018,PT,fishing,0.9955555555555556,longliner,0.9999999805328853,0.0,0.0,0.0,0.9955555555555556,0.0,0.0,0.0,0.0044444444444444444,0.0,0.002430555555555555,0.4878905743058993,0.0,0.4878905743058993,Fishing,Fishing - Longliner
700027842,VESSEL_BRA_018,PT,fishing,0.9894444444444443,longliner,0.9999999805329055,0.0,0.0033333333333333335,0.0,0.9894444444444443,0.0011111111111111111,0.0,0.0,0.0044444444444444444,0.0016666666666666668,0.002430555555555555,0.4880753889915844,0.0,0.4880753889915844,Fishing,Fishing - Longliner
700027842,VESSEL_BRA_018,PT,fishing,0.995,longliner,0.9999999805328822,0.0,0.0033333333333333335,0.0,0.995,0.0,0.0,0.0,0.0,0.0016666666666666668,0.002430555555555555,0.4890626040330913,0.0,0.4890626040330913,Fishing,Fishing - Longliner
700027842,VESSEL_BRA_018,PT,fishing,1.0,longliner,0.9999999805328853,0.0,0.0,0.0,1.0,0.0,0.0,0.0,0.0,0.0,0.002430555555555555,0.4906485555609601,0.0,0.4906485555609601,Fishing,Fishing - Longliner
700027842,VESSEL_BRA_018,PT,fishing,0.9896666666666666,longliner,0.9999999807123737,0.0,0.0016666666666666668,0.0,0.9896666666666666,0.002,0.0,0.0016666666666666668,0.0,0.005,0.002430555555555555,0.49145132155955634,0.0,0.49145132155955634,Fishing,Fishing - Longliner
700027842,VESSEL_BRA_018,PT,transit,0.7980595238095239,longliner,0.9999999795412777,0.0016666666666666668,0.006805555555555555,0.01938888888888889,0.11683333333333333,0.0245,0.005111111111111111,0.0,0.7980595238095239,0.027634920634920637,0.002430555555555555,0.0,0.0,0.002430555555555555,Transit,Fishing - Longliner
700027842,VESSEL_BRA_018,PT,transit,1.0,longliner,0.9999999808631838,0.0,0.0,0.0,0.0,0.0,0.0,0.0,1.0,0.0,0.002430555555555555,0.0,0.0,0.002430555555555555,Transit,Fishing - Longliner
700027842,VESSEL_BRA_018,PT,transit,1.0,longliner,0.9999999809793171,0.0,0.0,0.0,0.0,0.0,0.0,0.0,1.0,0.0,0.002430555555555555,0.0,0.0,0.002430555555555555,Transit,Fishing - Longliner
700027842,VESSEL_BRA_018,PT,transit,1.0,longliner,0.9999999809793171,0.0,0.0,0.0,0.0,0.0,0.0,0.0,1.0,0.0,0.002430555555555555,0.0,0.0,0.002430555555555555,Transit,Fishing - Longliner
700027842,VESSEL_BRA_018,PT,transit,1.0,longliner,0.9999999809793171,0.0,0.0,0.0,0.0,0.0,0.0,0.0,1.0,0.0,0.002430555555555555,0.0,0.0,0.002430555555555555,Transit,Fishing - Longliner
700027842,VESSEL_BRA_018,PT,transit,1.0,longliner,0.9999999809793171,0.0,0.0,0.0,0.0,0.0,0.0,0.0,1.0,0.0,0.002430555555555555,0.0,0.0,0.002430555555555555,Transit,Fishing - Longliner
700027842,VESSEL_BRA_018,PT,transit,0.9983333333333333,longliner,0.9999999809793171,0.0,0.0,0.0,0.0,0.0,0.0016666666666666668,0.0,0.9983333333333333,0.0,0.002430555555555555,0.0,0.0,0.002430555555555555,Transit,Fishing - Longliner
700027842,VESSEL_BRA_018,PT,transit,1.0,longliner,0.9999999809793171,0.0,0.0,0.0,0.0,0.0,0.0,0.0,1.0,0.0,0.002430555555555555,0.0,0.0,0.002430555555555555,Transit,Fishing - Longliner
700027842,VESSEL_BRA_018,PT,transit,1.0,longliner,0.9999999809793171,0.0,0.0,0.0,0.0,0.0,0.0,0.0,1.0,0.0,0.002430555555555555,0.0,0.0,0.002430555555555555,Transit,Fishing - Longliner
700027842,VESSEL_BRA_018,PT,transit,0.9966666666666667,longliner,0.9999999809793171,0.0033333333333333335,0.0,0.0,0.0,0.0,0.0,0.0,0.9966666666666667,0.0,0.002430555555555555,0.0,0.0,0.002430555555555555,Transit,Fishing - Longliner
700027842,VESSEL_BRA_018,PT,transit,1.0,longliner,0.9999999809793171,0.0,0.0,0.0,0.0,0.0,0.0,0.0,1.0,0.0,0.002430555555555555,0.0,0.0,0.002430555555555555,Transit,Fishing - Longliner
700027842,VESSEL_BRA_018,PT,transit,1.0,longliner,0.9999999809793171,0.0,0.0,0.0,0.0,0.0,0.0,0.0,1.0,0.0,0.002430555555555555,0.0,0.0,0.002430555555555555,Transit,Fishing - Longliner
700027842,VESSEL_BRA_018,PT,transit,1.0,longliner,0.9999999809793171,0.0,0.0,0.0,0.0,0.0,0.0,0.0,1.0,0.0,0.002430555555555555,0.0,0.0,0.002430555555555555,Transit,Fishing - Longliner
700027842,VESSEL_BRA_018,PT,transit,0.9951190476190476,longliner,0.9999999809793171,0.004880952380952382,0.0,0.0,0.0,0.0,0.0,0.0,0.9951190476190476,0.0,0.002430555555555555,0.0,0.0,0.002430555555555555,Transit,Fishing - Longliner
700027842,VESSEL_BRA_018,PT,transit,1.0,longliner,0.9999999809793171,0.0,0.0,0.0,0.0,0.0,0.0,0.0,1.0,0.0,0.002430555555555555,0.0,0.0,0.002430555555555555,Transit,Fishing - Longliner
700027842,VESSEL_BRA_018,PT,transit,1.0,longliner,0.9999999809793171,0.0,0.0,0.0,0.0,0.0,0.0,0.0,1.0,0.0,0.002430555555555555,0.0,0.0,0.002430555555555555,Transit,Fishing - Longliner
700027842,VESSEL_BRA_018,PT,transit,1.0,longliner,0.9999999809793171,0.0,0.0,0.0,0.0,0.0,0.0,0.0,1.0,0.0,0.002430555555555555,0.0,0.0,0.002430555555555555,Transit,Fishing - Longliner
700027842,VESSEL_BRA_018,PT,transit,1.0,longliner,0.9999999809793171,0.0,0.0,0.0,0.0,0.0,0.0,0.0,1.0,0.0,0.002430555555555555,0.0,0.0,0.002430555555555555,Transit,Fishing - Longliner
700027842,VESSEL_BRA_018,PT,transit,1.0,longliner,0.9999999809793171,0.0,0.0,0.0,0.0,0.0,0.0,0.0,1.0,0.0,0.002430555555555555,0.0,0.0,0.002430555555555555,Transit,Fishing - Longliner
700027842,VESSEL_BRA_018,PT,transit,1.0,longliner,0.9999999809793171,0.0,0.0,0.0,0.0,0.0,0.0,0.0,1.0,0.0,0.002430555555555555,0.0,0.0,0.002430555555555555,Transit,Fishing - Longliner
700027842,VESSEL_BRA_018,PT,transit,1.0,longliner,0.9999999809793171,0.0,0.0,0.0,0.0,0.0,0.0,0.0,1.0,0.0,0.002430555555555555,0.0,0.0,0.002430555555555555,Transit,Fishing - Longliner
700027842,VESSEL_BRA_018,PT,transit,1.0,longliner,0.9999999809793171,0.0,0.0,0.0,0.0,0.0,0.0,0.0,1.0,0.0,0.002430555555555555,0.0,0.0,0.002430555555555555,Transit,Fishing - Longliner
700027842,VESSEL_BRA_018,PT,transit,1.0,longliner,0.9999999808631718,0.0,0.0,0.0,0.0,0.0,0.0,0.0,1.0,0.0,0.002430555555555555,0.0,0.0,0.002430555555555555,Transit,Fishing - Longliner
700027842,VESSEL_BRA_018,PT,transit,1.0,longliner,0.9999999809906878,0.0,0.0,0.0,0.0,0.0,0.0,0.0,1.0,0.0,0.002430555555555555,0.0,0.0,0.002430555555555555,Transit,Fishing - Longliner
700027842,VESSEL_BRA_018,PT,transit,0.9493333333333334,longliner,0.9999999809793171,0.050666666666666665,0.0,0.0,0.0,0.0,0.0,0.0,0.9493333333333334,0.0,0.002430555555555555,0.0,0.0,0.002430555555555555,Transit,Fishing - Longliner
700027842,VESSEL_BRA_018,PT,transit,1.0,longliner,0.9999999809793171,0.0,0.0,0.0,0.0,0.0,0.0,0.0,1.0,0.0,0.002430555555555555,0.0,0.0,0.002430555555555555,Transit,Fishing - Longliner
700027842,VESSEL_BRA_018,PT,transit,1.0,longliner,0.9999999809793171,0.0,0.0,0.0,0.0,0.0,0.0,0.0,1.0,0.0,0.002430555555555555,0.0,0.0,0.002430555555555555,Transit,Fishing - Longliner
700027842,VESSEL_BRA_018,PT,transit,1.0,longliner,0.9999999809793171,0.0,0.0,0.0,0.0,0.0,0.0,0.0,1.0,0.0,0.002430555555555555,0.0,0.0,0.002430555555555555,Transit,Fishing - Longliner
700027842,VESSEL_BRA_018,PT,transit,1.0,longliner,0.9999999809793171,0.0,0.0,0.0,0.0,0.0,0.0,0.0,1.0,0.0,0.002430555555555555,0.0,0.0,0.002430555555555555,Transit,Fishing - Longliner
700027842,VESSEL_BRA_018,PT,transit,1.0,longliner,0.9999999809793171,0.0,0.0,0.0,0.0,0.0,0.0,0.0,1.0,0.0,0.002430555555555555,0.0,0.0,0.002430555555555555,Transit,Fishing - Longliner
700027842,VESSEL_BRA_018,PT,transit,1.0,longliner,0.9999999809789245,0.0,0.0,0.0,0.0,0.0,0.0,0.0,1.0,0.0,0.002430555555555555,0.0,0.0,0.002430555555555555,Transit,Fishing - Longliner
700027842,VESSEL_BRA_018,PT,transit,1.0,longliner,0.9999999809789245,0.0,0.0,0.0,0.0,0.0,0.0,0.0,1.0,0.0,0.002430555555555555,0.0,0.0,0.002430555555555555,Transit,Fishing - Longliner
700027842,VESSEL_BRA_018,PT,transit,1.0,longliner,0.9999999809793171,0.0,0.0,0.0,0.0,0.0,0.0,0.0,1.0,0.0,0.002430555555555555,0.0,0.0,0.002430555555555555,Transit,Fishing - Longliner
700027842,VESSEL_BRA_018,PT,transit,1.0,longliner,0.9999999809783852,0.0,0.0,0.0,0.0,0.0,0.0,0.0,1.0,0.0,0.002430555555555555,0.0,0.0,0.002430555555555555,Transit,Fishing - Longliner
700027842,VESSEL_BRA_018,PT,transit,1.0,longliner,0.9999999809783852,0.0,0.0,0.0,0.0,0.0,0.0,0.0,1.0,0.0,0.002430555555555555,0.0,0.0,0.002430555555555555,Transit,Fishing - Longliner
700027842,VESSEL_BRA_018,PT,transit,1.0,longliner,0.9999999809783852,0.0,0.0,0.0,0.0,0.0,0.0,0.0,1.0,0.0,0.002430555555555555,0.0,0.0,0.002430555555555555,Transit,Fishing - Longliner
700027842,VESSEL_BRA_018,PT,transit,1.0,longliner,0.9999999809793171,0.0,0.0,0.0,0.0,0.0,0.0,0.0,1.0,0.0,0.002430555555555555,0.0,0.0,0.002430555555555555,Transit,Fishing - Longliner
700027842,VESSEL_BRA_018,PT,transit,1.0,longliner,0.9999999809793171,0.0,0.0,0.0,0.0,0.0,0.0,0.0,1.0,0.0,0.002430555555555555,0.0,0.0,0.002430555555555555,Transit,Fishing - Longliner
700027842,VESSEL_BRA_018,PT,transit,1.0,longliner,0.9999999809793171,0.0,0.0,0.0,0.0,0.0,0.0,0.0,1.0,0.0,0.002430555555555555,0.0,0.0,0.002430555555555555,Transit,Fishing - Longliner
700027842,VESSEL_BRA_018,PT,transit,1.0,longliner,0.9999999809793171,0.0,0.0,0.0,0.0,0.0,0.0,0.0,1.0,0.0,0.002430555555555555,0.0,0.0,0.002430555555555555,Transit,Fishing - Longliner
700027843,VESSEL_BRA_019,BR,transit,1.0,purse_seiner,0.9999999755012522,0.0,0.0,0.0,0.0,0.0,0.0,0.0,1.0,0.0,0.002430555555555555,0.0,0.0,0.002430555555555555,Transit,Fishing - Purse Seiner
700027843,VESSEL_BRA_019,BR,transit,1.0,purse_seiner,0.9999999755265655,0.0,0.0,0.0,0.0,0.0,0.0,0.0,1.0,0.0,0.002430555555555555,0.0,0.0,0.002430555555555555,Transit,Fishing - Purse Seiner
700027843,VESSEL_BRA_019,BR,transit,1.0,purse_seiner,0.9999999755011636,0.0,0.0,0.0,0.0,0.0,0.0,0.0,1.0,0.0,0.002430555555555555,0.0,0.0,0.002430555555555555,Transit,Fishing - Purse Seiner
700027843,VESSEL_BRA_019,BR,transit,1.0,purse_seiner,0.9999999755011636,0.0,0.0,0.0,0.0,0.0,0.0,0.0,1.0,0.0,0.002430555555555555,0.0,0.0,0.002430555555555555,Transit,Fishing - Purse Seiner
700027843,VESSEL_BRA_019,BR,transit,1.0,purse_seiner,0.9999999755011636,0.0,0.0,0.0,0.0,0.0,0.0,0.0,1.0,0.0,0.002430555555555555,0.0,0.0,0.002430555555555555,Transit,Fishing - Purse Seiner
700027843,VESSEL_BRA_019,BR,transit,1.0,purse_seiner,0.9999999755011636,0.0,0.0,0.0,0.0,0.0,0.0,0.0,1.0,0.0,0.002430555555555555,0.0,0.0,0.002430555555555555,Transit,Fishing - Purse Seiner
700027843,VESSEL_BRA_019,BR,transit,1.0,purse_seiner,0.9999999755011636,0.0,0.0,0.0,0.0,0.0,0.0,0.0,1.0,0.0,0.002430555555555555,0.0,0.0,0.002430555555555555,Transit,Fishing - Purse Seiner
700027843,VESSEL_BRA_019,BR,transit,0.9842222222222222,purse_seiner,0.9999999755279084,0.0,0.0,0.0,0.010777777777777778,0.0016666666666666668,0.0033333333333333335,0.0,0.9842222222222222,0.0,0.002430555555555555,0.0,0.0,0.002430555555555555,Transit,Fishing - Purse Seiner
700027843,VESSEL_BRA_019,BR,fishing,0.9267222222222222,purse_seiner,0.9999999681739679,0.0016666666666666668,0.0,0.0,0.9267222222222222,0.018888888888888886,0.005,0.0,0.030833333333333334,0.01688888888888889,0.002430555555555555,0.6,0.0,0.6,Fishing,Fishing - Purse Seiner
700027843,VESSEL_BRA_019,BR,fishing,1.0,purse_seiner,0.9999999711552813,0.0,0.0,0.0,1.0,0.0,0.0,0.0,0.0,0.0,0.002430555555555555,0.6,0.0,0.6,Fishing,Fishing - Purse Seiner
700027843,VESSEL_BRA_019,BR,fishing,1.0,purse_seiner,0.9999999709009255,0.0,0.0,0.0,1.0,0.0,0.0,0.0,0.0,0.0,0.002430555555555555,0.6,0.0,0.6,Fishing,Fishing - Purse Seiner
700027843,VESSEL_BRA_019,BR,fishing,0.9812777777777778,purse_seiner,0.9999999709008391,0.0,0.0011111111111111111,0.006222222222222223,0.9812777777777778,0.0016666666666666668,0.0033333333333333335,0.0011111111111111111,0.0044444444444444444,0.0008333333333333334,0.002430555555555555,0.6,0.0,0.6,Fishing,Fishing - Purse Seiner
700027843,VESSEL_BRA_019,BR,fishing,0.9816111111111112,purse_seiner,0.9999999709008391,0.0,0.006333333333333333,0.004,0.9816111111111112,0.0016666666666666668,0.0,0.0011111111111111111,0.0044444444444444444,0.0008333333333333334,0.002430555555555555,0.6,0.0,0.6,Fishing,Fishing - Purse Seiner
700027843,VESSEL_BRA_019,BR,fishing,0.9869444444444444,purse_seiner,0.9999999709007503,0.0,0.0,0.005833333333333334,0.9869444444444444,0.0022222222222222222,0.005,0.0,0.0,0.0,0.002430555555555555,0.6,0.0,0.6,Fishing,Fishing - Purse Seiner
700027843,VESSEL_BRA_019,BR,fishing,0.9933333333333333,purse_seiner,0.9999999709007503,0.0,0.0,0.0,0.9933333333333333,0.0,0.006666666666666667,0.0,0.0,0.0,0.002430555555555555,0.6,0.0,0.6,Fishing,Fishing - Purse Seiner
700027843,VESSEL_BRA_019,BR,fishing,0.9988888888888887,purse_seiner,0.9999999709009255,0.0,0.0,0.0,0.9988888888888887,0.0,0.0,0.0,0.0011111111111111111,0.0,0.002430555555555555,0.6,0.0,0.6,Fishing,Fishing - Purse Seiner
700027843,VESSEL_BRA_019,BR,fishing,1.0,purse_seiner,0.9999999702290512,0.0,0.0,0.0,1.0,0.0,0.0,0.0,0.0,0.0,0.002430555555555555,0.6,0.0,0.6,Fishing,Fishing - Purse Seiner
700027843,VESSEL_BRA_019,BR,fishing,1.0,purse_seiner,0.9999999709085596,0.0,0.0,0.0,1.0,0.0,0.0,0.0,0.0,0.0,0.002430555555555555,0.6,0.0,0.6,Fishing,Fishing - Purse Seiner
700027843,VESSEL_BRA_019,BR,fishing,0.9983333333333333,purse_seiner,0.9999999709084706,0.0,0.0,0.0,0.9983333333333333,0.0016666666666666668,0.0,0.0,0.0,0.0,0.002430555555555555,0.6,0.0,0.6,Fishing,Fishing - Purse Seiner
700027843,VESSEL_BRA_019,BR,fishing,1.0,purse_seiner,0.9999999709085596,0.0,0.0,0.0,1.0,0.0,0.0,0.0,0.0,0.0,0.002430555555555555,0.6,0.0,0.6,Fishing,Fishing - Purse Seiner
700027843,VESSEL_BRA_019,BR,fishing,1.0,purse_seiner,0.9999999702993954,0.0,0.0,0.0,1.0,0.0,0.0,0.0,0.0,0.0,0.002430555555555555,0.6,0.0,0.6,Fishing,Fishing - Purse Seiner
700027843,VESSEL_BRA_019,BR,fishing,0.9948333333333333,purse_seiner,0.9999999697681923,0.0,0.0,0.002,0.9948333333333333,0.0031666666666666666,0.0,0.0,0.0,0.0,0.002430555555555555,0.6,0.0,0.6,Fishing,Fishing - Purse Seiner
700027843,VESSEL_BRA_019,BR,fishing,1.0,purse_seiner,0.9999999702290512,0.0,0.0,0.0,1.0,0.0,0.0,0.0,0.0,0.0,0.002430555555555555,0.6,0.0,0.6,Fishing,Fishing - Purse Seiner
700027843,VESSEL_BRA_019,BR,fishing,1.0,purse_seiner,0.9999999702291398,0.0,0.0,0.0,1.0,0.0,0.0,0.0,0.0,0.0,0.002430555555555555,0.6,0.0,0.6,Fishing,Fishing - Purse Seiner
700027843,VESSEL_BRA_019,BR,fishing,1.0,purse_seiner,0.9999999709084706,0.0,0.0,0.0,1.0,0.0,0.0,0.0,0.0,0.0,0.002430555555555555,0.6,0.0,0.6,Fishing,Fishing - Purse Seiner
700027843,VESSEL_BRA_019,BR,fishing,1.0,purse_seiner,0.9999999705349949,0.0,0.0,0.0,1.0,0.0,0.0,0.0,0.0,0.0,0.002430555555555555,0.6,0.0,0.6,Fishing,Fishing - Purse Seiner
700027843,VESSEL_BRA_019,BR,fishing,1.0,purse_seiner,0.9999999708562641,0.0,0.0,0.0,1.0,0.0,0.0,0.0,0.0,0.0,0.002430555555555555,0.6,0.0,0.6,Fishing,Fishing - Purse Seiner
700027843,VESSEL_BRA_019,BR,fishing,1.0,purse_seiner,0.9999999709084733,0.0,0.0,0.0,1.0,0.0,0.0,0.0,0.0,0.0,0.002430555555555555,0.6,0.0,0.6,Fishing,Fishing - Purse Seiner
700027843,VESSEL_BRA_019,BR,fishing,1.0,purse_seiner,0.9999999709085596,0.0,0.0,0.0,1.0,0.0,0.0,0.0,0.0,0.0,0.002430555555555555,0.6,0.0,0.6,Fishing,Fishing - Purse Seiner
700027843,VESSEL_BRA_019,BR,fishing,1.0,purse_seiner,0.9999999702291398,0.0,0.0,0.0,1.0,0.0,0.0,0.0,0.0,0.0,0.002430555555555555,0.6,0.0,0.6,Fishing,Fishing - Purse Seiner
700027843,VESSEL_BRA_019,BR,fishing,0.9983333333333333,purse_seiner,0.9999999697617081,0.0,0.0,0.0,0.9983333333333333,0.0,0.0,0.0,0.0,0.0016666666666666668,0.002430555555555555,0.6,0.0,0.6,Fishing,Fishing - Purse Seiner
700027843,VESSEL_BRA_019,BR,fishing,1.0,purse_seiner,0.9999999697617081,0.0,0.0,0.0,1.0,0.0,0.0,0.0,0.0,0.0,0.002430555555555555,0.6,0.0,0.6,Fishing,Fishing - Purse Seiner
700027843,VESSEL_BRA_019,BR,fishing,1.0,purse_seiner,0.9999999697693087,0.0,0.0,0.0,1.0,0.0,0.0,0.0,0.0,0.0,0.002430555555555555,0.6,0.0,0.6,Fishing,Fishing - Purse Seiner
700027843,VESSEL_BRA_019,BR,fishing,0.9588333333333332,purse_seiner,0.9999999711552813,0.0,0.009222222222222222,0.0033333333333333335,0.9588333333333332,0.0,0.0,0.0011111111111111111,0.025,0.0025,0.002430555555555555,0.6,0.0,0.6,Fishing,Fishing - Purse Seiner
700027843,VESSEL_BRA_019,BR,transit,0.9705277777777777,purse_seiner,0.9999999678228758,0.005694444444444444,0.0044444444444444444,0.0,0.005,0.0,0.0,0.014333333333333333,0.9705277777777777,0.0,0.002430555555555555,0.0,0.0,0.002430555555555555,Transit,Fishing - Purse Seiner
700027843,VESSEL_BRA_019,BR,transit,1.0,purse_seiner,0.999999950410887,0.0,0.0,0.0,0.0,0.0,0.0,0.0,1.0,0.0,0.002430555555555555,0.0,0.0,0.002430555555555555,Transit,Fishing - Purse Seiner
700027843,VESSEL_BRA_019,BR,transit,1.0,purse_seiner,0.9999999740541567,0.0,0.0,0.0,0.0,0.0,0.0,0.0,1.0,0.0,0.002430555555555555,0.0,0.0,0.002430555555555555,Transit,Fishing - Purse Seiner
700027843,VESSEL_BRA_019,BR,transit,1.0,purse_seiner,0.9999999755012522,0.0,0.0,0.0,0.0,0.0,0.0,0.0,1.0,0.0,0.002430555555555555,0.0,0.0,0.002430555555555555,Transit,Fishing - Purse Seiner
700027843,VESSEL_BRA_019,BR,transit,1.0,purse_seiner,0.9999999755012522,0.0,0.0,0.0,0.0,0.0,0.0,0.0,1.0,0.0,0.002430555555555555,0.0,0.0,0.002430555555555555,Transit,Fishing - Purse Seiner
700027843,VESSEL_BRA_019,BR,transit,0.9120555555555554,purse_seiner,0.9999999678554755,0.0,0.0,0.0,0.0673888888888889,0.0033333333333333335,0.01722222222222222,0.0,0.9120555555555554,0.0,0.002430555555555555,0.0,0.0,0.002430555555555555,Transit,Fishing - Purse Seiner
700027843,VESSEL_BRA_019,BR,fishing,0.9562222222222222,purse_seiner,0.9999999700549809,0.0,0.0,0.0,0.9562222222222222,0.006944444444444443,0.004333333333333333,0.0,0.03027777777777778,0.0022222222222222222,0.002430555555555555,0.574459945641594,0.0,0.574459945641594,Fishing,Fishing - Purse Seiner
700027843,VESSEL_BRA_019,BR,fishing,1.0,purse_seiner,0.9999999709084733,0.0,0.0,0.0,1.0,0.0,0.0,0.0,0.0,0.0,0.002430555555555555,0.5727876035964312,0.0,0.5727876035964312,Fishing,Fishing - Purse Seiner
700027843,VESSEL_BRA_019,BR,fishing,1.0,purse_seiner,0.9999999709008391,0.0,0.0,0.0,1.0,0.0,0.0,0.0,0.0,0.0,0.002430555555555555,0.5755162615564815,0.0,0.5755162615564815,Fishing,Fishing - Purse Seiner
700027843,VESSEL_BRA_019,BR,fishing,1.0,purse_seiner,0.9999999709008391,0.0,0.0,0.0,1.0,0.0,0.0,0.0,0.0,0.0,0.002430555555555555,0.5787039606587311,0.0,0.5787039606587311,Fishing,Fishing - Purse Seiner
700027843,VESSEL_BRA_019,BR,fishing,1.0,purse_seiner,0.9999999709009255,0.0,0.0,0.0,1.0,0.0,0.0,0.0,0.0,0.0,0.002430555555555555,0.5810752198291713,0.0,0.5810752198291713,Fishing,Fishing - Purse Seiner
700027843,VESSEL_BRA_019,BR,fishing,1.0,purse_seiner,0.9999999697692201,0.0,0.0,0.0,1.0,0.0,0.0,0.0,0.0,0.0,0.002430555555555555,0.5824229175965046,0.0,0.5824229175965046,Fishing,Fishing - Purse Seiner
700027843,VESSEL_BRA_019,BR,fishing,1.0,purse_seiner,0.9999999702290512,0.0,0.0,0.0,1.0,0.0,0.0,0.0,0.0,0.0,0.002430555555555555,0.5816480937639213,0.0,0.5816480937639213,Fishing,Fishing - Purse Seiner
700027843,VESSEL_BRA_019,BR,fishing,1.0,purse_seiner,0.9999999709790652,0.0,0.0,0.0,1.0,0.0,0.0,0.0,0.0,0.0,0.002430555555555555,0.581801134328612,0.0,0.581801134328612,Fishing,Fishing - Purse Seiner
700027843,VESSEL_BRA_019,BR,fishing,1.0,purse_seiner,0.9999999709084733,0.0,0.0,0.0,1.0,0.0,0.0,0.0,0.0,0.0,0.002430555555555555,0.584193735596716,0.0,0.584193735596716,Fishing,Fishing - Purse Seiner
700027843,VESSEL_BRA_019,BR,fishing,1.0,purse_seiner,0.9999999709008391,0.0,0.0,0.0,1.0,0.0,0.0,0.0,0.0,0.0,0.002430555555555555,0.5842761926253929,0.0,0.5842761926253929,Fishing,Fishing - Purse Seiner
700027843,VESSEL_BRA_019,BR,fishing,0.9966666666666667,purse_seiner,0.9999999709084733,0.0,0.0,0.0,0.9966666666666667,0.0016666666666666668,0.0016666666666666668,0.0,0.0,0.0,0.002430555555555555,0.5824291411940548,0.0,0.5824291411940548,Fishing,Fishing - Purse Seiner
700027843,VESSEL_BRA_019,BR,fishing,0.9966666666666667,purse_seiner,0.9999999709084733,0.0,0.0,0.0,0.9966666666666667,0.0,0.0,0.0,0.0033333333333333335,0.0,0.002430555555555555,0.5828438933740208,0.0,0.5828438933740208,Fishing,Fishing - Purse Seiner
700027843,VESSEL_BRA_019,BR,fishing,1.0,purse_seiner,0.9999999709008391,0.0,0.0,0.0,1.0,0.0,0.0,0.0,0.0,0.0,0.002430555555555555,0.5855659168545364,0.0,0.5855659168545364,Fishing,Fishing - Purse Seiner
700027843,VESSEL_BRA_019,BR,fishing,1.0,purse_seiner,0.9999999709084733,0.0,0.0,0.0,1.0,0.0,0.0,0.0,0.0,0.0,0.002430555555555555,0.5890487050061034,0.0,0.5890487050061034,Fishing,Fishing - Purse Seiner
700027843,VESSEL_BRA_019,BR,fishing,1.0,purse_seiner,0.9999999709084733,0.0,0.0,0.0,1.0,0.0,0.0,0.0,0.0,0.0,0.002430555555555555,0.5903802476338665,0.0,0.5903802476338665,Fishing,Fishing - Purse Seiner
700027843,VESSEL_BRA_019,BR,fishing,1.0,purse_seiner,0.9999999709084733,0.0,0.0,0.0,1.0,0.0,0.0,0.0,0.0,0.0,0.002430555555555555,0.5879891203505163,0.0,0.5879891203505163,Fishing,Fishing - Purse Seiner
700027843,VESSEL_BRA_019,BR,transit,0.8772777777777778,purse_seiner,0.9999999700458515,0.0,0.0,0.0,0.0795,0.010611111111111111,0.009277777777777777,0.0,0.8772777777777778,0.023333333333333334,0.002430555555555555,0.0,0.0,0.002430555555555555,Transit,Fishing - Purse Seiner
700027843,VESSEL_BRA_019,BR,transit,0.9983333333333333,purse_seiner,0.9999999417626834,0.0,0.0,0.0,0.0,0.0,0.0,0.0016666666666666668,0.9983333333333333,0.0,0.002430555555555555,0.0,0.0,0.002430555555555555,Transit,Fishing - Purse Seiner
700027843,VESSEL_BRA_019,BR,transit,1.0,purse_seiner,0.9999999647538306,0.0,0.0,0.0,0.0,0.0,0.0,0.0,1.0,0.0,0.002430555555555555,0.0,0.0,0.002430555555555555,Transit,Fishing - Purse Seiner
700027843,VESSEL_BRA_019,BR,transit,1.0,purse_seiner,0.9999999755149257,0.0,0.0,0.0,0.0,0.0,0.0,0.0,1.0,0.0,0.002430555555555555,0.0,0.0,0.002430555555555555,Transit,Fishing - Purse Seiner
700027843,VESSEL_BRA_019,BR,transit,1.0,purse_seiner,0.9999999755012522,0.0,0.0,0.0,0.0,0.0,0.0,0.0,1.0,0.0,0.002430555555555555,0.0,0.0,0.002430555555555555,Transit,Fishing - Purse Seiner
700027843,VESSEL_BRA_019,BR,transit,0.9972222222222222,purse_seiner,0.9999999755011909,0.0027777777777777775,0.0,0.0,0.0,0.0,0.0,0.0,0.9972222222222222,0.0,0.002430555555555555,0.0,0.0,0.002430555555555555,Transit,Fishing - Purse Seiner
700027843,VESSEL_BRA_019,BR,transit,0.9983333333333333,purse_seiner,0.9999999755012522,0.0,0.0016666666666666668,0.0,0.0,0.0,0.0,0.0,0.9983333333333333,0.0,0.002430555555555555,0.0,0.0,0.002430555555555555,Transit,Fishing - Purse Seiner
700027843,VESSEL_BRA_019,BR,transit,0.9966666666666667,purse_seiner,0.9999999755011636,0.0,0.0,0.0033333333333333335,0.0,0.0,0.0,0.0,0.9966666666666667,0.0,0.002430555555555555,0.0,0.0,0.002430555555555555,Transit,Fishing - Purse Seiner
700027843,VESSEL_BRA_019,BR,transit,1.0,purse_seiner,0.9999999755012522,0.0,0.0,0.0,0.0,0.0,0.0,0.0,1.0,0.0,0.002430555555555555,0.0,0.0,0.002430555555555555,Transit,Fishing - Purse Seiner
700027843,VESSEL_BRA_019,BR,transit,1.0,purse_seiner,0.9999999755012522,0.0,0.0,0.0,0.0,0.0,0.0,0.0,1.0,0.0,0.002430555555555555,0.0,0.0,0.002430555555555555,Transit,Fishing - Purse Seiner
700027843,VESSEL_BRA_019,BR,transit,1.0,purse_seiner,0.9999999755011023,0.0,0.0,0.0,0.0,0.0,0.0,0.0,1.0,0.0,0.002430555555555555,0.0,0.0,0.002430555555555555,Transit,Fishing - Purse Seiner
700027843,VESSEL_BRA_019,BR,transit,0.9975,purse_seiner,0.9999999755107484,0.0025,0.0,0.0,0.0,0.0,0.0,0.0,0.9975,0.0,0.002430555555555555,0.0,0.0,0.002430555555555555,Transit,Fishing - Purse Seiner
700027843,VESSEL_BRA_019,BR,transit,1.0,purse_seiner,0.9999999755011636,0.0,0.0,0.0,0.0,0.0,0.0,0.0,1.0,0.0,0.002430555555555555,0.0,0.0,0.002430555555555555,Transit,Fishing - Purse Seiner
700027843,VESSEL_BRA_019,BR,transit,1.0,purse_seiner,0.9999999755011636,0.0,0.0,0.0,0.0,0.0,0.0,0.0,1.0,0.0,0.002430555555555555,0.0,0.0,0.002430555555555555,Transit,Fishing - Purse Seiner
700027843,VESSEL_BRA_019,BR,transit,1.0,purse_seiner,0.9999999755011636,0.0,0.0,0.0,0.0,0.0,0.0,0.0,1.0,0.0,0.002430555555555555,0.0,0.0,0.002430555555555555,Transit,Fishing - Purse Seiner
700027843,VESSEL_BRA_019,BR,transit,1.0,purse_seiner,0.9999999755011636,0.0,0.0,0.0,0.0,0.0,0.0,0.0,1.0,0.0,0.002430555555555555,0.0,0.0,0.002430555555555555,Transit,Fishing - Purse Seiner
700027843,VESSEL_BRA_019,BR,transit,1.0,purse_seiner,0.9999999755011636,0.0,0.0,0.0,0.0,0.0,0.0,0.0,1.0,0.0,0.002430555555555555,0.0,0.0,0.002430555555555555,Transit,Fishing - Purse Seiner
700027843,VESSEL_BRA_019,BR,transit,1.0,purse_seiner,0.9999999755012522,0.0,0.0,0.0,0.0,0.0,0.0,0.0,1.0,0.0,0.002430555555555555,0.0,0.0,0.002430555555555555,Transit,Fishing - Purse Seiner
700027843,VESSEL_BRA_019,BR,transit,1.0,purse_seiner,0.9999999579576455,0.0,0.0,0.0,0.0,0.0,0.0,0.0,1.0,0.0,0.002430555555555555,0.0,0.0,0.002430555555555555,Transit,Fishing - Purse Seiner
700027843,VESSEL_BRA_019,BR,transit,1.0,purse_seiner,0.9999999740541567,0.0,0.0,0.0,0.0,0.0,0.0,0.0,1.0,0.0,0.002430555555555555,0.0,0.0,0.002430555555555555,Transit,Fishing - Purse Seiner
700027843,VESSEL_BRA_019,BR,transit,1.0,purse_seiner,0.9999999755012522,0.0,0.0,0.0,0.0,0.0,0.0,0.0,1.0,0.0,0.002430555555555555,0.0,0.0,0.002430555555555555,Transit,Fishing - Purse Seiner
700027843,VESSEL_BRA_019,BR,transit,1.0,purse_seiner,0.9999999755012522,0.0,0.0,0.0,0.0,0.0,0.0,0.0,1.0,0.0,0.002430555555555555,0.0,0.0,0.002430555555555555,Transit,Fishing - Purse Seiner
700027843,VESSEL_BRA_019,BR,transit,1.0,purse_seiner,0.9999999755012522,0.0,0.0,0.0,0.0,0.0,0.0,0.0,1.0,0.0,0.002430555555555555,0.0,0.0,0.002430555555555555,Transit,Fishing - Purse Seiner
700027843,VESSEL_BRA_019,BR,transit,1.0,purse_seiner,0.9999999755012522,0.0,0.0,0.0,0.0,0.0,0.0,0.0,1.0,0.0,0.002430555555555555,0.0,0.0,0.002430555555555555,Transit,Fishing - Purse Seiner
700027843,VESSEL_BRA_019,BR,transit,1.0,purse_seiner,0.9999999755011636,0.0,0.0,0.0,0.0,0.0,0.0,0.0,1.0,0.0,0.002430555555555555,0.0,0.0,0.002430555555555555,Transit,Fishing - Purse Seiner
700027843,VESSEL_BRA_019,BR,transit,1.0,purse_seiner,0.9999999755012522,0.0,0.0,0.0,0.0,0.0,0.0,0.0,1.0,0.0,0.002430555555555555,0.0,0.0,0.002430555555555555,Transit,Fishing - Purse Seiner
700027843,VESSEL_BRA_019,BR,transit,1.0,purse_seiner,0.9999999755012522,0.0,0.0,0.0,0.0,0.0,0.0,0.0,1.0,0.0,0.002430555555555555,0.0,0.0,0.002430555555555555,Transit,Fishing - Purse Seiner
700027843,VESSEL_BRA_019,BR,transit,1.0,purse_seiner,0.9999999755012522,0.0,0.0,0.0,0.0,0.0,0.0,0.0,1.0,0.0,0.002430555555555555,0.0,0.0,0.002430555555555555,Transit,Fishing - Purse Seiner
700027843,VESSEL_BRA_019,BR,transit,1.0,purse_seiner,0.9999999755012522,0.0,0.0,0.0,0.0,0.0,0.0,0.0,1.0,0.0,0.002430555555555555,0.0,0.0,0.002430555555555555,Transit,Fishing - Purse Seiner
750000825,FISH_BRA_TRANS,TW,fishing,0.995,trawler,0.9999999413808248,0.0,0.0,0.0,0.995,0.0,0.0,0.0,0.005,0.0,0.002430555555555555,0.35,0.0,0.35,Fishing,Fishing - Trawler
750000825,FISH_BRA_TRANS,TW,fishing,0.9977777777777778,trawler,0.9999999413813244,0.0,0.0,0.0,0.9977777777777778,0.0,0.0,0.0,0.0022222222222222222,0.0,0.002430555555555555,0.35,0.0,0.35,Fishing,Fishing - Trawler
750000825,FISH_BRA_TRANS,TW,fishing,1.0,trawler,0.9999999413813244,0.0,0.0,0.0,1.0,0.0,0.0,0.0,0.0,0.0,0.002430555555555555,0.35,0.0,0.35,Fishing,Fishing - Trawler
750000825,FISH_BRA_TRANS,TW,fishing,0.9883333333333333,trawler,0.9999999413813244,0.0,0.0,0.005,0.9883333333333333,0.0,0.006666666666666667,0.0,0.0,0.0,0.002430555555555555,0.35,0.0,0.35,Fishing,Fishing - Trawler
750000825,FISH_BRA_TRANS,TW,fishing,0.9872222222222223,trawler,0.9999999402303938,0.0,0.0,0.005,0.9872222222222223,0.0,0.006666666666666667,0.0,0.0,0.0011111111111111111,0.002430555555555555,0.35,0.0,0.35,Fishing,Fishing - Trawler
750000825,FISH_BRA_TRANS,TW,fishing,1.0,trawler,0.9999999413813244,0.0,0.0,0.0,1.0,0.0,0.0,0.0,0.0,0.0,0.002430555555555555,0.35,0.0,0.35,Fishing,Fishing - Trawler
750000825,FISH_BRA_TRANS,TW,fishing,1.0,trawler,0.9999999413813244,0.0,0.0,0.0,1.0,0.0,0.0,0.0,0.0,0.0,0.002430555555555555,0.35,0.0,0.35,Fishing,Fishing - Trawler
750000825,FISH_BRA_TRANS,TW,fishing,1.0,trawler,0.9999999413813244,0.0,0.0,0.0,1.0,0.0,0.0,0.0,0.0,0.0,0.002430555555555555,0.35,0.0,0.35,Fishing,Fishing - Trawler
750000825,FISH_BRA_TRANS,TW,fishing,0.9702380952380952,trawler,0.9999999413813244,0.0,0.0014285714285714286,0.0,0.9702380952380952,0.0013333333333333335,0.007222222222222222,0.0,0.017555555555555557,0.0022222222222222222,0.17236111111111113,0.35,0.0,0.35,Fishing,Fishing - Trawler
750000825,FISH_BRA_TRANS,TW,fishing,0.9652380952380952,trawler,0.9999999402303938,0.0016666666666666668,0.0030952380952380953,0.0,0.9652380952380952,0.0,0.007777777777777778,0.0,0.01833333333333333,0.0038888888888888883,0.17236111111111113,0.35,0.0,0.35,Fishing,Fishing - Trawler
750000825,FISH_BRA_TRANS,TW,fishing,1.0,trawler,0.9999999402303938,0.0,0.0,0.0,1.0,0.0,0.0,0.0,0.0,0.0,0.002430555555555555,0.35,0.0,0.35,Fishing,Fishing - Trawler
750000825,FISH_BRA_TRANS,TW,fishing,1.0,trawler,0.9999999413813244,0.0,0.0,0.0,1.0,0.0,0.0,0.0,0.0,0.0,0.002430555555555555,0.35,0.0,0.35,Fishing,Fishing - Trawler
750000825,FISH_BRA_TRANS,TW,fishing,1.0,trawler,0.9999999413813244,0.0,0.0,0.0,1.0,0.0,0.0,0.0,0.0,0.0,0.002430555555555555,0.35,0.0,0.35,Fishing,Fishing - Trawler
750000825,FISH_BRA_TRANS,TW,fishing,1.0,trawler,0.9999999413813244,0.0,0.0,0.0,1.0,0.0,0.0,0.0,0.0,0.0,0.002430555555555555,0.35,0.0,0.35,Fishing,Fishing - Trawler
750000825,FISH_BRA_TRANS,TW,fishing,1.0,trawler,0.9999999413813244,0.0,0.0,0.0,1.0,0.0,0.0,0.0,0.0,0.0,0.002430555555555555,0.35,0.0,0.35,Fishing,Fishing - Trawler
750000825,FISH_BRA_TRANS,TW,fishing,1.0,trawler,0.9999999413808248,0.0,0.0,0.0,1.0,0.0,0.0,0.0,0.0,0.0,0.002430555555555555,0.35,0.0,0.35,Fishing,Fishing - Trawler
750000825,FISH_BRA_TRANS,TW,transit,0.8702102672292543,trawler,0.9999999410603019,0.014665461121157323,0.007390998593530238,0.0033333333333333335,0.05738095238095237,0.006944444444444443,0.0016666666666666668,0.018185654008438818,0.8702102672292543,0.020222222222222225,0.002430555555555555,0.0,0.0,0.002430555555555555,Transit,Fishing - Trawler
750000825,FISH_BRA_TRANS,TW,transit,0.9903333333333334,trawler,0.9999999410603019,0.0,0.0022222222222222222,0.0,0.0033333333333333335,0.0,0.0,0.004111111111111111,0.9903333333333334,0.0,0.002430555555555555,0.0,0.0,0.002430555555555555,Transit,Fishing - Trawler
750000825,FISH_BRA_TRANS,TW,transit,1.0,trawler,0.9999999410603019,0.0,0.0,0.0,0.0,0.0,0.0,0.0,1.0,0.0,0.002430555555555555,0.0,0.0,0.002430555555555555,Transit,Fishing - Trawler
750000825,FISH_BRA_TRANS,TW,transit,1.0,trawler,0.999999941324684,0.0,0.0,0.0,0.0,0.0,0.0,0.0,1.0,0.0,0.002430555555555555,0.0,0.0,0.002430555555555555,Transit,Fishing - Trawler
750000825,FISH_BRA_TRANS,TW,transit,1.0,trawler,0.999999941324684,0.0,0.0,0.0,0.0,0.0,0.0,0.0,1.0,0.0,0.002430555555555555,0.0,0.0,0.002430555555555555,Transit,Fishing - Trawler
750000925,FISH_BRA_TRANS,KR,fishing,0.897611111111111,trawler,0.9999999821094773,0.0,0.0,0.0,0.897611111111111,0.0,0.023333333333333334,0.0,0.07738888888888887,0.0016666666666666668,0.002430555555555555,0.35,0.0,0.35,Fishing,Fishing - Trawler
750000925,FISH_BRA_TRANS,KR,fishing,0.9983333333333333,trawler,0.999999982100768,0.0,0.0,0.0,0.9983333333333333,0.0,0.0,0.0,0.0016666666666666668,0.0,0.002430555555555555,0.35,0.0,0.35,Fishing,Fishing - Trawler
750000925,FISH_BRA_TRANS,KR,fishing,1.0,trawler,0.999999982100768,0.0,0.0,0.0,1.0,0.0,0.0,0.0,0.0,0.0,0.002430555555555555,0.35,0.0,0.35,Fishing,Fishing - Trawler
750000925,FISH_BRA_TRANS,KR,fishing,1.0,trawler,0.9999999821012701,0.0,0.0,0.0,1.0,0.0,0.0,0.0,0.0,0.0,0.002430555555555555,0.35,0.0,0.35,Fishing,Fishing - Trawler
750000925,FISH_BRA_TRANS,KR,fishing,1.0,trawler,0.999999982100768,0.0,0.0,0.0,1.0,0.0,0.0,0.0,0.0,0.0,0.002430555555555555,0.35,0.0,0.35,Fishing,Fishing - Trawler
750000925,FISH_BRA_TRANS,KR,fishing,1.0,trawler,0.9999999821017213,0.0,0.0,0.0,1.0,0.0,0.0,0.0,0.0,0.0,0.002430555555555555,0.35040339444645857,0.0,0.35040339444645857,Fishing,Fishing - Trawler
750000925,FISH_BRA_TRANS,KR,fishing,1.0,trawler,0.9999999821017213,0.0,0.0,0.0,1.0,0.0,0.0,0.0,0.0,0.0,0.002430555555555555,0.3503435546804133,0.0,0.3503435546804133,Fishing,Fishing - Trawler
750000925,FISH_BRA_TRANS,KR,fishing,1.0,trawler,0.999999982100768,0.0,0.0,0.0,1.0,0.0,0.0,0.0,0.0,0.0,0.002430555555555555,0.3518017198206253,0.0,0.3518017198206253,Fishing,Fishing - Trawler
750000925,FISH_BRA_TRANS,KR,fishing,0.9988888888888889,trawler,0.9999999821017213,0.0,0.0011111111111111111,0.0,0.9988888888888889,0.0,0.0,0.0,0.0,0.0,0.002430555555555555,0.3538921300247959,0.0,0.3538921300247959,Fishing,Fishing - Trawler
750000925,FISH_BRA_TRANS,KR,fishing,0.4217222222222222,trawler,0.9999999819846793,0.0,0.020999999999999998,0.10883333333333332,0.4217222222222222,0.14167460317460318,0.0413015873015873,0.0,0.18345238095238095,0.08201587301587301,0.002430555555555555,0.35603614027602637,0.0,0.35603614027602637,Fishing,Fishing - Trawler
750000925,FISH_BRA_TRANS,KR,fishing,0.42616666666666664,trawler,0.999999981960375,0.0016666666666666668,0.02822222222222222,0.073,0.42616666666666664,0.16205555555555556,0.03142063492063491,0.0016666666666666668,0.1446746031746032,0.13112698412698415,0.002430555555555555,0.3576047321391871,0.0,0.3576047321391871,Fishing,Fishing - Trawler
750000925,FISH_BRA_TRANS,KR,fishing,0.4083888888888889,trawler,0.9999999820660762,0.03133333333333333,0.0446984126984127,0.08216666666666667,0.4083888888888889,0.18933333333333333,0.031976190476190464,0.01719047619047619,0.1246746031746032,0.07023809523809524,0.002430555555555555,0.35791597054478125,0.0,0.35791597054478125,Fishing,Fishing - Trawler
750000925,FISH_BRA_TRANS,KR,fishing,0.43366666666666664,trawler,0.9999999819295152,0.0,0.020999999999999998,0.088,0.43366666666666664,0.19527777777777777,0.0303095238095238,0.0,0.15956349206349207,0.07218253968253968,0.002430555555555555,0.3576688155560126,0.0,0.3576688155560126,Fishing,Fishing - Trawler
750000925,FISH_BRA_TRANS,KR,fishing,0.9988888888888889,trawler,0.999999981807092,0.0,0.0,0.0,0.9988888888888889,0.0,0.0,0.0,0.0,0.0011111111111111111,0.002430555555555555,0.357627337749735,0.0,0.357627337749735,Fishing,Fishing - Trawler
750000925,FISH_BRA_TRANS,KR,fishing,1.0,trawler,0.9999999821017213,0.0,0.0,0.0,1.0,0.0,0.0,0.0,0.0,0.0,0.002430555555555555,0.35662941640152135,0.0,0.35662941640152135,Fishing,Fishing - Trawler
750000925,FISH_BRA_TRANS,KR,fishing,1.0,trawler,0.9999999821017213,0.0,0.0,0.0,1.0,0.0,0.0,0.0,0.0,0.0,0.002430555555555555,0.3545111636711833,0.0,0.3545111636711833,Fishing,Fishing - Trawler
750000925,FISH_BRA_TRANS,KR,fishing,1.0,trawler,0.9999999821017213,0.0,0.0,0.0,1.0,0.0,0.0,0.0,0.0,0.0,0.002430555555555555,0.3528876236783335,0.0,0.3528876236783335,Fishing,Fishing - Trawler
750000925,FISH_BRA_TRANS,KR,fishing,1.0,trawler,0.9999999821017213,0.0,0.0,0.0,1.0,0.0,0.0,0.0,0.0,0.0,0.002430555555555555,0.3509170853730146,0.0,0.3509170853730146,Fishing,Fishing - Trawler
750000925,FISH_BRA_TRANS,KR,fishing,1.0,trawler,0.9999999821017213,0.0,0.0,0.0,1.0,0.0,0.0,0.0,0.0,0.0,0.002430555555555555,0.35,0.0,0.35,Fishing,Fishing - Trawler
750000925,FISH_BRA_TRANS,KR,fishing,0.9966666666666667,trawler,0.9999999821094773,0.0,0.0022222222222222222,0.0,0.9966666666666667,0.0,0.0,0.0,0.0011111111111111111,0.0,0.002430555555555555,0.35174198923516903,0.0,0.35174198923516903,Fishing,Fishing - Trawler
750000925,FISH_BRA_TRANS,KR,transit,0.8140396825396825,trawler,0.9999999814695325,0.004603174603174603,0.0,0.0,0.0929126984126984,0.010555555555555556,0.054000000000000006,0.005277777777777778,0.8140396825396825,0.01861111111111111,0.002430555555555555,0.0,0.0,0.002430555555555555,Transit,Fishing - Trawler
750000925,FISH_BRA_TRANS,KR,transit,0.9916666666666667,trawler,0.9999999820801558,0.0,0.0,0.0,0.0,0.0,0.0061111111111111106,0.0022222222222222222,0.9916666666666667,0.0,0.002430555555555555,0.0,0.0,0.002430555555555555,Transit,Fishing - Trawler
750000925,FISH_BRA_TRANS,KR,transit,0.9872222222222223,trawler,0.9999999820801558,0.0,0.0,0.0,0.0,0.0,0.012777777777777777,0.0,0.9872222222222223,0.0,0.002430555555555555,0.0,0.0,0.002430555555555555,Transit,Fishing - Trawler
750000925,FISH_BRA_TRANS,KR,transit,0.8227777777777777,trawler,0.9999999820801558,0.0,0.0,0.0033333333333333335,0.021944444444444444,0.0011111111111111111,0.14583333333333337,0.0,0.8227777777777777,0.005,0.002430555555555555,0.0,0.0,0.002430555555555555,Transit,Fishing - Trawler
750000925,FISH_BRA_TRANS,KR,transit,1.0,trawler,0.9999999820801558,0.0,0.0,0.0,0.0,0.0,0.0,0.0,1.0,0.0,0.002430555555555555,0.0,0.0,0.002430555555555555,Transit,Fishing - Trawler
750001025,FISH_BRA_TRANS,VU,fishing,0.9935555555555557,trawler,0.9999999821094773,0.0016666666666666668,0.0016666666666666668,0.0,0.9935555555555557,0.0,0.0,0.0,0.0031111111111111114,0.0,0.002430555555555555,0.6499999999999999,0.0,0.6499999999999999,Fishing,Fishing - Trawler
750001025,FISH_BRA_TRANS,VU,fishing,1.0,trawler,0.9999999821017213,0.0,0.0,0.0,1.0,0.0,0.0,0.0,0.0,0.0,0.002430555555555555,0.6499999999999999,0.0,0.6499999999999999,Fishing,Fishing - Trawler
750001025,FISH_BRA_TRANS,VU,fishing,1.0,trawler,0.9999999821017213,0.0,0.0,0.0,1.0,0.0,0.0,0.0,0.0,0.0,0.002430555555555555,0.6499999999999999,0.0,0.6499999999999999,Fishing,Fishing - Trawler
750001025,FISH_BRA_TRANS,VU,fishing,0.9966666666666667,trawler,0.9999999816964934,0.0,0.0,0.0,0.9966666666666667,0.0033333333333333335,0.0,0.0,0.0,0.0,0.002430555555555555,0.6499999999999999,0.0,0.6499999999999999,Fishing,Fishing - Trawler
750001025,FISH_BRA_TRANS,VU,fishing,1.0,trawler,0.9999999821017213,0.0,0.0,0.0,1.0,0.0,0.0,0.0,0.0,0.0,0.002430555555555555,0.6499999999999999,0.0,0.6499999999999999,Fishing,Fishing - Trawler
750001025,FISH_BRA_TRANS,VU,fishing,1.0,trawler,0.9999999821017213,0.0,0.0,0.0,1.0,0.0,0.0,0.0,0.0,0.0,0.002430555555555555,0.6499999999999999,0.0,0.6499999999999999,Fishing,Fishing - Trawler
750001025,FISH_BRA_TRANS,VU,fishing,0.9941666666666666,trawler,0.999999982100768,0.0,0.0,0.005833333333333334,0.9941666666666666,0.0,0.0,0.0,0.0,0.0,0.002430555555555555,0.6499999999999999,0.0,0.6499999999999999,Fishing,Fishing - Trawler
750001025,FISH_BRA_TRANS,VU,fishing,1.0,trawler,0.999999982100768,0.0,0.0,0.0,1.0,0.0,0.0,0.0,0.0,0.0,0.002430555555555555,0.6499999999999999,0.0,0.6499999999999999,Fishing,Fishing - Trawler
750001025,FISH_BRA_TRANS,VU,fishing,0.8800555555555555,trawler,0.9999999822935813,0.005,0.0016666666666666668,0.0,0.8800555555555555,0.0033333333333333335,0.025777777777777778,0.0,0.08194444444444444,0.0022222222222222222,0.17236111111111113,0.6499999999999999,0.0,0.6499999999999999,Fishing,Fishing - Trawler
750001025,FISH_BRA_TRANS,VU,fishing,0.9036666666666665,trawler,0.9999999822935813,0.0033333333333333335,0.0,0.0,0.9036666666666665,0.0033333333333333335,0.01966666666666667,0.0,0.06777777777777777,0.0022222222222222222,0.17236111111111113,0.6499999999999999,0.0,0.6499999999999999,Fishing,Fishing - Trawler
750001025,FISH_BRA_TRANS,VU,fishing,1.0,trawler,0.999999982100768,0.0,0.0,0.0,1.0,0.0,0.0,0.0,0.0,0.0,0.002430555555555555,0.6499999999999999,0.0,0.6499999999999999,Fishing,Fishing - Trawler
750001025,FISH_BRA_TRANS,VU,fishing,0.9933333333333333,trawler,0.9999999821017213,0.0,0.0,0.0,0.9933333333333333,0.0,0.0,0.0,0.006666666666666667,0.0,0.002430555555555555,0.6499999999999999,0.0,0.6499999999999999,Fishing,Fishing - Trawler
750001025,FISH_BRA_TRANS,VU,fishing,1.0,trawler,0.9999999821017213,0.0,0.0,0.0,1.0,0.0,0.0,0.0,0.0,0.0,0.002430555555555555,0.6499999999999999,0.0,0.6499999999999999,Fishing,Fishing - Trawler
750001025,FISH_BRA_TRANS,VU,fishing,0.9952222222222222,trawler,0.9999999821042466,0.0,0.0,0.0,0.9952222222222222,0.0,0.0,0.0,0.0047777777777777775,0.0,0.002430555555555555,0.6499999999999999,0.0,0.6499999999999999,Fishing,Fishing - Trawler
750001025,FISH_BRA_TRANS,VU,fishing,0.9966666666666667,trawler,0.999999982100768,0.0,0.0,0.0,0.9966666666666667,0.0033333333333333335,0.0,0.0,0.0,0.0,0.002430555555555555,0.6499999999999999,0.0,0.6499999999999999,Fishing,Fishing - Trawler
750001025,FISH_BRA_TRANS,VU,fishing,1.0,trawler,0.9999999821094773,0.0,0.0,0.0,1.0,0.0,0.0,0.0,0.0,0.0,0.002430555555555555,0.6499999999999999,0.0,0.6499999999999999,Fishing,Fishing - Trawler
750001025,FISH_BRA_TRANS,VU,transit,0.9116666666666666,trawler,0.9999999813688253,0.007666666666666666,0.025555555555555554,0.0,0.012722222222222222,0.0,0.0,0.03705555555555556,0.9116666666666666,0.005333333333333334,0.002430555555555555,0.3,0.0,0.3,Transit,Fishing - Trawler
750001025,FISH_BRA_TRANS,VU,transit,0.9597222222222221,trawler,0.9999999820805995,0.005,0.0016666666666666668,0.0033333333333333335,0.0033333333333333335,0.0,0.025277777777777777,0.0016666666666666668,0.9597222222222221,0.0,0.002430555555555555,0.3,0.0,0.3,Transit,Fishing - Trawler
750001025,FISH_BRA_TRANS,VU,transit,0.9305555555555555,trawler,0.9999999820801558,0.0,0.0016666666666666668,0.0033333333333333335,0.0033333333333333335,0.0,0.05944444444444444,0.0016666666666666668,0.9305555555555555,0.0,0.002430555555555555,0.3,0.0,0.3,Transit,Fishing - Trawler
750001025,FISH_BRA_TRANS,VU,transit,0.9983333333333333,trawler,0.9999999820805995,0.0,0.0,0.0,0.0,0.0,0.0,0.0016666666666666668,0.9983333333333333,0.0,0.002430555555555555,0.3,0.0,0.3,Transit,Fishing - Trawler
750001025,FISH_BRA_TRANS,VU,transit,1.0,trawler,0.9999999820801558,0.0,0.0,0.0,0.0,0.0,0.0,0.0,1.0,0.0,0.002430555555555555,0.3,0.0,0.3,Transit,Fishing - Trawler
750100825,REEFER_BRA_01,PA,transit,1.0,cargo,0.9505744363072479,0.0,0.0,0.0,0.0,0.0,0.0,0.0,1.0,0.0,0.002430555555555555,0.3,0.0,0.3,Transit,Cargo
750100825,REEFER_BRA_01,PA,transit,1.0,cargo,0.9505775538065093,0.0,0.0,0.0,0.0,0.0,0.0,0.0,1.0,0.0,0.002430555555555555,0.3,0.0,0.3,Transit,Cargo
750100825,REEFER_BRA_01,PA,transit,1.0,purse_seiner,0.7333270069625591,0.0,0.0,0.0,0.0,0.0,0.0,0.0,1.0,0.0,0.002430555555555555,0.3,0.0,0.3,Transit,Fishing - Purse Seiner
750100825,REEFER_BRA_01,PA,transit,1.0,purse_seiner,0.7333316039271479,0.0,0.0,0.0,0.0,0.0,0.0,0.0,1.0,0.0,0.002430555555555555,0.3,0.0,0.3,Transit,Fishing - Purse Seiner
750100825,REEFER_BRA_01,PA,transit,1.0,purse_seiner,0.7333208816889837,0.0,0.0,0.0,0.0,0.0,0.0,0.0,1.0,0.0,0.002430555555555555,0.3,0.0,0.3,Transit,Fishing - Purse Seiner
750100825,REEFER_BRA_01,PA,transit,1.0,purse_seiner,0.7333168613090721,0.0,0.0,0.0,0.0,0.0,0.0,0.0,1.0,0.0,0.002430555555555555,0.3,0.0,0.3,Transit,Fishing - Purse Seiner
750100825,REEFER_BRA_01,PA,transit,0.8156190476190475,purse_seiner,0.8690375202175387,0.0,0.0,0.0,0.0570079365079365,0.02125396825396825,0.018214285714285714,0.0,0.8156190476190475,0.08790476190476193,0.002430555555555555,0.3,0.0,0.3,Transit,Fishing - Purse Seiner
750100825,REEFER_BRA_01,PA,transshipment,0.6165515873015873,purse_seiner,0.8823232133260245,0.0016666666666666668,0.0,0.0015,0.04977777777777778,0.1994007936507936,0.020476190476190474,0.0022222222222222222,0.1084047619047619,0.6165515873015873,0.002430555555555555,0.3,0.0,0.3,Transshipment at Sea,Fishing - Purse Seiner
750100825,REEFER_BRA_01,PA,transshipment,0.7292299922299924,purse_seiner,0.8631864042545445,0.0025,0.0,0.02933349983349983,0.033111111111111105,0.15934126984126987,0.0015873015873015873,0.0029999999999999996,0.0418968253968254,0.7292299922299924,0.002430555555555555,0.3,0.0,0.3,Transshipment at Sea,Fishing - Purse Seiner
750100825,REEFER_BRA_01,PA,transshipment,0.6770128205128209,purse_seiner,0.8474720051387125,0.03222222222222222,0.028127450980392155,0.028934891905480143,0.04022222222222222,0.1294126984126984,0.0,0.01764705882352941,0.04642063492063492,0.6770128205128209,0.002430555555555555,0.3,0.0,0.3,Transshipment at Sea,Fishing - Purse Seiner
750100825,REEFER_BRA_01,PA,transit,0.8164166164356037,cargo,0.6289527002543642,0.017641651597347797,0.00961322081575246,0.0016666666666666668,0.007936507936507936,0.025063492063492062,0.0,0.05071740004018485,0.8164166164356037,0.07094444444444443,0.002430555555555555,0.3,0.0,0.3,Transit,Cargo
750100825,REEFER_BRA_01,PA,transit,0.9991666666666666,cargo,0.9590993824400293,0.0008333333333333334,0.0,0.0,0.0,0.0,0.0,0.0,0.9991666666666666,0.0,0.002430555555555555,0.3,0.0,0.3,Transit,Cargo
750100825,REEFER_BRA_01,PA,transit,1.0,cargo,0.9505774417617378,0.0,0.0,0.0,0.0,0.0,0.0,0.0,1.0,0.0,0.002430555555555555,0.3,0.0,0.3,Transit,Cargo
750100825,REEFER_BRA_01,PA,transit,1.0,purse_seiner,0.73331698864485,0.0,0.0,0.0,0.0,0.0,0.0,0.0,1.0,0.0,0.002430555555555555,0.3,0.0,0.3,Transit,Fishing - Purse Seiner
750100825,REEFER_BRA_01,PA,transit,1.0,purse_seiner,0.7333168631932154,0.0,0.0,0.0,0.0,0.0,0.0,0.0,1.0,0.0,0.002430555555555555,0.3,0.0,0.3,Transit,Fishing - Purse Seiner
750100825,REEFER_BRA_01,PA,transit,1.0,purse_seiner,0.7333168631932154,0.0,0.0,0.0,0.0,0.0,0.0,0.0,1.0,0.0,0.002430555555555555,0.3,0.0,0.3,Transit,Fishing - Purse Seiner
750100825,REEFER_BRA_01,PA,transit,1.0,purse_seiner,0.7333168631932154,0.0,0.0,0.0,0.0,0.0,0.0,0.0,1.0,0.0,0.002430555555555555,0.3,0.0,0.3,Transit,Fishing - Purse Seiner
750100825,REEFER_BRA_01,PA,transit,1.0,purse_seiner,0.7333168604727969,0.0,0.0,0.0,0.0,0.0,0.0,0.0,1.0,0.0,0.002430555555555555,0.3,0.0,0.3,Transit,Fishing - Purse Seiner
750100825,REEFER_BRA_01,PA,transit,0.9988888888888889,cargo,0.9505878764507018,0.0,0.0011111111111111111,0.0,0.0,0.0,0.0,0.0,0.9988888888888889,0.0,0.002430555555555555,0.3,0.0,0.3,Transit,Cargo
750100925,REEFER_BRA_01,LR,transit,1.0,cargo,0.9999999879693761,0.0,0.0,0.0,0.0,0.0,0.0,0.0,1.0,0.0,0.002430555555555555,0.0,0.0,0.002430555555555555,Transit,Cargo
750100925,REEFER_BRA_01,LR,transit,1.0,cargo,0.9999999879667308,0.0,0.0,0.0,0.0,0.0,0.0,0.0,1.0,0.0,0.002430555555555555,0.0,0.0,0.002430555555555555,Transit,Cargo
750100925,REEFER_BRA_01,LR,transit,1.0,cargo,0.9999999879667291,0.0,0.0,0.0,0.0,0.0,0.0,0.0,1.0,0.0,0.002430555555555555,0.0,0.0,0.002430555555555555,Transit,Cargo
750100925,REEFER_BRA_01,LR,transit,1.0,cargo,0.9999999879667291,0.0,0.0,0.0,0.0,0.0,0.0,0.0,1.0,0.0,0.002430555555555555,0.0,0.0,0.002430555555555555,Transit,Cargo
750100925,REEFER_BRA_01,LR,transit,1.0,cargo,0.9999999879668172,0.0,0.0,0.0,0.0,0.0,0.0,0.0,1.0,0.0,0.002430555555555555,0.0,0.0,0.002430555555555555,Transit,Cargo
750100925,REEFER_BRA_01,LR,transit,1.0,cargo,0.9999999879668172,0.0,0.0,0.0,0.0,0.0,0.0,0.0,1.0,0.0,0.002430555555555555,0.0,0.0,0.002430555555555555,Transit,Cargo
750100925,REEFER_BRA_01,LR,transit,0.9331388888888889,cargo,0.9999999906330149,0.018361111111111113,0.0,0.0,0.02522222222222222,0.0016666666666666668,0.0,0.0075,0.9331388888888889,0.014111111111111109,0.002430555555555555,0.0,0.0,0.002430555555555555,Transit,Cargo
750100925,REEFER_BRA_01,LR,transshipment,0.6888214285714287,cargo,0.9999999899895339,0.0016666666666666668,0.0,0.0011111111111111111,0.024999999999999998,0.20195634920634917,0.008650793650793652,0.0,0.07279365079365079,0.6888214285714287,0.002430555555555555,0.0,0.0,0.002430555555555555,Transshipment at Sea,Cargo
750100925,REEFER_BRA_01,LR,transshipment,0.7080196747696749,cargo,0.9999999215482643,0.0,0.005555555555555555,0.016047785547785548,0.004666666666666666,0.25973412698412707,0.0025,0.0,0.0034761904761904765,0.7080196747696749,0.002430555555555555,0.0,0.0,0.002430555555555555,Transshipment at Sea,Cargo
750100925,REEFER_BRA_01,LR,transshipment,0.7790048840048841,cargo,0.9999999226583549,0.0075,0.0061111111111111106,0.02193162393162393,0.008555555555555554,0.14834126984126983,0.0,0.011944444444444443,0.01661111111111111,0.7790048840048841,0.002430555555555555,0.0,0.0,0.002430555555555555,Transshipment at Sea,Cargo
750100925,REEFER_BRA_01,LR,transit,0.8642380952380954,cargo,0.9999998842011365,0.0246984126984127,0.0016666666666666668,0.0,0.002888888888888889,0.024230158730158734,0.0,0.06405555555555555,0.8642380952380954,0.018222222222222223,0.002430555555555555,0.0,0.0,0.002430555555555555,Transit,Cargo
750100925,REEFER_BRA_01,LR,transit,0.9955555555555554,cargo,0.999999990830892,0.0016666666666666668,0.0,0.0,0.0,0.0,0.0,0.002777777777777778,0.9955555555555554,0.0,0.002430555555555555,0.0,0.0,0.002430555555555555,Transit,Cargo
750100925,REEFER_BRA_01,LR,transit,1.0,cargo,0.9999999879694158,0.0,0.0,0.0,0.0,0.0,0.0,0.0,1.0,0.0,0.002430555555555555,0.0,0.0,0.002430555555555555,Transit,Cargo
750100925,REEFER_BRA_01,LR,transit,1.0,cargo,0.9999999879667018,0.0,0.0,0.0,0.0,0.0,0.0,0.0,1.0,0.0,0.002430555555555555,0.0,0.0,0.002430555555555555,Transit,Cargo
750100925,REEFER_BRA_01,LR,transit,1.0,cargo,0.9999999879667877,0.0,0.0,0.0,0.0,0.0,0.0,0.0,1.0,0.0,0.002430555555555555,0.0,0.0,0.002430555555555555,Transit,Cargo
750100925,REEFER_BRA_01,LR,transit,1.0,cargo,0.9999999879667759,0.0,0.0,0.0,0.0,0.0,0.0,0.0,1.0,0.0,0.002430555555555555,0.0,0.0,0.002430555555555555,Transit,Cargo
750100925,REEFER_BRA_01,LR,transit,1.0,cargo,0.9999999879667291,0.0,0.0,0.0,0.0,0.0,0.0,0.0,1.0,0.0,0.002430555555555555,0.0,0.0,0.002430555555555555,Transit,Cargo
750100925,REEFER_BRA_01,LR,transit,1.0,cargo,0.9999999879667291,0.0,0.0,0.0,0.0,0.0,0.0,0.0,1.0,0.0,0.002430555555555555,0.0,0.0,0.002430555555555555,Transit,Cargo
750100925,REEFER_BRA_01,LR,transit,1.0,cargo,0.9999993606082556,0.0,0.0,0.0,0.0,0.0,0.0,0.0,1.0,0.0,0.002430555555555555,0.0,0.0,0.002430555555555555,Transit,Cargo
750101025,REEFER_BRA_01,MH,transit,1.0,cargo,0.9999992446240656,0.0,0.0,0.0,0.0,0.0,0.0,0.0,1.0,0.0,0.002430555555555555,0.0,0.0,0.002430555555555555,Transit,Cargo
750101025,REEFER_BRA_01,MH,transit,1.0,cargo,0.9999992446258675,0.0,0.0,0.0,0.0,0.0,0.0,0.0,1.0,0.0,0.002430555555555555,0.0,0.0,0.002430555555555555,Transit,Cargo
750101025,REEFER_BRA_01,MH,transit,1.0,cargo,0.9999992446258675,0.0,0.0,0.0,0.0,0.0,0.0,0.0,1.0,0.0,0.002430555555555555,0.0,0.0,0.002430555555555555,Transit,Cargo
750101025,REEFER_BRA_01,MH,transit,1.0,cargo,0.999999985784753,0.0,0.0,0.0,0.0,0.0,0.0,0.0,1.0,0.0,0.002430555555555555,0.0,0.0,0.002430555555555555,Transit,Cargo
750101025,REEFER_BRA_01,MH,transit,1.0,cargo,0.9999999857840496,0.0,0.0,0.0,0.0,0.0,0.0,0.0,1.0,0.0,0.002430555555555555,0.0,0.0,0.002430555555555555,Transit,Cargo
750101025,REEFER_BRA_01,MH,transit,1.0,cargo,0.9999999857840454,0.0,0.0,0.0,0.0,0.0,0.0,0.0,1.0,0.0,0.002430555555555555,0.0,0.0,0.002430555555555555,Transit,Cargo
750101025,REEFER_BRA_01,MH,transit,0.9835,cargo,0.9999999890066619,0.003444444444444444,0.0,0.0,0.0030555555555555553,0.0,0.0,0.005,0.9835,0.005,0.002430555555555555,0.0,0.0,0.002430555555555555,Transit,Cargo
750101025,REEFER_BRA_01,MH,transshipment,0.5606587301587301,cargo,0.9999999890964483,0.017793650793650792,0.0027777777777777775,0.004111111111111111,0.02126190476190476,0.14887301587301588,0.01211111111111111,0.05167460317460318,0.18073809523809528,0.5606587301587301,0.002430555555555555,0.0,0.0,0.002430555555555555,Transshipment at Sea,Cargo
750101025,REEFER_BRA_01,MH,transshipment,0.7542231379731378,cargo,0.9999998929358308,0.0022222222222222222,0.0061111111111111106,0.036431623931623934,0.017777777777777778,0.15286904761904765,0.0,0.003,0.027365079365079363,0.7542231379731378,0.002430555555555555,0.0,0.0,0.002430555555555555,Transshipment at Sea,Cargo
750101025,REEFER_BRA_01,MH,transshipment,0.7905128205128205,cargo,0.9999999055154898,0.01772222222222222,0.011944444444444443,0.019820512820512823,0.018333333333333333,0.11563492063492063,0.0,0.011388888888888888,0.014642857142857141,0.7905128205128205,0.002430555555555555,0.0,0.0,0.002430555555555555,Transshipment at Sea,Cargo
750101025,REEFER_BRA_01,MH,transit,0.8549126984126988,cargo,0.9999999430437282,0.0251984126984127,0.006666666666666667,0.0011111111111111111,0.009833333333333333,0.025555555555555557,0.0,0.030777777777777782,0.8549126984126988,0.04594444444444444,0.002430555555555555,0.0,0.0,0.002430555555555555,Transit,Cargo
750101025,REEFER_BRA_01,MH,transit,0.9966666666666667,cargo,0.9999995968758264,0.0,0.0,0.0,0.0033333333333333335,0.0,0.0,0.0,0.9966666666666667,0.0,0.002430555555555555,0.0,0.0,0.002430555555555555,Transit,Cargo
750101025,REEFER_BRA_01,MH,transit,1.0,cargo,0.9999992446235489,0.0,0.0,0.0,0.0,0.0,0.0,0.0,1.0,0.0,0.002430555555555555,0.0,0.0,0.002430555555555555,Transit,Cargo
750101025,REEFER_BRA_01,MH,transit,1.0,cargo,0.9999992446258675,0.0,0.0,0.0,0.0,0.0,0.0,0.0,1.0,0.0,0.002430555555555555,0.0,0.0,0.002430555555555555,Transit,Cargo
750101025,REEFER_BRA_01,MH,transit,1.0,cargo,0.9999999857839879,0.0,0.0,0.0,0.0,0.0,0.0,0.0,1.0,0.0,0.002430555555555555,0.0,0.0,0.002430555555555555,Transit,Cargo
750101025,REEFER_BRA_01,MH,transit,1.0,cargo,0.9999999857839581,0.0,0.0,0.0,0.0,0.0,0.0,0.0,1.0,0.0,0.002430555555555555,0.0,0.0,0.002430555555555555,Transit,Cargo
750101025,REEFER_BRA_01,MH,transit,0.9988888888888889,cargo,0.9999999857839912,0.0011111111111111111,0.0,0.0,0.0,0.0,0.0,0.0,0.9988888888888889,0.0,0.002430555555555555,0.0,0.0,0.002430555555555555,Transit,Cargo
750101025,REEFER_BRA_01,MH,transit,1.0,cargo,0.999999985783987,0.0,0.0,0.0,0.0,0.0,0.0,0.0,1.0,0.0,0.002430555555555555,0.0,0.0,0.002430555555555555,Transit,Cargo
750101025,REEFER_BRA_01,MH,transit,1.0,cargo,0.9999999857839552,0.0,0.0,0.0,0.0,0.0,0.0,0.0,1.0,0.0,0.002430555555555555,0.0,0.0,0.002430555555555555,Transit,Cargo
760000825,CARGO_BRA_BNKR,KR,transit,0.9964999999999999,cargo,0.9999999785238725,0.0035,0.0,0.0,0.0,0.0,0.0,0.0,0.9964999999999999,0.0,0.002430555555555555,0.0,0.0,0.002430555555555555,Transit,Cargo
760000825,CARGO_BRA_BNKR,KR,transit,0.9985,cargo,0.9999999785228497,0.0015,0.0,0.0,0.0,0.0,0.0,0.0,0.9985,0.0,0.002430555555555555,0.0,0.0,0.002430555555555555,Transit,Cargo
760000825,CARGO_BRA_BNKR,KR,transit,0.9968333333333333,cargo,0.9999999785228291,0.0031666666666666666,0.0,0.0,0.0,0.0,0.0,0.0,0.9968333333333333,0.0,0.002430555555555555,0.0,0.0,0.002430555555555555,Transit,Cargo
760000825,CARGO_BRA_BNKR,KR,transit,0.9795714285714285,cargo,0.9999999785254765,0.02042857142857143,0.0,0.0,0.0,0.0,0.0,0.0,0.9795714285714285,0.0,0.002430555555555555,0.0,0.0,0.002430555555555555,Transit,Cargo
760000825,CARGO_BRA_BNKR,KR,transit,0.46890476190476205,cargo,0.9999999826558762,0.4623888888888889,0.0016666666666666668,0.0,0.021444444444444443,0.0044444444444444444,0.0,0.03484126984126984,0.46890476190476205,0.006309523809523809,0.002430555555555555,0.0,0.0,0.002430555555555555,Transit,Cargo
760000825,CARGO_BRA_BNKR,KR,anchored,0.7473174603174604,cargo,0.9999996041064183,0.7473174603174604,0.0754206349206349,0.0,0.008777777777777778,0.002888888888888889,0.0,0.04546031746031746,0.1178015873015873,0.002333333333333333,0.002430555555555555,0.0,0.0,0.002430555555555555,Anchored/Moored,Cargo
760000825,CARGO_BRA_BNKR,KR,bunkering,0.4822515491044902,cargo,0.9999999017832185,0.23135714285714282,0.4822515491044902,0.010392156862745097,0.0011111111111111111,0.01677777777777778,0.0,0.19566581784228845,0.04372222222222222,0.01872222222222222,0.002430555555555555,0.0,0.0,0.002430555555555555,Bunkering,Cargo
760000825,CARGO_BRA_BNKR,KR,bunkering,0.4058229776759189,cargo,0.9999997850289675,0.3687222222222222,0.4058229776759189,0.008725490196078432,0.0022222222222222222,0.0044444444444444444,0.0,0.1728959765724472,0.02805555555555556,0.009111111111111111,0.002430555555555555,0.0,0.0,0.002430555555555555,Bunkering,Cargo
760000825,CARGO_BRA_BNKR,KR,transit,0.6065555555555554,cargo,0.9999999815196142,0.20938888888888893,0.07771428571428571,0.0,0.0031666666666666666,0.019555555555555555,0.0,0.08184126984126984,0.6065555555555554,0.0017777777777777776,0.002430555555555555,0.0,0.0,0.002430555555555555,Transit,Cargo
760000825,CARGO_BRA_BNKR,KR,transit,0.9796111111111113,cargo,0.999999982426438,0.007055555555555555,0.0,0.0,0.0,0.0,0.0,0.013333333333333334,0.9796111111111113,0.0,0.002430555555555555,0.0,0.0,0.002430555555555555,Transit,Cargo
760000825,CARGO_BRA_BNKR,KR,transit,1.0,cargo,0.9999999785228497,0.0,0.0,0.0,0.0,0.0,0.0,0.0,1.0,0.0,0.002430555555555555,0.0,0.0,0.002430555555555555,Transit,Cargo
760000825,CARGO_BRA_BNKR,KR,transit,1.0,cargo,0.9999999785228435,0.0,0.0,0.0,0.0,0.0,0.0,0.0,1.0,0.0,0.002430555555555555,0.0,0.0,0.002430555555555555,Transit,Cargo
760000825,CARGO_BRA_BNKR,KR,transit,1.0,cargo,0.999999978523866,0.0,0.0,0.0,0.0,0.0,0.0,0.0,1.0,0.0,0.002430555555555555,0.0,0.0,0.002430555555555555,Transit,Cargo
760000825,CARGO_BRA_BNKR,KR,transit,0.9979999999999999,cargo,0.999999978523866,0.002,0.0,0.0,0.0,0.0,0.0,0.0,0.9979999999999999,0.0,0.002430555555555555,0.0,0.0,0.002430555555555555,Transit,Cargo
760000825,CARGO_BRA_BNKR,KR,transit,0.9979999999999999,cargo,0.9999999785228435,0.002,0.0,0.0,0.0,0.0,0.0,0.0,0.9979999999999999,0.0,0.002430555555555555,0.0,0.0,0.002430555555555555,Transit,Cargo
760000925,CARGO_BRA_BNKR,JP,transit,0.9968888888888888,tanker,0.9999996431710517,0.002,0.0011111111111111111,0.0,0.0,0.0,0.0,0.0,0.9968888888888888,0.0,0.002430555555555555,0.0,0.0,0.002430555555555555,Transit,Tanker
760000925,CARGO_BRA_BNKR,JP,transit,0.9966666666666667,tanker,0.9999996431716157,0.0011111111111111111,0.0,0.0,0.0022222222222222222,0.0,0.0,0.0,0.9966666666666667,0.0,0.002430555555555555,0.0,0.0,0.002430555555555555,Transit,Tanker
760000925,CARGO_BRA_BNKR,JP,transit,0.9979999999999999,tanker,0.9999996431710702,0.002,0.0,0.0,0.0,0.0,0.0,0.0,0.9979999999999999,0.0,0.002430555555555555,0.0,0.0,0.002430555555555555,Transit,Tanker
760000925,CARGO_BRA_BNKR,JP,transit,0.9890714285714285,tanker,0.9999996431709571,0.010928571428571428,0.0,0.0,0.0,0.0,0.0,0.0,0.9890714285714285,0.0,0.002430555555555555,0.0,0.0,0.002430555555555555,Transit,Tanker
760000925,CARGO_BRA_BNKR,JP,transit,0.636404761904762,tanker,0.9999995777301949,0.25288888888888894,0.0033333333333333335,0.0,0.021444444444444443,0.007777777777777778,0.0,0.06678571428571428,0.636404761904762,0.011365079365079364,0.002430555555555555,0.0,0.0,0.002430555555555555,Transit,Tanker
760000925,CARGO_BRA_BNKR,JP,anchored,0.6924444444444445,tanker,0.9999997921781482,0.6924444444444445,0.10088888888888888,0.006666666666666667,0.0,0.0033333333333333335,0.0,0.07779365079365079,0.1163730158730159,0.0025,0.002430555555555555,0.0,0.0,0.002430555555555555,Anchored/Moored,Tanker
760000925,CARGO_BRA_BNKR,JP,anchored,0.3812606992163954,tanker,0.9999213411603439,0.3812606992163954,0.1884123889678618,0.014281045751633987,0.011055555555555555,0.009166666666666667,0.0,0.3398911543904098,0.03521026722925457,0.020722222222222222,0.002430555555555555,0.0,0.0,0.002430555555555555,Anchored/Moored,Tanker
760000925,CARGO_BRA_BNKR,JP,anchored,0.4472130801687763,tanker,0.9977777953290946,0.4472130801687763,0.18669016674563957,0.01761437908496732,0.006888888888888888,0.004999999999999999,0.0,0.29343877343802877,0.031821378340365684,0.011333333333333332,0.002430555555555555,0.0,0.0,0.002430555555555555,Anchored/Moored,Tanker
760000925,CARGO_BRA_BNKR,JP,transit,0.5947539682539683,tanker,0.9991133795927075,0.1426984126984127,0.08305555555555554,0.0033333333333333335,0.0045,0.03216666666666667,0.0,0.12965873015873017,0.5947539682539683,0.009833333333333335,0.002430555555555555,0.0,0.0,0.002430555555555555,Transit,Tanker
760000925,CARGO_BRA_BNKR,JP,transit,0.9908333333333333,tanker,0.9999999640975601,0.0045000000000000005,0.0,0.0,0.0,0.0,0.0,0.004666666666666666,0.9908333333333333,0.0,0.002430555555555555,0.0,0.0,0.002430555555555555,Transit,Tanker
760000925,CARGO_BRA_BNKR,JP,transit,0.9975,tanker,0.9999996431710702,0.0025,0.0,0.0,0.0,0.0,0.0,0.0,0.9975,0.0,0.002430555555555555,0.0,0.0,0.002430555555555555,Transit,Tanker
760000925,CARGO_BRA_BNKR,JP,transit,1.0,tanker,0.9999996431709229,0.0,0.0,0.0,0.0,0.0,0.0,0.0,1.0,0.0,0.002430555555555555,0.0,0.0,0.002430555555555555,Transit,Tanker
760000925,CARGO_BRA_BNKR,JP,transit,0.9975,tanker,0.9999996419071465,0.0025,0.0,0.0,0.0,0.0,0.0,0.0,0.9975,0.0,0.002430555555555555,0.0,0.003755112752965701,0.003755112752965701,Transit,Tanker
760000925,CARGO_BRA_BNKR,JP,transit,0.9975,tanker,0.9999996419078395,0.0025,0.0,0.0,0.0,0.0,0.0,0.0,0.9975,0.0,0.002430555555555555,0.0,0.01084670460417955,0.01084670460417955,Transit,Tanker
760000925,CARGO_BRA_BNKR,JP,transit,1.0,tanker,0.9999996419095333,0.0,0.0,0.0,0.0,0.0,0.0,0.0,1.0,0.0,0.002430555555555555,0.0,0.018148384819086646,0.018148384819086646,Transit,Tanker
760001025,CARGO_BRA_BNKR,KR,transit,0.9941666666666666,cargo,0.9999999875592024,0.005833333333333334,0.0,0.0,0.0,0.0,0.0,0.0,0.9941666666666666,0.0,0.002430555555555555,0.0,0.0,0.002430555555555555,Transit,Cargo
760001025,CARGO_BRA_BNKR,KR,transit,1.0,cargo,0.9999999875585756,0.0,0.0,0.0,0.0,0.0,0.0,0.0,1.0,0.0,0.002430555555555555,0.0,0.0,0.002430555555555555,Transit,Cargo
760001025,CARGO_BRA_BNKR,KR,transit,1.0,cargo,0.9999999875585791,0.0,0.0,0.0,0.0,0.0,0.0,0.0,1.0,0.0,0.002430555555555555,0.0,0.0,0.002430555555555555,Transit,Cargo
760001025,CARGO_BRA_BNKR,KR,transit,0.9902380952380951,cargo,0.999999987559249,0.009761904761904762,0.0,0.0,0.0,0.0,0.0,0.0,0.9902380952380951,0.0,0.002430555555555555,0.0,0.0,0.002430555555555555,Transit,Cargo
760001025,CARGO_BRA_BNKR,KR,transit,0.6320714285714285,cargo,0.9999999904279268,0.2816666666666666,0.005277777777777778,0.0,0.01811111111111111,0.0044444444444444444,0.0,0.04678571428571429,0.6320714285714285,0.011642857142857142,0.002430555555555555,0.0,0.0,0.002430555555555555,Transit,Cargo
760001025,CARGO_BRA_BNKR,KR,anchored,0.7419682539682542,cargo,0.9999996833828936,0.7419682539682542,0.08742063492063491,0.0033333333333333335,0.0033333333333333335,0.003636363636363636,0.0,0.041323953823953825,0.11731746031746032,0.0016666666666666668,0.002430555555555555,0.0,0.0,0.002430555555555555,Anchored/Moored,Cargo
760001025,CARGO_BRA_BNKR,KR,anchored,0.4148888888888889,cargo,0.9999999759251105,0.4148888888888889,0.3142753586282998,0.017058823529411765,0.0022222222222222222,0.0115,0.0,0.18655470673117736,0.03533333333333333,0.018166666666666664,0.002430555555555555,0.0,0.0,0.002430555555555555,Anchored/Moored,Cargo
760001025,CARGO_BRA_BNKR,KR,anchored,0.4998888888888889,cargo,0.9997962627283108,0.4998888888888889,0.2774578983108395,0.015392156862745096,0.0022222222222222222,0.005555555555555555,0.0,0.16587216704863766,0.01977777777777778,0.013833333333333331,0.002430555555555555,0.0,0.0,0.002430555555555555,Anchored/Moored,Cargo
760001025,CARGO_BRA_BNKR,KR,transit,0.6482460317460317,cargo,0.9999999877712423,0.1381984126984127,0.10833333333333331,0.0033333333333333335,0.007277777777777779,0.01966666666666667,0.0,0.06677777777777777,0.6482460317460317,0.008166666666666668,0.002430555555555555,0.0,0.0,0.002430555555555555,Transit,Cargo
760001025,CARGO_BRA_BNKR,KR,transit,0.9834999999999998,cargo,0.9999999902751414,0.010388888888888888,0.0,0.0,0.0,0.0,0.0,0.0061111111111111106,0.9834999999999998,0.0,0.002430555555555555,0.0,0.0,0.002430555555555555,Transit,Cargo
760001025,CARGO_BRA_BNKR,KR,transit,0.9991666666666666,cargo,0.9999999875592452,0.0008333333333333334,0.0,0.0,0.0,0.0,0.0,0.0,0.9991666666666666,0.0,0.002430555555555555,0.0,0.0,0.002430555555555555,Transit,Cargo
760001025,CARGO_BRA_BNKR,KR,transit,1.0,cargo,0.9999999875585791,0.0,0.0,0.0,0.0,0.0,0.0,0.0,1.0,0.0,0.002430555555555555,0.0,0.0,0.002430555555555555,Transit,Cargo
760001025,CARGO_BRA_BNKR,KR,transit,1.0,cargo,0.9999999875592452,0.0,0.0,0.0,0.0,0.0,0.0,0.0,1.0,0.0,0.002430555555555555,0.0,0.0,0.002430555555555555,Transit,Cargo
760001025,CARGO_BRA_BNKR,KR,transit,0.9975,cargo,0.9999999875592452,0.0025,0.0,0.0,0.0,0.0,0.0,0.0,0.9975,0.0,0.002430555555555555,0.0,0.0,0.002430555555555555,Transit,Cargo
760001025,CARGO_BRA_BNKR,KR,transit,1.0,cargo,0.9999999875585451,0.0,0.0,0.0,0.0,0.0,0.0,0.0,1.0,0.0,0.002430555555555555,0.0,0.0,0.002430555555555555,Transit,Cargo
760100825,BARGE_BRA_01,SG,transit,0.9213888888888889,longliner,0.9999999809793217,0.0,0.008333333333333333,0.0033333333333333335,0.0016666666666666668,0.0,0.06527777777777778,0.0,0.9213888888888889,0.0,0.002430555555555555,0.0,0.0,0.002430555555555555,Transit,Fishing - Longliner
760100825,BARGE_BRA_01,SG,transit,0.967111111111111,longliner,0.9999999808737735,0.0,0.0067777777777777775,0.0,0.005,0.0,0.01611111111111111,0.005,0.967111111111111,0.0,0.002430555555555555,0.0,0.0,0.002430555555555555,Transit,Fishing - Longliner
760100825,BARGE_BRA_01,SG,transit,0.5371587301587302,longliner,0.9999999801243757,0.03683333333333333,0.33365873015873027,0.008333333333333333,0.04751587301587302,0.006888888888888888,0.0054444444444444445,0.02138888888888889,0.5371587301587302,0.0027777777777777775,0.002430555555555555,0.0,0.0,0.002430555555555555,Transit,Fishing - Longliner
760100825,BARGE_BRA_01,SG,bunkering,0.4928621933621933,longliner,0.9999999801890014,0.16988888888888892,0.4928621933621933,0.012777777777777777,0.07244444444444444,0.013444444444444445,0.0037777777777777775,0.08024098124098124,0.13334126984126984,0.021222222222222222,0.002430555555555555,0.0,0.0,0.002430555555555555,Bunkering,Fishing - Longliner
760100825,BARGE_BRA_01,SG,bunkering,0.36537301587301585,longliner,0.9999999805846639,0.1871031746031746,0.36537301587301585,0.011666666666666667,0.05266666666666667,0.0008333333333333334,0.0054444444444444445,0.04115079365079365,0.3307619047619049,0.005,0.002430555555555555,0.0,0.0,0.002430555555555555,Bunkering,Fishing - Longliner
760100825,BARGE_BRA_01,SG,transit,0.9000555555555555,longliner,0.9999999808737735,0.03927777777777778,0.031111111111111107,0.0,0.004,0.0,0.01611111111111111,0.009444444444444443,0.9000555555555555,0.0,0.002430555555555555,0.0,0.0,0.002430555555555555,Transit,Fishing - Longliner
760100925,BARGE_BRA_01,NG,transit,0.9307102672292547,longliner,0.9999999809793217,0.0020464135021097045,0.02377988748241913,0.0033333333333333335,0.01,0.0,0.016666666666666666,0.01179676511954993,0.9307102672292547,0.0016666666666666668,0.002430555555555555,0.0,0.0,0.002430555555555555,Transit,Fishing - Longliner
760100925,BARGE_BRA_01,NG,transit,0.9574444444444445,longliner,0.9999999808737735,0.004166666666666667,0.020055555555555552,0.0,0.006666666666666667,0.0008333333333333334,0.0,0.009166666666666667,0.9574444444444445,0.0016666666666666668,0.002430555555555555,0.0,0.0,0.002430555555555555,Transit,Fishing - Longliner
760100925,BARGE_BRA_01,NG,bunkering,0.5530933795459111,longliner,0.9999999801243757,0.03526863572433193,0.5530933795459111,0.012222222222222221,0.046603174603174605,0.0044444444444444444,0.0,0.025090415913200725,0.31661106088004837,0.006666666666666666,0.002430555555555555,0.0,0.0,0.002430555555555555,Bunkering,Fishing - Longliner
760100925,BARGE_BRA_01,NG,bunkering,0.654165890368422,longliner,0.9999999805210856,0.04515752461322081,0.654165890368422,0.029055555555555557,0.036,0.019222222222222224,0.0,0.08890282572561053,0.11005153707052438,0.017444444444444443,0.002430555555555555,0.0,0.0,0.002430555555555555,Bunkering,Fishing - Longliner
760100925,BARGE_BRA_01,NG,transit,0.6285912196102069,longliner,0.9999999809044443,0.03715752461322081,0.19581560176813342,0.00861111111111111,0.08397222222222224,0.0038888888888888883,0.0,0.036963431786216604,0.6285912196102069,0.005,0.002430555555555555,0.0,0.0,0.002430555555555555,Transit,Fishing - Longliner
760100925,BARGE_BRA_01,NG,transit,0.9595833333333336,longliner,0.9999999808737735,0.0011111111111111111,0.02638888888888889,0.0016666666666666668,0.00625,0.0,0.0,0.0033333333333333335,0.9595833333333336,0.0016666666666666668,0.002430555555555555,0.0,0.0,0.002430555555555555,Transit,Fishing - Longliner
760101025,BARGE_BRA_01,SG,transit,0.9335,trawler,0.9999999413246935,0.019936507936507936,0.020230158730158734,0.004666666666666666,0.005,0.0,0.015,0.0016666666666666668,0.9335,0.0,0.002430555555555555,0.0,0.0,0.002430555555555555,Transit,Fishing - Trawler
760101025,BARGE_BRA_01,SG,transit,0.9502222222222222,trawler,0.9999999410603019,0.013992063492063493,0.02661904761904762,0.0013333333333333335,0.0,0.0,0.0,0.007833333333333333,0.9502222222222222,0.0,0.002430555555555555,0.0,0.0,0.002430555555555555,Transit,Fishing - Trawler
760101025,BARGE_BRA_01,SG,bunkering,0.5637777777777776,trawler,0.9999999410587349,0.03254761904761905,0.5637777777777776,0.015916666666666666,0.030710317460317455,0.0060555555555555545,0.0,0.02868253968253968,0.3191984126984128,0.0031111111111111114,0.002430555555555555,0.0,0.0,0.002430555555555555,Bunkering,Fishing - Trawler
760101025,BARGE_BRA_01,SG,bunkering,0.6507492237017554,trawler,0.9999999401580406,0.06687974683544302,0.6507492237017554,0.03597222222222222,0.02822222222222222,0.012833333333333335,0.0,0.06840282572561053,0.11971820373719105,0.01722222222222222,0.002430555555555555,0.0,0.0,0.002430555555555555,Bunkering,Fishing - Trawler
760101025,BARGE_BRA_01,SG,transit,0.49112296564195285,trawler,0.9999999391454583,0.03259403254972875,0.39060131605384757,0.016666666666666663,0.03220238095238095,0.0008333333333333334,0.0,0.0303681936909785,0.49112296564195285,0.005611111111111111,0.002430555555555555,0.0,0.0,0.002430555555555555,Transit,Fishing - Trawler
760101025,BARGE_BRA_01,SG,transit,0.9825555555555555,trawler,0.9999999410603019,0.004047619047619048,0.01061904761904762,0.0,0.0027777777777777775,0.0,0.0,0.0,0.9825555555555555,0.0,0.002430555555555555,0.0,0.0,0.002430555555555555,Transit,Fishing - Trawler
770007825,SURVEY_BRA_00,US,transit,0.5180555555555555,purse_seiner,0.9999999691382498,0.0033333333333333335,0.0,0.012222222222222221,0.15305555555555556,0.015833333333333335,0.24111111111111108,0.022777777777777775,0.5180555555555555,0.033611111111111105,0.002430555555555555,0.0,0.0,0.002430555555555555,Transit,Fishing - Purse Seiner
770007825,SURVEY_BRA_00,US,transit,0.43411111111111095,purse_seiner,0.9999999711569948,0.02165873015873016,0.06072222222222222,0.042444444444444444,0.22966666666666669,0.058452380952380964,0.08427777777777777,0.015277777777777779,0.43411111111111095,0.05338888888888889,0.002430555555555555,0.0,0.0,0.002430555555555555,Transit,Fishing - Purse Seiner
770007825,SURVEY_BRA_00,US,bunkering,0.3408383838383838,purse_seiner,0.9999993658566397,0.2058809523809524,0.3408383838383838,0.03933333333333334,0.08458333333333332,0.010277777777777776,0.0016666666666666668,0.06257431457431457,0.24762301587301594,0.007222222222222224,0.002430555555555555,0.0,0.0,0.002430555555555555,Bunkering,Fishing - Purse Seiner
770007825,SURVEY_BRA_00,US,fishing,0.272388888888889,purse_seiner,0.9999999709008027,0.027873015873015876,0.121,0.13733333333333334,0.272388888888889,0.06267460317460316,0.04733333333333333,0.03166666666666666,0.2631190476190476,0.03661111111111111,0.002430555555555555,0.5943666609227206,0.0,0.5943666609227206,Fishing,Fishing - Purse Seiner
770007825,SURVEY_BRA_00,US,fishing,0.3282777777777778,purse_seiner,0.9999999709109484,0.02038095238095238,0.04711111111111112,0.1667777777777778,0.3282777777777778,0.07894444444444443,0.07332539682539682,0.011666666666666667,0.2257936507936508,0.047722222222222214,0.002430555555555555,0.5948674653018453,0.0,0.5948674653018453,Fishing,Fishing - Purse Seiner
770007825,SURVEY_BRA_00,US,bunkering,0.342060606060606,purse_seiner,0.9999993658566397,0.2068253968253968,0.342060606060606,0.04266666666666667,0.08258333333333333,0.010277777777777776,0.0016666666666666668,0.060907647907647904,0.2457896825396826,0.007222222222222224,0.002430555555555555,0.0,0.0,0.002430555555555555,Bunkering,Fishing - Purse Seiner
770007825,SURVEY_BRA_00,US,bunkering,0.34428282828282825,purse_seiner,0.9999993658566397,0.2034920634920635,0.34428282828282825,0.046,0.07869444444444444,0.010277777777777776,0.0016666666666666668,0.06424098124098124,0.24412301587301594,0.007222222222222224,0.002430555555555555,0.0,0.0,0.002430555555555555,Bunkering,Fishing - Purse Seiner
770007825,SURVEY_BRA_00,US,fishing,0.3416111111111111,purse_seiner,0.9999999709008027,0.014047619047619048,0.041,0.1615,0.3416111111111111,0.08999999999999998,0.06443650793650793,0.014166666666666666,0.2221825396825397,0.05105555555555555,0.002430555555555555,0.5894641883317658,0.0,0.5894641883317658,Fishing,Fishing - Purse Seiner
770007825,SURVEY_BRA_00,US,fishing,0.318,purse_seiner,0.9999999709109484,0.02238095238095238,0.049055555555555554,0.20900000000000002,0.318,0.07083333333333332,0.06388095238095239,0.014166666666666666,0.2116269841269841,0.041055555555555553,0.002430555555555555,0.5889007514404989,0.0,0.5889007514404989,Fishing,Fishing - Purse Seiner
770007825,SURVEY_BRA_00,US,bunkering,0.34602886002886,purse_seiner,0.999999365128662,0.1858253968253968,0.34602886002886,0.03822222222222222,0.08013888888888888,0.008055555555555555,0.0016666666666666668,0.0709076479076479,0.26415476190476195,0.005,0.002430555555555555,0.0,0.0,0.002430555555555555,Bunkering,Fishing - Purse Seiner
770007825,SURVEY_BRA_00,US,bunkering,0.3610606060606061,purse_seiner,0.999999365911947,0.17488095238095236,0.3610606060606061,0.03822222222222222,0.07758333333333332,0.009166666666666665,0.0016666666666666668,0.06442352092352092,0.2691071428571429,0.0038888888888888883,0.002430555555555555,0.0,0.0,0.002430555555555555,Bunkering,Fishing - Purse Seiner
770007825,SURVEY_BRA_00,US,fishing,0.3338333333333333,purse_seiner,0.9999999709008915,0.011825396825396824,0.03961111111111112,0.1642777777777778,0.3338333333333333,0.0756111111111111,0.07804761904761905,0.01972222222222222,0.23240476190476192,0.04466666666666666,0.002430555555555555,0.5918124520345787,0.0,0.5918124520345787,Fishing,Fishing - Purse Seiner
770007825,SURVEY_BRA_00,US,fishing,0.33994444444444444,purse_seiner,0.9999999709008027,0.017380952380952382,0.043222222222222224,0.1703888888888889,0.33994444444444444,0.07833333333333332,0.0722142857142857,0.011944444444444443,0.21884920634920638,0.04772222222222222,0.002430555555555555,0.5914849665721705,0.0,0.5914849665721705,Fishing,Fishing - Purse Seiner
770007825,SURVEY_BRA_00,US,bunkering,0.342060606060606,purse_seiner,0.9999993658566397,0.2068253968253968,0.342060606060606,0.04266666666666667,0.08258333333333333,0.010277777777777776,0.0016666666666666668,0.060907647907647904,0.2457896825396826,0.007222222222222224,0.002430555555555555,0.0,0.0,0.002430555555555555,Bunkering,Fishing - Purse Seiner
770007825,SURVEY_BRA_00,US,bunkering,0.342060606060606,purse_seiner,0.9999993658566397,0.2068253968253968,0.342060606060606,0.04266666666666667,0.08258333333333333,0.010277777777777776,0.0016666666666666668,0.060907647907647904,0.2457896825396826,0.007222222222222224,0.002430555555555555,0.0,0.0,0.002430555555555555,Bunkering,Fishing - Purse Seiner
770007825,SURVEY_BRA_00,US,fishing,0.33105555555555555,purse_seiner,0.9999999709024774,0.017380952380952382,0.048777777777777774,0.1803888888888889,0.33105555555555555,0.0725,0.07332539682539682,0.014166666666666666,0.21384920634920632,0.04855555555555555,0.002430555555555555,0.5869440163952521,0.0,0.5869440163952521,Fishing,Fishing - Purse Seiner
770007825,SURVEY_BRA_00,US,fishing,0.33661111111111114,purse_seiner,0.9999999709008027,0.017380952380952382,0.048777777777777774,0.1642777777777778,0.33661111111111114,0.0786111111111111,0.06554761904761905,0.014166666666666666,0.21884920634920638,0.05577777777777778,0.002430555555555555,0.587289824972797,0.0,0.587289824972797,Fishing,Fishing - Purse Seiner
770007825,SURVEY_BRA_00,US,bunkering,0.3483066378066378,purse_seiner,0.999999365911947,0.19238095238095237,0.3483066378066378,0.041555555555555554,0.07925,0.008055555555555555,0.0016666666666666668,0.060907647907647904,0.2628769841269842,0.005,0.002430555555555555,0.0,0.0,0.002430555555555555,Bunkering,Fishing - Purse Seiner
770007825,SURVEY_BRA_00,US,transit,0.2713730158730158,purse_seiner,0.9999999709008915,0.027214285714285715,0.15441269841269845,0.16149999999999998,0.23516666666666672,0.043888888888888894,0.029277777777777778,0.04583333333333333,0.2713730158730158,0.03133333333333333,0.002430555555555555,0.0,0.0,0.002430555555555555,Transit,Fishing - Purse Seiner
770007825,SURVEY_BRA_00,US,fishing,0.3099444444444445,purse_seiner,0.9999999709008915,0.011428571428571429,0.05044444444444445,0.1603888888888889,0.3099444444444445,0.08295238095238094,0.07554761904761904,0.01861111111111111,0.2446269841269841,0.04605555555555556,0.002430555555555555,0.590233939838632,0.0,0.590233939838632,Fishing,Fishing - Purse Seiner
770007825,SURVEY_BRA_00,US,transit,0.2972857142857142,purse_seiner,0.9999999709008915,0.031206349206349206,0.10566666666666666,0.13344444444444445,0.2613333333333334,0.05823015873015873,0.044,0.03222222222222222,0.2972857142857142,0.03661111111111111,0.002430555555555555,0.0,0.0,0.002430555555555555,Transit,Fishing - Purse Seiner
770007825,SURVEY_BRA_00,US,bunkering,0.3630050505050505,purse_seiner,0.999999365911947,0.17376984126984124,0.3630050505050505,0.041555555555555554,0.07758333333333332,0.009166666666666665,0.0016666666666666668,0.06275685425685426,0.2666071428571429,0.0038888888888888883,0.002430555555555555,0.0,0.0,0.002430555555555555,Bunkering,Fishing - Purse Seiner
770007825,SURVEY_BRA_00,US,transit,0.29411111111111105,purse_seiner,0.9999999709008915,0.022769841269841273,0.13044444444444447,0.11233333333333331,0.28461111111111115,0.06234126984126983,0.023722222222222224,0.033611111111111105,0.29411111111111105,0.03605555555555555,0.002430555555555555,0.0,0.0,0.002430555555555555,Transit,Fishing - Purse Seiner
770007825,SURVEY_BRA_00,US,fishing,0.30827777777777776,purse_seiner,0.9999999709008027,0.011603174603174603,0.06005555555555556,0.14872222222222223,0.30827777777777776,0.09217460317460316,0.07499206349206348,0.015277777777777777,0.2395079365079365,0.049388888888888885,0.002430555555555555,0.5877185206298918,0.0,0.5877185206298918,Fishing,Fishing - Purse Seiner
770007825,SURVEY_BRA_00,US,bunkering,0.3407272727272727,purse_seiner,0.9999993658566397,0.2054920634920635,0.3407272727272727,0.046,0.08258333333333333,0.010277777777777776,0.0016666666666666668,0.06424098124098124,0.2417896825396826,0.007222222222222224,0.002430555555555555,0.0,0.0,0.002430555555555555,Bunkering,Fishing - Purse Seiner
770007825,SURVEY_BRA_00,US,bunkering,0.3398383838383838,purse_seiner,0.9999993658566397,0.20571428571428568,0.3398383838383838,0.046,0.08147222222222221,0.010277777777777776,0.0016666666666666668,0.060907647907647904,0.2469007936507937,0.007222222222222224,0.002430555555555555,0.0,0.0,0.002430555555555555,Bunkering,Fishing - Purse Seiner
770007825,SURVEY_BRA_00,US,transit,0.4284523809523809,purse_seiner,0.999999971163508,0.027936507936507933,0.03833333333333333,0.15993650793650793,0.1381111111111111,0.03967460317460318,0.1078888888888889,0.01638888888888889,0.4284523809523809,0.04327777777777777,0.002430555555555555,0.0,0.0,0.002430555555555555,Transit,Fishing - Purse Seiner
780007825,PATROL_BRA_00,BR,patrol_sweep,0.7667010582010582,longliner,0.9999999810077195,0.0,0.0,0.007761904761904762,0.05788888888888888,0.018174603174603177,0.7667010582010582,0.0,0.1325767195767196,0.0168968253968254,0.002430555555555555,0.0,0.0,0.002430555555555555,Patrol / SAR Sweep,Fishing - Longliner
780007825,PATROL_BRA_00,BR,patrol_sweep,0.8367804232804232,longliner,0.9999999810077195,0.0,0.0,0.006095238095238095,0.051944444444444446,0.0016666666666666668,0.8367804232804232,0.0,0.08963227513227515,0.013880952380952383,0.002430555555555555,0.0,0.0,0.002430555555555555,Patrol / SAR Sweep,Fishing - Longliner
780007825,PATROL_BRA_00,BR,patrol_sweep,0.9833730158730158,longliner,0.9999999810077195,0.0,0.0,0.0008333333333333334,0.0030555555555555553,0.0009523809523809524,0.9833730158730158,0.0,0.011785714285714287,0.0,0.002430555555555555,0.0,0.0,0.002430555555555555,Patrol / SAR Sweep,Fishing - Longliner
780007825,PATROL_BRA_00,BR,patrol_sweep,0.9765476190476191,longliner,0.9999999810077195,0.0,0.0,0.0008333333333333334,0.0044444444444444444,0.0,0.9765476190476191,0.0,0.017063492063492062,0.0011111111111111111,0.002430555555555555,0.0,0.0,0.002430555555555555,Patrol / SAR Sweep,Fishing - Longliner
780007825,PATROL_BRA_00,BR,patrol_sweep,0.954325396825397,longliner,0.9999999810077195,0.0,0.0,0.0008333333333333334,0.009166666666666667,0.0033333333333333335,0.954325396825397,0.0,0.03123015873015873,0.0011111111111111111,0.002430555555555555,0.0,0.0,0.002430555555555555,Patrol / SAR Sweep,Fishing - Longliner
780007825,PATROL_BRA_00,BR,patrol_sweep,0.9734920634920636,longliner,0.9999999810077195,0.0,0.0,0.0008333333333333334,0.01,0.0,0.9734920634920636,0.0,0.015674603174603174,0.0,0.002430555555555555,0.0,0.0,0.002430555555555555,Patrol / SAR Sweep,Fishing - Longliner
780007825,PATROL_BRA_00,BR,patrol_sweep,0.9838888888888889,longliner,0.9999999810077195,0.0,0.0,0.0,0.006388888888888888,0.0022222222222222222,0.9838888888888889,0.0,0.0075,0.0,0.002430555555555555,0.0,0.0,0.002430555555555555,Patrol / SAR Sweep,Fishing - Longliner
780007825,PATROL_BRA_00,BR,patrol_sweep,0.9836111111111112,longliner,0.9999999810077195,0.0,0.0,0.0,0.005833333333333333,0.0,0.9836111111111112,0.0,0.010555555555555556,0.0,0.002430555555555555,0.0,0.0,0.002430555555555555,Patrol / SAR Sweep,Fishing - Longliner
780007825,PATROL_BRA_00,BR,patrol_sweep,0.9555555555555554,longliner,0.9999999810077195,0.0,0.0,0.0,0.007777777777777778,0.0011111111111111111,0.9555555555555554,0.0,0.03277777777777778,0.0027777777777777775,0.002430555555555555,0.0,0.0,0.002430555555555555,Patrol / SAR Sweep,Fishing - Longliner
780007825,PATROL_BRA_00,BR,patrol_sweep,0.9077777777777777,longliner,0.9999999810077195,0.0,0.0,0.0,0.00888888888888889,0.006666666666666667,0.9077777777777777,0.0,0.07555555555555556,0.0011111111111111111,0.002430555555555555,0.0,0.0,0.002430555555555555,Patrol / SAR Sweep,Fishing - Longliner
780007825,PATROL_BRA_00,BR,patrol_sweep,0.9284761904761905,longliner,0.9999999810077195,0.0,0.0,0.0022222222222222222,0.01922222222222222,0.0,0.9284761904761905,0.0,0.05007936507936508,0.0,0.002430555555555555,0.0,0.0,0.002430555555555555,Patrol / SAR Sweep,Fishing - Longliner
780007825,PATROL_BRA_00,BR,patrol_sweep,0.8638888888888889,longliner,0.9999999810077195,0.0,0.0,0.0022222222222222222,0.014166666666666666,0.0013333333333333335,0.8638888888888889,0.0,0.1145,0.003888888888888889,0.002430555555555555,0.0,0.0,0.002430555555555555,Patrol / SAR Sweep,Fishing - Longliner
780007825,PATROL_BRA_00,BR,patrol_sweep,0.9177777777777779,longliner,0.9999999810077195,0.0,0.0,0.0,0.0033333333333333335,0.0,0.9177777777777779,0.0,0.0788888888888889,0.0,0.002430555555555555,0.0,0.0,0.002430555555555555,Patrol / SAR Sweep,Fishing - Longliner
780007825,PATROL_BRA_00,BR,patrol_sweep,0.9600000000000002,longliner,0.999999981012626,0.0,0.0,0.0,0.011944444444444445,0.0033333333333333335,0.9600000000000002,0.0,0.024722222222222222,0.0,0.002430555555555555,0.0,0.0,0.002430555555555555,Patrol / SAR Sweep,Fishing - Longliner
780007825,PATROL_BRA_00,BR,patrol_sweep,0.8719444444444444,longliner,0.999999981012626,0.0,0.0,0.0,0.019166666666666665,0.0022222222222222222,0.8719444444444444,0.0,0.10111111111111111,0.005555555555555556,0.002430555555555555,0.0,0.0,0.002430555555555555,Patrol / SAR Sweep,Fishing - Longliner
780007826,PATROL_BRA_01,BR,transit,0.4697910052910051,longliner,0.9999999810067651,0.0,0.0,0.014761904761904763,0.13950000000000004,0.044595238095238104,0.30865343915343907,0.0,0.4697910052910051,0.022698412698412697,0.002430555555555555,0.0,0.0,0.002430555555555555,Transit,Fishing - Longliner
780007826,PATROL_BRA_01,BR,transit,0.4847354497354497,longliner,0.9999999810061869,0.0,0.0,0.008095238095238096,0.1323888888888889,0.02681746031746032,0.3202645502645502,0.0,0.4847354497354497,0.0276984126984127,0.002430555555555555,0.0,0.0,0.002430555555555555,Transit,Fishing - Longliner
780007826,PATROL_BRA_01,BR,transit,0.48267989417989404,longliner,0.9999999810061869,0.0,0.0,0.008095238095238096,0.12611111111111115,0.019928571428571427,0.3377089947089946,0.0,0.48267989417989404,0.025476190476190475,0.002430555555555555,0.0,0.0,0.002430555555555555,Transit,Fishing - Longliner
780007826,PATROL_BRA_01,BR,transit,0.49519841269841264,longliner,0.9999999810061869,0.0,0.0,0.0033333333333333335,0.050555555555555555,0.0022222222222222222,0.446468253968254,0.0,0.49519841269841264,0.0022222222222222222,0.002430555555555555,0.0,0.0,0.002430555555555555,Transit,Fishing - Longliner
780007826,PATROL_BRA_01,BR,transit,0.5007539682539682,longliner,0.9999999810061869,0.0,0.0,0.0033333333333333335,0.05333333333333334,0.0022222222222222222,0.43813492063492065,0.0,0.5007539682539682,0.0022222222222222222,0.002430555555555555,0.0,0.0,0.002430555555555555,Transit,Fishing - Longliner
780007826,PATROL_BRA_01,BR,transit,0.5063095238095237,longliner,0.9999999810067651,0.0,0.0,0.0033333333333333335,0.05333333333333334,0.0022222222222222222,0.43257936507936506,0.0,0.5063095238095237,0.0022222222222222222,0.002430555555555555,0.0,0.0,0.002430555555555555,Transit,Fishing - Longliner
780007826,PATROL_BRA_01,BR,transit,0.512142857142857,longliner,0.9999999810067651,0.0,0.0,0.0033333333333333335,0.055,0.005555555555555555,0.4217460317460317,0.0,0.512142857142857,0.0022222222222222222,0.002430555555555555,0.0,0.0,0.002430555555555555,Transit,Fishing - Longliner
780007826,PATROL_BRA_01,BR,transit,0.5045238095238095,longliner,0.9999999810067651,0.0,0.0,0.0033333333333333335,0.051388888888888894,0.0022222222222222222,0.4363095238095238,0.0,0.5045238095238095,0.0022222222222222222,0.002430555555555555,0.0,0.0,0.002430555555555555,Transit,Fishing - Longliner
790007825,DREDGER_BRA_00,US,dredging,0.9211848919054804,cargo,0.672090862294748,0.008888888888888889,0.018877450980392153,0.9211848919054804,0.014333333333333333,0.002444444444444445,0.011111111111111112,0.006813725490196078,0.0075,0.008846153846153847,0.002430555555555555,0.0,0.0,0.002430555555555555,Dredging,Cargo
790007825,DREDGER_BRA_00,US,dredging,0.963820512820513,cargo,0.6799630372735194,0.0038888888888888883,0.005555555555555555,0.963820512820513,0.0006666666666666668,0.009277777777777777,0.0,0.0,0.0027777777777777775,0.014012820512820514,0.002430555555555555,0.0,0.0,0.002430555555555555,Dredging,Cargo
790007825,DREDGER_BRA_00,US,dredging,0.9558255633255631,cargo,0.6720924706985402,0.005,0.0044444444444444444,0.9558255633255631,0.010555555555555556,0.0038888888888888883,0.0016666666666666668,0.0,0.004722222222222221,0.013896658896658896,0.002430555555555555,0.0,0.0,0.002430555555555555,Dredging,Cargo
790007825,DREDGER_BRA_00,US,dredging,0.8591430236430236,cargo,0.6865592593857215,0.0016666666666666668,0.0033333333333333335,0.8591430236430236,0.033555555555555554,0.03826190476190477,0.007563492063492063,0.0,0.012571428571428572,0.04390459540459541,0.002430555555555555,0.0,0.0,0.002430555555555555,Dredging,Cargo
790007825,DREDGER_BRA_00,US,dredging,0.9309071141277024,cargo,0.6720909202305325,0.007222222222222222,0.02054411764705882,0.9309071141277024,0.014888888888888889,0.0033333333333333335,0.0044444444444444444,0.007480392156862745,0.006666666666666666,0.004512820512820513,0.002430555555555555,0.0,0.0,0.002430555555555555,Dredging,Cargo
790007825,DREDGER_BRA_00,US,dredging,0.9401848919054804,cargo,0.6799638371458229,0.0038888888888888883,0.007488562091503268,0.9401848919054804,0.008888888888888889,0.014563492063492061,0.0,0.0026470588235294116,0.010777777777777778,0.011560439560439562,0.002430555555555555,0.0,0.0,0.002430555555555555,Dredging,Cargo
790007825,DREDGER_BRA_00,US,dredging,0.9851033411033412,cargo,0.6799635676602649,0.0016666666666666668,0.0,0.9851033411033412,0.0,0.0025,0.0,0.0,0.0044444444444444444,0.006285547785547786,0.002430555555555555,0.0,0.0,0.002430555555555555,Dredging,Cargo
790007825,DREDGER_BRA_00,US,dredging,0.9643760683760684,cargo,0.672090862294748,0.005555555555555555,0.002333333333333333,0.9643760683760684,0.005277777777777778,0.012,0.0,0.0006666666666666668,0.0002777777777777778,0.009512820512820513,0.002430555555555555,0.0,0.0,0.002430555555555555,Dredging,Cargo
790007825,DREDGER_BRA_00,US,dredging,0.8794078144078145,cargo,0.679963095664383,0.0033333333333333335,0.0022222222222222222,0.8794078144078145,0.02033333333333333,0.033888888888888885,0.0064523809523809525,0.0,0.011460317460317459,0.042901709401709405,0.002430555555555555,0.0,0.0,0.002430555555555555,Dredging,Cargo
790007825,DREDGER_BRA_00,US,dredging,0.9424922299922298,cargo,0.6720921093180269,0.0033333333333333335,0.0016666666666666668,0.9424922299922298,0.012777777777777777,0.0038888888888888883,0.0,0.0,0.011388888888888888,0.02445221445221445,0.002430555555555555,0.0,0.0,0.002430555555555555,Dredging,Cargo
800007824,LOITER_BRA_00,VU,transit,0.9983333333333333,cargo,0.9999999892877786,0.0,0.0,0.0,0.0,0.0,0.0,0.0016666666666666668,0.9983333333333333,0.0,0.002430555555555555,0.3,0.0,0.3,Transit,Cargo
800007824,LOITER_BRA_00,VU,transit,1.0,cargo,0.9999999892877426,0.0,0.0,0.0,0.0,0.0,0.0,0.0,1.0,0.0,0.002430555555555555,0.3,0.0,0.3,Transit,Cargo
800007824,LOITER_BRA_00,VU,transit,1.0,cargo,0.9999999892877681,0.0,0.0,0.0,0.0,0.0,0.0,0.0,1.0,0.0,0.002430555555555555,0.3,0.0,0.3,Transit,Cargo
800007824,LOITER_BRA_00,VU,transit,1.0,cargo,0.9999999892877433,0.0,0.0,0.0,0.0,0.0,0.0,0.0,1.0,0.0,0.002430555555555555,0.3,0.0,0.3,Transit,Cargo
800007824,LOITER_BRA_00,VU,transit,1.0,cargo,0.9999999892877681,0.0,0.0,0.0,0.0,0.0,0.0,0.0,1.0,0.0,0.002430555555555555,0.3,0.0,0.3,Transit,Cargo
800007824,LOITER_BRA_00,VU,transit,1.0,cargo,0.9999999892883283,0.0,0.0,0.0,0.0,0.0,0.0,0.0,1.0,0.0,0.002430555555555555,0.3,0.0,0.3,Transit,Cargo
800007824,LOITER_BRA_00,VU,transit,0.7684126984126984,cargo,0.9999999917467172,0.01246031746031746,0.0,0.0011111111111111111,0.03961111111111112,0.1131984126984127,0.027222222222222228,0.004563492063492063,0.7684126984126984,0.03342063492063493,0.002430555555555555,0.3,0.0,0.3,Transit,Cargo
800007824,LOITER_BRA_00,VU,loiter,0.7943452380952383,cargo,0.9999999919637365,0.0015,0.0,0.0011111111111111111,0.014166666666666666,0.7943452380952383,0.01,0.0,0.049194444444444436,0.1296825396825397,0.002430555555555555,0.3,0.0,0.3,Loitering,Cargo
800007824,LOITER_BRA_00,VU,loiter,0.9392777777777779,cargo,0.9999999255739704,0.0011111111111111111,0.0,0.015060606060606063,0.0033333333333333335,0.9392777777777779,0.0,0.0018888888888888887,0.013277777777777777,0.02605050505050505,0.002430555555555555,0.3,0.0,0.3,Loitering,Cargo
800007824,LOITER_BRA_00,VU,loiter,0.9903333333333334,cargo,0.9999999878091518,0.0,0.0,0.0,0.0,0.9903333333333334,0.0,0.0,0.0,0.009666666666666667,0.002430555555555555,0.3,0.0,0.3,Loitering,Cargo
800007824,LOITER_BRA_00,VU,loiter,1.0,cargo,0.9999999878113314,0.0,0.0,0.0,0.0,1.0,0.0,0.0,0.0,0.0,0.002430555555555555,0.3,0.0,0.3,Loitering,Cargo
800007824,LOITER_BRA_00,VU,loiter,0.9983333333333333,cargo,0.9999999878113314,0.0016666666666666668,0.0,0.0,0.0,0.9983333333333333,0.0,0.0,0.0,0.0,0.002430555555555555,0.3,0.0,0.3,Loitering,Cargo
800007824,LOITER_BRA_00,VU,loiter,0.9988888888888889,cargo,0.9999999878113314,0.0,0.0,0.0,0.0,0.9988888888888889,0.0,0.0,0.0,0.0011111111111111111,0.002430555555555555,0.3,0.0,0.3,Loitering,Cargo
800007824,LOITER_BRA_00,VU,loiter,1.0,cargo,0.9999999878091518,0.0,0.0,0.0,0.0,1.0,0.0,0.0,0.0,0.0,0.002430555555555555,0.3,0.0,0.3,Loitering,Cargo
800007824,LOITER_BRA_00,VU,loiter,1.0,cargo,0.9999999878051208,0.0,0.0,0.0,0.0,1.0,0.0,0.0,0.0,0.0,0.002430555555555555,0.3,0.0,0.3,Loitering,Cargo
800007824,LOITER_BRA_00,VU,loiter,1.0,cargo,0.9999999878091518,0.0,0.0,0.0,0.0,1.0,0.0,0.0,0.0,0.0,0.002430555555555555,0.3,0.0,0.3,Loitering,Cargo
800007824,LOITER_BRA_00,VU,loiter,0.9988888888888889,cargo,0.9999999878121472,0.0,0.0,0.0,0.0,0.9988888888888889,0.0,0.0,0.0,0.0011111111111111111,0.002430555555555555,0.3,0.0,0.3,Loitering,Cargo
800007824,LOITER_BRA_00,VU,loiter,0.9966666666666667,cargo,0.9999999878121472,0.0,0.0,0.0,0.0,0.9966666666666667,0.0,0.0,0.0,0.0033333333333333335,0.002430555555555555,0.3,0.0,0.3,Loitering,Cargo
800007824,LOITER_BRA_00,VU,loiter,0.9983333333333333,cargo,0.9999999880108122,0.0,0.0,0.0,0.0,0.9983333333333333,0.0,0.0,0.0,0.0016666666666666668,0.002430555555555555,0.3,0.0,0.3,Loitering,Cargo
800007824,LOITER_BRA_00,VU,loiter,0.8846746031746032,cargo,0.9999999870740595,0.05957142857142857,0.007777777777777777,0.0033333333333333335,0.005,0.8846746031746032,0.0,0.03214285714285714,0.0,0.0075,0.002430555555555555,0.3,0.0,0.3,Loitering,Cargo
800007824,LOITER_BRA_00,VU,loiter,0.9886111111111112,cargo,0.9999999878732616,0.0033333333333333335,0.0,0.0,0.0008333333333333334,0.9886111111111112,0.0,0.005555555555555555,0.0,0.0016666666666666668,0.002430555555555555,0.3,0.0,0.3,Loitering,Cargo
800007824,LOITER_BRA_00,VU,loiter,0.9988888888888889,cargo,0.9999999878113314,0.0,0.0,0.0,0.0,0.9988888888888889,0.0,0.0,0.0,0.0011111111111111111,0.002430555555555555,0.3,0.0,0.3,Loitering,Cargo
800007824,LOITER_BRA_00,VU,loiter,1.0,cargo,0.9999999878113314,0.0,0.0,0.0,0.0,1.0,0.0,0.0,0.0,0.0,0.002430555555555555,0.3,0.0,0.3,Loitering,Cargo
800007824,LOITER_BRA_00,VU,loiter,0.9745555555555554,cargo,0.9999999878732616,0.01988888888888889,0.0,0.0,0.005555555555555555,0.9745555555555554,0.0,0.0,0.0,0.0,0.002430555555555555,0.3,0.0,0.3,Loitering,Cargo
800007824,LOITER_BRA_00,VU,loiter,0.9187222222222222,cargo,0.9999999870782823,0.06794444444444446,0.0,0.0,0.0033333333333333335,0.9187222222222222,0.0,0.0075,0.0,0.0025,0.002430555555555555,0.3,0.0,0.3,Loitering,Cargo
800007824,LOITER_BRA_00,VU,loiter,0.9742222222222222,cargo,0.9999999879010312,0.011222222222222222,0.0,0.0,0.0,0.9742222222222222,0.0,0.0006666666666666668,0.0,0.01388888888888889,0.002430555555555555,0.3,0.0,0.3,Loitering,Cargo
800007824,LOITER_BRA_00,VU,loiter,1.0,cargo,0.9999999878121472,0.0,0.0,0.0,0.0,1.0,0.0,0.0,0.0,0.0,0.002430555555555555,0.3,0.0,0.3,Loitering,Cargo
800007824,LOITER_BRA_00,VU,loiter,0.9977777777777778,cargo,0.9999999878051208,0.0,0.0,0.0,0.0,0.9977777777777778,0.0,0.0,0.0022222222222222222,0.0,0.002430555555555555,0.3,0.0,0.3,Loitering,Cargo
800007824,LOITER_BRA_00,VU,anchored,0.7315702230259195,cargo,0.9999999865778721,0.7315702230259195,0.027224331926863576,0.0,0.007936507936507936,0.04572222222222222,0.0,0.17155866988145468,0.009599156118143461,0.006388888888888888,0.002430555555555555,0.3,0.0,0.3,Anchored/Moored,Cargo
800007824,LOITER_BRA_00,VU,anchored,0.9946666666666666,cargo,0.9999999824426616,0.9946666666666666,0.0025,0.0,0.0,0.0,0.0,0.002,0.0008333333333333334,0.0,0.002430555555555555,0.3,0.0,0.3,Anchored/Moored,Cargo
800007824,LOITER_BRA_00,VU,anchored,0.9807777777777779,cargo,0.9999999823764513,0.9807777777777779,0.012777777777777777,0.0,0.0,0.0,0.0,0.0064444444444444445,0.0,0.0,0.002430555555555555,0.3,0.0,0.3,Anchored/Moored,Cargo
800007824,LOITER_BRA_00,VU,anchored,0.9662777777777778,cargo,0.9999999835713609,0.9662777777777778,0.020888888888888887,0.0,0.0,0.0,0.0,0.012,0.0008333333333333334,0.0,0.002430555555555555,0.3,0.0,0.3,Anchored/Moored,Cargo
800007824,LOITER_BRA_00,VU,anchored,0.864095238095238,cargo,0.9999999862129305,0.864095238095238,0.0,0.0016666666666666668,0.0016666666666666668,0.09327777777777775,0.0,0.029674603174603173,0.006285714285714286,0.0033333333333333335,0.002430555555555555,0.3,0.0,0.3,Anchored/Moored,Cargo
800007824,LOITER_BRA_00,VU,loiter,0.9346388888888888,cargo,0.9999999871430775,0.05375,0.0,0.002777777777777778,0.0,0.9346388888888888,0.0,0.0025,0.0,0.006333333333333333,0.002430555555555555,0.3,0.0,0.3,Loitering,Cargo
800007824,LOITER_BRA_00,VU,loiter,0.9972222222222221,cargo,0.9999999878121472,0.0,0.0,0.0,0.0016666666666666668,0.9972222222222221,0.0,0.0,0.0,0.0011111111111111111,0.002430555555555555,0.3,0.0,0.3,Loitering,Cargo
800007824,LOITER_BRA_00,VU,loiter,1.0,cargo,0.9999999878121472,0.0,0.0,0.0,0.0,1.0,0.0,0.0,0.0,0.0,0.002430555555555555,0.3,0.0,0.3,Loitering,Cargo
800007824,LOITER_BRA_00,VU,loiter,0.9983333333333333,cargo,0.9999999878121472,0.0,0.0,0.0,0.0,0.9983333333333333,0.0,0.0,0.0,0.0016666666666666668,0.002430555555555555,0.3,0.0,0.3,Loitering,Cargo
800007824,LOITER_BRA_00,VU,loiter,1.0,cargo,0.9999999878121472,0.0,0.0,0.0,0.0,1.0,0.0,0.0,0.0,0.0,0.002430555555555555,0.3,0.0,0.3,Loitering,Cargo
800007824,LOITER_BRA_00,VU,loiter,0.9607222222222221,cargo,0.9999999878670506,0.027555555555555552,0.0033333333333333335,0.0033333333333333335,0.0,0.9607222222222221,0.0,0.0015,0.0,0.0035555555555555553,0.002430555555555555,0.3,0.0,0.3,Loitering,Cargo
800007824,LOITER_BRA_00,VU,loiter,0.9213888888888889,cargo,0.999999987808336,0.036277777777777784,0.0027777777777777775,0.0033333333333333335,0.0,0.9213888888888889,0.0,0.021500000000000002,0.005555555555555555,0.009166666666666665,0.002430555555555555,0.3,0.0,0.3,Loitering,Cargo
800007824,LOITER_BRA_00,VU,loiter,1.0,cargo,0.9999999878091518,0.0,0.0,0.0,0.0,1.0,0.0,0.0,0.0,0.0,0.002430555555555555,0.3,0.0,0.3,Loitering,Cargo
800007824,LOITER_BRA_00,VU,loiter,1.0,cargo,0.9999999878121472,0.0,0.0,0.0,0.0,1.0,0.0,0.0,0.0,0.0,0.002430555555555555,0.3,0.0,0.3,Loitering,Cargo
800007824,LOITER_BRA_00,VU,loiter,1.0,cargo,0.9999999878121472,0.0,0.0,0.0,0.0,1.0,0.0,0.0,0.0,0.0,0.002430555555555555,0.3,0.0,0.3,Loitering,Cargo
800007824,LOITER_BRA_00,VU,loiter,1.0,cargo,0.9999999878051208,0.0,0.0,0.0,0.0,1.0,0.0,0.0,0.0,0.0,0.002430555555555555,0.3,0.0,0.3,Loitering,Cargo
800007824,LOITER_BRA_00,VU,loiter,0.9922222222222223,cargo,0.9999999878121472,0.0,0.0,0.0,0.0033333333333333335,0.9922222222222223,0.0,0.0,0.0,0.0044444444444444444,0.002430555555555555,0.3,0.0,0.3,Loitering,Cargo
800007824,LOITER_BRA_00,VU,loiter,0.952952380952381,cargo,0.9999999878050491,0.0044444444444444444,0.0,0.011666666666666667,0.0016666666666666668,0.952952380952381,0.0,0.007777777777777777,0.0,0.021492063492063493,0.002430555555555555,0.3,0.0,0.3,Loitering,Cargo
800007824,LOITER_BRA_00,VU,loiter,0.9881666666666669,cargo,0.9999999878121472,0.0,0.0,0.0,0.0037777777777777775,0.9881666666666669,0.0033333333333333335,0.0,0.0008333333333333334,0.0038888888888888883,0.002430555555555555,0.3,0.0,0.3,Loitering,Cargo
800007824,LOITER_BRA_00,VU,loiter,0.8436507936507938,cargo,0.9999999911389948,0.0013333333333333335,0.0,0.005,0.012055555555555555,0.8436507936507938,0.0013333333333333335,0.020555555555555553,0.056611111111111105,0.05946031746031745,0.002430555555555555,0.3,0.0,0.3,Loitering,Cargo
800007824,LOITER_BRA_00,VU,transit,0.9815555555555556,cargo,0.999999991626448,0.003444444444444444,0.0,0.0,0.0,0.0,0.0,0.015,0.9815555555555556,0.0,0.002430555555555555,0.3,0.0,0.3,Transit,Cargo
800007824,LOITER_BRA_00,VU,transit,1.0,cargo,0.9999999892878323,0.0,0.0,0.0,0.0,0.0,0.0,0.0,1.0,0.0,0.002430555555555555,0.3,0.0,0.3,Transit,Cargo
800007824,LOITER_BRA_00,VU,transit,1.0,cargo,0.9999999892878221,0.0,0.0,0.0,0.0,0.0,0.0,0.0,1.0,0.0,0.002430555555555555,0.3,0.0,0.3,Transit,Cargo
800007824,LOITER_BRA_00,VU,transit,1.0,cargo,0.9999999892878323,0.0,0.0,0.0,0.0,0.0,0.0,0.0,1.0,0.0,0.002430555555555555,0.3,0.0,0.3,Transit,Cargo
800007824,LOITER_BRA_00,VU,transit,1.0,cargo,0.9999999892877681,0.0,0.0,0.0,0.0,0.0,0.0,0.0,1.0,0.0,0.002430555555555555,0.3,0.0,0.3,Transit,Cargo
800007824,LOITER_BRA_00,VU,transit,1.0,cargo,0.9999999892883985,0.0,0.0,0.0,0.0,0.0,0.0,0.0,1.0,0.0,0.002430555555555555,0.3,0.0,0.3,Transit,Cargo
800007825,LOITER_BRA_01,BR,transit,1.0,cargo,0.9999999892909924,0.0,0.0,0.0,0.0,0.0,0.0,0.0,1.0,0.0,0.002430555555555555,0.0,0.0,0.002430555555555555,Transit,Cargo
800007825,LOITER_BRA_01,BR,transit,1.0,cargo,0.999999989290976,0.0,0.0,0.0,0.0,0.0,0.0,0.0,1.0,0.0,0.002430555555555555,0.0,0.0,0.002430555555555555,Transit,Cargo
800007825,LOITER_BRA_01,BR,transit,1.0,cargo,0.9999999892910462,0.0,0.0,0.0,0.0,0.0,0.0,0.0,1.0,0.0,0.002430555555555555,0.0,0.0,0.002430555555555555,Transit,Cargo
800007825,LOITER_BRA_01,BR,transit,0.9988888888888889,cargo,0.9999999892910124,0.0,0.0,0.0,0.0,0.0,0.0,0.0011111111111111111,0.9988888888888889,0.0,0.002430555555555555,0.0,0.0,0.002430555555555555,Transit,Cargo
800007825,LOITER_BRA_01,BR,transit,0.9983333333333333,cargo,0.9999999892909422,0.0016666666666666668,0.0,0.0,0.0,0.0,0.0,0.0,0.9983333333333333,0.0,0.002430555555555555,0.0,0.0,0.002430555555555555,Transit,Cargo
800007825,LOITER_BRA_01,BR,transit,0.9979999999999999,cargo,0.9999999892910229,0.0,0.0,0.0,0.0,0.0,0.0,0.002,0.9979999999999999,0.0,0.002430555555555555,0.0,0.0,0.002430555555555555,Transit,Cargo
800007825,LOITER_BRA_01,BR,transit,0.9175079365079367,cargo,0.9999999917226924,0.010888888888888889,0.0,0.0,0.01826984126984127,0.03155555555555556,0.0011111111111111111,0.014444444444444447,0.9175079365079367,0.006222222222222222,0.002430555555555555,0.0,0.0,0.002430555555555555,Transit,Cargo
800007825,LOITER_BRA_01,BR,loiter,0.8095992063492065,cargo,0.9999999919701786,0.004722222222222221,0.0,0.0033333333333333335,0.020222222222222225,0.8095992063492065,0.012277777777777776,0.02072222222222222,0.06638492063492064,0.06273809523809522,0.002430555555555555,0.0,0.0,0.002430555555555555,Loitering,Cargo
800007825,LOITER_BRA_01,BR,loiter,0.8832222222222224,cargo,0.9999999260971378,0.0038888888888888883,0.0,0.0075,0.006388888888888888,0.8832222222222224,0.0,0.010777777777777778,0.005222222222222222,0.08299999999999998,0.002430555555555555,0.0,0.0,0.002430555555555555,Loitering,Cargo
800007825,LOITER_BRA_01,BR,loiter,1.0,cargo,0.9999999878256746,0.0,0.0,0.0,0.0,1.0,0.0,0.0,0.0,0.0,0.002430555555555555,0.0,0.0,0.002430555555555555,Loitering,Cargo
800007825,LOITER_BRA_01,BR,loiter,0.9975,cargo,0.9999999878256746,0.0,0.0,0.0,0.0,0.9975,0.0,0.0,0.0,0.0025,0.002430555555555555,0.0,0.0,0.002430555555555555,Loitering,Cargo
800007825,LOITER_BRA_01,BR,loiter,1.0,cargo,0.9999999878248597,0.0,0.0,0.0,0.0,1.0,0.0,0.0,0.0,0.0,0.002430555555555555,0.0,0.0,0.002430555555555555,Loitering,Cargo
800007825,LOITER_BRA_01,BR,loiter,0.9911666666666668,cargo,0.9999999878248597,0.0051111111111111105,0.0,0.0,0.0,0.9911666666666668,0.0,0.0006666666666666668,0.0,0.0030555555555555553,0.002430555555555555,0.0,0.0,0.002430555555555555,Loitering,Cargo
800007825,LOITER_BRA_01,BR,loiter,0.995,cargo,0.9999999878248597,0.0022222222222222222,0.0,0.0,0.0,0.995,0.0,0.0,0.0,0.0027777777777777775,0.002430555555555555,0.0,0.0,0.002430555555555555,Loitering,Cargo
800007825,LOITER_BRA_01,BR,loiter,0.9918055555555554,cargo,0.9999999878218692,0.0038888888888888883,0.0,0.0,0.0,0.9918055555555554,0.0,0.0,0.0,0.004305555555555555,0.002430555555555555,0.0,0.0,0.002430555555555555,Loitering,Cargo
800007825,LOITER_BRA_01,BR,loiter,1.0,cargo,0.9999999878226841,0.0,0.0,0.0,0.0,1.0,0.0,0.0,0.0,0.0,0.002430555555555555,0.0,0.0,0.002430555555555555,Loitering,Cargo
800007825,LOITER_BRA_01,BR,loiter,1.0,cargo,0.9999999878256746,0.0,0.0,0.0,0.0,1.0,0.0,0.0,0.0,0.0,0.002430555555555555,0.0,0.0,0.002430555555555555,Loitering,Cargo
800007825,LOITER_BRA_01,BR,loiter,0.8867777777777777,cargo,0.9999999878178915,0.019722222222222224,0.004722222222222221,0.008333333333333333,0.01111111111111111,0.8867777777777777,0.0,0.04777777777777778,0.010499999999999999,0.011055555555555555,0.002430555555555555,0.0,0.0,0.002430555555555555,Loitering,Cargo
800007825,LOITER_BRA_01,BR,loiter,0.9922222222222223,cargo,0.9999999879143654,0.0016666666666666668,0.0,0.0,0.0016666666666666668,0.9922222222222223,0.0,0.0,0.0,0.0044444444444444444,0.002430555555555555,0.0,0.0,0.002430555555555555,Loitering,Cargo
800007825,LOITER_BRA_01,BR,loiter,0.9916666666666665,cargo,0.9999999879143654,0.0027777777777777775,0.0,0.0,0.0022222222222222222,0.9916666666666665,0.0,0.0,0.0022222222222222222,0.0011111111111111111,0.002430555555555555,0.0,0.0,0.002430555555555555,Loitering,Cargo
800007825,LOITER_BRA_01,BR,loiter,0.9966666666666665,cargo,0.9999999878319558,0.0011111111111111111,0.0,0.0,0.0,0.9966666666666665,0.0,0.0,0.0022222222222222222,0.0,0.002430555555555555,0.0,0.0,0.002430555555555555,Loitering,Cargo
800007825,LOITER_BRA_01,BR,loiter,0.9968055555555554,cargo,0.9999999878218692,0.0011111111111111111,0.0,0.0,0.0,0.9968055555555554,0.0,0.0,0.0,0.0020833333333333333,0.002430555555555555,0.0,0.0,0.002430555555555555,Loitering,Cargo
800007825,LOITER_BRA_01,BR,loiter,0.993111111111111,cargo,0.9999999878248597,0.0022222222222222222,0.0,0.0,0.0,0.993111111111111,0.0,0.0016666666666666668,0.0,0.003,0.002430555555555555,0.0,0.0,0.002430555555555555,Loitering,Cargo
800007825,LOITER_BRA_01,BR,loiter,0.9846111111111111,cargo,0.9999999878876226,0.00861111111111111,0.0,0.0,0.005666666666666666,0.9846111111111111,0.0,0.0011111111111111111,0.0,0.0,0.002430555555555555,0.0,0.0,0.002430555555555555,Loitering,Cargo
800007825,LOITER_BRA_01,BR,loiter,0.9927777777777778,cargo,0.9999999878248597,0.004166666666666667,0.0,0.0,0.0030555555555555553,0.9927777777777778,0.0,0.0,0.0,0.0,0.002430555555555555,0.0,0.0,0.002430555555555555,Loitering,Cargo
800007825,LOITER_BRA_01,BR,loiter,0.9844444444444446,cargo,0.9999999878178395,0.008333333333333333,0.0,0.0,0.0016666666666666668,0.9844444444444446,0.0,0.005555555555555555,0.0,0.0,0.002430555555555555,0.0,0.0,0.002430555555555555,Loitering,Cargo
800007825,LOITER_BRA_01,BR,loiter,0.8879444444444444,cargo,0.9999999878170759,0.0325,0.0016666666666666668,0.013,0.0033333333333333335,0.8879444444444444,0.0,0.044388888888888894,0.011611111111111112,0.005555555555555555,0.002430555555555555,0.0,0.0,0.002430555555555555,Loitering,Cargo
800007825,LOITER_BRA_01,BR,loiter,0.9529166666666666,cargo,0.9999999878218692,0.03,0.0,0.014444444444444447,0.0,0.9529166666666666,0.0,0.0,0.0,0.002638888888888889,0.002430555555555555,0.0,0.0,0.002430555555555555,Loitering,Cargo
800007825,LOITER_BRA_01,BR,anchored,0.5787658730158731,cargo,0.999999987915651,0.5787658730158731,0.0,0.010555555555555556,0.0,0.3756190476190477,0.0,0.01853174603174603,0.006944444444444445,0.009583333333333333,0.002430555555555555,0.0,0.0,0.002430555555555555,Anchored/Moored,Cargo
800007825,LOITER_BRA_01,BR,anchored,0.9525,cargo,0.9999999824674165,0.9525,0.02883333333333333,0.0,0.0,0.0,0.0,0.018666666666666665,0.0,0.0,0.002430555555555555,0.0,0.0,0.002430555555555555,Anchored/Moored,Cargo
800007825,LOITER_BRA_01,BR,anchored,0.9946666666666666,cargo,0.9999999827454263,0.9946666666666666,0.0,0.0,0.0,0.0,0.0,0.005333333333333334,0.0,0.0,0.002430555555555555,0.0,0.0,0.002430555555555555,Anchored/Moored,Cargo
800007825,LOITER_BRA_01,BR,anchored,0.9888333333333332,cargo,0.9999999827739171,0.9888333333333332,0.0,0.0,0.0,0.0,0.0,0.010333333333333333,0.0008333333333333334,0.0,0.002430555555555555,0.0,0.0,0.002430555555555555,Anchored/Moored,Cargo
800007825,LOITER_BRA_01,BR,anchored,0.8510476190476192,cargo,0.9999999862373798,0.8510476190476192,0.0,0.0,0.0,0.09061111111111111,0.0,0.05128571428571429,0.004555555555555556,0.0025,0.002430555555555555,0.0,0.0,0.002430555555555555,Anchored/Moored,Cargo
800007825,LOITER_BRA_01,BR,loiter,0.9578611111111112,cargo,0.9999999878866829,0.024527777777777773,0.0,0.0,0.007333333333333334,0.9578611111111112,0.0,0.00861111111111111,0.0,0.0016666666666666668,0.002430555555555555,0.0,0.0,0.002430555555555555,Loitering,Cargo
800007825,LOITER_BRA_01,BR,loiter,1.0,cargo,0.9999999878248597,0.0,0.0,0.0,0.0,1.0,0.0,0.0,0.0,0.0,0.002430555555555555,0.0,0.0,0.002430555555555555,Loitering,Cargo
800007825,LOITER_BRA_01,BR,loiter,0.9800555555555555,cargo,0.9999999878218692,0.0011111111111111111,0.0,0.0013333333333333335,0.0008333333333333334,0.9800555555555555,0.0,0.01,0.0,0.006666666666666667,0.002430555555555555,0.0,0.0,0.002430555555555555,Loitering,Cargo
800007825,LOITER_BRA_01,BR,loiter,0.9133730158730157,cargo,0.9999999878218692,0.022388888888888885,0.0,0.0013333333333333335,0.0008333333333333334,0.9133730158730157,0.0,0.03594444444444444,0.0016666666666666668,0.024460317460317453,0.002430555555555555,0.0,0.0,0.002430555555555555,Loitering,Cargo
800007825,LOITER_BRA_01,BR,loiter,1.0,cargo,0.9999999878248597,0.0,0.0,0.0,0.0,1.0,0.0,0.0,0.0,0.0,0.002430555555555555,0.0,0.0,0.002430555555555555,Loitering,Cargo
800007825,LOITER_BRA_01,BR,loiter,0.9983333333333333,cargo,0.9999999878248597,0.0,0.0,0.0,0.0,0.9983333333333333,0.0,0.0,0.0,0.0016666666666666668,0.002430555555555555,0.0,0.0,0.002430555555555555,Loitering,Cargo
800007825,LOITER_BRA_01,BR,loiter,1.0,cargo,0.9999999878216456,0.0,0.0,0.0,0.0,1.0,0.0,0.0,0.0,0.0,0.002430555555555555,0.0,0.0,0.002430555555555555,Loitering,Cargo
800007825,LOITER_BRA_01,BR,loiter,0.987111111111111,cargo,0.9999999878226126,0.0,0.0,0.0051111111111111105,0.002666666666666667,0.987111111111111,0.0,0.0,0.0033333333333333335,0.0017777777777777776,0.002430555555555555,0.0,0.0,0.002430555555555555,Loitering,Cargo
800007825,LOITER_BRA_01,BR,loiter,0.9501666666666667,cargo,0.9999999714759044,0.003611111111111111,0.0,0.013333333333333334,0.0008333333333333334,0.9501666666666667,0.0033333333333333335,0.00811111111111111,0.003,0.017611111111111112,0.002430555555555555,0.0,0.0,0.002430555555555555,Loitering,Cargo
800007825,LOITER_BRA_01,BR,loiter,0.991388888888889,cargo,0.999999971442778,0.0,0.0,0.0044444444444444444,0.0008333333333333334,0.991388888888889,0.0,0.0,0.0011111111111111111,0.0022222222222222222,0.002430555555555555,0.0,0.0,0.002430555555555555,Loitering,Cargo
800007825,LOITER_BRA_01,BR,loiter,0.9938888888888889,cargo,0.9999999878186551,0.0,0.0,0.0,0.0,0.9938888888888889,0.0022222222222222222,0.0016666666666666668,0.0,0.0022222222222222222,0.002430555555555555,0.0,0.0,0.002430555555555555,Loitering,Cargo
800007825,LOITER_BRA_01,BR,loiter,0.9772222222222221,cargo,0.9999999714593629,0.0,0.0,0.008333333333333333,0.0016666666666666668,0.9772222222222221,0.0022222222222222222,0.0,0.0022222222222222222,0.008333333333333333,0.002430555555555555,0.0,0.0,0.002430555555555555,Loitering,Cargo
800007825,LOITER_BRA_01,BR,loiter,0.9831111111111112,cargo,0.9999999717264457,0.004166666666666667,0.0,0.005,0.0019444444444444442,0.9831111111111112,0.0022222222222222222,0.0,0.0022222222222222222,0.0013333333333333335,0.002430555555555555,0.0,0.0,0.002430555555555555,Loitering,Cargo
800007825,LOITER_BRA_01,BR,loiter,0.9881111111111112,cargo,0.9999999674077846,0.0,0.0,0.0016666666666666668,0.0022222222222222222,0.9881111111111112,0.0,0.0,0.0013333333333333335,0.006666666666666666,0.002430555555555555,0.0,0.0,0.002430555555555555,Loitering,Cargo
800007825,LOITER_BRA_01,BR,loiter,0.7983174603174603,cargo,0.9999999896208437,0.005166666666666667,0.0027777777777777775,0.0006666666666666668,0.0115,0.7983174603174603,0.0,0.023888888888888887,0.07849999999999999,0.07918253968253966,0.002430555555555555,0.0,0.0,0.002430555555555555,Loitering,Cargo
800007825,LOITER_BRA_01,BR,transit,0.9882222222222223,cargo,0.9999999916743573,0.0016666666666666668,0.0,0.0,0.0,0.0,0.0,0.01011111111111111,0.9882222222222223,0.0,0.002430555555555555,0.0,0.0,0.002430555555555555,Transit,Cargo
800007825,LOITER_BRA_01,BR,transit,0.9977777777777779,cargo,0.9999999892915507,0.0,0.0,0.0,0.0,0.0022222222222222222,0.0,0.0,0.9977777777777779,0.0,0.002430555555555555,0.0,0.0,0.002430555555555555,Transit,Cargo
800007825,LOITER_BRA_01,BR,transit,1.0,cargo,0.9999999892915167,0.0,0.0,0.0,0.0,0.0,0.0,0.0,1.0,0.0,0.002430555555555555,0.0,0.0,0.002430555555555555,Transit,Cargo
800007825,LOITER_BRA_01,BR,transit,1.0,cargo,0.9999999892910124,0.0,0.0,0.0,0.0,0.0,0.0,0.0,1.0,0.0,0.002430555555555555,0.0,0.0,0.002430555555555555,Transit,Cargo
800007825,LOITER_BRA_01,BR,transit,1.0,cargo,0.9999999892915167,0.0,0.0,0.0,0.0,0.0,0.0,0.0,1.0,0.0,0.002430555555555555,0.0,0.0,0.002430555555555555,Transit,Cargo
800007825,LOITER_BRA_01,BR,transit,1.0,cargo,0.9999999892914467,0.0,0.0,0.0,0.0,0.0,0.0,0.0,1.0,0.0,0.002430555555555555,0.0,0.0,0.002430555555555555,Transit,Cargo
800007826,LOITER_BRA_02,PA,transit,1.0,cargo,0.9999999902038489,0.0,0.0,0.0,0.0,0.0,0.0,0.0,1.0,0.0,0.002430555555555555,0.3,0.0,0.3,Transit,Cargo
800007826,LOITER_BRA_02,PA,transit,1.0,cargo,0.9999999902039206,0.0,0.0,0.0,0.0,0.0,0.0,0.0,1.0,0.0,0.002430555555555555,0.3,0.0,0.3,Transit,Cargo
800007826,LOITER_BRA_02,PA,transit,1.0,cargo,0.9999999902039206,0.0,0.0,0.0,0.0,0.0,0.0,0.0,1.0,0.0,0.002430555555555555,0.3,0.0,0.3,Transit,Cargo
800007826,LOITER_BRA_02,PA,transit,1.0,cargo,0.9999999902039206,0.0,0.0,0.0,0.0,0.0,0.0,0.0,1.0,0.0,0.002430555555555555,0.3,0.0,0.3,Transit,Cargo
800007826,LOITER_BRA_02,PA,transit,1.0,cargo,0.9999999902039206,0.0,0.0,0.0,0.0,0.0,0.0,0.0,1.0,0.0,0.002430555555555555,0.3,0.0,0.3,Transit,Cargo
800007826,LOITER_BRA_02,PA,transit,0.9975,cargo,0.9999999902041224,0.0025,0.0,0.0,0.0,0.0,0.0,0.0,0.9975,0.0,0.002430555555555555,0.3,0.0,0.3,Transit,Cargo
800007826,LOITER_BRA_02,PA,transit,0.9287777777777777,cargo,0.9999999923584956,0.004722222222222221,0.0,0.0,0.009722222222222222,0.029277777777777778,0.0044444444444444444,0.0016666666666666668,0.9287777777777777,0.021388888888888888,0.002430555555555555,0.3,0.0,0.3,Transit,Cargo
800007826,LOITER_BRA_02,PA,loiter,0.6793531746031747,cargo,0.9999998421352103,0.0011111111111111111,0.0,0.0,0.04722222222222222,0.6793531746031747,0.0025396825396825397,0.015,0.14013095238095244,0.11464285714285716,0.002430555555555555,0.3,0.0,0.3,Loitering,Cargo
800007826,LOITER_BRA_02,PA,loiter,0.8791428571428573,cargo,0.9999999319539625,0.0,0.0,0.012896825396825396,0.018611111111111113,0.8791428571428573,0.004047619047619048,0.005222222222222222,0.007722222222222223,0.07235714285714286,0.002430555555555555,0.3,0.0,0.3,Loitering,Cargo
800007826,LOITER_BRA_02,PA,loiter,0.9612777777777778,cargo,0.9999999868863654,0.0,0.0,0.010888888888888889,0.004833333333333334,0.9612777777777778,0.0033333333333333335,0.0022222222222222222,0.0,0.017444444444444443,0.002430555555555555,0.3,0.0,0.3,Loitering,Cargo
800007826,LOITER_BRA_02,PA,loiter,0.9805555555555554,cargo,0.9999999868863654,0.0,0.0,0.0033333333333333335,0.0016666666666666668,0.9805555555555554,0.0,0.0,0.0,0.014444444444444447,0.002430555555555555,0.3,0.0,0.3,Loitering,Cargo
800007826,LOITER_BRA_02,PA,loiter,1.0,cargo,0.9999999868863654,0.0,0.0,0.0,0.0,1.0,0.0,0.0,0.0,0.0,0.002430555555555555,0.3,0.0,0.3,Loitering,Cargo
800007826,LOITER_BRA_02,PA,loiter,0.9938888888888887,cargo,0.9999999868863654,0.0,0.0,0.0,0.0033333333333333335,0.9938888888888887,0.0,0.0,0.0,0.002777777777777778,0.002430555555555555,0.3,0.0,0.3,Loitering,Cargo
800007826,LOITER_BRA_02,PA,loiter,0.9904166666666668,cargo,0.999999986905052,0.0,0.0,0.0,0.0038888888888888883,0.9904166666666668,0.0,0.0,0.0,0.005694444444444444,0.002430555555555555,0.3,0.0,0.3,Loitering,Cargo
800007826,LOITER_BRA_02,PA,loiter,0.9983333333333333,cargo,0.9999999868863654,0.0,0.0,0.0,0.0,0.9983333333333333,0.0,0.0,0.0,0.0016666666666666668,0.002430555555555555,0.3,0.0,0.3,Loitering,Cargo
800007826,LOITER_BRA_02,PA,loiter,1.0,cargo,0.9999999868863654,0.0,0.0,0.0,0.0,1.0,0.0,0.0,0.0,0.0,0.002430555555555555,0.3,0.0,0.3,Loitering,Cargo
800007826,LOITER_BRA_02,PA,loiter,0.9953333333333334,cargo,0.9999999868863654,0.0,0.0,0.0,0.004666666666666666,0.9953333333333334,0.0,0.0,0.0,0.0,0.002430555555555555,0.3,0.0,0.3,Loitering,Cargo
800007826,LOITER_BRA_02,PA,loiter,0.9816666666666667,cargo,0.9999999868863654,0.005833333333333334,0.0,0.0006666666666666668,0.0008333333333333334,0.9816666666666667,0.0,0.005666666666666666,0.0,0.005333333333333334,0.002430555555555555,0.3,0.0,0.3,Loitering,Cargo
800007826,LOITER_BRA_02,PA,loiter,0.9829999999999999,cargo,0.9999999868831215,0.0,0.0,0.0,0.0033333333333333335,0.9829999999999999,0.0,0.002,0.0013333333333333335,0.010333333333333333,0.002430555555555555,0.3,0.0,0.3,Loitering,Cargo
800007826,LOITER_BRA_02,PA,loiter,0.9875555555555555,cargo,0.9999999871723116,0.0,0.0,0.0006666666666666668,0.0,0.9875555555555555,0.0,0.0006666666666666668,0.0,0.01111111111111111,0.002430555555555555,0.3,0.0,0.3,Loitering,Cargo
800007826,LOITER_BRA_02,PA,loiter,0.9720000000000001,cargo,0.9999999842884368,0.010277777777777778,0.0,0.0,0.008,0.9720000000000001,0.0,0.006388888888888889,0.0,0.0033333333333333335,0.002430555555555555,0.3,0.0,0.3,Loitering,Cargo
800007826,LOITER_BRA_02,PA,loiter,0.9875,cargo,0.9999999842884368,0.0038888888888888883,0.0,0.0,0.0,0.9875,0.0,0.0,0.0,0.00861111111111111,0.002430555555555555,0.3,0.0,0.3,Loitering,Cargo
800007826,LOITER_BRA_02,PA,loiter,1.0,cargo,0.9999999868863654,0.0,0.0,0.0,0.0,1.0,0.0,0.0,0.0,0.0,0.002430555555555555,0.3,0.0,0.3,Loitering,Cargo
800007826,LOITER_BRA_02,PA,loiter,1.0,cargo,0.9999999868863654,0.0,0.0,0.0,0.0,1.0,0.0,0.0,0.0,0.0,0.002430555555555555,0.3,0.0,0.3,Loitering,Cargo
800007826,LOITER_BRA_02,PA,loiter,0.9944444444444444,cargo,0.9999999868863654,0.0027777777777777775,0.0,0.0,0.0,0.9944444444444444,0.0,0.0,0.0,0.0027777777777777775,0.002430555555555555,0.3,0.0,0.3,Loitering,Cargo
800007826,LOITER_BRA_02,PA,loiter,0.9955555555555554,cargo,0.9999999868863654,0.0044444444444444444,0.0,0.0,0.0,0.9955555555555554,0.0,0.0,0.0,0.0,0.002430555555555555,0.3,0.0,0.3,Loitering,Cargo
800007826,LOITER_BRA_02,PA,loiter,0.9828333333333334,cargo,0.9999999868831215,0.0033333333333333335,0.0,0.0006666666666666668,0.0027777777777777775,0.9828333333333334,0.0,0.004833333333333334,0.0,0.005555555555555555,0.002430555555555555,0.3,0.0,0.3,Loitering,Cargo
800007826,LOITER_BRA_02,PA,loiter,0.9154999999999998,cargo,0.9999999868831215,0.01472222222222222,0.005555555555555555,0.0033333333333333335,0.005222222222222223,0.9154999999999998,0.0,0.018222222222222223,0.01411111111111111,0.023333333333333334,0.002430555555555555,0.3,0.0,0.3,Loitering,Cargo
800007826,LOITER_BRA_02,PA,anchored,0.8165067309624272,cargo,0.9999999849641819,0.8165067309624272,0.0647560779586096,0.0033333333333333335,0.006888888888888888,0.03528571428571429,0.0,0.04568565400843882,0.021488045007032344,0.006055555555555555,0.002430555555555555,0.3,0.0,0.3,Anchored/Moored,Cargo
800007826,LOITER_BRA_02,PA,anchored,0.9855555555555556,cargo,0.9999999235820086,0.9855555555555556,0.012222222222222221,0.0,0.0,0.0,0.0,0.0022222222222222222,0.0,0.0,0.002430555555555555,0.3,0.0,0.3,Anchored/Moored,Cargo
800007826,LOITER_BRA_02,PA,anchored,0.9892222222222222,cargo,0.9999999050231899,0.9892222222222222,0.008555555555555556,0.0,0.0,0.0,0.0,0.0022222222222222222,0.0,0.0,0.002430555555555555,0.3,0.0,0.3,Anchored/Moored,Cargo
800007826,LOITER_BRA_02,PA,anchored,0.9817222222222222,cargo,0.9999999236056182,0.9817222222222222,0.016055555555555556,0.0,0.0,0.0,0.0,0.0022222222222222222,0.0,0.0,0.002430555555555555,0.3,0.0,0.3,Anchored/Moored,Cargo
800007826,LOITER_BRA_02,PA,anchored,0.8778162547719512,cargo,0.9999999548397189,0.8778162547719512,0.045890998593530234,0.0,0.005222222222222222,0.014166666666666666,0.0,0.04402692384970866,0.009543600562587904,0.0033333333333333335,0.002430555555555555,0.3,0.0,0.3,Anchored/Moored,Cargo
800007826,LOITER_BRA_02,PA,loiter,0.7484776334776334,cargo,0.999999986905052,0.0939920634920635,0.028405228758169934,0.01311437908496732,0.011944444444444445,0.7484776334776334,0.011111111111111112,0.041510695187165776,0.008777777777777778,0.04266666666666667,0.002430555555555555,0.3,0.0,0.3,Loitering,Cargo
800007826,LOITER_BRA_02,PA,loiter,0.9674444444444444,cargo,0.9999999868831215,0.005555555555555555,0.0033333333333333335,0.0,0.0,0.9674444444444444,0.0,0.003611111111111111,0.0011111111111111111,0.018944444444444444,0.002430555555555555,0.3,0.0,0.3,Loitering,Cargo
800007826,LOITER_BRA_02,PA,loiter,0.9922222222222223,cargo,0.9999999868831215,0.0016666666666666668,0.0,0.0,0.0011111111111111111,0.9922222222222223,0.0,0.0,0.0,0.005,0.002430555555555555,0.3,0.0,0.3,Loitering,Cargo
800007826,LOITER_BRA_02,PA,loiter,0.9955555555555554,cargo,0.9999999868863654,0.0,0.0,0.0,0.0,0.9955555555555554,0.0,0.0,0.0,0.004444444444444445,0.002430555555555555,0.3,0.0,0.3,Loitering,Cargo
800007826,LOITER_BRA_02,PA,loiter,0.9994444444444444,cargo,0.9999999868863654,0.0,0.0,0.0,0.0,0.9994444444444444,0.0,0.0005555555555555556,0.0,0.0,0.002430555555555555,0.3,0.0,0.3,Loitering,Cargo
800007826,LOITER_BRA_02,PA,loiter,0.9927777777777779,cargo,0.9999999869082958,0.0016666666666666668,0.0,0.0,0.0022222222222222222,0.9927777777777779,0.0,0.0,0.0,0.0033333333333333335,0.002430555555555555,0.3,0.0,0.3,Loitering,Cargo
800007826,LOITER_BRA_02,PA,loiter,0.9868333333333333,cargo,0.9999999868863654,0.0,0.0,0.0,0.0,0.9868333333333333,0.0,0.0,0.0011111111111111111,0.012055555555555555,0.002430555555555555,0.3,0.0,0.3,Loitering,Cargo
800007826,LOITER_BRA_02,PA,loiter,0.9658888888888887,cargo,0.9999999868863654,0.0,0.0,0.0016666666666666668,0.0,0.9658888888888887,0.0,0.0005555555555555556,0.0016666666666666668,0.03022222222222222,0.002430555555555555,0.3,0.0,0.3,Loitering,Cargo
800007826,LOITER_BRA_02,PA,loiter,0.9763333333333333,cargo,0.9999999868863654,0.0,0.0,0.0016666666666666668,0.0016666666666666668,0.9763333333333333,0.0,0.0005555555555555556,0.0,0.01977777777777778,0.002430555555555555,0.3,0.0,0.3,Loitering,Cargo
800007826,LOITER_BRA_02,PA,loiter,0.9818333333333332,cargo,0.9999999868831215,0.0022222222222222222,0.0011111111111111111,0.0,0.0033333333333333335,0.9818333333333332,0.0,0.0031666666666666666,0.0011111111111111111,0.007222222222222222,0.002430555555555555,0.3,0.0,0.3,Loitering,Cargo
800007826,LOITER_BRA_02,PA,loiter,0.9938888888888887,cargo,0.9999999868863654,0.0027777777777777775,0.0,0.0,0.0,0.9938888888888887,0.0,0.0005555555555555556,0.0,0.0027777777777777775,0.002430555555555555,0.3,0.0,0.3,Loitering,Cargo
800007826,LOITER_BRA_02,PA,loiter,0.9683888888888889,cargo,0.9999999868873717,0.02222222222222222,0.0,0.0006666666666666668,0.0008333333333333334,0.9683888888888889,0.0,0.007333333333333334,0.0,0.0005555555555555556,0.002430555555555555,0.3,0.0,0.3,Loitering,Cargo
800007826,LOITER_BRA_02,PA,loiter,0.9888888888888889,cargo,0.9999999868873717,0.004722222222222221,0.0,0.0,0.006388888888888888,0.9888888888888889,0.0,0.0,0.0,0.0,0.002430555555555555,0.3,0.0,0.3,Loitering,Cargo
800007826,LOITER_BRA_02,PA,loiter,0.995,cargo,0.9999999868863654,0.0,0.0,0.0,0.0033333333333333335,0.995,0.0,0.0,0.0,0.0016666666666666668,0.002430555555555555,0.3,0.0,0.3,Loitering,Cargo
800007826,LOITER_BRA_02,PA,loiter,0.7555674603174602,cargo,0.9999999906678688,0.008666666666666666,0.0011111111111111111,0.005,0.013722222222222224,0.7555674603174602,0.0018888888888888887,0.008888888888888889,0.05683333333333335,0.14832142857142858,0.002430555555555555,0.3,0.0,0.3,Loitering,Cargo
800007826,LOITER_BRA_02,PA,transit,0.9933333333333333,cargo,0.9999998731178977,0.0016666666666666668,0.0,0.0,0.005,0.0,0.0,0.0,0.9933333333333333,0.0,0.002430555555555555,0.3,0.0,0.3,Transit,Cargo
800007826,LOITER_BRA_02,PA,transit,0.9983333333333333,cargo,0.9999999902140814,0.0016666666666666668,0.0,0.0,0.0,0.0,0.0,0.0,0.9983333333333333,0.0,0.002430555555555555,0.3,0.0,0.3,Transit,Cargo
800007826,LOITER_BRA_02,PA,transit,1.0,cargo,0.9999999902039206,0.0,0.0,0.0,0.0,0.0,0.0,0.0,1.0,0.0,0.002430555555555555,0.3,0.0,0.3,Transit,Cargo
800007826,LOITER_BRA_02,PA,transit,1.0,cargo,0.9999999902039113,0.0,0.0,0.0,0.0,0.0,0.0,0.0,1.0,0.0,0.002430555555555555,0.3,0.0,0.3,Transit,Cargo
800007826,LOITER_BRA_02,PA,transit,1.0,cargo,0.9999999902039113,0.0,0.0,0.0,0.0,0.0,0.0,0.0,1.0,0.0,0.002430555555555555,0.3,0.0,0.3,Transit,Cargo
800007826,LOITER_BRA_02,PA,transit,1.0,cargo,0.9999999902039113,0.0,0.0,0.0,0.0,0.0,0.0,0.0,1.0,0.0,0.002430555555555555,0.3,0.0,0.3,Transit,Cargo
800007827,LOITER_BRA_03,ES,transit,1.0,cargo,0.999999990191892,0.0,0.0,0.0,0.0,0.0,0.0,0.0,1.0,0.0,0.002430555555555555,0.0,0.0,0.002430555555555555,Transit,Cargo
800007827,LOITER_BRA_03,ES,transit,1.0,cargo,0.9999999901918689,0.0,0.0,0.0,0.0,0.0,0.0,0.0,1.0,0.0,0.002430555555555555,0.0,0.0,0.002430555555555555,Transit,Cargo
800007827,LOITER_BRA_03,ES,transit,1.0,cargo,0.9999999901918689,0.0,0.0,0.0,0.0,0.0,0.0,0.0,1.0,0.0,0.002430555555555555,0.0,0.0,0.002430555555555555,Transit,Cargo
800007827,LOITER_BRA_03,ES,transit,1.0,cargo,0.9999999901996132,0.0,0.0,0.0,0.0,0.0,0.0,0.0,1.0,0.0,0.002430555555555555,0.0,0.0,0.002430555555555555,Transit,Cargo
800007827,LOITER_BRA_03,ES,transit,1.0,cargo,0.9999999902208837,0.0,0.0,0.0,0.0,0.0,0.0,0.0,1.0,0.0,0.002430555555555555,0.0,0.0,0.002430555555555555,Transit,Cargo
800007827,LOITER_BRA_03,ES,transit,1.0,cargo,0.9999999902082036,0.0,0.0,0.0,0.0,0.0,0.0,0.0,1.0,0.0,0.002430555555555555,0.0,0.0,0.002430555555555555,Transit,Cargo
800007827,LOITER_BRA_03,ES,transit,0.8968055555555559,cargo,0.9999999923825628,0.030932539682539683,0.0,0.0,0.007833333333333333,0.034055555555555554,0.0011111111111111111,0.013341269841269841,0.8968055555555559,0.015920634920634922,0.002430555555555555,0.0,0.0,0.002430555555555555,Transit,Cargo
800007827,LOITER_BRA_03,ES,loiter,0.831218253968254,cargo,0.9999999925676355,0.0025,0.0,0.0,0.014833333333333334,0.831218253968254,0.0027777777777777775,0.007111111111111111,0.04643253968253967,0.09512698412698413,0.002430555555555555,0.0,0.0,0.002430555555555555,Loitering,Cargo
800007827,LOITER_BRA_03,ES,loiter,0.9284563492063493,cargo,0.9999999411752262,0.0,0.0,0.01,0.012777777777777777,0.9284563492063493,0.0,0.0034126984126984124,0.00876984126984127,0.03658333333333333,0.002430555555555555,0.0,0.0,0.002430555555555555,Loitering,Cargo
800007827,LOITER_BRA_03,ES,loiter,0.9788095238095237,cargo,0.9999999722050664,0.0,0.0,0.0,0.0,0.9788095238095237,0.0,0.002857142857142857,0.0,0.01833333333333333,0.002430555555555555,0.0,0.0,0.002430555555555555,Loitering,Cargo
800007827,LOITER_BRA_03,ES,loiter,0.9944444444444444,cargo,0.9999999896832305,0.0,0.0,0.0,0.0,0.9944444444444444,0.0,0.0033333333333333335,0.0,0.0022222222222222222,0.002430555555555555,0.0,0.0,0.002430555555555555,Loitering,Cargo
800007827,LOITER_BRA_03,ES,loiter,0.9842777777777777,cargo,0.9999999897328576,0.006833333333333333,0.0,0.0,0.0022222222222222222,0.9842777777777777,0.0,0.0033333333333333335,0.0,0.0033333333333333335,0.002430555555555555,0.0,0.0,0.002430555555555555,Loitering,Cargo
800007827,LOITER_BRA_03,ES,loiter,0.9983333333333333,cargo,0.9999999896832305,0.0016666666666666668,0.0,0.0,0.0,0.9983333333333333,0.0,0.0,0.0,0.0,0.002430555555555555,0.0,0.0,0.002430555555555555,Loitering,Cargo
800007827,LOITER_BRA_03,ES,loiter,0.9919444444444444,cargo,0.9999999897339052,0.0,0.0,0.0,0.0033333333333333335,0.9919444444444444,0.0,0.0,0.0,0.004722222222222221,0.002430555555555555,0.0,0.0,0.002430555555555555,Loitering,Cargo
800007827,LOITER_BRA_03,ES,loiter,1.0,cargo,0.9999999896821236,0.0,0.0,0.0,0.0,1.0,0.0,0.0,0.0,0.0,0.002430555555555555,0.0,0.0,0.002430555555555555,Loitering,Cargo
800007827,LOITER_BRA_03,ES,loiter,1.0,cargo,0.9999999896832305,0.0,0.0,0.0,0.0,1.0,0.0,0.0,0.0,0.0,0.002430555555555555,0.0,0.0,0.002430555555555555,Loitering,Cargo
800007827,LOITER_BRA_03,ES,loiter,0.9988888888888887,cargo,0.9999999897313733,0.0,0.0,0.0,0.0,0.9988888888888887,0.0,0.0,0.0,0.0011111111111111111,0.002430555555555555,0.0,0.0,0.002430555555555555,Loitering,Cargo
800007827,LOITER_BRA_03,ES,loiter,0.9761507936507936,cargo,0.9999999897050872,0.0,0.0,0.0,0.0,0.9761507936507936,0.0,0.01,0.0,0.01384920634920635,0.002430555555555555,0.0,0.0,0.002430555555555555,Loitering,Cargo
800007827,LOITER_BRA_03,ES,loiter,0.9986666666666667,cargo,0.9999999896795887,0.0,0.0,0.0006666666666666668,0.0,0.9986666666666667,0.0,0.0,0.0,0.0006666666666666668,0.002430555555555555,0.0,0.0,0.002430555555555555,Loitering,Cargo
800007827,LOITER_BRA_03,ES,loiter,1.0,cargo,0.9999999896832305,0.0,0.0,0.0,0.0,1.0,0.0,0.0,0.0,0.0,0.002430555555555555,0.0,0.0,0.002430555555555555,Loitering,Cargo
800007827,LOITER_BRA_03,ES,loiter,0.9958333333333333,cargo,0.9999999896832305,0.0016666666666666668,0.0,0.0,0.0,0.9958333333333333,0.0,0.0,0.0,0.0025,0.002430555555555555,0.0,0.0,0.002430555555555555,Loitering,Cargo
800007827,LOITER_BRA_03,ES,loiter,0.9955555555555554,cargo,0.9999999897353927,0.0016666666666666668,0.0,0.002777777777777778,0.0,0.9955555555555554,0.0,0.0,0.0,0.0,0.002430555555555555,0.0,0.0,0.002430555555555555,Loitering,Cargo
800007827,LOITER_BRA_03,ES,loiter,0.9977777777777778,cargo,0.9999999896832305,0.0,0.0,0.0,0.0022222222222222222,0.9977777777777778,0.0,0.0,0.0,0.0,0.002430555555555555,0.0,0.0,0.002430555555555555,Loitering,Cargo
800007827,LOITER_BRA_03,ES,loiter,1.0,cargo,0.9999999896832305,0.0,0.0,0.0,0.0,1.0,0.0,0.0,0.0,0.0,0.002430555555555555,0.0,0.0,0.002430555555555555,Loitering,Cargo
800007827,LOITER_BRA_03,ES,loiter,0.9977777777777778,cargo,0.9999999896832305,0.0,0.0,0.0,0.0,0.9977777777777778,0.0,0.0,0.0,0.0022222222222222222,0.002430555555555555,0.0,0.0,0.002430555555555555,Loitering,Cargo
800007827,LOITER_BRA_03,ES,loiter,0.9979999999999999,cargo,0.9999999896806956,0.0,0.0,0.0,0.0,0.9979999999999999,0.0,0.0,0.0,0.002,0.002430555555555555,0.0,0.0,0.002430555555555555,Loitering,Cargo
800007827,LOITER_BRA_03,ES,loiter,1.0,cargo,0.9999999896832305,0.0,0.0,0.0,0.0,1.0,0.0,0.0,0.0,0.0,0.002430555555555555,0.0,0.0,0.002430555555555555,Loitering,Cargo
800007827,LOITER_BRA_03,ES,loiter,0.9773333333333333,cargo,0.9999999897353927,0.015444444444444443,0.0,0.0,0.0033333333333333335,0.9773333333333333,0.0,0.0022222222222222222,0.0016666666666666668,0.0,0.002430555555555555,0.0,0.0,0.002430555555555555,Loitering,Cargo
800007827,LOITER_BRA_03,ES,anchored,0.7596428571428572,cargo,0.99999998975985,0.7596428571428572,0.009166666666666667,0.0016666666666666668,0.006666666666666667,0.15345238095238095,0.0,0.054285714285714284,0.00984126984126984,0.005277777777777778,0.002430555555555555,0.0,0.0,0.002430555555555555,Anchored/Moored,Cargo
800007827,LOITER_BRA_03,ES,anchored,0.9116666666666666,cargo,0.9999999882225149,0.9116666666666666,0.029277777777777778,0.0,0.0,0.0,0.0,0.05294444444444444,0.0061111111111111106,0.0,0.002430555555555555,0.0,0.0,0.002430555555555555,Anchored/Moored,Cargo
800007827,LOITER_BRA_03,ES,anchored,0.9632777777777778,cargo,0.9999999734273985,0.9632777777777778,0.009166666666666665,0.0,0.0,0.0,0.0,0.027555555555555552,0.0,0.0,0.002430555555555555,0.0,0.0,0.002430555555555555,Anchored/Moored,Cargo
800007827,LOITER_BRA_03,ES,anchored,0.9893888888888891,cargo,0.99999997342339,0.9893888888888891,0.0008333333333333334,0.0,0.0,0.0,0.0,0.009777777777777778,0.0,0.0,0.002430555555555555,0.0,0.0,0.002430555555555555,Anchored/Moored,Cargo
800007827,LOITER_BRA_03,ES,anchored,0.9187606992163957,cargo,0.9999999733842981,0.9187606992163957,0.0035021097046413503,0.0,0.0,0.003888888888888889,0.0,0.06652692384970865,0.0056547116736990165,0.0016666666666666668,0.002430555555555555,0.0,0.0,0.002430555555555555,Anchored/Moored,Cargo
800007827,LOITER_BRA_03,ES,loiter,0.9597777777777778,cargo,0.99999998979657,0.017388888888888888,0.0,0.0,0.0030555555555555553,0.9597777777777778,0.0,0.006666666666666667,0.0022222222222222222,0.01088888888888889,0.002430555555555555,0.0,0.0,0.002430555555555555,Loitering,Cargo
800007827,LOITER_BRA_03,ES,loiter,0.9977777777777778,cargo,0.9999999896832305,0.0,0.0,0.0,0.0,0.9977777777777778,0.0,0.0,0.0,0.0022222222222222222,0.002430555555555555,0.0,0.0,0.002430555555555555,Loitering,Cargo
800007827,LOITER_BRA_03,ES,loiter,0.9916666666666667,cargo,0.9999999896795887,0.0,0.0,0.0,0.0,0.9916666666666667,0.0,0.0,0.0,0.008333333333333333,0.002430555555555555,0.0,0.0,0.002430555555555555,Loitering,Cargo
800007827,LOITER_BRA_03,ES,loiter,0.9827777777777778,cargo,0.9999999896795887,0.0,0.0,0.002888888888888889,0.0016666666666666668,0.9827777777777778,0.0,0.0022222222222222222,0.0,0.010444444444444445,0.002430555555555555,0.0,0.0,0.002430555555555555,Loitering,Cargo
800007827,LOITER_BRA_03,ES,loiter,0.9955555555555554,cargo,0.9999999896806956,0.0,0.0,0.0,0.0,0.9955555555555554,0.0,0.0,0.0,0.0044444444444444444,0.002430555555555555,0.0,0.0,0.002430555555555555,Loitering,Cargo
800007827,LOITER_BRA_03,ES,loiter,0.9966666666666667,cargo,0.9999999896832305,0.0033333333333333335,0.0,0.0,0.0,0.9966666666666667,0.0,0.0,0.0,0.0,0.002430555555555555,0.0,0.0,0.002430555555555555,Loitering,Cargo
800007827,LOITER_BRA_03,ES,loiter,1.0,cargo,0.9999999896832305,0.0,0.0,0.0,0.0,1.0,0.0,0.0,0.0,0.0,0.002430555555555555,0.0,0.0,0.002430555555555555,Loitering,Cargo
800007827,LOITER_BRA_03,ES,loiter,1.0,cargo,0.9999999896832305,0.0,0.0,0.0,0.0,1.0,0.0,0.0,0.0,0.0,0.002430555555555555,0.0,0.0,0.002430555555555555,Loitering,Cargo
800007827,LOITER_BRA_03,ES,loiter,1.0,cargo,0.9999999896832305,0.0,0.0,0.0,0.0,1.0,0.0,0.0,0.0,0.0,0.002430555555555555,0.0,0.0,0.002430555555555555,Loitering,Cargo
800007827,LOITER_BRA_03,ES,loiter,0.9875,cargo,0.9999999896832305,0.004166666666666667,0.0033333333333333335,0.0033333333333333335,0.0,0.9875,0.0,0.0,0.0,0.0016666666666666668,0.002430555555555555,0.0,0.0,0.002430555555555555,Loitering,Cargo
800007827,LOITER_BRA_03,ES,loiter,0.9955555555555554,cargo,0.9999999896832305,0.0,0.0,0.0,0.0033333333333333335,0.9955555555555554,0.0,0.0,0.0,0.0011111111111111111,0.002430555555555555,0.0,0.0,0.002430555555555555,Loitering,Cargo
800007827,LOITER_BRA_03,ES,loiter,0.9944444444444444,cargo,0.9999999896832305,0.0,0.0,0.0,0.0,0.9944444444444444,0.0,0.0,0.0,0.005555555555555555,0.002430555555555555,0.0,0.0,0.002430555555555555,Loitering,Cargo
800007827,LOITER_BRA_03,ES,loiter,0.9898333333333333,cargo,0.9999999896832305,0.004222222222222222,0.0,0.0,0.0,0.9898333333333333,0.0,0.0006666666666666668,0.0,0.005277777777777778,0.002430555555555555,0.0,0.0,0.002430555555555555,Loitering,Cargo
800007827,LOITER_BRA_03,ES,loiter,1.0,cargo,0.9999999896832305,0.0,0.0,0.0,0.0,1.0,0.0,0.0,0.0,0.0,0.002430555555555555,0.0,0.0,0.002430555555555555,Loitering,Cargo
800007827,LOITER_BRA_03,ES,loiter,0.7743690476190476,cargo,0.9999999905687543,0.023777777777777776,0.006666666666666667,0.0025,0.00861111111111111,0.7743690476190476,0.0005555555555555556,0.013333333333333334,0.12899206349206346,0.04119444444444445,0.002430555555555555,0.0,0.0,0.002430555555555555,Loitering,Cargo
800007827,LOITER_BRA_03,ES,transit,0.9865555555555556,cargo,0.9999999923543991,0.002333333333333333,0.0,0.0,0.0,0.0,0.0,0.01111111111111111,0.9865555555555556,0.0,0.002430555555555555,0.0,0.0,0.002430555555555555,Transit,Cargo
800007827,LOITER_BRA_03,ES,transit,1.0,cargo,0.9999999902082036,0.0,0.0,0.0,0.0,0.0,0.0,0.0,1.0,0.0,0.002430555555555555,0.0,0.0,0.002430555555555555,Transit,Cargo
800007827,LOITER_BRA_03,ES,transit,1.0,cargo,0.9999999901919346,0.0,0.0,0.0,0.0,0.0,0.0,0.0,1.0,0.0,0.002430555555555555,0.0,0.0,0.002430555555555555,Transit,Cargo
800007827,LOITER_BRA_03,ES,transit,1.0,cargo,0.9999999901996498,0.0,0.0,0.0,0.0,0.0,0.0,0.0,1.0,0.0,0.002430555555555555,0.0,0.0,0.002430555555555555,Transit,Cargo
800007827,LOITER_BRA_03,ES,transit,1.0,cargo,0.9999999901996498,0.0,0.0,0.0,0.0,0.0,0.0,0.0,1.0,0.0,0.002430555555555555,0.0,0.0,0.002430555555555555,Transit,Cargo
800007827,LOITER_BRA_03,ES,transit,1.0,cargo,0.9999999902020297,0.0,0.0,0.0,0.0,0.0,0.0,0.0,1.0,0.0,0.002430555555555555,0.0,0.0,0.002430555555555555,Transit,Cargo
900007824,STS_TANKER_0_1,PA,transit,1.0,tanker,0.9999999834487492,0.0,0.0,0.0,0.0,0.0,0.0,0.0,1.0,0.0,0.002430555555555555,0.3,0.19563691647350998,0.3,Transit,Tanker
900007824,STS_TANKER_0_1,PA,transit,1.0,tanker,0.9999999834168858,0.0,0.0,0.0,0.0,0.0,0.0,0.0,1.0,0.0,0.002430555555555555,0.3,0.2,0.3,Transit,Tanker
900007824,STS_TANKER_0_1,PA,transit,1.0,tanker,0.9999999834168858,0.0,0.0,0.0,0.0,0.0,0.0,0.0,1.0,0.0,0.002430555555555555,0.3,0.2,0.3,Transit,Tanker
900007824,STS_TANKER_0_1,PA,transit,1.0,tanker,0.9999999834197244,0.0,0.0,0.0,0.0,0.0,0.0,0.0,1.0,0.0,0.002430555555555555,0.3,0.2,0.3,Transit,Tanker
900007824,STS_TANKER_0_1,PA,transit,1.0,tanker,0.9999999834168425,0.0,0.0,0.0,0.0,0.0,0.0,0.0,1.0,0.0,0.002430555555555555,0.3,0.2,0.3,Transit,Tanker
900007824,STS_TANKER_0_1,PA,transit,0.9962222222222222,tanker,0.9999999834168858,0.0,0.0,0.0,0.0,0.0,0.0,0.0037777777777777775,0.9962222222222222,0.0,0.002430555555555555,0.3,0.2,0.3,Transit,Tanker
900007824,STS_TANKER_0_1,PA,transit,0.9942222222222221,tanker,0.9999999834197244,0.0,0.0,0.0,0.0,0.0,0.0,0.005777777777777778,0.9942222222222221,0.0,0.002430555555555555,0.3,0.2,0.3,Transit,Tanker
900007824,STS_TANKER_0_1,PA,transit,1.0,tanker,0.9999999834197244,0.0,0.0,0.0,0.0,0.0,0.0,0.0,1.0,0.0,0.002430555555555555,0.3,0.2,0.3,Transit,Tanker
900007824,STS_TANKER_0_1,PA,transit,0.9938333333333332,tanker,0.9999999834635345,0.0,0.0,0.0,0.0,0.0008333333333333334,0.0033333333333333335,0.0,0.9938333333333332,0.002,0.002430555555555555,0.3,0.2,0.3,Transit,Tanker
900007824,STS_TANKER_0_1,PA,sts,0.6730476190476189,tanker,0.9999999682203714,0.007055555555555555,0.0016666666666666668,0.0,0.0016666666666666668,0.009444444444444443,0.0,0.6730476190476189,0.29878571428571427,0.008333333333333333,0.002430555555555555,0.3,0.7,0.7,STS Transfer,Tanker
900007824,STS_TANKER_0_1,PA,sts,0.8664582539575095,tanker,0.9999999758936281,0.034728953184649386,0.008740671796144617,0.0035667600373482725,0.013333333333333332,0.020842712842712843,0.0,0.8664582539575095,0.04971026722925457,0.002619047619047619,0.002430555555555555,0.3,0.7,0.7,STS Transfer,Tanker
900007824,STS_TANKER_0_1,PA,sts,0.9311357431349984,tanker,0.999999982633421,0.04093530239099859,0.013745722301195121,0.00261437908496732,0.0,0.00196969696969697,0.0,0.9311357431349984,0.009599156118143461,0.0,0.002430555555555555,0.3,0.7,0.7,STS Transfer,Tanker
900007824,STS_TANKER_0_1,PA,sts,0.7815549350541904,tanker,0.9999999834216553,0.03943530239099859,0.008518449573922397,0.00411437908496732,0.008,0.13238888888888886,0.0033333333333333335,0.7815549350541904,0.014321378340365684,0.008333333333333333,0.002430555555555555,0.3,0.7,0.7,STS Transfer,Tanker
900007824,STS_TANKER_0_1,PA,sts,0.9287800432792989,tanker,0.9999999725051228,0.03626069921639542,0.014856833412306232,0.00261437908496732,0.0021666666666666666,0.010722222222222223,0.0,0.9287800432792989,0.00459915611814346,0.0,0.002430555555555555,0.3,0.7,0.7,STS Transfer,Tanker
900007824,STS_TANKER_0_1,PA,sts,0.863145122644378,tanker,0.9999999665040049,0.07653054048623668,0.03177746833294116,0.00261437908496732,0.005222222222222222,0.011111111111111112,0.0,0.863145122644378,0.00959915611814346,0.0,0.002430555555555555,0.3,0.7,0.7,STS Transfer,Tanker
900007824,STS_TANKER_0_1,PA,sts,0.9395246320238875,tanker,0.9999999716382854,0.018990857946554147,0.024856833412306236,0.00261437908496732,0.0013333333333333335,0.0053030303030303025,0.0,0.9395246320238875,0.005710267229254571,0.0016666666666666668,0.002430555555555555,0.3,0.7,0.7,STS Transfer,Tanker
900007824,STS_TANKER_0_1,PA,transit,0.7591666666666668,tanker,0.999999972309033,0.021055555555555557,0.0075,0.0,0.0006666666666666668,0.012222222222222221,0.0,0.19650000000000004,0.7591666666666668,0.002888888888888889,0.002430555555555555,0.3,0.2,0.3,Transit,Tanker
900007824,STS_TANKER_0_1,PA,transit,0.9946666666666666,tanker,0.9999999834635345,0.004222222222222222,0.0,0.0,0.0,0.0,0.0,0.0011111111111111111,0.9946666666666666,0.0,0.002430555555555555,0.3,0.2,0.3,Transit,Tanker
900007824,STS_TANKER_0_1,PA,transit,1.0,tanker,0.9999999833065157,0.0,0.0,0.0,0.0,0.0,0.0,0.0,1.0,0.0,0.002430555555555555,0.3,0.2,0.3,Transit,Tanker
900007824,STS_TANKER_0_1,PA,transit,1.0,tanker,0.9999999834168858,0.0,0.0,0.0,0.0,0.0,0.0,0.0,1.0,0.0,0.002430555555555555,0.3,0.2,0.3,Transit,Tanker
900007824,STS_TANKER_0_1,PA,transit,1.0,tanker,0.9999999834168425,0.0,0.0,0.0,0.0,0.0,0.0,0.0,1.0,0.0,0.002430555555555555,0.3,0.2,0.3,Transit,Tanker
900007824,STS_TANKER_0_1,PA,transit,1.0,tanker,0.9999999834168858,0.0,0.0,0.0,0.0,0.0,0.0,0.0,1.0,0.0,0.002430555555555555,0.3,0.2,0.3,Transit,Tanker
900007824,STS_TANKER_0_1,PA,transit,1.0,tanker,0.9999999834168858,0.0,0.0,0.0,0.0,0.0,0.0,0.0,1.0,0.0,0.002430555555555555,0.3,0.2,0.3,Transit,Tanker
900007824,STS_TANKER_0_1,PA,transit,1.0,tanker,0.9999999834168858,0.0,0.0,0.0,0.0,0.0,0.0,0.0,1.0,0.0,0.002430555555555555,0.3,0.2,0.3,Transit,Tanker
900007824,STS_TANKER_0_1,PA,transit,1.0,tanker,0.9999999834168858,0.0,0.0,0.0,0.0,0.0,0.0,0.0,1.0,0.0,0.002430555555555555,0.3,0.2,0.3,Transit,Tanker
900007824,STS_TANKER_0_1,PA,transit,0.9977777777777779,tanker,0.9999999834168858,0.0,0.0,0.0,0.0,0.0,0.0,0.0022222222222222222,0.9977777777777779,0.0,0.002430555555555555,0.3,0.2,0.3,Transit,Tanker
900007824,STS_TANKER_0_1,PA,transit,1.0,tanker,0.9999999834168858,0.0,0.0,0.0,0.0,0.0,0.0,0.0,1.0,0.0,0.002430555555555555,0.3,0.2,0.3,Transit,Tanker
900007825,STS_TANKER_0_2,VU,transit,0.9944444444444446,tanker,0.9999999836921791,0.005555555555555555,0.0,0.0,0.0,0.0,0.0,0.0,0.9944444444444446,0.0,0.002430555555555555,0.3,0.2,0.3,Transit,Tanker
900007825,STS_TANKER_0_2,VU,transit,1.0,tanker,0.9999999834186732,0.0,0.0,0.0,0.0,0.0,0.0,0.0,1.0,0.0,0.002430555555555555,0.3,0.2,0.3,Transit,Tanker
900007825,STS_TANKER_0_2,VU,transit,1.0,tanker,0.9999999834187032,0.0,0.0,0.0,0.0,0.0,0.0,0.0,1.0,0.0,0.002430555555555555,0.3,0.1994326518800577,0.3,Transit,Tanker
900007825,STS_TANKER_0_2,VU,transit,1.0,tanker,0.9999999834186732,0.0,0.0,0.0,0.0,0.0,0.0,0.0,1.0,0.0,0.002430555555555555,0.3,0.1982994545472339,0.3,Transit,Tanker
900007825,STS_TANKER_0_2,VU,transit,1.0,tanker,0.9999999834186732,0.0,0.0,0.0,0.0,0.0,0.0,0.0,1.0,0.0,0.002430555555555555,0.3,0.19803703378777737,0.3,Transit,Tanker
900007825,STS_TANKER_0_2,VU,transit,1.0,tanker,0.9999999834186732,0.0,0.0,0.0,0.0,0.0,0.0,0.0,1.0,0.0,0.002430555555555555,0.3,0.19811083505861762,0.3,Transit,Tanker
900007825,STS_TANKER_0_2,VU,transit,1.0,tanker,0.9999999834158346,0.0,0.0,0.0,0.0,0.0,0.0,0.0,1.0,0.0,0.002430555555555555,0.3,0.19789844236262155,0.3,Transit,Tanker
900007825,STS_TANKER_0_2,VU,transit,1.0,tanker,0.999999982878005,0.0,0.0,0.0,0.0,0.0,0.0,0.0,1.0,0.0,0.002430555555555555,0.3,0.19639041958798367,0.3,Transit,Tanker
900007825,STS_TANKER_0_2,VU,transit,1.0,tanker,0.9999999833054943,0.0,0.0,0.0,0.0,0.0,0.0,0.0,1.0,0.0,0.002430555555555555,0.3,0.1944024949473223,0.3,Transit,Tanker
900007825,STS_TANKER_0_2,VU,sts,0.6660427968655817,tanker,0.9999999702182909,0.010490857946554149,0.004335443037974684,0.0,0.0044444444444444444,0.009277777777777777,0.0,0.6660427968655817,0.303186457705445,0.0022222222222222222,0.002430555555555555,0.3,0.693084501811182,0.693084501811182,STS Transfer,Tanker
900007825,STS_TANKER_0_2,VU,sts,0.8427042857035412,tanker,0.9999999788167133,0.010490857946554149,0.03901844957392239,0.0037254901960784314,0.010833333333333332,0.005803030303030302,0.0,0.8427042857035412,0.08575788627687363,0.0016666666666666668,0.002430555555555555,0.3,0.6926224444024454,0.6926224444024454,STS Transfer,Tanker
900007825,STS_TANKER_0_2,VU,sts,0.9166039971032526,tanker,0.9999999671601383,0.013435302390998594,0.0009679445234173454,0.0018921568627450979,0.008,0.039890331890331886,0.0,0.9166039971032526,0.012043600562587903,0.007166666666666667,0.002430555555555555,0.3,0.6926306084206146,0.6926306084206146,STS Transfer,Tanker
900007825,STS_TANKER_0_2,VU,sts,0.9581609956602511,tanker,0.999999983623181,0.018935302390998596,0.0009679445234173454,0.000392156862745098,0.0018888888888888887,0.01338888888888889,0.0,0.9581609956602511,0.003765822784810127,0.0025,0.002430555555555555,0.3,0.6925564353908609,0.6925564353908609,STS Transfer,Tanker
900007825,STS_TANKER_0_2,VU,sts,0.7959625829618382,tanker,0.9999999714414544,0.14387974683544305,0.055833023888496716,0.000392156862745098,0.0,0.0,0.0,0.7959625829618382,0.003932489451476793,0.0,0.002430555555555555,0.3,0.6924279647874967,0.6924279647874967,STS Transfer,Tanker
900007825,STS_TANKER_0_2,VU,sts,0.8965260750253302,tanker,0.999999955261121,0.0561495881052843,0.04566635722183003,0.000392156862745098,0.0,0.0,0.0,0.8965260750253302,0.0012658227848101266,0.0,0.002430555555555555,0.3,0.6923053173994291,0.6923053173994291,STS Transfer,Tanker
900007825,STS_TANKER_0_2,VU,sts,0.9327244877237432,tanker,0.9999999700495315,0.03222101667671287,0.005134611190084013,0.000392156862745098,0.0011111111111111111,0.009650793650793651,0.0,0.9327244877237432,0.0059880450070323495,0.012777777777777779,0.002430555555555555,0.3,0.6921677249735028,0.6921677249735028,STS Transfer,Tanker
900007825,STS_TANKER_0_2,VU,transit,0.757170584689572,tanker,0.9999999740910204,0.018157524613220812,0.014279887482419125,0.0,0.0,0.004166666666666667,0.0016666666666666668,0.20289200321478804,0.757170584689572,0.0016666666666666668,0.002430555555555555,0.3,0.1917453272287567,0.3,Transit,Tanker
900007825,STS_TANKER_0_2,VU,transit,0.9977777777777778,tanker,0.9999999834553812,0.0011111111111111111,0.0,0.0,0.0,0.0,0.0,0.0011111111111111111,0.9977777777777778,0.0,0.002430555555555555,0.3,0.19048747267624333,0.3,Transit,Tanker
900007825,STS_TANKER_0_2,VU,transit,1.0,tanker,0.9999999834186732,0.0,0.0,0.0,0.0,0.0,0.0,0.0,1.0,0.0,0.002430555555555555,0.3,0.1883004929860042,0.3,Transit,Tanker
900007825,STS_TANKER_0_2,VU,transit,1.0,tanker,0.9999999834158346,0.0,0.0,0.0,0.0,0.0,0.0,0.0,1.0,0.0,0.002430555555555555,0.3,0.1859606282682985,0.3,Transit,Tanker
900007825,STS_TANKER_0_2,VU,transit,1.0,tanker,0.9999999834158346,0.0,0.0,0.0,0.0,0.0,0.0,0.0,1.0,0.0,0.002430555555555555,0.3,0.1835840871499671,0.3,Transit,Tanker
900007825,STS_TANKER_0_2,VU,transit,1.0,tanker,0.9999999834158346,0.0,0.0,0.0,0.0,0.0,0.0,0.0,1.0,0.0,0.002430555555555555,0.3,0.18066686432122384,0.3,Transit,Tanker
900007825,STS_TANKER_0_2,VU,transit,1.0,tanker,0.9999999836911657,0.0,0.0,0.0,0.0,0.0,0.0,0.0,1.0,0.0,0.002430555555555555,0.3,0.17717396778452912,0.3,Transit,Tanker
900007825,STS_TANKER_0_2,VU,transit,1.0,tanker,0.9999999836911657,0.0,0.0,0.0,0.0,0.0,0.0,0.0,1.0,0.0,0.002430555555555555,0.3,0.17357703683232498,0.3,Transit,Tanker
900007825,STS_TANKER_0_2,VU,transit,1.0,tanker,0.9999999834466864,0.0,0.0,0.0,0.0,0.0,0.0,0.0,1.0,0.0,0.002430555555555555,0.3,0.17072694492385176,0.3,Transit,Tanker
900007825,STS_TANKER_0_2,VU,transit,1.0,tanker,0.9999999834158346,0.0,0.0,0.0,0.0,0.0,0.0,0.0,1.0,0.0,0.002430555555555555,0.3,0.16855735806714542,0.3,Transit,Tanker
900007825,STS_TANKER_0_2,VU,transit,0.9983333333333333,tanker,0.9999999834158346,0.0,0.0,0.0,0.0,0.0,0.0,0.0016666666666666668,0.9983333333333333,0.0,0.002430555555555555,0.3,0.16627696652391286,0.3,Transit,Tanker
900007834,STS_TANKER_1_1,PA,transit,1.0,tanker,0.9999999769408386,0.0,0.0,0.0,0.0,0.0,0.0,0.0,1.0,0.0,0.002430555555555555,0.3,0.2,0.3,Transit,Tanker
900007834,STS_TANKER_1_1,PA,transit,1.0,tanker,0.9999999776647248,0.0,0.0,0.0,0.0,0.0,0.0,0.0,1.0,0.0,0.002430555555555555,0.3,0.2,0.3,Transit,Tanker
900007834,STS_TANKER_1_1,PA,transit,1.0,tanker,0.9999999776646664,0.0,0.0,0.0,0.0,0.0,0.0,0.0,1.0,0.0,0.002430555555555555,0.3,0.1998356792950906,0.3,Transit,Tanker
900007834,STS_TANKER_1_1,PA,transit,1.0,tanker,0.9999999776646664,0.0,0.0,0.0,0.0,0.0,0.0,0.0,1.0,0.0,0.002430555555555555,0.3,0.1990547848057533,0.3,Transit,Tanker
900007834,STS_TANKER_1_1,PA,transit,1.0,tanker,0.999999977516071,0.0,0.0,0.0,0.0,0.0,0.0,0.0,1.0,0.0,0.002430555555555555,0.3,0.19787775038141406,0.3,Transit,Tanker
900007834,STS_TANKER_1_1,PA,transit,1.0,tanker,0.9999999769408386,0.0,0.0,0.0,0.0,0.0,0.0,0.0,1.0,0.0,0.002430555555555555,0.3,0.1955245184405274,0.3,Transit,Tanker
900007834,STS_TANKER_1_1,PA,transit,1.0,tanker,0.9999999780357505,0.0,0.0,0.0,0.0,0.0,0.0,0.0,1.0,0.0,0.002430555555555555,0.3,0.19269965804845243,0.3,Transit,Tanker
900007834,STS_TANKER_1_1,PA,transit,1.0,tanker,0.9999999780357505,0.0,0.0,0.0,0.0,0.0,0.0,0.0,1.0,0.0,0.002430555555555555,0.3,0.1911959608706144,0.3,Transit,Tanker
900007834,STS_TANKER_1_1,PA,transit,0.9983333333333333,tanker,0.9999999778193533,0.0,0.0,0.0,0.0,0.0,0.0,0.0016666666666666668,0.9983333333333333,0.0,0.002430555555555555,0.3,0.19095468730037404,0.3,Transit,Tanker
900007834,STS_TANKER_1_1,PA,sts,0.7672063492063491,tanker,0.9999999671969668,0.021738095238095237,0.0016666666666666668,0.0,0.0,0.006666666666666667,0.0,0.7672063492063491,0.19130158730158736,0.01142063492063492,0.002430555555555555,0.3,0.690725795187481,0.690725795187481,STS Transfer,Tanker
900007834,STS_TANKER_1_1,PA,sts,0.8699899999892553,tanker,0.9999999620731942,0.05360196905766526,0.04428035433582716,0.000392156862745098,0.0,0.0031919191919191916,0.0,0.8699899999892553,0.02687693389592124,0.0016666666666666668,0.002430555555555555,0.3,0.6904327730044053,0.6904327730044053,STS Transfer,Tanker
900007834,STS_TANKER_1_1,PA,sts,0.9894943289935845,tanker,0.9999999694209212,0.006768635724331927,0.0020790556345284565,0.000392156862745098,0.0,0.0,0.0,0.9894943289935845,0.0012658227848101266,0.0,0.002430555555555555,0.3,0.6902586695715812,0.6902586695715812,STS Transfer,Tanker
900007834,STS_TANKER_1_1,PA,sts,0.9656054401046955,tanker,0.9999999694280552,0.019268635724331927,0.013467944523417345,0.000392156862745098,0.0,0.0,0.0,0.9656054401046955,0.0012658227848101266,0.0,0.002430555555555555,0.3,0.6901229681886493,0.6901229681886493,STS Transfer,Tanker
900007834,STS_TANKER_1_1,PA,sts,0.9523276623269177,tanker,0.9999999525583625,0.024268635724331928,0.019079055634528455,0.000392156862745098,0.0,0.0,0.0,0.9523276623269177,0.003932489451476793,0.0,0.002430555555555555,0.3,0.6899777782431209,0.6899777782431209,STS Transfer,Tanker
900007834,STS_TANKER_1_1,PA,sts,0.9429387734380286,tanker,0.9999999694280552,0.0359353023909986,0.016467944523417346,0.000392156862745098,0.0,0.0016666666666666668,0.0,0.9429387734380286,0.00259915611814346,0.0,0.002430555555555555,0.3,0.689803942430571,0.689803942430571,STS Transfer,Tanker
900007834,STS_TANKER_1_1,PA,sts,0.9774387734380289,tanker,0.999999960516627,0.008768635724331926,0.00930127785675068,0.000392156862745098,0.0,0.0006666666666666668,0.0,0.9774387734380289,0.003432489451476794,0.0,0.002430555555555555,0.3,0.6896153707449101,0.6896153707449101,STS Transfer,Tanker
900007834,STS_TANKER_1_1,PA,transit,0.7628650793650792,tanker,0.9999999687356135,0.02744444444444445,0.02488888888888889,0.0,0.003444444444444445,0.007611111111111111,0.0,0.17141269841269838,0.7628650793650792,0.002333333333333333,0.002430555555555555,0.3,0.188927652945865,0.3,Transit,Tanker
900007834,STS_TANKER_1_1,PA,transit,0.989888888888889,tanker,0.9999999777368385,0.0011111111111111111,0.0,0.0,0.0022222222222222222,0.0,0.0016666666666666668,0.0051111111111111105,0.989888888888889,0.0,0.002430555555555555,0.3,0.18679213541991704,0.3,Transit,Tanker
900007834,STS_TANKER_1_1,PA,transit,1.0,tanker,0.9999999777318311,0.0,0.0,0.0,0.0,0.0,0.0,0.0,1.0,0.0,0.002430555555555555,0.3,0.18386476385763262,0.3,Transit,Tanker
900007834,STS_TANKER_1_1,PA,transit,1.0,tanker,0.999999977668548,0.0,0.0,0.0,0.0,0.0,0.0,0.0,1.0,0.0,0.002430555555555555,0.3,0.18153102449040248,0.3,Transit,Tanker
900007834,STS_TANKER_1_1,PA,transit,1.0,tanker,0.9999999776647248,0.0,0.0,0.0,0.0,0.0,0.0,0.0,1.0,0.0,0.002430555555555555,0.3,0.1803944004356799,0.3,Transit,Tanker
900007834,STS_TANKER_1_1,PA,transit,0.9567222222222221,tanker,0.9999999780356923,0.043277777777777776,0.0,0.0,0.0,0.0,0.0,0.0,0.9567222222222221,0.0,0.002430555555555555,0.3,0.18027113098476877,0.3,Transit,Tanker
900007834,STS_TANKER_1_1,PA,transit,1.0,tanker,0.9999999777018407,0.0,0.0,0.0,0.0,0.0,0.0,0.0,1.0,0.0,0.002430555555555555,0.3,0.18091648545551928,0.3,Transit,Tanker
900007834,STS_TANKER_1_1,PA,transit,1.0,tanker,0.9999999776646664,0.0,0.0,0.0,0.0,0.0,0.0,0.0,1.0,0.0,0.002430555555555555,0.3,0.18237929288934643,0.3,Transit,Tanker
900007834,STS_TANKER_1_1,PA,transit,1.0,tanker,0.9999999776647248,0.0,0.0,0.0,0.0,0.0,0.0,0.0,1.0,0.0,0.002430555555555555,0.3,0.1842531255838256,0.3,Transit,Tanker
900007834,STS_TANKER_1_1,PA,transit,1.0,tanker,0.999999977668548,0.0,0.0,0.0,0.0,0.0,0.0,0.0,1.0,0.0,0.002430555555555555,0.3,0.1854124169513477,0.3,Transit,Tanker
900007834,STS_TANKER_1_1,PA,transit,1.0,tanker,0.999999977668548,0.0,0.0,0.0,0.0,0.0,0.0,0.0,1.0,0.0,0.002430555555555555,0.3,0.1854584557153951,0.3,Transit,Tanker
900007835,STS_TANKER_1_2,VU,transit,0.9979999999999999,tanker,0.9999999770020612,0.0,0.0,0.0,0.0,0.0,0.0,0.002,0.9979999999999999,0.0,0.002430555555555555,0.3,0.2,0.3,Transit,Tanker
900007835,STS_TANKER_1_2,VU,transit,0.9973333333333333,tanker,0.9999999770020961,0.0,0.0,0.0,0.0,0.0,0.0,0.002666666666666667,0.9973333333333333,0.0,0.002430555555555555,0.3,0.2,0.3,Transit,Tanker
900007835,STS_TANKER_1_2,VU,transit,0.9983333333333333,tanker,0.999999977002041,0.0,0.0,0.0,0.0,0.0,0.0,0.0016666666666666668,0.9983333333333333,0.0,0.002430555555555555,0.3,0.2,0.3,Transit,Tanker
900007835,STS_TANKER_1_2,VU,transit,0.9983333333333333,tanker,0.999999977002041,0.0,0.0,0.0,0.0,0.0,0.0,0.0016666666666666668,0.9983333333333333,0.0,0.002430555555555555,0.3,0.2,0.3,Transit,Tanker
900007835,STS_TANKER_1_2,VU,transit,0.9983333333333333,tanker,0.999999977002041,0.0,0.0,0.0,0.0,0.0,0.0,0.0016666666666666668,0.9983333333333333,0.0,0.002430555555555555,0.3,0.2,0.3,Transit,Tanker
900007835,STS_TANKER_1_2,VU,transit,1.0,tanker,0.999999977002041,0.0,0.0,0.0,0.0,0.0,0.0,0.0,1.0,0.0,0.002430555555555555,0.3,0.19653257562792426,0.3,Transit,Tanker
900007835,STS_TANKER_1_2,VU,transit,1.0,tanker,0.999999977002041,0.0,0.0,0.0,0.0,0.0,0.0,0.0,1.0,0.0,0.002430555555555555,0.3,0.19308396998117627,0.3,Transit,Tanker
900007835,STS_TANKER_1_2,VU,transit,0.9983333333333333,tanker,0.9999999769991509,0.0,0.0,0.0,0.0,0.0,0.0,0.0016666666666666668,0.9983333333333333,0.0,0.002430555555555555,0.3,0.1901463611319705,0.3,Transit,Tanker
900007835,STS_TANKER_1_2,VU,transit,0.9972222222222221,tanker,0.9999999771577323,0.0,0.0,0.0,0.0,0.0,0.0,0.0027777777777777775,0.9972222222222221,0.0,0.002430555555555555,0.3,0.1868557019074577,0.3,Transit,Tanker
900007835,STS_TANKER_1_2,VU,sts,0.5318452380952381,tanker,0.9999999742497536,0.007555555555555555,0.0,0.0,0.0031666666666666666,0.018055555555555554,0.0,0.5318452380952381,0.42871031746031735,0.010666666666666668,0.002430555555555555,0.3,0.6839195775647107,0.6839195775647107,STS Transfer,Tanker
900007835,STS_TANKER_1_2,VU,sts,0.8092519047511603,tanker,0.999999960284254,0.057101969057665264,0.034074005129477954,0.0037254901960784314,0.011666666666666665,0.013525252525252525,0.0,0.8092519047511603,0.06665471167369902,0.004,0.002430555555555555,0.3,0.6825302842179992,0.6825302842179992,STS Transfer,Tanker
900007835,STS_TANKER_1_2,VU,sts,0.8969943289935844,tanker,0.9999999751102566,0.048879746835443036,0.03863461119008401,0.000392156862745098,0.0,0.002777777777777778,0.0,0.8969943289935844,0.012321378340365681,0.0,0.002430555555555555,0.3,0.6821488716377997,0.6821488716377997,STS Transfer,Tanker
900007835,STS_TANKER_1_2,VU,sts,0.8673276623269176,tanker,0.9999999750703084,0.08237974683544302,0.02630127785675068,0.000392156862745098,0.0,0.006111111111111111,0.0,0.8673276623269176,0.017488045007032348,0.0,0.002430555555555555,0.3,0.6819760933842637,0.6819760933842637,STS Transfer,Tanker
900007835,STS_TANKER_1_2,VU,sts,0.7946213131205684,tanker,0.9999999751070872,0.1282686357243319,0.07089651595198877,0.000392156862745098,0.0,0.0,0.0,0.7946213131205684,0.005821378340365681,0.0,0.002430555555555555,0.3,0.6817895439276261,0.6817895439276261,STS Transfer,Tanker
900007835,STS_TANKER_1_2,VU,sts,0.6418324845089549,tanker,0.9999999751730071,0.23422222222222222,0.10983091418385536,0.000392156862745098,0.0033333333333333335,0.0,0.0,0.6418324845089549,0.010388888888888888,0.0,0.002430555555555555,0.3,0.6815492512012808,0.6815492512012808,STS Transfer,Tanker
900007835,STS_TANKER_1_2,VU,sts,0.9342165512158067,tanker,0.9999999451039377,0.033713080168776374,0.017356833412306233,0.000392156862745098,0.0,0.004444444444444445,0.0,0.9342165512158067,0.00821026722925457,0.0016666666666666668,0.002430555555555555,0.3,0.681355172298729,0.681355172298729,STS Transfer,Tanker
900007835,STS_TANKER_1_2,VU,transit,0.7279801587301589,tanker,0.9999997865017581,0.028865079365079368,0.01861111111111111,0.0,0.0006666666666666668,0.034833333333333334,0.0,0.17782142857142855,0.7279801587301589,0.011222222222222222,0.002430555555555555,0.3,0.1812540232638493,0.3,Transit,Tanker
900007835,STS_TANKER_1_2,VU,transit,0.9938888888888887,tanker,0.9999999773651128,0.0016666666666666668,0.0,0.0,0.0,0.0,0.0,0.004444444444444445,0.9938888888888887,0.0,0.002430555555555555,0.3,0.1813440249390382,0.3,Transit,Tanker
900007835,STS_TANKER_1_2,VU,transit,0.9983333333333333,tanker,0.999999977002041,0.0,0.0,0.0,0.0,0.0,0.0,0.0016666666666666668,0.9983333333333333,0.0,0.002430555555555555,0.3,0.18164955658188128,0.3,Transit,Tanker
900007835,STS_TANKER_1_2,VU,transit,0.9983333333333333,tanker,0.999999977002041,0.0,0.0,0.0,0.0,0.0,0.0,0.0016666666666666668,0.9983333333333333,0.0,0.002430555555555555,0.3,0.18149250359673894,0.3,Transit,Tanker
900007835,STS_TANKER_1_2,VU,transit,0.9487777777777777,tanker,0.9999999770020623,0.049555555555555554,0.0016666666666666668,0.0,0.0,0.0,0.0,0.0,0.9487777777777777,0.0,0.002430555555555555,0.3,0.18116220231342298,0.3,Transit,Tanker
900007835,STS_TANKER_1_2,VU,transit,1.0,tanker,0.9999999770020073,0.0,0.0,0.0,0.0,0.0,0.0,0.0,1.0,0.0,0.002430555555555555,0.3,0.18165314610754657,0.3,Transit,Tanker
900007835,STS_TANKER_1_2,VU,transit,0.9983333333333333,tanker,0.9999999769991509,0.0,0.0,0.0,0.0,0.0,0.0,0.0016666666666666668,0.9983333333333333,0.0,0.002430555555555555,0.3,0.18270984571953025,0.3,Transit,Tanker
900007835,STS_TANKER_1_2,VU,transit,0.9983333333333333,tanker,0.9999999769991509,0.0,0.0,0.0,0.0,0.0,0.0,0.0016666666666666668,0.9983333333333333,0.0,0.002430555555555555,0.3,0.1836660458250525,0.3,Transit,Tanker
900007835,STS_TANKER_1_2,VU,transit,1.0,tanker,0.9999999768954585,0.0,0.0,0.0,0.0,0.0,0.0,0.0,1.0,0.0,0.002430555555555555,0.3,0.18462513811384798,0.3,Transit,Tanker
900007835,STS_TANKER_1_2,VU,transit,1.0,tanker,0.9999999773568732,0.0,0.0,0.0,0.0,0.0,0.0,0.0,1.0,0.0,0.002430555555555555,0.3,0.18657159165829296,0.3,Transit,Tanker
900007835,STS_TANKER_1_2,VU,transit,1.0,tanker,0.9999999773568732,0.0,0.0,0.0,0.0,0.0,0.0,0.0,1.0,0.0,0.002430555555555555,0.3,0.18916012078357444,0.3,Transit,Tanker
900007844,STS_TANKER_2_1,PA,transit,1.0,tanker,0.9999999763007602,0.0,0.0,0.0,0.0,0.0,0.0,0.0,1.0,0.0,0.002430555555555555,0.3,0.18198620314432756,0.3,Transit,Tanker
900007844,STS_TANKER_2_1,PA,transit,1.0,tanker,0.99999997639355,0.0,0.0,0.0,0.0,0.0,0.0,0.0,1.0,0.0,0.002430555555555555,0.3,0.18154194494191847,0.3,Transit,Tanker
900007844,STS_TANKER_2_1,PA,transit,1.0,tanker,0.999999976393596,0.0,0.0,0.0,0.0,0.0,0.0,0.0,1.0,0.0,0.002430555555555555,0.3,0.18098594435018764,0.3,Transit,Tanker
900007844,STS_TANKER_2_1,PA,transit,1.0,tanker,0.9999999763917763,0.0,0.0,0.0,0.0,0.0,0.0,0.0,1.0,0.0,0.002430555555555555,0.3,0.18162563296797396,0.3,Transit,Tanker
900007844,STS_TANKER_2_1,PA,transit,1.0,tanker,0.9999999763917545,0.0,0.0,0.0,0.0,0.0,0.0,0.0,1.0,0.0,0.002430555555555555,0.3,0.18307345537765415,0.3,Transit,Tanker
900007844,STS_TANKER_2_1,PA,transit,1.0,tanker,0.9999999764259394,0.0,0.0,0.0,0.0,0.0,0.0,0.0,1.0,0.0,0.002430555555555555,0.3,0.1845378103542029,0.3,Transit,Tanker
900007844,STS_TANKER_2_1,PA,transit,1.0,tanker,0.9999999764480004,0.0,0.0,0.0,0.0,0.0,0.0,0.0,1.0,0.0,0.002430555555555555,0.3,0.1862140039098401,0.3,Transit,Tanker
900007844,STS_TANKER_2_1,PA,transit,1.0,tanker,0.9999999763935744,0.0,0.0,0.0,0.0,0.0,0.0,0.0,1.0,0.0,0.002430555555555555,0.3,0.188759506266734,0.3,Transit,Tanker
900007844,STS_TANKER_2_1,PA,transit,0.9966666666666667,tanker,0.9999999763007849,0.0,0.0,0.0,0.0,0.0,0.0,0.0033333333333333335,0.9966666666666667,0.0,0.002430555555555555,0.3,0.19198887258882558,0.3,Transit,Tanker
900007844,STS_TANKER_2_1,PA,sts,0.7039166666666666,tanker,0.9999999664316646,0.007222222222222222,0.0016666666666666668,0.0,0.004166666666666667,0.004722222222222221,0.0,0.7039166666666666,0.2733055555555555,0.004999999999999999,0.002430555555555555,0.3,0.6946062702442231,0.6946062702442231,STS Transfer,Tanker
900007844,STS_TANKER_2_1,PA,sts,0.8266804761797318,tanker,0.9999999526184487,0.02943530239099859,0.042050195605668424,0.000392156862745098,0.010277777777777776,0.013556998556998554,0.0,0.8266804761797318,0.07232931484830221,0.005277777777777778,0.002430555555555555,0.3,0.6958218776134327,0.6958218776134327,STS Transfer,Tanker
900007844,STS_TANKER_2_1,PA,sts,0.922580187579443,tanker,0.9999999745389074,0.016657524613220818,0.03974572230119512,0.000392156862745098,0.0,0.002525252525252525,0.0,0.922580187579443,0.01809915611814346,0.0,0.002430555555555555,0.3,0.6961294978978608,0.6961294978978608,STS Transfer,Tanker
900007844,STS_TANKER_2_1,PA,sts,0.9523832178824734,tanker,0.9999999745020529,0.022657524613220816,0.011634611190084012,0.000392156862745098,0.0,0.0016666666666666668,0.0,0.9523832178824734,0.009599156118143461,0.0016666666666666668,0.002430555555555555,0.3,0.6963084673886829,0.6963084673886829,STS Transfer,Tanker
900007844,STS_TANKER_2_1,PA,sts,0.9619943289935844,tanker,0.9999999745031849,0.02121308016877637,0.007634611190084013,0.000392156862745098,0.0,0.0033333333333333335,0.0,0.9619943289935844,0.005432489451476793,0.0,0.002430555555555555,0.3,0.6964597986370623,0.6964597986370623,STS Transfer,Tanker
900007844,STS_TANKER_2_1,PA,sts,0.9592165512158065,tanker,0.9999999744981303,0.02093530239099859,0.009023500078972901,0.000392156862745098,0.0,0.005,0.0,0.9592165512158065,0.005432489451476793,0.0,0.002430555555555555,0.3,0.6965839608616865,0.6965839608616865,STS Transfer,Tanker
900007844,STS_TANKER_2_1,PA,sts,0.9631054401046955,tanker,0.9999999501985972,0.017046413502109704,0.009856833412306237,0.000392156862745098,0.0,0.005,0.0,0.9631054401046955,0.0012658227848101266,0.0033333333333333335,0.002430555555555555,0.3,0.6967454861777562,0.6967454861777562,STS Transfer,Tanker
900007844,STS_TANKER_2_1,PA,transit,0.8161388888888887,tanker,0.9999999665741539,0.02008730158730159,0.00861111111111111,0.0,0.0013333333333333335,0.010277777777777778,0.0,0.1395515873015873,0.8161388888888887,0.004,0.002430555555555555,0.3,0.19720759044472058,0.3,Transit,Tanker
900007844,STS_TANKER_2_1,PA,transit,0.9966666666666667,tanker,0.9999999764740343,0.0,0.0,0.0,0.0,0.0,0.0,0.0033333333333333335,0.9966666666666667,0.0,0.002430555555555555,0.3,0.198346904199207,0.3,Transit,Tanker
900007844,STS_TANKER_2_1,PA,transit,1.0,tanker,0.9999999763935744,0.0,0.0,0.0,0.0,0.0,0.0,0.0,1.0,0.0,0.002430555555555555,0.3,0.19964632683341868,0.3,Transit,Tanker
900007844,STS_TANKER_2_1,PA,transit,1.0,tanker,0.9999999763935529,0.0,0.0,0.0,0.0,0.0,0.0,0.0,1.0,0.0,0.002430555555555555,0.3,0.2,0.3,Transit,Tanker
900007844,STS_TANKER_2_1,PA,transit,1.0,tanker,0.9999999763935529,0.0,0.0,0.0,0.0,0.0,0.0,0.0,1.0,0.0,0.002430555555555555,0.3,0.2,0.3,Transit,Tanker
900007844,STS_TANKER_2_1,PA,transit,1.0,tanker,0.9999999763935529,0.0,0.0,0.0,0.0,0.0,0.0,0.0,1.0,0.0,0.002430555555555555,0.3,0.2,0.3,Transit,Tanker
900007844,STS_TANKER_2_1,PA,transit,1.0,tanker,0.9999999763935744,0.0,0.0,0.0,0.0,0.0,0.0,0.0,1.0,0.0,0.002430555555555555,0.3,0.2,0.3,Transit,Tanker
900007844,STS_TANKER_2_1,PA,transit,1.0,tanker,0.9999999759149855,0.0,0.0,0.0,0.0,0.0,0.0,0.0,1.0,0.0,0.002430555555555555,0.3,0.2,0.3,Transit,Tanker
900007844,STS_TANKER_2_1,PA,transit,1.0,tanker,0.9999999763935744,0.0,0.0,0.0,0.0,0.0,0.0,0.0,1.0,0.0,0.002430555555555555,0.3,0.2,0.3,Transit,Tanker
900007844,STS_TANKER_2_1,PA,transit,1.0,tanker,0.9999999757858992,0.0,0.0,0.0,0.0,0.0,0.0,0.0,1.0,0.0,0.002430555555555555,0.3,0.2,0.3,Transit,Tanker
900007844,STS_TANKER_2_1,PA,transit,1.0,tanker,0.9999999764481226,0.0,0.0,0.0,0.0,0.0,0.0,0.0,1.0,0.0,0.002430555555555555,0.3,0.2,0.3,Transit,Tanker
900007845,STS_TANKER_2_2,VU,transit,1.0,tanker,0.9999999714266276,0.0,0.0,0.0,0.0,0.0,0.0,0.0,1.0,0.0,0.002430555555555555,0.3,0.1767444485074502,0.3,Transit,Tanker
900007845,STS_TANKER_2_2,VU,transit,1.0,tanker,0.9999999714267022,0.0,0.0,0.0,0.0,0.0,0.0,0.0,1.0,0.0,0.002430555555555555,0.3,0.1727460005965246,0.3,Transit,Tanker
900007845,STS_TANKER_2_2,VU,transit,1.0,tanker,0.9999999714267022,0.0,0.0,0.0,0.0,0.0,0.0,0.0,1.0,0.0,0.002430555555555555,0.3,0.16902107616836326,0.3,Transit,Tanker
900007845,STS_TANKER_2_2,VU,transit,1.0,tanker,0.9999999714267022,0.0,0.0,0.0,0.0,0.0,0.0,0.0,1.0,0.0,0.002430555555555555,0.3,0.16533246845535876,0.3,Transit,Tanker
900007845,STS_TANKER_2_2,VU,transit,1.0,tanker,0.9999999714315931,0.0,0.0,0.0,0.0,0.0,0.0,0.0,1.0,0.0,0.002430555555555555,0.3,0.16167486941321707,0.3,Transit,Tanker
900007845,STS_TANKER_2_2,VU,transit,1.0,tanker,0.9999999714267022,0.0,0.0,0.0,0.0,0.0,0.0,0.0,1.0,0.0,0.002430555555555555,0.3,0.15820134719680076,0.3,Transit,Tanker
900007845,STS_TANKER_2_2,VU,transit,0.9838888888888888,tanker,0.9999999714266276,0.01611111111111111,0.0,0.0,0.0,0.0,0.0,0.0,0.9838888888888888,0.0,0.002430555555555555,0.3,0.15522616295364694,0.3,Transit,Tanker
900007845,STS_TANKER_2_2,VU,transit,1.0,tanker,0.9999999714267022,0.0,0.0,0.0,0.0,0.0,0.0,0.0,1.0,0.0,0.002430555555555555,0.3,0.15256645541921232,0.3,Transit,Tanker
900007845,STS_TANKER_2_2,VU,transit,1.0,tanker,0.9999999712365305,0.0,0.0,0.0,0.0,0.0,0.0,0.0,1.0,0.0,0.002430555555555555,0.3,0.14968959899611425,0.3,Transit,Tanker
900007845,STS_TANKER_2_2,VU,sts,0.6817142857142858,tanker,0.9999999578198817,0.03162698412698413,0.009,0.0,0.0,0.011666666666666667,0.0,0.6817142857142858,0.2531825396825397,0.01280952380952381,0.002430555555555555,0.3,0.6471689966741971,0.6471689966741971,STS Transfer,Tanker
900007845,STS_TANKER_2_2,VU,sts,0.8439979364971919,tanker,0.9999999543049293,0.050030540486236695,0.04051051306598589,0.000392156862745098,0.005,0.007414141414141414,0.0,0.8439979364971919,0.05032137834036568,0.002333333333333333,0.002430555555555555,0.3,0.6459034698342614,0.6459034698342614,STS Transfer,Tanker
900007845,STS_TANKER_2_2,VU,sts,0.9690246320238877,tanker,0.9999999624957375,0.01721308016877637,0.0040235000789729004,0.000392156862745098,0.0,0.00196969696969697,0.0,0.9690246320238877,0.007376933895921238,0.0,0.002430555555555555,0.3,0.6454294529973452,0.6454294529973452,STS Transfer,Tanker
900007845,STS_TANKER_2_2,VU,sts,0.9814135209127764,tanker,0.9999999624957375,0.008435302390998593,0.0009679445234173454,0.000392156862745098,0.0022222222222222222,0.00196969696969697,0.0,0.9814135209127764,0.0029324894514767934,0.0016666666666666668,0.002430555555555555,0.3,0.6451484572327745,0.6451484572327745,STS Transfer,Tanker
900007845,STS_TANKER_2_2,VU,sts,0.9698024098016655,tanker,0.9999999624957375,0.00787974683544304,0.006467944523417346,0.000392156862745098,0.0,0.0031919191919191916,0.0,0.9698024098016655,0.012265822784810127,0.0,0.002430555555555555,0.3,0.6449334656361531,0.6449334656361531,STS Transfer,Tanker
900007845,STS_TANKER_2_2,VU,sts,0.8677071717064269,tanker,0.9999999624957375,0.06254641350210968,0.058118738174211,0.000392156862745098,0.0,0.00030303030303030303,0.0,0.8677071717064269,0.010932489451476792,0.0,0.002430555555555555,0.3,0.644736619982108,0.644736619982108,STS Transfer,Tanker
900007845,STS_TANKER_2_2,VU,sts,0.9266133766126319,tanker,0.999999962924385,0.03331625477195097,0.025690166745639564,0.000392156862745098,0.0013333333333333335,0.0,0.0,0.9266133766126319,0.012654711673699016,0.0,0.002430555555555555,0.3,0.6445528885085867,0.6445528885085867,STS Transfer,Tanker
900007845,STS_TANKER_2_2,VU,transit,0.673837251356239,tanker,0.9999999433743086,0.03271308016877637,0.02539099859353024,0.0,0.0125,0.010611111111111111,0.0,0.24244755877034355,0.673837251356239,0.0025,0.002430555555555555,0.3,0.14386595750015518,0.3,Transit,Tanker
900007845,STS_TANKER_2_2,VU,transit,0.9958888888888888,tanker,0.9999999694292805,0.0027777777777777775,0.0,0.0,0.0,0.0,0.0,0.0013333333333333335,0.9958888888888888,0.0,0.002430555555555555,0.3,0.14118564375887166,0.3,Transit,Tanker
900007845,STS_TANKER_2_2,VU,transit,1.0,tanker,0.9999999714267022,0.0,0.0,0.0,0.0,0.0,0.0,0.0,1.0,0.0,0.002430555555555555,0.3,0.13653169028330026,0.3,Transit,Tanker
900007845,STS_TANKER_2_2,VU,transit,1.0,tanker,0.999999971474184,0.0,0.0,0.0,0.0,0.0,0.0,0.0,1.0,0.0,0.002430555555555555,0.3,0.1314806829773196,0.3,Transit,Tanker
900007845,STS_TANKER_2_2,VU,transit,1.0,tanker,0.999999971474184,0.0,0.0,0.0,0.0,0.0,0.0,0.0,1.0,0.0,0.002430555555555555,0.3,0.12687615030000418,0.3,Transit,Tanker
900007845,STS_TANKER_2_2,VU,transit,0.9977777777777778,tanker,0.9999999714266276,0.0,0.0,0.0,0.0022222222222222222,0.0,0.0,0.0,0.9977777777777778,0.0,0.002430555555555555,0.3,0.1229090080877958,0.3,Transit,Tanker
900007845,STS_TANKER_2_2,VU,transit,1.0,tanker,0.9999999714267022,0.0,0.0,0.0,0.0,0.0,0.0,0.0,1.0,0.0,0.002430555555555555,0.3,0.11929306793991015,0.3,Transit,Tanker
900007845,STS_TANKER_2_2,VU,transit,1.0,tanker,0.9999999704999536,0.0,0.0,0.0,0.0,0.0,0.0,0.0,1.0,0.0,0.002430555555555555,0.3,0.11581571280373476,0.3,Transit,Tanker
900007845,STS_TANKER_2_2,VU,transit,1.0,tanker,0.9999999714267022,0.0,0.0,0.0,0.0,0.0,0.0,0.0,1.0,0.0,0.002430555555555555,0.3,0.11221001640229705,0.3,Transit,Tanker
900007845,STS_TANKER_2_2,VU,transit,1.0,tanker,0.9999999714267022,0.0,0.0,0.0,0.0,0.0,0.0,0.0,1.0,0.0,0.002430555555555555,0.3,0.10805236264566723,0.3,Transit,Tanker
900007845,STS_TANKER_2_2,VU,transit,1.0,tanker,0.9999999714267022,0.0,0.0,0.0,0.0,0.0,0.0,0.0,1.0,0.0,0.002430555555555555,0.3,0.10313843624374984,0.3,Transit,Tanker
