mmsi,name,flag,pred_activity,activity_confidence,pred_vessel_type,vessel_confidence,prob_anchored,prob_bunkering,prob_dredging,prob_fishing,prob_loiter,prob_patrol_sweep,prob_sts,prob_transit,prob_transshipment,dark_vessel_risk,iuu_fishing_risk,sts_evasion_risk,overall_anomaly_score,pred_activity_label,pred_vessel_label
500050112,MV_GUL_CARGO_000,SL,transit,0.9999893247931678,cargo,0.9999999946513982,0.0,0.0,0.0,0.0,0.0,1.0675206832132371e-05,0.0,0.9999893247931678,0.0,0.002430555555555555,0.3,0.0,0.3,Transit,Cargo
500050112,MV_GUL_CARGO_000,SL,transit,0.9999893247931678,cargo,0.9999999946513982,0.0,0.0,0.0,0.0,0.0,1.0675206832132371e-05,0.0,0.9999893247931678,0.0,0.002430555555555555,0.3,0.0,0.3,Transit,Cargo
500050112,MV_GUL_CARGO_000,SL,transit,0.9999893247931678,cargo,0.9999999946513982,0.0,0.0,0.0,0.0,0.0,1.0675206832132371e-05,0.0,0.9999893247931678,0.0,0.002430555555555555,0.3,0.0,0.3,Transit,Cargo
500050112,MV_GUL_CARGO_000,SL,transit,0.9999893247931678,cargo,0.9999999946513982,0.0,0.0,0.0,0.0,0.0,1.0675206832132371e-05,0.0,0.9999893247931678,0.0,0.002430555555555555,0.3,0.0,0.3,Transit,Cargo
500050112,MV_GUL_CARGO_000,SL,transit,0.9983226581265012,cargo,0.9999999946513982,0.0,0.0,0.0,0.0016666666666666668,0.0,1.0675206832132371e-05,0.0,0.9983226581265012,0.0,0.002430555555555555,0.3,0.0,0.3,Transit,Cargo
500050112,MV_GUL_CARGO_000,SL,transit,0.9999893247931678,cargo,0.9999999946513982,0.0,0.0,0.0,0.0,0.0,1.0675206832132371e-05,0.0,0.9999893247931678,0.0,0.002430555555555555,0.3,0.0,0.3,Transit,Cargo
500050112,MV_GUL_CARGO_000,SL,transit,0.9999893247931678,cargo,0.9999999946513982,0.0,0.0,0.0,0.0,0.0,1.0675206832132371e-05,0.0,0.9999893247931678,0.0,0.002430555555555555,0.3,0.0,0.3,Transit,Cargo
500050112,MV_GUL_CARGO_000,SL,transit,0.9999893247931678,cargo,0.9999999946513982,0.0,0.0,0.0,0.0,0.0,1.0675206832132371e-05,0.0,0.9999893247931678,0.0,0.002430555555555555,0.3,0.0,0.3,Transit,Cargo
500050112,MV_GUL_CARGO_000,SL,transit,0.9999893247931678,cargo,0.9999999946513982,0.0,0.0,0.0,0.0,0.0,1.0675206832132371e-05,0.0,0.9999893247931678,0.0,0.002430555555555555,0.3,0.0,0.3,Transit,Cargo
500050112,MV_GUL_CARGO_000,SL,transit,0.9999893247931678,cargo,0.9999999946513982,0.0,0.0,0.0,0.0,0.0,1.0675206832132371e-05,0.0,0.9999893247931678,0.0,0.002430555555555555,0.3,0.0,0.3,Transit,Cargo
500050112,MV_GUL_CARGO_000,SL,transit,0.9999893247931678,cargo,0.9999999946513982,0.0,0.0,0.0,0.0,0.0,1.0675206832132371e-05,0.0,0.9999893247931678,0.0,0.002430555555555555,0.3,0.0,0.3,Transit,Cargo
500050112,MV_GUL_CARGO_000,SL,transit,0.9999893247931678,cargo,0.9999999946513982,0.0,0.0,0.0,0.0,0.0,1.0675206832132371e-05,0.0,0.9999893247931678,0.0,0.002430555555555555,0.3,0.0,0.3,Transit,Cargo
500050112,MV_GUL_CARGO_000,SL,transit,0.9999893247931678,cargo,0.9999999946513982,0.0,0.0,0.0,0.0,0.0,1.0675206832132371e-05,0.0,0.9999893247931678,0.0,0.002430555555555555,0.3,0.0,0.3,Transit,Cargo
500050112,MV_GUL_CARGO_000,SL,transit,0.9983226581265012,cargo,0.9999999946606859,0.0016666666666666668,0.0,0.0,0.0,0.0,1.0675206832132371e-05,0.0,0.9983226581265012,0.0,0.002430555555555555,0.3,0.0,0.3,Transit,Cargo
500050112,MV_GUL_CARGO_000,SL,transit,0.9983226581265012,cargo,0.9999999946513982,0.0016666666666666668,0.0,0.0,0.0,0.0,1.0675206832132371e-05,0.0,0.9983226581265012,0.0,0.002430555555555555,0.3,0.0,0.3,Transit,Cargo
500050112,MV_GUL_CARGO_000,SL,transit,0.9991559914598346,cargo,0.9999999946513982,0.0,0.0,0.0,0.0008333333333333334,0.0,1.0675206832132371e-05,0.0,0.9991559914598346,0.0,0.002430555555555555,0.3,0.0,0.3,Transit,Cargo
500050112,MV_GUL_CARGO_000,SL,transit,0.9999893247931678,cargo,0.9999999946513982,0.0,0.0,0.0,0.0,0.0,1.0675206832132371e-05,0.0,0.9999893247931678,0.0,0.002430555555555555,0.3,0.0,0.3,Transit,Cargo
500050112,MV_GUL_CARGO_000,SL,transit,0.9999893247931678,cargo,0.9999999946513982,0.0,0.0,0.0,0.0,0.0,1.0675206832132371e-05,0.0,0.9999893247931678,0.0,0.002430555555555555,0.3,0.0,0.3,Transit,Cargo
500050112,MV_GUL_CARGO_000,SL,transit,0.9999893247931678,cargo,0.9999999946513982,0.0,0.0,0.0,0.0,0.0,1.0675206832132371e-05,0.0,0.9999893247931678,0.0,0.002430555555555555,0.3,0.0,0.3,Transit,Cargo
500050112,MV_GUL_CARGO_000,SL,transit,0.9999893247931678,cargo,0.9999999946513982,0.0,0.0,0.0,0.0,0.0,1.0675206832132371e-05,0.0,0.9999893247931678,0.0,0.002430555555555555,0.3,0.0,0.3,Transit,Cargo
500050112,MV_GUL_CARGO_000,SL,transit,0.9999893247931678,cargo,0.9999999946513982,0.0,0.0,0.0,0.0,0.0,1.0675206832132371e-05,0.0,0.9999893247931678,0.0,0.002430555555555555,0.3,0.0,0.3,Transit,Cargo
500050112,MV_GUL_CARGO_000,SL,transit,0.9999893247931678,cargo,0.9999999946513982,0.0,0.0,0.0,0.0,0.0,1.0675206832132371e-05,0.0,0.9999893247931678,0.0,0.002430555555555555,0.3,0.0,0.3,Transit,Cargo
500050112,MV_GUL_CARGO_000,SL,transit,0.9999893247931678,cargo,0.9999999946513982,0.0,0.0,0.0,0.0,0.0,1.0675206832132371e-05,0.0,0.9999893247931678,0.0,0.002430555555555555,0.3,0.0,0.3,Transit,Cargo
500050112,MV_GUL_CARGO_000,SL,transit,0.9999893247931678,cargo,0.9999999946513982,0.0,0.0,0.0,0.0,0.0,1.0675206832132371e-05,0.0,0.9999893247931678,0.0,0.002430555555555555,0.3,0.0,0.3,Transit,Cargo
500050112,MV_GUL_CARGO_000,SL,transit,0.9983226581265012,cargo,0.9999999946513982,0.0,0.0,0.0,0.0016666666666666668,0.0,1.0675206832132371e-05,0.0,0.9983226581265012,0.0,0.002430555555555555,0.3,0.0,0.3,Transit,Cargo
500050112,MV_GUL_CARGO_000,SL,transit,0.9999893247931678,cargo,0.9999999946513982,0.0,0.0,0.0,0.0,0.0,1.0675206832132371e-05,0.0,0.9999893247931678,0.0,0.002430555555555555,0.3,0.0,0.3,Transit,Cargo
500050112,MV_GUL_CARGO_000,SL,transit,0.9938782136820566,cargo,0.99999999466278,0.0061111111111111106,0.0,0.0,0.0,0.0,1.0675206832132371e-05,0.0,0.9938782136820566,0.0,0.002430555555555555,0.3,0.0,0.3,Transit,Cargo
500050112,MV_GUL_CARGO_000,SL,transit,0.9999893247931678,cargo,0.9999999946513982,0.0,0.0,0.0,0.0,0.0,1.0675206832132371e-05,0.0,0.9999893247931678,0.0,0.002430555555555555,0.3,0.0,0.3,Transit,Cargo
500050112,MV_GUL_CARGO_000,SL,transit,0.9999893247931678,cargo,0.9999999946513982,0.0,0.0,0.0,0.0,0.0,1.0675206832132371e-05,0.0,0.9999893247931678,0.0,0.002430555555555555,0.3,0.0,0.3,Transit,Cargo
500050112,MV_GUL_CARGO_000,SL,transit,0.9999893247931678,cargo,0.9999999946513982,0.0,0.0,0.0,0.0,0.0,1.0675206832132371e-05,0.0,0.9999893247931678,0.0,0.002430555555555555,0.3,0.0,0.3,Transit,Cargo
500050112,MV_GUL_CARGO_000,SL,transit,0.9999893247931678,cargo,0.9999999946513982,0.0,0.0,0.0,0.0,0.0,1.0675206832132371e-05,0.0,0.9999893247931678,0.0,0.002430555555555555,0.3,0.0,0.3,Transit,Cargo
500050112,MV_GUL_CARGO_000,SL,transit,0.9999893247931678,cargo,0.9999999946513982,0.0,0.0,0.0,0.0,0.0,1.0675206832132371e-05,0.0,0.9999893247931678,0.0,0.002430555555555555,0.3,0.0,0.3,Transit,Cargo
500050112,MV_GUL_CARGO_000,SL,transit,0.9999893247931678,cargo,0.9999999946513982,0.0,0.0,0.0,0.0,0.0,1.0675206832132371e-05,0.0,0.9999893247931678,0.0,0.002430555555555555,0.3,0.0,0.3,Transit,Cargo
500050112,MV_GUL_CARGO_000,SL,transit,0.9999893247931678,cargo,0.9999999946513982,0.0,0.0,0.0,0.0,0.0,1.0675206832132371e-05,0.0,0.9999893247931678,0.0,0.002430555555555555,0.3,0.0,0.3,Transit,Cargo
500050112,MV_GUL_CARGO_000,SL,transit,0.9999893247931678,cargo,0.9999999946513982,0.0,0.0,0.0,0.0,0.0,1.0675206832132371e-05,0.0,0.9999893247931678,0.0,0.002430555555555555,0.3,0.0,0.3,Transit,Cargo
500050112,MV_GUL_CARGO_000,SL,transit,0.9999893247931678,cargo,0.9999999946513982,0.0,0.0,0.0,0.0,0.0,1.0675206832132371e-05,0.0,0.9999893247931678,0.0,0.002430555555555555,0.3,0.0,0.3,Transit,Cargo
500050112,MV_GUL_CARGO_000,SL,transit,0.9999893247931678,cargo,0.9999999946513982,0.0,0.0,0.0,0.0,0.0,1.0675206832132371e-05,0.0,0.9999893247931678,0.0,0.002430555555555555,0.3,0.0,0.3,Transit,Cargo
500050112,MV_GUL_CARGO_000,SL,transit,0.9983226581265012,cargo,0.9999999946513982,0.0,0.0,0.0,0.0016666666666666668,0.0,1.0675206832132371e-05,0.0,0.9983226581265012,0.0,0.002430555555555555,0.3,0.0,0.3,Transit,Cargo
500050112,MV_GUL_CARGO_000,SL,transit,0.9999893247931678,cargo,0.9999999946513982,0.0,0.0,0.0,0.0,0.0,1.0675206832132371e-05,0.0,0.9999893247931678,0.0,0.002430555555555555,0.3,0.0,0.3,Transit,Cargo
500050112,MV_GUL_CARGO_000,SL,transit,0.9999893247931678,cargo,0.9999999946513982,0.0,0.0,0.0,0.0,0.0,1.0675206832132371e-05,0.0,0.9999893247931678,0.0,0.002430555555555555,0.3,0.0,0.3,Transit,Cargo
500050112,MV_GUL_CARGO_000,SL,transit,0.9999893247931678,cargo,0.9999999946513982,0.0,0.0,0.0,0.0,0.0,1.0675206832132371e-05,0.0,0.9999893247931678,0.0,0.002430555555555555,0.3,0.0,0.3,Transit,Cargo
500050112,MV_GUL_CARGO_000,SL,transit,0.9999893247931678,cargo,0.9999999946513982,0.0,0.0,0.0,0.0,0.0,1.0675206832132371e-05,0.0,0.9999893247931678,0.0,0.002430555555555555,0.3,0.0,0.3,Transit,Cargo
500050112,MV_GUL_CARGO_000,SL,transit,0.9999893247931678,cargo,0.9999999946513982,0.0,0.0,0.0,0.0,0.0,1.0675206832132371e-05,0.0,0.9999893247931678,0.0,0.002430555555555555,0.3,0.0,0.3,Transit,Cargo
500050112,MV_GUL_CARGO_000,SL,transit,0.9999893247931678,cargo,0.9999999946513982,0.0,0.0,0.0,0.0,0.0,1.0675206832132371e-05,0.0,0.9999893247931678,0.0,0.002430555555555555,0.3,0.0,0.3,Transit,Cargo
500050112,MV_GUL_CARGO_000,SL,transit,0.9999893247931678,cargo,0.9999999946513982,0.0,0.0,0.0,0.0,0.0,1.0675206832132371e-05,0.0,0.9999893247931678,0.0,0.002430555555555555,0.3,0.0,0.3,Transit,Cargo
500050112,MV_GUL_CARGO_000,SL,transit,0.9999893247931678,cargo,0.9999999946513982,0.0,0.0,0.0,0.0,0.0,1.0675206832132371e-05,0.0,0.9999893247931678,0.0,0.002430555555555555,0.3,0.0,0.3,Transit,Cargo
500050112,MV_GUL_CARGO_000,SL,transit,0.9999893247931678,cargo,0.9999999946513982,0.0,0.0,0.0,0.0,0.0,1.0675206832132371e-05,0.0,0.9999893247931678,0.0,0.002430555555555555,0.3,0.0,0.3,Transit,Cargo
500050112,MV_GUL_CARGO_000,SL,transit,0.9999893247931678,cargo,0.9999999946513982,0.0,0.0,0.0,0.0,0.0,1.0675206832132371e-05,0.0,0.9999893247931678,0.0,0.002430555555555555,0.3,0.0,0.3,Transit,Cargo
500050112,MV_GUL_CARGO_000,SL,transit,0.9999893247931678,cargo,0.9999999946513982,0.0,0.0,0.0,0.0,0.0,1.0675206832132371e-05,0.0,0.9999893247931678,0.0,0.002430555555555555,0.3,0.0,0.3,Transit,Cargo
500050112,MV_GUL_CARGO_000,SL,transit,0.9972115470153902,cargo,0.9999999946513982,0.0027777777777777775,0.0,0.0,0.0,0.0,1.0675206832132371e-05,0.0,0.9972115470153902,0.0,0.002430555555555555,0.3,0.0,0.3,Transit,Cargo
500050112,MV_GUL_CARGO_000,SL,transit,0.9999893247931678,cargo,0.9999999946513982,0.0,0.0,0.0,0.0,0.0,1.0675206832132371e-05,0.0,0.9999893247931678,0.0,0.002430555555555555,0.3,0.0,0.3,Transit,Cargo
500050112,MV_GUL_CARGO_000,SL,transit,0.9999893247931678,cargo,0.9999999946513982,0.0,0.0,0.0,0.0,0.0,1.0675206832132371e-05,0.0,0.9999893247931678,0.0,0.002430555555555555,0.3,0.0,0.3,Transit,Cargo
500050112,MV_GUL_CARGO_000,SL,transit,0.9999893247931678,cargo,0.9999999946513982,0.0,0.0,0.0,0.0,0.0,1.0675206832132371e-05,0.0,0.9999893247931678,0.0,0.002430555555555555,0.3,0.0,0.3,Transit,Cargo
500050112,MV_GUL_CARGO_000,SL,transit,0.9999893247931678,cargo,0.9999999946513982,0.0,0.0,0.0,0.0,0.0,1.0675206832132371e-05,0.0,0.9999893247931678,0.0,0.002430555555555555,0.3,0.0,0.3,Transit,Cargo
500050112,MV_GUL_CARGO_000,SL,transit,0.9999893247931678,cargo,0.9999999946513982,0.0,0.0,0.0,0.0,0.0,1.0675206832132371e-05,0.0,0.9999893247931678,0.0,0.002430555555555555,0.3,0.0,0.3,Transit,Cargo
500050112,MV_GUL_CARGO_000,SL,transit,0.9977671025709458,cargo,0.9999999946513982,0.0,0.0022222222222222222,0.0,0.0,0.0,1.0675206832132371e-05,0.0,0.9977671025709458,0.0,0.002430555555555555,0.3,0.0,0.3,Transit,Cargo
500050113,MV_GUL_CARGO_001,CN,transit,0.9999893247931678,tanker,0.9999999532990089,0.0,0.0,0.0,0.0,0.0,1.0675206832132371e-05,0.0,0.9999893247931678,0.0,0.002430555555555555,0.0,0.011371063292716194,0.011371063292716194,Transit,Tanker
500050113,MV_GUL_CARGO_001,CN,transit,0.9966559914598345,tanker,0.9999999532977131,0.0033333333333333335,0.0,0.0,0.0,0.0,1.0675206832132371e-05,0.0,0.9966559914598345,0.0,0.002430555555555555,0.0,0.007557467435486096,0.007557467435486096,Transit,Tanker
500050113,MV_GUL_CARGO_001,CN,transit,0.9966559914598345,tanker,0.9999999532977131,0.0033333333333333335,0.0,0.0,0.0,0.0,1.0675206832132371e-05,0.0,0.9966559914598345,0.0,0.002430555555555555,0.0,0.0033459276119035906,0.0033459276119035906,Transit,Tanker
500050113,MV_GUL_CARGO_001,CN,transit,0.9999893247931678,tanker,0.9999999532986998,0.0,0.0,0.0,0.0,0.0,1.0675206832132371e-05,0.0,0.9999893247931678,0.0,0.002430555555555555,0.0,0.0,0.002430555555555555,Transit,Tanker
500050113,MV_GUL_CARGO_001,CN,transit,0.9953226581265013,tanker,0.9999999532986998,0.004666666666666666,0.0,0.0,0.0,0.0,1.0675206832132371e-05,0.0,0.9953226581265013,0.0,0.002430555555555555,0.0,0.0,0.002430555555555555,Transit,Tanker
500050113,MV_GUL_CARGO_001,CN,transit,0.9684337692376123,tanker,0.9999999508633215,0.030444444444444444,0.0,0.0011111111111111111,0.0,0.0,1.0675206832132371e-05,0.0,0.9684337692376123,0.0,0.002430555555555555,0.0,0.0,0.002430555555555555,Transit,Tanker
500050113,MV_GUL_CARGO_001,CN,transit,0.9689893247931678,tanker,0.9999999532990089,0.02988888888888889,0.0,0.0011111111111111111,0.0,0.0,1.0675206832132371e-05,0.0,0.9689893247931678,0.0,0.002430555555555555,0.0,0.0,0.002430555555555555,Transit,Tanker
500050113,MV_GUL_CARGO_001,CN,transit,0.9953226581265013,tanker,0.9999999532996475,0.004666666666666666,0.0,0.0,0.0,0.0,1.0675206832132371e-05,0.0,0.9953226581265013,0.0,0.002430555555555555,0.0,0.0,0.002430555555555555,Transit,Tanker
500050113,MV_GUL_CARGO_001,CN,transit,0.9953226581265013,tanker,0.9999999532996475,0.004666666666666666,0.0,0.0,0.0,0.0,1.0675206832132371e-05,0.0,0.9953226581265013,0.0,0.002430555555555555,0.0,0.0,0.002430555555555555,Transit,Tanker
500050113,MV_GUL_CARGO_001,CN,transit,0.9953226581265013,tanker,0.9999999532986998,0.004666666666666666,0.0,0.0,0.0,0.0,1.0675206832132371e-05,0.0,0.9953226581265013,0.0,0.002430555555555555,0.0,0.0,0.002430555555555555,Transit,Tanker
500050113,MV_GUL_CARGO_001,CN,transit,0.9925448803487233,tanker,0.9999999532986998,0.0074444444444444445,0.0,0.0,0.0,0.0,1.0675206832132371e-05,0.0,0.9925448803487233,0.0,0.002430555555555555,0.0,0.0,0.002430555555555555,Transit,Tanker
500050113,MV_GUL_CARGO_001,CN,transit,0.9925448803487233,tanker,0.9999999532990089,0.0074444444444444445,0.0,0.0,0.0,0.0,1.0675206832132371e-05,0.0,0.9925448803487233,0.0,0.002430555555555555,0.0,0.0,0.002430555555555555,Transit,Tanker
500050113,MV_GUL_CARGO_001,CN,transit,0.9551004359042788,tanker,0.9999999521324564,0.01911111111111111,0.0,0.0,0.0,0.0,1.0675206832132371e-05,0.025777777777777778,0.9551004359042788,0.0,0.002430555555555555,0.0,0.0,0.002430555555555555,Transit,Tanker
500050113,MV_GUL_CARGO_001,CN,transit,0.9342671025709456,tanker,0.9999999535410663,0.01966666666666667,0.0,0.0,0.0,0.0,1.0675206832132371e-05,0.04605555555555556,0.9342671025709456,0.0,0.002430555555555555,0.0,0.0,0.002430555555555555,Transit,Tanker
500050113,MV_GUL_CARGO_001,CN,transit,0.9100448803487233,tanker,0.9999999482890218,0.02744444444444445,0.0,0.0022222222222222222,0.0,0.0,1.0675206832132371e-05,0.060277777777777784,0.9100448803487233,0.0,0.002430555555555555,0.0,0.0,0.002430555555555555,Transit,Tanker
500050113,MV_GUL_CARGO_001,CN,transit,0.9953226581265013,tanker,0.9999999532996475,0.004666666666666666,0.0,0.0,0.0,0.0,1.0675206832132371e-05,0.0,0.9953226581265013,0.0,0.002430555555555555,0.0,0.0,0.002430555555555555,Transit,Tanker
500050113,MV_GUL_CARGO_001,CN,transit,0.9986559914598346,tanker,0.9999999532993384,0.0013333333333333335,0.0,0.0,0.0,0.0,1.0675206832132371e-05,0.0,0.9986559914598346,0.0,0.002430555555555555,0.0,0.0,0.002430555555555555,Transit,Tanker
500050113,MV_GUL_CARGO_001,CN,transit,0.9953226581265013,tanker,0.9999999532983519,0.004666666666666666,0.0,0.0,0.0,0.0,1.0675206832132371e-05,0.0,0.9953226581265013,0.0,0.002430555555555555,0.0,0.0,0.002430555555555555,Transit,Tanker
500050113,MV_GUL_CARGO_001,CN,transit,0.9999893247931678,tanker,0.9999999535410663,0.0,0.0,0.0,0.0,0.0,1.0675206832132371e-05,0.0,0.9999893247931678,0.0,0.002430555555555555,0.0,0.0,0.002430555555555555,Transit,Tanker
500050113,MV_GUL_CARGO_001,CN,transit,0.9999893247931678,tanker,0.9999999532983519,0.0,0.0,0.0,0.0,0.0,1.0675206832132371e-05,0.0,0.9999893247931678,0.0,0.002430555555555555,0.0,0.0009621179399623046,0.002430555555555555,Transit,Tanker
500050113,MV_GUL_CARGO_001,CN,transit,0.9999893247931678,tanker,0.9999999532990089,0.0,0.0,0.0,0.0,0.0,1.0675206832132371e-05,0.0,0.9999893247931678,0.0,0.002430555555555555,0.0,0.005903784399722802,0.005903784399722802,Transit,Tanker
500050113,MV_GUL_CARGO_001,CN,transit,0.9999893247931678,tanker,0.9999998907622368,0.0,0.0,0.0,0.0,0.0,1.0675206832132371e-05,0.0,0.9999893247931678,0.0,0.002430555555555555,0.0,0.011082934912216218,0.011082934912216218,Transit,Tanker
500050113,MV_GUL_CARGO_001,CN,transit,0.9999893247931678,tanker,0.9999998907600004,0.0,0.0,0.0,0.0,0.0,1.0675206832132371e-05,0.0,0.9999893247931678,0.0,0.002430555555555555,0.0,0.016272612661076664,0.016272612661076664,Transit,Tanker
500050113,MV_GUL_CARGO_001,CN,transit,0.9999893247931678,tanker,0.9999998907598534,0.0,0.0,0.0,0.0,0.0,1.0675206832132371e-05,0.0,0.9999893247931678,0.0,0.002430555555555555,0.0,0.021356133158189624,0.021356133158189624,Transit,Tanker
500050113,MV_GUL_CARGO_001,CN,transit,0.9595528168566598,tanker,0.9999999728649779,0.0,0.0,0.0,0.021388888888888888,0.009444444444444443,0.007391627587784513,0.0,0.9595528168566598,0.0022222222222222222,0.002430555555555555,0.0,0.026129695207184684,0.026129695207184684,Transit,Tanker
500050113,MV_GUL_CARGO_001,CN,transit,0.9999893247931678,tanker,0.9999999532983519,0.0,0.0,0.0,0.0,0.0,1.0675206832132371e-05,0.0,0.9999893247931678,0.0,0.002430555555555555,0.0,0.030135735559247506,0.030135735559247506,Transit,Tanker
500050113,MV_GUL_CARGO_001,CN,transit,0.9999893247931678,tanker,0.9999999532993384,0.0,0.0,0.0,0.0,0.0,1.0675206832132371e-05,0.0,0.9999893247931678,0.0,0.002430555555555555,0.0,0.03388498278363996,0.03388498278363996,Transit,Tanker
500050113,MV_GUL_CARGO_001,CN,transit,0.9999893247931678,tanker,0.9999999532987236,0.0,0.0,0.0,0.0,0.0,1.0675206832132371e-05,0.0,0.9999893247931678,0.0,0.002430555555555555,0.0,0.03774927584425801,0.03774927584425801,Transit,Tanker
500050113,MV_GUL_CARGO_001,CN,transit,0.9988782136820569,tanker,0.9999999532990089,0.0011111111111111111,0.0,0.0,0.0,0.0,1.0675206832132371e-05,0.0,0.9988782136820569,0.0,0.002430555555555555,0.0,0.04153595706369751,0.04153595706369751,Transit,Tanker
500050113,MV_GUL_CARGO_001,CN,transit,0.9983226581265012,tanker,0.9999998907630966,0.0016666666666666668,0.0,0.0,0.0,0.0,1.0675206832132371e-05,0.0,0.9983226581265012,0.0,0.002430555555555555,0.0,0.044993868041927135,0.044993868041927135,Transit,Tanker
500050113,MV_GUL_CARGO_001,CN,transit,0.9999893247931678,tanker,0.9999998907630966,0.0,0.0,0.0,0.0,0.0,1.0675206832132371e-05,0.0,0.9999893247931678,0.0,0.002430555555555555,0.0,0.04784030565112802,0.04784030565112802,Transit,Tanker
500050113,MV_GUL_CARGO_001,CN,transit,0.9999893247931678,tanker,0.9999998907622368,0.0,0.0,0.0,0.0,0.0,1.0675206832132371e-05,0.0,0.9999893247931678,0.0,0.002430555555555555,0.0,0.05066984266352312,0.05066984266352312,Transit,Tanker
500050113,MV_GUL_CARGO_001,CN,transit,0.9999893247931678,tanker,0.9999998907598534,0.0,0.0,0.0,0.0,0.0,1.0675206832132371e-05,0.0,0.9999893247931678,0.0,0.002430555555555555,0.0,0.05403974692444016,0.05403974692444016,Transit,Tanker
500050113,MV_GUL_CARGO_001,CN,transit,0.9999893247931678,tanker,0.9999998832070643,0.0,0.0,0.0,0.0,0.0,1.0675206832132371e-05,0.0,0.9999893247931678,0.0,0.002430555555555555,0.0,0.057947828717576144,0.057947828717576144,Transit,Tanker
500050113,MV_GUL_CARGO_001,CN,transit,0.9999893247931678,tanker,0.9999999532977131,0.0,0.0,0.0,0.0,0.0,1.0675206832132371e-05,0.0,0.9999893247931678,0.0,0.002430555555555555,0.0,0.062205012218505384,0.062205012218505384,Transit,Tanker
500050113,MV_GUL_CARGO_001,CN,transit,0.9999893247931678,tanker,0.9999999532977131,0.0,0.0,0.0,0.0,0.0,1.0675206832132371e-05,0.0,0.9999893247931678,0.0,0.002430555555555555,0.0,0.06682626634809334,0.06682626634809334,Transit,Tanker
500050113,MV_GUL_CARGO_001,CN,transit,0.9977671025709456,tanker,0.9999999482883251,0.0022222222222222222,0.0,0.0,0.0,0.0,1.0675206832132371e-05,0.0,0.9977671025709456,0.0,0.002430555555555555,0.0,0.07176562757734534,0.07176562757734534,Transit,Tanker
500050113,MV_GUL_CARGO_001,CN,transit,0.9999893247931678,tanker,0.9999999532996475,0.0,0.0,0.0,0.0,0.0,1.0675206832132371e-05,0.0,0.9999893247931678,0.0,0.002430555555555555,0.0,0.07655770399808193,0.07655770399808193,Transit,Tanker
500050113,MV_GUL_CARGO_001,CN,transit,0.9999893247931678,tanker,0.9999999532990089,0.0,0.0,0.0,0.0,0.0,1.0675206832132371e-05,0.0,0.9999893247931678,0.0,0.002430555555555555,0.0,0.08121314422179038,0.08121314422179038,Transit,Tanker
500050113,MV_GUL_CARGO_001,CN,transit,0.9977671025709456,tanker,0.9999999532986998,0.0,0.0,0.0,0.0,0.0,1.0675206832132371e-05,0.0022222222222222222,0.9977671025709456,0.0,0.002430555555555555,0.0,0.08626497851485067,0.08626497851485067,Transit,Tanker
500050113,MV_GUL_CARGO_001,CN,transit,0.9999893247931678,tanker,0.9999999532986998,0.0,0.0,0.0,0.0,0.0,1.0675206832132371e-05,0.0,0.9999893247931678,0.0,0.002430555555555555,0.0,0.09159910208813847,0.09159910208813847,Transit,Tanker
500050113,MV_GUL_CARGO_001,CN,transit,0.9977671025709456,tanker,0.9999999535394039,0.0022222222222222222,0.0,0.0,0.0,0.0,1.0675206832132371e-05,0.0,0.9977671025709456,0.0,0.002430555555555555,0.0,0.09679549494204165,0.09679549494204165,Transit,Tanker
500050113,MV_GUL_CARGO_001,CN,transit,0.9999893247931678,tanker,0.9999999482868243,0.0,0.0,0.0,0.0,0.0,1.0675206832132371e-05,0.0,0.9999893247931678,0.0,0.002430555555555555,0.0,0.10199743889203267,0.10199743889203267,Transit,Tanker
500050113,MV_GUL_CARGO_001,CN,transit,0.9999893247931678,tanker,0.9999999532977131,0.0,0.0,0.0,0.0,0.0,1.0675206832132371e-05,0.0,0.9999893247931678,0.0,0.002430555555555555,0.0,0.10736069757212102,0.10736069757212102,Transit,Tanker
500050113,MV_GUL_CARGO_001,CN,transit,0.940600435904279,tanker,0.9999999532986998,0.0,0.0,0.0,0.0,0.0,0.0011217863179432434,0.05827777777777778,0.940600435904279,0.0,0.002430555555555555,0.0,0.11277820675653816,0.11277820675653816,Transit,Tanker
500050113,MV_GUL_CARGO_001,CN,transit,0.9983226581265012,tanker,0.9999999532986998,0.0,0.0,0.0,0.0,0.0,1.0675206832132371e-05,0.0016666666666666668,0.9983226581265012,0.0,0.002430555555555555,0.0,0.1179441798383628,0.1179441798383628,Transit,Tanker
500050113,MV_GUL_CARGO_001,CN,transit,0.9966559914598345,tanker,0.9999999532986998,0.0033333333333333335,0.0,0.0,0.0,0.0,1.0675206832132371e-05,0.0,0.9966559914598345,0.0,0.002430555555555555,0.0,0.12305026165459838,0.12305026165459838,Transit,Tanker
500050113,MV_GUL_CARGO_001,CN,transit,0.9999893247931678,tanker,0.9999999532990089,0.0,0.0,0.0,0.0,0.0,1.0675206832132371e-05,0.0,0.9999893247931678,0.0,0.002430555555555555,0.0,0.12841262171797632,0.12841262171797632,Transit,Tanker
500050113,MV_GUL_CARGO_001,CN,transit,0.9966559914598345,tanker,0.9999999532990327,0.0,0.0,0.0,0.0,0.0,1.0675206832132371e-05,0.0033333333333333335,0.9966559914598345,0.0,0.002430555555555555,0.0,0.1337425437767397,0.1337425437767397,Transit,Tanker
500050113,MV_GUL_CARGO_001,CN,transit,0.9999893247931678,tanker,0.9999999532986998,0.0,0.0,0.0,0.0,0.0,1.0675206832132371e-05,0.0,0.9999893247931678,0.0,0.002430555555555555,0.0,0.13905721636984839,0.13905721636984839,Transit,Tanker
500050113,MV_GUL_CARGO_001,CN,transit,0.9999893247931678,tanker,0.9999999532986998,0.0,0.0,0.0,0.0,0.0,1.0675206832132371e-05,0.0,0.9999893247931678,0.0,0.002430555555555555,0.0,0.14429304591299671,0.14429304591299671,Transit,Tanker
500050113,MV_GUL_CARGO_001,CN,transit,0.9999893247931678,tanker,0.9999999532986998,0.0,0.0,0.0,0.0,0.0,1.0675206832132371e-05,0.0,0.9999893247931678,0.0,0.002430555555555555,0.0,0.14913679954831546,0.14913679954831546,Transit,Tanker
500050113,MV_GUL_CARGO_001,CN,transit,0.9999893247931678,tanker,0.9999998907623028,0.0,0.0,0.0,0.0,0.0,1.0675206832132371e-05,0.0,0.9999893247931678,0.0,0.002430555555555555,0.0,0.15383391066867338,0.15383391066867338,Transit,Tanker
500050113,MV_GUL_CARGO_001,CN,transit,0.9999893247931678,tanker,0.9999999532990089,0.0,0.0,0.0,0.0,0.0,1.0675206832132371e-05,0.0,0.9999893247931678,0.0,0.002430555555555555,0.0,0.1586105845145112,0.1586105845145112,Transit,Tanker
500050113,MV_GUL_CARGO_001,CN,transit,0.9999893247931678,tanker,0.9999999532990089,0.0,0.0,0.0,0.0,0.0,1.0675206832132371e-05,0.0,0.9999893247931678,0.0,0.002430555555555555,0.0,0.1634035690733436,0.1634035690733436,Transit,Tanker
500050113,MV_GUL_CARGO_001,CN,transit,0.9999893247931678,tanker,0.9999999532990089,0.0,0.0,0.0,0.0,0.0,1.0675206832132371e-05,0.0,0.9999893247931678,0.0,0.002430555555555555,0.0,0.1683703232185086,0.1683703232185086,Transit,Tanker
500050114,MV_GUL_CARGO_002,CM,transit,0.9991559914598346,cargo,0.9999999823419491,0.0,0.0,0.0,0.0008333333333333334,0.0,1.0675206832132371e-05,0.0,0.9991559914598346,0.0,0.002430555555555555,0.0,0.0,0.002430555555555555,Transit,Cargo
500050114,MV_GUL_CARGO_002,CM,transit,0.9999893247931678,cargo,0.9999999823419491,0.0,0.0,0.0,0.0,0.0,1.0675206832132371e-05,0.0,0.9999893247931678,0.0,0.002430555555555555,0.0,0.0,0.002430555555555555,Transit,Cargo
500050114,MV_GUL_CARGO_002,CM,transit,0.9999893247931678,cargo,0.9999999823419491,0.0,0.0,0.0,0.0,0.0,1.0675206832132371e-05,0.0,0.9999893247931678,0.0,0.002430555555555555,0.0,0.0,0.002430555555555555,Transit,Cargo
500050114,MV_GUL_CARGO_002,CM,transit,0.9999893247931678,cargo,0.9999999806842387,0.0,0.0,0.0,0.0,0.0,1.0675206832132371e-05,0.0,0.9999893247931678,0.0,0.002430555555555555,0.0,0.0,0.002430555555555555,Transit,Cargo
500050114,MV_GUL_CARGO_002,CM,transit,0.9999893247931678,cargo,0.9999999823419491,0.0,0.0,0.0,0.0,0.0,1.0675206832132371e-05,0.0,0.9999893247931678,0.0,0.002430555555555555,0.0,0.0,0.002430555555555555,Transit,Cargo
500050114,MV_GUL_CARGO_002,CM,transit,0.9983226581265012,cargo,0.9999999823419489,0.0,0.0,0.0,0.0016666666666666668,0.0,1.0675206832132371e-05,0.0,0.9983226581265012,0.0,0.002430555555555555,0.0,0.0,0.002430555555555555,Transit,Cargo
500050114,MV_GUL_CARGO_002,CM,transit,0.9999893247931678,cargo,0.9999999823419489,0.0,0.0,0.0,0.0,0.0,1.0675206832132371e-05,0.0,0.9999893247931678,0.0,0.002430555555555555,0.0,0.0,0.002430555555555555,Transit,Cargo
500050114,MV_GUL_CARGO_002,CM,transit,0.9999893247931678,cargo,0.9999999823419489,0.0,0.0,0.0,0.0,0.0,1.0675206832132371e-05,0.0,0.9999893247931678,0.0,0.002430555555555555,0.0,0.0,0.002430555555555555,Transit,Cargo
500050114,MV_GUL_CARGO_002,CM,transit,0.9999893247931678,cargo,0.9999999823419489,0.0,0.0,0.0,0.0,0.0,1.0675206832132371e-05,0.0,0.9999893247931678,0.0,0.002430555555555555,0.0,0.0,0.002430555555555555,Transit,Cargo
500050114,MV_GUL_CARGO_002,CM,transit,0.9999893247931678,cargo,0.9999999823419489,0.0,0.0,0.0,0.0,0.0,1.0675206832132371e-05,0.0,0.9999893247931678,0.0,0.002430555555555555,0.0,0.0,0.002430555555555555,Transit,Cargo
500050114,MV_GUL_CARGO_002,CM,transit,0.9983226581265012,cargo,0.9999999823419489,0.0,0.0,0.0,0.0016666666666666668,0.0,1.0675206832132371e-05,0.0,0.9983226581265012,0.0,0.002430555555555555,0.0,0.0,0.002430555555555555,Transit,Cargo
500050114,MV_GUL_CARGO_002,CM,transit,0.9999893247931678,cargo,0.9999999823419489,0.0,0.0,0.0,0.0,0.0,1.0675206832132371e-05,0.0,0.9999893247931678,0.0,0.002430555555555555,0.0,0.0,0.002430555555555555,Transit,Cargo
500050114,MV_GUL_CARGO_002,CM,transit,0.9999893247931678,cargo,0.9999999823419489,0.0,0.0,0.0,0.0,0.0,1.0675206832132371e-05,0.0,0.9999893247931678,0.0,0.002430555555555555,0.0,0.0,0.002430555555555555,Transit,Cargo
500050114,MV_GUL_CARGO_002,CM,transit,0.9999893247931678,cargo,0.9999999823419489,0.0,0.0,0.0,0.0,0.0,1.0675206832132371e-05,0.0,0.9999893247931678,0.0,0.002430555555555555,0.0,0.0,0.002430555555555555,Transit,Cargo
500050114,MV_GUL_CARGO_002,CM,transit,0.9983226581265012,cargo,0.9999999823419489,0.0,0.0,0.0,0.0016666666666666668,0.0,1.0675206832132371e-05,0.0,0.9983226581265012,0.0,0.002430555555555555,0.0,0.0,0.002430555555555555,Transit,Cargo
500050114,MV_GUL_CARGO_002,CM,transit,0.9999893247931678,cargo,0.9999999823419489,0.0,0.0,0.0,0.0,0.0,1.0675206832132371e-05,0.0,0.9999893247931678,0.0,0.002430555555555555,0.0,0.0,0.002430555555555555,Transit,Cargo
500050114,MV_GUL_CARGO_002,CM,transit,0.9999893247931678,cargo,0.9999999823419489,0.0,0.0,0.0,0.0,0.0,1.0675206832132371e-05,0.0,0.9999893247931678,0.0,0.002430555555555555,0.0,0.0,0.002430555555555555,Transit,Cargo
500050114,MV_GUL_CARGO_002,CM,transit,0.9999893247931678,cargo,0.9999999823419489,0.0,0.0,0.0,0.0,0.0,1.0675206832132371e-05,0.0,0.9999893247931678,0.0,0.002430555555555555,0.0,0.0,0.002430555555555555,Transit,Cargo
500050114,MV_GUL_CARGO_002,CM,transit,0.9999893247931678,cargo,0.9999999823419489,0.0,0.0,0.0,0.0,0.0,1.0675206832132371e-05,0.0,0.9999893247931678,0.0,0.002430555555555555,0.0,0.0,0.002430555555555555,Transit,Cargo
500050114,MV_GUL_CARGO_002,CM,transit,0.9999893247931678,cargo,0.9999999823419489,0.0,0.0,0.0,0.0,0.0,1.0675206832132371e-05,0.0,0.9999893247931678,0.0,0.002430555555555555,0.0,0.0,0.002430555555555555,Transit,Cargo
500050114,MV_GUL_CARGO_002,CM,transit,0.9999893247931678,cargo,0.9999999823419489,0.0,0.0,0.0,0.0,0.0,1.0675206832132371e-05,0.0,0.9999893247931678,0.0,0.002430555555555555,0.0,0.0,0.002430555555555555,Transit,Cargo
500050114,MV_GUL_CARGO_002,CM,transit,0.9999893247931678,cargo,0.9999999823419489,0.0,0.0,0.0,0.0,0.0,1.0675206832132371e-05,0.0,0.9999893247931678,0.0,0.002430555555555555,0.0,0.0,0.002430555555555555,Transit,Cargo
500050114,MV_GUL_CARGO_002,CM,transit,0.9999893247931678,cargo,0.9999999823419491,0.0,0.0,0.0,0.0,0.0,1.0675206832132371e-05,0.0,0.9999893247931678,0.0,0.002430555555555555,0.0,0.0,0.002430555555555555,Transit,Cargo
500050114,MV_GUL_CARGO_002,CM,transit,0.9999893247931678,cargo,0.9999999823419491,0.0,0.0,0.0,0.0,0.0,1.0675206832132371e-05,0.0,0.9999893247931678,0.0,0.002430555555555555,0.0,0.0,0.002430555555555555,Transit,Cargo
500050114,MV_GUL_CARGO_002,CM,transit,0.9999893247931678,cargo,0.9999999823419491,0.0,0.0,0.0,0.0,0.0,1.0675206832132371e-05,0.0,0.9999893247931678,0.0,0.002430555555555555,0.0,0.0,0.002430555555555555,Transit,Cargo
500050114,MV_GUL_CARGO_002,CM,transit,0.9999893247931678,cargo,0.9999999823419491,0.0,0.0,0.0,0.0,0.0,1.0675206832132371e-05,0.0,0.9999893247931678,0.0,0.002430555555555555,0.0,0.0,0.002430555555555555,Transit,Cargo
500050114,MV_GUL_CARGO_002,CM,transit,0.9999893247931678,cargo,0.9999999823419491,0.0,0.0,0.0,0.0,0.0,1.0675206832132371e-05,0.0,0.9999893247931678,0.0,0.002430555555555555,0.0,0.0,0.002430555555555555,Transit,Cargo
500050114,MV_GUL_CARGO_002,CM,transit,0.9999893247931678,cargo,0.9999999823419491,0.0,0.0,0.0,0.0,0.0,1.0675206832132371e-05,0.0,0.9999893247931678,0.0,0.002430555555555555,0.0,0.0,0.002430555555555555,Transit,Cargo
500050114,MV_GUL_CARGO_002,CM,transit,0.9966559914598345,cargo,0.9999999823419491,0.0033333333333333335,0.0,0.0,0.0,0.0,1.0675206832132371e-05,0.0,0.9966559914598345,0.0,0.002430555555555555,0.0,0.0,0.002430555555555555,Transit,Cargo
500050114,MV_GUL_CARGO_002,CM,transit,0.9994337692376124,cargo,0.9999999823419491,0.0,0.0,0.0,0.0,0.0,1.0675206832132371e-05,0.0005555555555555556,0.9994337692376124,0.0,0.002430555555555555,0.0,0.0,0.002430555555555555,Transit,Cargo
500050114,MV_GUL_CARGO_002,CM,transit,0.9994337692376124,cargo,0.9999999823419491,0.0,0.0,0.0,0.0,0.0,1.0675206832132371e-05,0.0005555555555555556,0.9994337692376124,0.0,0.002430555555555555,0.0,0.0,0.002430555555555555,Transit,Cargo
500050114,MV_GUL_CARGO_002,CM,transit,0.9994337692376124,cargo,0.9999999823419491,0.0,0.0,0.0,0.0,0.0,1.0675206832132371e-05,0.0005555555555555556,0.9994337692376124,0.0,0.002430555555555555,0.0,0.0,0.002430555555555555,Transit,Cargo
500050114,MV_GUL_CARGO_002,CM,transit,0.9994337692376124,cargo,0.9999999823419489,0.0,0.0,0.0,0.0,0.0,1.0675206832132371e-05,0.0005555555555555556,0.9994337692376124,0.0,0.002430555555555555,0.0,0.0,0.002430555555555555,Transit,Cargo
500050114,MV_GUL_CARGO_002,CM,transit,0.9994337692376124,cargo,0.9999999823419489,0.0,0.0,0.0,0.0,0.0,1.0675206832132371e-05,0.0005555555555555556,0.9994337692376124,0.0,0.002430555555555555,0.0,0.0,0.002430555555555555,Transit,Cargo
500050114,MV_GUL_CARGO_002,CM,transit,0.9994337692376124,cargo,0.9999999823419491,0.0,0.0,0.0,0.0,0.0,1.0675206832132371e-05,0.0005555555555555556,0.9994337692376124,0.0,0.002430555555555555,0.0,0.0,0.002430555555555555,Transit,Cargo
500050114,MV_GUL_CARGO_002,CM,transit,0.9986559914598346,cargo,0.9999999824630649,0.0,0.0,0.0,0.0013333333333333335,0.0,1.0675206832132371e-05,0.0,0.9986559914598346,0.0,0.002430555555555555,0.0,0.0,0.002430555555555555,Transit,Cargo
500050114,MV_GUL_CARGO_002,CM,transit,0.9999893247931678,cargo,0.9999999823419491,0.0,0.0,0.0,0.0,0.0,1.0675206832132371e-05,0.0,0.9999893247931678,0.0,0.002430555555555555,0.0,0.0,0.002430555555555555,Transit,Cargo
500050114,MV_GUL_CARGO_002,CM,transit,0.9999893247931678,cargo,0.9999999823419491,0.0,0.0,0.0,0.0,0.0,1.0675206832132371e-05,0.0,0.9999893247931678,0.0,0.002430555555555555,0.0,0.0,0.002430555555555555,Transit,Cargo
500050114,MV_GUL_CARGO_002,CM,transit,0.9999893247931678,cargo,0.9999999823419491,0.0,0.0,0.0,0.0,0.0,1.0675206832132371e-05,0.0,0.9999893247931678,0.0,0.002430555555555555,0.0,0.0,0.002430555555555555,Transit,Cargo
500050114,MV_GUL_CARGO_002,CM,transit,0.9999893247931678,cargo,0.9999999823419491,0.0,0.0,0.0,0.0,0.0,1.0675206832132371e-05,0.0,0.9999893247931678,0.0,0.002430555555555555,0.0,0.0,0.002430555555555555,Transit,Cargo
500050114,MV_GUL_CARGO_002,CM,transit,0.9999893247931678,cargo,0.9999999823419491,0.0,0.0,0.0,0.0,0.0,1.0675206832132371e-05,0.0,0.9999893247931678,0.0,0.002430555555555555,0.0,0.0,0.002430555555555555,Transit,Cargo
500050114,MV_GUL_CARGO_002,CM,transit,0.9999893247931678,cargo,0.9999999823419491,0.0,0.0,0.0,0.0,0.0,1.0675206832132371e-05,0.0,0.9999893247931678,0.0,0.002430555555555555,0.0,0.0,0.002430555555555555,Transit,Cargo
500050114,MV_GUL_CARGO_002,CM,transit,0.9999893247931678,cargo,0.9999999823419491,0.0,0.0,0.0,0.0,0.0,1.0675206832132371e-05,0.0,0.9999893247931678,0.0,0.002430555555555555,0.0,0.0,0.002430555555555555,Transit,Cargo
500050114,MV_GUL_CARGO_002,CM,transit,0.9999893247931678,cargo,0.9999999823419491,0.0,0.0,0.0,0.0,0.0,1.0675206832132371e-05,0.0,0.9999893247931678,0.0,0.002430555555555555,0.0,0.0,0.002430555555555555,Transit,Cargo
500050114,MV_GUL_CARGO_002,CM,transit,0.9999893247931678,cargo,0.9999999823419491,0.0,0.0,0.0,0.0,0.0,1.0675206832132371e-05,0.0,0.9999893247931678,0.0,0.002430555555555555,0.0,0.0,0.002430555555555555,Transit,Cargo
500050114,MV_GUL_CARGO_002,CM,transit,0.9999893247931678,cargo,0.9999999823419491,0.0,0.0,0.0,0.0,0.0,1.0675206832132371e-05,0.0,0.9999893247931678,0.0,0.002430555555555555,0.0,0.0,0.002430555555555555,Transit,Cargo
500050114,MV_GUL_CARGO_002,CM,transit,0.9999893247931678,cargo,0.9999999823419491,0.0,0.0,0.0,0.0,0.0,1.0675206832132371e-05,0.0,0.9999893247931678,0.0,0.002430555555555555,0.0,0.0,0.002430555555555555,Transit,Cargo
500050114,MV_GUL_CARGO_002,CM,transit,0.9999893247931678,cargo,0.9999999823419491,0.0,0.0,0.0,0.0,0.0,1.0675206832132371e-05,0.0,0.9999893247931678,0.0,0.002430555555555555,0.0,0.0,0.002430555555555555,Transit,Cargo
500050114,MV_GUL_CARGO_002,CM,transit,0.9999893247931678,cargo,0.9999999823419491,0.0,0.0,0.0,0.0,0.0,1.0675206832132371e-05,0.0,0.9999893247931678,0.0,0.002430555555555555,0.0,0.0,0.002430555555555555,Transit,Cargo
500050114,MV_GUL_CARGO_002,CM,transit,0.9999893247931678,cargo,0.9999999823419491,0.0,0.0,0.0,0.0,0.0,1.0675206832132371e-05,0.0,0.9999893247931678,0.0,0.002430555555555555,0.0,0.0,0.002430555555555555,Transit,Cargo
500050114,MV_GUL_CARGO_002,CM,transit,0.9999893247931678,cargo,0.9999999823419491,0.0,0.0,0.0,0.0,0.0,1.0675206832132371e-05,0.0,0.9999893247931678,0.0,0.002430555555555555,0.0,0.0,0.002430555555555555,Transit,Cargo
500050114,MV_GUL_CARGO_002,CM,transit,0.9999893247931678,cargo,0.9999999823419491,0.0,0.0,0.0,0.0,0.0,1.0675206832132371e-05,0.0,0.9999893247931678,0.0,0.002430555555555555,0.0,0.0,0.002430555555555555,Transit,Cargo
500050114,MV_GUL_CARGO_002,CM,transit,0.9999893247931678,cargo,0.9999999823419491,0.0,0.0,0.0,0.0,0.0,1.0675206832132371e-05,0.0,0.9999893247931678,0.0,0.002430555555555555,0.0,0.0,0.002430555555555555,Transit,Cargo
500050114,MV_GUL_CARGO_002,CM,transit,0.9999893247931678,cargo,0.9999999823419489,0.0,0.0,0.0,0.0,0.0,1.0675206832132371e-05,0.0,0.9999893247931678,0.0,0.002430555555555555,0.0,0.0,0.002430555555555555,Transit,Cargo
500050114,MV_GUL_CARGO_002,CM,transit,0.9999893247931678,cargo,0.9999999823419489,0.0,0.0,0.0,0.0,0.0,1.0675206832132371e-05,0.0,0.9999893247931678,0.0,0.002430555555555555,0.0,0.0,0.002430555555555555,Transit,Cargo
500050114,MV_GUL_CARGO_002,CM,transit,0.9999893247931678,cargo,0.9999999823419489,0.0,0.0,0.0,0.0,0.0,1.0675206832132371e-05,0.0,0.9999893247931678,0.0,0.002430555555555555,0.0,0.0,0.002430555555555555,Transit,Cargo
500050115,MV_GUL_CARGO_003,LR,transit,0.9983226581265012,cargo,0.999999996748212,0.0,0.0,0.0,0.0016666666666666668,0.0,1.0675206832132371e-05,0.0,0.9983226581265012,0.0,0.002430555555555555,0.0,0.0,0.002430555555555555,Transit,Cargo
500050115,MV_GUL_CARGO_003,LR,transit,0.9999893247931678,cargo,0.999999996748212,0.0,0.0,0.0,0.0,0.0,1.0675206832132371e-05,0.0,0.9999893247931678,0.0,0.002430555555555555,0.0,0.0,0.002430555555555555,Transit,Cargo
500050115,MV_GUL_CARGO_003,LR,transit,0.9999893247931678,cargo,0.999999996748212,0.0,0.0,0.0,0.0,0.0,1.0675206832132371e-05,0.0,0.9999893247931678,0.0,0.002430555555555555,0.0,0.0,0.002430555555555555,Transit,Cargo
500050115,MV_GUL_CARGO_003,LR,transit,0.9999893247931678,cargo,0.999999996748212,0.0,0.0,0.0,0.0,0.0,1.0675206832132371e-05,0.0,0.9999893247931678,0.0,0.002430555555555555,0.0,0.0,0.002430555555555555,Transit,Cargo
500050115,MV_GUL_CARGO_003,LR,transit,0.9999893247931678,cargo,0.999999996748212,0.0,0.0,0.0,0.0,0.0,1.0675206832132371e-05,0.0,0.9999893247931678,0.0,0.002430555555555555,0.0,0.0,0.002430555555555555,Transit,Cargo
500050115,MV_GUL_CARGO_003,LR,transit,0.9999893247931678,cargo,0.999999996748212,0.0,0.0,0.0,0.0,0.0,1.0675206832132371e-05,0.0,0.9999893247931678,0.0,0.002430555555555555,0.0,0.0,0.002430555555555555,Transit,Cargo
500050115,MV_GUL_CARGO_003,LR,transit,0.9999893247931678,cargo,0.999999996748212,0.0,0.0,0.0,0.0,0.0,1.0675206832132371e-05,0.0,0.9999893247931678,0.0,0.002430555555555555,0.0,0.0,0.002430555555555555,Transit,Cargo
500050115,MV_GUL_CARGO_003,LR,transit,0.9999893247931678,cargo,0.999999996748212,0.0,0.0,0.0,0.0,0.0,1.0675206832132371e-05,0.0,0.9999893247931678,0.0,0.002430555555555555,0.0,0.0,0.002430555555555555,Transit,Cargo
500050115,MV_GUL_CARGO_003,LR,transit,0.9999893247931678,cargo,0.999999996748212,0.0,0.0,0.0,0.0,0.0,1.0675206832132371e-05,0.0,0.9999893247931678,0.0,0.002430555555555555,0.0,0.0,0.002430555555555555,Transit,Cargo
500050115,MV_GUL_CARGO_003,LR,transit,0.9999893247931678,cargo,0.999999996748212,0.0,0.0,0.0,0.0,0.0,1.0675206832132371e-05,0.0,0.9999893247931678,0.0,0.002430555555555555,0.0,0.0,0.002430555555555555,Transit,Cargo
500050115,MV_GUL_CARGO_003,LR,transit,0.9999893247931678,cargo,0.999999996748212,0.0,0.0,0.0,0.0,0.0,1.0675206832132371e-05,0.0,0.9999893247931678,0.0,0.002430555555555555,0.0,0.0,0.002430555555555555,Transit,Cargo
500050115,MV_GUL_CARGO_003,LR,transit,0.9999893247931678,cargo,0.999999996748212,0.0,0.0,0.0,0.0,0.0,1.0675206832132371e-05,0.0,0.9999893247931678,0.0,0.002430555555555555,0.0,0.0,0.002430555555555555,Transit,Cargo
500050115,MV_GUL_CARGO_003,LR,transit,0.9988782136820566,cargo,0.999999996748212,0.0,0.0,0.0,0.0011111111111111111,0.0,1.0675206832132371e-05,0.0,0.9988782136820566,0.0,0.002430555555555555,0.0,0.0,0.002430555555555555,Transit,Cargo
500050115,MV_GUL_CARGO_003,LR,transit,0.9999893247931678,cargo,0.999999996748212,0.0,0.0,0.0,0.0,0.0,1.0675206832132371e-05,0.0,0.9999893247931678,0.0,0.002430555555555555,0.0,0.0,0.002430555555555555,Transit,Cargo
500050115,MV_GUL_CARGO_003,LR,transit,0.9999893247931678,cargo,0.999999996748212,0.0,0.0,0.0,0.0,0.0,1.0675206832132371e-05,0.0,0.9999893247931678,0.0,0.002430555555555555,0.0,0.0,0.002430555555555555,Transit,Cargo
500050115,MV_GUL_CARGO_003,LR,transit,0.9999893247931678,cargo,0.999999996748212,0.0,0.0,0.0,0.0,0.0,1.0675206832132371e-05,0.0,0.9999893247931678,0.0,0.002430555555555555,0.0,0.0,0.002430555555555555,Transit,Cargo
500050115,MV_GUL_CARGO_003,LR,transit,0.9977671025709456,cargo,0.999999996748212,0.0,0.0,0.0,0.0011111111111111111,0.0,1.0675206832132371e-05,0.0011111111111111111,0.9977671025709456,0.0,0.002430555555555555,0.0,0.0,0.002430555555555555,Transit,Cargo
500050115,MV_GUL_CARGO_003,LR,transit,0.9988782136820566,cargo,0.999999996748212,0.0,0.0,0.0,0.0011111111111111111,0.0,1.0675206832132371e-05,0.0,0.9988782136820566,0.0,0.002430555555555555,0.0,0.0,0.002430555555555555,Transit,Cargo
500050115,MV_GUL_CARGO_003,LR,transit,0.9999893247931678,cargo,0.999999996748212,0.0,0.0,0.0,0.0,0.0,1.0675206832132371e-05,0.0,0.9999893247931678,0.0,0.002430555555555555,0.0,0.0,0.002430555555555555,Transit,Cargo
500050115,MV_GUL_CARGO_003,LR,transit,0.9999893247931678,cargo,0.999999996748212,0.0,0.0,0.0,0.0,0.0,1.0675206832132371e-05,0.0,0.9999893247931678,0.0,0.002430555555555555,0.0,0.0,0.002430555555555555,Transit,Cargo
500050115,MV_GUL_CARGO_003,LR,transit,0.9999893247931678,cargo,0.999999996748212,0.0,0.0,0.0,0.0,0.0,1.0675206832132371e-05,0.0,0.9999893247931678,0.0,0.002430555555555555,0.0,0.0,0.002430555555555555,Transit,Cargo
500050115,MV_GUL_CARGO_003,LR,transit,0.9999893247931678,cargo,0.999999996748212,0.0,0.0,0.0,0.0,0.0,1.0675206832132371e-05,0.0,0.9999893247931678,0.0,0.002430555555555555,0.0,0.0,0.002430555555555555,Transit,Cargo
500050115,MV_GUL_CARGO_003,LR,transit,0.9999893247931678,cargo,0.999999996748212,0.0,0.0,0.0,0.0,0.0,1.0675206832132371e-05,0.0,0.9999893247931678,0.0,0.002430555555555555,0.0,0.0,0.002430555555555555,Transit,Cargo
500050115,MV_GUL_CARGO_003,LR,transit,0.9983226581265012,cargo,0.9999999967562192,0.0,0.0,0.0016666666666666668,0.0,0.0,1.0675206832132371e-05,0.0,0.9983226581265012,0.0,0.002430555555555555,0.0,0.0,0.002430555555555555,Transit,Cargo
500050115,MV_GUL_CARGO_003,LR,transit,0.9999893247931678,cargo,0.999999996748212,0.0,0.0,0.0,0.0,0.0,1.0675206832132371e-05,0.0,0.9999893247931678,0.0,0.002430555555555555,0.0,0.0,0.002430555555555555,Transit,Cargo
500050115,MV_GUL_CARGO_003,LR,transit,0.9999893247931678,cargo,0.999999996748212,0.0,0.0,0.0,0.0,0.0,1.0675206832132371e-05,0.0,0.9999893247931678,0.0,0.002430555555555555,0.0,0.0,0.002430555555555555,Transit,Cargo
500050115,MV_GUL_CARGO_003,LR,transit,0.9999893247931678,cargo,0.999999996748212,0.0,0.0,0.0,0.0,0.0,1.0675206832132371e-05,0.0,0.9999893247931678,0.0,0.002430555555555555,0.0,0.0,0.002430555555555555,Transit,Cargo
500050115,MV_GUL_CARGO_003,LR,transit,0.9999893247931678,cargo,0.999999996748212,0.0,0.0,0.0,0.0,0.0,1.0675206832132371e-05,0.0,0.9999893247931678,0.0,0.002430555555555555,0.0,0.0,0.002430555555555555,Transit,Cargo
500050115,MV_GUL_CARGO_003,LR,transit,0.9999893247931678,cargo,0.999999996748212,0.0,0.0,0.0,0.0,0.0,1.0675206832132371e-05,0.0,0.9999893247931678,0.0,0.002430555555555555,0.0,0.0,0.002430555555555555,Transit,Cargo
500050115,MV_GUL_CARGO_003,LR,transit,0.9999893247931678,cargo,0.999999996748212,0.0,0.0,0.0,0.0,0.0,1.0675206832132371e-05,0.0,0.9999893247931678,0.0,0.002430555555555555,0.0,0.0,0.002430555555555555,Transit,Cargo
500050115,MV_GUL_CARGO_003,LR,transit,0.9999893247931678,cargo,0.999999996748212,0.0,0.0,0.0,0.0,0.0,1.0675206832132371e-05,0.0,0.9999893247931678,0.0,0.002430555555555555,0.0,0.0,0.002430555555555555,Transit,Cargo
500050115,MV_GUL_CARGO_003,LR,transit,0.9999893247931678,cargo,0.999999996748212,0.0,0.0,0.0,0.0,0.0,1.0675206832132371e-05,0.0,0.9999893247931678,0.0,0.002430555555555555,0.0,0.0,0.002430555555555555,Transit,Cargo
500050115,MV_GUL_CARGO_003,LR,transit,0.9999893247931678,cargo,0.999999996748212,0.0,0.0,0.0,0.0,0.0,1.0675206832132371e-05,0.0,0.9999893247931678,0.0,0.002430555555555555,0.0,0.0,0.002430555555555555,Transit,Cargo
500050115,MV_GUL_CARGO_003,LR,transit,0.9999893247931678,cargo,0.999999996748212,0.0,0.0,0.0,0.0,0.0,1.0675206832132371e-05,0.0,0.9999893247931678,0.0,0.002430555555555555,0.0,0.0,0.002430555555555555,Transit,Cargo
500050115,MV_GUL_CARGO_003,LR,transit,0.9999893247931678,cargo,0.999999996748212,0.0,0.0,0.0,0.0,0.0,1.0675206832132371e-05,0.0,0.9999893247931678,0.0,0.002430555555555555,0.0,0.0,0.002430555555555555,Transit,Cargo
500050115,MV_GUL_CARGO_003,LR,transit,0.9999893247931678,cargo,0.999999996748212,0.0,0.0,0.0,0.0,0.0,1.0675206832132371e-05,0.0,0.9999893247931678,0.0,0.002430555555555555,0.0,0.0,0.002430555555555555,Transit,Cargo
500050115,MV_GUL_CARGO_003,LR,transit,0.9999893247931678,cargo,0.999999996748212,0.0,0.0,0.0,0.0,0.0,1.0675206832132371e-05,0.0,0.9999893247931678,0.0,0.002430555555555555,0.0,0.0,0.002430555555555555,Transit,Cargo
500050115,MV_GUL_CARGO_003,LR,transit,0.9999893247931678,cargo,0.999999996748212,0.0,0.0,0.0,0.0,0.0,1.0675206832132371e-05,0.0,0.9999893247931678,0.0,0.002430555555555555,0.0,0.0,0.002430555555555555,Transit,Cargo
500050115,MV_GUL_CARGO_003,LR,transit,0.9999893247931678,cargo,0.999999996748212,0.0,0.0,0.0,0.0,0.0,1.0675206832132371e-05,0.0,0.9999893247931678,0.0,0.002430555555555555,0.0,0.0,0.002430555555555555,Transit,Cargo
500050115,MV_GUL_CARGO_003,LR,transit,0.9999893247931678,cargo,0.999999996748212,0.0,0.0,0.0,0.0,0.0,1.0675206832132371e-05,0.0,0.9999893247931678,0.0,0.002430555555555555,0.0,0.0,0.002430555555555555,Transit,Cargo
500050115,MV_GUL_CARGO_003,LR,transit,0.9999893247931678,cargo,0.999999996748212,0.0,0.0,0.0,0.0,0.0,1.0675206832132371e-05,0.0,0.9999893247931678,0.0,0.002430555555555555,0.0,0.0,0.002430555555555555,Transit,Cargo
500050115,MV_GUL_CARGO_003,LR,transit,0.9999893247931678,cargo,0.999999996748212,0.0,0.0,0.0,0.0,0.0,1.0675206832132371e-05,0.0,0.9999893247931678,0.0,0.002430555555555555,0.0,0.0,0.002430555555555555,Transit,Cargo
500050115,MV_GUL_CARGO_003,LR,transit,0.9933226581265012,cargo,0.9999999967541151,0.006666666666666667,0.0,0.0,0.0,0.0,1.0675206832132371e-05,0.0,0.9933226581265012,0.0,0.002430555555555555,0.0,0.0,0.002430555555555555,Transit,Cargo
500050115,MV_GUL_CARGO_003,LR,transit,0.9999893247931678,cargo,0.999999996748212,0.0,0.0,0.0,0.0,0.0,1.0675206832132371e-05,0.0,0.9999893247931678,0.0,0.002430555555555555,0.0,0.0,0.002430555555555555,Transit,Cargo
500050115,MV_GUL_CARGO_003,LR,transit,0.9999893247931678,cargo,0.999999996748212,0.0,0.0,0.0,0.0,0.0,1.0675206832132371e-05,0.0,0.9999893247931678,0.0,0.002430555555555555,0.0,0.0,0.002430555555555555,Transit,Cargo
500050115,MV_GUL_CARGO_003,LR,transit,0.9999893247931678,cargo,0.999999996748212,0.0,0.0,0.0,0.0,0.0,1.0675206832132371e-05,0.0,0.9999893247931678,0.0,0.002430555555555555,0.0,0.0,0.002430555555555555,Transit,Cargo
500050115,MV_GUL_CARGO_003,LR,transit,0.9999893247931678,cargo,0.999999996748212,0.0,0.0,0.0,0.0,0.0,1.0675206832132371e-05,0.0,0.9999893247931678,0.0,0.002430555555555555,0.0,0.0,0.002430555555555555,Transit,Cargo
500050115,MV_GUL_CARGO_003,LR,transit,0.9999893247931678,cargo,0.999999996748212,0.0,0.0,0.0,0.0,0.0,1.0675206832132371e-05,0.0,0.9999893247931678,0.0,0.002430555555555555,0.0,0.0,0.002430555555555555,Transit,Cargo
500050115,MV_GUL_CARGO_003,LR,transit,0.9916559914598345,cargo,0.999999996748212,0.0011111111111111111,0.0,0.0022222222222222222,0.0,0.0,1.0675206832132371e-05,0.005,0.9916559914598345,0.0,0.002430555555555555,0.0,0.0,0.002430555555555555,Transit,Cargo
500050115,MV_GUL_CARGO_003,LR,transit,0.9966559914598345,cargo,0.999999996748212,0.0033333333333333335,0.0,0.0,0.0,0.0,1.0675206832132371e-05,0.0,0.9966559914598345,0.0,0.002430555555555555,0.0,0.0,0.002430555555555555,Transit,Cargo
500050115,MV_GUL_CARGO_003,LR,transit,0.9999893247931678,cargo,0.999999996748212,0.0,0.0,0.0,0.0,0.0,1.0675206832132371e-05,0.0,0.9999893247931678,0.0,0.002430555555555555,0.0,0.0,0.002430555555555555,Transit,Cargo
500050115,MV_GUL_CARGO_003,LR,transit,0.9999893247931678,cargo,0.999999996748212,0.0,0.0,0.0,0.0,0.0,1.0675206832132371e-05,0.0,0.9999893247931678,0.0,0.002430555555555555,0.0,0.0,0.002430555555555555,Transit,Cargo
500050115,MV_GUL_CARGO_003,LR,transit,0.9999893247931678,cargo,0.999999996748212,0.0,0.0,0.0,0.0,0.0,1.0675206832132371e-05,0.0,0.9999893247931678,0.0,0.002430555555555555,0.0,0.0,0.002430555555555555,Transit,Cargo
500050115,MV_GUL_CARGO_003,LR,transit,0.9999893247931678,cargo,0.999999996748212,0.0,0.0,0.0,0.0,0.0,1.0675206832132371e-05,0.0,0.9999893247931678,0.0,0.002430555555555555,0.0,0.0,0.002430555555555555,Transit,Cargo
500050115,MV_GUL_CARGO_003,LR,transit,0.9999893247931678,cargo,0.999999996748212,0.0,0.0,0.0,0.0,0.0,1.0675206832132371e-05,0.0,0.9999893247931678,0.0,0.002430555555555555,0.0,0.0,0.002430555555555555,Transit,Cargo
500050115,MV_GUL_CARGO_003,LR,transit,0.9999893247931678,cargo,0.999999996748212,0.0,0.0,0.0,0.0,0.0,1.0675206832132371e-05,0.0,0.9999893247931678,0.0,0.002430555555555555,0.0,0.0,0.002430555555555555,Transit,Cargo
500050116,MV_GUL_CARGO_004,GH,transit,0.9999893247931678,cargo,0.9999999964024082,0.0,0.0,0.0,0.0,0.0,1.0675206832132371e-05,0.0,0.9999893247931678,0.0,0.002430555555555555,0.0,0.0,0.002430555555555555,Transit,Cargo
500050116,MV_GUL_CARGO_004,GH,transit,0.9999893247931678,cargo,0.9999999964024082,0.0,0.0,0.0,0.0,0.0,1.0675206832132371e-05,0.0,0.9999893247931678,0.0,0.002430555555555555,0.0,0.0,0.002430555555555555,Transit,Cargo
500050116,MV_GUL_CARGO_004,GH,transit,0.9999893247931678,cargo,0.9999999964024082,0.0,0.0,0.0,0.0,0.0,1.0675206832132371e-05,0.0,0.9999893247931678,0.0,0.002430555555555555,0.0,0.0,0.002430555555555555,Transit,Cargo
500050116,MV_GUL_CARGO_004,GH,transit,0.9983226581265012,cargo,0.9999999964024082,0.0,0.0,0.0,0.0016666666666666668,0.0,1.0675206832132371e-05,0.0,0.9983226581265012,0.0,0.002430555555555555,0.0,0.0,0.002430555555555555,Transit,Cargo
500050116,MV_GUL_CARGO_004,GH,transit,0.9999893247931678,cargo,0.9999999964024082,0.0,0.0,0.0,0.0,0.0,1.0675206832132371e-05,0.0,0.9999893247931678,0.0,0.002430555555555555,0.0,0.0,0.002430555555555555,Transit,Cargo
500050116,MV_GUL_CARGO_004,GH,transit,0.9999893247931678,cargo,0.9999999964024082,0.0,0.0,0.0,0.0,0.0,1.0675206832132371e-05,0.0,0.9999893247931678,0.0,0.002430555555555555,0.0,0.0,0.002430555555555555,Transit,Cargo
500050116,MV_GUL_CARGO_004,GH,transit,0.9999893247931678,cargo,0.9999999964024082,0.0,0.0,0.0,0.0,0.0,1.0675206832132371e-05,0.0,0.9999893247931678,0.0,0.002430555555555555,0.0,0.0,0.002430555555555555,Transit,Cargo
500050116,MV_GUL_CARGO_004,GH,transit,0.9999893247931678,cargo,0.9999999964024082,0.0,0.0,0.0,0.0,0.0,1.0675206832132371e-05,0.0,0.9999893247931678,0.0,0.002430555555555555,0.0,0.0,0.002430555555555555,Transit,Cargo
500050116,MV_GUL_CARGO_004,GH,transit,0.9999893247931678,cargo,0.9999999964024082,0.0,0.0,0.0,0.0,0.0,1.0675206832132371e-05,0.0,0.9999893247931678,0.0,0.002430555555555555,0.0,0.0,0.002430555555555555,Transit,Cargo
500050116,MV_GUL_CARGO_004,GH,transit,0.9999893247931678,cargo,0.9999999964024082,0.0,0.0,0.0,0.0,0.0,1.0675206832132371e-05,0.0,0.9999893247931678,0.0,0.002430555555555555,0.0,0.0,0.002430555555555555,Transit,Cargo
500050116,MV_GUL_CARGO_004,GH,transit,0.9999893247931678,cargo,0.9999999964024082,0.0,0.0,0.0,0.0,0.0,1.0675206832132371e-05,0.0,0.9999893247931678,0.0,0.002430555555555555,0.0,0.0,0.002430555555555555,Transit,Cargo
500050116,MV_GUL_CARGO_004,GH,transit,0.9999893247931678,cargo,0.9999999964024082,0.0,0.0,0.0,0.0,0.0,1.0675206832132371e-05,0.0,0.9999893247931678,0.0,0.002430555555555555,0.0,0.0,0.002430555555555555,Transit,Cargo
500050116,MV_GUL_CARGO_004,GH,transit,0.9999893247931678,cargo,0.9999999964024082,0.0,0.0,0.0,0.0,0.0,1.0675206832132371e-05,0.0,0.9999893247931678,0.0,0.002430555555555555,0.0,0.0,0.002430555555555555,Transit,Cargo
500050116,MV_GUL_CARGO_004,GH,transit,0.9999893247931678,cargo,0.9999999964024082,0.0,0.0,0.0,0.0,0.0,1.0675206832132371e-05,0.0,0.9999893247931678,0.0,0.002430555555555555,0.0,0.0,0.002430555555555555,Transit,Cargo
500050116,MV_GUL_CARGO_004,GH,transit,0.9999893247931678,cargo,0.9999999964024082,0.0,0.0,0.0,0.0,0.0,1.0675206832132371e-05,0.0,0.9999893247931678,0.0,0.002430555555555555,0.0,0.0,0.002430555555555555,Transit,Cargo
500050116,MV_GUL_CARGO_004,GH,transit,0.9999893247931678,cargo,0.9999999964024082,0.0,0.0,0.0,0.0,0.0,1.0675206832132371e-05,0.0,0.9999893247931678,0.0,0.002430555555555555,0.0,0.0,0.002430555555555555,Transit,Cargo
500050116,MV_GUL_CARGO_004,GH,transit,0.9999893247931678,cargo,0.9999999964024082,0.0,0.0,0.0,0.0,0.0,1.0675206832132371e-05,0.0,0.9999893247931678,0.0,0.002430555555555555,0.0,0.0,0.002430555555555555,Transit,Cargo
500050116,MV_GUL_CARGO_004,GH,transit,0.9999893247931678,cargo,0.9999999964024082,0.0,0.0,0.0,0.0,0.0,1.0675206832132371e-05,0.0,0.9999893247931678,0.0,0.002430555555555555,0.0,0.0,0.002430555555555555,Transit,Cargo
500050116,MV_GUL_CARGO_004,GH,transit,0.9999893247931678,cargo,0.9999999964024082,0.0,0.0,0.0,0.0,0.0,1.0675206832132371e-05,0.0,0.9999893247931678,0.0,0.002430555555555555,0.0,0.0,0.002430555555555555,Transit,Cargo
500050116,MV_GUL_CARGO_004,GH,transit,0.9999893247931678,cargo,0.9999999964024082,0.0,0.0,0.0,0.0,0.0,1.0675206832132371e-05,0.0,0.9999893247931678,0.0,0.002430555555555555,0.0,0.0,0.002430555555555555,Transit,Cargo
500050116,MV_GUL_CARGO_004,GH,transit,0.9999893247931678,cargo,0.9999999964024082,0.0,0.0,0.0,0.0,0.0,1.0675206832132371e-05,0.0,0.9999893247931678,0.0,0.002430555555555555,0.0,0.0,0.002430555555555555,Transit,Cargo
500050116,MV_GUL_CARGO_004,GH,transit,0.9983226581265012,cargo,0.9999999964024082,0.0,0.0,0.0,0.0016666666666666668,0.0,1.0675206832132371e-05,0.0,0.9983226581265012,0.0,0.002430555555555555,0.0,0.0,0.002430555555555555,Transit,Cargo
500050116,MV_GUL_CARGO_004,GH,transit,0.9702671025709457,cargo,0.9999999964766999,0.0,0.0,0.0,0.01722222222222222,0.0022222222222222222,0.006955119651276575,0.0,0.9702671025709457,0.0033333333333333335,0.002430555555555555,0.0,0.0,0.002430555555555555,Transit,Cargo
500050116,MV_GUL_CARGO_004,GH,transit,0.9999893247931678,cargo,0.9999999964024082,0.0,0.0,0.0,0.0,0.0,1.0675206832132371e-05,0.0,0.9999893247931678,0.0,0.002430555555555555,0.0,0.0,0.002430555555555555,Transit,Cargo
500050116,MV_GUL_CARGO_004,GH,transit,0.9999893247931678,cargo,0.9999999964024082,0.0,0.0,0.0,0.0,0.0,1.0675206832132371e-05,0.0,0.9999893247931678,0.0,0.002430555555555555,0.0,0.0,0.002430555555555555,Transit,Cargo
500050116,MV_GUL_CARGO_004,GH,transit,0.9999893247931678,cargo,0.9999999964024082,0.0,0.0,0.0,0.0,0.0,1.0675206832132371e-05,0.0,0.9999893247931678,0.0,0.002430555555555555,0.0,0.0,0.002430555555555555,Transit,Cargo
500050116,MV_GUL_CARGO_004,GH,transit,0.9999893247931678,cargo,0.9999999964024082,0.0,0.0,0.0,0.0,0.0,1.0675206832132371e-05,0.0,0.9999893247931678,0.0,0.002430555555555555,0.0,0.0,0.002430555555555555,Transit,Cargo
500050116,MV_GUL_CARGO_004,GH,transit,0.9999893247931678,cargo,0.9999999964024082,0.0,0.0,0.0,0.0,0.0,1.0675206832132371e-05,0.0,0.9999893247931678,0.0,0.002430555555555555,0.0,0.0,0.002430555555555555,Transit,Cargo
500050116,MV_GUL_CARGO_004,GH,transit,0.9999893247931678,cargo,0.9999999964024082,0.0,0.0,0.0,0.0,0.0,1.0675206832132371e-05,0.0,0.9999893247931678,0.0,0.002430555555555555,0.0,0.0,0.002430555555555555,Transit,Cargo
500050116,MV_GUL_CARGO_004,GH,transit,0.9999893247931678,cargo,0.9999999964024082,0.0,0.0,0.0,0.0,0.0,1.0675206832132371e-05,0.0,0.9999893247931678,0.0,0.002430555555555555,0.0,0.0,0.002430555555555555,Transit,Cargo
500050116,MV_GUL_CARGO_004,GH,transit,0.9999893247931678,cargo,0.9999999964024082,0.0,0.0,0.0,0.0,0.0,1.0675206832132371e-05,0.0,0.9999893247931678,0.0,0.002430555555555555,0.0,0.0,0.002430555555555555,Transit,Cargo
500050116,MV_GUL_CARGO_004,GH,transit,0.9999893247931678,cargo,0.9999999964024082,0.0,0.0,0.0,0.0,0.0,1.0675206832132371e-05,0.0,0.9999893247931678,0.0,0.002430555555555555,0.0,0.0,0.002430555555555555,Transit,Cargo
500050116,MV_GUL_CARGO_004,GH,transit,0.9999893247931678,cargo,0.9999999964024082,0.0,0.0,0.0,0.0,0.0,1.0675206832132371e-05,0.0,0.9999893247931678,0.0,0.002430555555555555,0.0,0.0,0.002430555555555555,Transit,Cargo
500050116,MV_GUL_CARGO_004,GH,transit,0.9999893247931678,cargo,0.9999999964024082,0.0,0.0,0.0,0.0,0.0,1.0675206832132371e-05,0.0,0.9999893247931678,0.0,0.002430555555555555,0.0,0.0,0.002430555555555555,Transit,Cargo
500050116,MV_GUL_CARGO_004,GH,transit,0.9999893247931678,cargo,0.9999999964024082,0.0,0.0,0.0,0.0,0.0,1.0675206832132371e-05,0.0,0.9999893247931678,0.0,0.002430555555555555,0.0,0.0,0.002430555555555555,Transit,Cargo
500050116,MV_GUL_CARGO_004,GH,transit,0.9999893247931678,cargo,0.9999999964024082,0.0,0.0,0.0,0.0,0.0,1.0675206832132371e-05,0.0,0.9999893247931678,0.0,0.002430555555555555,0.0,0.0,0.002430555555555555,Transit,Cargo
500050116,MV_GUL_CARGO_004,GH,transit,0.9999893247931678,cargo,0.9999999964024082,0.0,0.0,0.0,0.0,0.0,1.0675206832132371e-05,0.0,0.9999893247931678,0.0,0.002430555555555555,0.0,0.0,0.002430555555555555,Transit,Cargo
500050116,MV_GUL_CARGO_004,GH,transit,0.9999893247931678,cargo,0.9999999964024082,0.0,0.0,0.0,0.0,0.0,1.0675206832132371e-05,0.0,0.9999893247931678,0.0,0.002430555555555555,0.0,0.0,0.002430555555555555,Transit,Cargo
500050116,MV_GUL_CARGO_004,GH,transit,0.9999893247931678,cargo,0.9999999964024082,0.0,0.0,0.0,0.0,0.0,1.0675206832132371e-05,0.0,0.9999893247931678,0.0,0.002430555555555555,0.0,0.0,0.002430555555555555,Transit,Cargo
500050116,MV_GUL_CARGO_004,GH,transit,0.9999893247931678,cargo,0.9999999964024082,0.0,0.0,0.0,0.0,0.0,1.0675206832132371e-05,0.0,0.9999893247931678,0.0,0.002430555555555555,0.0,0.0,0.002430555555555555,Transit,Cargo
500050116,MV_GUL_CARGO_004,GH,transit,0.9999893247931678,cargo,0.9999999964024082,0.0,0.0,0.0,0.0,0.0,1.0675206832132371e-05,0.0,0.9999893247931678,0.0,0.002430555555555555,0.0,0.0,0.002430555555555555,Transit,Cargo
500050116,MV_GUL_CARGO_004,GH,transit,0.9999893247931678,cargo,0.9999999964024082,0.0,0.0,0.0,0.0,0.0,1.0675206832132371e-05,0.0,0.9999893247931678,0.0,0.002430555555555555,0.0,0.0,0.002430555555555555,Transit,Cargo
500050116,MV_GUL_CARGO_004,GH,transit,0.9966559914598345,cargo,0.9999999964024082,0.0,0.0,0.0,0.0033333333333333335,0.0,1.0675206832132371e-05,0.0,0.9966559914598345,0.0,0.002430555555555555,0.0,0.0,0.002430555555555555,Transit,Cargo
500050116,MV_GUL_CARGO_004,GH,transit,0.9999893247931678,cargo,0.9999999964024082,0.0,0.0,0.0,0.0,0.0,1.0675206832132371e-05,0.0,0.9999893247931678,0.0,0.002430555555555555,0.0,0.0,0.002430555555555555,Transit,Cargo
500050116,MV_GUL_CARGO_004,GH,transit,0.9999893247931678,cargo,0.9999999964024082,0.0,0.0,0.0,0.0,0.0,1.0675206832132371e-05,0.0,0.9999893247931678,0.0,0.002430555555555555,0.0,0.0,0.002430555555555555,Transit,Cargo
500050116,MV_GUL_CARGO_004,GH,transit,0.9999893247931678,cargo,0.9999999964024082,0.0,0.0,0.0,0.0,0.0,1.0675206832132371e-05,0.0,0.9999893247931678,0.0,0.002430555555555555,0.0,0.0,0.002430555555555555,Transit,Cargo
500050116,MV_GUL_CARGO_004,GH,transit,0.9991559914598346,cargo,0.9999999964024082,0.0,0.0,0.0,0.0008333333333333334,0.0,1.0675206832132371e-05,0.0,0.9991559914598346,0.0,0.002430555555555555,0.0,0.0,0.002430555555555555,Transit,Cargo
500050116,MV_GUL_CARGO_004,GH,transit,0.9999893247931678,cargo,0.9999999964024082,0.0,0.0,0.0,0.0,0.0,1.0675206832132371e-05,0.0,0.9999893247931678,0.0,0.002430555555555555,0.0,0.0,0.002430555555555555,Transit,Cargo
500050116,MV_GUL_CARGO_004,GH,transit,0.9999893247931678,cargo,0.9999999964024082,0.0,0.0,0.0,0.0,0.0,1.0675206832132371e-05,0.0,0.9999893247931678,0.0,0.002430555555555555,0.0,0.0,0.002430555555555555,Transit,Cargo
500050116,MV_GUL_CARGO_004,GH,transit,0.9999893247931678,cargo,0.9999999964024082,0.0,0.0,0.0,0.0,0.0,1.0675206832132371e-05,0.0,0.9999893247931678,0.0,0.002430555555555555,0.0,0.0,0.002430555555555555,Transit,Cargo
500050116,MV_GUL_CARGO_004,GH,transit,0.9999893247931678,cargo,0.9999999964024082,0.0,0.0,0.0,0.0,0.0,1.0675206832132371e-05,0.0,0.9999893247931678,0.0,0.002430555555555555,0.0,0.0,0.002430555555555555,Transit,Cargo
500050116,MV_GUL_CARGO_004,GH,transit,0.9999893247931678,cargo,0.9999999964024082,0.0,0.0,0.0,0.0,0.0,1.0675206832132371e-05,0.0,0.9999893247931678,0.0,0.002430555555555555,0.0,0.0,0.002430555555555555,Transit,Cargo
500050116,MV_GUL_CARGO_004,GH,transit,0.9999893247931678,cargo,0.9999999964024082,0.0,0.0,0.0,0.0,0.0,1.0675206832132371e-05,0.0,0.9999893247931678,0.0,0.002430555555555555,0.0,0.0,0.002430555555555555,Transit,Cargo
500050116,MV_GUL_CARGO_004,GH,transit,0.9999893247931678,cargo,0.9999999964024082,0.0,0.0,0.0,0.0,0.0,1.0675206832132371e-05,0.0,0.9999893247931678,0.0,0.002430555555555555,0.0,0.0,0.002430555555555555,Transit,Cargo
500050116,MV_GUL_CARGO_004,GH,transit,0.9999893247931678,cargo,0.9999999964024082,0.0,0.0,0.0,0.0,0.0,1.0675206832132371e-05,0.0,0.9999893247931678,0.0,0.002430555555555555,0.0,0.0,0.002430555555555555,Transit,Cargo
500050116,MV_GUL_CARGO_004,GH,transit,0.9999893247931678,cargo,0.9999999964024082,0.0,0.0,0.0,0.0,0.0,1.0675206832132371e-05,0.0,0.9999893247931678,0.0,0.002430555555555555,0.0,0.0,0.002430555555555555,Transit,Cargo
500050117,MV_GUL_CARGO_005,KR,transit,0.9999893247931678,cargo,0.9999999966540589,0.0,0.0,0.0,0.0,0.0,1.0675206832132371e-05,0.0,0.9999893247931678,0.0,0.002430555555555555,0.0,0.0,0.002430555555555555,Transit,Cargo
500050117,MV_GUL_CARGO_005,KR,transit,0.9999893247931678,cargo,0.9999999966540589,0.0,0.0,0.0,0.0,0.0,1.0675206832132371e-05,0.0,0.9999893247931678,0.0,0.002430555555555555,0.0,0.0,0.002430555555555555,Transit,Cargo
500050117,MV_GUL_CARGO_005,KR,transit,0.9999893247931678,cargo,0.9999999966540589,0.0,0.0,0.0,0.0,0.0,1.0675206832132371e-05,0.0,0.9999893247931678,0.0,0.002430555555555555,0.0,0.0,0.002430555555555555,Transit,Cargo
500050117,MV_GUL_CARGO_005,KR,transit,0.9999893247931678,cargo,0.9999999966540589,0.0,0.0,0.0,0.0,0.0,1.0675206832132371e-05,0.0,0.9999893247931678,0.0,0.002430555555555555,0.0,0.0,0.002430555555555555,Transit,Cargo
500050117,MV_GUL_CARGO_005,KR,transit,0.9999893247931678,cargo,0.9999999966540589,0.0,0.0,0.0,0.0,0.0,1.0675206832132371e-05,0.0,0.9999893247931678,0.0,0.002430555555555555,0.0,0.0,0.002430555555555555,Transit,Cargo
500050117,MV_GUL_CARGO_005,KR,transit,0.9999893247931678,cargo,0.9999999966540589,0.0,0.0,0.0,0.0,0.0,1.0675206832132371e-05,0.0,0.9999893247931678,0.0,0.002430555555555555,0.0,0.0,0.002430555555555555,Transit,Cargo
500050117,MV_GUL_CARGO_005,KR,transit,0.9999893247931678,cargo,0.9999999966540589,0.0,0.0,0.0,0.0,0.0,1.0675206832132371e-05,0.0,0.9999893247931678,0.0,0.002430555555555555,0.0,0.0,0.002430555555555555,Transit,Cargo
500050117,MV_GUL_CARGO_005,KR,transit,0.9966559914598345,cargo,0.9999999966540589,0.0033333333333333335,0.0,0.0,0.0,0.0,1.0675206832132371e-05,0.0,0.9966559914598345,0.0,0.002430555555555555,0.0,0.0,0.002430555555555555,Transit,Cargo
500050117,MV_GUL_CARGO_005,KR,transit,0.9999893247931678,cargo,0.9999999966540589,0.0,0.0,0.0,0.0,0.0,1.0675206832132371e-05,0.0,0.9999893247931678,0.0,0.002430555555555555,0.0,0.0,0.002430555555555555,Transit,Cargo
500050117,MV_GUL_CARGO_005,KR,transit,0.9999893247931678,cargo,0.9999999966540589,0.0,0.0,0.0,0.0,0.0,1.0675206832132371e-05,0.0,0.9999893247931678,0.0,0.002430555555555555,0.0,0.0,0.002430555555555555,Transit,Cargo
500050117,MV_GUL_CARGO_005,KR,transit,0.9999893247931678,cargo,0.9999999966540589,0.0,0.0,0.0,0.0,0.0,1.0675206832132371e-05,0.0,0.9999893247931678,0.0,0.002430555555555555,0.0,0.0,0.002430555555555555,Transit,Cargo
500050117,MV_GUL_CARGO_005,KR,transit,0.9999893247931678,cargo,0.9999999966540589,0.0,0.0,0.0,0.0,0.0,1.0675206832132371e-05,0.0,0.9999893247931678,0.0,0.002430555555555555,0.0,0.0,0.002430555555555555,Transit,Cargo
500050117,MV_GUL_CARGO_005,KR,transit,0.9999893247931678,cargo,0.9999999966540589,0.0,0.0,0.0,0.0,0.0,1.0675206832132371e-05,0.0,0.9999893247931678,0.0,0.002430555555555555,0.0,0.0,0.002430555555555555,Transit,Cargo
500050117,MV_GUL_CARGO_005,KR,transit,0.9999893247931678,cargo,0.9999999966540589,0.0,0.0,0.0,0.0,0.0,1.0675206832132371e-05,0.0,0.9999893247931678,0.0,0.002430555555555555,0.0,0.0,0.002430555555555555,Transit,Cargo
500050117,MV_GUL_CARGO_005,KR,transit,0.9999893247931678,cargo,0.9999999966540589,0.0,0.0,0.0,0.0,0.0,1.0675206832132371e-05,0.0,0.9999893247931678,0.0,0.002430555555555555,0.0,0.0,0.002430555555555555,Transit,Cargo
500050117,MV_GUL_CARGO_005,KR,transit,0.9999893247931678,cargo,0.9999999966540589,0.0,0.0,0.0,0.0,0.0,1.0675206832132371e-05,0.0,0.9999893247931678,0.0,0.002430555555555555,0.0,0.0,0.002430555555555555,Transit,Cargo
500050117,MV_GUL_CARGO_005,KR,transit,0.9999893247931678,cargo,0.9999999966540589,0.0,0.0,0.0,0.0,0.0,1.0675206832132371e-05,0.0,0.9999893247931678,0.0,0.002430555555555555,0.0,0.0,0.002430555555555555,Transit,Cargo
500050117,MV_GUL_CARGO_005,KR,transit,0.9999893247931678,cargo,0.9999999966540589,0.0,0.0,0.0,0.0,0.0,1.0675206832132371e-05,0.0,0.9999893247931678,0.0,0.002430555555555555,0.0,0.0,0.002430555555555555,Transit,Cargo
500050117,MV_GUL_CARGO_005,KR,transit,0.9999893247931678,cargo,0.9999999966540589,0.0,0.0,0.0,0.0,0.0,1.0675206832132371e-05,0.0,0.9999893247931678,0.0,0.002430555555555555,0.0,0.0,0.002430555555555555,Transit,Cargo
500050117,MV_GUL_CARGO_005,KR,transit,0.9999893247931678,cargo,0.9999999966540589,0.0,0.0,0.0,0.0,0.0,1.0675206832132371e-05,0.0,0.9999893247931678,0.0,0.002430555555555555,0.0,0.0,0.002430555555555555,Transit,Cargo
500050117,MV_GUL_CARGO_005,KR,transit,0.9999893247931678,cargo,0.9999999966540589,0.0,0.0,0.0,0.0,0.0,1.0675206832132371e-05,0.0,0.9999893247931678,0.0,0.002430555555555555,0.0,0.0,0.002430555555555555,Transit,Cargo
500050117,MV_GUL_CARGO_005,KR,transit,0.9999893247931678,cargo,0.9999999966540589,0.0,0.0,0.0,0.0,0.0,1.0675206832132371e-05,0.0,0.9999893247931678,0.0,0.002430555555555555,0.0,0.0,0.002430555555555555,Transit,Cargo
500050117,MV_GUL_CARGO_005,KR,transit,0.9999893247931678,cargo,0.9999999966540589,0.0,0.0,0.0,0.0,0.0,1.0675206832132371e-05,0.0,0.9999893247931678,0.0,0.002430555555555555,0.0,0.0,0.002430555555555555,Transit,Cargo
500050117,MV_GUL_CARGO_005,KR,transit,0.9999893247931678,cargo,0.9999999966540589,0.0,0.0,0.0,0.0,0.0,1.0675206832132371e-05,0.0,0.9999893247931678,0.0,0.002430555555555555,0.0,0.0,0.002430555555555555,Transit,Cargo
500050117,MV_GUL_CARGO_005,KR,transit,0.9999893247931678,cargo,0.9999999966540589,0.0,0.0,0.0,0.0,0.0,1.0675206832132371e-05,0.0,0.9999893247931678,0.0,0.002430555555555555,0.0,0.0,0.002430555555555555,Transit,Cargo
500050117,MV_GUL_CARGO_005,KR,transit,0.9999893247931678,cargo,0.9999999966540589,0.0,0.0,0.0,0.0,0.0,1.0675206832132371e-05,0.0,0.9999893247931678,0.0,0.002430555555555555,0.0,0.0,0.002430555555555555,Transit,Cargo
500050117,MV_GUL_CARGO_005,KR,transit,0.9999893247931678,cargo,0.9999999966540589,0.0,0.0,0.0,0.0,0.0,1.0675206832132371e-05,0.0,0.9999893247931678,0.0,0.002430555555555555,0.0,0.0,0.002430555555555555,Transit,Cargo
500050117,MV_GUL_CARGO_005,KR,transit,0.9999893247931678,cargo,0.9999999966540589,0.0,0.0,0.0,0.0,0.0,1.0675206832132371e-05,0.0,0.9999893247931678,0.0,0.002430555555555555,0.0,0.0,0.002430555555555555,Transit,Cargo
500050117,MV_GUL_CARGO_005,KR,transit,0.9999893247931678,cargo,0.9999999966540589,0.0,0.0,0.0,0.0,0.0,1.0675206832132371e-05,0.0,0.9999893247931678,0.0,0.002430555555555555,0.0,0.0,0.002430555555555555,Transit,Cargo
500050117,MV_GUL_CARGO_005,KR,transit,0.9999893247931678,cargo,0.9999999966540589,0.0,0.0,0.0,0.0,0.0,1.0675206832132371e-05,0.0,0.9999893247931678,0.0,0.002430555555555555,0.0,0.0,0.002430555555555555,Transit,Cargo
500050117,MV_GUL_CARGO_005,KR,transit,0.9999893247931678,cargo,0.9999999966540589,0.0,0.0,0.0,0.0,0.0,1.0675206832132371e-05,0.0,0.9999893247931678,0.0,0.002430555555555555,0.0,0.0,0.002430555555555555,Transit,Cargo
500050117,MV_GUL_CARGO_005,KR,transit,0.9999893247931678,cargo,0.9999999966540589,0.0,0.0,0.0,0.0,0.0,1.0675206832132371e-05,0.0,0.9999893247931678,0.0,0.002430555555555555,0.0,0.0,0.002430555555555555,Transit,Cargo
500050117,MV_GUL_CARGO_005,KR,transit,0.9999893247931678,cargo,0.9999999966540589,0.0,0.0,0.0,0.0,0.0,1.0675206832132371e-05,0.0,0.9999893247931678,0.0,0.002430555555555555,0.0,0.0,0.002430555555555555,Transit,Cargo
500050117,MV_GUL_CARGO_005,KR,transit,0.9999893247931678,cargo,0.9999999966540589,0.0,0.0,0.0,0.0,0.0,1.0675206832132371e-05,0.0,0.9999893247931678,0.0,0.002430555555555555,0.0,0.0,0.002430555555555555,Transit,Cargo
500050117,MV_GUL_CARGO_005,KR,transit,0.9977671025709458,cargo,0.9999999966540589,0.0,0.0,0.0,0.0,0.0,0.0022328974290543547,0.0,0.9977671025709458,0.0,0.002430555555555555,0.0,0.0,0.002430555555555555,Transit,Cargo
500050117,MV_GUL_CARGO_005,KR,transit,0.9999893247931678,cargo,0.9999999966540589,0.0,0.0,0.0,0.0,0.0,1.0675206832132371e-05,0.0,0.9999893247931678,0.0,0.002430555555555555,0.0,0.0,0.002430555555555555,Transit,Cargo
500050117,MV_GUL_CARGO_005,KR,transit,0.9999893247931678,cargo,0.9999999966540589,0.0,0.0,0.0,0.0,0.0,1.0675206832132371e-05,0.0,0.9999893247931678,0.0,0.002430555555555555,0.0,0.0,0.002430555555555555,Transit,Cargo
500050117,MV_GUL_CARGO_005,KR,transit,0.9999893247931678,cargo,0.9999999966540589,0.0,0.0,0.0,0.0,0.0,1.0675206832132371e-05,0.0,0.9999893247931678,0.0,0.002430555555555555,0.0,0.0,0.002430555555555555,Transit,Cargo
500050117,MV_GUL_CARGO_005,KR,transit,0.9999893247931678,cargo,0.9999999966540589,0.0,0.0,0.0,0.0,0.0,1.0675206832132371e-05,0.0,0.9999893247931678,0.0,0.002430555555555555,0.0,0.0,0.002430555555555555,Transit,Cargo
500050117,MV_GUL_CARGO_005,KR,transit,0.9999893247931678,cargo,0.9999999966540589,0.0,0.0,0.0,0.0,0.0,1.0675206832132371e-05,0.0,0.9999893247931678,0.0,0.002430555555555555,0.0,0.0,0.002430555555555555,Transit,Cargo
500050117,MV_GUL_CARGO_005,KR,transit,0.9999893247931678,cargo,0.9999999966540589,0.0,0.0,0.0,0.0,0.0,1.0675206832132371e-05,0.0,0.9999893247931678,0.0,0.002430555555555555,0.0,0.0,0.002430555555555555,Transit,Cargo
500050117,MV_GUL_CARGO_005,KR,transit,0.9999893247931678,cargo,0.9999999966540589,0.0,0.0,0.0,0.0,0.0,1.0675206832132371e-05,0.0,0.9999893247931678,0.0,0.002430555555555555,0.0,0.0,0.002430555555555555,Transit,Cargo
500050117,MV_GUL_CARGO_005,KR,transit,0.9999893247931678,cargo,0.9999999966540589,0.0,0.0,0.0,0.0,0.0,1.0675206832132371e-05,0.0,0.9999893247931678,0.0,0.002430555555555555,0.0,0.0,0.002430555555555555,Transit,Cargo
500050117,MV_GUL_CARGO_005,KR,transit,0.9999893247931678,cargo,0.9999999966540589,0.0,0.0,0.0,0.0,0.0,1.0675206832132371e-05,0.0,0.9999893247931678,0.0,0.002430555555555555,0.0,0.0,0.002430555555555555,Transit,Cargo
500050117,MV_GUL_CARGO_005,KR,transit,0.9999893247931678,cargo,0.9999999966540589,0.0,0.0,0.0,0.0,0.0,1.0675206832132371e-05,0.0,0.9999893247931678,0.0,0.002430555555555555,0.0,0.0,0.002430555555555555,Transit,Cargo
500050117,MV_GUL_CARGO_005,KR,transit,0.9999893247931678,cargo,0.9999999966540589,0.0,0.0,0.0,0.0,0.0,1.0675206832132371e-05,0.0,0.9999893247931678,0.0,0.002430555555555555,0.0,0.0,0.002430555555555555,Transit,Cargo
500050117,MV_GUL_CARGO_005,KR,transit,0.9999893247931678,cargo,0.9999999966540589,0.0,0.0,0.0,0.0,0.0,1.0675206832132371e-05,0.0,0.9999893247931678,0.0,0.002430555555555555,0.0,0.0,0.002430555555555555,Transit,Cargo
500050117,MV_GUL_CARGO_005,KR,transit,0.9999893247931678,cargo,0.9999999966540589,0.0,0.0,0.0,0.0,0.0,1.0675206832132371e-05,0.0,0.9999893247931678,0.0,0.002430555555555555,0.0,0.0,0.002430555555555555,Transit,Cargo
500050117,MV_GUL_CARGO_005,KR,transit,0.9999893247931678,cargo,0.9999999966540589,0.0,0.0,0.0,0.0,0.0,1.0675206832132371e-05,0.0,0.9999893247931678,0.0,0.002430555555555555,0.0,0.0,0.002430555555555555,Transit,Cargo
500050117,MV_GUL_CARGO_005,KR,transit,0.9999893247931678,cargo,0.9999999966540589,0.0,0.0,0.0,0.0,0.0,1.0675206832132371e-05,0.0,0.9999893247931678,0.0,0.002430555555555555,0.0,0.0,0.002430555555555555,Transit,Cargo
500050117,MV_GUL_CARGO_005,KR,transit,0.9999893247931678,cargo,0.9999999966540589,0.0,0.0,0.0,0.0,0.0,1.0675206832132371e-05,0.0,0.9999893247931678,0.0,0.002430555555555555,0.0,0.0,0.002430555555555555,Transit,Cargo
500050117,MV_GUL_CARGO_005,KR,transit,0.9999893247931678,cargo,0.9999999966540589,0.0,0.0,0.0,0.0,0.0,1.0675206832132371e-05,0.0,0.9999893247931678,0.0,0.002430555555555555,0.0,0.0,0.002430555555555555,Transit,Cargo
500050117,MV_GUL_CARGO_005,KR,transit,0.9999893247931678,cargo,0.9999999966540589,0.0,0.0,0.0,0.0,0.0,1.0675206832132371e-05,0.0,0.9999893247931678,0.0,0.002430555555555555,0.0,0.0,0.002430555555555555,Transit,Cargo
500050117,MV_GUL_CARGO_005,KR,transit,0.9999893247931678,cargo,0.9999999966540589,0.0,0.0,0.0,0.0,0.0,1.0675206832132371e-05,0.0,0.9999893247931678,0.0,0.002430555555555555,0.0,0.0,0.002430555555555555,Transit,Cargo
500050117,MV_GUL_CARGO_005,KR,transit,0.9999893247931678,cargo,0.9999999966540589,0.0,0.0,0.0,0.0,0.0,1.0675206832132371e-05,0.0,0.9999893247931678,0.0,0.002430555555555555,0.0,0.0,0.002430555555555555,Transit,Cargo
500050117,MV_GUL_CARGO_005,KR,transit,0.9999893247931678,cargo,0.9999999966540589,0.0,0.0,0.0,0.0,0.0,1.0675206832132371e-05,0.0,0.9999893247931678,0.0,0.002430555555555555,0.0,0.0,0.002430555555555555,Transit,Cargo
500050118,MV_GUL_CARGO_006,CN,transit,0.9999893247931678,cargo,0.9999999971536266,0.0,0.0,0.0,0.0,0.0,1.0675206832132371e-05,0.0,0.9999893247931678,0.0,0.002430555555555555,0.0,0.0,0.002430555555555555,Transit,Cargo
500050118,MV_GUL_CARGO_006,CN,transit,0.9999893247931678,cargo,0.9999999971536266,0.0,0.0,0.0,0.0,0.0,1.0675206832132371e-05,0.0,0.9999893247931678,0.0,0.002430555555555555,0.0,0.0,0.002430555555555555,Transit,Cargo
500050118,MV_GUL_CARGO_006,CN,transit,0.9999893247931678,cargo,0.9999999971536266,0.0,0.0,0.0,0.0,0.0,1.0675206832132371e-05,0.0,0.9999893247931678,0.0,0.002430555555555555,0.0,0.0,0.002430555555555555,Transit,Cargo
500050118,MV_GUL_CARGO_006,CN,transit,0.9949893247931679,cargo,0.9999999971536266,0.0,0.0,0.0,0.0033333333333333335,0.0,0.0016773418734987993,0.0,0.9949893247931679,0.0,0.002430555555555555,0.0,0.0,0.002430555555555555,Transit,Cargo
500050118,MV_GUL_CARGO_006,CN,transit,0.9999893247931678,cargo,0.9999999971536266,0.0,0.0,0.0,0.0,0.0,1.0675206832132371e-05,0.0,0.9999893247931678,0.0,0.002430555555555555,0.0,0.0,0.002430555555555555,Transit,Cargo
500050118,MV_GUL_CARGO_006,CN,transit,0.9935448803487235,cargo,0.9999999971536266,0.0,0.0,0.0,0.0064444444444444445,0.0,1.0675206832132371e-05,0.0,0.9935448803487235,0.0,0.002430555555555555,0.0,0.0,0.002430555555555555,Transit,Cargo
500050118,MV_GUL_CARGO_006,CN,transit,0.9999893247931678,cargo,0.9999999971536266,0.0,0.0,0.0,0.0,0.0,1.0675206832132371e-05,0.0,0.9999893247931678,0.0,0.002430555555555555,0.0,0.0,0.002430555555555555,Transit,Cargo
500050118,MV_GUL_CARGO_006,CN,transit,0.9999893247931678,cargo,0.9999999971536266,0.0,0.0,0.0,0.0,0.0,1.0675206832132371e-05,0.0,0.9999893247931678,0.0,0.002430555555555555,0.0,0.0,0.002430555555555555,Transit,Cargo
500050118,MV_GUL_CARGO_006,CN,transit,0.9999893247931678,cargo,0.9999999971536266,0.0,0.0,0.0,0.0,0.0,1.0675206832132371e-05,0.0,0.9999893247931678,0.0,0.002430555555555555,0.0,0.0,0.002430555555555555,Transit,Cargo
500050118,MV_GUL_CARGO_006,CN,transit,0.9999893247931678,cargo,0.9999999971536266,0.0,0.0,0.0,0.0,0.0,1.0675206832132371e-05,0.0,0.9999893247931678,0.0,0.002430555555555555,0.0,0.0,0.002430555555555555,Transit,Cargo
500050118,MV_GUL_CARGO_006,CN,transit,0.9999893247931678,cargo,0.9999999971536266,0.0,0.0,0.0,0.0,0.0,1.0675206832132371e-05,0.0,0.9999893247931678,0.0,0.002430555555555555,0.0,0.0,0.002430555555555555,Transit,Cargo
500050118,MV_GUL_CARGO_006,CN,transit,0.9999893247931678,cargo,0.9999999971536266,0.0,0.0,0.0,0.0,0.0,1.0675206832132371e-05,0.0,0.9999893247931678,0.0,0.002430555555555555,0.0,0.0,0.002430555555555555,Transit,Cargo
500050118,MV_GUL_CARGO_006,CN,transit,0.9999893247931678,cargo,0.9999999971536266,0.0,0.0,0.0,0.0,0.0,1.0675206832132371e-05,0.0,0.9999893247931678,0.0,0.002430555555555555,0.0,0.0,0.002430555555555555,Transit,Cargo
500050118,MV_GUL_CARGO_006,CN,transit,0.9966559914598345,cargo,0.9999999971536266,0.0033333333333333335,0.0,0.0,0.0,0.0,1.0675206832132371e-05,0.0,0.9966559914598345,0.0,0.002430555555555555,0.0,0.0,0.002430555555555555,Transit,Cargo
500050118,MV_GUL_CARGO_006,CN,transit,0.9999893247931678,cargo,0.9999999971536266,0.0,0.0,0.0,0.0,0.0,1.0675206832132371e-05,0.0,0.9999893247931678,0.0,0.002430555555555555,0.0,0.0,0.002430555555555555,Transit,Cargo
500050118,MV_GUL_CARGO_006,CN,transit,0.9999893247931678,cargo,0.9999999971536266,0.0,0.0,0.0,0.0,0.0,1.0675206832132371e-05,0.0,0.9999893247931678,0.0,0.002430555555555555,0.0,0.0,0.002430555555555555,Transit,Cargo
500050118,MV_GUL_CARGO_006,CN,transit,0.9999893247931678,cargo,0.9999999971536266,0.0,0.0,0.0,0.0,0.0,1.0675206832132371e-05,0.0,0.9999893247931678,0.0,0.002430555555555555,0.0,0.0,0.002430555555555555,Transit,Cargo
500050118,MV_GUL_CARGO_006,CN,transit,0.9999893247931678,cargo,0.9999999971536266,0.0,0.0,0.0,0.0,0.0,1.0675206832132371e-05,0.0,0.9999893247931678,0.0,0.002430555555555555,0.0,0.0,0.002430555555555555,Transit,Cargo
500050118,MV_GUL_CARGO_006,CN,transit,0.9999893247931678,cargo,0.9999999971536266,0.0,0.0,0.0,0.0,0.0,1.0675206832132371e-05,0.0,0.9999893247931678,0.0,0.002430555555555555,0.0,0.0,0.002430555555555555,Transit,Cargo
500050118,MV_GUL_CARGO_006,CN,transit,0.9999893247931678,cargo,0.9999999971536266,0.0,0.0,0.0,0.0,0.0,1.0675206832132371e-05,0.0,0.9999893247931678,0.0,0.002430555555555555,0.0,0.0,0.002430555555555555,Transit,Cargo
500050118,MV_GUL_CARGO_006,CN,transit,0.9999893247931678,cargo,0.9999999971536266,0.0,0.0,0.0,0.0,0.0,1.0675206832132371e-05,0.0,0.9999893247931678,0.0,0.002430555555555555,0.0,0.0,0.002430555555555555,Transit,Cargo
500050118,MV_GUL_CARGO_006,CN,transit,0.9999893247931678,cargo,0.9999999971536266,0.0,0.0,0.0,0.0,0.0,1.0675206832132371e-05,0.0,0.9999893247931678,0.0,0.002430555555555555,0.0,0.0,0.002430555555555555,Transit,Cargo
500050118,MV_GUL_CARGO_006,CN,transit,0.9999893247931678,cargo,0.9999999971536266,0.0,0.0,0.0,0.0,0.0,1.0675206832132371e-05,0.0,0.9999893247931678,0.0,0.002430555555555555,0.0,0.0,0.002430555555555555,Transit,Cargo
500050118,MV_GUL_CARGO_006,CN,transit,0.9999893247931678,cargo,0.9999999971536266,0.0,0.0,0.0,0.0,0.0,1.0675206832132371e-05,0.0,0.9999893247931678,0.0,0.002430555555555555,0.0,0.0,0.002430555555555555,Transit,Cargo
500050118,MV_GUL_CARGO_006,CN,transit,0.9999893247931678,cargo,0.9999999971536266,0.0,0.0,0.0,0.0,0.0,1.0675206832132371e-05,0.0,0.9999893247931678,0.0,0.002430555555555555,0.0,0.0,0.002430555555555555,Transit,Cargo
500050118,MV_GUL_CARGO_006,CN,transit,0.9999893247931678,cargo,0.9999999971536266,0.0,0.0,0.0,0.0,0.0,1.0675206832132371e-05,0.0,0.9999893247931678,0.0,0.002430555555555555,0.0,0.0,0.002430555555555555,Transit,Cargo
500050118,MV_GUL_CARGO_006,CN,transit,0.9999893247931678,cargo,0.9999999971536266,0.0,0.0,0.0,0.0,0.0,1.0675206832132371e-05,0.0,0.9999893247931678,0.0,0.002430555555555555,0.0,0.0,0.002430555555555555,Transit,Cargo
500050118,MV_GUL_CARGO_006,CN,transit,0.9999893247931678,cargo,0.9999999971536266,0.0,0.0,0.0,0.0,0.0,1.0675206832132371e-05,0.0,0.9999893247931678,0.0,0.002430555555555555,0.0,0.0,0.002430555555555555,Transit,Cargo
500050118,MV_GUL_CARGO_006,CN,transit,0.9999893247931678,cargo,0.9999999971536266,0.0,0.0,0.0,0.0,0.0,1.0675206832132371e-05,0.0,0.9999893247931678,0.0,0.002430555555555555,0.0,0.0,0.002430555555555555,Transit,Cargo
500050118,MV_GUL_CARGO_006,CN,transit,0.9999893247931678,cargo,0.9999999971536266,0.0,0.0,0.0,0.0,0.0,1.0675206832132371e-05,0.0,0.9999893247931678,0.0,0.002430555555555555,0.0,0.0,0.002430555555555555,Transit,Cargo
500050118,MV_GUL_CARGO_006,CN,transit,0.9999893247931678,cargo,0.9999999971536266,0.0,0.0,0.0,0.0,0.0,1.0675206832132371e-05,0.0,0.9999893247931678,0.0,0.002430555555555555,0.0,0.0,0.002430555555555555,Transit,Cargo
500050118,MV_GUL_CARGO_006,CN,transit,0.9999893247931678,cargo,0.9999999971536266,0.0,0.0,0.0,0.0,0.0,1.0675206832132371e-05,0.0,0.9999893247931678,0.0,0.002430555555555555,0.0,0.0,0.002430555555555555,Transit,Cargo
500050118,MV_GUL_CARGO_006,CN,transit,0.9999893247931678,cargo,0.9999999971536266,0.0,0.0,0.0,0.0,0.0,1.0675206832132371e-05,0.0,0.9999893247931678,0.0,0.002430555555555555,0.0,0.0,0.002430555555555555,Transit,Cargo
500050118,MV_GUL_CARGO_006,CN,transit,0.9999893247931678,cargo,0.9999999971536266,0.0,0.0,0.0,0.0,0.0,1.0675206832132371e-05,0.0,0.9999893247931678,0.0,0.002430555555555555,0.0,0.0,0.002430555555555555,Transit,Cargo
500050118,MV_GUL_CARGO_006,CN,transit,0.9999893247931678,cargo,0.9999999971536266,0.0,0.0,0.0,0.0,0.0,1.0675206832132371e-05,0.0,0.9999893247931678,0.0,0.002430555555555555,0.0,0.0,0.002430555555555555,Transit,Cargo
500050118,MV_GUL_CARGO_006,CN,transit,0.9999893247931678,cargo,0.9999999971536266,0.0,0.0,0.0,0.0,0.0,1.0675206832132371e-05,0.0,0.9999893247931678,0.0,0.002430555555555555,0.0,0.0,0.002430555555555555,Transit,Cargo
500050118,MV_GUL_CARGO_006,CN,transit,0.9999893247931678,cargo,0.9999999971536266,0.0,0.0,0.0,0.0,0.0,1.0675206832132371e-05,0.0,0.9999893247931678,0.0,0.002430555555555555,0.0,0.0,0.002430555555555555,Transit,Cargo
500050118,MV_GUL_CARGO_006,CN,transit,0.9999893247931678,cargo,0.9999999971536266,0.0,0.0,0.0,0.0,0.0,1.0675206832132371e-05,0.0,0.9999893247931678,0.0,0.002430555555555555,0.0,0.0,0.002430555555555555,Transit,Cargo
500050118,MV_GUL_CARGO_006,CN,transit,0.9988782136820566,cargo,0.9999999971536266,0.0,0.0,0.0,0.0011111111111111111,0.0,1.0675206832132371e-05,0.0,0.9988782136820566,0.0,0.002430555555555555,0.0,0.0,0.002430555555555555,Transit,Cargo
500050118,MV_GUL_CARGO_006,CN,transit,0.9949893247931679,cargo,0.9999999971536266,0.005,0.0,0.0,0.0,0.0,1.0675206832132371e-05,0.0,0.9949893247931679,0.0,0.002430555555555555,0.0,0.0,0.002430555555555555,Transit,Cargo
500050118,MV_GUL_CARGO_006,CN,transit,0.9999893247931678,cargo,0.9999999971536266,0.0,0.0,0.0,0.0,0.0,1.0675206832132371e-05,0.0,0.9999893247931678,0.0,0.002430555555555555,0.0,0.0,0.002430555555555555,Transit,Cargo
500050118,MV_GUL_CARGO_006,CN,transit,0.9983226581265012,cargo,0.9999999971536266,0.0016666666666666668,0.0,0.0,0.0,0.0,1.0675206832132371e-05,0.0,0.9983226581265012,0.0,0.002430555555555555,0.0,0.0,0.002430555555555555,Transit,Cargo
500050118,MV_GUL_CARGO_006,CN,transit,0.9983226581265012,cargo,0.9999999971536266,0.0016666666666666668,0.0,0.0,0.0,0.0,1.0675206832132371e-05,0.0,0.9983226581265012,0.0,0.002430555555555555,0.0,0.0,0.002430555555555555,Transit,Cargo
500050118,MV_GUL_CARGO_006,CN,transit,0.9999893247931678,cargo,0.9999999971536266,0.0,0.0,0.0,0.0,0.0,1.0675206832132371e-05,0.0,0.9999893247931678,0.0,0.002430555555555555,0.0,0.0,0.002430555555555555,Transit,Cargo
500050118,MV_GUL_CARGO_006,CN,transit,0.9999893247931678,cargo,0.9999999971536266,0.0,0.0,0.0,0.0,0.0,1.0675206832132371e-05,0.0,0.9999893247931678,0.0,0.002430555555555555,0.0,0.0,0.002430555555555555,Transit,Cargo
500050118,MV_GUL_CARGO_006,CN,transit,0.9961004359042789,cargo,0.9999999971536266,0.0038888888888888883,0.0,0.0,0.0,0.0,1.0675206832132371e-05,0.0,0.9961004359042789,0.0,0.002430555555555555,0.0,0.0,0.002430555555555555,Transit,Cargo
500050118,MV_GUL_CARGO_006,CN,transit,0.9999893247931678,cargo,0.9999999971536266,0.0,0.0,0.0,0.0,0.0,1.0675206832132371e-05,0.0,0.9999893247931678,0.0,0.002430555555555555,0.0,0.0,0.002430555555555555,Transit,Cargo
500050118,MV_GUL_CARGO_006,CN,transit,0.9999893247931678,cargo,0.9999999971536266,0.0,0.0,0.0,0.0,0.0,1.0675206832132371e-05,0.0,0.9999893247931678,0.0,0.002430555555555555,0.0,0.0,0.002430555555555555,Transit,Cargo
500050118,MV_GUL_CARGO_006,CN,transit,0.9999893247931678,cargo,0.9999999971536266,0.0,0.0,0.0,0.0,0.0,1.0675206832132371e-05,0.0,0.9999893247931678,0.0,0.002430555555555555,0.0,0.0,0.002430555555555555,Transit,Cargo
500050118,MV_GUL_CARGO_006,CN,transit,0.9999893247931678,cargo,0.9999999971536266,0.0,0.0,0.0,0.0,0.0,1.0675206832132371e-05,0.0,0.9999893247931678,0.0,0.002430555555555555,0.0,0.0,0.002430555555555555,Transit,Cargo
500050118,MV_GUL_CARGO_006,CN,transit,0.9999893247931678,cargo,0.9999999971536266,0.0,0.0,0.0,0.0,0.0,1.0675206832132371e-05,0.0,0.9999893247931678,0.0,0.002430555555555555,0.0,0.0,0.002430555555555555,Transit,Cargo
500050118,MV_GUL_CARGO_006,CN,transit,0.9999893247931678,cargo,0.9999999971536266,0.0,0.0,0.0,0.0,0.0,1.0675206832132371e-05,0.0,0.9999893247931678,0.0,0.002430555555555555,0.0,0.0,0.002430555555555555,Transit,Cargo
500050118,MV_GUL_CARGO_006,CN,transit,0.9999893247931678,cargo,0.9999999971536266,0.0,0.0,0.0,0.0,0.0,1.0675206832132371e-05,0.0,0.9999893247931678,0.0,0.002430555555555555,0.0,0.0,0.002430555555555555,Transit,Cargo
500050118,MV_GUL_CARGO_006,CN,transit,0.9999893247931678,cargo,0.9999999971536266,0.0,0.0,0.0,0.0,0.0,1.0675206832132371e-05,0.0,0.9999893247931678,0.0,0.002430555555555555,0.0,0.0,0.002430555555555555,Transit,Cargo
500050118,MV_GUL_CARGO_006,CN,transit,0.9999893247931678,cargo,0.9999999971536266,0.0,0.0,0.0,0.0,0.0,1.0675206832132371e-05,0.0,0.9999893247931678,0.0,0.002430555555555555,0.0,0.0,0.002430555555555555,Transit,Cargo
500050118,MV_GUL_CARGO_006,CN,transit,0.9999893247931678,cargo,0.9999999971536266,0.0,0.0,0.0,0.0,0.0,1.0675206832132371e-05,0.0,0.9999893247931678,0.0,0.002430555555555555,0.0,0.0,0.002430555555555555,Transit,Cargo
500050119,MV_GUL_CARGO_007,SL,transit,0.9999893247931678,cargo,0.9999999966611903,0.0,0.0,0.0,0.0,0.0,1.0675206832132371e-05,0.0,0.9999893247931678,0.0,0.002430555555555555,0.3,0.0,0.3,Transit,Cargo
500050119,MV_GUL_CARGO_007,SL,transit,0.9999893247931678,cargo,0.9999999966540587,0.0,0.0,0.0,0.0,0.0,1.0675206832132371e-05,0.0,0.9999893247931678,0.0,0.002430555555555555,0.3,0.0,0.3,Transit,Cargo
500050119,MV_GUL_CARGO_007,SL,transit,0.9999893247931678,cargo,0.9999999966540587,0.0,0.0,0.0,0.0,0.0,1.0675206832132371e-05,0.0,0.9999893247931678,0.0,0.002430555555555555,0.3,0.0,0.3,Transit,Cargo
500050119,MV_GUL_CARGO_007,SL,transit,0.9999893247931678,cargo,0.9999999966540587,0.0,0.0,0.0,0.0,0.0,1.0675206832132371e-05,0.0,0.9999893247931678,0.0,0.002430555555555555,0.3,0.0,0.3,Transit,Cargo
500050119,MV_GUL_CARGO_007,SL,transit,0.9932115470153902,cargo,0.9999999966611752,0.002333333333333333,0.0,0.0033333333333333335,0.0011111111111111111,0.0,1.0675206832132371e-05,0.0,0.9932115470153902,0.0,0.002430555555555555,0.3,0.0,0.3,Transit,Cargo
500050119,MV_GUL_CARGO_007,SL,transit,0.9988782136820566,cargo,0.9999999966540587,0.0,0.0,0.0,0.0011111111111111111,0.0,1.0675206832132371e-05,0.0,0.9988782136820566,0.0,0.002430555555555555,0.3,0.0,0.3,Transit,Cargo
500050119,MV_GUL_CARGO_007,SL,transit,0.9999893247931678,cargo,0.9999999966540587,0.0,0.0,0.0,0.0,0.0,1.0675206832132371e-05,0.0,0.9999893247931678,0.0,0.002430555555555555,0.3,0.0,0.3,Transit,Cargo
500050119,MV_GUL_CARGO_007,SL,transit,0.9999893247931678,cargo,0.9999999966540587,0.0,0.0,0.0,0.0,0.0,1.0675206832132371e-05,0.0,0.9999893247931678,0.0,0.002430555555555555,0.3,0.0,0.3,Transit,Cargo
500050119,MV_GUL_CARGO_007,SL,transit,0.9999893247931678,cargo,0.9999999966540587,0.0,0.0,0.0,0.0,0.0,1.0675206832132371e-05,0.0,0.9999893247931678,0.0,0.002430555555555555,0.3,0.0,0.3,Transit,Cargo
500050119,MV_GUL_CARGO_007,SL,transit,0.9999893247931678,cargo,0.9999999966540587,0.0,0.0,0.0,0.0,0.0,1.0675206832132371e-05,0.0,0.9999893247931678,0.0,0.002430555555555555,0.3,0.0,0.3,Transit,Cargo
500050119,MV_GUL_CARGO_007,SL,transit,0.9999893247931678,cargo,0.9999999966540587,0.0,0.0,0.0,0.0,0.0,1.0675206832132371e-05,0.0,0.9999893247931678,0.0,0.002430555555555555,0.3,0.0,0.3,Transit,Cargo
500050119,MV_GUL_CARGO_007,SL,transit,0.9999893247931678,cargo,0.9999999966540587,0.0,0.0,0.0,0.0,0.0,1.0675206832132371e-05,0.0,0.9999893247931678,0.0,0.002430555555555555,0.3,0.0,0.3,Transit,Cargo
500050119,MV_GUL_CARGO_007,SL,transit,0.9999893247931678,cargo,0.9999999966540587,0.0,0.0,0.0,0.0,0.0,1.0675206832132371e-05,0.0,0.9999893247931678,0.0,0.002430555555555555,0.3,0.0,0.3,Transit,Cargo
500050119,MV_GUL_CARGO_007,SL,transit,0.9999893247931678,cargo,0.9999999966540587,0.0,0.0,0.0,0.0,0.0,1.0675206832132371e-05,0.0,0.9999893247931678,0.0,0.002430555555555555,0.3,0.0,0.3,Transit,Cargo
500050119,MV_GUL_CARGO_007,SL,transit,0.9999893247931678,cargo,0.9999999966611752,0.0,0.0,0.0,0.0,0.0,1.0675206832132371e-05,0.0,0.9999893247931678,0.0,0.002430555555555555,0.3,0.0,0.3,Transit,Cargo
500050119,MV_GUL_CARGO_007,SL,transit,0.9999893247931678,cargo,0.9999999966540587,0.0,0.0,0.0,0.0,0.0,1.0675206832132371e-05,0.0,0.9999893247931678,0.0,0.002430555555555555,0.3,0.0,0.3,Transit,Cargo
500050119,MV_GUL_CARGO_007,SL,transit,0.9999893247931678,cargo,0.9999999966540587,0.0,0.0,0.0,0.0,0.0,1.0675206832132371e-05,0.0,0.9999893247931678,0.0,0.002430555555555555,0.3,0.0,0.3,Transit,Cargo
500050119,MV_GUL_CARGO_007,SL,transit,0.9999893247931678,cargo,0.9999999966540587,0.0,0.0,0.0,0.0,0.0,1.0675206832132371e-05,0.0,0.9999893247931678,0.0,0.002430555555555555,0.3,0.0,0.3,Transit,Cargo
500050119,MV_GUL_CARGO_007,SL,transit,0.9999893247931678,cargo,0.9999999966540587,0.0,0.0,0.0,0.0,0.0,1.0675206832132371e-05,0.0,0.9999893247931678,0.0,0.002430555555555555,0.3,0.0,0.3,Transit,Cargo
500050119,MV_GUL_CARGO_007,SL,transit,0.9999893247931678,cargo,0.9999999966540587,0.0,0.0,0.0,0.0,0.0,1.0675206832132371e-05,0.0,0.9999893247931678,0.0,0.002430555555555555,0.3,0.0,0.3,Transit,Cargo
500050119,MV_GUL_CARGO_007,SL,transit,0.9999893247931678,cargo,0.9999999966540587,0.0,0.0,0.0,0.0,0.0,1.0675206832132371e-05,0.0,0.9999893247931678,0.0,0.002430555555555555,0.3,0.0,0.3,Transit,Cargo
500050119,MV_GUL_CARGO_007,SL,transit,0.9999893247931678,cargo,0.9999999966540587,0.0,0.0,0.0,0.0,0.0,1.0675206832132371e-05,0.0,0.9999893247931678,0.0,0.002430555555555555,0.3,0.0,0.3,Transit,Cargo
500050119,MV_GUL_CARGO_007,SL,transit,0.9999893247931678,cargo,0.9999999966540587,0.0,0.0,0.0,0.0,0.0,1.0675206832132371e-05,0.0,0.9999893247931678,0.0,0.002430555555555555,0.3,0.0,0.3,Transit,Cargo
500050119,MV_GUL_CARGO_007,SL,transit,0.9999893247931678,cargo,0.9999999966540587,0.0,0.0,0.0,0.0,0.0,1.0675206832132371e-05,0.0,0.9999893247931678,0.0,0.002430555555555555,0.3,0.0,0.3,Transit,Cargo
500050119,MV_GUL_CARGO_007,SL,transit,0.9983226581265012,cargo,0.9999999966540587,0.0,0.0,0.0,0.0016666666666666668,0.0,1.0675206832132371e-05,0.0,0.9983226581265012,0.0,0.002430555555555555,0.3,0.0,0.3,Transit,Cargo
500050119,MV_GUL_CARGO_007,SL,transit,0.9983226581265012,cargo,0.9999999966540587,0.0,0.0,0.0,0.0016666666666666668,0.0,1.0675206832132371e-05,0.0,0.9983226581265012,0.0,0.002430555555555555,0.3,0.0,0.3,Transit,Cargo
500050119,MV_GUL_CARGO_007,SL,transit,0.9999893247931678,cargo,0.9999999966540587,0.0,0.0,0.0,0.0,0.0,1.0675206832132371e-05,0.0,0.9999893247931678,0.0,0.002430555555555555,0.3,0.0,0.3,Transit,Cargo
500050119,MV_GUL_CARGO_007,SL,transit,0.9999893247931678,cargo,0.9999999966540587,0.0,0.0,0.0,0.0,0.0,1.0675206832132371e-05,0.0,0.9999893247931678,0.0,0.002430555555555555,0.3,0.0,0.3,Transit,Cargo
500050119,MV_GUL_CARGO_007,SL,transit,0.9999893247931678,cargo,0.9999999966540587,0.0,0.0,0.0,0.0,0.0,1.0675206832132371e-05,0.0,0.9999893247931678,0.0,0.002430555555555555,0.3,0.0,0.3,Transit,Cargo
500050119,MV_GUL_CARGO_007,SL,transit,0.9999893247931678,cargo,0.9999999966540587,0.0,0.0,0.0,0.0,0.0,1.0675206832132371e-05,0.0,0.9999893247931678,0.0,0.002430555555555555,0.3,0.0,0.3,Transit,Cargo
500050119,MV_GUL_CARGO_007,SL,transit,0.9999893247931678,cargo,0.9999999893809245,0.0,0.0,0.0,0.0,0.0,1.0675206832132371e-05,0.0,0.9999893247931678,0.0,0.002430555555555555,0.3,0.0,0.3,Transit,Cargo
500050119,MV_GUL_CARGO_007,SL,transit,0.9999893247931678,cargo,0.9999999966540587,0.0,0.0,0.0,0.0,0.0,1.0675206832132371e-05,0.0,0.9999893247931678,0.0,0.002430555555555555,0.3,0.0,0.3,Transit,Cargo
500050119,MV_GUL_CARGO_007,SL,transit,0.9999893247931678,cargo,0.9999999966540587,0.0,0.0,0.0,0.0,0.0,1.0675206832132371e-05,0.0,0.9999893247931678,0.0,0.002430555555555555,0.3,0.0,0.3,Transit,Cargo
500050119,MV_GUL_CARGO_007,SL,transit,0.9999893247931678,cargo,0.9999999966540587,0.0,0.0,0.0,0.0,0.0,1.0675206832132371e-05,0.0,0.9999893247931678,0.0,0.002430555555555555,0.3,0.0,0.3,Transit,Cargo
500050119,MV_GUL_CARGO_007,SL,transit,0.9999893247931678,cargo,0.9999999966540587,0.0,0.0,0.0,0.0,0.0,1.0675206832132371e-05,0.0,0.9999893247931678,0.0,0.002430555555555555,0.3,0.0,0.3,Transit,Cargo
500050119,MV_GUL_CARGO_007,SL,transit,0.9999893247931678,cargo,0.9999999966540587,0.0,0.0,0.0,0.0,0.0,1.0675206832132371e-05,0.0,0.9999893247931678,0.0,0.002430555555555555,0.3,0.0,0.3,Transit,Cargo
500050119,MV_GUL_CARGO_007,SL,transit,0.9999893247931678,cargo,0.9999999966540587,0.0,0.0,0.0,0.0,0.0,1.0675206832132371e-05,0.0,0.9999893247931678,0.0,0.002430555555555555,0.3,0.0,0.3,Transit,Cargo
500050119,MV_GUL_CARGO_007,SL,transit,0.9999893247931678,cargo,0.9999999966540587,0.0,0.0,0.0,0.0,0.0,1.0675206832132371e-05,0.0,0.9999893247931678,0.0,0.002430555555555555,0.3,0.0,0.3,Transit,Cargo
500050119,MV_GUL_CARGO_007,SL,transit,0.9999893247931678,cargo,0.9999999966540587,0.0,0.0,0.0,0.0,0.0,1.0675206832132371e-05,0.0,0.9999893247931678,0.0,0.002430555555555555,0.3,0.0,0.3,Transit,Cargo
500050119,MV_GUL_CARGO_007,SL,transit,0.9999893247931678,cargo,0.9999999966540587,0.0,0.0,0.0,0.0,0.0,1.0675206832132371e-05,0.0,0.9999893247931678,0.0,0.002430555555555555,0.3,0.0,0.3,Transit,Cargo
500050119,MV_GUL_CARGO_007,SL,transit,0.9999893247931678,cargo,0.9999999966540587,0.0,0.0,0.0,0.0,0.0,1.0675206832132371e-05,0.0,0.9999893247931678,0.0,0.002430555555555555,0.3,0.0,0.3,Transit,Cargo
500050119,MV_GUL_CARGO_007,SL,transit,0.9999893247931678,cargo,0.9999999966540587,0.0,0.0,0.0,0.0,0.0,1.0675206832132371e-05,0.0,0.9999893247931678,0.0,0.002430555555555555,0.3,0.0,0.3,Transit,Cargo
500050119,MV_GUL_CARGO_007,SL,transit,0.9999893247931678,cargo,0.9999999966540587,0.0,0.0,0.0,0.0,0.0,1.0675206832132371e-05,0.0,0.9999893247931678,0.0,0.002430555555555555,0.3,0.0,0.3,Transit,Cargo
500050119,MV_GUL_CARGO_007,SL,transit,0.9999893247931678,cargo,0.9999999966540587,0.0,0.0,0.0,0.0,0.0,1.0675206832132371e-05,0.0,0.9999893247931678,0.0,0.002430555555555555,0.3,0.0,0.3,Transit,Cargo
500050119,MV_GUL_CARGO_007,SL,transit,0.9999893247931678,cargo,0.9999999966540587,0.0,0.0,0.0,0.0,0.0,1.0675206832132371e-05,0.0,0.9999893247931678,0.0,0.002430555555555555,0.3,0.0,0.3,Transit,Cargo
500050119,MV_GUL_CARGO_007,SL,transit,0.9999893247931678,cargo,0.9999999966540587,0.0,0.0,0.0,0.0,0.0,1.0675206832132371e-05,0.0,0.9999893247931678,0.0,0.002430555555555555,0.3,0.0,0.3,Transit,Cargo
500050119,MV_GUL_CARGO_007,SL,transit,0.9999893247931678,cargo,0.9999999966540587,0.0,0.0,0.0,0.0,0.0,1.0675206832132371e-05,0.0,0.9999893247931678,0.0,0.002430555555555555,0.3,0.0,0.3,Transit,Cargo
500050119,MV_GUL_CARGO_007,SL,transit,0.9999893247931678,cargo,0.9999999966540587,0.0,0.0,0.0,0.0,0.0,1.0675206832132371e-05,0.0,0.9999893247931678,0.0,0.002430555555555555,0.3,0.0,0.3,Transit,Cargo
500050119,MV_GUL_CARGO_007,SL,transit,0.9999893247931678,cargo,0.9999999966540587,0.0,0.0,0.0,0.0,0.0,1.0675206832132371e-05,0.0,0.9999893247931678,0.0,0.002430555555555555,0.3,0.0,0.3,Transit,Cargo
500050119,MV_GUL_CARGO_007,SL,transit,0.9999893247931678,cargo,0.9999999966540587,0.0,0.0,0.0,0.0,0.0,1.0675206832132371e-05,0.0,0.9999893247931678,0.0,0.002430555555555555,0.3,0.0,0.3,Transit,Cargo
500050119,MV_GUL_CARGO_007,SL,transit,0.9999893247931678,cargo,0.9999999966540587,0.0,0.0,0.0,0.0,0.0,1.0675206832132371e-05,0.0,0.9999893247931678,0.0,0.002430555555555555,0.3,0.0,0.3,Transit,Cargo
500050119,MV_GUL_CARGO_007,SL,transit,0.9999893247931678,cargo,0.9999999966540587,0.0,0.0,0.0,0.0,0.0,1.0675206832132371e-05,0.0,0.9999893247931678,0.0,0.002430555555555555,0.3,0.0,0.3,Transit,Cargo
500050119,MV_GUL_CARGO_007,SL,transit,0.9999893247931678,cargo,0.9999999966540587,0.0,0.0,0.0,0.0,0.0,1.0675206832132371e-05,0.0,0.9999893247931678,0.0,0.002430555555555555,0.3,0.0,0.3,Transit,Cargo
500050119,MV_GUL_CARGO_007,SL,transit,0.9999893247931678,cargo,0.9999999966540587,0.0,0.0,0.0,0.0,0.0,1.0675206832132371e-05,0.0,0.9999893247931678,0.0,0.002430555555555555,0.3,0.0,0.3,Transit,Cargo
500050119,MV_GUL_CARGO_007,SL,transit,0.9999893247931678,cargo,0.9999999966540587,0.0,0.0,0.0,0.0,0.0,1.0675206832132371e-05,0.0,0.9999893247931678,0.0,0.002430555555555555,0.3,0.0,0.3,Transit,Cargo
500050119,MV_GUL_CARGO_007,SL,transit,0.9999893247931678,cargo,0.9999999966540587,0.0,0.0,0.0,0.0,0.0,1.0675206832132371e-05,0.0,0.9999893247931678,0.0,0.002430555555555555,0.3,0.0,0.3,Transit,Cargo
500050120,MV_GUL_CARGO_008,GA,transit,0.9999893247931678,bulk_carrier,0.9999999873122968,0.0,0.0,0.0,0.0,0.0,1.0675206832132371e-05,0.0,0.9999893247931678,0.0,0.002430555555555555,0.0,0.0,0.002430555555555555,Transit,Bulk Carrier
500050120,MV_GUL_CARGO_008,GA,transit,0.9999893247931678,bulk_carrier,0.9999999873122968,0.0,0.0,0.0,0.0,0.0,1.0675206832132371e-05,0.0,0.9999893247931678,0.0,0.002430555555555555,0.0,0.0,0.002430555555555555,Transit,Bulk Carrier
500050120,MV_GUL_CARGO_008,GA,transit,0.9999893247931678,bulk_carrier,0.9999999873122968,0.0,0.0,0.0,0.0,0.0,1.0675206832132371e-05,0.0,0.9999893247931678,0.0,0.002430555555555555,0.0,0.0,0.002430555555555555,Transit,Bulk Carrier
500050120,MV_GUL_CARGO_008,GA,transit,0.9999893247931678,bulk_carrier,0.9999999873122968,0.0,0.0,0.0,0.0,0.0,1.0675206832132371e-05,0.0,0.9999893247931678,0.0,0.002430555555555555,0.0,0.0,0.002430555555555555,Transit,Bulk Carrier
500050120,MV_GUL_CARGO_008,GA,transit,0.9999893247931678,bulk_carrier,0.9999999873122968,0.0,0.0,0.0,0.0,0.0,1.0675206832132371e-05,0.0,0.9999893247931678,0.0,0.002430555555555555,0.0,0.0,0.002430555555555555,Transit,Bulk Carrier
500050120,MV_GUL_CARGO_008,GA,transit,0.9983226581265012,bulk_carrier,0.9999999873122968,0.0016666666666666668,0.0,0.0,0.0,0.0,1.0675206832132371e-05,0.0,0.9983226581265012,0.0,0.002430555555555555,0.0,0.0,0.002430555555555555,Transit,Bulk Carrier
500050120,MV_GUL_CARGO_008,GA,transit,0.9999893247931678,bulk_carrier,0.9999999873122968,0.0,0.0,0.0,0.0,0.0,1.0675206832132371e-05,0.0,0.9999893247931678,0.0,0.002430555555555555,0.0,0.0,0.002430555555555555,Transit,Bulk Carrier
500050120,MV_GUL_CARGO_008,GA,transit,0.9999893247931678,bulk_carrier,0.9999999873122968,0.0,0.0,0.0,0.0,0.0,1.0675206832132371e-05,0.0,0.9999893247931678,0.0,0.002430555555555555,0.0,0.0,0.002430555555555555,Transit,Bulk Carrier
500050120,MV_GUL_CARGO_008,GA,transit,0.9966559914598345,bulk_carrier,0.9999999873122968,0.0,0.0,0.0,0.0,0.0,1.0675206832132371e-05,0.0033333333333333335,0.9966559914598345,0.0,0.002430555555555555,0.0,0.0,0.002430555555555555,Transit,Bulk Carrier
500050120,MV_GUL_CARGO_008,GA,transit,0.9999893247931678,bulk_carrier,0.9999999873122968,0.0,0.0,0.0,0.0,0.0,1.0675206832132371e-05,0.0,0.9999893247931678,0.0,0.002430555555555555,0.0,0.0,0.002430555555555555,Transit,Bulk Carrier
500050120,MV_GUL_CARGO_008,GA,transit,0.9999893247931678,bulk_carrier,0.9999999873122968,0.0,0.0,0.0,0.0,0.0,1.0675206832132371e-05,0.0,0.9999893247931678,0.0,0.002430555555555555,0.0,0.0,0.002430555555555555,Transit,Bulk Carrier
500050120,MV_GUL_CARGO_008,GA,transit,0.9999893247931678,bulk_carrier,0.999999987313975,0.0,0.0,0.0,0.0,0.0,1.0675206832132371e-05,0.0,0.9999893247931678,0.0,0.002430555555555555,0.0,0.0,0.002430555555555555,Transit,Bulk Carrier
500050120,MV_GUL_CARGO_008,GA,transit,0.9999893247931678,bulk_carrier,0.9999999873139526,0.0,0.0,0.0,0.0,0.0,1.0675206832132371e-05,0.0,0.9999893247931678,0.0,0.002430555555555555,0.0,0.0,0.002430555555555555,Transit,Bulk Carrier
500050120,MV_GUL_CARGO_008,GA,transit,0.9999893247931678,bulk_carrier,0.9999999874089606,0.0,0.0,0.0,0.0,0.0,1.0675206832132371e-05,0.0,0.9999893247931678,0.0,0.002430555555555555,0.0,0.0,0.002430555555555555,Transit,Bulk Carrier
500050120,MV_GUL_CARGO_008,GA,transit,0.9999893247931678,bulk_carrier,0.9999999873122968,0.0,0.0,0.0,0.0,0.0,1.0675206832132371e-05,0.0,0.9999893247931678,0.0,0.002430555555555555,0.0,0.0,0.002430555555555555,Transit,Bulk Carrier
500050120,MV_GUL_CARGO_008,GA,transit,0.9999893247931678,bulk_carrier,0.9999999873122968,0.0,0.0,0.0,0.0,0.0,1.0675206832132371e-05,0.0,0.9999893247931678,0.0,0.002430555555555555,0.0,0.0,0.002430555555555555,Transit,Bulk Carrier
500050120,MV_GUL_CARGO_008,GA,transit,0.9999893247931678,bulk_carrier,0.9999999873123192,0.0,0.0,0.0,0.0,0.0,1.0675206832132371e-05,0.0,0.9999893247931678,0.0,0.002430555555555555,0.0,0.0,0.002430555555555555,Transit,Bulk Carrier
500050120,MV_GUL_CARGO_008,GA,transit,0.9999893247931678,bulk_carrier,0.9999999873122968,0.0,0.0,0.0,0.0,0.0,1.0675206832132371e-05,0.0,0.9999893247931678,0.0,0.002430555555555555,0.0,0.0,0.002430555555555555,Transit,Bulk Carrier
500050120,MV_GUL_CARGO_008,GA,transit,0.9999893247931678,bulk_carrier,0.9999999873122968,0.0,0.0,0.0,0.0,0.0,1.0675206832132371e-05,0.0,0.9999893247931678,0.0,0.002430555555555555,0.0,0.0,0.002430555555555555,Transit,Bulk Carrier
500050120,MV_GUL_CARGO_008,GA,transit,0.9999893247931678,bulk_carrier,0.9999999872907147,0.0,0.0,0.0,0.0,0.0,1.0675206832132371e-05,0.0,0.9999893247931678,0.0,0.002430555555555555,0.0,0.0,0.002430555555555555,Transit,Bulk Carrier
500050120,MV_GUL_CARGO_008,GA,transit,0.9999893247931678,bulk_carrier,0.9999999873139526,0.0,0.0,0.0,0.0,0.0,1.0675206832132371e-05,0.0,0.9999893247931678,0.0,0.002430555555555555,0.0,0.0,0.002430555555555555,Transit,Bulk Carrier
500050120,MV_GUL_CARGO_008,GA,transit,0.9999893247931678,bulk_carrier,0.999999987312394,0.0,0.0,0.0,0.0,0.0,1.0675206832132371e-05,0.0,0.9999893247931678,0.0,0.002430555555555555,0.0,0.0,0.002430555555555555,Transit,Bulk Carrier
500050120,MV_GUL_CARGO_008,GA,transit,0.9999893247931678,bulk_carrier,0.999999987312394,0.0,0.0,0.0,0.0,0.0,1.0675206832132371e-05,0.0,0.9999893247931678,0.0,0.002430555555555555,0.0,0.0,0.002430555555555555,Transit,Bulk Carrier
500050120,MV_GUL_CARGO_008,GA,transit,0.9983226581265012,bulk_carrier,0.999999987312394,0.0,0.0016666666666666668,0.0,0.0,0.0,1.0675206832132371e-05,0.0,0.9983226581265012,0.0,0.002430555555555555,0.0,0.0,0.002430555555555555,Transit,Bulk Carrier
500050120,MV_GUL_CARGO_008,GA,transit,0.9999893247931678,bulk_carrier,0.999999987312394,0.0,0.0,0.0,0.0,0.0,1.0675206832132371e-05,0.0,0.9999893247931678,0.0,0.002430555555555555,0.0,0.0,0.002430555555555555,Transit,Bulk Carrier
500050120,MV_GUL_CARGO_008,GA,transit,0.9999893247931678,bulk_carrier,0.999999987312394,0.0,0.0,0.0,0.0,0.0,1.0675206832132371e-05,0.0,0.9999893247931678,0.0,0.002430555555555555,0.0,0.0,0.002430555555555555,Transit,Bulk Carrier
500050120,MV_GUL_CARGO_008,GA,transit,0.9983226581265012,bulk_carrier,0.9999999872998085,0.0016666666666666668,0.0,0.0,0.0,0.0,1.0675206832132371e-05,0.0,0.9983226581265012,0.0,0.002430555555555555,0.0,0.0,0.002430555555555555,Transit,Bulk Carrier
500050120,MV_GUL_CARGO_008,GA,transit,0.9999893247931678,bulk_carrier,0.999999987312394,0.0,0.0,0.0,0.0,0.0,1.0675206832132371e-05,0.0,0.9999893247931678,0.0,0.002430555555555555,0.0,0.0,0.002430555555555555,Transit,Bulk Carrier
500050120,MV_GUL_CARGO_008,GA,transit,0.9999893247931678,bulk_carrier,0.999999987312394,0.0,0.0,0.0,0.0,0.0,1.0675206832132371e-05,0.0,0.9999893247931678,0.0,0.002430555555555555,0.0,0.0,0.002430555555555555,Transit,Bulk Carrier
500050120,MV_GUL_CARGO_008,GA,transit,0.9999893247931678,bulk_carrier,0.999999987312394,0.0,0.0,0.0,0.0,0.0,1.0675206832132371e-05,0.0,0.9999893247931678,0.0,0.002430555555555555,0.0,0.0,0.002430555555555555,Transit,Bulk Carrier
500050120,MV_GUL_CARGO_008,GA,transit,0.9999893247931678,bulk_carrier,0.9999999873122968,0.0,0.0,0.0,0.0,0.0,1.0675206832132371e-05,0.0,0.9999893247931678,0.0,0.002430555555555555,0.0,0.0,0.002430555555555555,Transit,Bulk Carrier
500050120,MV_GUL_CARGO_008,GA,transit,0.9999893247931678,bulk_carrier,0.9999999777304434,0.0,0.0,0.0,0.0,0.0,1.0675206832132371e-05,0.0,0.9999893247931678,0.0,0.002430555555555555,0.0,0.0,0.002430555555555555,Transit,Bulk Carrier
500050120,MV_GUL_CARGO_008,GA,transit,0.9999893247931678,bulk_carrier,0.9999999873122968,0.0,0.0,0.0,0.0,0.0,1.0675206832132371e-05,0.0,0.9999893247931678,0.0,0.002430555555555555,0.0,0.0,0.002430555555555555,Transit,Bulk Carrier
500050120,MV_GUL_CARGO_008,GA,transit,0.9999893247931678,bulk_carrier,0.999999987312394,0.0,0.0,0.0,0.0,0.0,1.0675206832132371e-05,0.0,0.9999893247931678,0.0,0.002430555555555555,0.0,0.0,0.002430555555555555,Transit,Bulk Carrier
500050120,MV_GUL_CARGO_008,GA,transit,0.9999893247931678,bulk_carrier,0.999999987312394,0.0,0.0,0.0,0.0,0.0,1.0675206832132371e-05,0.0,0.9999893247931678,0.0,0.002430555555555555,0.0,0.0,0.002430555555555555,Transit,Bulk Carrier
500050120,MV_GUL_CARGO_008,GA,transit,0.9999893247931678,bulk_carrier,0.999999987312394,0.0,0.0,0.0,0.0,0.0,1.0675206832132371e-05,0.0,0.9999893247931678,0.0,0.002430555555555555,0.0,0.0,0.002430555555555555,Transit,Bulk Carrier
500050120,MV_GUL_CARGO_008,GA,transit,0.9999893247931678,bulk_carrier,0.9999999873122968,0.0,0.0,0.0,0.0,0.0,1.0675206832132371e-05,0.0,0.9999893247931678,0.0,0.002430555555555555,0.0,0.0,0.002430555555555555,Transit,Bulk Carrier
500050120,MV_GUL_CARGO_008,GA,transit,0.9999893247931678,bulk_carrier,0.9999999873122968,0.0,0.0,0.0,0.0,0.0,1.0675206832132371e-05,0.0,0.9999893247931678,0.0,0.002430555555555555,0.0,0.0,0.002430555555555555,Transit,Bulk Carrier
500050120,MV_GUL_CARGO_008,GA,transit,0.9824893247931676,bulk_carrier,0.9999999873122968,0.0175,0.0,0.0,0.0,0.0,1.0675206832132371e-05,0.0,0.9824893247931676,0.0,0.002430555555555555,0.0,0.0,0.002430555555555555,Transit,Bulk Carrier
500050120,MV_GUL_CARGO_008,GA,transit,0.9955448803487233,bulk_carrier,0.9999999873122934,0.0044444444444444444,0.0,0.0,0.0,0.0,1.0675206832132371e-05,0.0,0.9955448803487233,0.0,0.002430555555555555,0.0,0.0,0.002430555555555555,Transit,Bulk Carrier
500050120,MV_GUL_CARGO_008,GA,transit,0.9999893247931678,bulk_carrier,0.9999999873122968,0.0,0.0,0.0,0.0,0.0,1.0675206832132371e-05,0.0,0.9999893247931678,0.0,0.002430555555555555,0.0,0.0,0.002430555555555555,Transit,Bulk Carrier
500050120,MV_GUL_CARGO_008,GA,transit,0.9999893247931678,bulk_carrier,0.999999987312394,0.0,0.0,0.0,0.0,0.0,1.0675206832132371e-05,0.0,0.9999893247931678,0.0,0.002430555555555555,0.0,0.0,0.002430555555555555,Transit,Bulk Carrier
500050120,MV_GUL_CARGO_008,GA,transit,0.9999893247931678,bulk_carrier,0.9999999873122968,0.0,0.0,0.0,0.0,0.0,1.0675206832132371e-05,0.0,0.9999893247931678,0.0,0.002430555555555555,0.0,0.0,0.002430555555555555,Transit,Bulk Carrier
500050120,MV_GUL_CARGO_008,GA,transit,0.9999893247931678,bulk_carrier,0.9999999873122968,0.0,0.0,0.0,0.0,0.0,1.0675206832132371e-05,0.0,0.9999893247931678,0.0,0.002430555555555555,0.0,0.0,0.002430555555555555,Transit,Bulk Carrier
500050120,MV_GUL_CARGO_008,GA,transit,0.9999893247931678,bulk_carrier,0.999999987312394,0.0,0.0,0.0,0.0,0.0,1.0675206832132371e-05,0.0,0.9999893247931678,0.0,0.002430555555555555,0.0,0.0,0.002430555555555555,Transit,Bulk Carrier
500050120,MV_GUL_CARGO_008,GA,transit,0.9999893247931678,bulk_carrier,0.999999987312394,0.0,0.0,0.0,0.0,0.0,1.0675206832132371e-05,0.0,0.9999893247931678,0.0,0.002430555555555555,0.0,0.0,0.002430555555555555,Transit,Bulk Carrier
500050120,MV_GUL_CARGO_008,GA,transit,0.9999893247931678,bulk_carrier,0.9999999873122968,0.0,0.0,0.0,0.0,0.0,1.0675206832132371e-05,0.0,0.9999893247931678,0.0,0.002430555555555555,0.0,0.0,0.002430555555555555,Transit,Bulk Carrier
500050120,MV_GUL_CARGO_008,GA,transit,0.9949893247931679,bulk_carrier,0.9999999874089606,0.0,0.0,0.0,0.0038888888888888883,0.0,0.0011217863179432434,0.0,0.9949893247931679,0.0,0.002430555555555555,0.0,0.0,0.002430555555555555,Transit,Bulk Carrier
500050120,MV_GUL_CARGO_008,GA,transit,0.9999893247931678,bulk_carrier,0.999999987312394,0.0,0.0,0.0,0.0,0.0,1.0675206832132371e-05,0.0,0.9999893247931678,0.0,0.002430555555555555,0.0,0.0,0.002430555555555555,Transit,Bulk Carrier
500050120,MV_GUL_CARGO_008,GA,transit,0.9999893247931678,bulk_carrier,0.999999987312394,0.0,0.0,0.0,0.0,0.0,1.0675206832132371e-05,0.0,0.9999893247931678,0.0,0.002430555555555555,0.0,0.0,0.002430555555555555,Transit,Bulk Carrier
500050120,MV_GUL_CARGO_008,GA,transit,0.9977671025709456,bulk_carrier,0.999999987312394,0.0,0.0,0.0,0.0,0.0,1.0675206832132371e-05,0.0022222222222222222,0.9977671025709456,0.0,0.002430555555555555,0.0,0.0,0.002430555555555555,Transit,Bulk Carrier
500050120,MV_GUL_CARGO_008,GA,transit,0.9999893247931678,bulk_carrier,0.9999999873122968,0.0,0.0,0.0,0.0,0.0,1.0675206832132371e-05,0.0,0.9999893247931678,0.0,0.002430555555555555,0.0,0.0,0.002430555555555555,Transit,Bulk Carrier
500050120,MV_GUL_CARGO_008,GA,transit,0.9999893247931678,bulk_carrier,0.999999987312394,0.0,0.0,0.0,0.0,0.0,1.0675206832132371e-05,0.0,0.9999893247931678,0.0,0.002430555555555555,0.0,0.0,0.002430555555555555,Transit,Bulk Carrier
500050120,MV_GUL_CARGO_008,GA,transit,0.9999893247931678,bulk_carrier,0.9999999873122968,0.0,0.0,0.0,0.0,0.0,1.0675206832132371e-05,0.0,0.9999893247931678,0.0,0.002430555555555555,0.0,0.0,0.002430555555555555,Transit,Bulk Carrier
500050120,MV_GUL_CARGO_008,GA,transit,0.9999893247931678,bulk_carrier,0.9999999873122968,0.0,0.0,0.0,0.0,0.0,1.0675206832132371e-05,0.0,0.9999893247931678,0.0,0.002430555555555555,0.0,0.0,0.002430555555555555,Transit,Bulk Carrier
500050120,MV_GUL_CARGO_008,GA,transit,0.9999893247931678,bulk_carrier,0.9999999873122968,0.0,0.0,0.0,0.0,0.0,1.0675206832132371e-05,0.0,0.9999893247931678,0.0,0.002430555555555555,0.0,0.0,0.002430555555555555,Transit,Bulk Carrier
500050121,MV_GUL_CARGO_009,PA,transit,0.9999893247931678,bulk_carrier,0.9999999870257934,0.0,0.0,0.0,0.0,0.0,1.0675206832132371e-05,0.0,0.9999893247931678,0.0,0.002430555555555555,0.3,0.0,0.3,Transit,Bulk Carrier
500050121,MV_GUL_CARGO_009,PA,transit,0.9999893247931678,bulk_carrier,0.9999999870257934,0.0,0.0,0.0,0.0,0.0,1.0675206832132371e-05,0.0,0.9999893247931678,0.0,0.002430555555555555,0.3,0.0,0.3,Transit,Bulk Carrier
500050121,MV_GUL_CARGO_009,PA,transit,0.9999893247931678,bulk_carrier,0.9999999870256926,0.0,0.0,0.0,0.0,0.0,1.0675206832132371e-05,0.0,0.9999893247931678,0.0,0.002430555555555555,0.3,0.0,0.3,Transit,Bulk Carrier
500050121,MV_GUL_CARGO_009,PA,transit,0.9999893247931678,bulk_carrier,0.9999999870256926,0.0,0.0,0.0,0.0,0.0,1.0675206832132371e-05,0.0,0.9999893247931678,0.0,0.002430555555555555,0.3,0.0,0.3,Transit,Bulk Carrier
500050121,MV_GUL_CARGO_009,PA,transit,0.9999893247931678,bulk_carrier,0.9999999870256926,0.0,0.0,0.0,0.0,0.0,1.0675206832132371e-05,0.0,0.9999893247931678,0.0,0.002430555555555555,0.3,0.0,0.3,Transit,Bulk Carrier
500050121,MV_GUL_CARGO_009,PA,transit,0.9999893247931678,bulk_carrier,0.9999999861551045,0.0,0.0,0.0,0.0,0.0,1.0675206832132371e-05,0.0,0.9999893247931678,0.0,0.002430555555555555,0.3,0.0,0.3,Transit,Bulk Carrier
500050121,MV_GUL_CARGO_009,PA,transit,0.9999893247931678,bulk_carrier,0.9999999870257934,0.0,0.0,0.0,0.0,0.0,1.0675206832132371e-05,0.0,0.9999893247931678,0.0,0.002430555555555555,0.3,0.0,0.3,Transit,Bulk Carrier
500050121,MV_GUL_CARGO_009,PA,transit,0.9999893247931678,bulk_carrier,0.9999999870256926,0.0,0.0,0.0,0.0,0.0,1.0675206832132371e-05,0.0,0.9999893247931678,0.0,0.002430555555555555,0.3,0.0,0.3,Transit,Bulk Carrier
500050121,MV_GUL_CARGO_009,PA,transit,0.9999893247931678,bulk_carrier,0.9999999870256926,0.0,0.0,0.0,0.0,0.0,1.0675206832132371e-05,0.0,0.9999893247931678,0.0,0.002430555555555555,0.3,0.0,0.3,Transit,Bulk Carrier
500050121,MV_GUL_CARGO_009,PA,transit,0.9999893247931678,bulk_carrier,0.999999987103844,0.0,0.0,0.0,0.0,0.0,1.0675206832132371e-05,0.0,0.9999893247931678,0.0,0.002430555555555555,0.3,0.0,0.3,Transit,Bulk Carrier
500050121,MV_GUL_CARGO_009,PA,transit,0.9999893247931678,bulk_carrier,0.9999999870256926,0.0,0.0,0.0,0.0,0.0,1.0675206832132371e-05,0.0,0.9999893247931678,0.0,0.002430555555555555,0.3,0.0,0.3,Transit,Bulk Carrier
500050121,MV_GUL_CARGO_009,PA,transit,0.9930448803487233,bulk_carrier,0.9999999854135708,0.0011111111111111111,0.0025,0.0033333333333333335,0.0,0.0,1.0675206832132371e-05,0.0,0.9930448803487233,0.0,0.002430555555555555,0.3,0.0,0.3,Transit,Bulk Carrier
500050121,MV_GUL_CARGO_009,PA,transit,0.9972115470153899,bulk_carrier,0.9999999870257934,0.0027777777777777775,0.0,0.0,0.0,0.0,1.0675206832132371e-05,0.0,0.9972115470153899,0.0,0.002430555555555555,0.3,0.0,0.3,Transit,Bulk Carrier
500050121,MV_GUL_CARGO_009,PA,transit,0.9966559914598345,bulk_carrier,0.9999999866541109,0.0033333333333333335,0.0,0.0,0.0,0.0,1.0675206832132371e-05,0.0,0.9966559914598345,0.0,0.002430555555555555,0.3,0.0,0.3,Transit,Bulk Carrier
500050121,MV_GUL_CARGO_009,PA,transit,0.9999893247931678,bulk_carrier,0.999999987103945,0.0,0.0,0.0,0.0,0.0,1.0675206832132371e-05,0.0,0.9999893247931678,0.0,0.002430555555555555,0.3,0.0,0.3,Transit,Bulk Carrier
500050121,MV_GUL_CARGO_009,PA,transit,0.9999893247931678,bulk_carrier,0.9999999870257934,0.0,0.0,0.0,0.0,0.0,1.0675206832132371e-05,0.0,0.9999893247931678,0.0,0.002430555555555555,0.3,0.0,0.3,Transit,Bulk Carrier
500050121,MV_GUL_CARGO_009,PA,transit,0.9999893247931678,bulk_carrier,0.9999999870256915,0.0,0.0,0.0,0.0,0.0,1.0675206832132371e-05,0.0,0.9999893247931678,0.0,0.002430555555555555,0.3,0.0,0.3,Transit,Bulk Carrier
500050121,MV_GUL_CARGO_009,PA,transit,0.9999893247931678,bulk_carrier,0.9999999870256926,0.0,0.0,0.0,0.0,0.0,1.0675206832132371e-05,0.0,0.9999893247931678,0.0,0.002430555555555555,0.3,0.0,0.3,Transit,Bulk Carrier
500050121,MV_GUL_CARGO_009,PA,transit,0.9999893247931678,bulk_carrier,0.9999999870256926,0.0,0.0,0.0,0.0,0.0,1.0675206832132371e-05,0.0,0.9999893247931678,0.0,0.002430555555555555,0.3,0.0,0.3,Transit,Bulk Carrier
500050121,MV_GUL_CARGO_009,PA,transit,0.9999893247931678,bulk_carrier,0.9999999870256926,0.0,0.0,0.0,0.0,0.0,1.0675206832132371e-05,0.0,0.9999893247931678,0.0,0.002430555555555555,0.3,0.0,0.3,Transit,Bulk Carrier
500050121,MV_GUL_CARGO_009,PA,transit,0.9966559914598345,bulk_carrier,0.9999999870256926,0.0,0.0,0.0,0.0,0.0,1.0675206832132371e-05,0.0033333333333333335,0.9966559914598345,0.0,0.002430555555555555,0.3,0.0,0.3,Transit,Bulk Carrier
500050121,MV_GUL_CARGO_009,PA,transit,0.9999893247931678,bulk_carrier,0.9999999870256926,0.0,0.0,0.0,0.0,0.0,1.0675206832132371e-05,0.0,0.9999893247931678,0.0,0.002430555555555555,0.3,0.0,0.3,Transit,Bulk Carrier
500050121,MV_GUL_CARGO_009,PA,transit,0.9999893247931678,bulk_carrier,0.9999999870256915,0.0,0.0,0.0,0.0,0.0,1.0675206832132371e-05,0.0,0.9999893247931678,0.0,0.002430555555555555,0.3,0.0,0.3,Transit,Bulk Carrier
500050121,MV_GUL_CARGO_009,PA,transit,0.9999893247931678,bulk_carrier,0.9999999870256915,0.0,0.0,0.0,0.0,0.0,1.0675206832132371e-05,0.0,0.9999893247931678,0.0,0.002430555555555555,0.3,0.0,0.3,Transit,Bulk Carrier
500050121,MV_GUL_CARGO_009,PA,transit,0.9999893247931678,bulk_carrier,0.9999999870256926,0.0,0.0,0.0,0.0,0.0,1.0675206832132371e-05,0.0,0.9999893247931678,0.0,0.002430555555555555,0.3,0.0,0.3,Transit,Bulk Carrier
500050121,MV_GUL_CARGO_009,PA,transit,0.9999893247931678,bulk_carrier,0.9999999870256926,0.0,0.0,0.0,0.0,0.0,1.0675206832132371e-05,0.0,0.9999893247931678,0.0,0.002430555555555555,0.3,0.0,0.3,Transit,Bulk Carrier
500050121,MV_GUL_CARGO_009,PA,transit,0.9999893247931678,bulk_carrier,0.9999999870256926,0.0,0.0,0.0,0.0,0.0,1.0675206832132371e-05,0.0,0.9999893247931678,0.0,0.002430555555555555,0.3,0.0,0.3,Transit,Bulk Carrier
500050121,MV_GUL_CARGO_009,PA,transit,0.9999893247931678,bulk_carrier,0.9999999870256926,0.0,0.0,0.0,0.0,0.0,1.0675206832132371e-05,0.0,0.9999893247931678,0.0,0.002430555555555555,0.3,0.0,0.3,Transit,Bulk Carrier
500050121,MV_GUL_CARGO_009,PA,transit,0.9999893247931678,bulk_carrier,0.9999999870256926,0.0,0.0,0.0,0.0,0.0,1.0675206832132371e-05,0.0,0.9999893247931678,0.0,0.002430555555555555,0.3,0.0,0.3,Transit,Bulk Carrier
500050121,MV_GUL_CARGO_009,PA,transit,0.9999893247931678,bulk_carrier,0.9999999870256926,0.0,0.0,0.0,0.0,0.0,1.0675206832132371e-05,0.0,0.9999893247931678,0.0,0.002430555555555555,0.3,0.0,0.3,Transit,Bulk Carrier
500050121,MV_GUL_CARGO_009,PA,transit,0.9999893247931678,bulk_carrier,0.9999999870256926,0.0,0.0,0.0,0.0,0.0,1.0675206832132371e-05,0.0,0.9999893247931678,0.0,0.002430555555555555,0.3,0.0,0.3,Transit,Bulk Carrier
500050121,MV_GUL_CARGO_009,PA,transit,0.9999893247931678,bulk_carrier,0.9999999870257168,0.0,0.0,0.0,0.0,0.0,1.0675206832132371e-05,0.0,0.9999893247931678,0.0,0.002430555555555555,0.3,0.0,0.3,Transit,Bulk Carrier
500050121,MV_GUL_CARGO_009,PA,transit,0.9999893247931678,bulk_carrier,0.9999999870257934,0.0,0.0,0.0,0.0,0.0,1.0675206832132371e-05,0.0,0.9999893247931678,0.0,0.002430555555555555,0.3,0.0,0.3,Transit,Bulk Carrier
500050121,MV_GUL_CARGO_009,PA,transit,0.9999893247931678,bulk_carrier,0.9999999870257934,0.0,0.0,0.0,0.0,0.0,1.0675206832132371e-05,0.0,0.9999893247931678,0.0,0.002430555555555555,0.3,0.0,0.3,Transit,Bulk Carrier
500050121,MV_GUL_CARGO_009,PA,transit,0.9999893247931678,bulk_carrier,0.9999999870257934,0.0,0.0,0.0,0.0,0.0,1.0675206832132371e-05,0.0,0.9999893247931678,0.0,0.002430555555555555,0.3,0.0,0.3,Transit,Bulk Carrier
500050121,MV_GUL_CARGO_009,PA,transit,0.9999893247931678,bulk_carrier,0.9999999870257168,0.0,0.0,0.0,0.0,0.0,1.0675206832132371e-05,0.0,0.9999893247931678,0.0,0.002430555555555555,0.3,0.0,0.3,Transit,Bulk Carrier
500050121,MV_GUL_CARGO_009,PA,transit,0.9999893247931678,bulk_carrier,0.9999999870256926,0.0,0.0,0.0,0.0,0.0,1.0675206832132371e-05,0.0,0.9999893247931678,0.0,0.002430555555555555,0.3,0.0,0.3,Transit,Bulk Carrier
500050121,MV_GUL_CARGO_009,PA,transit,0.9999893247931678,bulk_carrier,0.9999999870256926,0.0,0.0,0.0,0.0,0.0,1.0675206832132371e-05,0.0,0.9999893247931678,0.0,0.002430555555555555,0.3,0.0,0.3,Transit,Bulk Carrier
500050121,MV_GUL_CARGO_009,PA,transit,0.9999893247931678,bulk_carrier,0.9999999870256926,0.0,0.0,0.0,0.0,0.0,1.0675206832132371e-05,0.0,0.9999893247931678,0.0,0.002430555555555555,0.3,0.0,0.3,Transit,Bulk Carrier
500050121,MV_GUL_CARGO_009,PA,transit,0.9999893247931678,bulk_carrier,0.999999987103844,0.0,0.0,0.0,0.0,0.0,1.0675206832132371e-05,0.0,0.9999893247931678,0.0,0.002430555555555555,0.3,0.0,0.3,Transit,Bulk Carrier
500050121,MV_GUL_CARGO_009,PA,transit,0.9999893247931678,bulk_carrier,0.999999987103844,0.0,0.0,0.0,0.0,0.0,1.0675206832132371e-05,0.0,0.9999893247931678,0.0,0.002430555555555555,0.3,0.0,0.3,Transit,Bulk Carrier
500050121,MV_GUL_CARGO_009,PA,transit,0.9999893247931678,bulk_carrier,0.9999999870256926,0.0,0.0,0.0,0.0,0.0,1.0675206832132371e-05,0.0,0.9999893247931678,0.0,0.002430555555555555,0.3,0.0,0.3,Transit,Bulk Carrier
500050121,MV_GUL_CARGO_009,PA,transit,0.9999893247931678,bulk_carrier,0.9999999870256926,0.0,0.0,0.0,0.0,0.0,1.0675206832132371e-05,0.0,0.9999893247931678,0.0,0.002430555555555555,0.3,0.0,0.3,Transit,Bulk Carrier
500050121,MV_GUL_CARGO_009,PA,transit,0.9999893247931678,bulk_carrier,0.9999999870256926,0.0,0.0,0.0,0.0,0.0,1.0675206832132371e-05,0.0,0.9999893247931678,0.0,0.002430555555555555,0.3,0.0,0.3,Transit,Bulk Carrier
500050121,MV_GUL_CARGO_009,PA,transit,0.9999893247931678,bulk_carrier,0.9999999870256921,0.0,0.0,0.0,0.0,0.0,1.0675206832132371e-05,0.0,0.9999893247931678,0.0,0.002430555555555555,0.3,0.0,0.3,Transit,Bulk Carrier
500050121,MV_GUL_CARGO_009,PA,transit,0.9999893247931678,bulk_carrier,0.9999999870256926,0.0,0.0,0.0,0.0,0.0,1.0675206832132371e-05,0.0,0.9999893247931678,0.0,0.002430555555555555,0.3,0.0,0.3,Transit,Bulk Carrier
500050121,MV_GUL_CARGO_009,PA,transit,0.9999893247931678,bulk_carrier,0.9999999870256926,0.0,0.0,0.0,0.0,0.0,1.0675206832132371e-05,0.0,0.9999893247931678,0.0,0.002430555555555555,0.3,0.0,0.3,Transit,Bulk Carrier
500050121,MV_GUL_CARGO_009,PA,transit,0.9999893247931678,bulk_carrier,0.9999999915893528,0.0,0.0,0.0,0.0,0.0,1.0675206832132371e-05,0.0,0.9999893247931678,0.0,0.002430555555555555,0.3,0.0,0.3,Transit,Bulk Carrier
500050121,MV_GUL_CARGO_009,PA,transit,0.9999893247931678,bulk_carrier,0.9999999870256926,0.0,0.0,0.0,0.0,0.0,1.0675206832132371e-05,0.0,0.9999893247931678,0.0,0.002430555555555555,0.3,0.0,0.3,Transit,Bulk Carrier
500050121,MV_GUL_CARGO_009,PA,transit,0.9999893247931678,bulk_carrier,0.9999999870256915,0.0,0.0,0.0,0.0,0.0,1.0675206832132371e-05,0.0,0.9999893247931678,0.0,0.002430555555555555,0.3,0.0,0.3,Transit,Bulk Carrier
500050121,MV_GUL_CARGO_009,PA,transit,0.9999893247931678,bulk_carrier,0.9999999870256926,0.0,0.0,0.0,0.0,0.0,1.0675206832132371e-05,0.0,0.9999893247931678,0.0,0.002430555555555555,0.3,0.0,0.3,Transit,Bulk Carrier
500050121,MV_GUL_CARGO_009,PA,transit,0.9999893247931678,bulk_carrier,0.9999999870257934,0.0,0.0,0.0,0.0,0.0,1.0675206832132371e-05,0.0,0.9999893247931678,0.0,0.002430555555555555,0.3,0.0,0.3,Transit,Bulk Carrier
500050121,MV_GUL_CARGO_009,PA,transit,0.9999893247931678,bulk_carrier,0.9999999870257934,0.0,0.0,0.0,0.0,0.0,1.0675206832132371e-05,0.0,0.9999893247931678,0.0,0.002430555555555555,0.3,0.0,0.3,Transit,Bulk Carrier
500050121,MV_GUL_CARGO_009,PA,transit,0.9999893247931678,bulk_carrier,0.9999999870256926,0.0,0.0,0.0,0.0,0.0,1.0675206832132371e-05,0.0,0.9999893247931678,0.0,0.002430555555555555,0.3,0.0,0.3,Transit,Bulk Carrier
500050121,MV_GUL_CARGO_009,PA,transit,0.9999893247931678,bulk_carrier,0.9999999870256926,0.0,0.0,0.0,0.0,0.0,1.0675206832132371e-05,0.0,0.9999893247931678,0.0,0.002430555555555555,0.3,0.0,0.3,Transit,Bulk Carrier
500050121,MV_GUL_CARGO_009,PA,transit,0.9999893247931678,bulk_carrier,0.9999999870257934,0.0,0.0,0.0,0.0,0.0,1.0675206832132371e-05,0.0,0.9999893247931678,0.0,0.002430555555555555,0.3,0.0,0.3,Transit,Bulk Carrier
500050122,MV_GUL_CARGO_010,GA,transit,0.9988782136820569,bulk_carrier,0.9999999549257896,0.0,0.0,0.0,0.0011111111111111111,0.0,1.0675206832132371e-05,0.0,0.9988782136820569,0.0,0.002430555555555555,0.0,0.0,0.002430555555555555,Transit,Bulk Carrier
500050122,MV_GUL_CARGO_010,GA,transit,0.9999893247931678,bulk_carrier,0.9999999747024382,0.0,0.0,0.0,0.0,0.0,1.0675206832132371e-05,0.0,0.9999893247931678,0.0,0.002430555555555555,0.0,0.0,0.002430555555555555,Transit,Bulk Carrier
500050122,MV_GUL_CARGO_010,GA,transit,0.9999893247931678,bulk_carrier,0.9999999747024382,0.0,0.0,0.0,0.0,0.0,1.0675206832132371e-05,0.0,0.9999893247931678,0.0,0.002430555555555555,0.0,0.0,0.002430555555555555,Transit,Bulk Carrier
500050122,MV_GUL_CARGO_010,GA,transit,0.9999893247931678,bulk_carrier,0.9999999747024382,0.0,0.0,0.0,0.0,0.0,1.0675206832132371e-05,0.0,0.9999893247931678,0.0,0.002430555555555555,0.0,0.0,0.002430555555555555,Transit,Bulk Carrier
500050122,MV_GUL_CARGO_010,GA,transit,0.9999893247931678,bulk_carrier,0.9999999747024382,0.0,0.0,0.0,0.0,0.0,1.0675206832132371e-05,0.0,0.9999893247931678,0.0,0.002430555555555555,0.0,0.0,0.002430555555555555,Transit,Bulk Carrier
500050122,MV_GUL_CARGO_010,GA,transit,0.9236004359042789,bulk_carrier,0.9999999747023858,0.0027777777777777775,0.0,0.0022222222222222222,0.0,0.0,0.0011217863179432434,0.07027777777777779,0.9236004359042789,0.0,0.002430555555555555,0.0,0.0,0.002430555555555555,Transit,Bulk Carrier
500050122,MV_GUL_CARGO_010,GA,transit,0.9883226581265012,bulk_carrier,0.9999999746773451,0.0027777777777777775,0.0,0.0022222222222222222,0.0,0.0,1.0675206832132371e-05,0.006666666666666667,0.9883226581265012,0.0,0.002430555555555555,0.0,0.0,0.002430555555555555,Transit,Bulk Carrier
500050122,MV_GUL_CARGO_010,GA,transit,0.9999893247931678,bulk_carrier,0.9999999747026322,0.0,0.0,0.0,0.0,0.0,1.0675206832132371e-05,0.0,0.9999893247931678,0.0,0.002430555555555555,0.0,0.0,0.002430555555555555,Transit,Bulk Carrier
500050122,MV_GUL_CARGO_010,GA,transit,0.9999893247931678,bulk_carrier,0.9999999747026322,0.0,0.0,0.0,0.0,0.0,1.0675206832132371e-05,0.0,0.9999893247931678,0.0,0.002430555555555555,0.0,0.0,0.002430555555555555,Transit,Bulk Carrier
500050122,MV_GUL_CARGO_010,GA,transit,0.9999893247931678,bulk_carrier,0.9999999747026322,0.0,0.0,0.0,0.0,0.0,1.0675206832132371e-05,0.0,0.9999893247931678,0.0,0.002430555555555555,0.0,0.0,0.002430555555555555,Transit,Bulk Carrier
500050122,MV_GUL_CARGO_010,GA,transit,0.9999893247931678,bulk_carrier,0.9999999747024382,0.0,0.0,0.0,0.0,0.0,1.0675206832132371e-05,0.0,0.9999893247931678,0.0,0.002430555555555555,0.0,0.0,0.002430555555555555,Transit,Bulk Carrier
500050122,MV_GUL_CARGO_010,GA,transit,0.9999893247931678,bulk_carrier,0.9999999566983918,0.0,0.0,0.0,0.0,0.0,1.0675206832132371e-05,0.0,0.9999893247931678,0.0,0.002430555555555555,0.0,0.0,0.002430555555555555,Transit,Bulk Carrier
500050122,MV_GUL_CARGO_010,GA,transit,0.9999893247931678,bulk_carrier,0.9999999747024382,0.0,0.0,0.0,0.0,0.0,1.0675206832132371e-05,0.0,0.9999893247931678,0.0,0.002430555555555555,0.0,0.0,0.002430555555555555,Transit,Bulk Carrier
500050122,MV_GUL_CARGO_010,GA,transit,0.9999893247931678,bulk_carrier,0.9999999747024382,0.0,0.0,0.0,0.0,0.0,1.0675206832132371e-05,0.0,0.9999893247931678,0.0,0.002430555555555555,0.0,0.0,0.002430555555555555,Transit,Bulk Carrier
500050122,MV_GUL_CARGO_010,GA,transit,0.9983226581265012,bulk_carrier,0.9999999747024382,0.0,0.0,0.0,0.0,0.0,1.0675206832132371e-05,0.0016666666666666668,0.9983226581265012,0.0,0.002430555555555555,0.0,0.0,0.002430555555555555,Transit,Bulk Carrier
500050122,MV_GUL_CARGO_010,GA,transit,0.9999893247931678,bulk_carrier,0.9999999747024382,0.0,0.0,0.0,0.0,0.0,1.0675206832132371e-05,0.0,0.9999893247931678,0.0,0.002430555555555555,0.0,0.0,0.002430555555555555,Transit,Bulk Carrier
500050122,MV_GUL_CARGO_010,GA,transit,0.9983226581265012,bulk_carrier,0.9999999747024313,0.0,0.0016666666666666668,0.0,0.0,0.0,1.0675206832132371e-05,0.0,0.9983226581265012,0.0,0.002430555555555555,0.0,0.0,0.002430555555555555,Transit,Bulk Carrier
500050122,MV_GUL_CARGO_010,GA,transit,0.9977671025709456,bulk_carrier,0.9999999747024313,0.0022222222222222222,0.0,0.0,0.0,0.0,1.0675206832132371e-05,0.0,0.9977671025709456,0.0,0.002430555555555555,0.0,0.0,0.002430555555555555,Transit,Bulk Carrier
500050122,MV_GUL_CARGO_010,GA,transit,0.9999893247931678,bulk_carrier,0.9999999747024382,0.0,0.0,0.0,0.0,0.0,1.0675206832132371e-05,0.0,0.9999893247931678,0.0,0.002430555555555555,0.0,0.0,0.002430555555555555,Transit,Bulk Carrier
500050122,MV_GUL_CARGO_010,GA,transit,0.9999893247931678,bulk_carrier,0.9999999706941183,0.0,0.0,0.0,0.0,0.0,1.0675206832132371e-05,0.0,0.9999893247931678,0.0,0.002430555555555555,0.0,0.0,0.002430555555555555,Transit,Bulk Carrier
500050122,MV_GUL_CARGO_010,GA,transit,0.9983226581265012,bulk_carrier,0.9999999747026322,0.0,0.0,0.0,0.0,0.0,0.0016773418734987993,0.0,0.9983226581265012,0.0,0.002430555555555555,0.0,0.0,0.002430555555555555,Transit,Bulk Carrier
500050122,MV_GUL_CARGO_010,GA,transit,0.9999893247931678,bulk_carrier,0.9999999747024382,0.0,0.0,0.0,0.0,0.0,1.0675206832132371e-05,0.0,0.9999893247931678,0.0,0.002430555555555555,0.0,0.0,0.002430555555555555,Transit,Bulk Carrier
500050122,MV_GUL_CARGO_010,GA,transit,0.9999893247931678,bulk_carrier,0.9999999566983918,0.0,0.0,0.0,0.0,0.0,1.0675206832132371e-05,0.0,0.9999893247931678,0.0,0.002430555555555555,0.0,0.0,0.002430555555555555,Transit,Bulk Carrier
500050122,MV_GUL_CARGO_010,GA,transit,0.9999893247931678,bulk_carrier,0.9999999747024382,0.0,0.0,0.0,0.0,0.0,1.0675206832132371e-05,0.0,0.9999893247931678,0.0,0.002430555555555555,0.0,0.0,0.002430555555555555,Transit,Bulk Carrier
500050122,MV_GUL_CARGO_010,GA,transit,0.9999893247931678,bulk_carrier,0.9999999736668679,0.0,0.0,0.0,0.0,0.0,1.0675206832132371e-05,0.0,0.9999893247931678,0.0,0.002430555555555555,0.0,0.0,0.002430555555555555,Transit,Bulk Carrier
500050122,MV_GUL_CARGO_010,GA,transit,0.9999893247931678,bulk_carrier,0.9999999549252903,0.0,0.0,0.0,0.0,0.0,1.0675206832132371e-05,0.0,0.9999893247931678,0.0,0.002430555555555555,0.0,0.0,0.002430555555555555,Transit,Bulk Carrier
500050122,MV_GUL_CARGO_010,GA,transit,0.9999893247931678,bulk_carrier,0.9999999566983918,0.0,0.0,0.0,0.0,0.0,1.0675206832132371e-05,0.0,0.9999893247931678,0.0,0.002430555555555555,0.0,0.0,0.002430555555555555,Transit,Bulk Carrier
500050122,MV_GUL_CARGO_010,GA,transit,0.9999893247931678,bulk_carrier,0.9999999747024382,0.0,0.0,0.0,0.0,0.0,1.0675206832132371e-05,0.0,0.9999893247931678,0.0,0.002430555555555555,0.0,0.0,0.002430555555555555,Transit,Bulk Carrier
500050122,MV_GUL_CARGO_010,GA,transit,0.9999893247931678,bulk_carrier,0.9999999747024382,0.0,0.0,0.0,0.0,0.0,1.0675206832132371e-05,0.0,0.9999893247931678,0.0,0.002430555555555555,0.0,0.0,0.002430555555555555,Transit,Bulk Carrier
500050122,MV_GUL_CARGO_010,GA,transit,0.9983226581265012,bulk_carrier,0.9999999746594068,0.0016666666666666668,0.0,0.0,0.0,0.0,1.0675206832132371e-05,0.0,0.9983226581265012,0.0,0.002430555555555555,0.0,0.0,0.002430555555555555,Transit,Bulk Carrier
500050122,MV_GUL_CARGO_010,GA,transit,0.9999893247931678,bulk_carrier,0.9999999747024382,0.0,0.0,0.0,0.0,0.0,1.0675206832132371e-05,0.0,0.9999893247931678,0.0,0.002430555555555555,0.0,0.0,0.002430555555555555,Transit,Bulk Carrier
500050122,MV_GUL_CARGO_010,GA,transit,0.9999893247931678,bulk_carrier,0.9999999747026322,0.0,0.0,0.0,0.0,0.0,1.0675206832132371e-05,0.0,0.9999893247931678,0.0,0.002430555555555555,0.0,0.0,0.002430555555555555,Transit,Bulk Carrier
500050122,MV_GUL_CARGO_010,GA,transit,0.9999893247931678,bulk_carrier,0.999999974895367,0.0,0.0,0.0,0.0,0.0,1.0675206832132371e-05,0.0,0.9999893247931678,0.0,0.002430555555555555,0.0,0.0,0.002430555555555555,Transit,Bulk Carrier
500050122,MV_GUL_CARGO_010,GA,transit,0.9966559914598345,bulk_carrier,0.9999999747026322,0.0,0.0,0.0,0.0033333333333333335,0.0,1.0675206832132371e-05,0.0,0.9966559914598345,0.0,0.002430555555555555,0.0,0.0,0.002430555555555555,Transit,Bulk Carrier
500050122,MV_GUL_CARGO_010,GA,transit,0.9999893247931678,bulk_carrier,0.9999999747024382,0.0,0.0,0.0,0.0,0.0,1.0675206832132371e-05,0.0,0.9999893247931678,0.0,0.002430555555555555,0.0,0.0,0.002430555555555555,Transit,Bulk Carrier
500050122,MV_GUL_CARGO_010,GA,transit,0.9999893247931678,bulk_carrier,0.9999999747026322,0.0,0.0,0.0,0.0,0.0,1.0675206832132371e-05,0.0,0.9999893247931678,0.0,0.002430555555555555,0.0,0.0,0.002430555555555555,Transit,Bulk Carrier
500050122,MV_GUL_CARGO_010,GA,transit,0.9999893247931678,bulk_carrier,0.9999999747026322,0.0,0.0,0.0,0.0,0.0,1.0675206832132371e-05,0.0,0.9999893247931678,0.0,0.002430555555555555,0.0,0.0,0.002430555555555555,Transit,Bulk Carrier
500050122,MV_GUL_CARGO_010,GA,transit,0.9961004359042789,bulk_carrier,0.9999999747024313,0.0022222222222222222,0.0016666666666666668,0.0,0.0,0.0,1.0675206832132371e-05,0.0,0.9961004359042789,0.0,0.002430555555555555,0.0,0.0,0.002430555555555555,Transit,Bulk Carrier
500050122,MV_GUL_CARGO_010,GA,transit,0.9236004359042789,bulk_carrier,0.9999999747023789,0.012388888888888889,0.0027777777777777775,0.0008333333333333334,0.0,0.010666666666666668,1.0675206832132371e-05,0.04972222222222222,0.9236004359042789,0.0,0.002430555555555555,0.0,0.0,0.002430555555555555,Transit,Bulk Carrier
500050122,MV_GUL_CARGO_010,GA,transit,0.9959893247931679,bulk_carrier,0.9999999747057398,0.002333333333333333,0.0016666666666666668,0.0,0.0,0.0,1.0675206832132371e-05,0.0,0.9959893247931679,0.0,0.002430555555555555,0.0,0.0,0.002430555555555555,Transit,Bulk Carrier
500050122,MV_GUL_CARGO_010,GA,transit,0.9999893247931678,bulk_carrier,0.9999999747024382,0.0,0.0,0.0,0.0,0.0,1.0675206832132371e-05,0.0,0.9999893247931678,0.0,0.002430555555555555,0.0,0.0,0.002430555555555555,Transit,Bulk Carrier
500050122,MV_GUL_CARGO_010,GA,transit,0.9999893247931678,bulk_carrier,0.9999999747024382,0.0,0.0,0.0,0.0,0.0,1.0675206832132371e-05,0.0,0.9999893247931678,0.0,0.002430555555555555,0.0,0.0,0.002430555555555555,Transit,Bulk Carrier
500050122,MV_GUL_CARGO_010,GA,transit,0.9999893247931678,bulk_carrier,0.9999999747024382,0.0,0.0,0.0,0.0,0.0,1.0675206832132371e-05,0.0,0.9999893247931678,0.0,0.002430555555555555,0.0,0.0,0.002430555555555555,Transit,Bulk Carrier
500050122,MV_GUL_CARGO_010,GA,transit,0.9999893247931678,bulk_carrier,0.9999999747024382,0.0,0.0,0.0,0.0,0.0,1.0675206832132371e-05,0.0,0.9999893247931678,0.0,0.002430555555555555,0.0,0.0,0.002430555555555555,Transit,Bulk Carrier
500050122,MV_GUL_CARGO_010,GA,transit,0.9999893247931678,bulk_carrier,0.9999999747024382,0.0,0.0,0.0,0.0,0.0,1.0675206832132371e-05,0.0,0.9999893247931678,0.0,0.002430555555555555,0.0,0.0,0.002430555555555555,Transit,Bulk Carrier
500050122,MV_GUL_CARGO_010,GA,transit,0.9999893247931678,bulk_carrier,0.9999999747026322,0.0,0.0,0.0,0.0,0.0,1.0675206832132371e-05,0.0,0.9999893247931678,0.0,0.002430555555555555,0.0,0.0,0.002430555555555555,Transit,Bulk Carrier
500050122,MV_GUL_CARGO_010,GA,transit,0.9999893247931678,bulk_carrier,0.9999999747026322,0.0,0.0,0.0,0.0,0.0,1.0675206832132371e-05,0.0,0.9999893247931678,0.0,0.002430555555555555,0.0,0.0,0.002430555555555555,Transit,Bulk Carrier
500050122,MV_GUL_CARGO_010,GA,transit,0.9966559914598345,bulk_carrier,0.9999999747024382,0.0,0.0,0.0,0.0,0.0,1.0675206832132371e-05,0.0033333333333333335,0.9966559914598345,0.0,0.002430555555555555,0.0,0.0,0.002430555555555555,Transit,Bulk Carrier
500050122,MV_GUL_CARGO_010,GA,transit,0.9933226581265012,bulk_carrier,0.9999999747024382,0.0016666666666666668,0.0,0.0,0.0,0.0,1.0675206832132371e-05,0.005,0.9933226581265012,0.0,0.002430555555555555,0.0,0.0,0.002430555555555555,Transit,Bulk Carrier
500050122,MV_GUL_CARGO_010,GA,transit,0.9361559914598346,bulk_carrier,0.9999999747023858,0.0033333333333333335,0.0,0.0,0.0,0.01,1.0675206832132371e-05,0.050499999999999996,0.9361559914598346,0.0,0.002430555555555555,0.0,0.0,0.002430555555555555,Transit,Bulk Carrier
500050122,MV_GUL_CARGO_010,GA,transit,0.9999893247931678,bulk_carrier,0.9999999747026322,0.0,0.0,0.0,0.0,0.0,1.0675206832132371e-05,0.0,0.9999893247931678,0.0,0.002430555555555555,0.0,0.0,0.002430555555555555,Transit,Bulk Carrier
500050122,MV_GUL_CARGO_010,GA,transit,0.9999893247931678,bulk_carrier,0.9999999747024382,0.0,0.0,0.0,0.0,0.0,1.0675206832132371e-05,0.0,0.9999893247931678,0.0,0.002430555555555555,0.0,0.0,0.002430555555555555,Transit,Bulk Carrier
500050122,MV_GUL_CARGO_010,GA,transit,0.9082671025709457,bulk_carrier,0.9999999746593542,0.009444444444444443,0.0,0.0022222222222222222,0.0,0.01,0.0011217863179432434,0.06894444444444445,0.9082671025709457,0.0,0.002430555555555555,0.0,0.0,0.002430555555555555,Transit,Bulk Carrier
500050122,MV_GUL_CARGO_010,GA,transit,0.9966559914598345,bulk_carrier,0.9999999747024382,0.0,0.0,0.0,0.0,0.0,1.0675206832132371e-05,0.0033333333333333335,0.9966559914598345,0.0,0.002430555555555555,0.0,0.0,0.002430555555555555,Transit,Bulk Carrier
500050122,MV_GUL_CARGO_010,GA,transit,0.9983226581265012,bulk_carrier,0.9999999747024382,0.0016666666666666668,0.0,0.0,0.0,0.0,1.0675206832132371e-05,0.0,0.9983226581265012,0.0,0.002430555555555555,0.0,0.0,0.002430555555555555,Transit,Bulk Carrier
500050122,MV_GUL_CARGO_010,GA,transit,0.9999893247931678,bulk_carrier,0.9999999566983918,0.0,0.0,0.0,0.0,0.0,1.0675206832132371e-05,0.0,0.9999893247931678,0.0,0.002430555555555555,0.0,0.0,0.002430555555555555,Transit,Bulk Carrier
500050123,MV_GUL_CARGO_011,CM,transit,0.9999893247931678,bulk_carrier,0.9999997337440586,0.0,0.0,0.0,0.0,0.0,1.0675206832132371e-05,0.0,0.9999893247931678,0.0,0.002430555555555555,0.0,0.0,0.002430555555555555,Transit,Bulk Carrier
500050123,MV_GUL_CARGO_011,CM,transit,0.9999893247931678,bulk_carrier,0.9999997337440586,0.0,0.0,0.0,0.0,0.0,1.0675206832132371e-05,0.0,0.9999893247931678,0.0,0.002430555555555555,0.0,0.0,0.002430555555555555,Transit,Bulk Carrier
500050123,MV_GUL_CARGO_011,CM,transit,0.9999893247931678,bulk_carrier,0.9999997337440404,0.0,0.0,0.0,0.0,0.0,1.0675206832132371e-05,0.0,0.9999893247931678,0.0,0.002430555555555555,0.0,0.0,0.002430555555555555,Transit,Bulk Carrier
500050123,MV_GUL_CARGO_011,CM,transit,0.9999893247931678,bulk_carrier,0.9999997337424297,0.0,0.0,0.0,0.0,0.0,1.0675206832132371e-05,0.0,0.9999893247931678,0.0,0.002430555555555555,0.0,0.0,0.002430555555555555,Transit,Bulk Carrier
500050123,MV_GUL_CARGO_011,CM,transit,0.9999893247931678,bulk_carrier,0.9999997337424223,0.0,0.0,0.0,0.0,0.0,1.0675206832132371e-05,0.0,0.9999893247931678,0.0,0.002430555555555555,0.0,0.0,0.002430555555555555,Transit,Bulk Carrier
500050123,MV_GUL_CARGO_011,CM,transit,0.9999893247931678,bulk_carrier,0.9999997337424223,0.0,0.0,0.0,0.0,0.0,1.0675206832132371e-05,0.0,0.9999893247931678,0.0,0.002430555555555555,0.0,0.0,0.002430555555555555,Transit,Bulk Carrier
500050123,MV_GUL_CARGO_011,CM,transit,0.9999893247931678,bulk_carrier,0.9999997337424892,0.0,0.0,0.0,0.0,0.0,1.0675206832132371e-05,0.0,0.9999893247931678,0.0,0.002430555555555555,0.0,0.0,0.002430555555555555,Transit,Bulk Carrier
500050123,MV_GUL_CARGO_011,CM,transit,0.9999893247931678,bulk_carrier,0.9999997337424044,0.0,0.0,0.0,0.0,0.0,1.0675206832132371e-05,0.0,0.9999893247931678,0.0,0.002430555555555555,0.0,0.0,0.002430555555555555,Transit,Bulk Carrier
500050123,MV_GUL_CARGO_011,CM,transit,0.9999893247931678,bulk_carrier,0.9999997337424423,0.0,0.0,0.0,0.0,0.0,1.0675206832132371e-05,0.0,0.9999893247931678,0.0,0.002430555555555555,0.0,0.0,0.002430555555555555,Transit,Bulk Carrier
500050123,MV_GUL_CARGO_011,CM,transit,0.9999893247931678,bulk_carrier,0.9999997337421537,0.0,0.0,0.0,0.0,0.0,1.0675206832132371e-05,0.0,0.9999893247931678,0.0,0.002430555555555555,0.0,0.0,0.002430555555555555,Transit,Bulk Carrier
500050123,MV_GUL_CARGO_011,CM,transit,0.9999893247931678,bulk_carrier,0.9999995557609145,0.0,0.0,0.0,0.0,0.0,1.0675206832132371e-05,0.0,0.9999893247931678,0.0,0.002430555555555555,0.0,0.0,0.002430555555555555,Transit,Bulk Carrier
500050123,MV_GUL_CARGO_011,CM,transit,0.9961004359042791,bulk_carrier,0.9999997339266877,0.0016666666666666668,0.0,0.0,0.0,0.0,0.0022328974290543547,0.0,0.9961004359042791,0.0,0.002430555555555555,0.0,0.0,0.002430555555555555,Transit,Bulk Carrier
500050123,MV_GUL_CARGO_011,CM,transit,0.9983226581265012,bulk_carrier,0.9999997337443939,0.0016666666666666668,0.0,0.0,0.0,0.0,1.0675206832132371e-05,0.0,0.9983226581265012,0.0,0.002430555555555555,0.0,0.0,0.002430555555555555,Transit,Bulk Carrier
500050123,MV_GUL_CARGO_011,CM,transit,0.9999893247931678,bulk_carrier,0.9999997337421714,0.0,0.0,0.0,0.0,0.0,1.0675206832132371e-05,0.0,0.9999893247931678,0.0,0.002430555555555555,0.0,0.0,0.002430555555555555,Transit,Bulk Carrier
500050123,MV_GUL_CARGO_011,CM,transit,0.9999893247931678,bulk_carrier,0.9999997337424226,0.0,0.0,0.0,0.0,0.0,1.0675206832132371e-05,0.0,0.9999893247931678,0.0,0.002430555555555555,0.0,0.0,0.002430555555555555,Transit,Bulk Carrier
500050123,MV_GUL_CARGO_011,CM,transit,0.9999893247931678,bulk_carrier,0.9999997337421714,0.0,0.0,0.0,0.0,0.0,1.0675206832132371e-05,0.0,0.9999893247931678,0.0,0.002430555555555555,0.0,0.0,0.002430555555555555,Transit,Bulk Carrier
500050123,MV_GUL_CARGO_011,CM,transit,0.9988782136820569,bulk_carrier,0.9999997337421714,0.0011111111111111111,0.0,0.0,0.0,0.0,1.0675206832132371e-05,0.0,0.9988782136820569,0.0,0.002430555555555555,0.0,0.0,0.002430555555555555,Transit,Bulk Carrier
500050123,MV_GUL_CARGO_011,CM,transit,0.9999893247931678,bulk_carrier,0.9999997337424226,0.0,0.0,0.0,0.0,0.0,1.0675206832132371e-05,0.0,0.9999893247931678,0.0,0.002430555555555555,0.0,0.0,0.002430555555555555,Transit,Bulk Carrier
500050123,MV_GUL_CARGO_011,CM,transit,0.9999893247931678,bulk_carrier,0.9999997337421714,0.0,0.0,0.0,0.0,0.0,1.0675206832132371e-05,0.0,0.9999893247931678,0.0,0.002430555555555555,0.0,0.0,0.002430555555555555,Transit,Bulk Carrier
500050123,MV_GUL_CARGO_011,CM,transit,0.9999893247931678,bulk_carrier,0.9999997337421714,0.0,0.0,0.0,0.0,0.0,1.0675206832132371e-05,0.0,0.9999893247931678,0.0,0.002430555555555555,0.0,0.0,0.002430555555555555,Transit,Bulk Carrier
500050123,MV_GUL_CARGO_011,CM,transit,0.9999893247931678,bulk_carrier,0.9999997337421537,0.0,0.0,0.0,0.0,0.0,1.0675206832132371e-05,0.0,0.9999893247931678,0.0,0.002430555555555555,0.0,0.0,0.002430555555555555,Transit,Bulk Carrier
500050123,MV_GUL_CARGO_011,CM,transit,0.9999893247931678,bulk_carrier,0.9999997337421535,0.0,0.0,0.0,0.0,0.0,1.0675206832132371e-05,0.0,0.9999893247931678,0.0,0.002430555555555555,0.0,0.0,0.002430555555555555,Transit,Bulk Carrier
500050123,MV_GUL_CARGO_011,CM,transit,0.9999893247931678,bulk_carrier,0.9999997337421535,0.0,0.0,0.0,0.0,0.0,1.0675206832132371e-05,0.0,0.9999893247931678,0.0,0.002430555555555555,0.0,0.0,0.002430555555555555,Transit,Bulk Carrier
500050123,MV_GUL_CARGO_011,CM,transit,0.9999893247931678,bulk_carrier,0.9999997337424568,0.0,0.0,0.0,0.0,0.0,1.0675206832132371e-05,0.0,0.9999893247931678,0.0,0.002430555555555555,0.0,0.0,0.002430555555555555,Transit,Bulk Carrier
500050123,MV_GUL_CARGO_011,CM,transit,0.9539337692376123,bulk_carrier,0.9999997338921975,0.0044444444444444444,0.0,0.0,0.0,0.0,1.0675206832132371e-05,0.041611111111111106,0.9539337692376123,0.0,0.002430555555555555,0.0,0.0,0.002430555555555555,Transit,Bulk Carrier
500050123,MV_GUL_CARGO_011,CM,transit,0.9999893247931678,bulk_carrier,0.9999997337424223,0.0,0.0,0.0,0.0,0.0,1.0675206832132371e-05,0.0,0.9999893247931678,0.0,0.002430555555555555,0.0,0.0,0.002430555555555555,Transit,Bulk Carrier
500050123,MV_GUL_CARGO_011,CM,transit,0.9983226581265012,bulk_carrier,0.9999997337421714,0.0016666666666666668,0.0,0.0,0.0,0.0,1.0675206832132371e-05,0.0,0.9983226581265012,0.0,0.002430555555555555,0.0,0.0,0.002430555555555555,Transit,Bulk Carrier
500050123,MV_GUL_CARGO_011,CM,transit,0.9983226581265012,bulk_carrier,0.9999997337424223,0.0016666666666666668,0.0,0.0,0.0,0.0,1.0675206832132371e-05,0.0,0.9983226581265012,0.0,0.002430555555555555,0.0,0.0,0.002430555555555555,Transit,Bulk Carrier
500050123,MV_GUL_CARGO_011,CM,transit,0.9999893247931678,bulk_carrier,0.9999997337424226,0.0,0.0,0.0,0.0,0.0,1.0675206832132371e-05,0.0,0.9999893247931678,0.0,0.002430555555555555,0.0,0.0,0.002430555555555555,Transit,Bulk Carrier
500050123,MV_GUL_CARGO_011,CM,transit,0.9977671025709456,bulk_carrier,0.9999997337424226,0.0022222222222222222,0.0,0.0,0.0,0.0,1.0675206832132371e-05,0.0,0.9977671025709456,0.0,0.002430555555555555,0.0,0.0,0.002430555555555555,Transit,Bulk Carrier
500050123,MV_GUL_CARGO_011,CM,transit,0.9999893247931678,bulk_carrier,0.9999997337424226,0.0,0.0,0.0,0.0,0.0,1.0675206832132371e-05,0.0,0.9999893247931678,0.0,0.002430555555555555,0.0,0.0,0.002430555555555555,Transit,Bulk Carrier
500050123,MV_GUL_CARGO_011,CM,transit,0.9999893247931678,bulk_carrier,0.9999997339399234,0.0,0.0,0.0,0.0,0.0,1.0675206832132371e-05,0.0,0.9999893247931678,0.0,0.002430555555555555,0.0,0.0,0.002430555555555555,Transit,Bulk Carrier
500050123,MV_GUL_CARGO_011,CM,transit,0.9999893247931678,bulk_carrier,0.9999997339226081,0.0,0.0,0.0,0.0,0.0,1.0675206832132371e-05,0.0,0.9999893247931678,0.0,0.002430555555555555,0.0,0.0,0.002430555555555555,Transit,Bulk Carrier
500050123,MV_GUL_CARGO_011,CM,transit,0.9999893247931678,bulk_carrier,0.9999997337421535,0.0,0.0,0.0,0.0,0.0,1.0675206832132371e-05,0.0,0.9999893247931678,0.0,0.002430555555555555,0.0,0.0,0.002430555555555555,Transit,Bulk Carrier
500050123,MV_GUL_CARGO_011,CM,transit,0.9999893247931678,bulk_carrier,0.9999997337421535,0.0,0.0,0.0,0.0,0.0,1.0675206832132371e-05,0.0,0.9999893247931678,0.0,0.002430555555555555,0.0,0.0,0.002430555555555555,Transit,Bulk Carrier
500050123,MV_GUL_CARGO_011,CM,transit,0.9999893247931678,bulk_carrier,0.9999997337421535,0.0,0.0,0.0,0.0,0.0,1.0675206832132371e-05,0.0,0.9999893247931678,0.0,0.002430555555555555,0.0,0.0,0.002430555555555555,Transit,Bulk Carrier
500050123,MV_GUL_CARGO_011,CM,transit,0.9999893247931678,bulk_carrier,0.9999997337421537,0.0,0.0,0.0,0.0,0.0,1.0675206832132371e-05,0.0,0.9999893247931678,0.0,0.002430555555555555,0.0,0.0,0.002430555555555555,Transit,Bulk Carrier
500050123,MV_GUL_CARGO_011,CM,transit,0.9999893247931678,bulk_carrier,0.9999997339258655,0.0,0.0,0.0,0.0,0.0,1.0675206832132371e-05,0.0,0.9999893247931678,0.0,0.002430555555555555,0.0,0.0,0.002430555555555555,Transit,Bulk Carrier
500050123,MV_GUL_CARGO_011,CM,transit,0.9999893247931678,bulk_carrier,0.9999997337424044,0.0,0.0,0.0,0.0,0.0,1.0675206832132371e-05,0.0,0.9999893247931678,0.0,0.002430555555555555,0.0,0.0,0.002430555555555555,Transit,Bulk Carrier
500050123,MV_GUL_CARGO_011,CM,transit,0.9999893247931678,bulk_carrier,0.9999997337421535,0.0,0.0,0.0,0.0,0.0,1.0675206832132371e-05,0.0,0.9999893247931678,0.0,0.002430555555555555,0.0,0.0,0.002430555555555555,Transit,Bulk Carrier
500050123,MV_GUL_CARGO_011,CM,transit,0.9999893247931678,bulk_carrier,0.9999997337440546,0.0,0.0,0.0,0.0,0.0,1.0675206832132371e-05,0.0,0.9999893247931678,0.0,0.002430555555555555,0.0,0.0,0.002430555555555555,Transit,Bulk Carrier
500050123,MV_GUL_CARGO_011,CM,transit,0.9999893247931678,bulk_carrier,0.9999997337421714,0.0,0.0,0.0,0.0,0.0,1.0675206832132371e-05,0.0,0.9999893247931678,0.0,0.002430555555555555,0.0,0.0,0.002430555555555555,Transit,Bulk Carrier
500050123,MV_GUL_CARGO_011,CM,transit,0.9999893247931678,bulk_carrier,0.9999997337421714,0.0,0.0,0.0,0.0,0.0,1.0675206832132371e-05,0.0,0.9999893247931678,0.0,0.002430555555555555,0.0,0.0,0.002430555555555555,Transit,Bulk Carrier
500050123,MV_GUL_CARGO_011,CM,transit,0.9974893247931679,bulk_carrier,0.9999997337421535,0.0,0.0,0.0,0.0,0.0,1.0675206832132371e-05,0.0025,0.9974893247931679,0.0,0.002430555555555555,0.0,0.0,0.002430555555555555,Transit,Bulk Carrier
500050123,MV_GUL_CARGO_011,CM,transit,0.9936004359042789,bulk_carrier,0.9999997337424044,0.0022222222222222222,0.0016666666666666668,0.0,0.0,0.0,1.0675206832132371e-05,0.0025,0.9936004359042789,0.0,0.002430555555555555,0.0,0.0,0.002430555555555555,Transit,Bulk Carrier
500050123,MV_GUL_CARGO_011,CM,transit,0.9983226581265012,bulk_carrier,0.9999997337424044,0.0,0.0016666666666666668,0.0,0.0,0.0,1.0675206832132371e-05,0.0,0.9983226581265012,0.0,0.002430555555555555,0.0,0.0,0.002430555555555555,Transit,Bulk Carrier
500050123,MV_GUL_CARGO_011,CM,transit,0.9999893247931678,bulk_carrier,0.9999997337421535,0.0,0.0,0.0,0.0,0.0,1.0675206832132371e-05,0.0,0.9999893247931678,0.0,0.002430555555555555,0.0,0.0,0.002430555555555555,Transit,Bulk Carrier
500050123,MV_GUL_CARGO_011,CM,transit,0.9999893247931678,bulk_carrier,0.9999997337424223,0.0,0.0,0.0,0.0,0.0,1.0675206832132371e-05,0.0,0.9999893247931678,0.0,0.002430555555555555,0.0,0.0,0.002430555555555555,Transit,Bulk Carrier
500050123,MV_GUL_CARGO_011,CM,transit,0.9983226581265012,bulk_carrier,0.9999997337421535,0.0,0.0,0.0,0.0,0.0,1.0675206832132371e-05,0.0016666666666666668,0.9983226581265012,0.0,0.002430555555555555,0.0,0.0,0.002430555555555555,Transit,Bulk Carrier
500050123,MV_GUL_CARGO_011,CM,transit,0.9983226581265012,bulk_carrier,0.9999997337424044,0.0,0.0016666666666666668,0.0,0.0,0.0,1.0675206832132371e-05,0.0,0.9983226581265012,0.0,0.002430555555555555,0.0,0.0,0.002430555555555555,Transit,Bulk Carrier
500050123,MV_GUL_CARGO_011,CM,transit,0.9999893247931678,bulk_carrier,0.9999997337424044,0.0,0.0,0.0,0.0,0.0,1.0675206832132371e-05,0.0,0.9999893247931678,0.0,0.002430555555555555,0.0,0.0,0.002430555555555555,Transit,Bulk Carrier
500050123,MV_GUL_CARGO_011,CM,transit,0.9999893247931678,bulk_carrier,0.9999997337421535,0.0,0.0,0.0,0.0,0.0,1.0675206832132371e-05,0.0,0.9999893247931678,0.0,0.002430555555555555,0.0,0.0,0.002430555555555555,Transit,Bulk Carrier
500050123,MV_GUL_CARGO_011,CM,transit,0.9999893247931678,bulk_carrier,0.9999997337424044,0.0,0.0,0.0,0.0,0.0,1.0675206832132371e-05,0.0,0.9999893247931678,0.0,0.002430555555555555,0.0,0.0,0.002430555555555555,Transit,Bulk Carrier
500050123,MV_GUL_CARGO_011,CM,transit,0.9999893247931678,bulk_carrier,0.9999997337424044,0.0,0.0,0.0,0.0,0.0,1.0675206832132371e-05,0.0,0.9999893247931678,0.0,0.002430555555555555,0.0,0.0,0.002430555555555555,Transit,Bulk Carrier
500050123,MV_GUL_CARGO_011,CM,transit,0.9988782136820569,bulk_carrier,0.9999997337424044,0.0011111111111111111,0.0,0.0,0.0,0.0,1.0675206832132371e-05,0.0,0.9988782136820569,0.0,0.002430555555555555,0.0,0.0,0.002430555555555555,Transit,Bulk Carrier
500050123,MV_GUL_CARGO_011,CM,transit,0.9999893247931678,bulk_carrier,0.9999997337421535,0.0,0.0,0.0,0.0,0.0,1.0675206832132371e-05,0.0,0.9999893247931678,0.0,0.002430555555555555,0.0,0.0,0.002430555555555555,Transit,Bulk Carrier
600000112,ANCHORED_GUL_00,PA,anchored,0.901,bulk_carrier,0.9999999946691895,0.901,0.019999999999999997,0.009166666666666667,0.0,0.0013333333333333335,0.0,0.034055555555555554,0.034444444444444444,0.0,0.002430555555555555,0.3,0.0,0.3,Anchored/Moored,Bulk Carrier
600000112,ANCHORED_GUL_00,PA,anchored,0.9698333333333333,bulk_carrier,0.9999999949223637,0.9698333333333333,0.007333333333333334,0.0,0.0,0.0,0.0,0.020888888888888887,0.0019444444444444442,0.0,0.002430555555555555,0.3,0.0,0.3,Anchored/Moored,Bulk Carrier
600000112,ANCHORED_GUL_00,PA,anchored,0.9865555555555556,bulk_carrier,0.9999999931344616,0.9865555555555556,0.009111111111111111,0.0,0.0,0.0,0.0,0.004333333333333333,0.0,0.0,0.002430555555555555,0.3,0.0,0.3,Anchored/Moored,Bulk Carrier
600000112,ANCHORED_GUL_00,PA,anchored,0.9743888888888891,bulk_carrier,0.999999995852972,0.9743888888888891,0.014277777777777778,0.0,0.0,0.0,0.0,0.009666666666666667,0.0016666666666666668,0.0,0.002430555555555555,0.3,0.0,0.3,Anchored/Moored,Bulk Carrier
600000112,ANCHORED_GUL_00,PA,anchored,0.9961111111111113,bulk_carrier,0.9999999951300746,0.9961111111111113,0.0,0.0,0.0,0.0,0.0,0.0038888888888888883,0.0,0.0,0.002430555555555555,0.3,0.0,0.3,Anchored/Moored,Bulk Carrier
600000112,ANCHORED_GUL_00,PA,anchored,0.9961111111111113,bulk_carrier,0.9999999952452223,0.9961111111111113,0.0016666666666666668,0.0,0.0,0.0,0.0,0.0022222222222222222,0.0,0.0,0.002430555555555555,0.3,0.0,0.3,Anchored/Moored,Bulk Carrier
600000112,ANCHORED_GUL_00,PA,anchored,1.0,bulk_carrier,0.9999999943478295,1.0,0.0,0.0,0.0,0.0,0.0,0.0,0.0,0.0,0.002430555555555555,0.3,0.0,0.3,Anchored/Moored,Bulk Carrier
600000112,ANCHORED_GUL_00,PA,anchored,1.0,bulk_carrier,0.9999999943478295,1.0,0.0,0.0,0.0,0.0,0.0,0.0,0.0,0.0,0.002430555555555555,0.3,0.0,0.3,Anchored/Moored,Bulk Carrier
600000112,ANCHORED_GUL_00,PA,anchored,1.0,bulk_carrier,0.9999999943478295,1.0,0.0,0.0,0.0,0.0,0.0,0.0,0.0,0.0,0.002430555555555555,0.3,0.0,0.3,Anchored/Moored,Bulk Carrier
600000112,ANCHORED_GUL_00,PA,anchored,1.0,bulk_carrier,0.9999999943478295,1.0,0.0,0.0,0.0,0.0,0.0,0.0,0.0,0.0,0.002430555555555555,0.3,0.0,0.3,Anchored/Moored,Bulk Carrier
600000112,ANCHORED_GUL_00,PA,anchored,1.0,bulk_carrier,0.9999999943249558,1.0,0.0,0.0,0.0,0.0,0.0,0.0,0.0,0.0,0.002430555555555555,0.3,0.0,0.3,Anchored/Moored,Bulk Carrier
600000112,ANCHORED_GUL_00,PA,anchored,1.0,bulk_carrier,0.9999999943249558,1.0,0.0,0.0,0.0,0.0,0.0,0.0,0.0,0.0,0.002430555555555555,0.3,0.0,0.3,Anchored/Moored,Bulk Carrier
600000112,ANCHORED_GUL_00,PA,anchored,1.0,bulk_carrier,0.9999999943461741,1.0,0.0,0.0,0.0,0.0,0.0,0.0,0.0,0.0,0.002430555555555555,0.3,0.0,0.3,Anchored/Moored,Bulk Carrier
600000112,ANCHORED_GUL_00,PA,anchored,1.0,bulk_carrier,0.9999999943249558,1.0,0.0,0.0,0.0,0.0,0.0,0.0,0.0,0.0,0.002430555555555555,0.3,0.0,0.3,Anchored/Moored,Bulk Carrier
600000112,ANCHORED_GUL_00,PA,anchored,0.9983333333333333,bulk_carrier,0.9999999943242408,0.9983333333333333,0.0016666666666666668,0.0,0.0,0.0,0.0,0.0,0.0,0.0,0.002430555555555555,0.3,0.0,0.3,Anchored/Moored,Bulk Carrier
600000112,ANCHORED_GUL_00,PA,anchored,1.0,bulk_carrier,0.9999999943018658,1.0,0.0,0.0,0.0,0.0,0.0,0.0,0.0,0.0,0.002430555555555555,0.3,0.0,0.3,Anchored/Moored,Bulk Carrier
600000112,ANCHORED_GUL_00,PA,anchored,1.0,bulk_carrier,0.9999999943249558,1.0,0.0,0.0,0.0,0.0,0.0,0.0,0.0,0.0,0.002430555555555555,0.3,0.0,0.3,Anchored/Moored,Bulk Carrier
600000112,ANCHORED_GUL_00,PA,anchored,1.0,bulk_carrier,0.9999999943249558,1.0,0.0,0.0,0.0,0.0,0.0,0.0,0.0,0.0,0.002430555555555555,0.3,0.0,0.3,Anchored/Moored,Bulk Carrier
600000112,ANCHORED_GUL_00,PA,anchored,1.0,bulk_carrier,0.9999999943677711,1.0,0.0,0.0,0.0,0.0,0.0,0.0,0.0,0.0,0.002430555555555555,0.3,0.0,0.3,Anchored/Moored,Bulk Carrier
600000112,ANCHORED_GUL_00,PA,anchored,1.0,bulk_carrier,0.9999999943677711,1.0,0.0,0.0,0.0,0.0,0.0,0.0,0.0,0.0,0.002430555555555555,0.3,0.0,0.3,Anchored/Moored,Bulk Carrier
600000112,ANCHORED_GUL_00,PA,anchored,1.0,bulk_carrier,0.9999999943018658,1.0,0.0,0.0,0.0,0.0,0.0,0.0,0.0,0.0,0.002430555555555555,0.3,0.0,0.3,Anchored/Moored,Bulk Carrier
600000112,ANCHORED_GUL_00,PA,anchored,1.0,bulk_carrier,0.9999999943478295,1.0,0.0,0.0,0.0,0.0,0.0,0.0,0.0,0.0,0.002430555555555555,0.3,0.0,0.3,Anchored/Moored,Bulk Carrier
600000112,ANCHORED_GUL_00,PA,anchored,0.9977777777777778,bulk_carrier,0.9999999943677711,0.9977777777777778,0.0,0.0,0.0,0.0,0.0,0.0022222222222222222,0.0,0.0,0.002430555555555555,0.3,0.0,0.3,Anchored/Moored,Bulk Carrier
600000112,ANCHORED_GUL_00,PA,anchored,0.9710515873015871,bulk_carrier,0.9999999934275485,0.9710515873015871,0.010753968253968254,0.0,0.0,0.0,0.0,0.018194444444444444,0.0,0.0,0.002430555555555555,0.3,0.0,0.3,Anchored/Moored,Bulk Carrier
600000112,ANCHORED_GUL_00,PA,anchored,0.9713293650793651,bulk_carrier,0.999999990934603,0.9713293650793651,0.012420634920634919,0.0,0.0,0.0,0.0,0.01625,0.0,0.0,0.002430555555555555,0.3,0.0,0.3,Anchored/Moored,Bulk Carrier
600000112,ANCHORED_GUL_00,PA,anchored,0.9883333333333333,bulk_carrier,0.9999999943018658,0.9883333333333333,0.0016666666666666668,0.0,0.0,0.0,0.0,0.01,0.0,0.0,0.002430555555555555,0.3,0.0,0.3,Anchored/Moored,Bulk Carrier
600000112,ANCHORED_GUL_00,PA,anchored,1.0,bulk_carrier,0.9999999943679276,1.0,0.0,0.0,0.0,0.0,0.0,0.0,0.0,0.0,0.002430555555555555,0.3,0.0,0.3,Anchored/Moored,Bulk Carrier
600000113,ANCHORED_GUL_01,CN,anchored,0.9197222222222223,tanker,0.9999999414151252,0.9197222222222223,0.00988888888888889,0.0011111111111111111,0.0011111111111111111,0.0,0.0,0.01011111111111111,0.05805555555555555,0.0,0.002430555555555555,0.0,0.0,0.002430555555555555,Anchored/Moored,Tanker
600000113,ANCHORED_GUL_01,CN,anchored,0.9694444444444446,tanker,0.9999998829366469,0.9694444444444446,0.0016666666666666668,0.009999999999999998,0.0,0.0,0.0,0.017777777777777778,0.0011111111111111111,0.0,0.002430555555555555,0.0,0.0,0.002430555555555555,Anchored/Moored,Tanker
600000113,ANCHORED_GUL_01,CN,anchored,0.9988888888888889,tanker,0.9999999539455996,0.9988888888888889,0.0,0.0011111111111111111,0.0,0.0,0.0,0.0,0.0,0.0,0.002430555555555555,0.0,0.0,0.002430555555555555,Anchored/Moored,Tanker
600000113,ANCHORED_GUL_01,CN,anchored,1.0,tanker,0.9999999702321667,1.0,0.0,0.0,0.0,0.0,0.0,0.0,0.0,0.0,0.002430555555555555,0.0,0.0,0.002430555555555555,Anchored/Moored,Tanker
600000113,ANCHORED_GUL_01,CN,anchored,1.0,tanker,0.9999999706280067,1.0,0.0,0.0,0.0,0.0,0.0,0.0,0.0,0.0,0.002430555555555555,0.0,0.0,0.002430555555555555,Anchored/Moored,Tanker
600000113,ANCHORED_GUL_01,CN,anchored,1.0,tanker,0.9999999706002265,1.0,0.0,0.0,0.0,0.0,0.0,0.0,0.0,0.0,0.002430555555555555,0.0,0.0,0.002430555555555555,Anchored/Moored,Tanker
600000113,ANCHORED_GUL_01,CN,anchored,1.0,tanker,0.9999999709652727,1.0,0.0,0.0,0.0,0.0,0.0,0.0,0.0,0.0,0.002430555555555555,0.0,0.0,0.002430555555555555,Anchored/Moored,Tanker
600000113,ANCHORED_GUL_01,CN,anchored,1.0,tanker,0.9999999698566895,1.0,0.0,0.0,0.0,0.0,0.0,0.0,0.0,0.0,0.002430555555555555,0.0,0.0,0.002430555555555555,Anchored/Moored,Tanker
600000113,ANCHORED_GUL_01,CN,anchored,0.9933333333333333,tanker,0.9999999693697381,0.9933333333333333,0.004166666666666667,0.0,0.0,0.0,0.0,0.0025,0.0,0.0,0.002430555555555555,0.0,0.0,0.002430555555555555,Anchored/Moored,Tanker
600000113,ANCHORED_GUL_01,CN,anchored,0.9571111111111111,tanker,0.9999999219391088,0.9571111111111111,0.005833333333333334,0.0025,0.0,0.0006666666666666668,0.0,0.03277777777777778,0.0011111111111111111,0.0,0.002430555555555555,0.0,0.0,0.002430555555555555,Anchored/Moored,Tanker
600000113,ANCHORED_GUL_01,CN,anchored,0.9311111111111114,tanker,0.9999999589680867,0.9311111111111114,0.012777777777777779,0.010166666666666666,0.0,0.0011111111111111111,0.0,0.04483333333333333,0.0,0.0,0.002430555555555555,0.0,0.0,0.002430555555555555,Anchored/Moored,Tanker
600000113,ANCHORED_GUL_01,CN,anchored,0.969777777777778,tanker,0.9999999702012923,0.969777777777778,0.004333333333333333,0.0033333333333333335,0.0,0.0,0.0,0.022555555555555554,0.0,0.0,0.002430555555555555,0.0,0.0,0.002430555555555555,Anchored/Moored,Tanker
600000113,ANCHORED_GUL_01,CN,anchored,0.9966666666666667,tanker,0.9999999698138178,0.9966666666666667,0.0033333333333333335,0.0,0.0,0.0,0.0,0.0,0.0,0.0,0.002430555555555555,0.0,0.0,0.002430555555555555,Anchored/Moored,Tanker
600000113,ANCHORED_GUL_01,CN,anchored,0.9983333333333333,tanker,0.999999970244164,0.9983333333333333,0.0,0.0,0.0,0.0016666666666666668,0.0,0.0,0.0,0.0,0.002430555555555555,0.0,0.0,0.002430555555555555,Anchored/Moored,Tanker
600000113,ANCHORED_GUL_01,CN,anchored,1.0,tanker,0.9999999698566895,1.0,0.0,0.0,0.0,0.0,0.0,0.0,0.0,0.0,0.002430555555555555,0.0,0.0,0.002430555555555555,Anchored/Moored,Tanker
600000113,ANCHORED_GUL_01,CN,anchored,1.0,tanker,0.9999999709652727,1.0,0.0,0.0,0.0,0.0,0.0,0.0,0.0,0.0,0.002430555555555555,0.0,0.0,0.002430555555555555,Anchored/Moored,Tanker
600000113,ANCHORED_GUL_01,CN,anchored,1.0,tanker,0.9999999706002265,1.0,0.0,0.0,0.0,0.0,0.0,0.0,0.0,0.0,0.002430555555555555,0.0,0.0,0.002430555555555555,Anchored/Moored,Tanker
600000113,ANCHORED_GUL_01,CN,anchored,0.9961111111111113,tanker,0.9999999709652727,0.9961111111111113,0.0038888888888888883,0.0,0.0,0.0,0.0,0.0,0.0,0.0,0.002430555555555555,0.0,0.0,0.002430555555555555,Anchored/Moored,Tanker
600000113,ANCHORED_GUL_01,CN,anchored,0.9894444444444443,tanker,0.999999969401921,0.9894444444444443,0.0061111111111111106,0.0033333333333333335,0.0,0.0,0.0,0.0011111111111111111,0.0,0.0,0.002430555555555555,0.0,0.0,0.002430555555555555,Anchored/Moored,Tanker
600000113,ANCHORED_GUL_01,CN,anchored,0.9994444444444446,tanker,0.9999999706280067,0.9994444444444446,0.0005555555555555556,0.0,0.0,0.0,0.0,0.0,0.0,0.0,0.002430555555555555,0.0,0.0,0.002430555555555555,Anchored/Moored,Tanker
600000113,ANCHORED_GUL_01,CN,anchored,1.0,tanker,0.9999999709652727,1.0,0.0,0.0,0.0,0.0,0.0,0.0,0.0,0.0,0.002430555555555555,0.0,0.0,0.002430555555555555,Anchored/Moored,Tanker
600000113,ANCHORED_GUL_01,CN,anchored,1.0,tanker,0.9999999709652727,1.0,0.0,0.0,0.0,0.0,0.0,0.0,0.0,0.0,0.002430555555555555,0.0,0.0,0.002430555555555555,Anchored/Moored,Tanker
600000113,ANCHORED_GUL_01,CN,anchored,1.0,tanker,0.9999999705963909,1.0,0.0,0.0,0.0,0.0,0.0,0.0,0.0,0.0,0.002430555555555555,0.0,0.0,0.002430555555555555,Anchored/Moored,Tanker
600000113,ANCHORED_GUL_01,CN,anchored,0.9983333333333333,tanker,0.9999999693697381,0.9983333333333333,0.0,0.0,0.0,0.0,0.0,0.0016666666666666668,0.0,0.0,0.002430555555555555,0.0,0.0,0.002430555555555555,Anchored/Moored,Tanker
600000113,ANCHORED_GUL_01,CN,anchored,0.9961111111111113,tanker,0.9999999700495836,0.9961111111111113,0.0022222222222222222,0.0,0.0,0.0,0.0,0.0016666666666666668,0.0,0.0,0.002430555555555555,0.0,0.0,0.002430555555555555,Anchored/Moored,Tanker
600000113,ANCHORED_GUL_01,CN,anchored,0.9983333333333333,tanker,0.999999970244164,0.9983333333333333,0.0,0.0,0.0,0.0,0.0,0.0016666666666666668,0.0,0.0,0.002430555555555555,0.0,0.0,0.002430555555555555,Anchored/Moored,Tanker
600000113,ANCHORED_GUL_01,CN,anchored,0.9945555555555555,tanker,0.9999999702015712,0.9945555555555555,0.0011111111111111111,0.0,0.0,0.0,0.0,0.004333333333333333,0.0,0.0,0.002430555555555555,0.0,0.0,0.002430555555555555,Anchored/Moored,Tanker
600000114,ANCHORED_GUL_02,PA,anchored,0.8933333333333335,bulk_carrier,0.999999984550588,0.8933333333333335,0.02542592592592592,0.016555555555555556,0.0,0.001851851851851852,0.0,0.04622222222222223,0.015277777777777777,0.0013333333333333335,0.002430555555555555,0.3,0.0,0.3,Anchored/Moored,Bulk Carrier
600000114,ANCHORED_GUL_02,PA,anchored,1.0,bulk_carrier,0.9999999764174236,1.0,0.0,0.0,0.0,0.0,0.0,0.0,0.0,0.0,0.002430555555555555,0.3,0.0,0.3,Anchored/Moored,Bulk Carrier
600000114,ANCHORED_GUL_02,PA,anchored,0.9724444444444444,bulk_carrier,0.9999999764176678,0.9724444444444444,0.0016666666666666668,0.004722222222222221,0.0,0.0,0.0,0.01983333333333333,0.0013333333333333335,0.0,0.002430555555555555,0.3,0.0,0.3,Anchored/Moored,Bulk Carrier
600000114,ANCHORED_GUL_02,PA,anchored,0.9718888888888889,bulk_carrier,0.9999999763825441,0.9718888888888889,0.0016666666666666668,0.0030555555555555553,0.0,0.0,0.0,0.022055555555555554,0.0013333333333333335,0.0,0.002430555555555555,0.3,0.0,0.3,Anchored/Moored,Bulk Carrier
600000114,ANCHORED_GUL_02,PA,anchored,0.9983333333333333,bulk_carrier,0.9999999764006292,0.9983333333333333,0.0,0.0,0.0,0.0,0.0,0.0016666666666666668,0.0,0.0,0.002430555555555555,0.3,0.0,0.3,Anchored/Moored,Bulk Carrier
600000114,ANCHORED_GUL_02,PA,anchored,0.9916666666666667,bulk_carrier,0.9999999763812658,0.9916666666666667,0.0033333333333333335,0.0,0.0,0.0,0.0,0.005,0.0,0.0,0.002430555555555555,0.3,0.0,0.3,Anchored/Moored,Bulk Carrier
600000114,ANCHORED_GUL_02,PA,anchored,1.0,bulk_carrier,0.9999999763636837,1.0,0.0,0.0,0.0,0.0,0.0,0.0,0.0,0.0,0.002430555555555555,0.3,0.0,0.3,Anchored/Moored,Bulk Carrier
600000114,ANCHORED_GUL_02,PA,anchored,1.0,bulk_carrier,0.9999999763998714,1.0,0.0,0.0,0.0,0.0,0.0,0.0,0.0,0.0,0.002430555555555555,0.3,0.0,0.3,Anchored/Moored,Bulk Carrier
600000114,ANCHORED_GUL_02,PA,anchored,0.9988888888888889,bulk_carrier,0.9999999763977835,0.9988888888888889,0.0011111111111111111,0.0,0.0,0.0,0.0,0.0,0.0,0.0,0.002430555555555555,0.3,0.0,0.3,Anchored/Moored,Bulk Carrier
600000114,ANCHORED_GUL_02,PA,anchored,0.9777777777777779,bulk_carrier,0.9999999763825441,0.9777777777777779,0.0016666666666666668,0.0,0.0,0.0,0.0,0.020555555555555553,0.0,0.0,0.002430555555555555,0.3,0.0,0.3,Anchored/Moored,Bulk Carrier
600000114,ANCHORED_GUL_02,PA,anchored,0.9916666666666667,bulk_carrier,0.999999976432746,0.9916666666666667,0.0038888888888888883,0.0011111111111111111,0.0,0.0,0.0,0.0033333333333333335,0.0,0.0,0.002430555555555555,0.3,0.0,0.3,Anchored/Moored,Bulk Carrier
600000114,ANCHORED_GUL_02,PA,anchored,0.988611111111111,bulk_carrier,0.9999999763817246,0.988611111111111,0.0,0.0,0.002,0.0,0.0,0.009388888888888888,0.0,0.0,0.002430555555555555,0.3,0.0,0.3,Anchored/Moored,Bulk Carrier
600000114,ANCHORED_GUL_02,PA,anchored,0.976111111111111,bulk_carrier,0.9999999822913356,0.976111111111111,0.004722222222222221,0.0,0.0,0.0,0.0,0.018333333333333333,0.0008333333333333334,0.0,0.002430555555555555,0.3,0.0,0.3,Anchored/Moored,Bulk Carrier
600000114,ANCHORED_GUL_02,PA,anchored,0.9558333333333333,bulk_carrier,0.9999999870628449,0.9558333333333333,0.00861111111111111,0.0016666666666666668,0.0,0.0,0.0,0.03277777777777778,0.0011111111111111111,0.0,0.002430555555555555,0.3,0.0,0.3,Anchored/Moored,Bulk Carrier
600000114,ANCHORED_GUL_02,PA,anchored,0.9804166666666667,bulk_carrier,0.9999999850593042,0.9804166666666667,0.0022222222222222222,0.0025,0.0,0.0,0.0,0.01375,0.0011111111111111111,0.0,0.002430555555555555,0.3,0.0,0.3,Anchored/Moored,Bulk Carrier
600000114,ANCHORED_GUL_02,PA,anchored,0.9917460317460317,bulk_carrier,0.9999999818719395,0.9917460317460317,0.0032539682539682534,0.0,0.0,0.0,0.0,0.005,0.0,0.0,0.002430555555555555,0.3,0.0,0.3,Anchored/Moored,Bulk Carrier
600000114,ANCHORED_GUL_02,PA,anchored,0.9892460317460318,bulk_carrier,0.9999999818329227,0.9892460317460318,0.007420634920634921,0.0,0.0,0.0,0.0,0.0016666666666666668,0.0016666666666666668,0.0,0.002430555555555555,0.3,0.0,0.3,Anchored/Moored,Bulk Carrier
600000114,ANCHORED_GUL_02,PA,anchored,1.0,bulk_carrier,0.9999999764004782,1.0,0.0,0.0,0.0,0.0,0.0,0.0,0.0,0.0,0.002430555555555555,0.3,0.0,0.3,Anchored/Moored,Bulk Carrier
600000114,ANCHORED_GUL_02,PA,anchored,1.0,bulk_carrier,0.9999999764004782,1.0,0.0,0.0,0.0,0.0,0.0,0.0,0.0,0.0,0.002430555555555555,0.3,0.0,0.3,Anchored/Moored,Bulk Carrier
600000114,ANCHORED_GUL_02,PA,anchored,0.9983333333333333,bulk_carrier,0.9999999794937611,0.9983333333333333,0.0016666666666666668,0.0,0.0,0.0,0.0,0.0,0.0,0.0,0.002430555555555555,0.3,0.0,0.3,Anchored/Moored,Bulk Carrier
600000114,ANCHORED_GUL_02,PA,anchored,0.9983333333333333,bulk_carrier,0.9999999763813557,0.9983333333333333,0.0016666666666666668,0.0,0.0,0.0,0.0,0.0,0.0,0.0,0.002430555555555555,0.3,0.0,0.3,Anchored/Moored,Bulk Carrier
600000114,ANCHORED_GUL_02,PA,anchored,1.0,bulk_carrier,0.999999976432746,1.0,0.0,0.0,0.0,0.0,0.0,0.0,0.0,0.0,0.002430555555555555,0.3,0.0,0.3,Anchored/Moored,Bulk Carrier
600000114,ANCHORED_GUL_02,PA,anchored,1.0,bulk_carrier,0.999999976400422,1.0,0.0,0.0,0.0,0.0,0.0,0.0,0.0,0.0,0.002430555555555555,0.3,0.0,0.3,Anchored/Moored,Bulk Carrier
600000114,ANCHORED_GUL_02,PA,anchored,1.0,bulk_carrier,0.9999999817918713,1.0,0.0,0.0,0.0,0.0,0.0,0.0,0.0,0.0,0.002430555555555555,0.3,0.0,0.3,Anchored/Moored,Bulk Carrier
600000114,ANCHORED_GUL_02,PA,anchored,1.0,bulk_carrier,0.9999999763811448,1.0,0.0,0.0,0.0,0.0,0.0,0.0,0.0,0.0,0.002430555555555555,0.3,0.0,0.3,Anchored/Moored,Bulk Carrier
600000114,ANCHORED_GUL_02,PA,anchored,1.0,bulk_carrier,0.9999999764012512,1.0,0.0,0.0,0.0,0.0,0.0,0.0,0.0,0.0,0.002430555555555555,0.3,0.0,0.3,Anchored/Moored,Bulk Carrier
600000114,ANCHORED_GUL_02,PA,anchored,0.9975,bulk_carrier,0.9999999763630433,0.9975,0.0025,0.0,0.0,0.0,0.0,0.0,0.0,0.0,0.002430555555555555,0.3,0.0,0.3,Anchored/Moored,Bulk Carrier
600000115,ANCHORED_GUL_03,CN,anchored,0.7592222222222225,cargo,0.9999999618488992,0.7592222222222225,0.018277777777777778,0.0025,0.01138888888888889,0.008777777777777778,0.0,0.0165,0.18166666666666667,0.0016666666666666668,0.002430555555555555,0.0,0.0,0.002430555555555555,Anchored/Moored,Cargo
600000115,ANCHORED_GUL_03,CN,anchored,0.9291666666666667,cargo,0.9999999773074623,0.9291666666666667,0.018055555555555554,0.021944444444444444,0.0,0.0,0.0,0.02861111111111111,0.0011111111111111111,0.0011111111111111111,0.002430555555555555,0.0,0.0,0.002430555555555555,Anchored/Moored,Cargo
600000115,ANCHORED_GUL_03,CN,anchored,0.9839682539682538,cargo,0.9999999830910767,0.9839682539682538,0.008809523809523809,0.0,0.0,0.0022222222222222222,0.0,0.005,0.0,0.0,0.002430555555555555,0.0,0.0,0.002430555555555555,Anchored/Moored,Cargo
600000115,ANCHORED_GUL_03,CN,anchored,0.9874444444444445,cargo,0.9999999905791545,0.9874444444444445,0.005888888888888889,0.0,0.0,0.0,0.0,0.006666666666666667,0.0,0.0,0.002430555555555555,0.0,0.0,0.002430555555555555,Anchored/Moored,Cargo
600000115,ANCHORED_GUL_03,CN,anchored,0.9902222222222222,cargo,0.9999999905791545,0.9902222222222222,0.003666666666666667,0.0027777777777777775,0.0,0.0,0.0,0.0033333333333333335,0.0,0.0,0.002430555555555555,0.0,0.0,0.002430555555555555,Anchored/Moored,Cargo
600000115,ANCHORED_GUL_03,CN,anchored,1.0,cargo,0.9999999865733062,1.0,0.0,0.0,0.0,0.0,0.0,0.0,0.0,0.0,0.002430555555555555,0.0,0.0,0.002430555555555555,Anchored/Moored,Cargo
600000115,ANCHORED_GUL_03,CN,anchored,1.0,cargo,0.9999999859918038,1.0,0.0,0.0,0.0,0.0,0.0,0.0,0.0,0.0,0.002430555555555555,0.0,0.0,0.002430555555555555,Anchored/Moored,Cargo
600000115,ANCHORED_GUL_03,CN,anchored,0.9866666666666667,cargo,0.9999999856955268,0.9866666666666667,0.0025,0.0008333333333333334,0.0,0.0,0.0,0.01,0.0,0.0,0.002430555555555555,0.0,0.0,0.002430555555555555,Anchored/Moored,Cargo
600000115,ANCHORED_GUL_03,CN,anchored,0.9930555555555556,cargo,0.9999999821355362,0.9930555555555556,0.0,0.0,0.0,0.0,0.0,0.005833333333333334,0.0011111111111111111,0.0,0.002430555555555555,0.0,0.0,0.002430555555555555,Anchored/Moored,Cargo
600000115,ANCHORED_GUL_03,CN,anchored,0.9958333333333333,cargo,0.9999999884516716,0.9958333333333333,0.0,0.0025,0.0,0.0,0.0,0.0016666666666666668,0.0,0.0,0.002430555555555555,0.0,0.0,0.002430555555555555,Anchored/Moored,Cargo
600000115,ANCHORED_GUL_03,CN,anchored,1.0,cargo,0.9999999892937604,1.0,0.0,0.0,0.0,0.0,0.0,0.0,0.0,0.0,0.002430555555555555,0.0,0.0,0.002430555555555555,Anchored/Moored,Cargo
600000115,ANCHORED_GUL_03,CN,anchored,1.0,cargo,0.9999999911810903,1.0,0.0,0.0,0.0,0.0,0.0,0.0,0.0,0.0,0.002430555555555555,0.0,0.0,0.002430555555555555,Anchored/Moored,Cargo
600000115,ANCHORED_GUL_03,CN,anchored,1.0,cargo,0.999999991754425,1.0,0.0,0.0,0.0,0.0,0.0,0.0,0.0,0.0,0.002430555555555555,0.0,0.0,0.002430555555555555,Anchored/Moored,Cargo
600000115,ANCHORED_GUL_03,CN,anchored,1.0,cargo,0.999999991754425,1.0,0.0,0.0,0.0,0.0,0.0,0.0,0.0,0.0,0.002430555555555555,0.0,0.0,0.002430555555555555,Anchored/Moored,Cargo
600000115,ANCHORED_GUL_03,CN,anchored,1.0,cargo,0.9999999906292151,1.0,0.0,0.0,0.0,0.0,0.0,0.0,0.0,0.0,0.002430555555555555,0.0,0.0,0.002430555555555555,Anchored/Moored,Cargo
600000115,ANCHORED_GUL_03,CN,anchored,1.0,cargo,0.999999991754425,1.0,0.0,0.0,0.0,0.0,0.0,0.0,0.0,0.0,0.002430555555555555,0.0,0.0,0.002430555555555555,Anchored/Moored,Cargo
600000115,ANCHORED_GUL_03,CN,anchored,1.0,cargo,0.999999991754425,1.0,0.0,0.0,0.0,0.0,0.0,0.0,0.0,0.0,0.002430555555555555,0.0,0.0,0.002430555555555555,Anchored/Moored,Cargo
600000115,ANCHORED_GUL_03,CN,anchored,1.0,cargo,0.999999991754425,1.0,0.0,0.0,0.0,0.0,0.0,0.0,0.0,0.0,0.002430555555555555,0.0,0.0,0.002430555555555555,Anchored/Moored,Cargo
600000115,ANCHORED_GUL_03,CN,anchored,0.9966666666666667,cargo,0.9999999892922701,0.9966666666666667,0.0016666666666666668,0.0,0.0,0.0,0.0,0.0016666666666666668,0.0,0.0,0.002430555555555555,0.0,0.0,0.002430555555555555,Anchored/Moored,Cargo
600000115,ANCHORED_GUL_03,CN,anchored,1.0,cargo,0.9999999905782141,1.0,0.0,0.0,0.0,0.0,0.0,0.0,0.0,0.0,0.002430555555555555,0.0,0.0,0.002430555555555555,Anchored/Moored,Cargo
600000115,ANCHORED_GUL_03,CN,anchored,1.0,cargo,0.999999991754425,1.0,0.0,0.0,0.0,0.0,0.0,0.0,0.0,0.0,0.002430555555555555,0.0,0.0,0.002430555555555555,Anchored/Moored,Cargo
600000115,ANCHORED_GUL_03,CN,anchored,1.0,cargo,0.9999999911810903,1.0,0.0,0.0,0.0,0.0,0.0,0.0,0.0,0.0,0.002430555555555555,0.0,0.0,0.002430555555555555,Anchored/Moored,Cargo
600000115,ANCHORED_GUL_03,CN,anchored,1.0,cargo,0.9999999905778431,1.0,0.0,0.0,0.0,0.0,0.0,0.0,0.0,0.0,0.002430555555555555,0.0,0.0,0.002430555555555555,Anchored/Moored,Cargo
600000115,ANCHORED_GUL_03,CN,anchored,0.99,cargo,0.9999999862465718,0.99,0.01,0.0,0.0,0.0,0.0,0.0,0.0,0.0,0.002430555555555555,0.0,0.0,0.002430555555555555,Anchored/Moored,Cargo
600000115,ANCHORED_GUL_03,CN,anchored,0.9817222222222222,cargo,0.9999999853716097,0.9817222222222222,0.017611111111111112,0.0,0.0,0.0,0.0,0.0006666666666666668,0.0,0.0,0.002430555555555555,0.0,0.0,0.002430555555555555,Anchored/Moored,Cargo
600000115,ANCHORED_GUL_03,CN,anchored,1.0,cargo,0.999999991754425,1.0,0.0,0.0,0.0,0.0,0.0,0.0,0.0,0.0,0.002430555555555555,0.0,0.0,0.002430555555555555,Anchored/Moored,Cargo
600000115,ANCHORED_GUL_03,CN,anchored,1.0,cargo,0.999999991754425,1.0,0.0,0.0,0.0,0.0,0.0,0.0,0.0,0.0,0.002430555555555555,0.0,0.0,0.002430555555555555,Anchored/Moored,Cargo
600000116,ANCHORED_GUL_04,BR,anchored,0.9200555555555557,tanker,0.9999999677765802,0.9200555555555557,0.014888888888888889,0.007222222222222222,0.0011111111111111111,0.0013333333333333335,0.0,0.010666666666666668,0.044722222222222226,0.0,0.002430555555555555,0.0,0.0,0.002430555555555555,Anchored/Moored,Tanker
600000116,ANCHORED_GUL_04,BR,anchored,0.9827777777777779,tanker,0.9999999652644204,0.9827777777777779,0.004999999999999999,0.0,0.0,0.0,0.0,0.010277777777777776,0.0019444444444444442,0.0,0.002430555555555555,0.0,0.0,0.002430555555555555,Anchored/Moored,Tanker
600000116,ANCHORED_GUL_04,BR,anchored,1.0,tanker,0.999999966102119,1.0,0.0,0.0,0.0,0.0,0.0,0.0,0.0,0.0,0.002430555555555555,0.0,0.0,0.002430555555555555,Anchored/Moored,Tanker
600000116,ANCHORED_GUL_04,BR,anchored,1.0,tanker,0.9999999661335084,1.0,0.0,0.0,0.0,0.0,0.0,0.0,0.0,0.0,0.002430555555555555,0.0,0.0,0.002430555555555555,Anchored/Moored,Tanker
600000116,ANCHORED_GUL_04,BR,anchored,1.0,tanker,0.9999999656775055,1.0,0.0,0.0,0.0,0.0,0.0,0.0,0.0,0.0,0.002430555555555555,0.0,0.0,0.002430555555555555,Anchored/Moored,Tanker
600000116,ANCHORED_GUL_04,BR,anchored,1.0,tanker,0.9999999656769344,1.0,0.0,0.0,0.0,0.0,0.0,0.0,0.0,0.0,0.002430555555555555,0.0,0.0,0.002430555555555555,Anchored/Moored,Tanker
600000116,ANCHORED_GUL_04,BR,anchored,1.0,tanker,0.9999999661335084,1.0,0.0,0.0,0.0,0.0,0.0,0.0,0.0,0.0,0.002430555555555555,0.0,0.0,0.002430555555555555,Anchored/Moored,Tanker
600000116,ANCHORED_GUL_04,BR,anchored,0.9983333333333333,tanker,0.9999999661335084,0.9983333333333333,0.0016666666666666668,0.0,0.0,0.0,0.0,0.0,0.0,0.0,0.002430555555555555,0.0,0.0,0.002430555555555555,Anchored/Moored,Tanker
600000116,ANCHORED_GUL_04,BR,anchored,1.0,tanker,0.9999999661335084,1.0,0.0,0.0,0.0,0.0,0.0,0.0,0.0,0.0,0.002430555555555555,0.0,0.0,0.002430555555555555,Anchored/Moored,Tanker
600000116,ANCHORED_GUL_04,BR,anchored,1.0,tanker,0.9999999661335084,1.0,0.0,0.0,0.0,0.0,0.0,0.0,0.0,0.0,0.002430555555555555,0.0,0.0,0.002430555555555555,Anchored/Moored,Tanker
600000116,ANCHORED_GUL_04,BR,anchored,1.0,tanker,0.9999999661335099,1.0,0.0,0.0,0.0,0.0,0.0,0.0,0.0,0.0,0.002430555555555555,0.0,0.0,0.002430555555555555,Anchored/Moored,Tanker
600000116,ANCHORED_GUL_04,BR,anchored,0.9966666666666667,tanker,0.9999999652591925,0.9966666666666667,0.0033333333333333335,0.0,0.0,0.0,0.0,0.0,0.0,0.0,0.002430555555555555,0.0,0.0,0.002430555555555555,Anchored/Moored,Tanker
600000116,ANCHORED_GUL_04,BR,anchored,0.9856111111111111,tanker,0.9999999652092765,0.9856111111111111,0.012388888888888889,0.0,0.0,0.0,0.0,0.0020000000000000005,0.0,0.0,0.002430555555555555,0.0,0.0,0.002430555555555555,Anchored/Moored,Tanker
600000116,ANCHORED_GUL_04,BR,anchored,1.0,tanker,0.9999999652591925,1.0,0.0,0.0,0.0,0.0,0.0,0.0,0.0,0.0,0.002430555555555555,0.0,0.0,0.002430555555555555,Anchored/Moored,Tanker
600000116,ANCHORED_GUL_04,BR,anchored,1.0,tanker,0.9999999665148089,1.0,0.0,0.0,0.0,0.0,0.0,0.0,0.0,0.0,0.002430555555555555,0.0,0.0,0.002430555555555555,Anchored/Moored,Tanker
600000116,ANCHORED_GUL_04,BR,anchored,0.9829999999999999,tanker,0.9999999665148089,0.9829999999999999,0.0016666666666666668,0.0033333333333333335,0.0,0.0,0.0,0.012,0.0,0.0,0.002430555555555555,0.0,0.0,0.002430555555555555,Anchored/Moored,Tanker
600000116,ANCHORED_GUL_04,BR,anchored,0.944111111111111,tanker,0.9999999595288497,0.944111111111111,0.008277777777777778,0.0,0.0,0.0,0.0,0.04761111111111111,0.0,0.0,0.002430555555555555,0.0,0.0,0.002430555555555555,Anchored/Moored,Tanker
600000116,ANCHORED_GUL_04,BR,anchored,0.956111111111111,tanker,0.999999967327186,0.956111111111111,0.0038888888888888883,0.017777777777777778,0.0,0.0008333333333333334,0.0,0.017777777777777778,0.0,0.003611111111111111,0.002430555555555555,0.0,0.0,0.002430555555555555,Anchored/Moored,Tanker
600000116,ANCHORED_GUL_04,BR,anchored,0.9886111111111112,tanker,0.9999999603887872,0.9886111111111112,0.0,0.0025,0.0,0.0,0.0,0.008888888888888889,0.0,0.0,0.002430555555555555,0.0,0.0,0.002430555555555555,Anchored/Moored,Tanker
600000116,ANCHORED_GUL_04,BR,anchored,1.0,tanker,0.9999999661335099,1.0,0.0,0.0,0.0,0.0,0.0,0.0,0.0,0.0,0.002430555555555555,0.0,0.0,0.002430555555555555,Anchored/Moored,Tanker
600000116,ANCHORED_GUL_04,BR,anchored,1.0,tanker,0.9999999652609287,1.0,0.0,0.0,0.0,0.0,0.0,0.0,0.0,0.0,0.002430555555555555,0.0,0.0,0.002430555555555555,Anchored/Moored,Tanker
600000116,ANCHORED_GUL_04,BR,anchored,0.9977777777777778,tanker,0.9999999656775055,0.9977777777777778,0.0,0.0022222222222222222,0.0,0.0,0.0,0.0,0.0,0.0,0.002430555555555555,0.0,0.0,0.002430555555555555,Anchored/Moored,Tanker
600000116,ANCHORED_GUL_04,BR,anchored,1.0,tanker,0.999999966125221,1.0,0.0,0.0,0.0,0.0,0.0,0.0,0.0,0.0,0.002430555555555555,0.0,0.0,0.002430555555555555,Anchored/Moored,Tanker
600000116,ANCHORED_GUL_04,BR,anchored,1.0,tanker,0.9999999668652042,1.0,0.0,0.0,0.0,0.0,0.0,0.0,0.0,0.0,0.002430555555555555,0.0,0.0,0.002430555555555555,Anchored/Moored,Tanker
600000116,ANCHORED_GUL_04,BR,anchored,1.0,tanker,0.9999999661335099,1.0,0.0,0.0,0.0,0.0,0.0,0.0,0.0,0.0,0.002430555555555555,0.0,0.0,0.002430555555555555,Anchored/Moored,Tanker
600000116,ANCHORED_GUL_04,BR,anchored,1.0,tanker,0.9999999661335099,1.0,0.0,0.0,0.0,0.0,0.0,0.0,0.0,0.0,0.002430555555555555,0.0,0.0,0.002430555555555555,Anchored/Moored,Tanker
600000116,ANCHORED_GUL_04,BR,anchored,0.9966666666666667,tanker,0.999999966138948,0.9966666666666667,0.0,0.0,0.0,0.0,0.0,0.0033333333333333335,0.0,0.0,0.002430555555555555,0.0,0.0,0.002430555555555555,Anchored/Moored,Tanker
700050112,VESSEL_GUL_000,GA,transit,0.9999893247931678,longliner,0.9999999931847028,0.0,0.0,0.0,0.0,0.0,1.0675206832132371e-05,0.0,0.9999893247931678,0.0,0.002430555555555555,0.0,0.0,0.002430555555555555,Transit,Fishing - Longliner
700050112,VESSEL_GUL_000,GA,transit,0.9999893247931678,longliner,0.9999999931847754,0.0,0.0,0.0,0.0,0.0,1.0675206832132371e-05,0.0,0.9999893247931678,0.0,0.002430555555555555,0.0,0.0,0.002430555555555555,Transit,Fishing - Longliner
700050112,VESSEL_GUL_000,GA,transit,0.976259166063009,longliner,0.9999999931847754,0.0033333333333333335,0.0006666666666666668,0.002666666666666667,0.0009523809523809524,0.0,0.0033440085401654656,0.012777777777777777,0.976259166063009,0.0,0.002430555555555555,0.0,0.0,0.002430555555555555,Transit,Fishing - Longliner
700050112,VESSEL_GUL_000,GA,transit,0.9999893247931678,longliner,0.9999999931847754,0.0,0.0,0.0,0.0,0.0,1.0675206832132371e-05,0.0,0.9999893247931678,0.0,0.002430555555555555,0.0,0.0,0.002430555555555555,Transit,Fishing - Longliner
700050112,VESSEL_GUL_000,GA,transit,0.9999893247931678,longliner,0.9999999931847754,0.0,0.0,0.0,0.0,0.0,1.0675206832132371e-05,0.0,0.9999893247931678,0.0,0.002430555555555555,0.0,0.0,0.002430555555555555,Transit,Fishing - Longliner
700050112,VESSEL_GUL_000,GA,transit,0.9999893247931678,longliner,0.9999999931847754,0.0,0.0,0.0,0.0,0.0,1.0675206832132371e-05,0.0,0.9999893247931678,0.0,0.002430555555555555,0.0,0.0,0.002430555555555555,Transit,Fishing - Longliner
700050112,VESSEL_GUL_000,GA,transit,0.9999893247931678,longliner,0.9999999931847754,0.0,0.0,0.0,0.0,0.0,1.0675206832132371e-05,0.0,0.9999893247931678,0.0,0.002430555555555555,0.0,0.0,0.002430555555555555,Transit,Fishing - Longliner
700050112,VESSEL_GUL_000,GA,transit,0.9999893247931678,longliner,0.9999999931847754,0.0,0.0,0.0,0.0,0.0,1.0675206832132371e-05,0.0,0.9999893247931678,0.0,0.002430555555555555,0.0,0.0,0.002430555555555555,Transit,Fishing - Longliner
700050112,VESSEL_GUL_000,GA,transit,0.9999893247931678,longliner,0.9999999931847754,0.0,0.0,0.0,0.0,0.0,1.0675206832132371e-05,0.0,0.9999893247931678,0.0,0.002430555555555555,0.0,0.0,0.002430555555555555,Transit,Fishing - Longliner
700050112,VESSEL_GUL_000,GA,transit,0.9999893247931678,longliner,0.9999999931844823,0.0,0.0,0.0,0.0,0.0,1.0675206832132371e-05,0.0,0.9999893247931678,0.0,0.002430555555555555,0.0,0.0,0.002430555555555555,Transit,Fishing - Longliner
700050112,VESSEL_GUL_000,GA,transit,0.9999893247931678,longliner,0.9999999931494392,0.0,0.0,0.0,0.0,0.0,1.0675206832132371e-05,0.0,0.9999893247931678,0.0,0.002430555555555555,0.0,0.0,0.002430555555555555,Transit,Fishing - Longliner
700050112,VESSEL_GUL_000,GA,transit,0.9916559914598345,longliner,0.9999999931847754,0.0,0.0,0.0,0.008333333333333333,0.0,1.0675206832132371e-05,0.0,0.9916559914598345,0.0,0.002430555555555555,0.0,0.0,0.002430555555555555,Transit,Fishing - Longliner
700050112,VESSEL_GUL_000,GA,fishing,0.8939444444444444,longliner,0.9999999934562749,0.0,0.0013333333333333335,0.0,0.8939444444444444,0.0,0.0,0.004722222222222221,0.09799999999999999,0.002,0.002430555555555555,0.6,0.0,0.6,Fishing,Fishing - Longliner
700050112,VESSEL_GUL_000,GA,fishing,1.0,longliner,0.9999999938637791,0.0,0.0,0.0,1.0,0.0,0.0,0.0,0.0,0.0,0.002430555555555555,0.6,0.0,0.6,Fishing,Fishing - Longliner
700050112,VESSEL_GUL_000,GA,fishing,0.9979999999999999,longliner,0.9999999931684154,0.0,0.0,0.0,0.9979999999999999,0.0,0.0,0.0,0.0,0.002,0.002430555555555555,0.6,0.0,0.6,Fishing,Fishing - Longliner
700050112,VESSEL_GUL_000,GA,fishing,1.0,longliner,0.9999999933758652,0.0,0.0,0.0,1.0,0.0,0.0,0.0,0.0,0.0,0.002430555555555555,0.6,0.0,0.6,Fishing,Fishing - Longliner
700050112,VESSEL_GUL_000,GA,fishing,1.0,longliner,0.9999999936716624,0.0,0.0,0.0,1.0,0.0,0.0,0.0,0.0,0.0,0.002430555555555555,0.6,0.0,0.6,Fishing,Fishing - Longliner
700050112,VESSEL_GUL_000,GA,fishing,0.9966666666666667,longliner,0.9999999920818802,0.0,0.0,0.0033333333333333335,0.9966666666666667,0.0,0.0,0.0,0.0,0.0,0.002430555555555555,0.6,0.0,0.6,Fishing,Fishing - Longliner
700050112,VESSEL_GUL_000,GA,fishing,1.0,longliner,0.9999999920790349,0.0,0.0,0.0,1.0,0.0,0.0,0.0,0.0,0.0,0.002430555555555555,0.6,0.0,0.6,Fishing,Fishing - Longliner
700050112,VESSEL_GUL_000,GA,fishing,1.0,longliner,0.9999999931659602,0.0,0.0,0.0,1.0,0.0,0.0,0.0,0.0,0.0,0.002430555555555555,0.6,0.0,0.6,Fishing,Fishing - Longliner
700050112,VESSEL_GUL_000,GA,fishing,0.9983333333333333,longliner,0.9999999931659602,0.0,0.0,0.0,0.9983333333333333,0.0016666666666666668,0.0,0.0,0.0,0.0,0.002430555555555555,0.6,0.0,0.6,Fishing,Fishing - Longliner
700050112,VESSEL_GUL_000,GA,fishing,0.9933333333333333,longliner,0.9999999936716624,0.0,0.0,0.0,0.9933333333333333,0.006666666666666667,0.0,0.0,0.0,0.0,0.002430555555555555,0.6,0.0,0.6,Fishing,Fishing - Longliner
700050112,VESSEL_GUL_000,GA,fishing,1.0,longliner,0.9999999936723432,0.0,0.0,0.0,1.0,0.0,0.0,0.0,0.0,0.0,0.002430555555555555,0.6,0.0,0.6,Fishing,Fishing - Longliner
700050112,VESSEL_GUL_000,GA,fishing,1.0,longliner,0.9999999936716624,0.0,0.0,0.0,1.0,0.0,0.0,0.0,0.0,0.0,0.002430555555555555,0.6,0.0,0.6,Fishing,Fishing - Longliner
700050112,VESSEL_GUL_000,GA,fishing,1.0,longliner,0.9999999936716624,0.0,0.0,0.0,1.0,0.0,0.0,0.0,0.0,0.0,0.002430555555555555,0.6,0.0,0.6,Fishing,Fishing - Longliner
700050112,VESSEL_GUL_000,GA,fishing,0.9966666666666667,longliner,0.9999999936716624,0.0,0.0,0.0,0.9966666666666667,0.0016666666666666668,0.0016666666666666668,0.0,0.0,0.0,0.002430555555555555,0.6,0.0,0.6,Fishing,Fishing - Longliner
700050112,VESSEL_GUL_000,GA,fishing,1.0,longliner,0.9999999933765777,0.0,0.0,0.0,1.0,0.0,0.0,0.0,0.0,0.0,0.002430555555555555,0.6,0.0,0.6,Fishing,Fishing - Longliner
700050112,VESSEL_GUL_000,GA,fishing,0.9933333333333333,longliner,0.9999999921793387,0.0,0.0,0.0,0.9933333333333333,0.006666666666666667,0.0,0.0,0.0,0.0,0.002430555555555555,0.6,0.0,0.6,Fishing,Fishing - Longliner
700050112,VESSEL_GUL_000,GA,fishing,1.0,longliner,0.9999999933758652,0.0,0.0,0.0,1.0,0.0,0.0,0.0,0.0,0.0,0.002430555555555555,0.6,0.0,0.6,Fishing,Fishing - Longliner
700050112,VESSEL_GUL_000,GA,fishing,1.0,longliner,0.9999999936716624,0.0,0.0,0.0,1.0,0.0,0.0,0.0,0.0,0.0,0.002430555555555555,0.6,0.0,0.6,Fishing,Fishing - Longliner
700050112,VESSEL_GUL_000,GA,fishing,1.0,longliner,0.9999999920790349,0.0,0.0,0.0,1.0,0.0,0.0,0.0,0.0,0.0,0.002430555555555555,0.6,0.0,0.6,Fishing,Fishing - Longliner
700050112,VESSEL_GUL_000,GA,transit,0.6349285714285713,longliner,0.99999999345654,0.0,0.0,0.0075,0.25206349206349205,0.07554761904761904,0.009333333333333332,0.0,0.6349285714285713,0.020626984126984126,0.002430555555555555,0.0,0.0,0.002430555555555555,Transit,Fishing - Longliner
700050112,VESSEL_GUL_000,GA,transit,0.9999893247931678,longliner,0.999999993235511,0.0,0.0,0.0,0.0,0.0,1.0675206832132371e-05,0.0,0.9999893247931678,0.0,0.002430555555555555,0.0,0.0,0.002430555555555555,Transit,Fishing - Longliner
700050112,VESSEL_GUL_000,GA,transit,0.9999893247931678,longliner,0.9999999931847754,0.0,0.0,0.0,0.0,0.0,1.0675206832132371e-05,0.0,0.9999893247931678,0.0,0.002430555555555555,0.0,0.0,0.002430555555555555,Transit,Fishing - Longliner
700050112,VESSEL_GUL_000,GA,transit,0.9999893247931678,longliner,0.9999999931847754,0.0,0.0,0.0,0.0,0.0,1.0675206832132371e-05,0.0,0.9999893247931678,0.0,0.002430555555555555,0.0,0.0,0.002430555555555555,Transit,Fishing - Longliner
700050112,VESSEL_GUL_000,GA,transit,0.9117194835233267,longliner,0.9999999933285906,0.0,0.0,0.0,0.08604761904761905,0.0,1.0675206832132371e-05,0.0,0.9117194835233267,0.0022222222222222222,0.002430555555555555,0.0,0.0,0.002430555555555555,Transit,Fishing - Longliner
700050112,VESSEL_GUL_000,GA,fishing,0.9926666666666667,longliner,0.99999999345654,0.0,0.0,0.0,0.9926666666666667,0.0,0.002888888888888889,0.0,0.0044444444444444444,0.0,0.002430555555555555,0.6,0.0,0.6,Fishing,Fishing - Longliner
700050112,VESSEL_GUL_000,GA,fishing,0.9966666666666667,longliner,0.9999999920818802,0.0,0.0,0.0016666666666666668,0.9966666666666667,0.0,0.0,0.0,0.0,0.0016666666666666668,0.002430555555555555,0.6,0.0,0.6,Fishing,Fishing - Longliner
700050112,VESSEL_GUL_000,GA,fishing,1.0,longliner,0.9999999936716624,0.0,0.0,0.0,1.0,0.0,0.0,0.0,0.0,0.0,0.002430555555555555,0.6,0.0,0.6,Fishing,Fishing - Longliner
700050112,VESSEL_GUL_000,GA,fishing,1.0,longliner,0.9999999933355188,0.0,0.0,0.0,1.0,0.0,0.0,0.0,0.0,0.0,0.002430555555555555,0.6,0.0,0.6,Fishing,Fishing - Longliner
700050112,VESSEL_GUL_000,GA,fishing,0.9973333333333333,longliner,0.9999999933348016,0.0,0.0,0.0,0.9973333333333333,0.002666666666666667,0.0,0.0,0.0,0.0,0.002430555555555555,0.6,0.0,0.6,Fishing,Fishing - Longliner
700050112,VESSEL_GUL_000,GA,fishing,0.9983333333333333,longliner,0.9999999933348016,0.0,0.0,0.0,0.9983333333333333,0.0,0.0016666666666666668,0.0,0.0,0.0,0.002430555555555555,0.6,0.0,0.6,Fishing,Fishing - Longliner
700050112,VESSEL_GUL_000,GA,fishing,0.9977777777777778,longliner,0.9999999933355188,0.0,0.0,0.0,0.9977777777777778,0.0022222222222222222,0.0,0.0,0.0,0.0,0.002430555555555555,0.6,0.0,0.6,Fishing,Fishing - Longliner
700050112,VESSEL_GUL_000,GA,fishing,0.9966666666666667,longliner,0.9999999933758652,0.0,0.0,0.0,0.9966666666666667,0.0033333333333333335,0.0,0.0,0.0,0.0,0.002430555555555555,0.6,0.0,0.6,Fishing,Fishing - Longliner
700050112,VESSEL_GUL_000,GA,fishing,1.0,longliner,0.9999999936716624,0.0,0.0,0.0,1.0,0.0,0.0,0.0,0.0,0.0,0.002430555555555555,0.6,0.0,0.6,Fishing,Fishing - Longliner
700050112,VESSEL_GUL_000,GA,fishing,1.0,longliner,0.9999999936716624,0.0,0.0,0.0,1.0,0.0,0.0,0.0,0.0,0.0,0.002430555555555555,0.6,0.0,0.6,Fishing,Fishing - Longliner
700050112,VESSEL_GUL_000,GA,fishing,0.9983333333333333,longliner,0.9999999936716624,0.0,0.0,0.0,0.9983333333333333,0.0016666666666666668,0.0,0.0,0.0,0.0,0.002430555555555555,0.6,0.0,0.6,Fishing,Fishing - Longliner
700050112,VESSEL_GUL_000,GA,fishing,1.0,longliner,0.9999999936716624,0.0,0.0,0.0,1.0,0.0,0.0,0.0,0.0,0.0,0.002430555555555555,0.6,0.0,0.6,Fishing,Fishing - Longliner
700050112,VESSEL_GUL_000,GA,fishing,1.0,longliner,0.9999999936716624,0.0,0.0,0.0,1.0,0.0,0.0,0.0,0.0,0.0,0.002430555555555555,0.6,0.0,0.6,Fishing,Fishing - Longliner
700050112,VESSEL_GUL_000,GA,fishing,0.9927777777777778,longliner,0.9999999930823649,0.0,0.0,0.0,0.9927777777777778,0.005555555555555555,0.0,0.0,0.0016666666666666668,0.0,0.002430555555555555,0.6,0.0,0.6,Fishing,Fishing - Longliner
700050112,VESSEL_GUL_000,GA,transit,0.9708888888888888,longliner,0.999999993236597,0.0005555555555555556,0.0,0.0,0.006388888888888888,0.0,0.0,0.022166666666666664,0.9708888888888888,0.0,0.002430555555555555,0.0,0.0,0.002430555555555555,Transit,Fishing - Longliner
700050112,VESSEL_GUL_000,GA,transit,0.9999893247931678,longliner,0.9999999931855088,0.0,0.0,0.0,0.0,0.0,1.0675206832132371e-05,0.0,0.9999893247931678,0.0,0.002430555555555555,0.0,0.0,0.002430555555555555,Transit,Fishing - Longliner
700050112,VESSEL_GUL_000,GA,transit,0.9999893247931678,longliner,0.9999999931847754,0.0,0.0,0.0,0.0,0.0,1.0675206832132371e-05,0.0,0.9999893247931678,0.0,0.002430555555555555,0.0,0.0,0.002430555555555555,Transit,Fishing - Longliner
700050112,VESSEL_GUL_000,GA,transit,0.9999893247931678,longliner,0.9999999931847754,0.0,0.0,0.0,0.0,0.0,1.0675206832132371e-05,0.0,0.9999893247931678,0.0,0.002430555555555555,0.0,0.0,0.002430555555555555,Transit,Fishing - Longliner
700050112,VESSEL_GUL_000,GA,transit,0.9999893247931678,longliner,0.9999999932087575,0.0,0.0,0.0,0.0,0.0,1.0675206832132371e-05,0.0,0.9999893247931678,0.0,0.002430555555555555,0.0,0.0,0.002430555555555555,Transit,Fishing - Longliner
700050112,VESSEL_GUL_000,GA,transit,0.9999893247931678,longliner,0.9999999931847754,0.0,0.0,0.0,0.0,0.0,1.0675206832132371e-05,0.0,0.9999893247931678,0.0,0.002430555555555555,0.0,0.0,0.002430555555555555,Transit,Fishing - Longliner
700050112,VESSEL_GUL_000,GA,transit,0.9999893247931678,longliner,0.9999999931847754,0.0,0.0,0.0,0.0,0.0,1.0675206832132371e-05,0.0,0.9999893247931678,0.0,0.002430555555555555,0.0,0.0,0.002430555555555555,Transit,Fishing - Longliner
700050112,VESSEL_GUL_000,GA,transit,0.9999893247931678,longliner,0.9999999931847754,0.0,0.0,0.0,0.0,0.0,1.0675206832132371e-05,0.0,0.9999893247931678,0.0,0.002430555555555555,0.0,0.0,0.002430555555555555,Transit,Fishing - Longliner
700050112,VESSEL_GUL_000,GA,transit,0.9999893247931678,longliner,0.9999999931847754,0.0,0.0,0.0,0.0,0.0,1.0675206832132371e-05,0.0,0.9999893247931678,0.0,0.002430555555555555,0.0,0.0,0.002430555555555555,Transit,Fishing - Longliner
700050112,VESSEL_GUL_000,GA,transit,0.9999893247931678,longliner,0.9999999931847754,0.0,0.0,0.0,0.0,0.0,1.0675206832132371e-05,0.0,0.9999893247931678,0.0,0.002430555555555555,0.0,0.0,0.002430555555555555,Transit,Fishing - Longliner
700050112,VESSEL_GUL_000,GA,transit,0.9999893247931678,longliner,0.9999999931855088,0.0,0.0,0.0,0.0,0.0,1.0675206832132371e-05,0.0,0.9999893247931678,0.0,0.002430555555555555,0.0,0.0,0.002430555555555555,Transit,Fishing - Longliner
700050112,VESSEL_GUL_000,GA,transit,0.9999893247931678,longliner,0.9999999931847754,0.0,0.0,0.0,0.0,0.0,1.0675206832132371e-05,0.0,0.9999893247931678,0.0,0.002430555555555555,0.0,0.0,0.002430555555555555,Transit,Fishing - Longliner
700050112,VESSEL_GUL_000,GA,transit,0.9999893247931678,longliner,0.9999999931855088,0.0,0.0,0.0,0.0,0.0,1.0675206832132371e-05,0.0,0.9999893247931678,0.0,0.002430555555555555,0.0,0.0,0.002430555555555555,Transit,Fishing - Longliner
700050112,VESSEL_GUL_000,GA,transit,0.9999893247931678,longliner,0.9999999931847754,0.0,0.0,0.0,0.0,0.0,1.0675206832132371e-05,0.0,0.9999893247931678,0.0,0.002430555555555555,0.0,0.0,0.002430555555555555,Transit,Fishing - Longliner
700050112,VESSEL_GUL_000,GA,transit,0.9999893247931678,longliner,0.9999999931847754,0.0,0.0,0.0,0.0,0.0,1.0675206832132371e-05,0.0,0.9999893247931678,0.0,0.002430555555555555,0.0,0.0,0.002430555555555555,Transit,Fishing - Longliner
700050112,VESSEL_GUL_000,GA,transit,0.9999893247931678,longliner,0.9999999931855088,0.0,0.0,0.0,0.0,0.0,1.0675206832132371e-05,0.0,0.9999893247931678,0.0,0.002430555555555555,0.0,0.0,0.002430555555555555,Transit,Fishing - Longliner
700050112,VESSEL_GUL_000,GA,transit,0.9999893247931678,longliner,0.9999999931847754,0.0,0.0,0.0,0.0,0.0,1.0675206832132371e-05,0.0,0.9999893247931678,0.0,0.002430555555555555,0.0,0.0,0.002430555555555555,Transit,Fishing - Longliner
700050112,VESSEL_GUL_000,GA,transit,0.9999893247931678,longliner,0.9999999931847754,0.0,0.0,0.0,0.0,0.0,1.0675206832132371e-05,0.0,0.9999893247931678,0.0,0.002430555555555555,0.0,0.0,0.002430555555555555,Transit,Fishing - Longliner
700050112,VESSEL_GUL_000,GA,transit,0.9999893247931678,longliner,0.9999999931847754,0.0,0.0,0.0,0.0,0.0,1.0675206832132371e-05,0.0,0.9999893247931678,0.0,0.002430555555555555,0.0,0.0,0.002430555555555555,Transit,Fishing - Longliner
700050112,VESSEL_GUL_000,GA,transit,0.9999893247931678,longliner,0.9999999931847754,0.0,0.0,0.0,0.0,0.0,1.0675206832132371e-05,0.0,0.9999893247931678,0.0,0.002430555555555555,0.0,0.0,0.002430555555555555,Transit,Fishing - Longliner
700050112,VESSEL_GUL_000,GA,transit,0.9999893247931678,longliner,0.9999999931847754,0.0,0.0,0.0,0.0,0.0,1.0675206832132371e-05,0.0,0.9999893247931678,0.0,0.002430555555555555,0.0,0.0,0.002430555555555555,Transit,Fishing - Longliner
700050112,VESSEL_GUL_000,GA,transit,0.9999893247931678,longliner,0.9999999932087575,0.0,0.0,0.0,0.0,0.0,1.0675206832132371e-05,0.0,0.9999893247931678,0.0,0.002430555555555555,0.0,0.0,0.002430555555555555,Transit,Fishing - Longliner
700050112,VESSEL_GUL_000,GA,transit,0.9983226581265012,longliner,0.9999999931847754,0.0,0.0,0.0,0.0,0.0,1.0675206832132371e-05,0.0016666666666666668,0.9983226581265012,0.0,0.002430555555555555,0.0,0.0,0.002430555555555555,Transit,Fishing - Longliner
700050112,VESSEL_GUL_000,GA,transit,0.9999893247931678,longliner,0.9999999931847754,0.0,0.0,0.0,0.0,0.0,1.0675206832132371e-05,0.0,0.9999893247931678,0.0,0.002430555555555555,0.0,0.0,0.002430555555555555,Transit,Fishing - Longliner
700050112,VESSEL_GUL_000,GA,transit,0.9999893247931678,longliner,0.9999999931855088,0.0,0.0,0.0,0.0,0.0,1.0675206832132371e-05,0.0,0.9999893247931678,0.0,0.002430555555555555,0.0,0.0,0.002430555555555555,Transit,Fishing - Longliner
700050112,VESSEL_GUL_000,GA,transit,0.9999893247931678,longliner,0.9999999931847754,0.0,0.0,0.0,0.0,0.0,1.0675206832132371e-05,0.0,0.9999893247931678,0.0,0.002430555555555555,0.0,0.0,0.002430555555555555,Transit,Fishing - Longliner
700050112,VESSEL_GUL_000,GA,transit,0.9999893247931678,longliner,0.9999999931847754,0.0,0.0,0.0,0.0,0.0,1.0675206832132371e-05,0.0,0.9999893247931678,0.0,0.002430555555555555,0.0,0.0,0.002430555555555555,Transit,Fishing - Longliner
700050112,VESSEL_GUL_000,GA,transit,0.9999893247931678,longliner,0.9999999931847754,0.0,0.0,0.0,0.0,0.0,1.0675206832132371e-05,0.0,0.9999893247931678,0.0,0.002430555555555555,0.0,0.0,0.002430555555555555,Transit,Fishing - Longliner
700050112,VESSEL_GUL_000,GA,transit,0.9999893247931678,longliner,0.9999999931847754,0.0,0.0,0.0,0.0,0.0,1.0675206832132371e-05,0.0,0.9999893247931678,0.0,0.002430555555555555,0.0,0.0,0.002430555555555555,Transit,Fishing - Longliner
700050112,VESSEL_GUL_000,GA,transit,0.9999893247931678,longliner,0.9999999931847754,0.0,0.0,0.0,0.0,0.0,1.0675206832132371e-05,0.0,0.9999893247931678,0.0,0.002430555555555555,0.0,0.0,0.002430555555555555,Transit,Fishing - Longliner
700050112,VESSEL_GUL_000,GA,transit,0.9999893247931678,longliner,0.9999999932087575,0.0,0.0,0.0,0.0,0.0,1.0675206832132371e-05,0.0,0.9999893247931678,0.0,0.002430555555555555,0.0,0.0,0.002430555555555555,Transit,Fishing - Longliner
700050112,VESSEL_GUL_000,GA,transit,0.9999893247931678,longliner,0.9999999931847754,0.0,0.0,0.0,0.0,0.0,1.0675206832132371e-05,0.0,0.9999893247931678,0.0,0.002430555555555555,0.0,0.0,0.002430555555555555,Transit,Fishing - Longliner
700050112,VESSEL_GUL_000,GA,transit,0.9999893247931678,longliner,0.9999999932087575,0.0,0.0,0.0,0.0,0.0,1.0675206832132371e-05,0.0,0.9999893247931678,0.0,0.002430555555555555,0.0,0.0,0.002430555555555555,Transit,Fishing - Longliner
700050112,VESSEL_GUL_000,GA,transit,0.9999893247931678,longliner,0.9999999931847754,0.0,0.0,0.0,0.0,0.0,1.0675206832132371e-05,0.0,0.9999893247931678,0.0,0.002430555555555555,0.0,0.0,0.002430555555555555,Transit,Fishing - Longliner
700050112,VESSEL_GUL_000,GA,transit,0.9999893247931678,longliner,0.9999999931855088,0.0,0.0,0.0,0.0,0.0,1.0675206832132371e-05,0.0,0.9999893247931678,0.0,0.002430555555555555,0.0,0.0,0.002430555555555555,Transit,Fishing - Longliner
700050113,VESSEL_GUL_001,CM,transit,0.9983226581265012,longliner,0.9999999911694409,0.0,0.0,0.0,0.0,0.0,0.0016773418734987993,0.0,0.9983226581265012,0.0,0.002430555555555555,0.0,0.0,0.002430555555555555,Transit,Fishing - Longliner
700050113,VESSEL_GUL_001,CM,transit,0.9999893247931678,longliner,0.9999999912340446,0.0,0.0,0.0,0.0,0.0,1.0675206832132371e-05,0.0,0.9999893247931678,0.0,0.002430555555555555,0.0,0.0,0.002430555555555555,Transit,Fishing - Longliner
700050113,VESSEL_GUL_001,CM,transit,0.9999893247931678,longliner,0.9999999912340446,0.0,0.0,0.0,0.0,0.0,1.0675206832132371e-05,0.0,0.9999893247931678,0.0,0.002430555555555555,0.0,0.0,0.002430555555555555,Transit,Fishing - Longliner
700050113,VESSEL_GUL_001,CM,transit,0.9999893247931678,longliner,0.9999999911694409,0.0,0.0,0.0,0.0,0.0,1.0675206832132371e-05,0.0,0.9999893247931678,0.0,0.002430555555555555,0.0,0.0,0.002430555555555555,Transit,Fishing - Longliner
700050113,VESSEL_GUL_001,CM,transit,0.9988782136820566,longliner,0.9999999911721001,0.0,0.0,0.0,0.0011111111111111111,0.0,1.0675206832132371e-05,0.0,0.9988782136820566,0.0,0.002430555555555555,0.0,0.0,0.002430555555555555,Transit,Fishing - Longliner
700050113,VESSEL_GUL_001,CM,fishing,0.9394999999999999,longliner,0.9999999906225029,0.0,0.0,0.0,0.9394999999999999,0.010555555555555556,0.0,0.0,0.04994444444444445,0.0,0.002430555555555555,0.6,0.0,0.6,Fishing,Fishing - Longliner
700050113,VESSEL_GUL_001,CM,fishing,1.0,longliner,0.9999999870314558,0.0,0.0,0.0,1.0,0.0,0.0,0.0,0.0,0.0,0.002430555555555555,0.6,0.0,0.6,Fishing,Fishing - Longliner
700050113,VESSEL_GUL_001,CM,fishing,1.0,longliner,0.999999991801558,0.0,0.0,0.0,1.0,0.0,0.0,0.0,0.0,0.0,0.002430555555555555,0.6,0.0,0.6,Fishing,Fishing - Longliner
700050113,VESSEL_GUL_001,CM,fishing,1.0,longliner,0.9999999918467598,0.0,0.0,0.0,1.0,0.0,0.0,0.0,0.0,0.0,0.002430555555555555,0.6,0.0,0.6,Fishing,Fishing - Longliner
700050113,VESSEL_GUL_001,CM,fishing,1.0,longliner,0.9999999921133887,0.0,0.0,0.0,1.0,0.0,0.0,0.0,0.0,0.0,0.002430555555555555,0.6,0.0,0.6,Fishing,Fishing - Longliner
700050113,VESSEL_GUL_001,CM,fishing,1.0,longliner,0.9999999921133887,0.0,0.0,0.0,1.0,0.0,0.0,0.0,0.0,0.0,0.002430555555555555,0.6,0.0,0.6,Fishing,Fishing - Longliner
700050113,VESSEL_GUL_001,CM,fishing,1.0,longliner,0.9999999921133887,0.0,0.0,0.0,1.0,0.0,0.0,0.0,0.0,0.0,0.002430555555555555,0.6,0.0,0.6,Fishing,Fishing - Longliner
700050113,VESSEL_GUL_001,CM,fishing,1.0,longliner,0.9999999918467598,0.0,0.0,0.0,1.0,0.0,0.0,0.0,0.0,0.0,0.002430555555555555,0.6,0.0,0.6,Fishing,Fishing - Longliner
700050113,VESSEL_GUL_001,CM,fishing,1.0,longliner,0.9999999921133887,0.0,0.0,0.0,1.0,0.0,0.0,0.0,0.0,0.0,0.002430555555555555,0.6,0.0,0.6,Fishing,Fishing - Longliner
700050113,VESSEL_GUL_001,CM,fishing,0.9966666666666667,longliner,0.9999999918467598,0.0,0.0,0.0,0.9966666666666667,0.0033333333333333335,0.0,0.0,0.0,0.0,0.002430555555555555,0.6,0.0,0.6,Fishing,Fishing - Longliner
700050113,VESSEL_GUL_001,CM,fishing,1.0,longliner,0.9999999921133887,0.0,0.0,0.0,1.0,0.0,0.0,0.0,0.0,0.0,0.002430555555555555,0.6,0.0,0.6,Fishing,Fishing - Longliner
700050113,VESSEL_GUL_001,CM,fishing,1.0,longliner,0.9999999921133887,0.0,0.0,0.0,1.0,0.0,0.0,0.0,0.0,0.0,0.002430555555555555,0.6,0.0,0.6,Fishing,Fishing - Longliner
700050113,VESSEL_GUL_001,CM,fishing,1.0,longliner,0.999999991801558,0.0,0.0,0.0,1.0,0.0,0.0,0.0,0.0,0.0,0.002430555555555555,0.6,0.0,0.6,Fishing,Fishing - Longliner
700050113,VESSEL_GUL_001,CM,fishing,0.9933333333333333,longliner,0.999999991801558,0.0,0.0,0.0,0.9933333333333333,0.006666666666666667,0.0,0.0,0.0,0.0,0.002430555555555555,0.6,0.0,0.6,Fishing,Fishing - Longliner
700050113,VESSEL_GUL_001,CM,fishing,1.0,longliner,0.9999999921133887,0.0,0.0,0.0,1.0,0.0,0.0,0.0,0.0,0.0,0.002430555555555555,0.6,0.0,0.6,Fishing,Fishing - Longliner
700050113,VESSEL_GUL_001,CM,fishing,1.0,longliner,0.9999999921133887,0.0,0.0,0.0,1.0,0.0,0.0,0.0,0.0,0.0,0.002430555555555555,0.6,0.0,0.6,Fishing,Fishing - Longliner
700050113,VESSEL_GUL_001,CM,fishing,1.0,longliner,0.9999999921133887,0.0,0.0,0.0,1.0,0.0,0.0,0.0,0.0,0.0,0.002430555555555555,0.6,0.0,0.6,Fishing,Fishing - Longliner
700050113,VESSEL_GUL_001,CM,fishing,1.0,longliner,0.9999999921133887,0.0,0.0,0.0,1.0,0.0,0.0,0.0,0.0,0.0,0.002430555555555555,0.6,0.0,0.6,Fishing,Fishing - Longliner
700050113,VESSEL_GUL_001,CM,fishing,1.0,longliner,0.9999999921133887,0.0,0.0,0.0,1.0,0.0,0.0,0.0,0.0,0.0,0.002430555555555555,0.6,0.0,0.6,Fishing,Fishing - Longliner
700050113,VESSEL_GUL_001,CM,fishing,0.9727777777777779,longliner,0.9999999917089465,0.0075,0.0022222222222222222,0.0,0.9727777777777779,0.011666666666666667,0.0,0.0016666666666666668,0.004166666666666667,0.0,0.002430555555555555,0.6,0.0,0.6,Fishing,Fishing - Longliner
700050113,VESSEL_GUL_001,CM,fishing,0.9988888888888887,longliner,0.9999999918467598,0.0,0.0,0.0,0.9988888888888887,0.0011111111111111111,0.0,0.0,0.0,0.0,0.002430555555555555,0.6,0.0,0.6,Fishing,Fishing - Longliner
700050113,VESSEL_GUL_001,CM,fishing,1.0,longliner,0.9999999921133887,0.0,0.0,0.0,1.0,0.0,0.0,0.0,0.0,0.0,0.002430555555555555,0.6,0.0,0.6,Fishing,Fishing - Longliner
700050113,VESSEL_GUL_001,CM,fishing,1.0,longliner,0.9999999921133887,0.0,0.0,0.0,1.0,0.0,0.0,0.0,0.0,0.0,0.002430555555555555,0.6,0.0,0.6,Fishing,Fishing - Longliner
700050113,VESSEL_GUL_001,CM,fishing,0.9643888888888889,longliner,0.9999999906297828,0.0,0.0033333333333333335,0.0,0.9643888888888889,0.011444444444444445,0.0016666666666666668,0.0,0.019166666666666665,0.0,0.002430555555555555,0.6,0.0,0.6,Fishing,Fishing - Longliner
700050113,VESSEL_GUL_001,CM,transit,0.9733888888888889,longliner,0.9999999906907818,0.0,0.0013333333333333335,0.0,0.015555555555555553,0.0,0.0,0.00861111111111111,0.9733888888888889,0.0011111111111111111,0.002430555555555555,0.0,0.0,0.002430555555555555,Transit,Fishing - Longliner
700050113,VESSEL_GUL_001,CM,transit,0.9938782136820569,longliner,0.9999999912340446,0.0,0.0,0.0,0.0016666666666666668,0.0,0.004455119651276577,0.0,0.9938782136820569,0.0,0.002430555555555555,0.0,0.0,0.002430555555555555,Transit,Fishing - Longliner
700050113,VESSEL_GUL_001,CM,transit,0.9999893247931678,longliner,0.9999999911694409,0.0,0.0,0.0,0.0,0.0,1.0675206832132371e-05,0.0,0.9999893247931678,0.0,0.002430555555555555,0.0,0.0,0.002430555555555555,Transit,Fishing - Longliner
700050113,VESSEL_GUL_001,CM,transit,0.9916559914598345,longliner,0.9999999933155206,0.0,0.0,0.0,0.0,0.0,0.008344008540165466,0.0,0.9916559914598345,0.0,0.002430555555555555,0.0,0.0,0.002430555555555555,Transit,Fishing - Longliner
700050113,VESSEL_GUL_001,CM,fishing,0.7186539961013646,longliner,0.9999999933667842,0.0027777777777777775,0.0,0.0,0.7186539961013646,0.0,0.00611111111111111,0.002,0.2677904483430799,0.002666666666666667,0.002430555555555555,0.6,0.0,0.6,Fishing,Fishing - Longliner
700050113,VESSEL_GUL_001,CM,fishing,0.9779999999999999,longliner,0.9999999906227438,0.0,0.0,0.0,0.9779999999999999,0.0,0.0016666666666666668,0.0,0.02033333333333333,0.0,0.002430555555555555,0.6,0.0,0.6,Fishing,Fishing - Longliner
700050113,VESSEL_GUL_001,CM,fishing,1.0,longliner,0.9999999916501109,0.0,0.0,0.0,1.0,0.0,0.0,0.0,0.0,0.0,0.002430555555555555,0.6,0.0,0.6,Fishing,Fishing - Longliner
700050113,VESSEL_GUL_001,CM,fishing,1.0,longliner,0.9999999921133887,0.0,0.0,0.0,1.0,0.0,0.0,0.0,0.0,0.0,0.002430555555555555,0.6,0.0,0.6,Fishing,Fishing - Longliner
700050113,VESSEL_GUL_001,CM,fishing,0.9968333333333333,longliner,0.9999999918467598,0.0,0.0,0.0,0.9968333333333333,0.0006666666666666668,0.0,0.0,0.0025,0.0,0.002430555555555555,0.6,0.0,0.6,Fishing,Fishing - Longliner
700050113,VESSEL_GUL_001,CM,fishing,0.9943333333333334,longliner,0.9999999914379433,0.0,0.0,0.0,0.9943333333333334,0.0031666666666666666,0.0,0.0,0.0025,0.0,0.002430555555555555,0.6,0.0,0.6,Fishing,Fishing - Longliner
700050113,VESSEL_GUL_001,CM,fishing,1.0,longliner,0.9999999921133887,0.0,0.0,0.0,1.0,0.0,0.0,0.0,0.0,0.0,0.002430555555555555,0.6,0.0,0.6,Fishing,Fishing - Longliner
700050113,VESSEL_GUL_001,CM,fishing,1.0,longliner,0.9999999921133887,0.0,0.0,0.0,1.0,0.0,0.0,0.0,0.0,0.0,0.002430555555555555,0.6,0.0,0.6,Fishing,Fishing - Longliner
700050113,VESSEL_GUL_001,CM,fishing,0.9988888888888889,longliner,0.9999999921133887,0.0,0.0,0.0,0.9988888888888889,0.0,0.0,0.0,0.0011111111111111111,0.0,0.002430555555555555,0.6,0.0,0.6,Fishing,Fishing - Longliner
700050113,VESSEL_GUL_001,CM,fishing,0.9922222222222223,longliner,0.9999999921133887,0.0,0.0,0.0033333333333333335,0.9922222222222223,0.0033333333333333335,0.0,0.0,0.0011111111111111111,0.0,0.002430555555555555,0.6,0.0,0.6,Fishing,Fishing - Longliner
700050113,VESSEL_GUL_001,CM,fishing,0.9961111111111113,longliner,0.9999999921133887,0.0,0.0,0.0,0.9961111111111113,0.002777777777777778,0.0,0.0,0.0011111111111111111,0.0,0.002430555555555555,0.6,0.0,0.6,Fishing,Fishing - Longliner
700050113,VESSEL_GUL_001,CM,fishing,1.0,longliner,0.9999999921133887,0.0,0.0,0.0,1.0,0.0,0.0,0.0,0.0,0.0,0.002430555555555555,0.6,0.0,0.6,Fishing,Fishing - Longliner
700050113,VESSEL_GUL_001,CM,fishing,0.995,longliner,0.9999999921133887,0.0,0.0,0.0,0.995,0.005,0.0,0.0,0.0,0.0,0.002430555555555555,0.6,0.0,0.6,Fishing,Fishing - Longliner
700050113,VESSEL_GUL_001,CM,fishing,0.8706278659611992,longliner,0.9999999921133887,0.01122222222222222,0.012793650793650793,0.005,0.8706278659611992,0.04765961199294533,0.0,0.022704585537918872,0.02999206349206349,0.0,0.002430555555555555,0.6,0.0,0.6,Fishing,Fishing - Longliner
700050113,VESSEL_GUL_001,CM,fishing,0.9966666666666667,longliner,0.9999999921133887,0.0,0.0,0.0,0.9966666666666667,0.0033333333333333335,0.0,0.0,0.0,0.0,0.002430555555555555,0.6,0.0,0.6,Fishing,Fishing - Longliner
700050113,VESSEL_GUL_001,CM,fishing,0.9975,longliner,0.9999999920918613,0.0,0.0,0.0,0.9975,0.0025,0.0,0.0,0.0,0.0,0.002430555555555555,0.6,0.0,0.6,Fishing,Fishing - Longliner
700050113,VESSEL_GUL_001,CM,fishing,0.9844444444444443,longliner,0.999999990767441,0.0025,0.0008333333333333334,0.0,0.9844444444444443,0.01,0.0,0.0022222222222222222,0.0,0.0,0.002430555555555555,0.6,0.0,0.6,Fishing,Fishing - Longliner
700050113,VESSEL_GUL_001,CM,fishing,1.0,longliner,0.9999999907674405,0.0,0.0,0.0,1.0,0.0,0.0,0.0,0.0,0.0,0.002430555555555555,0.6,0.0,0.6,Fishing,Fishing - Longliner
700050113,VESSEL_GUL_001,CM,fishing,1.0,longliner,0.9999999914379433,0.0,0.0,0.0,1.0,0.0,0.0,0.0,0.0,0.0,0.002430555555555555,0.6,0.0,0.6,Fishing,Fishing - Longliner
700050113,VESSEL_GUL_001,CM,fishing,0.9966666666666667,longliner,0.9999999918467598,0.0,0.0,0.0,0.9966666666666667,0.0033333333333333335,0.0,0.0,0.0,0.0,0.002430555555555555,0.6,0.0,0.6,Fishing,Fishing - Longliner
700050113,VESSEL_GUL_001,CM,fishing,1.0,longliner,0.9999999914379433,0.0,0.0,0.0,1.0,0.0,0.0,0.0,0.0,0.0,0.002430555555555555,0.6,0.0,0.6,Fishing,Fishing - Longliner
700050113,VESSEL_GUL_001,CM,transit,0.7758968253968255,longliner,0.9999999907835203,0.0015,0.018666666666666665,0.0044444444444444444,0.148547619047619,0.02533333333333334,0.01177777777777778,0.004333333333333333,0.7758968253968255,0.0095,0.002430555555555555,0.0,0.0,0.002430555555555555,Transit,Fishing - Longliner
700050113,VESSEL_GUL_001,CM,transit,0.98971154701539,longliner,0.9999999912375089,0.0,0.0,0.0,0.00861111111111111,0.0,0.0016773418734987993,0.0,0.98971154701539,0.0,0.002430555555555555,0.0,0.0,0.002430555555555555,Transit,Fishing - Longliner
700050113,VESSEL_GUL_001,CM,transit,0.9966559914598345,longliner,0.9999999912340446,0.0,0.0,0.0,0.0,0.0,0.0033440085401654656,0.0,0.9966559914598345,0.0,0.002430555555555555,0.0,0.0,0.002430555555555555,Transit,Fishing - Longliner
700050113,VESSEL_GUL_001,CM,transit,0.9966559914598345,longliner,0.9999999912340446,0.0,0.0,0.0,0.0016666666666666668,0.0,0.0016773418734987993,0.0,0.9966559914598345,0.0,0.002430555555555555,0.0,0.0,0.002430555555555555,Transit,Fishing - Longliner
700050113,VESSEL_GUL_001,CM,transit,0.9977671025709458,longliner,0.9999999911694409,0.0,0.0,0.0,0.0,0.0,0.0022328974290543547,0.0,0.9977671025709458,0.0,0.002430555555555555,0.0,0.0,0.002430555555555555,Transit,Fishing - Longliner
700050113,VESSEL_GUL_001,CM,transit,0.9999893247931678,longliner,0.9999999911694409,0.0,0.0,0.0,0.0,0.0,1.0675206832132371e-05,0.0,0.9999893247931678,0.0,0.002430555555555555,0.0,0.0,0.002430555555555555,Transit,Fishing - Longliner
700050113,VESSEL_GUL_001,CM,transit,0.9999893247931678,longliner,0.9999999911694409,0.0,0.0,0.0,0.0,0.0,1.0675206832132371e-05,0.0,0.9999893247931678,0.0,0.002430555555555555,0.0,0.0,0.002430555555555555,Transit,Fishing - Longliner
700050113,VESSEL_GUL_001,CM,transit,0.9999893247931678,longliner,0.9999999911694409,0.0,0.0,0.0,0.0,0.0,1.0675206832132371e-05,0.0,0.9999893247931678,0.0,0.002430555555555555,0.0,0.0,0.002430555555555555,Transit,Fishing - Longliner
700050113,VESSEL_GUL_001,CM,transit,0.9999893247931678,longliner,0.9999999911694409,0.0,0.0,0.0,0.0,0.0,1.0675206832132371e-05,0.0,0.9999893247931678,0.0,0.002430555555555555,0.0,0.0,0.002430555555555555,Transit,Fishing - Longliner
700050113,VESSEL_GUL_001,CM,transit,0.9999893247931678,longliner,0.9999999911691723,0.0,0.0,0.0,0.0,0.0,1.0675206832132371e-05,0.0,0.9999893247931678,0.0,0.002430555555555555,0.0,0.0,0.002430555555555555,Transit,Fishing - Longliner
700050113,VESSEL_GUL_001,CM,transit,0.9999893247931678,longliner,0.9999999911694409,0.0,0.0,0.0,0.0,0.0,1.0675206832132371e-05,0.0,0.9999893247931678,0.0,0.002430555555555555,0.0,0.0,0.002430555555555555,Transit,Fishing - Longliner
700050113,VESSEL_GUL_001,CM,transit,0.9966559914598345,longliner,0.9999999912555647,0.0,0.0,0.0,0.0,0.0,0.0033440085401654656,0.0,0.9966559914598345,0.0,0.002430555555555555,0.0,0.0,0.002430555555555555,Transit,Fishing - Longliner
700050113,VESSEL_GUL_001,CM,transit,0.9999893247931678,longliner,0.9999999911694409,0.0,0.0,0.0,0.0,0.0,1.0675206832132371e-05,0.0,0.9999893247931678,0.0,0.002430555555555555,0.0,0.0,0.002430555555555555,Transit,Fishing - Longliner
700050113,VESSEL_GUL_001,CM,transit,0.9966559914598345,longliner,0.9999999929191465,0.0,0.0,0.0,0.0,0.0,0.0033440085401654656,0.0,0.9966559914598345,0.0,0.002430555555555555,0.0,0.0,0.002430555555555555,Transit,Fishing - Longliner
700050113,VESSEL_GUL_001,CM,transit,0.9966559914598345,longliner,0.9999999931051959,0.0,0.0,0.0,0.0,0.0,0.0033440085401654656,0.0,0.9966559914598345,0.0,0.002430555555555555,0.0,0.0,0.002430555555555555,Transit,Fishing - Longliner
700050113,VESSEL_GUL_001,CM,transit,0.9966559914598345,longliner,0.9999999912555647,0.0,0.0,0.0,0.0,0.0,0.0033440085401654656,0.0,0.9966559914598345,0.0,0.002430555555555555,0.0,0.0,0.002430555555555555,Transit,Fishing - Longliner
700050113,VESSEL_GUL_001,CM,transit,0.9977671025709458,longliner,0.9999999911694409,0.0,0.0,0.0,0.0,0.0,0.0022328974290543547,0.0,0.9977671025709458,0.0,0.002430555555555555,0.0,0.0,0.002430555555555555,Transit,Fishing - Longliner
700050113,VESSEL_GUL_001,CM,transit,0.9977671025709458,longliner,0.9999999911694409,0.0,0.0,0.0,0.0,0.0,0.0022328974290543547,0.0,0.9977671025709458,0.0,0.002430555555555555,0.0,0.0,0.002430555555555555,Transit,Fishing - Longliner
700050113,VESSEL_GUL_001,CM,transit,0.9999893247931678,longliner,0.9999999911694409,0.0,0.0,0.0,0.0,0.0,1.0675206832132371e-05,0.0,0.9999893247931678,0.0,0.002430555555555555,0.0,0.0,0.002430555555555555,Transit,Fishing - Longliner
700050113,VESSEL_GUL_001,CM,transit,0.9999893247931678,longliner,0.9999999911694409,0.0,0.0,0.0,0.0,0.0,1.0675206832132371e-05,0.0,0.9999893247931678,0.0,0.002430555555555555,0.0,0.0,0.002430555555555555,Transit,Fishing - Longliner
700050113,VESSEL_GUL_001,CM,transit,0.9999893247931678,longliner,0.9999999909292766,0.0,0.0,0.0,0.0,0.0,1.0675206832132371e-05,0.0,0.9999893247931678,0.0,0.002430555555555555,0.0,0.0,0.002430555555555555,Transit,Fishing - Longliner
700050113,VESSEL_GUL_001,CM,transit,0.9999893247931678,longliner,0.9999999909290079,0.0,0.0,0.0,0.0,0.0,1.0675206832132371e-05,0.0,0.9999893247931678,0.0,0.002430555555555555,0.0,0.0,0.002430555555555555,Transit,Fishing - Longliner
700050113,VESSEL_GUL_001,CM,transit,0.9999893247931678,longliner,0.9999999911691723,0.0,0.0,0.0,0.0,0.0,1.0675206832132371e-05,0.0,0.9999893247931678,0.0,0.002430555555555555,0.0,0.0,0.002430555555555555,Transit,Fishing - Longliner
700050113,VESSEL_GUL_001,CM,transit,0.9999893247931678,longliner,0.9999999911694409,0.0,0.0,0.0,0.0,0.0,1.0675206832132371e-05,0.0,0.9999893247931678,0.0,0.002430555555555555,0.0,0.0,0.002430555555555555,Transit,Fishing - Longliner
700050113,VESSEL_GUL_001,CM,transit,0.9999893247931678,longliner,0.9999999911694409,0.0,0.0,0.0,0.0,0.0,1.0675206832132371e-05,0.0,0.9999893247931678,0.0,0.002430555555555555,0.0,0.0,0.002430555555555555,Transit,Fishing - Longliner
700050113,VESSEL_GUL_001,CM,transit,0.9977671025709458,longliner,0.9999999911694409,0.0,0.0,0.0,0.0,0.0,0.0022328974290543547,0.0,0.9977671025709458,0.0,0.002430555555555555,0.0,0.0,0.002430555555555555,Transit,Fishing - Longliner
700050113,VESSEL_GUL_001,CM,transit,0.9999893247931678,longliner,0.9999999911694409,0.0,0.0,0.0,0.0,0.0,1.0675206832132371e-05,0.0,0.9999893247931678,0.0,0.002430555555555555,0.0,0.0,0.002430555555555555,Transit,Fishing - Longliner
700050113,VESSEL_GUL_001,CM,transit,0.9999893247931678,longliner,0.9999999909848646,0.0,0.0,0.0,0.0,0.0,1.0675206832132371e-05,0.0,0.9999893247931678,0.0,0.002430555555555555,0.0,0.0,0.002430555555555555,Transit,Fishing - Longliner
700050113,VESSEL_GUL_001,CM,transit,0.9999893247931678,longliner,0.9999999911694409,0.0,0.0,0.0,0.0,0.0,1.0675206832132371e-05,0.0,0.9999893247931678,0.0,0.002430555555555555,0.0,0.0,0.002430555555555555,Transit,Fishing - Longliner
700050113,VESSEL_GUL_001,CM,transit,0.9999893247931678,longliner,0.9999999911914311,0.0,0.0,0.0,0.0,0.0,1.0675206832132371e-05,0.0,0.9999893247931678,0.0,0.002430555555555555,0.0,0.0,0.002430555555555555,Transit,Fishing - Longliner
700050113,VESSEL_GUL_001,CM,transit,0.9999893247931678,longliner,0.9999999911914311,0.0,0.0,0.0,0.0,0.0,1.0675206832132371e-05,0.0,0.9999893247931678,0.0,0.002430555555555555,0.0,0.0,0.002430555555555555,Transit,Fishing - Longliner
700050114,VESSEL_GUL_002,NG,transit,0.9999893247931678,purse_seiner,0.9999999927442484,0.0,0.0,0.0,0.0,0.0,1.0675206832132371e-05,0.0,0.9999893247931678,0.0,0.002430555555555555,0.0,0.0,0.002430555555555555,Transit,Fishing - Purse Seiner
700050114,VESSEL_GUL_002,NG,transit,0.9999893247931678,purse_seiner,0.9999999927442484,0.0,0.0,0.0,0.0,0.0,1.0675206832132371e-05,0.0,0.9999893247931678,0.0,0.002430555555555555,0.0,0.0,0.002430555555555555,Transit,Fishing - Purse Seiner
700050114,VESSEL_GUL_002,NG,transit,0.9999893247931678,purse_seiner,0.9999999927444505,0.0,0.0,0.0,0.0,0.0,1.0675206832132371e-05,0.0,0.9999893247931678,0.0,0.002430555555555555,0.0,0.0,0.002430555555555555,Transit,Fishing - Purse Seiner
700050114,VESSEL_GUL_002,NG,transit,0.9977671025709456,purse_seiner,0.999999992768503,0.0,0.0,0.0,0.0,0.0,1.0675206832132371e-05,0.0022222222222222222,0.9977671025709456,0.0,0.002430555555555555,0.0,0.0,0.002430555555555555,Transit,Fishing - Purse Seiner
700050114,VESSEL_GUL_002,NG,transit,0.9999893247931678,purse_seiner,0.9999999927676293,0.0,0.0,0.0,0.0,0.0,1.0675206832132371e-05,0.0,0.9999893247931678,0.0,0.002430555555555555,0.0,0.0,0.002430555555555555,Transit,Fishing - Purse Seiner
700050114,VESSEL_GUL_002,NG,transit,0.9999893247931678,purse_seiner,0.9999999927442484,0.0,0.0,0.0,0.0,0.0,1.0675206832132371e-05,0.0,0.9999893247931678,0.0,0.002430555555555555,0.0,0.0,0.002430555555555555,Transit,Fishing - Purse Seiner
700050114,VESSEL_GUL_002,NG,transit,0.9999893247931678,purse_seiner,0.9999999927444505,0.0,0.0,0.0,0.0,0.0,1.0675206832132371e-05,0.0,0.9999893247931678,0.0,0.002430555555555555,0.0,0.0,0.002430555555555555,Transit,Fishing - Purse Seiner
700050114,VESSEL_GUL_002,NG,transit,0.8681798009836442,purse_seiner,0.9999999927446992,0.0,0.0,0.0,0.13180952380952385,0.0,1.0675206832132371e-05,0.0,0.8681798009836442,0.0,0.43,0.0,0.0,0.43,Transit,Fishing - Purse Seiner
700050114,VESSEL_GUL_002,NG,fishing,0.6275198412698412,purse_seiner,0.9999999928425665,0.012507936507936506,0.0,0.0,0.6275198412698412,0.0,0.0,0.011444444444444445,0.3485277777777777,0.0,0.43,0.6,0.0,0.6,Fishing,Fishing - Purse Seiner
700050114,VESSEL_GUL_002,NG,fishing,0.96584126984127,purse_seiner,0.9999999923881088,0.0,0.0006666666666666668,0.0,0.96584126984127,0.004333333333333333,0.0,0.0,0.028492063492063492,0.0006666666666666668,0.002430555555555555,0.6,0.0,0.6,Fishing,Fishing - Purse Seiner
700050114,VESSEL_GUL_002,NG,fishing,1.0,purse_seiner,0.9999999923963426,0.0,0.0,0.0,1.0,0.0,0.0,0.0,0.0,0.0,0.002430555555555555,0.6,0.0,0.6,Fishing,Fishing - Purse Seiner
700050114,VESSEL_GUL_002,NG,fishing,1.0,purse_seiner,0.9999999921087156,0.0,0.0,0.0,1.0,0.0,0.0,0.0,0.0,0.0,0.002430555555555555,0.6,0.0,0.6,Fishing,Fishing - Purse Seiner
700050114,VESSEL_GUL_002,NG,fishing,0.9922222222222221,purse_seiner,0.9999999921087154,0.0,0.002,0.0,0.9922222222222221,0.0011111111111111111,0.0,0.0,0.004666666666666666,0.0,0.002430555555555555,0.6,0.0,0.6,Fishing,Fishing - Purse Seiner
700050114,VESSEL_GUL_002,NG,transit,0.8679894179894179,purse_seiner,0.9999999918586803,0.0011111111111111111,0.0027777777777777775,0.0,0.06238888888888888,0.0035714285714285713,0.003666666666666667,0.05432804232804232,0.8679894179894179,0.004166666666666667,0.002430555555555555,0.0,0.0,0.002430555555555555,Transit,Fishing - Purse Seiner
700050114,VESSEL_GUL_002,NG,transit,0.9999893247931678,purse_seiner,0.9999999917079697,0.0,0.0,0.0,0.0,0.0,1.0675206832132371e-05,0.0,0.9999893247931678,0.0,0.002430555555555555,0.0,0.0,0.002430555555555555,Transit,Fishing - Purse Seiner
700050114,VESSEL_GUL_002,NG,transit,0.9999893247931678,purse_seiner,0.9999999921996036,0.0,0.0,0.0,0.0,0.0,1.0675206832132371e-05,0.0,0.9999893247931678,0.0,0.002430555555555555,0.0,0.0,0.002430555555555555,Transit,Fishing - Purse Seiner
700050114,VESSEL_GUL_002,NG,transit,0.9806559914598345,purse_seiner,0.9999999923022521,0.0,0.0,0.0,0.014333333333333333,0.0,0.005010675206832133,0.0,0.9806559914598345,0.0,0.002430555555555555,0.0,0.0,0.002430555555555555,Transit,Fishing - Purse Seiner
700050114,VESSEL_GUL_002,NG,fishing,0.9474502923976608,purse_seiner,0.9999999924453226,0.0,0.0,0.0,0.9474502923976608,0.008809523809523809,0.0067777777777777775,0.0,0.028827485380116955,0.008134920634920634,0.002430555555555555,0.6,0.0,0.6,Fishing,Fishing - Purse Seiner
700050114,VESSEL_GUL_002,NG,fishing,0.9814444444444442,purse_seiner,0.9999999921087156,0.0,0.0006666666666666668,0.0,0.9814444444444442,0.006666666666666667,0.0,0.0,0.011222222222222222,0.0,0.002430555555555555,0.6,0.0,0.6,Fishing,Fishing - Purse Seiner
700050114,VESSEL_GUL_002,NG,fishing,1.0,purse_seiner,0.9999999921087156,0.0,0.0,0.0,1.0,0.0,0.0,0.0,0.0,0.0,0.002430555555555555,0.6,0.0,0.6,Fishing,Fishing - Purse Seiner
700050114,VESSEL_GUL_002,NG,fishing,1.0,purse_seiner,0.9999999923963426,0.0,0.0,0.0,1.0,0.0,0.0,0.0,0.0,0.0,0.002430555555555555,0.6,0.0,0.6,Fishing,Fishing - Purse Seiner
700050114,VESSEL_GUL_002,NG,fishing,1.0,purse_seiner,0.9999999923963426,0.0,0.0,0.0,1.0,0.0,0.0,0.0,0.0,0.0,0.002430555555555555,0.6,0.0,0.6,Fishing,Fishing - Purse Seiner
700050114,VESSEL_GUL_002,NG,fishing,1.0,purse_seiner,0.9999999923963426,0.0,0.0,0.0,1.0,0.0,0.0,0.0,0.0,0.0,0.002430555555555555,0.6,0.0,0.6,Fishing,Fishing - Purse Seiner
700050114,VESSEL_GUL_002,NG,fishing,1.0,purse_seiner,0.9999999921087156,0.0,0.0,0.0,1.0,0.0,0.0,0.0,0.0,0.0,0.002430555555555555,0.6,0.0,0.6,Fishing,Fishing - Purse Seiner
700050114,VESSEL_GUL_002,NG,fishing,0.9966666666666667,purse_seiner,0.999999991241859,0.0,0.0,0.0,0.9966666666666667,0.0033333333333333335,0.0,0.0,0.0,0.0,0.002430555555555555,0.6,0.0,0.6,Fishing,Fishing - Purse Seiner
700050114,VESSEL_GUL_002,NG,fishing,0.9966666666666667,purse_seiner,0.9999999912414504,0.0,0.0,0.0,0.9966666666666667,0.0033333333333333335,0.0,0.0,0.0,0.0,0.002430555555555555,0.6,0.0,0.6,Fishing,Fishing - Purse Seiner
700050114,VESSEL_GUL_002,NG,fishing,1.0,purse_seiner,0.9999999923963426,0.0,0.0,0.0,1.0,0.0,0.0,0.0,0.0,0.0,0.002430555555555555,0.6,0.0,0.6,Fishing,Fishing - Purse Seiner
700050114,VESSEL_GUL_002,NG,fishing,1.0,purse_seiner,0.9999999923963426,0.0,0.0,0.0,1.0,0.0,0.0,0.0,0.0,0.0,0.002430555555555555,0.6,0.0,0.6,Fishing,Fishing - Purse Seiner
700050114,VESSEL_GUL_002,NG,fishing,0.9988888888888887,purse_seiner,0.9999999921087156,0.0,0.0,0.0,0.9988888888888887,0.0011111111111111111,0.0,0.0,0.0,0.0,0.002430555555555555,0.6,0.0,0.6,Fishing,Fishing - Purse Seiner
700050114,VESSEL_GUL_002,NG,transit,0.77460582010582,purse_seiner,0.9999999920999109,0.0,0.0,0.004722222222222221,0.1363941798941799,0.051444444444444445,0.010277777777777778,0.005833333333333334,0.77460582010582,0.01672222222222222,0.002430555555555555,0.0,0.0,0.002430555555555555,Transit,Fishing - Purse Seiner
700050114,VESSEL_GUL_002,NG,transit,0.9999893247931678,purse_seiner,0.9999999922054826,0.0,0.0,0.0,0.0,0.0,1.0675206832132371e-05,0.0,0.9999893247931678,0.0,0.002430555555555555,0.0,0.0,0.002430555555555555,Transit,Fishing - Purse Seiner
700050114,VESSEL_GUL_002,NG,transit,0.9999893247931678,purse_seiner,0.9999999927444505,0.0,0.0,0.0,0.0,0.0,1.0675206832132371e-05,0.0,0.9999893247931678,0.0,0.002430555555555555,0.0,0.0,0.002430555555555555,Transit,Fishing - Purse Seiner
700050114,VESSEL_GUL_002,NG,transit,0.9999893247931678,purse_seiner,0.9999999927454353,0.0,0.0,0.0,0.0,0.0,1.0675206832132371e-05,0.0,0.9999893247931678,0.0,0.002430555555555555,0.0,0.0,0.002430555555555555,Transit,Fishing - Purse Seiner
700050114,VESSEL_GUL_002,NG,transit,0.9999893247931678,purse_seiner,0.9999999927466554,0.0,0.0,0.0,0.0,0.0,1.0675206832132371e-05,0.0,0.9999893247931678,0.0,0.002430555555555555,0.0,0.0,0.002430555555555555,Transit,Fishing - Purse Seiner
700050114,VESSEL_GUL_002,NG,transit,0.9999893247931678,purse_seiner,0.9999999921996036,0.0,0.0,0.0,0.0,0.0,1.0675206832132371e-05,0.0,0.9999893247931678,0.0,0.002430555555555555,0.0,0.0,0.002430555555555555,Transit,Fishing - Purse Seiner
700050114,VESSEL_GUL_002,NG,transit,0.9999893247931678,purse_seiner,0.999999992746057,0.0,0.0,0.0,0.0,0.0,1.0675206832132371e-05,0.0,0.9999893247931678,0.0,0.002430555555555555,0.0,0.0,0.002430555555555555,Transit,Fishing - Purse Seiner
700050114,VESSEL_GUL_002,NG,transit,0.9988782136820569,purse_seiner,0.9999999927442484,0.0011111111111111111,0.0,0.0,0.0,0.0,1.0675206832132371e-05,0.0,0.9988782136820569,0.0,0.002430555555555555,0.0,0.0,0.002430555555555555,Transit,Fishing - Purse Seiner
700050114,VESSEL_GUL_002,NG,transit,0.9999893247931678,purse_seiner,0.9999999927442484,0.0,0.0,0.0,0.0,0.0,1.0675206832132371e-05,0.0,0.9999893247931678,0.0,0.002430555555555555,0.0,0.0,0.002430555555555555,Transit,Fishing - Purse Seiner
700050114,VESSEL_GUL_002,NG,transit,0.9761004359042791,purse_seiner,0.9999999929601053,0.0,0.0,0.0,0.016388888888888887,0.0038888888888888883,0.001955119651276577,0.0,0.9761004359042791,0.0016666666666666668,0.002430555555555555,0.0,0.0,0.002430555555555555,Transit,Fishing - Purse Seiner
700050114,VESSEL_GUL_002,NG,transit,0.9999893247931678,purse_seiner,0.9999999928358194,0.0,0.0,0.0,0.0,0.0,1.0675206832132371e-05,0.0,0.9999893247931678,0.0,0.002430555555555555,0.0,0.0,0.002430555555555555,Transit,Fishing - Purse Seiner
700050114,VESSEL_GUL_002,NG,transit,0.9999893247931678,purse_seiner,0.9999999927443859,0.0,0.0,0.0,0.0,0.0,1.0675206832132371e-05,0.0,0.9999893247931678,0.0,0.002430555555555555,0.0,0.0,0.002430555555555555,Transit,Fishing - Purse Seiner
700050114,VESSEL_GUL_002,NG,transit,0.9999893247931678,purse_seiner,0.9999999927444505,0.0,0.0,0.0,0.0,0.0,1.0675206832132371e-05,0.0,0.9999893247931678,0.0,0.002430555555555555,0.0,0.0,0.002430555555555555,Transit,Fishing - Purse Seiner
700050114,VESSEL_GUL_002,NG,transit,0.9999893247931678,purse_seiner,0.9999999927444505,0.0,0.0,0.0,0.0,0.0,1.0675206832132371e-05,0.0,0.9999893247931678,0.0,0.002430555555555555,0.0,0.0,0.002430555555555555,Transit,Fishing - Purse Seiner
700050114,VESSEL_GUL_002,NG,transit,0.9999893247931678,purse_seiner,0.9999999927454353,0.0,0.0,0.0,0.0,0.0,1.0675206832132371e-05,0.0,0.9999893247931678,0.0,0.002430555555555555,0.0,0.0,0.002430555555555555,Transit,Fishing - Purse Seiner
700050114,VESSEL_GUL_002,NG,transit,0.9999893247931678,purse_seiner,0.9999999927700349,0.0,0.0,0.0,0.0,0.0,1.0675206832132371e-05,0.0,0.9999893247931678,0.0,0.002430555555555555,0.0,0.0,0.002430555555555555,Transit,Fishing - Purse Seiner
700050114,VESSEL_GUL_002,NG,transit,0.9999893247931678,purse_seiner,0.9999999927443126,0.0,0.0,0.0,0.0,0.0,1.0675206832132371e-05,0.0,0.9999893247931678,0.0,0.002430555555555555,0.0,0.0,0.002430555555555555,Transit,Fishing - Purse Seiner
700050114,VESSEL_GUL_002,NG,transit,0.9983226581265012,purse_seiner,0.9999999928358194,0.0,0.0,0.0,0.0,0.0,1.0675206832132371e-05,0.0016666666666666668,0.9983226581265012,0.0,0.002430555555555555,0.0,0.0,0.002430555555555555,Transit,Fishing - Purse Seiner
700050114,VESSEL_GUL_002,NG,transit,0.9999893247931678,purse_seiner,0.9999999927442484,0.0,0.0,0.0,0.0,0.0,1.0675206832132371e-05,0.0,0.9999893247931678,0.0,0.002430555555555555,0.0,0.0,0.002430555555555555,Transit,Fishing - Purse Seiner
700050114,VESSEL_GUL_002,NG,transit,0.9999893247931678,purse_seiner,0.9999999927442484,0.0,0.0,0.0,0.0,0.0,1.0675206832132371e-05,0.0,0.9999893247931678,0.0,0.002430555555555555,0.0,0.0,0.002430555555555555,Transit,Fishing - Purse Seiner
700050114,VESSEL_GUL_002,NG,transit,0.9999893247931678,purse_seiner,0.9999999908562166,0.0,0.0,0.0,0.0,0.0,1.0675206832132371e-05,0.0,0.9999893247931678,0.0,0.002430555555555555,0.0,0.0,0.002430555555555555,Transit,Fishing - Purse Seiner
700050114,VESSEL_GUL_002,NG,transit,0.9999893247931678,purse_seiner,0.9999999908562166,0.0,0.0,0.0,0.0,0.0,1.0675206832132371e-05,0.0,0.9999893247931678,0.0,0.002430555555555555,0.0,0.0,0.002430555555555555,Transit,Fishing - Purse Seiner
700050114,VESSEL_GUL_002,NG,transit,0.9999893247931678,purse_seiner,0.9999999927444505,0.0,0.0,0.0,0.0,0.0,1.0675206832132371e-05,0.0,0.9999893247931678,0.0,0.002430555555555555,0.0,0.0,0.002430555555555555,Transit,Fishing - Purse Seiner
700050114,VESSEL_GUL_002,NG,transit,0.9999893247931678,purse_seiner,0.9999999927442484,0.0,0.0,0.0,0.0,0.0,1.0675206832132371e-05,0.0,0.9999893247931678,0.0,0.002430555555555555,0.0,0.0,0.002430555555555555,Transit,Fishing - Purse Seiner
700050114,VESSEL_GUL_002,NG,transit,0.9999893247931678,purse_seiner,0.9999999927442484,0.0,0.0,0.0,0.0,0.0,1.0675206832132371e-05,0.0,0.9999893247931678,0.0,0.002430555555555555,0.0,0.0,0.002430555555555555,Transit,Fishing - Purse Seiner
700050114,VESSEL_GUL_002,NG,transit,0.9999893247931678,purse_seiner,0.9999999927442484,0.0,0.0,0.0,0.0,0.0,1.0675206832132371e-05,0.0,0.9999893247931678,0.0,0.002430555555555555,0.0,0.0,0.002430555555555555,Transit,Fishing - Purse Seiner
700050114,VESSEL_GUL_002,NG,transit,0.9999893247931678,purse_seiner,0.9999999927442484,0.0,0.0,0.0,0.0,0.0,1.0675206832132371e-05,0.0,0.9999893247931678,0.0,0.002430555555555555,0.0,0.0,0.002430555555555555,Transit,Fishing - Purse Seiner
700050114,VESSEL_GUL_002,NG,transit,0.9999893247931678,purse_seiner,0.9999999927443859,0.0,0.0,0.0,0.0,0.0,1.0675206832132371e-05,0.0,0.9999893247931678,0.0,0.002430555555555555,0.0,0.0,0.002430555555555555,Transit,Fishing - Purse Seiner
700050114,VESSEL_GUL_002,NG,transit,0.9999893247931678,purse_seiner,0.9999999927454353,0.0,0.0,0.0,0.0,0.0,1.0675206832132371e-05,0.0,0.9999893247931678,0.0,0.002430555555555555,0.0,0.0,0.002430555555555555,Transit,Fishing - Purse Seiner
700050114,VESSEL_GUL_002,NG,transit,0.9999893247931678,purse_seiner,0.9999999927444505,0.0,0.0,0.0,0.0,0.0,1.0675206832132371e-05,0.0,0.9999893247931678,0.0,0.002430555555555555,0.0,0.0,0.002430555555555555,Transit,Fishing - Purse Seiner
700050114,VESSEL_GUL_002,NG,transit,0.9999893247931678,purse_seiner,0.9999999927444505,0.0,0.0,0.0,0.0,0.0,1.0675206832132371e-05,0.0,0.9999893247931678,0.0,0.002430555555555555,0.0,0.0,0.002430555555555555,Transit,Fishing - Purse Seiner
700050114,VESSEL_GUL_002,NG,transit,0.9999893247931678,purse_seiner,0.9999999927443859,0.0,0.0,0.0,0.0,0.0,1.0675206832132371e-05,0.0,0.9999893247931678,0.0,0.002430555555555555,0.0,0.0,0.002430555555555555,Transit,Fishing - Purse Seiner
700050114,VESSEL_GUL_002,NG,transit,0.9999893247931678,purse_seiner,0.9999999927442484,0.0,0.0,0.0,0.0,0.0,1.0675206832132371e-05,0.0,0.9999893247931678,0.0,0.002430555555555555,0.0,0.0,0.002430555555555555,Transit,Fishing - Purse Seiner
700050114,VESSEL_GUL_002,NG,transit,0.9999893247931678,purse_seiner,0.9999999927442484,0.0,0.0,0.0,0.0,0.0,1.0675206832132371e-05,0.0,0.9999893247931678,0.0,0.002430555555555555,0.0,0.0,0.002430555555555555,Transit,Fishing - Purse Seiner
700050114,VESSEL_GUL_002,NG,transit,0.9999893247931678,purse_seiner,0.9999999927442484,0.0,0.0,0.0,0.0,0.0,1.0675206832132371e-05,0.0,0.9999893247931678,0.0,0.002430555555555555,0.0,0.0,0.002430555555555555,Transit,Fishing - Purse Seiner
700050114,VESSEL_GUL_002,NG,transit,0.9999893247931678,purse_seiner,0.9999999927442484,0.0,0.0,0.0,0.0,0.0,1.0675206832132371e-05,0.0,0.9999893247931678,0.0,0.002430555555555555,0.0,0.0,0.002430555555555555,Transit,Fishing - Purse Seiner
700050115,VESSEL_GUL_003,KR,transit,0.9999893247931678,purse_seiner,0.24652620218808668,0.0,0.0,0.0,0.0,0.0,1.0675206832132371e-05,0.0,0.9999893247931678,0.0,0.002430555555555555,0.0,0.0,0.002430555555555555,Transit,Fishing - Purse Seiner
700050115,VESSEL_GUL_003,KR,transit,0.9999893247931678,purse_seiner,0.24731995743019386,0.0,0.0,0.0,0.0,0.0,1.0675206832132371e-05,0.0,0.9999893247931678,0.0,0.002430555555555555,0.0,0.0,0.002430555555555555,Transit,Fishing - Purse Seiner
700050115,VESSEL_GUL_003,KR,transit,0.9999893247931678,purse_seiner,0.24731995743019386,0.0,0.0,0.0,0.0,0.0,1.0675206832132371e-05,0.0,0.9999893247931678,0.0,0.002430555555555555,0.0,0.0,0.002430555555555555,Transit,Fishing - Purse Seiner
700050115,VESSEL_GUL_003,KR,transit,0.9999893247931678,purse_seiner,0.24711948988961394,0.0,0.0,0.0,0.0,0.0,1.0675206832132371e-05,0.0,0.9999893247931678,0.0,0.002430555555555555,0.0,0.0,0.002430555555555555,Transit,Fishing - Purse Seiner
700050115,VESSEL_GUL_003,KR,transit,0.9999893247931678,purse_seiner,0.24687827351877323,0.0,0.0,0.0,0.0,0.0,1.0675206832132371e-05,0.0,0.9999893247931678,0.0,0.002430555555555555,0.0,0.0,0.002430555555555555,Transit,Fishing - Purse Seiner
700050115,VESSEL_GUL_003,KR,transit,0.9999893247931678,purse_seiner,0.24652620218808668,0.0,0.0,0.0,0.0,0.0,1.0675206832132371e-05,0.0,0.9999893247931678,0.0,0.002430555555555555,0.0,0.0,0.002430555555555555,Transit,Fishing - Purse Seiner
700050115,VESSEL_GUL_003,KR,transit,0.9999893247931678,purse_seiner,0.24652620218808668,0.0,0.0,0.0,0.0,0.0,1.0675206832132371e-05,0.0,0.9999893247931678,0.0,0.002430555555555555,0.0,0.0,0.002430555555555555,Transit,Fishing - Purse Seiner
700050115,VESSEL_GUL_003,KR,transit,0.9999893247931678,purse_seiner,0.24652620218808668,0.0,0.0,0.0,0.0,0.0,1.0675206832132371e-05,0.0,0.9999893247931678,0.0,0.002430555555555555,0.0,0.0,0.002430555555555555,Transit,Fishing - Purse Seiner
700050115,VESSEL_GUL_003,KR,transit,0.9999893247931678,purse_seiner,0.24639094402130346,0.0,0.0,0.0,0.0,0.0,1.0675206832132371e-05,0.0,0.9999893247931678,0.0,0.002430555555555555,0.0,0.0,0.002430555555555555,Transit,Fishing - Purse Seiner
700050115,VESSEL_GUL_003,KR,transit,0.9999893247931678,purse_seiner,0.2468362601856884,0.0,0.0,0.0,0.0,0.0,1.0675206832132371e-05,0.0,0.9999893247931678,0.0,0.002430555555555555,0.0,0.0,0.002430555555555555,Transit,Fishing - Purse Seiner
700050115,VESSEL_GUL_003,KR,transit,0.9999893247931678,purse_seiner,0.24731995743019386,0.0,0.0,0.0,0.0,0.0,1.0675206832132371e-05,0.0,0.9999893247931678,0.0,0.002430555555555555,0.0,0.0,0.002430555555555555,Transit,Fishing - Purse Seiner
700050115,VESSEL_GUL_003,KR,transit,0.9999893247931678,purse_seiner,0.24731995743019386,0.0,0.0,0.0,0.0,0.0,1.0675206832132371e-05,0.0,0.9999893247931678,0.0,0.002430555555555555,0.0,0.0,0.002430555555555555,Transit,Fishing - Purse Seiner
700050115,VESSEL_GUL_003,KR,transit,0.8327353565391998,purse_seiner,0.4157599948299861,0.0022222222222222222,0.0,0.0,0.16503174603174603,0.0,1.0675206832132371e-05,0.0,0.8327353565391998,0.0,0.43,0.0,0.0,0.43,Transit,Fishing - Purse Seiner
700050115,VESSEL_GUL_003,KR,fishing,0.8183095238095239,purse_seiner,0.43308041152922216,0.0,0.0,0.023333333333333334,0.8183095238095239,0.0038888888888888883,0.020436507936507933,0.0033333333333333335,0.12986507936507935,0.0008333333333333334,0.43,0.6,0.0,0.6,Fishing,Fishing - Purse Seiner
700050115,VESSEL_GUL_003,KR,fishing,1.0,purse_seiner,0.37447013119337913,0.0,0.0,0.0,1.0,0.0,0.0,0.0,0.0,0.0,0.002430555555555555,0.6,0.0,0.6,Fishing,Fishing - Purse Seiner
700050115,VESSEL_GUL_003,KR,fishing,1.0,purse_seiner,0.37447013119337913,0.0,0.0,0.0,1.0,0.0,0.0,0.0,0.0,0.0,0.002430555555555555,0.6,0.0,0.6,Fishing,Fishing - Purse Seiner
700050115,VESSEL_GUL_003,KR,fishing,1.0,purse_seiner,0.37447013119337913,0.0,0.0,0.0,1.0,0.0,0.0,0.0,0.0,0.0,0.002430555555555555,0.6,0.0,0.6,Fishing,Fishing - Purse Seiner
700050115,VESSEL_GUL_003,KR,fishing,1.0,purse_seiner,0.3658258924125351,0.0,0.0,0.0,1.0,0.0,0.0,0.0,0.0,0.0,0.002430555555555555,0.6,0.0,0.6,Fishing,Fishing - Purse Seiner
700050115,VESSEL_GUL_003,KR,transit,0.8933888888888888,purse_seiner,0.36551314409369096,0.0025,0.0022222222222222222,0.0,0.059944444444444446,0.01307936507936508,0.0008333333333333334,0.02388888888888889,0.8933888888888888,0.004142857142857143,0.002430555555555555,0.0,0.0,0.002430555555555555,Transit,Fishing - Purse Seiner
700050115,VESSEL_GUL_003,KR,transit,0.9883226581265012,purse_seiner,0.24652620218808668,0.0044444444444444444,0.0,0.0022222222222222222,0.0,0.0,1.0675206832132371e-05,0.005,0.9883226581265012,0.0,0.002430555555555555,0.0,0.0,0.002430555555555555,Transit,Fishing - Purse Seiner
700050115,VESSEL_GUL_003,KR,transit,0.9999893247931678,purse_seiner,0.24711948988961394,0.0,0.0,0.0,0.0,0.0,1.0675206832132371e-05,0.0,0.9999893247931678,0.0,0.002430555555555555,0.0,0.0,0.002430555555555555,Transit,Fishing - Purse Seiner
700050115,VESSEL_GUL_003,KR,transit,0.9999893247931678,purse_seiner,0.24663413812840645,0.0,0.0,0.0,0.0,0.0,1.0675206832132371e-05,0.0,0.9999893247931678,0.0,0.002430555555555555,0.0,0.0,0.002430555555555555,Transit,Fishing - Purse Seiner
700050115,VESSEL_GUL_003,KR,transit,0.5240707784272531,purse_seiner,0.251975799264541,0.0,0.0,0.0,0.3740058479532164,0.024801587301587304,0.06559004028619722,0.0,0.5240707784272531,0.011531746031746032,0.002430555555555555,0.0,0.0,0.002430555555555555,Transit,Fishing - Purse Seiner
700050115,VESSEL_GUL_003,KR,fishing,0.9645,purse_seiner,0.37421104017837914,0.0,0.0,0.0,0.9645,0.0,0.005555555555555555,0.0,0.02883333333333333,0.0011111111111111111,0.002430555555555555,0.6,0.0,0.6,Fishing,Fishing - Purse Seiner
700050115,VESSEL_GUL_003,KR,fishing,0.9972222222222221,purse_seiner,0.37421104017837914,0.0,0.0,0.0,0.9972222222222221,0.0,0.0,0.0,0.002777777777777778,0.0,0.002430555555555555,0.6,0.0,0.6,Fishing,Fishing - Purse Seiner
700050115,VESSEL_GUL_003,KR,fishing,0.993611111111111,purse_seiner,0.37447013119337913,0.0,0.0,0.0,0.993611111111111,0.0,0.0022222222222222222,0.0,0.004166666666666667,0.0,0.002430555555555555,0.6,0.0,0.6,Fishing,Fishing - Purse Seiner
700050115,VESSEL_GUL_003,KR,fishing,0.9925,purse_seiner,0.3658258924125351,0.0,0.0,0.0,0.9925,0.0033333333333333335,0.0,0.0,0.004166666666666667,0.0,0.002430555555555555,0.6,0.0,0.6,Fishing,Fishing - Purse Seiner
700050115,VESSEL_GUL_003,KR,fishing,0.9925,purse_seiner,0.37447013119337913,0.0,0.0,0.0,0.9925,0.0,0.0,0.0,0.0075,0.0,0.002430555555555555,0.6,0.0,0.6,Fishing,Fishing - Purse Seiner
700050115,VESSEL_GUL_003,KR,fishing,1.0,purse_seiner,0.37447013119337913,0.0,0.0,0.0,1.0,0.0,0.0,0.0,0.0,0.0,0.002430555555555555,0.6,0.0,0.6,Fishing,Fishing - Purse Seiner
700050115,VESSEL_GUL_003,KR,fishing,1.0,purse_seiner,0.37447013119337913,0.0,0.0,0.0,1.0,0.0,0.0,0.0,0.0,0.0,0.002430555555555555,0.6,0.0,0.6,Fishing,Fishing - Purse Seiner
700050115,VESSEL_GUL_003,KR,fishing,1.0,purse_seiner,0.37447013119337913,0.0,0.0,0.0,1.0,0.0,0.0,0.0,0.0,0.0,0.002430555555555555,0.6,0.0,0.6,Fishing,Fishing - Purse Seiner
700050115,VESSEL_GUL_003,KR,transit,0.49764285714285716,purse_seiner,0.37421104017837914,0.0025,0.0025,0.004722222222222221,0.38908730158730165,0.05222222222222222,0.015214285714285717,0.005,0.49764285714285716,0.031111111111111114,0.002430555555555555,0.0,0.0,0.002430555555555555,Transit,Fishing - Purse Seiner
700050115,VESSEL_GUL_003,KR,transit,0.9999893247931678,purse_seiner,0.24666528595577167,0.0,0.0,0.0,0.0,0.0,1.0675206832132371e-05,0.0,0.9999893247931678,0.0,0.002430555555555555,0.0,0.0,0.002430555555555555,Transit,Fishing - Purse Seiner
700050115,VESSEL_GUL_003,KR,transit,0.9999893247931678,purse_seiner,0.24663413812840645,0.0,0.0,0.0,0.0,0.0,1.0675206832132371e-05,0.0,0.9999893247931678,0.0,0.002430555555555555,0.0,0.0,0.002430555555555555,Transit,Fishing - Purse Seiner
700050115,VESSEL_GUL_003,KR,transit,0.9999893247931678,purse_seiner,0.24711948988961394,0.0,0.0,0.0,0.0,0.0,1.0675206832132371e-05,0.0,0.9999893247931678,0.0,0.002430555555555555,0.0,0.0,0.002430555555555555,Transit,Fishing - Purse Seiner
700050115,VESSEL_GUL_003,KR,transit,0.9999893247931678,purse_seiner,0.24711948988961394,0.0,0.0,0.0,0.0,0.0,1.0675206832132371e-05,0.0,0.9999893247931678,0.0,0.002430555555555555,0.0,0.0,0.002430555555555555,Transit,Fishing - Purse Seiner
700050115,VESSEL_GUL_003,KR,transit,0.9999893247931678,purse_seiner,0.24711948988961394,0.0,0.0,0.0,0.0,0.0,1.0675206832132371e-05,0.0,0.9999893247931678,0.0,0.002430555555555555,0.0,0.0,0.002430555555555555,Transit,Fishing - Purse Seiner
700050115,VESSEL_GUL_003,KR,transit,0.9999893247931678,purse_seiner,0.24711948988961394,0.0,0.0,0.0,0.0,0.0,1.0675206832132371e-05,0.0,0.9999893247931678,0.0,0.002430555555555555,0.0,0.0,0.002430555555555555,Transit,Fishing - Purse Seiner
700050115,VESSEL_GUL_003,KR,transit,0.9999893247931678,purse_seiner,0.24774011205440152,0.0,0.0,0.0,0.0,0.0,1.0675206832132371e-05,0.0,0.9999893247931678,0.0,0.002430555555555555,0.0,0.0,0.002430555555555555,Transit,Fishing - Purse Seiner
700050115,VESSEL_GUL_003,KR,transit,0.9999893247931678,purse_seiner,0.24711948988961394,0.0,0.0,0.0,0.0,0.0,1.0675206832132371e-05,0.0,0.9999893247931678,0.0,0.002430555555555555,0.0,0.0,0.002430555555555555,Transit,Fishing - Purse Seiner
700050115,VESSEL_GUL_003,KR,transit,0.9999893247931678,purse_seiner,0.24711948988961394,0.0,0.0,0.0,0.0,0.0,1.0675206832132371e-05,0.0,0.9999893247931678,0.0,0.002430555555555555,0.0,0.0,0.002430555555555555,Transit,Fishing - Purse Seiner
700050115,VESSEL_GUL_003,KR,transit,0.9966559914598345,purse_seiner,0.24663413812840645,0.0033333333333333335,0.0,0.0,0.0,0.0,1.0675206832132371e-05,0.0,0.9966559914598345,0.0,0.002430555555555555,0.0,0.0,0.002430555555555555,Transit,Fishing - Purse Seiner
700050115,VESSEL_GUL_003,KR,transit,0.9999893247931678,purse_seiner,0.24711948988961394,0.0,0.0,0.0,0.0,0.0,1.0675206832132371e-05,0.0,0.9999893247931678,0.0,0.002430555555555555,0.0,0.0,0.002430555555555555,Transit,Fishing - Purse Seiner
700050115,VESSEL_GUL_003,KR,transit,0.9999893247931678,purse_seiner,0.246035973399708,0.0,0.0,0.0,0.0,0.0,1.0675206832132371e-05,0.0,0.9999893247931678,0.0,0.002430555555555555,0.0,0.0,0.002430555555555555,Transit,Fishing - Purse Seiner
700050115,VESSEL_GUL_003,KR,transit,0.9999893247931678,purse_seiner,0.24711948988961394,0.0,0.0,0.0,0.0,0.0,1.0675206832132371e-05,0.0,0.9999893247931678,0.0,0.002430555555555555,0.0,0.0,0.002430555555555555,Transit,Fishing - Purse Seiner
700050115,VESSEL_GUL_003,KR,transit,0.9999893247931678,purse_seiner,0.24470517450870607,0.0,0.0,0.0,0.0,0.0,1.0675206832132371e-05,0.0,0.9999893247931678,0.0,0.002430555555555555,0.0,0.0,0.002430555555555555,Transit,Fishing - Purse Seiner
700050115,VESSEL_GUL_003,KR,transit,0.9999893247931678,purse_seiner,0.24663413812840645,0.0,0.0,0.0,0.0,0.0,1.0675206832132371e-05,0.0,0.9999893247931678,0.0,0.002430555555555555,0.0,0.0,0.002430555555555555,Transit,Fishing - Purse Seiner
700050115,VESSEL_GUL_003,KR,transit,0.9949893247931679,purse_seiner,0.24907306769519427,0.0,0.0,0.0,0.0,0.00125,0.0016773418734987993,0.0,0.9949893247931679,0.0020833333333333333,0.002430555555555555,0.0,0.0,0.002430555555555555,Transit,Fishing - Purse Seiner
700050115,VESSEL_GUL_003,KR,transit,0.9999893247931678,purse_seiner,0.24711948988961394,0.0,0.0,0.0,0.0,0.0,1.0675206832132371e-05,0.0,0.9999893247931678,0.0,0.002430555555555555,0.0,0.0,0.002430555555555555,Transit,Fishing - Purse Seiner
700050115,VESSEL_GUL_003,KR,transit,0.9999893247931678,purse_seiner,0.24774011205440152,0.0,0.0,0.0,0.0,0.0,1.0675206832132371e-05,0.0,0.9999893247931678,0.0,0.002430555555555555,0.0,0.0,0.002430555555555555,Transit,Fishing - Purse Seiner
700050115,VESSEL_GUL_003,KR,transit,0.9999893247931678,purse_seiner,0.24711948988961394,0.0,0.0,0.0,0.0,0.0,1.0675206832132371e-05,0.0,0.9999893247931678,0.0,0.002430555555555555,0.0,0.0,0.002430555555555555,Transit,Fishing - Purse Seiner
700050115,VESSEL_GUL_003,KR,transit,0.9999893247931678,purse_seiner,0.24663413812840645,0.0,0.0,0.0,0.0,0.0,1.0675206832132371e-05,0.0,0.9999893247931678,0.0,0.002430555555555555,0.0,0.0,0.002430555555555555,Transit,Fishing - Purse Seiner
700050115,VESSEL_GUL_003,KR,transit,0.9999893247931678,purse_seiner,0.2468362601856884,0.0,0.0,0.0,0.0,0.0,1.0675206832132371e-05,0.0,0.9999893247931678,0.0,0.002430555555555555,0.0,0.0,0.002430555555555555,Transit,Fishing - Purse Seiner
700050115,VESSEL_GUL_003,KR,transit,0.9842750390788821,purse_seiner,0.2524615536579299,0.0,0.0,0.0,0.013333333333333334,0.0,0.0023916275877845137,0.0,0.9842750390788821,0.0,0.002430555555555555,0.0,0.0,0.002430555555555555,Transit,Fishing - Purse Seiner
700050115,VESSEL_GUL_003,KR,transit,0.9999893247931678,purse_seiner,0.246035973399708,0.0,0.0,0.0,0.0,0.0,1.0675206832132371e-05,0.0,0.9999893247931678,0.0,0.002430555555555555,0.0,0.0,0.002430555555555555,Transit,Fishing - Purse Seiner
700050115,VESSEL_GUL_003,KR,transit,0.9949893247931679,purse_seiner,0.24711948988961394,0.0016666666666666668,0.0,0.0,0.0033333333333333335,0.0,1.0675206832132371e-05,0.0,0.9949893247931679,0.0,0.002430555555555555,0.0,0.0,0.002430555555555555,Transit,Fishing - Purse Seiner
700050115,VESSEL_GUL_003,KR,transit,0.9999893247931678,purse_seiner,0.24663413812840645,0.0,0.0,0.0,0.0,0.0,1.0675206832132371e-05,0.0,0.9999893247931678,0.0,0.002430555555555555,0.0,0.0,0.002430555555555555,Transit,Fishing - Purse Seiner
700050115,VESSEL_GUL_003,KR,transit,0.9999893247931678,purse_seiner,0.24711948988961394,0.0,0.0,0.0,0.0,0.0,1.0675206832132371e-05,0.0,0.9999893247931678,0.0,0.002430555555555555,0.0,0.0,0.002430555555555555,Transit,Fishing - Purse Seiner
700050115,VESSEL_GUL_003,KR,transit,0.9999893247931678,purse_seiner,0.24711948988961394,0.0,0.0,0.0,0.0,0.0,1.0675206832132371e-05,0.0,0.9999893247931678,0.0,0.002430555555555555,0.0,0.0,0.002430555555555555,Transit,Fishing - Purse Seiner
700050115,VESSEL_GUL_003,KR,transit,0.9999893247931678,purse_seiner,0.24652620218808668,0.0,0.0,0.0,0.0,0.0,1.0675206832132371e-05,0.0,0.9999893247931678,0.0,0.002430555555555555,0.0,0.0,0.002430555555555555,Transit,Fishing - Purse Seiner
700050115,VESSEL_GUL_003,KR,transit,0.9999893247931678,purse_seiner,0.24687828219891686,0.0,0.0,0.0,0.0,0.0,1.0675206832132371e-05,0.0,0.9999893247931678,0.0,0.002430555555555555,0.0,0.0,0.002430555555555555,Transit,Fishing - Purse Seiner
700050115,VESSEL_GUL_003,KR,transit,0.9999893247931678,purse_seiner,0.24711948988961394,0.0,0.0,0.0,0.0,0.0,1.0675206832132371e-05,0.0,0.9999893247931678,0.0,0.002430555555555555,0.0,0.0,0.002430555555555555,Transit,Fishing - Purse Seiner
700050115,VESSEL_GUL_003,KR,transit,0.9999893247931678,purse_seiner,0.24652620218808668,0.0,0.0,0.0,0.0,0.0,1.0675206832132371e-05,0.0,0.9999893247931678,0.0,0.002430555555555555,0.0,0.0,0.002430555555555555,Transit,Fishing - Purse Seiner
700050116,VESSEL_GUL_004,GA,transit,0.9999893247931678,purse_seiner,0.9999999941152813,0.0,0.0,0.0,0.0,0.0,1.0675206832132371e-05,0.0,0.9999893247931678,0.0,0.002430555555555555,0.0,0.0,0.002430555555555555,Transit,Fishing - Purse Seiner
700050116,VESSEL_GUL_004,GA,transit,0.9999893247931678,purse_seiner,0.9999999941144426,0.0,0.0,0.0,0.0,0.0,1.0675206832132371e-05,0.0,0.9999893247931678,0.0,0.002430555555555555,0.0,0.0,0.002430555555555555,Transit,Fishing - Purse Seiner
700050116,VESSEL_GUL_004,GA,transit,0.9999893247931678,purse_seiner,0.9999999941145647,0.0,0.0,0.0,0.0,0.0,1.0675206832132371e-05,0.0,0.9999893247931678,0.0,0.002430555555555555,0.0,0.0,0.002430555555555555,Transit,Fishing - Purse Seiner
700050116,VESSEL_GUL_004,GA,transit,0.9999893247931678,purse_seiner,0.9999999939576854,0.0,0.0,0.0,0.0,0.0,1.0675206832132371e-05,0.0,0.9999893247931678,0.0,0.002430555555555555,0.0,0.0,0.002430555555555555,Transit,Fishing - Purse Seiner
700050116,VESSEL_GUL_004,GA,transit,0.9999893247931678,purse_seiner,0.9999999940348501,0.0,0.0,0.0,0.0,0.0,1.0675206832132371e-05,0.0,0.9999893247931678,0.0,0.002430555555555555,0.0,0.0,0.002430555555555555,Transit,Fishing - Purse Seiner
700050116,VESSEL_GUL_004,GA,transit,0.9999893247931678,purse_seiner,0.9999999941331177,0.0,0.0,0.0,0.0,0.0,1.0675206832132371e-05,0.0,0.9999893247931678,0.0,0.002430555555555555,0.0,0.0,0.002430555555555555,Transit,Fishing - Purse Seiner
700050116,VESSEL_GUL_004,GA,transit,0.9999893247931678,purse_seiner,0.9999999941144426,0.0,0.0,0.0,0.0,0.0,1.0675206832132371e-05,0.0,0.9999893247931678,0.0,0.002430555555555555,0.0,0.0,0.002430555555555555,Transit,Fishing - Purse Seiner
700050116,VESSEL_GUL_004,GA,transit,0.8872909120947552,purse_seiner,0.9999999941145647,0.0,0.0,0.0,0.11269841269841267,0.0,1.0675206832132371e-05,0.0,0.8872909120947552,0.0,0.43,0.0,0.0,0.43,Transit,Fishing - Purse Seiner
700050116,VESSEL_GUL_004,GA,fishing,0.7552598162071844,purse_seiner,0.9999999941158713,0.0,0.0,0.0033333333333333335,0.7552598162071844,0.0,0.021555555555555557,0.0,0.21985129490392646,0.0,0.43,0.6,0.0,0.6,Fishing,Fishing - Purse Seiner
700050116,VESSEL_GUL_004,GA,fishing,0.8971428571428568,purse_seiner,0.9999999804239103,0.0,0.0,0.0,0.8971428571428568,0.005833333333333334,0.004880952380952382,0.0,0.09214285714285712,0.0,0.002430555555555555,0.6,0.0,0.6,Fishing,Fishing - Purse Seiner
700050116,VESSEL_GUL_004,GA,fishing,1.0,purse_seiner,0.9999999807855712,0.0,0.0,0.0,1.0,0.0,0.0,0.0,0.0,0.0,0.002430555555555555,0.6,0.0,0.6,Fishing,Fishing - Purse Seiner
700050116,VESSEL_GUL_004,GA,fishing,1.0,purse_seiner,0.9999999796679666,0.0,0.0,0.0,1.0,0.0,0.0,0.0,0.0,0.0,0.002430555555555555,0.6,0.0,0.6,Fishing,Fishing - Purse Seiner
700050116,VESSEL_GUL_004,GA,transit,0.8929563492063491,purse_seiner,0.9999999795475099,0.019777777777777776,0.0,0.0,0.020194444444444442,0.0035714285714285713,0.0,0.05655555555555556,0.8929563492063491,0.006944444444444445,0.002430555555555555,0.0,0.0,0.002430555555555555,Transit,Fishing - Purse Seiner
700050116,VESSEL_GUL_004,GA,transit,0.9999893247931678,purse_seiner,0.9999999941231923,0.0,0.0,0.0,0.0,0.0,1.0675206832132371e-05,0.0,0.9999893247931678,0.0,0.002430555555555555,0.0,0.0,0.002430555555555555,Transit,Fishing - Purse Seiner
700050116,VESSEL_GUL_004,GA,transit,0.9999893247931678,purse_seiner,0.9999999941144426,0.0,0.0,0.0,0.0,0.0,1.0675206832132371e-05,0.0,0.9999893247931678,0.0,0.002430555555555555,0.0,0.0,0.002430555555555555,Transit,Fishing - Purse Seiner
700050116,VESSEL_GUL_004,GA,transit,0.9999893247931678,purse_seiner,0.999999994115369,0.0,0.0,0.0,0.0,0.0,1.0675206832132371e-05,0.0,0.9999893247931678,0.0,0.002430555555555555,0.0,0.0,0.002430555555555555,Transit,Fishing - Purse Seiner
700050116,VESSEL_GUL_004,GA,transit,0.9999893247931678,purse_seiner,0.9999999941194049,0.0,0.0,0.0,0.0,0.0,1.0675206832132371e-05,0.0,0.9999893247931678,0.0,0.002430555555555555,0.0,0.0,0.002430555555555555,Transit,Fishing - Purse Seiner
700050116,VESSEL_GUL_004,GA,transit,0.9845448803487232,purse_seiner,0.9999999941154034,0.0,0.0,0.0,0.015444444444444443,0.0,1.0675206832132371e-05,0.0,0.9845448803487232,0.0,0.002430555555555555,0.0,0.0,0.002430555555555555,Transit,Fishing - Purse Seiner
700050116,VESSEL_GUL_004,GA,fishing,0.7793471177944863,purse_seiner,0.9999999934771293,0.0,0.0,0.0,0.7793471177944863,0.0030555555555555553,0.017031746031746033,0.002,0.19745446950710105,0.0011111111111111111,0.002430555555555555,0.6,0.0,0.6,Fishing,Fishing - Purse Seiner
700050116,VESSEL_GUL_004,GA,fishing,0.9852777777777779,purse_seiner,0.9999999807646928,0.0,0.0,0.0,0.9852777777777779,0.002666666666666667,0.0,0.0,0.012055555555555555,0.0,0.002430555555555555,0.6,0.0,0.6,Fishing,Fishing - Purse Seiner
700050116,VESSEL_GUL_004,GA,fishing,1.0,purse_seiner,0.9999999807855725,0.0,0.0,0.0,1.0,0.0,0.0,0.0,0.0,0.0,0.002430555555555555,0.6,0.0,0.6,Fishing,Fishing - Purse Seiner
700050116,VESSEL_GUL_004,GA,fishing,1.0,purse_seiner,0.9999999778535777,0.0,0.0,0.0,1.0,0.0,0.0,0.0,0.0,0.0,0.002430555555555555,0.6,0.0,0.6,Fishing,Fishing - Purse Seiner
700050116,VESSEL_GUL_004,GA,fishing,1.0,purse_seiner,0.9999999807855712,0.0,0.0,0.0,1.0,0.0,0.0,0.0,0.0,0.0,0.002430555555555555,0.6,0.0,0.6,Fishing,Fishing - Purse Seiner
700050116,VESSEL_GUL_004,GA,fishing,1.0,purse_seiner,0.9999999796679666,0.0,0.0,0.0,1.0,0.0,0.0,0.0,0.0,0.0,0.002430555555555555,0.6,0.0,0.6,Fishing,Fishing - Purse Seiner
700050116,VESSEL_GUL_004,GA,fishing,1.0,purse_seiner,0.9999999807855712,0.0,0.0,0.0,1.0,0.0,0.0,0.0,0.0,0.0,0.002430555555555555,0.6,0.0,0.6,Fishing,Fishing - Purse Seiner
700050116,VESSEL_GUL_004,GA,fishing,1.0,purse_seiner,0.9999999807855712,0.0,0.0,0.0,1.0,0.0,0.0,0.0,0.0,0.0,0.002430555555555555,0.6,0.0,0.6,Fishing,Fishing - Purse Seiner
700050116,VESSEL_GUL_004,GA,fishing,0.9919444444444445,purse_seiner,0.999999980854071,0.0,0.0,0.0,0.9919444444444445,0.0013888888888888887,0.0016666666666666668,0.0016666666666666668,0.0033333333333333335,0.0,0.002430555555555555,0.6,0.0,0.6,Fishing,Fishing - Purse Seiner
700050116,VESSEL_GUL_004,GA,fishing,1.0,purse_seiner,0.9999999807855712,0.0,0.0,0.0,1.0,0.0,0.0,0.0,0.0,0.0,0.002430555555555555,0.6,0.0,0.6,Fishing,Fishing - Purse Seiner
700050116,VESSEL_GUL_004,GA,fishing,0.9961111111111113,purse_seiner,0.9999999807855712,0.0,0.0,0.0,0.9961111111111113,0.0016666666666666668,0.0,0.0,0.0022222222222222222,0.0,0.002430555555555555,0.6,0.0,0.6,Fishing,Fishing - Purse Seiner
700050116,VESSEL_GUL_004,GA,fishing,0.9268055555555557,purse_seiner,0.9999999791303709,0.0033333333333333335,0.005833333333333334,0.01111111111111111,0.9268055555555557,0.00625,0.0,0.011944444444444445,0.030555555555555555,0.004166666666666667,0.002430555555555555,0.6,0.0,0.6,Fishing,Fishing - Purse Seiner
700050116,VESSEL_GUL_004,GA,fishing,1.0,purse_seiner,0.9999999807855712,0.0,0.0,0.0,1.0,0.0,0.0,0.0,0.0,0.0,0.002430555555555555,0.6,0.0,0.6,Fishing,Fishing - Purse Seiner
700050116,VESSEL_GUL_004,GA,fishing,1.0,purse_seiner,0.9999999807855712,0.0,0.0,0.0,1.0,0.0,0.0,0.0,0.0,0.0,0.002430555555555555,0.6,0.0,0.6,Fishing,Fishing - Purse Seiner
700050116,VESSEL_GUL_004,GA,fishing,0.9954999999999999,purse_seiner,0.9999999778526139,0.0,0.0,0.003666666666666667,0.9954999999999999,0.0,0.0008333333333333334,0.0,0.0,0.0,0.002430555555555555,0.6,0.0,0.6,Fishing,Fishing - Purse Seiner
700050116,VESSEL_GUL_004,GA,fishing,1.0,purse_seiner,0.9999999796679666,0.0,0.0,0.0,1.0,0.0,0.0,0.0,0.0,0.0,0.002430555555555555,0.6,0.0,0.6,Fishing,Fishing - Purse Seiner
700050116,VESSEL_GUL_004,GA,transit,0.9017896825396825,purse_seiner,0.9999999791238954,0.010055555555555555,0.0016666666666666668,0.0,0.03347222222222222,0.0035714285714285713,0.0,0.04555555555555555,0.9017896825396825,0.0038888888888888883,0.002430555555555555,0.0,0.0,0.002430555555555555,Transit,Fishing - Purse Seiner
700050116,VESSEL_GUL_004,GA,transit,0.9999893247931678,purse_seiner,0.9999999645985985,0.0,0.0,0.0,0.0,0.0,1.0675206832132371e-05,0.0,0.9999893247931678,0.0,0.002430555555555555,0.0,0.0,0.002430555555555555,Transit,Fishing - Purse Seiner
700050116,VESSEL_GUL_004,GA,transit,0.9999893247931678,purse_seiner,0.9999999941152811,0.0,0.0,0.0,0.0,0.0,1.0675206832132371e-05,0.0,0.9999893247931678,0.0,0.002430555555555555,0.0,0.0,0.002430555555555555,Transit,Fishing - Purse Seiner
700050116,VESSEL_GUL_004,GA,transit,0.9999893247931678,purse_seiner,0.9999999941144426,0.0,0.0,0.0,0.0,0.0,1.0675206832132371e-05,0.0,0.9999893247931678,0.0,0.002430555555555555,0.0,0.0,0.002430555555555555,Transit,Fishing - Purse Seiner
700050116,VESSEL_GUL_004,GA,transit,0.9999893247931678,purse_seiner,0.9999999941145647,0.0,0.0,0.0,0.0,0.0,1.0675206832132371e-05,0.0,0.9999893247931678,0.0,0.002430555555555555,0.0,0.0,0.002430555555555555,Transit,Fishing - Purse Seiner
700050116,VESSEL_GUL_004,GA,transit,0.9999893247931678,purse_seiner,0.9999999941197022,0.0,0.0,0.0,0.0,0.0,1.0675206832132371e-05,0.0,0.9999893247931678,0.0,0.002430555555555555,0.0,0.0,0.002430555555555555,Transit,Fishing - Purse Seiner
700050116,VESSEL_GUL_004,GA,transit,0.9999893247931678,purse_seiner,0.999999994119322,0.0,0.0,0.0,0.0,0.0,1.0675206832132371e-05,0.0,0.9999893247931678,0.0,0.002430555555555555,0.0,0.0,0.002430555555555555,Transit,Fishing - Purse Seiner
700050116,VESSEL_GUL_004,GA,transit,0.9999893247931678,purse_seiner,0.9999999941144426,0.0,0.0,0.0,0.0,0.0,1.0675206832132371e-05,0.0,0.9999893247931678,0.0,0.002430555555555555,0.0,0.0,0.002430555555555555,Transit,Fishing - Purse Seiner
700050116,VESSEL_GUL_004,GA,transit,0.9999893247931678,purse_seiner,0.9999999941144426,0.0,0.0,0.0,0.0,0.0,1.0675206832132371e-05,0.0,0.9999893247931678,0.0,0.002430555555555555,0.0,0.0,0.002430555555555555,Transit,Fishing - Purse Seiner
700050116,VESSEL_GUL_004,GA,transit,0.9999893247931678,purse_seiner,0.9999999941144426,0.0,0.0,0.0,0.0,0.0,1.0675206832132371e-05,0.0,0.9999893247931678,0.0,0.002430555555555555,0.0,0.0,0.002430555555555555,Transit,Fishing - Purse Seiner
700050116,VESSEL_GUL_004,GA,transit,0.9999893247931678,purse_seiner,0.9999999941144426,0.0,0.0,0.0,0.0,0.0,1.0675206832132371e-05,0.0,0.9999893247931678,0.0,0.002430555555555555,0.0,0.0,0.002430555555555555,Transit,Fishing - Purse Seiner
700050116,VESSEL_GUL_004,GA,transit,0.9983226581265012,purse_seiner,0.9999999941144426,0.0,0.0,0.0,0.0016666666666666668,0.0,1.0675206832132371e-05,0.0,0.9983226581265012,0.0,0.002430555555555555,0.0,0.0,0.002430555555555555,Transit,Fishing - Purse Seiner
700050116,VESSEL_GUL_004,GA,transit,0.9999893247931678,purse_seiner,0.9999999941144426,0.0,0.0,0.0,0.0,0.0,1.0675206832132371e-05,0.0,0.9999893247931678,0.0,0.002430555555555555,0.0,0.0,0.002430555555555555,Transit,Fishing - Purse Seiner
700050116,VESSEL_GUL_004,GA,transit,0.9999893247931678,purse_seiner,0.9999999941144426,0.0,0.0,0.0,0.0,0.0,1.0675206832132371e-05,0.0,0.9999893247931678,0.0,0.002430555555555555,0.0,0.0,0.002430555555555555,Transit,Fishing - Purse Seiner
700050116,VESSEL_GUL_004,GA,transit,0.9999893247931678,purse_seiner,0.9999999941144426,0.0,0.0,0.0,0.0,0.0,1.0675206832132371e-05,0.0,0.9999893247931678,0.0,0.002430555555555555,0.0,0.0,0.002430555555555555,Transit,Fishing - Purse Seiner
700050116,VESSEL_GUL_004,GA,transit,0.9999893247931678,purse_seiner,0.9999999941144426,0.0,0.0,0.0,0.0,0.0,1.0675206832132371e-05,0.0,0.9999893247931678,0.0,0.002430555555555555,0.0,0.0,0.002430555555555555,Transit,Fishing - Purse Seiner
700050116,VESSEL_GUL_004,GA,transit,0.9999893247931678,purse_seiner,0.9999999941144426,0.0,0.0,0.0,0.0,0.0,1.0675206832132371e-05,0.0,0.9999893247931678,0.0,0.002430555555555555,0.0,0.0,0.002430555555555555,Transit,Fishing - Purse Seiner
700050116,VESSEL_GUL_004,GA,transit,0.9999893247931678,purse_seiner,0.9999999941145647,0.0,0.0,0.0,0.0,0.0,1.0675206832132371e-05,0.0,0.9999893247931678,0.0,0.002430555555555555,0.0,0.0,0.002430555555555555,Transit,Fishing - Purse Seiner
700050116,VESSEL_GUL_004,GA,transit,0.9999893247931678,purse_seiner,0.9999999941154032,0.0,0.0,0.0,0.0,0.0,1.0675206832132371e-05,0.0,0.9999893247931678,0.0,0.002430555555555555,0.0,0.0,0.002430555555555555,Transit,Fishing - Purse Seiner
700050116,VESSEL_GUL_004,GA,transit,0.9999893247931678,purse_seiner,0.9999999941197022,0.0,0.0,0.0,0.0,0.0,1.0675206832132371e-05,0.0,0.9999893247931678,0.0,0.002430555555555555,0.0,0.0,0.002430555555555555,Transit,Fishing - Purse Seiner
700050116,VESSEL_GUL_004,GA,transit,0.9999893247931678,purse_seiner,0.9999999941211404,0.0,0.0,0.0,0.0,0.0,1.0675206832132371e-05,0.0,0.9999893247931678,0.0,0.002430555555555555,0.0,0.0,0.002430555555555555,Transit,Fishing - Purse Seiner
700050116,VESSEL_GUL_004,GA,transit,0.9983226581265012,purse_seiner,0.9999999939586504,0.0,0.0,0.0016666666666666668,0.0,0.0,1.0675206832132371e-05,0.0,0.9983226581265012,0.0,0.002430555555555555,0.0,0.0,0.002430555555555555,Transit,Fishing - Purse Seiner
700050116,VESSEL_GUL_004,GA,transit,0.9999893247931678,purse_seiner,0.9999999941144426,0.0,0.0,0.0,0.0,0.0,1.0675206832132371e-05,0.0,0.9999893247931678,0.0,0.002430555555555555,0.0,0.0,0.002430555555555555,Transit,Fishing - Purse Seiner
700050116,VESSEL_GUL_004,GA,transit,0.9999893247931678,purse_seiner,0.9999999941144426,0.0,0.0,0.0,0.0,0.0,1.0675206832132371e-05,0.0,0.9999893247931678,0.0,0.002430555555555555,0.0,0.0,0.002430555555555555,Transit,Fishing - Purse Seiner
700050116,VESSEL_GUL_004,GA,transit,0.9999893247931678,purse_seiner,0.9999999941331177,0.0,0.0,0.0,0.0,0.0,1.0675206832132371e-05,0.0,0.9999893247931678,0.0,0.002430555555555555,0.0,0.0,0.002430555555555555,Transit,Fishing - Purse Seiner
700050116,VESSEL_GUL_004,GA,transit,0.9999893247931678,purse_seiner,0.9999999941144426,0.0,0.0,0.0,0.0,0.0,1.0675206832132371e-05,0.0,0.9999893247931678,0.0,0.002430555555555555,0.0,0.0,0.002430555555555555,Transit,Fishing - Purse Seiner
700050116,VESSEL_GUL_004,GA,transit,0.9999893247931678,purse_seiner,0.9999999941875835,0.0,0.0,0.0,0.0,0.0,1.0675206832132371e-05,0.0,0.9999893247931678,0.0,0.002430555555555555,0.0,0.0,0.002430555555555555,Transit,Fishing - Purse Seiner
700050116,VESSEL_GUL_004,GA,transit,0.9988782136820566,purse_seiner,0.9999999941331177,0.0,0.0,0.0,0.0,0.0,1.0675206832132371e-05,0.0011111111111111111,0.9988782136820566,0.0,0.002430555555555555,0.0,0.0,0.002430555555555555,Transit,Fishing - Purse Seiner
700050116,VESSEL_GUL_004,GA,transit,0.9999893247931678,purse_seiner,0.9999999941144426,0.0,0.0,0.0,0.0,0.0,1.0675206832132371e-05,0.0,0.9999893247931678,0.0,0.002430555555555555,0.0,0.0,0.002430555555555555,Transit,Fishing - Purse Seiner
700050116,VESSEL_GUL_004,GA,transit,0.9991559914598346,purse_seiner,0.9999999941144426,0.0,0.0,0.0,0.0,0.0,1.0675206832132371e-05,0.0008333333333333334,0.9991559914598346,0.0,0.002430555555555555,0.0,0.0,0.002430555555555555,Transit,Fishing - Purse Seiner
700050116,VESSEL_GUL_004,GA,transit,0.9999893247931678,purse_seiner,0.9999999941144426,0.0,0.0,0.0,0.0,0.0,1.0675206832132371e-05,0.0,0.9999893247931678,0.0,0.002430555555555555,0.0,0.0,0.002430555555555555,Transit,Fishing - Purse Seiner
700050116,VESSEL_GUL_004,GA,transit,0.9999893247931678,purse_seiner,0.9999999941144426,0.0,0.0,0.0,0.0,0.0,1.0675206832132371e-05,0.0,0.9999893247931678,0.0,0.002430555555555555,0.0,0.0,0.002430555555555555,Transit,Fishing - Purse Seiner
700050116,VESSEL_GUL_004,GA,transit,0.9999893247931678,purse_seiner,0.9999999941144426,0.0,0.0,0.0,0.0,0.0,1.0675206832132371e-05,0.0,0.9999893247931678,0.0,0.002430555555555555,0.0,0.0,0.002430555555555555,Transit,Fishing - Purse Seiner
700050116,VESSEL_GUL_004,GA,transit,0.9999893247931678,purse_seiner,0.9999999941154032,0.0,0.0,0.0,0.0,0.0,1.0675206832132371e-05,0.0,0.9999893247931678,0.0,0.002430555555555555,0.0,0.0,0.002430555555555555,Transit,Fishing - Purse Seiner
700050116,VESSEL_GUL_004,GA,transit,0.9999893247931678,purse_seiner,0.9999999941331177,0.0,0.0,0.0,0.0,0.0,1.0675206832132371e-05,0.0,0.9999893247931678,0.0,0.002430555555555555,0.0,0.0,0.002430555555555555,Transit,Fishing - Purse Seiner
700050116,VESSEL_GUL_004,GA,transit,0.9999893247931678,purse_seiner,0.9999999941144426,0.0,0.0,0.0,0.0,0.0,1.0675206832132371e-05,0.0,0.9999893247931678,0.0,0.002430555555555555,0.0,0.0,0.002430555555555555,Transit,Fishing - Purse Seiner
700050116,VESSEL_GUL_004,GA,transit,0.9999893247931678,purse_seiner,0.9999999941144426,0.0,0.0,0.0,0.0,0.0,1.0675206832132371e-05,0.0,0.9999893247931678,0.0,0.002430555555555555,0.0,0.0,0.002430555555555555,Transit,Fishing - Purse Seiner
700050117,VESSEL_GUL_005,GH,transit,0.9999893247931678,trawler,0.9999999918141252,0.0,0.0,0.0,0.0,0.0,1.0675206832132371e-05,0.0,0.9999893247931678,0.0,0.002430555555555555,0.0,0.0,0.002430555555555555,Transit,Fishing - Trawler
700050117,VESSEL_GUL_005,GH,transit,0.9999893247931678,trawler,0.9999999918141252,0.0,0.0,0.0,0.0,0.0,1.0675206832132371e-05,0.0,0.9999893247931678,0.0,0.002430555555555555,0.0,0.0,0.002430555555555555,Transit,Fishing - Trawler
700050117,VESSEL_GUL_005,GH,transit,0.9999893247931678,trawler,0.9999999918141252,0.0,0.0,0.0,0.0,0.0,1.0675206832132371e-05,0.0,0.9999893247931678,0.0,0.002430555555555555,0.0,0.0,0.002430555555555555,Transit,Fishing - Trawler
700050117,VESSEL_GUL_005,GH,transit,0.9977671025709458,trawler,0.9999999918141252,0.0022222222222222222,0.0,0.0,0.0,0.0,1.0675206832132371e-05,0.0,0.9977671025709458,0.0,0.002430555555555555,0.0,0.0,0.002430555555555555,Transit,Fishing - Trawler
700050117,VESSEL_GUL_005,GH,transit,0.9999893247931678,trawler,0.9999999918141252,0.0,0.0,0.0,0.0,0.0,1.0675206832132371e-05,0.0,0.9999893247931678,0.0,0.002430555555555555,0.0,0.0,0.002430555555555555,Transit,Fishing - Trawler
700050117,VESSEL_GUL_005,GH,transit,0.9977671025709458,trawler,0.9999999918141252,0.0022222222222222222,0.0,0.0,0.0,0.0,1.0675206832132371e-05,0.0,0.9977671025709458,0.0,0.002430555555555555,0.0,0.0,0.002430555555555555,Transit,Fishing - Trawler
700050117,VESSEL_GUL_005,GH,transit,0.9999893247931678,trawler,0.9999999918141252,0.0,0.0,0.0,0.0,0.0,1.0675206832132371e-05,0.0,0.9999893247931678,0.0,0.002430555555555555,0.0,0.0,0.002430555555555555,Transit,Fishing - Trawler
700050117,VESSEL_GUL_005,GH,transit,0.9999893247931678,trawler,0.9999999918141259,0.0,0.0,0.0,0.0,0.0,1.0675206832132371e-05,0.0,0.9999893247931678,0.0,0.002430555555555555,0.0,0.0,0.002430555555555555,Transit,Fishing - Trawler
700050117,VESSEL_GUL_005,GH,transit,0.9999893247931678,trawler,0.9999999918141252,0.0,0.0,0.0,0.0,0.0,1.0675206832132371e-05,0.0,0.9999893247931678,0.0,0.002430555555555555,0.0,0.0,0.002430555555555555,Transit,Fishing - Trawler
700050117,VESSEL_GUL_005,GH,transit,0.9983226581265012,trawler,0.9999999918141252,0.0,0.0,0.0,0.0016666666666666668,0.0,1.0675206832132371e-05,0.0,0.9983226581265012,0.0,0.002430555555555555,0.0,0.0,0.002430555555555555,Transit,Fishing - Trawler
700050117,VESSEL_GUL_005,GH,transit,0.9999893247931678,trawler,0.9999999918141252,0.0,0.0,0.0,0.0,0.0,1.0675206832132371e-05,0.0,0.9999893247931678,0.0,0.002430555555555555,0.0,0.0,0.002430555555555555,Transit,Fishing - Trawler
700050117,VESSEL_GUL_005,GH,transit,0.9983226581265012,trawler,0.9999999918141252,0.0,0.0,0.0,0.0,0.0,0.0016773418734987993,0.0,0.9983226581265012,0.0,0.002430555555555555,0.0,0.0,0.002430555555555555,Transit,Fishing - Trawler
700050117,VESSEL_GUL_005,GH,transit,0.9999893247931678,trawler,0.9999999918141252,0.0,0.0,0.0,0.0,0.0,1.0675206832132371e-05,0.0,0.9999893247931678,0.0,0.002430555555555555,0.0,0.0,0.002430555555555555,Transit,Fishing - Trawler
700050117,VESSEL_GUL_005,GH,transit,0.8678253036291468,trawler,0.9999999920678359,0.0,0.0,0.0,0.07198148148148148,0.0008333333333333334,0.05802654822270514,0.0,0.8678253036291468,0.0013333333333333335,0.002430555555555555,0.0,0.0,0.002430555555555555,Transit,Fishing - Trawler
700050117,VESSEL_GUL_005,GH,fishing,0.9675,trawler,0.9999999914721655,0.0,0.0,0.0,0.9675,0.0014285714285714286,0.015793650793650794,0.0,0.014166666666666666,0.0011111111111111111,0.002430555555555555,0.6,0.0,0.6,Fishing,Fishing - Trawler
700050117,VESSEL_GUL_005,GH,fishing,1.0,trawler,0.999999991477042,0.0,0.0,0.0,1.0,0.0,0.0,0.0,0.0,0.0,0.002430555555555555,0.6,0.0,0.6,Fishing,Fishing - Trawler
700050117,VESSEL_GUL_005,GH,fishing,1.0,trawler,0.9999999914769545,0.0,0.0,0.0,1.0,0.0,0.0,0.0,0.0,0.0,0.002430555555555555,0.6,0.0,0.6,Fishing,Fishing - Trawler
700050117,VESSEL_GUL_005,GH,fishing,0.9977777777777779,trawler,0.9999999914939809,0.0,0.0,0.0,0.9977777777777779,0.0,0.0022222222222222222,0.0,0.0,0.0,0.002430555555555555,0.6,0.0,0.6,Fishing,Fishing - Trawler
700050117,VESSEL_GUL_005,GH,fishing,1.0,trawler,0.9999999914769545,0.0,0.0,0.0,1.0,0.0,0.0,0.0,0.0,0.0,0.002430555555555555,0.6,0.0,0.6,Fishing,Fishing - Trawler
700050117,VESSEL_GUL_005,GH,fishing,1.0,trawler,0.9999999914769556,0.0,0.0,0.0,1.0,0.0,0.0,0.0,0.0,0.0,0.002430555555555555,0.6,0.0,0.6,Fishing,Fishing - Trawler
700050117,VESSEL_GUL_005,GH,fishing,1.0,trawler,0.9999999914769545,0.0,0.0,0.0,1.0,0.0,0.0,0.0,0.0,0.0,0.002430555555555555,0.6,0.0,0.6,Fishing,Fishing - Trawler
700050117,VESSEL_GUL_005,GH,fishing,1.0,trawler,0.9999999914769545,0.0,0.0,0.0,1.0,0.0,0.0,0.0,0.0,0.0,0.002430555555555555,0.6,0.0,0.6,Fishing,Fishing - Trawler
700050117,VESSEL_GUL_005,GH,fishing,1.0,trawler,0.9999999914769574,0.0,0.0,0.0,1.0,0.0,0.0,0.0,0.0,0.0,0.002430555555555555,0.6,0.0,0.6,Fishing,Fishing - Trawler
700050117,VESSEL_GUL_005,GH,fishing,0.9977777777777779,trawler,0.9999999902747757,0.0,0.0,0.0,0.9977777777777779,0.0022222222222222222,0.0,0.0,0.0,0.0,0.002430555555555555,0.6,0.0,0.6,Fishing,Fishing - Trawler
700050117,VESSEL_GUL_005,GH,fishing,0.9966666666666667,trawler,0.9999999902716145,0.0,0.0,0.0,0.9966666666666667,0.0033333333333333335,0.0,0.0,0.0,0.0,0.002430555555555555,0.6,0.0,0.6,Fishing,Fishing - Trawler
700050117,VESSEL_GUL_005,GH,fishing,1.0,trawler,0.9999999902747757,0.0,0.0,0.0,1.0,0.0,0.0,0.0,0.0,0.0,0.002430555555555555,0.6,0.0,0.6,Fishing,Fishing - Trawler
700050117,VESSEL_GUL_005,GH,fishing,1.0,trawler,0.9999999914769574,0.0,0.0,0.0,1.0,0.0,0.0,0.0,0.0,0.0,0.002430555555555555,0.6,0.0,0.6,Fishing,Fishing - Trawler
700050117,VESSEL_GUL_005,GH,fishing,1.0,trawler,0.9999999914769572,0.0,0.0,0.0,1.0,0.0,0.0,0.0,0.0,0.0,0.002430555555555555,0.6,0.0,0.6,Fishing,Fishing - Trawler
700050117,VESSEL_GUL_005,GH,fishing,1.0,trawler,0.9999999914769574,0.0,0.0,0.0,1.0,0.0,0.0,0.0,0.0,0.0,0.002430555555555555,0.6,0.0,0.6,Fishing,Fishing - Trawler
700050117,VESSEL_GUL_005,GH,fishing,1.0,trawler,0.9999999914769572,0.0,0.0,0.0,1.0,0.0,0.0,0.0,0.0,0.0,0.002430555555555555,0.6,0.0,0.6,Fishing,Fishing - Trawler
700050117,VESSEL_GUL_005,GH,fishing,1.0,trawler,0.9999999914769556,0.0,0.0,0.0,1.0,0.0,0.0,0.0,0.0,0.0,0.002430555555555555,0.6,0.0,0.6,Fishing,Fishing - Trawler
700050117,VESSEL_GUL_005,GH,fishing,1.0,trawler,0.9999999914769556,0.0,0.0,0.0,1.0,0.0,0.0,0.0,0.0,0.0,0.002430555555555555,0.6,0.0,0.6,Fishing,Fishing - Trawler
700050117,VESSEL_GUL_005,GH,fishing,0.9952777777777779,trawler,0.9999999914769556,0.0,0.0,0.0,0.9952777777777779,0.0,0.004722222222222221,0.0,0.0,0.0,0.002430555555555555,0.6,0.0,0.6,Fishing,Fishing - Trawler
700050117,VESSEL_GUL_005,GH,fishing,0.9977777777777779,trawler,0.9999999914769545,0.0,0.0,0.0,0.9977777777777779,0.0,0.0022222222222222222,0.0,0.0,0.0,0.002430555555555555,0.6,0.0,0.6,Fishing,Fishing - Trawler
700050117,VESSEL_GUL_005,GH,fishing,1.0,trawler,0.9999999914769545,0.0,0.0,0.0,1.0,0.0,0.0,0.0,0.0,0.0,0.002430555555555555,0.6,0.0,0.6,Fishing,Fishing - Trawler
700050117,VESSEL_GUL_005,GH,fishing,1.0,trawler,0.9999999914769545,0.0,0.0,0.0,1.0,0.0,0.0,0.0,0.0,0.0,0.002430555555555555,0.6,0.0,0.6,Fishing,Fishing - Trawler
700050117,VESSEL_GUL_005,GH,fishing,1.0,trawler,0.9999999914769545,0.0,0.0,0.0,1.0,0.0,0.0,0.0,0.0,0.0,0.002430555555555555,0.6,0.0,0.6,Fishing,Fishing - Trawler
700050117,VESSEL_GUL_005,GH,fishing,0.9977777777777779,trawler,0.9999999914769545,0.0,0.0,0.0,0.9977777777777779,0.0,0.0022222222222222222,0.0,0.0,0.0,0.002430555555555555,0.6,0.0,0.6,Fishing,Fishing - Trawler
700050117,VESSEL_GUL_005,GH,fishing,1.0,trawler,0.9999999914769545,0.0,0.0,0.0,1.0,0.0,0.0,0.0,0.0,0.0,0.002430555555555555,0.6,0.0,0.6,Fishing,Fishing - Trawler
700050117,VESSEL_GUL_005,GH,fishing,1.0,trawler,0.9999999914769545,0.0,0.0,0.0,1.0,0.0,0.0,0.0,0.0,0.0,0.002430555555555555,0.6,0.0,0.6,Fishing,Fishing - Trawler
700050117,VESSEL_GUL_005,GH,fishing,1.0,trawler,0.9999999914769556,0.0,0.0,0.0,1.0,0.0,0.0,0.0,0.0,0.0,0.002430555555555555,0.6,0.0,0.6,Fishing,Fishing - Trawler
700050117,VESSEL_GUL_005,GH,fishing,0.9824999999999998,trawler,0.9999999914724226,0.0,0.0,0.0,0.9824999999999998,0.0011111111111111111,0.0,0.0,0.014722222222222223,0.0016666666666666668,0.002430555555555555,0.6,0.0,0.6,Fishing,Fishing - Trawler
700050117,VESSEL_GUL_005,GH,transit,0.9983226581265012,trawler,0.9999999918277992,0.0,0.0,0.0,0.0016666666666666668,0.0,1.0675206832132371e-05,0.0,0.9983226581265012,0.0,0.002430555555555555,0.0,0.0,0.002430555555555555,Transit,Fishing - Trawler
700050117,VESSEL_GUL_005,GH,transit,0.9999893247931678,trawler,0.9999999918141252,0.0,0.0,0.0,0.0,0.0,1.0675206832132371e-05,0.0,0.9999893247931678,0.0,0.002430555555555555,0.0,0.0,0.002430555555555555,Transit,Fishing - Trawler
700050117,VESSEL_GUL_005,GH,transit,0.9661559914598347,trawler,0.9999999920678356,0.0,0.0,0.0,0.013555555555555555,0.0033333333333333335,0.01695511965127658,0.0,0.9661559914598347,0.0,0.002430555555555555,0.0,0.0,0.002430555555555555,Transit,Fishing - Trawler
700050117,VESSEL_GUL_005,GH,fishing,0.9823571428571428,trawler,0.9999999914721155,0.0,0.0,0.0,0.9823571428571428,0.0,0.0022222222222222222,0.0,0.013753968253968253,0.0016666666666666668,0.002430555555555555,0.6,0.0,0.6,Fishing,Fishing - Trawler
700050117,VESSEL_GUL_005,GH,fishing,0.9983333333333333,trawler,0.9999999914769545,0.0,0.0,0.0,0.9983333333333333,0.0,0.0,0.0,0.0016666666666666668,0.0,0.002430555555555555,0.6,0.0,0.6,Fishing,Fishing - Trawler
700050117,VESSEL_GUL_005,GH,fishing,1.0,trawler,0.9999999914769545,0.0,0.0,0.0,1.0,0.0,0.0,0.0,0.0,0.0,0.002430555555555555,0.6,0.0,0.6,Fishing,Fishing - Trawler
700050117,VESSEL_GUL_005,GH,fishing,0.9983333333333333,trawler,0.9999999914769545,0.0,0.0,0.0,0.9983333333333333,0.0,0.0,0.0,0.0016666666666666668,0.0,0.002430555555555555,0.6,0.0,0.6,Fishing,Fishing - Trawler
700050117,VESSEL_GUL_005,GH,fishing,1.0,trawler,0.9999999914769561,0.0,0.0,0.0,1.0,0.0,0.0,0.0,0.0,0.0,0.002430555555555555,0.6,0.0,0.6,Fishing,Fishing - Trawler
700050117,VESSEL_GUL_005,GH,fishing,0.9966666666666667,trawler,0.9999999902716145,0.0,0.0,0.0,0.9966666666666667,0.0033333333333333335,0.0,0.0,0.0,0.0,0.002430555555555555,0.6,0.0,0.6,Fishing,Fishing - Trawler
700050117,VESSEL_GUL_005,GH,fishing,0.9986666666666667,trawler,0.9999999902749294,0.0,0.0,0.0,0.9986666666666667,0.0006666666666666668,0.0,0.0,0.0,0.0006666666666666668,0.002430555555555555,0.6,0.0,0.6,Fishing,Fishing - Trawler
700050117,VESSEL_GUL_005,GH,fishing,1.0,trawler,0.9999999914769572,0.0,0.0,0.0,1.0,0.0,0.0,0.0,0.0,0.0,0.002430555555555555,0.6,0.0,0.6,Fishing,Fishing - Trawler
700050117,VESSEL_GUL_005,GH,fishing,1.0,trawler,0.9999999914769556,0.0,0.0,0.0,1.0,0.0,0.0,0.0,0.0,0.0,0.002430555555555555,0.6,0.0,0.6,Fishing,Fishing - Trawler
700050117,VESSEL_GUL_005,GH,fishing,1.0,trawler,0.9999999914769572,0.0,0.0,0.0,1.0,0.0,0.0,0.0,0.0,0.0,0.002430555555555555,0.6,0.0,0.6,Fishing,Fishing - Trawler
700050117,VESSEL_GUL_005,GH,fishing,1.0,trawler,0.9999999914769561,0.0,0.0,0.0,1.0,0.0,0.0,0.0,0.0,0.0,0.002430555555555555,0.6,0.0,0.6,Fishing,Fishing - Trawler
700050117,VESSEL_GUL_005,GH,fishing,0.9911111111111113,trawler,0.99999999133678,0.0022222222222222222,0.0027777777777777775,0.0,0.9911111111111113,0.0005555555555555556,0.0,0.0033333333333333335,0.0,0.0,0.002430555555555555,0.6,0.0,0.6,Fishing,Fishing - Trawler
700050117,VESSEL_GUL_005,GH,fishing,0.9657777777777778,trawler,0.9999999913408236,0.0022222222222222222,0.003611111111111111,0.0,0.9657777777777778,0.006444444444444444,0.0008333333333333334,0.005,0.01611111111111111,0.0,0.002430555555555555,0.6,0.0,0.6,Fishing,Fishing - Trawler
700050117,VESSEL_GUL_005,GH,transit,0.958968253968254,trawler,0.9999999912271703,0.0015,0.006555555555555556,0.0,0.012222222222222221,0.0021666666666666666,0.0,0.014087301587301588,0.958968253968254,0.0045000000000000005,0.002430555555555555,0.0,0.0,0.002430555555555555,Transit,Fishing - Trawler
700050117,VESSEL_GUL_005,GH,transit,0.9999893247931678,trawler,0.9999999918141252,0.0,0.0,0.0,0.0,0.0,1.0675206832132371e-05,0.0,0.9999893247931678,0.0,0.002430555555555555,0.0,0.0,0.002430555555555555,Transit,Fishing - Trawler
700050117,VESSEL_GUL_005,GH,transit,0.9999893247931678,trawler,0.9999999918141252,0.0,0.0,0.0,0.0,0.0,1.0675206832132371e-05,0.0,0.9999893247931678,0.0,0.002430555555555555,0.0,0.0,0.002430555555555555,Transit,Fishing - Trawler
700050117,VESSEL_GUL_005,GH,transit,0.9999893247931678,trawler,0.9999999918141252,0.0,0.0,0.0,0.0,0.0,1.0675206832132371e-05,0.0,0.9999893247931678,0.0,0.002430555555555555,0.0,0.0,0.002430555555555555,Transit,Fishing - Trawler
700050117,VESSEL_GUL_005,GH,transit,0.9999893247931678,trawler,0.9999999918141259,0.0,0.0,0.0,0.0,0.0,1.0675206832132371e-05,0.0,0.9999893247931678,0.0,0.002430555555555555,0.0,0.0,0.002430555555555555,Transit,Fishing - Trawler
700050117,VESSEL_GUL_005,GH,transit,0.9999893247931678,trawler,0.9999999918141252,0.0,0.0,0.0,0.0,0.0,1.0675206832132371e-05,0.0,0.9999893247931678,0.0,0.002430555555555555,0.0,0.0,0.002430555555555555,Transit,Fishing - Trawler
700050117,VESSEL_GUL_005,GH,transit,0.9999893247931678,trawler,0.9999999918141252,0.0,0.0,0.0,0.0,0.0,1.0675206832132371e-05,0.0,0.9999893247931678,0.0,0.002430555555555555,0.0,0.0,0.002430555555555555,Transit,Fishing - Trawler
700050117,VESSEL_GUL_005,GH,transit,0.9999893247931678,trawler,0.9999999918141252,0.0,0.0,0.0,0.0,0.0,1.0675206832132371e-05,0.0,0.9999893247931678,0.0,0.002430555555555555,0.0,0.0,0.002430555555555555,Transit,Fishing - Trawler
700050117,VESSEL_GUL_005,GH,transit,0.9999893247931678,trawler,0.9999999918141252,0.0,0.0,0.0,0.0,0.0,1.0675206832132371e-05,0.0,0.9999893247931678,0.0,0.002430555555555555,0.0,0.0,0.002430555555555555,Transit,Fishing - Trawler
700050117,VESSEL_GUL_005,GH,transit,0.9999893247931678,trawler,0.9999999918141252,0.0,0.0,0.0,0.0,0.0,1.0675206832132371e-05,0.0,0.9999893247931678,0.0,0.002430555555555555,0.0,0.0,0.002430555555555555,Transit,Fishing - Trawler
700050117,VESSEL_GUL_005,GH,transit,0.9999893247931678,trawler,0.9999999918141252,0.0,0.0,0.0,0.0,0.0,1.0675206832132371e-05,0.0,0.9999893247931678,0.0,0.002430555555555555,0.0,0.0,0.002430555555555555,Transit,Fishing - Trawler
700050117,VESSEL_GUL_005,GH,transit,0.9999893247931678,trawler,0.9999999916074725,0.0,0.0,0.0,0.0,0.0,1.0675206832132371e-05,0.0,0.9999893247931678,0.0,0.002430555555555555,0.0,0.0,0.002430555555555555,Transit,Fishing - Trawler
700050117,VESSEL_GUL_005,GH,transit,0.9999893247931678,trawler,0.9999999917019075,0.0,0.0,0.0,0.0,0.0,1.0675206832132371e-05,0.0,0.9999893247931678,0.0,0.002430555555555555,0.0,0.0,0.002430555555555555,Transit,Fishing - Trawler
700050117,VESSEL_GUL_005,GH,transit,0.9999893247931678,trawler,0.9999999918141259,0.0,0.0,0.0,0.0,0.0,1.0675206832132371e-05,0.0,0.9999893247931678,0.0,0.002430555555555555,0.0,0.0,0.002430555555555555,Transit,Fishing - Trawler
700050117,VESSEL_GUL_005,GH,transit,0.9999893247931678,trawler,0.9999999918141259,0.0,0.0,0.0,0.0,0.0,1.0675206832132371e-05,0.0,0.9999893247931678,0.0,0.002430555555555555,0.0,0.0,0.002430555555555555,Transit,Fishing - Trawler
700050117,VESSEL_GUL_005,GH,transit,0.9999893247931678,trawler,0.9999999918141252,0.0,0.0,0.0,0.0,0.0,1.0675206832132371e-05,0.0,0.9999893247931678,0.0,0.002430555555555555,0.0,0.0,0.002430555555555555,Transit,Fishing - Trawler
700050117,VESSEL_GUL_005,GH,transit,0.9999893247931678,trawler,0.9999999918141252,0.0,0.0,0.0,0.0,0.0,1.0675206832132371e-05,0.0,0.9999893247931678,0.0,0.002430555555555555,0.0,0.0,0.002430555555555555,Transit,Fishing - Trawler
700050117,VESSEL_GUL_005,GH,transit,0.9999893247931678,trawler,0.9999999918141252,0.0,0.0,0.0,0.0,0.0,1.0675206832132371e-05,0.0,0.9999893247931678,0.0,0.002430555555555555,0.0,0.0,0.002430555555555555,Transit,Fishing - Trawler
700050117,VESSEL_GUL_005,GH,transit,0.9999893247931678,trawler,0.9999999918141252,0.0,0.0,0.0,0.0,0.0,1.0675206832132371e-05,0.0,0.9999893247931678,0.0,0.002430555555555555,0.0,0.0,0.002430555555555555,Transit,Fishing - Trawler
700050117,VESSEL_GUL_005,GH,transit,0.9999893247931678,trawler,0.9999999918141252,0.0,0.0,0.0,0.0,0.0,1.0675206832132371e-05,0.0,0.9999893247931678,0.0,0.002430555555555555,0.0,0.0,0.002430555555555555,Transit,Fishing - Trawler
700050117,VESSEL_GUL_005,GH,transit,0.9983226581265012,trawler,0.9999999918141252,0.0,0.0,0.0,0.0,0.0,1.0675206832132371e-05,0.0016666666666666668,0.9983226581265012,0.0,0.002430555555555555,0.0,0.0,0.002430555555555555,Transit,Fishing - Trawler
700050117,VESSEL_GUL_005,GH,transit,0.9999893247931678,trawler,0.9999999918141252,0.0,0.0,0.0,0.0,0.0,1.0675206832132371e-05,0.0,0.9999893247931678,0.0,0.002430555555555555,0.0,0.0,0.002430555555555555,Transit,Fishing - Trawler
700050117,VESSEL_GUL_005,GH,transit,0.9999893247931678,trawler,0.9999999918141252,0.0,0.0,0.0,0.0,0.0,1.0675206832132371e-05,0.0,0.9999893247931678,0.0,0.002430555555555555,0.0,0.0,0.002430555555555555,Transit,Fishing - Trawler
700050117,VESSEL_GUL_005,GH,transit,0.9966559914598345,trawler,0.9999999918141252,0.0,0.0,0.0,0.0,0.0,1.0675206832132371e-05,0.0033333333333333335,0.9966559914598345,0.0,0.002430555555555555,0.0,0.0,0.002430555555555555,Transit,Fishing - Trawler
700050117,VESSEL_GUL_005,GH,transit,0.9983226581265012,trawler,0.9999999918141252,0.0,0.0,0.0,0.0,0.0,0.0016773418734987993,0.0,0.9983226581265012,0.0,0.002430555555555555,0.0,0.0,0.002430555555555555,Transit,Fishing - Trawler
700050117,VESSEL_GUL_005,GH,transit,0.9999893247931678,trawler,0.9999999918141252,0.0,0.0,0.0,0.0,0.0,1.0675206832132371e-05,0.0,0.9999893247931678,0.0,0.002430555555555555,0.0,0.0,0.002430555555555555,Transit,Fishing - Trawler
700050117,VESSEL_GUL_005,GH,transit,0.9999893247931678,trawler,0.9999999918141252,0.0,0.0,0.0,0.0,0.0,1.0675206832132371e-05,0.0,0.9999893247931678,0.0,0.002430555555555555,0.0,0.0,0.002430555555555555,Transit,Fishing - Trawler
700050118,VESSEL_GUL_006,LR,transit,0.9999893247931678,trawler,0.9999999905101492,0.0,0.0,0.0,0.0,0.0,1.0675206832132371e-05,0.0,0.9999893247931678,0.0,0.002430555555555555,0.0,0.0,0.002430555555555555,Transit,Fishing - Trawler
700050118,VESSEL_GUL_006,LR,transit,0.9999893247931678,trawler,0.9999999905101492,0.0,0.0,0.0,0.0,0.0,1.0675206832132371e-05,0.0,0.9999893247931678,0.0,0.002430555555555555,0.0,0.0,0.002430555555555555,Transit,Fishing - Trawler
700050118,VESSEL_GUL_006,LR,transit,0.9977671025709458,trawler,0.9999999905382707,0.0,0.0,0.0,0.0022222222222222222,0.0,1.0675206832132371e-05,0.0,0.9977671025709458,0.0,0.002430555555555555,0.0,0.0,0.002430555555555555,Transit,Fishing - Trawler
700050118,VESSEL_GUL_006,LR,transit,0.9999893247931678,trawler,0.9999999905101492,0.0,0.0,0.0,0.0,0.0,1.0675206832132371e-05,0.0,0.9999893247931678,0.0,0.002430555555555555,0.0,0.0,0.002430555555555555,Transit,Fishing - Trawler
700050118,VESSEL_GUL_006,LR,transit,0.9999893247931678,trawler,0.9999999905101492,0.0,0.0,0.0,0.0,0.0,1.0675206832132371e-05,0.0,0.9999893247931678,0.0,0.002430555555555555,0.0,0.0,0.002430555555555555,Transit,Fishing - Trawler
700050118,VESSEL_GUL_006,LR,transit,0.9988782136820566,trawler,0.9999999905101492,0.0,0.0,0.0,0.0011111111111111111,0.0,1.0675206832132371e-05,0.0,0.9988782136820566,0.0,0.002430555555555555,0.0,0.0,0.002430555555555555,Transit,Fishing - Trawler
700050118,VESSEL_GUL_006,LR,transit,0.9999893247931678,trawler,0.9999999902492601,0.0,0.0,0.0,0.0,0.0,1.0675206832132371e-05,0.0,0.9999893247931678,0.0,0.002430555555555555,0.0,0.0,0.002430555555555555,Transit,Fishing - Trawler
700050118,VESSEL_GUL_006,LR,transit,0.9974893247931679,trawler,0.9999999902492601,0.0,0.0,0.0,0.0025,0.0,1.0675206832132371e-05,0.0,0.9974893247931679,0.0,0.002430555555555555,0.0,0.0,0.002430555555555555,Transit,Fishing - Trawler
700050118,VESSEL_GUL_006,LR,transit,0.9952671025709456,trawler,0.9999999905114462,0.0,0.0,0.0,0.004722222222222221,0.0,1.0675206832132371e-05,0.0,0.9952671025709456,0.0,0.002430555555555555,0.0,0.0,0.002430555555555555,Transit,Fishing - Trawler
700050118,VESSEL_GUL_006,LR,fishing,0.8277756892230576,trawler,0.9999999906204339,0.0,0.0,0.0,0.8277756892230576,0.004166666666666667,0.0,0.0008333333333333334,0.1644465329991646,0.0027777777777777775,0.002430555555555555,0.6,0.0,0.6,Fishing,Fishing - Trawler
700050118,VESSEL_GUL_006,LR,fishing,0.9905555555555554,trawler,0.999999990923674,0.0,0.0,0.0,0.9905555555555554,0.0,0.0033333333333333335,0.0,0.006111111111111111,0.0,0.002430555555555555,0.6,0.0,0.6,Fishing,Fishing - Trawler
700050118,VESSEL_GUL_006,LR,fishing,0.9958333333333333,trawler,0.9999999911031462,0.0,0.0,0.0,0.9958333333333333,0.0033333333333333335,0.0008333333333333334,0.0,0.0,0.0,0.002430555555555555,0.6,0.0,0.6,Fishing,Fishing - Trawler
700050118,VESSEL_GUL_006,LR,fishing,1.0,trawler,0.99999999110279,0.0,0.0,0.0,1.0,0.0,0.0,0.0,0.0,0.0,0.002430555555555555,0.6,0.0,0.6,Fishing,Fishing - Trawler
700050118,VESSEL_GUL_006,LR,fishing,1.0,trawler,0.9999999911027894,0.0,0.0,0.0,1.0,0.0,0.0,0.0,0.0,0.0,0.002430555555555555,0.6,0.0,0.6,Fishing,Fishing - Trawler
700050118,VESSEL_GUL_006,LR,fishing,1.0,trawler,0.9999999898255182,0.0,0.0,0.0,1.0,0.0,0.0,0.0,0.0,0.0,0.002430555555555555,0.6,0.0,0.6,Fishing,Fishing - Trawler
700050118,VESSEL_GUL_006,LR,fishing,1.0,trawler,0.9999999898289736,0.0,0.0,0.0,1.0,0.0,0.0,0.0,0.0,0.0,0.002430555555555555,0.6,0.0,0.6,Fishing,Fishing - Trawler
700050118,VESSEL_GUL_006,LR,fishing,1.0,trawler,0.99999999110279,0.0,0.0,0.0,1.0,0.0,0.0,0.0,0.0,0.0,0.002430555555555555,0.6,0.0,0.6,Fishing,Fishing - Trawler
700050118,VESSEL_GUL_006,LR,fishing,1.0,trawler,0.99999999110279,0.0,0.0,0.0,1.0,0.0,0.0,0.0,0.0,0.0,0.002430555555555555,0.6,0.0,0.6,Fishing,Fishing - Trawler
700050118,VESSEL_GUL_006,LR,fishing,1.0,trawler,0.99999999110279,0.0,0.0,0.0,1.0,0.0,0.0,0.0,0.0,0.0,0.002430555555555555,0.6,0.0,0.6,Fishing,Fishing - Trawler
700050118,VESSEL_GUL_006,LR,fishing,1.0,trawler,0.99999999110279,0.0,0.0,0.0,1.0,0.0,0.0,0.0,0.0,0.0,0.002430555555555555,0.6,0.0,0.6,Fishing,Fishing - Trawler
700050118,VESSEL_GUL_006,LR,fishing,1.0,trawler,0.99999999110279,0.0,0.0,0.0,1.0,0.0,0.0,0.0,0.0,0.0,0.002430555555555555,0.6,0.0,0.6,Fishing,Fishing - Trawler
700050118,VESSEL_GUL_006,LR,fishing,1.0,trawler,0.99999999110279,0.0,0.0,0.0,1.0,0.0,0.0,0.0,0.0,0.0,0.002430555555555555,0.6,0.0,0.6,Fishing,Fishing - Trawler
700050118,VESSEL_GUL_006,LR,fishing,1.0,trawler,0.99999999110279,0.0,0.0,0.0,1.0,0.0,0.0,0.0,0.0,0.0,0.002430555555555555,0.6,0.0,0.6,Fishing,Fishing - Trawler
700050118,VESSEL_GUL_006,LR,fishing,1.0,trawler,0.99999999110279,0.0,0.0,0.0,1.0,0.0,0.0,0.0,0.0,0.0,0.002430555555555555,0.6,0.0,0.6,Fishing,Fishing - Trawler
700050118,VESSEL_GUL_006,LR,fishing,1.0,trawler,0.99999999110279,0.0,0.0,0.0,1.0,0.0,0.0,0.0,0.0,0.0,0.002430555555555555,0.6,0.0,0.6,Fishing,Fishing - Trawler
700050118,VESSEL_GUL_006,LR,fishing,1.0,trawler,0.9999999911031462,0.0,0.0,0.0,1.0,0.0,0.0,0.0,0.0,0.0,0.002430555555555555,0.6,0.0,0.6,Fishing,Fishing - Trawler
700050118,VESSEL_GUL_006,LR,fishing,1.0,trawler,0.9999999898289736,0.0,0.0,0.0,1.0,0.0,0.0,0.0,0.0,0.0,0.002430555555555555,0.6,0.0,0.6,Fishing,Fishing - Trawler
700050118,VESSEL_GUL_006,LR,fishing,0.995,trawler,0.9999999907702836,0.0,0.0,0.0,0.995,0.005,0.0,0.0,0.0,0.0,0.002430555555555555,0.6,0.0,0.6,Fishing,Fishing - Trawler
700050118,VESSEL_GUL_006,LR,fishing,1.0,trawler,0.9999999898289736,0.0,0.0,0.0,1.0,0.0,0.0,0.0,0.0,0.0,0.002430555555555555,0.6,0.0,0.6,Fishing,Fishing - Trawler
700050118,VESSEL_GUL_006,LR,fishing,1.0,trawler,0.9999999907793823,0.0,0.0,0.0,1.0,0.0,0.0,0.0,0.0,0.0,0.002430555555555555,0.6,0.0,0.6,Fishing,Fishing - Trawler
700050118,VESSEL_GUL_006,LR,transit,0.9416031746031748,trawler,0.9999999907698639,0.0016666666666666668,0.0061111111111111106,0.0,0.031222222222222217,0.008730158730158729,0.007777777777777777,0.0,0.9416031746031748,0.002888888888888889,0.002430555555555555,0.0,0.0,0.002430555555555555,Transit,Fishing - Trawler
700050118,VESSEL_GUL_006,LR,transit,0.9983226581265012,trawler,0.9999999905101492,0.0016666666666666668,0.0,0.0,0.0,0.0,1.0675206832132371e-05,0.0,0.9983226581265012,0.0,0.002430555555555555,0.0,0.0,0.002430555555555555,Transit,Fishing - Trawler
700050118,VESSEL_GUL_006,LR,transit,0.9379146937711683,trawler,0.9999999907710647,0.0,0.0,0.0,0.038265107212475634,0.0033333333333333335,0.02048686568302261,0.0,0.9379146937711683,0.0,0.002430555555555555,0.0,0.0,0.002430555555555555,Transit,Fishing - Trawler
700050118,VESSEL_GUL_006,LR,fishing,0.9786111111111111,trawler,0.9999999907702187,0.0,0.0,0.0,0.9786111111111111,0.0,0.011666666666666665,0.0,0.00861111111111111,0.0011111111111111111,0.002430555555555555,0.6,0.0,0.6,Fishing,Fishing - Trawler
700050118,VESSEL_GUL_006,LR,fishing,0.9983333333333333,trawler,0.9999999909240317,0.0,0.0,0.0,0.9983333333333333,0.0,0.0016666666666666668,0.0,0.0,0.0,0.002430555555555555,0.6,0.0,0.6,Fishing,Fishing - Trawler
700050118,VESSEL_GUL_006,LR,fishing,1.0,trawler,0.99999999110279,0.0,0.0,0.0,1.0,0.0,0.0,0.0,0.0,0.0,0.002430555555555555,0.6,0.0,0.6,Fishing,Fishing - Trawler
700050118,VESSEL_GUL_006,LR,fishing,1.0,trawler,0.99999999110279,0.0,0.0,0.0,1.0,0.0,0.0,0.0,0.0,0.0,0.002430555555555555,0.6,0.0,0.6,Fishing,Fishing - Trawler
700050118,VESSEL_GUL_006,LR,fishing,1.0,trawler,0.99999999110279,0.0,0.0,0.0,1.0,0.0,0.0,0.0,0.0,0.0,0.002430555555555555,0.6,0.0,0.6,Fishing,Fishing - Trawler
700050118,VESSEL_GUL_006,LR,fishing,1.0,trawler,0.99999999110279,0.0,0.0,0.0,1.0,0.0,0.0,0.0,0.0,0.0,0.002430555555555555,0.6,0.0,0.6,Fishing,Fishing - Trawler
700050118,VESSEL_GUL_006,LR,fishing,1.0,trawler,0.99999999110279,0.0,0.0,0.0,1.0,0.0,0.0,0.0,0.0,0.0,0.002430555555555555,0.6,0.0,0.6,Fishing,Fishing - Trawler
700050118,VESSEL_GUL_006,LR,fishing,0.9802777777777777,trawler,0.9999999907702294,0.0,0.0,0.0,0.9802777777777777,0.0011111111111111111,0.0022222222222222222,0.0,0.01638888888888889,0.0,0.002430555555555555,0.6,0.0,0.6,Fishing,Fishing - Trawler
700050118,VESSEL_GUL_006,LR,transit,0.984,trawler,0.9999999905104592,0.0,0.005555555555555555,0.0,0.0027777777777777775,0.0,0.0,0.007666666666666666,0.984,0.0,0.002430555555555555,0.0,0.0,0.002430555555555555,Transit,Fishing - Trawler
700050118,VESSEL_GUL_006,LR,transit,0.9999893247931678,trawler,0.9999999905101492,0.0,0.0,0.0,0.0,0.0,1.0675206832132371e-05,0.0,0.9999893247931678,0.0,0.002430555555555555,0.0,0.0,0.002430555555555555,Transit,Fishing - Trawler
700050118,VESSEL_GUL_006,LR,transit,0.9983226581265012,trawler,0.9999999905101492,0.0,0.0,0.0,0.0,0.0,1.0675206832132371e-05,0.0016666666666666668,0.9983226581265012,0.0,0.002430555555555555,0.0,0.0,0.002430555555555555,Transit,Fishing - Trawler
700050118,VESSEL_GUL_006,LR,transit,0.9999893247931678,trawler,0.9999999905101492,0.0,0.0,0.0,0.0,0.0,1.0675206832132371e-05,0.0,0.9999893247931678,0.0,0.002430555555555555,0.0,0.0,0.002430555555555555,Transit,Fishing - Trawler
700050118,VESSEL_GUL_006,LR,transit,0.9750448803487236,trawler,0.9999999903941675,0.004722222222222221,0.0011111111111111111,0.0022222222222222222,0.0033333333333333335,0.0,1.0675206832132371e-05,0.013555555555555555,0.9750448803487236,0.0,0.002430555555555555,0.0,0.0,0.002430555555555555,Transit,Fishing - Trawler
700050118,VESSEL_GUL_006,LR,transit,0.9872115470153902,trawler,0.9999999904708804,0.0,0.0011111111111111111,0.0,0.0,0.0,0.0016773418734987993,0.01,0.9872115470153902,0.0,0.002430555555555555,0.0,0.0,0.002430555555555555,Transit,Fishing - Trawler
700050118,VESSEL_GUL_006,LR,transit,0.9999893247931678,trawler,0.9999999902492597,0.0,0.0,0.0,0.0,0.0,1.0675206832132371e-05,0.0,0.9999893247931678,0.0,0.002430555555555555,0.0,0.0,0.002430555555555555,Transit,Fishing - Trawler
700050118,VESSEL_GUL_006,LR,transit,0.9999893247931678,trawler,0.9999999905101492,0.0,0.0,0.0,0.0,0.0,1.0675206832132371e-05,0.0,0.9999893247931678,0.0,0.002430555555555555,0.0,0.0,0.002430555555555555,Transit,Fishing - Trawler
700050118,VESSEL_GUL_006,LR,transit,0.9999893247931678,trawler,0.9999999905101492,0.0,0.0,0.0,0.0,0.0,1.0675206832132371e-05,0.0,0.9999893247931678,0.0,0.002430555555555555,0.0,0.0,0.002430555555555555,Transit,Fishing - Trawler
700050118,VESSEL_GUL_006,LR,transit,0.9949893247931679,trawler,0.9999999903593965,0.0,0.0,0.0,0.0033333333333333335,0.0,0.0016773418734987993,0.0,0.9949893247931679,0.0,0.002430555555555555,0.0,0.0,0.002430555555555555,Transit,Fishing - Trawler
700050118,VESSEL_GUL_006,LR,transit,0.9999893247931678,trawler,0.9999999902492597,0.0,0.0,0.0,0.0,0.0,1.0675206832132371e-05,0.0,0.9999893247931678,0.0,0.002430555555555555,0.0,0.0,0.002430555555555555,Transit,Fishing - Trawler
700050118,VESSEL_GUL_006,LR,transit,0.9999893247931678,trawler,0.9999999905101492,0.0,0.0,0.0,0.0,0.0,1.0675206832132371e-05,0.0,0.9999893247931678,0.0,0.002430555555555555,0.0,0.0,0.002430555555555555,Transit,Fishing - Trawler
700050118,VESSEL_GUL_006,LR,transit,0.9999893247931678,trawler,0.9999999902492597,0.0,0.0,0.0,0.0,0.0,1.0675206832132371e-05,0.0,0.9999893247931678,0.0,0.002430555555555555,0.0,0.0,0.002430555555555555,Transit,Fishing - Trawler
700050118,VESSEL_GUL_006,LR,transit,0.9999893247931678,trawler,0.9999999905101492,0.0,0.0,0.0,0.0,0.0,1.0675206832132371e-05,0.0,0.9999893247931678,0.0,0.002430555555555555,0.0,0.0,0.002430555555555555,Transit,Fishing - Trawler
700050118,VESSEL_GUL_006,LR,transit,0.9999893247931678,trawler,0.9999999905101492,0.0,0.0,0.0,0.0,0.0,1.0675206832132371e-05,0.0,0.9999893247931678,0.0,0.002430555555555555,0.0,0.0,0.002430555555555555,Transit,Fishing - Trawler
700050118,VESSEL_GUL_006,LR,transit,0.9999893247931678,trawler,0.9999999905101492,0.0,0.0,0.0,0.0,0.0,1.0675206832132371e-05,0.0,0.9999893247931678,0.0,0.002430555555555555,0.0,0.0,0.002430555555555555,Transit,Fishing - Trawler
700050118,VESSEL_GUL_006,LR,transit,0.9999893247931678,trawler,0.9999999905101492,0.0,0.0,0.0,0.0,0.0,1.0675206832132371e-05,0.0,0.9999893247931678,0.0,0.002430555555555555,0.0,0.0,0.002430555555555555,Transit,Fishing - Trawler
700050118,VESSEL_GUL_006,LR,transit,0.9999893247931678,trawler,0.9999999905101492,0.0,0.0,0.0,0.0,0.0,1.0675206832132371e-05,0.0,0.9999893247931678,0.0,0.002430555555555555,0.0,0.0,0.002430555555555555,Transit,Fishing - Trawler
700050118,VESSEL_GUL_006,LR,transit,0.9999893247931678,trawler,0.9999999905101492,0.0,0.0,0.0,0.0,0.0,1.0675206832132371e-05,0.0,0.9999893247931678,0.0,0.002430555555555555,0.0,0.0,0.002430555555555555,Transit,Fishing - Trawler
700050118,VESSEL_GUL_006,LR,transit,0.9999893247931678,trawler,0.9999999902831281,0.0,0.0,0.0,0.0,0.0,1.0675206832132371e-05,0.0,0.9999893247931678,0.0,0.002430555555555555,0.0,0.0,0.002430555555555555,Transit,Fishing - Trawler
700050118,VESSEL_GUL_006,LR,transit,0.9972115470153902,trawler,0.9999999905101492,0.0011111111111111111,0.0,0.0,0.0,0.0,1.0675206832132371e-05,0.0016666666666666668,0.9972115470153902,0.0,0.002430555555555555,0.0,0.0,0.002430555555555555,Transit,Fishing - Trawler
700050118,VESSEL_GUL_006,LR,transit,0.9966559914598345,trawler,0.9999999905101492,0.0,0.0,0.0,0.0,0.0,1.0675206832132371e-05,0.0033333333333333335,0.9966559914598345,0.0,0.002430555555555555,0.0,0.0,0.002430555555555555,Transit,Fishing - Trawler
700050118,VESSEL_GUL_006,LR,transit,0.9999893247931678,trawler,0.9999999905101492,0.0,0.0,0.0,0.0,0.0,1.0675206832132371e-05,0.0,0.9999893247931678,0.0,0.002430555555555555,0.0,0.0,0.002430555555555555,Transit,Fishing - Trawler
700050118,VESSEL_GUL_006,LR,transit,0.9999893247931678,trawler,0.9999999903941675,0.0,0.0,0.0,0.0,0.0,1.0675206832132371e-05,0.0,0.9999893247931678,0.0,0.002430555555555555,0.0,0.0,0.002430555555555555,Transit,Fishing - Trawler
700050118,VESSEL_GUL_006,LR,transit,0.9983226581265012,trawler,0.9999999905101492,0.0,0.0,0.0,0.0016666666666666668,0.0,1.0675206832132371e-05,0.0,0.9983226581265012,0.0,0.002430555555555555,0.0,0.0,0.002430555555555555,Transit,Fishing - Trawler
700050118,VESSEL_GUL_006,LR,transit,0.9908226581265012,trawler,0.9999999905088784,0.0,0.0,0.0,0.0016666666666666668,0.0,0.007510675206832132,0.0,0.9908226581265012,0.0,0.002430555555555555,0.0,0.0,0.002430555555555555,Transit,Fishing - Trawler
700050118,VESSEL_GUL_006,LR,transit,0.9999893247931678,trawler,0.9999999902492603,0.0,0.0,0.0,0.0,0.0,1.0675206832132371e-05,0.0,0.9999893247931678,0.0,0.002430555555555555,0.0,0.0,0.002430555555555555,Transit,Fishing - Trawler
700050118,VESSEL_GUL_006,LR,transit,0.9999893247931678,trawler,0.9999999902492597,0.0,0.0,0.0,0.0,0.0,1.0675206832132371e-05,0.0,0.9999893247931678,0.0,0.002430555555555555,0.0,0.0,0.002430555555555555,Transit,Fishing - Trawler
700050118,VESSEL_GUL_006,LR,transit,0.9988782136820566,trawler,0.9999999905101492,0.0,0.0,0.0,0.0011111111111111111,0.0,1.0675206832132371e-05,0.0,0.9988782136820566,0.0,0.002430555555555555,0.0,0.0,0.002430555555555555,Transit,Fishing - Trawler
700050118,VESSEL_GUL_006,LR,transit,0.9999893247931678,trawler,0.9999999905101492,0.0,0.0,0.0,0.0,0.0,1.0675206832132371e-05,0.0,0.9999893247931678,0.0,0.002430555555555555,0.0,0.0,0.002430555555555555,Transit,Fishing - Trawler
700050118,VESSEL_GUL_006,LR,transit,0.9999893247931678,trawler,0.9999999902492597,0.0,0.0,0.0,0.0,0.0,1.0675206832132371e-05,0.0,0.9999893247931678,0.0,0.002430555555555555,0.0,0.0,0.002430555555555555,Transit,Fishing - Trawler
700050118,VESSEL_GUL_006,LR,transit,0.9999893247931678,trawler,0.9999999904708786,0.0,0.0,0.0,0.0,0.0,1.0675206832132371e-05,0.0,0.9999893247931678,0.0,0.002430555555555555,0.0,0.0,0.002430555555555555,Transit,Fishing - Trawler
700050118,VESSEL_GUL_006,LR,transit,0.9999893247931678,trawler,0.9999999905101492,0.0,0.0,0.0,0.0,0.0,1.0675206832132371e-05,0.0,0.9999893247931678,0.0,0.002430555555555555,0.0,0.0,0.002430555555555555,Transit,Fishing - Trawler
700050118,VESSEL_GUL_006,LR,transit,0.9999893247931678,trawler,0.9999999905101492,0.0,0.0,0.0,0.0,0.0,1.0675206832132371e-05,0.0,0.9999893247931678,0.0,0.002430555555555555,0.0,0.0,0.002430555555555555,Transit,Fishing - Trawler
700050118,VESSEL_GUL_006,LR,transit,0.9961004359042791,trawler,0.999999990620286,0.0,0.0,0.0,0.0038888888888888883,0.0,1.0675206832132371e-05,0.0,0.9961004359042791,0.0,0.002430555555555555,0.0,0.0,0.002430555555555555,Transit,Fishing - Trawler
700050118,VESSEL_GUL_006,LR,transit,0.9999893247931678,trawler,0.9999999905101492,0.0,0.0,0.0,0.0,0.0,1.0675206832132371e-05,0.0,0.9999893247931678,0.0,0.002430555555555555,0.0,0.0,0.002430555555555555,Transit,Fishing - Trawler
700050118,VESSEL_GUL_006,LR,transit,0.9999893247931678,trawler,0.9999999905101492,0.0,0.0,0.0,0.0,0.0,1.0675206832132371e-05,0.0,0.9999893247931678,0.0,0.002430555555555555,0.0,0.0,0.002430555555555555,Transit,Fishing - Trawler
700050118,VESSEL_GUL_006,LR,transit,0.9999893247931678,trawler,0.9999999905101492,0.0,0.0,0.0,0.0,0.0,1.0675206832132371e-05,0.0,0.9999893247931678,0.0,0.002430555555555555,0.0,0.0,0.002430555555555555,Transit,Fishing - Trawler
700050118,VESSEL_GUL_006,LR,transit,0.9999893247931678,trawler,0.9999999905101494,0.0,0.0,0.0,0.0,0.0,1.0675206832132371e-05,0.0,0.9999893247931678,0.0,0.002430555555555555,0.0,0.0,0.002430555555555555,Transit,Fishing - Trawler
700050118,VESSEL_GUL_006,LR,transit,0.9999893247931678,trawler,0.9999999903941675,0.0,0.0,0.0,0.0,0.0,1.0675206832132371e-05,0.0,0.9999893247931678,0.0,0.002430555555555555,0.0,0.0,0.002430555555555555,Transit,Fishing - Trawler
700050118,VESSEL_GUL_006,LR,transit,0.9999893247931678,trawler,0.9999999903941675,0.0,0.0,0.0,0.0,0.0,1.0675206832132371e-05,0.0,0.9999893247931678,0.0,0.002430555555555555,0.0,0.0,0.002430555555555555,Transit,Fishing - Trawler
700050118,VESSEL_GUL_006,LR,transit,0.9999893247931678,trawler,0.9999999905101492,0.0,0.0,0.0,0.0,0.0,1.0675206832132371e-05,0.0,0.9999893247931678,0.0,0.002430555555555555,0.0,0.0,0.002430555555555555,Transit,Fishing - Trawler
700050118,VESSEL_GUL_006,LR,transit,0.9999893247931678,trawler,0.9999999902492597,0.0,0.0,0.0,0.0,0.0,1.0675206832132371e-05,0.0,0.9999893247931678,0.0,0.002430555555555555,0.0,0.0,0.002430555555555555,Transit,Fishing - Trawler
700050118,VESSEL_GUL_006,LR,transit,0.9999893247931678,trawler,0.9999999902492597,0.0,0.0,0.0,0.0,0.0,1.0675206832132371e-05,0.0,0.9999893247931678,0.0,0.002430555555555555,0.0,0.0,0.002430555555555555,Transit,Fishing - Trawler
700050119,VESSEL_GUL_007,GH,transit,0.9999893247931678,trawler,0.9999999921091952,0.0,0.0,0.0,0.0,0.0,1.0675206832132371e-05,0.0,0.9999893247931678,0.0,0.002430555555555555,0.0,0.0,0.002430555555555555,Transit,Fishing - Trawler
700050119,VESSEL_GUL_007,GH,transit,0.9999893247931678,trawler,0.999999992118015,0.0,0.0,0.0,0.0,0.0,1.0675206832132371e-05,0.0,0.9999893247931678,0.0,0.002430555555555555,0.0,0.0,0.002430555555555555,Transit,Fishing - Trawler
700050119,VESSEL_GUL_007,GH,transit,0.9991559914598346,trawler,0.999999992118015,0.0,0.0,0.0,0.0,0.0,1.0675206832132371e-05,0.0008333333333333334,0.9991559914598346,0.0,0.002430555555555555,0.0,0.0,0.002430555555555555,Transit,Fishing - Trawler
700050119,VESSEL_GUL_007,GH,transit,0.9999893247931678,trawler,0.999999992118015,0.0,0.0,0.0,0.0,0.0,1.0675206832132371e-05,0.0,0.9999893247931678,0.0,0.002430555555555555,0.0,0.0,0.002430555555555555,Transit,Fishing - Trawler
700050119,VESSEL_GUL_007,GH,transit,0.9999893247931678,trawler,0.9999999921390627,0.0,0.0,0.0,0.0,0.0,1.0675206832132371e-05,0.0,0.9999893247931678,0.0,0.002430555555555555,0.0,0.0,0.002430555555555555,Transit,Fishing - Trawler
700050119,VESSEL_GUL_007,GH,transit,0.9999893247931678,trawler,0.9999999921180144,0.0,0.0,0.0,0.0,0.0,1.0675206832132371e-05,0.0,0.9999893247931678,0.0,0.002430555555555555,0.0,0.0,0.002430555555555555,Transit,Fishing - Trawler
700050119,VESSEL_GUL_007,GH,transit,0.9999893247931678,trawler,0.9999999921390633,0.0,0.0,0.0,0.0,0.0,1.0675206832132371e-05,0.0,0.9999893247931678,0.0,0.002430555555555555,0.0,0.0,0.002430555555555555,Transit,Fishing - Trawler
700050119,VESSEL_GUL_007,GH,transit,0.9999893247931678,trawler,0.9999999921390627,0.0,0.0,0.0,0.0,0.0,1.0675206832132371e-05,0.0,0.9999893247931678,0.0,0.002430555555555555,0.0,0.0,0.002430555555555555,Transit,Fishing - Trawler
700050119,VESSEL_GUL_007,GH,transit,0.9999893247931678,trawler,0.9999999920985626,0.0,0.0,0.0,0.0,0.0,1.0675206832132371e-05,0.0,0.9999893247931678,0.0,0.002430555555555555,0.0,0.0,0.002430555555555555,Transit,Fishing - Trawler
700050119,VESSEL_GUL_007,GH,fishing,0.8432280701754387,trawler,0.9999999923488317,0.0,0.0,0.0,0.8432280701754387,0.005,0.012492063492063492,0.0,0.1359465329991646,0.0033333333333333335,0.002430555555555555,0.6,0.0,0.6,Fishing,Fishing - Trawler
700050119,VESSEL_GUL_007,GH,fishing,0.9779999999999999,trawler,0.9999999916208714,0.0,0.0,0.0,0.9779999999999999,0.002666666666666667,0.0,0.0,0.017111111111111108,0.0022222222222222222,0.002430555555555555,0.6,0.0,0.6,Fishing,Fishing - Trawler
700050119,VESSEL_GUL_007,GH,fishing,1.0,trawler,0.9999999916265608,0.0,0.0,0.0,1.0,0.0,0.0,0.0,0.0,0.0,0.002430555555555555,0.6,0.0,0.6,Fishing,Fishing - Trawler
700050119,VESSEL_GUL_007,GH,fishing,1.0,trawler,0.9999999916260062,0.0,0.0,0.0,1.0,0.0,0.0,0.0,0.0,0.0,0.002430555555555555,0.6,0.0,0.6,Fishing,Fishing - Trawler
700050119,VESSEL_GUL_007,GH,fishing,1.0,trawler,0.9999999916265608,0.0,0.0,0.0,1.0,0.0,0.0,0.0,0.0,0.0,0.002430555555555555,0.6,0.0,0.6,Fishing,Fishing - Trawler
700050119,VESSEL_GUL_007,GH,fishing,1.0,trawler,0.9999999916265608,0.0,0.0,0.0,1.0,0.0,0.0,0.0,0.0,0.0,0.002430555555555555,0.6,0.0,0.6,Fishing,Fishing - Trawler
700050119,VESSEL_GUL_007,GH,fishing,1.0,trawler,0.9999999916295915,0.0,0.0,0.0,1.0,0.0,0.0,0.0,0.0,0.0,0.002430555555555555,0.6,0.0,0.6,Fishing,Fishing - Trawler
700050119,VESSEL_GUL_007,GH,fishing,1.0,trawler,0.9999999916301078,0.0,0.0,0.0,1.0,0.0,0.0,0.0,0.0,0.0,0.002430555555555555,0.6,0.0,0.6,Fishing,Fishing - Trawler
700050119,VESSEL_GUL_007,GH,fishing,0.9455802469135801,trawler,0.9999999916264041,0.0025,0.008666666666666666,0.0008333333333333334,0.9455802469135801,0.013358024691358024,0.0,0.01728395061728395,0.011777777777777778,0.0,0.002430555555555555,0.6,0.0,0.6,Fishing,Fishing - Trawler
700050119,VESSEL_GUL_007,GH,fishing,1.0,trawler,0.9999999916265606,0.0,0.0,0.0,1.0,0.0,0.0,0.0,0.0,0.0,0.002430555555555555,0.6,0.0,0.6,Fishing,Fishing - Trawler
700050119,VESSEL_GUL_007,GH,fishing,1.0,trawler,0.9999999916265637,0.0,0.0,0.0,1.0,0.0,0.0,0.0,0.0,0.0,0.002430555555555555,0.6,0.0,0.6,Fishing,Fishing - Trawler
700050119,VESSEL_GUL_007,GH,fishing,1.0,trawler,0.9999999916265633,0.0,0.0,0.0,1.0,0.0,0.0,0.0,0.0,0.0,0.002430555555555555,0.6,0.0,0.6,Fishing,Fishing - Trawler
700050119,VESSEL_GUL_007,GH,fishing,0.9983333333333333,trawler,0.9999999916265604,0.0,0.0,0.0,0.9983333333333333,0.0,0.0016666666666666668,0.0,0.0,0.0,0.002430555555555555,0.6,0.0,0.6,Fishing,Fishing - Trawler
700050119,VESSEL_GUL_007,GH,fishing,0.9983333333333333,trawler,0.9999999916265604,0.0,0.0,0.0,0.9983333333333333,0.0,0.0016666666666666668,0.0,0.0,0.0,0.002430555555555555,0.6,0.0,0.6,Fishing,Fishing - Trawler
700050119,VESSEL_GUL_007,GH,fishing,1.0,trawler,0.9999999916260062,0.0,0.0,0.0,1.0,0.0,0.0,0.0,0.0,0.0,0.002430555555555555,0.6,0.0,0.6,Fishing,Fishing - Trawler
700050119,VESSEL_GUL_007,GH,fishing,0.9936111111111112,trawler,0.9999999916265608,0.0,0.0,0.0,0.9936111111111112,0.0005555555555555556,0.0,0.0,0.005833333333333334,0.0,0.002430555555555555,0.6,0.0,0.6,Fishing,Fishing - Trawler
700050119,VESSEL_GUL_007,GH,fishing,1.0,trawler,0.9999999916265608,0.0,0.0,0.0,1.0,0.0,0.0,0.0,0.0,0.0,0.002430555555555555,0.6,0.0,0.6,Fishing,Fishing - Trawler
700050119,VESSEL_GUL_007,GH,fishing,1.0,trawler,0.9999999916265608,0.0,0.0,0.0,1.0,0.0,0.0,0.0,0.0,0.0,0.002430555555555555,0.6,0.0,0.6,Fishing,Fishing - Trawler
700050119,VESSEL_GUL_007,GH,fishing,1.0,trawler,0.9999999916280512,0.0,0.0,0.0,1.0,0.0,0.0,0.0,0.0,0.0,0.002430555555555555,0.6,0.0,0.6,Fishing,Fishing - Trawler
700050119,VESSEL_GUL_007,GH,fishing,1.0,trawler,0.999999991628051,0.0,0.0,0.0,1.0,0.0,0.0,0.0,0.0,0.0,0.002430555555555555,0.6,0.0,0.6,Fishing,Fishing - Trawler
700050119,VESSEL_GUL_007,GH,fishing,1.0,trawler,0.9999999916265608,0.0,0.0,0.0,1.0,0.0,0.0,0.0,0.0,0.0,0.002430555555555555,0.6,0.0,0.6,Fishing,Fishing - Trawler
700050119,VESSEL_GUL_007,GH,fishing,1.0,trawler,0.9999999916269607,0.0,0.0,0.0,1.0,0.0,0.0,0.0,0.0,0.0,0.002430555555555555,0.6,0.0,0.6,Fishing,Fishing - Trawler
700050119,VESSEL_GUL_007,GH,fishing,1.0,trawler,0.9999999916265637,0.0,0.0,0.0,1.0,0.0,0.0,0.0,0.0,0.0,0.002430555555555555,0.6,0.0,0.6,Fishing,Fishing - Trawler
700050119,VESSEL_GUL_007,GH,fishing,1.0,trawler,0.9999999916301078,0.0,0.0,0.0,1.0,0.0,0.0,0.0,0.0,0.0,0.002430555555555555,0.6,0.0,0.6,Fishing,Fishing - Trawler
700050119,VESSEL_GUL_007,GH,fishing,1.0,trawler,0.9999999916265608,0.0,0.0,0.0,1.0,0.0,0.0,0.0,0.0,0.0,0.002430555555555555,0.6,0.0,0.6,Fishing,Fishing - Trawler
700050119,VESSEL_GUL_007,GH,fishing,1.0,trawler,0.9999999916260062,0.0,0.0,0.0,1.0,0.0,0.0,0.0,0.0,0.0,0.002430555555555555,0.6,0.0,0.6,Fishing,Fishing - Trawler
700050119,VESSEL_GUL_007,GH,fishing,1.0,trawler,0.9999999916265608,0.0,0.0,0.0,1.0,0.0,0.0,0.0,0.0,0.0,0.002430555555555555,0.6,0.0,0.6,Fishing,Fishing - Trawler
700050119,VESSEL_GUL_007,GH,fishing,0.4594444444444444,trawler,0.9999999916208385,0.0,0.0,0.0025,0.4594444444444444,0.06642063492063491,0.03115873015873016,0.0016666666666666668,0.39518253968253975,0.043626984126984125,0.002430555555555555,0.6,0.0,0.6,Fishing,Fishing - Trawler
700050119,VESSEL_GUL_007,GH,transit,0.9783333333333334,trawler,0.9999999921041626,0.0,0.0033333333333333335,0.0,0.0016666666666666668,0.0,0.0,0.015,0.9783333333333334,0.0016666666666666668,0.002430555555555555,0.0,0.0,0.002430555555555555,Transit,Fishing - Trawler
700050119,VESSEL_GUL_007,GH,transit,0.9902671025709457,trawler,0.9999999920830073,0.0044444444444444444,0.0027777777777777775,0.0,0.0025,0.0,1.0675206832132371e-05,0.0,0.9902671025709457,0.0,0.002430555555555555,0.0,0.0,0.002430555555555555,Transit,Fishing - Trawler
700050119,VESSEL_GUL_007,GH,transit,0.9974893247931679,trawler,0.9999999921044781,0.0,0.0,0.0,0.0025,0.0,1.0675206832132371e-05,0.0,0.9974893247931679,0.0,0.002430555555555555,0.0,0.0,0.002430555555555555,Transit,Fishing - Trawler
700050119,VESSEL_GUL_007,GH,transit,0.9999893247931678,trawler,0.9999999921303492,0.0,0.0,0.0,0.0,0.0,1.0675206832132371e-05,0.0,0.9999893247931678,0.0,0.002430555555555555,0.0,0.0,0.002430555555555555,Transit,Fishing - Trawler
700050119,VESSEL_GUL_007,GH,transit,0.6496004359042789,trawler,0.9999999920872434,0.0,0.0,0.0,0.35038888888888886,0.0,1.0675206832132371e-05,0.0,0.6496004359042789,0.0,0.002430555555555555,0.0,0.0,0.002430555555555555,Transit,Fishing - Trawler
700050119,VESSEL_GUL_007,GH,fishing,0.9727777777777779,trawler,0.9999999916208892,0.0,0.0,0.0,0.9727777777777779,0.0,0.007777777777777777,0.0,0.018333333333333333,0.0011111111111111111,0.002430555555555555,0.6,0.0,0.6,Fishing,Fishing - Trawler
700050119,VESSEL_GUL_007,GH,fishing,1.0,trawler,0.9999999916266485,0.0,0.0,0.0,1.0,0.0,0.0,0.0,0.0,0.0,0.002430555555555555,0.6,0.0,0.6,Fishing,Fishing - Trawler
700050119,VESSEL_GUL_007,GH,fishing,1.0,trawler,0.9999999916265606,0.0,0.0,0.0,1.0,0.0,0.0,0.0,0.0,0.0,0.002430555555555555,0.6,0.0,0.6,Fishing,Fishing - Trawler
700050119,VESSEL_GUL_007,GH,fishing,1.0,trawler,0.9999999904198008,0.0,0.0,0.0,1.0,0.0,0.0,0.0,0.0,0.0,0.002430555555555555,0.6,0.0,0.6,Fishing,Fishing - Trawler
700050119,VESSEL_GUL_007,GH,fishing,1.0,trawler,0.9999999904153251,0.0,0.0,0.0,1.0,0.0,0.0,0.0,0.0,0.0,0.002430555555555555,0.6,0.0,0.6,Fishing,Fishing - Trawler
700050119,VESSEL_GUL_007,GH,fishing,1.0,trawler,0.9999999904141424,0.0,0.0,0.0,1.0,0.0,0.0,0.0,0.0,0.0,0.002430555555555555,0.6,0.0,0.6,Fishing,Fishing - Trawler
700050119,VESSEL_GUL_007,GH,fishing,0.9977777777777779,trawler,0.9999999904183631,0.0,0.0,0.0,0.9977777777777779,0.0022222222222222222,0.0,0.0,0.0,0.0,0.002430555555555555,0.6,0.0,0.6,Fishing,Fishing - Trawler
700050119,VESSEL_GUL_007,GH,fishing,1.0,trawler,0.9999999916265611,0.0,0.0,0.0,1.0,0.0,0.0,0.0,0.0,0.0,0.002430555555555555,0.6,0.0,0.6,Fishing,Fishing - Trawler
700050119,VESSEL_GUL_007,GH,fishing,1.0,trawler,0.9999999916265608,0.0,0.0,0.0,1.0,0.0,0.0,0.0,0.0,0.0,0.002430555555555555,0.6,0.0,0.6,Fishing,Fishing - Trawler
700050119,VESSEL_GUL_007,GH,fishing,1.0,trawler,0.9999999916265608,0.0,0.0,0.0,1.0,0.0,0.0,0.0,0.0,0.0,0.002430555555555555,0.6,0.0,0.6,Fishing,Fishing - Trawler
700050119,VESSEL_GUL_007,GH,fishing,1.0,trawler,0.9999999916301306,0.0,0.0,0.0,1.0,0.0,0.0,0.0,0.0,0.0,0.002430555555555555,0.6,0.0,0.6,Fishing,Fishing - Trawler
700050119,VESSEL_GUL_007,GH,fishing,1.0,trawler,0.9999999916280503,0.0,0.0,0.0,1.0,0.0,0.0,0.0,0.0,0.0,0.002430555555555555,0.6,0.0,0.6,Fishing,Fishing - Trawler
700050119,VESSEL_GUL_007,GH,fishing,1.0,trawler,0.9999999916265608,0.0,0.0,0.0,1.0,0.0,0.0,0.0,0.0,0.0,0.002430555555555555,0.6,0.0,0.6,Fishing,Fishing - Trawler
700050119,VESSEL_GUL_007,GH,fishing,0.9994444444444446,trawler,0.9999999916265637,0.0,0.0,0.0,0.9994444444444446,0.0005555555555555556,0.0,0.0,0.0,0.0,0.002430555555555555,0.6,0.0,0.6,Fishing,Fishing - Trawler
700050119,VESSEL_GUL_007,GH,fishing,1.0,trawler,0.9999999904202302,0.0,0.0,0.0,1.0,0.0,0.0,0.0,0.0,0.0,0.002430555555555555,0.6,0.0,0.6,Fishing,Fishing - Trawler
700050119,VESSEL_GUL_007,GH,fishing,1.0,trawler,0.9999999916280512,0.0,0.0,0.0,1.0,0.0,0.0,0.0,0.0,0.0,0.002430555555555555,0.6,0.0,0.6,Fishing,Fishing - Trawler
700050119,VESSEL_GUL_007,GH,fishing,0.9966666666666667,trawler,0.9999999916307439,0.0,0.0,0.0,0.9966666666666667,0.0033333333333333335,0.0,0.0,0.0,0.0,0.002430555555555555,0.6,0.0,0.6,Fishing,Fishing - Trawler
700050119,VESSEL_GUL_007,GH,transit,0.8697698412698414,trawler,0.9999999913757515,0.0016666666666666668,0.0075,0.0,0.08055555555555555,0.005396825396825397,0.0019444444444444442,0.024166666666666666,0.8697698412698414,0.009000000000000001,0.002430555555555555,0.0,0.0,0.002430555555555555,Transit,Fishing - Trawler
700050119,VESSEL_GUL_007,GH,transit,0.9922115470153899,trawler,0.9999999921087016,0.0,0.0,0.0,0.0,0.0,1.0675206832132371e-05,0.007777777777777777,0.9922115470153899,0.0,0.002430555555555555,0.0,0.0,0.002430555555555555,Transit,Fishing - Trawler
700050119,VESSEL_GUL_007,GH,transit,0.9983226581265012,trawler,0.9999999921303492,0.0,0.0016666666666666668,0.0,0.0,0.0,1.0675206832132371e-05,0.0,0.9983226581265012,0.0,0.002430555555555555,0.0,0.0,0.002430555555555555,Transit,Fishing - Trawler
700050119,VESSEL_GUL_007,GH,transit,0.9866559914598345,trawler,0.9999999919079893,0.010555555555555556,0.0016666666666666668,0.0011111111111111111,0.0,0.0,1.0675206832132371e-05,0.0,0.9866559914598345,0.0,0.002430555555555555,0.0,0.0,0.002430555555555555,Transit,Fishing - Trawler
700050119,VESSEL_GUL_007,GH,transit,0.9983226581265012,trawler,0.9999999921303492,0.0016666666666666668,0.0,0.0,0.0,0.0,1.0675206832132371e-05,0.0,0.9983226581265012,0.0,0.002430555555555555,0.0,0.0,0.002430555555555555,Transit,Fishing - Trawler
700050119,VESSEL_GUL_007,GH,transit,0.9952671025709457,trawler,0.9999999921091943,0.0,0.0,0.0,0.004722222222222221,0.0,1.0675206832132371e-05,0.0,0.9952671025709457,0.0,0.002430555555555555,0.0,0.0,0.002430555555555555,Transit,Fishing - Trawler
700050119,VESSEL_GUL_007,GH,transit,0.9983226581265012,trawler,0.9999999922150055,0.0,0.0,0.0,0.0,0.0,1.0675206832132371e-05,0.0016666666666666668,0.9983226581265012,0.0,0.002430555555555555,0.0,0.0,0.002430555555555555,Transit,Fishing - Trawler
700050119,VESSEL_GUL_007,GH,transit,0.9999893247931678,trawler,0.9999999921390633,0.0,0.0,0.0,0.0,0.0,1.0675206832132371e-05,0.0,0.9999893247931678,0.0,0.002430555555555555,0.0,0.0,0.002430555555555555,Transit,Fishing - Trawler
700050119,VESSEL_GUL_007,GH,transit,0.9999893247931678,trawler,0.9999999921180144,0.0,0.0,0.0,0.0,0.0,1.0675206832132371e-05,0.0,0.9999893247931678,0.0,0.002430555555555555,0.0,0.0,0.002430555555555555,Transit,Fishing - Trawler
700050119,VESSEL_GUL_007,GH,transit,0.9961004359042791,trawler,0.9999999921074362,0.0,0.0,0.0,0.0038888888888888883,0.0,1.0675206832132371e-05,0.0,0.9961004359042791,0.0,0.002430555555555555,0.0,0.0,0.002430555555555555,Transit,Fishing - Trawler
700050119,VESSEL_GUL_007,GH,transit,0.9999893247931678,trawler,0.9999999921091943,0.0,0.0,0.0,0.0,0.0,1.0675206832132371e-05,0.0,0.9999893247931678,0.0,0.002430555555555555,0.0,0.0,0.002430555555555555,Transit,Fishing - Trawler
700050119,VESSEL_GUL_007,GH,transit,0.9999893247931678,trawler,0.9999999921091952,0.0,0.0,0.0,0.0,0.0,1.0675206832132371e-05,0.0,0.9999893247931678,0.0,0.002430555555555555,0.0,0.0,0.002430555555555555,Transit,Fishing - Trawler
700050119,VESSEL_GUL_007,GH,transit,0.9644337692376123,trawler,0.9999999921303492,0.0,0.0,0.0,0.0,0.0,0.0016773418734987993,0.03388888888888889,0.9644337692376123,0.0,0.002430555555555555,0.0,0.0,0.002430555555555555,Transit,Fishing - Trawler
700050119,VESSEL_GUL_007,GH,transit,0.9538226581265014,trawler,0.9999999921044781,0.006944444444444445,0.0011111111111111111,0.0022222222222222222,0.0033333333333333335,0.0,1.0675206832132371e-05,0.03255555555555555,0.9538226581265014,0.0,0.002430555555555555,0.0,0.0,0.002430555555555555,Transit,Fishing - Trawler
700050119,VESSEL_GUL_007,GH,transit,0.9794337692376123,trawler,0.9999999921044781,0.0016666666666666668,0.0,0.0,0.0033333333333333335,0.0,1.0675206832132371e-05,0.015555555555555553,0.9794337692376123,0.0,0.002430555555555555,0.0,0.0,0.002430555555555555,Transit,Fishing - Trawler
700050119,VESSEL_GUL_007,GH,transit,0.9999893247931678,trawler,0.9999999921044781,0.0,0.0,0.0,0.0,0.0,1.0675206832132371e-05,0.0,0.9999893247931678,0.0,0.002430555555555555,0.0,0.0,0.002430555555555555,Transit,Fishing - Trawler
700050119,VESSEL_GUL_007,GH,transit,0.9999893247931678,trawler,0.9999999921303492,0.0,0.0,0.0,0.0,0.0,1.0675206832132371e-05,0.0,0.9999893247931678,0.0,0.002430555555555555,0.0,0.0,0.002430555555555555,Transit,Fishing - Trawler
700050119,VESSEL_GUL_007,GH,transit,0.9938782136820566,trawler,0.9999999922150061,0.0033333333333333335,0.0,0.0,0.0,0.0,0.0011217863179432434,0.0016666666666666668,0.9938782136820566,0.0,0.002430555555555555,0.0,0.0,0.002430555555555555,Transit,Fishing - Trawler
700050119,VESSEL_GUL_007,GH,transit,0.9999893247931678,trawler,0.9999999921091943,0.0,0.0,0.0,0.0,0.0,1.0675206832132371e-05,0.0,0.9999893247931678,0.0,0.002430555555555555,0.0,0.0,0.002430555555555555,Transit,Fishing - Trawler
700050119,VESSEL_GUL_007,GH,transit,0.9983226581265012,trawler,0.9999999921091943,0.0,0.0,0.0,0.0,0.0,0.0016773418734987993,0.0,0.9983226581265012,0.0,0.002430555555555555,0.0,0.0,0.002430555555555555,Transit,Fishing - Trawler
700050119,VESSEL_GUL_007,GH,transit,0.9999893247931678,trawler,0.9999999921303492,0.0,0.0,0.0,0.0,0.0,1.0675206832132371e-05,0.0,0.9999893247931678,0.0,0.002430555555555555,0.0,0.0,0.002430555555555555,Transit,Fishing - Trawler
700050119,VESSEL_GUL_007,GH,transit,0.9966559914598345,trawler,0.9999999921303492,0.0033333333333333335,0.0,0.0,0.0,0.0,1.0675206832132371e-05,0.0,0.9966559914598345,0.0,0.002430555555555555,0.0,0.0,0.002430555555555555,Transit,Fishing - Trawler
700050119,VESSEL_GUL_007,GH,transit,0.9999893247931678,trawler,0.9999999921091943,0.0,0.0,0.0,0.0,0.0,1.0675206832132371e-05,0.0,0.9999893247931678,0.0,0.002430555555555555,0.0,0.0,0.002430555555555555,Transit,Fishing - Trawler
700050119,VESSEL_GUL_007,GH,transit,0.9999893247931678,trawler,0.9999999921390633,0.0,0.0,0.0,0.0,0.0,1.0675206832132371e-05,0.0,0.9999893247931678,0.0,0.002430555555555555,0.0,0.0,0.002430555555555555,Transit,Fishing - Trawler
700050119,VESSEL_GUL_007,GH,transit,0.9988782136820569,trawler,0.9999999921390633,0.0011111111111111111,0.0,0.0,0.0,0.0,1.0675206832132371e-05,0.0,0.9988782136820569,0.0,0.002430555555555555,0.0,0.0,0.002430555555555555,Transit,Fishing - Trawler
700050119,VESSEL_GUL_007,GH,transit,0.9999893247931678,trawler,0.9999999921390627,0.0,0.0,0.0,0.0,0.0,1.0675206832132371e-05,0.0,0.9999893247931678,0.0,0.002430555555555555,0.0,0.0,0.002430555555555555,Transit,Fishing - Trawler
700050120,VESSEL_GUL_008,GH,transit,0.9999893247931678,trawler,0.9999999270610922,0.0,0.0,0.0,0.0,0.0,1.0675206832132371e-05,0.0,0.9999893247931678,0.0,0.002430555555555555,0.0,0.0,0.002430555555555555,Transit,Fishing - Trawler
700050120,VESSEL_GUL_008,GH,transit,0.9999893247931678,trawler,0.9999999298414386,0.0,0.0,0.0,0.0,0.0,1.0675206832132371e-05,0.0,0.9999893247931678,0.0,0.002430555555555555,0.0,0.0,0.002430555555555555,Transit,Fishing - Trawler
700050120,VESSEL_GUL_008,GH,transit,0.9999893247931678,trawler,0.9999999298414386,0.0,0.0,0.0,0.0,0.0,1.0675206832132371e-05,0.0,0.9999893247931678,0.0,0.002430555555555555,0.0,0.0,0.002430555555555555,Transit,Fishing - Trawler
700050120,VESSEL_GUL_008,GH,transit,0.9999893247931678,trawler,0.9999999298414386,0.0,0.0,0.0,0.0,0.0,1.0675206832132371e-05,0.0,0.9999893247931678,0.0,0.002430555555555555,0.0,0.0,0.002430555555555555,Transit,Fishing - Trawler
700050120,VESSEL_GUL_008,GH,transit,0.9999893247931678,trawler,0.9999999298414386,0.0,0.0,0.0,0.0,0.0,1.0675206832132371e-05,0.0,0.9999893247931678,0.0,0.002430555555555555,0.0,0.0,0.002430555555555555,Transit,Fishing - Trawler
700050120,VESSEL_GUL_008,GH,transit,0.9999893247931678,trawler,0.999999929875867,0.0,0.0,0.0,0.0,0.0,1.0675206832132371e-05,0.0,0.9999893247931678,0.0,0.002430555555555555,0.0,0.0,0.002430555555555555,Transit,Fishing - Trawler
700050120,VESSEL_GUL_008,GH,transit,0.9999893247931678,trawler,0.9999999298426663,0.0,0.0,0.0,0.0,0.0,1.0675206832132371e-05,0.0,0.9999893247931678,0.0,0.002430555555555555,0.0,0.0,0.002430555555555555,Transit,Fishing - Trawler
700050120,VESSEL_GUL_008,GH,transit,0.9999893247931678,trawler,0.9999999298421596,0.0,0.0,0.0,0.0,0.0,1.0675206832132371e-05,0.0,0.9999893247931678,0.0,0.002430555555555555,0.0,0.0,0.002430555555555555,Transit,Fishing - Trawler
700050120,VESSEL_GUL_008,GH,transit,0.9999893247931678,trawler,0.9999999298414386,0.0,0.0,0.0,0.0,0.0,1.0675206832132371e-05,0.0,0.9999893247931678,0.0,0.002430555555555555,0.0,0.0,0.002430555555555555,Transit,Fishing - Trawler
700050120,VESSEL_GUL_008,GH,transit,0.9999893247931678,trawler,0.9999999298433673,0.0,0.0,0.0,0.0,0.0,1.0675206832132371e-05,0.0,0.9999893247931678,0.0,0.002430555555555555,0.0,0.0,0.002430555555555555,Transit,Fishing - Trawler
700050120,VESSEL_GUL_008,GH,transit,0.9999893247931678,trawler,0.9999999298427451,0.0,0.0,0.0,0.0,0.0,1.0675206832132371e-05,0.0,0.9999893247931678,0.0,0.002430555555555555,0.0,0.0,0.002430555555555555,Transit,Fishing - Trawler
700050120,VESSEL_GUL_008,GH,transit,0.9999893247931678,trawler,0.9999999298415372,0.0,0.0,0.0,0.0,0.0,1.0675206832132371e-05,0.0,0.9999893247931678,0.0,0.002430555555555555,0.0,0.0,0.002430555555555555,Transit,Fishing - Trawler
700050120,VESSEL_GUL_008,GH,transit,0.9459834768399514,trawler,0.9999999622172059,0.0,0.0,0.0,0.036450292397660816,0.0022222222222222222,0.012232897429054354,0.0,0.9459834768399514,0.0031111111111111114,0.002430555555555555,0.0,0.0,0.002430555555555555,Transit,Fishing - Trawler
700050120,VESSEL_GUL_008,GH,fishing,0.9253333333333335,trawler,0.9999999542160435,0.0,0.0,0.0,0.9253333333333335,0.010753968253968254,0.003611111111111111,0.0,0.049111111111111105,0.01119047619047619,0.002430555555555555,0.6,0.0,0.6,Fishing,Fishing - Trawler
700050120,VESSEL_GUL_008,GH,fishing,0.9983333333333333,trawler,0.9999999898095154,0.0,0.0,0.0,0.9983333333333333,0.0,0.0,0.0,0.0016666666666666668,0.0,0.002430555555555555,0.6,0.0,0.6,Fishing,Fishing - Trawler
700050120,VESSEL_GUL_008,GH,fishing,0.9953333333333332,trawler,0.9999999898095774,0.0,0.0,0.0,0.9953333333333332,0.0013333333333333335,0.0,0.0,0.0033333333333333335,0.0,0.002430555555555555,0.6,0.0,0.6,Fishing,Fishing - Trawler
700050120,VESSEL_GUL_008,GH,fishing,1.0,trawler,0.9999999898095774,0.0,0.0,0.0,1.0,0.0,0.0,0.0,0.0,0.0,0.002430555555555555,0.6,0.0,0.6,Fishing,Fishing - Trawler
700050120,VESSEL_GUL_008,GH,fishing,1.0,trawler,0.9999999898046003,0.0,0.0,0.0,1.0,0.0,0.0,0.0,0.0,0.0,0.002430555555555555,0.6,0.0,0.6,Fishing,Fishing - Trawler
700050120,VESSEL_GUL_008,GH,fishing,1.0,trawler,0.9999999898095769,0.0,0.0,0.0,1.0,0.0,0.0,0.0,0.0,0.0,0.002430555555555555,0.6,0.0,0.6,Fishing,Fishing - Trawler
700050120,VESSEL_GUL_008,GH,fishing,1.0,trawler,0.9999999898095774,0.0,0.0,0.0,1.0,0.0,0.0,0.0,0.0,0.0,0.002430555555555555,0.6,0.0,0.6,Fishing,Fishing - Trawler
700050120,VESSEL_GUL_008,GH,fishing,1.0,trawler,0.9999999898096813,0.0,0.0,0.0,1.0,0.0,0.0,0.0,0.0,0.0,0.002430555555555555,0.6,0.0,0.6,Fishing,Fishing - Trawler
700050120,VESSEL_GUL_008,GH,fishing,0.995,trawler,0.9999999898144899,0.0,0.0,0.0016666666666666668,0.995,0.0033333333333333335,0.0,0.0,0.0,0.0,0.002430555555555555,0.6,0.0,0.6,Fishing,Fishing - Trawler
700050120,VESSEL_GUL_008,GH,fishing,0.995,trawler,0.999999988371496,0.0,0.0,0.0016666666666666668,0.995,0.0016666666666666668,0.0,0.0,0.0,0.0016666666666666668,0.002430555555555555,0.6,0.0,0.6,Fishing,Fishing - Trawler
700050120,VESSEL_GUL_008,GH,fishing,1.0,trawler,0.9999999898095769,0.0,0.0,0.0,1.0,0.0,0.0,0.0,0.0,0.0,0.002430555555555555,0.6,0.0,0.6,Fishing,Fishing - Trawler
700050120,VESSEL_GUL_008,GH,fishing,1.0,trawler,0.9999999898144899,0.0,0.0,0.0,1.0,0.0,0.0,0.0,0.0,0.0,0.002430555555555555,0.6,0.0,0.6,Fishing,Fishing - Trawler
700050120,VESSEL_GUL_008,GH,fishing,1.0,trawler,0.9999999883665832,0.0,0.0,0.0,1.0,0.0,0.0,0.0,0.0,0.0,0.002430555555555555,0.6,0.0,0.6,Fishing,Fishing - Trawler
700050120,VESSEL_GUL_008,GH,fishing,1.0,trawler,0.9999999898095774,0.0,0.0,0.0,1.0,0.0,0.0,0.0,0.0,0.0,0.002430555555555555,0.6,0.0,0.6,Fishing,Fishing - Trawler
700050120,VESSEL_GUL_008,GH,fishing,1.0,trawler,0.9999999898095774,0.0,0.0,0.0,1.0,0.0,0.0,0.0,0.0,0.0,0.002430555555555555,0.6,0.0,0.6,Fishing,Fishing - Trawler
700050120,VESSEL_GUL_008,GH,fishing,1.0,trawler,0.9999999883665832,0.0,0.0,0.0,1.0,0.0,0.0,0.0,0.0,0.0,0.002430555555555555,0.6,0.0,0.6,Fishing,Fishing - Trawler
700050120,VESSEL_GUL_008,GH,fishing,1.0,trawler,0.9999999883671021,0.0,0.0,0.0,1.0,0.0,0.0,0.0,0.0,0.0,0.002430555555555555,0.6,0.0,0.6,Fishing,Fishing - Trawler
700050120,VESSEL_GUL_008,GH,fishing,1.0,trawler,0.9999999898095774,0.0,0.0,0.0,1.0,0.0,0.0,0.0,0.0,0.0,0.002430555555555555,0.6,0.0,0.6,Fishing,Fishing - Trawler
700050120,VESSEL_GUL_008,GH,fishing,1.0,trawler,0.9999999898095769,0.0,0.0,0.0,1.0,0.0,0.0,0.0,0.0,0.0,0.002430555555555555,0.6,0.0,0.6,Fishing,Fishing - Trawler
700050120,VESSEL_GUL_008,GH,fishing,1.0,trawler,0.9999999898095774,0.0,0.0,0.0,1.0,0.0,0.0,0.0,0.0,0.0,0.002430555555555555,0.6,0.0,0.6,Fishing,Fishing - Trawler
700050120,VESSEL_GUL_008,GH,fishing,1.0,trawler,0.9999999883665832,0.0,0.0,0.0,1.0,0.0,0.0,0.0,0.0,0.0,0.002430555555555555,0.6,0.0,0.6,Fishing,Fishing - Trawler
700050120,VESSEL_GUL_008,GH,fishing,1.0,trawler,0.9999999898095769,0.0,0.0,0.0,1.0,0.0,0.0,0.0,0.0,0.0,0.002430555555555555,0.6,0.0,0.6,Fishing,Fishing - Trawler
700050120,VESSEL_GUL_008,GH,fishing,0.9977777777777779,trawler,0.9999999898095769,0.0,0.0,0.0,0.9977777777777779,0.0,0.0022222222222222222,0.0,0.0,0.0,0.002430555555555555,0.6,0.0,0.6,Fishing,Fishing - Trawler
700050120,VESSEL_GUL_008,GH,fishing,0.9568015873015874,trawler,0.9999999897992223,0.0,0.0,0.0,0.9568015873015874,0.0016666666666666668,0.0027777777777777775,0.0,0.036531746031746026,0.0022222222222222222,0.002430555555555555,0.6,0.0,0.6,Fishing,Fishing - Trawler
700050120,VESSEL_GUL_008,GH,transit,0.9519444444444446,trawler,0.9999999539152004,0.010555555555555556,0.0,0.0,0.03383333333333333,0.0,0.0,0.003666666666666667,0.9519444444444446,0.0,0.002430555555555555,0.0,0.0,0.002430555555555555,Transit,Fishing - Trawler
700050120,VESSEL_GUL_008,GH,transit,0.9999893247931678,trawler,0.9999999298414386,0.0,0.0,0.0,0.0,0.0,1.0675206832132371e-05,0.0,0.9999893247931678,0.0,0.002430555555555555,0.0,0.0,0.002430555555555555,Transit,Fishing - Trawler
700050120,VESSEL_GUL_008,GH,fishing,0.5808471177944863,trawler,0.9999999540386896,0.0,0.0,0.0,0.5808471177944863,0.0022222222222222222,0.015555555555555553,0.0,0.40137510442773594,0.0,0.002430555555555555,0.6,0.0,0.6,Fishing,Fishing - Trawler
700050120,VESSEL_GUL_008,GH,fishing,0.9664444444444447,trawler,0.9999999898041273,0.0,0.0,0.0,0.9664444444444447,0.0,0.0061111111111111106,0.0,0.024666666666666667,0.0027777777777777775,0.002430555555555555,0.6,0.0,0.6,Fishing,Fishing - Trawler
700050120,VESSEL_GUL_008,GH,fishing,0.9977777777777779,trawler,0.9999999898144897,0.0,0.0,0.0,0.9977777777777779,0.0,0.0022222222222222222,0.0,0.0,0.0,0.002430555555555555,0.6,0.0,0.6,Fishing,Fishing - Trawler
700050120,VESSEL_GUL_008,GH,fishing,1.0,trawler,0.9999999898095769,0.0,0.0,0.0,1.0,0.0,0.0,0.0,0.0,0.0,0.002430555555555555,0.6,0.0,0.6,Fishing,Fishing - Trawler
700050120,VESSEL_GUL_008,GH,fishing,1.0,trawler,0.9999999898095769,0.0,0.0,0.0,1.0,0.0,0.0,0.0,0.0,0.0,0.002430555555555555,0.6,0.0,0.6,Fishing,Fishing - Trawler
700050120,VESSEL_GUL_008,GH,fishing,1.0,trawler,0.9999999898095769,0.0,0.0,0.0,1.0,0.0,0.0,0.0,0.0,0.0,0.002430555555555555,0.6,0.0,0.6,Fishing,Fishing - Trawler
700050120,VESSEL_GUL_008,GH,fishing,1.0,trawler,0.9999999898096817,0.0,0.0,0.0,1.0,0.0,0.0,0.0,0.0,0.0,0.002430555555555555,0.6,0.0,0.6,Fishing,Fishing - Trawler
700050120,VESSEL_GUL_008,GH,fishing,0.9933333333333333,trawler,0.9999999891268642,0.0,0.0,0.0,0.9933333333333333,0.006666666666666667,0.0,0.0,0.0,0.0,0.002430555555555555,0.6,0.0,0.6,Fishing,Fishing - Trawler
700050120,VESSEL_GUL_008,GH,fishing,1.0,trawler,0.9999999883671021,0.0,0.0,0.0,1.0,0.0,0.0,0.0,0.0,0.0,0.002430555555555555,0.6,0.0,0.6,Fishing,Fishing - Trawler
700050120,VESSEL_GUL_008,GH,fishing,1.0,trawler,0.9999999898095769,0.0,0.0,0.0,1.0,0.0,0.0,0.0,0.0,0.0,0.002430555555555555,0.6,0.0,0.6,Fishing,Fishing - Trawler
700050120,VESSEL_GUL_008,GH,fishing,0.9936111111111112,trawler,0.9999999898144897,0.0,0.0,0.0,0.9936111111111112,0.0,0.0,0.0,0.004722222222222221,0.0016666666666666668,0.002430555555555555,0.6,0.0,0.6,Fishing,Fishing - Trawler
700050120,VESSEL_GUL_008,GH,transit,0.8923809523809524,trawler,0.9999999897992079,0.004166666666666667,0.0,0.0,0.07255555555555557,0.012920634920634921,0.0008333333333333334,0.011388888888888888,0.8923809523809524,0.005753968253968254,0.002430555555555555,0.0,0.0,0.002430555555555555,Transit,Fishing - Trawler
700050120,VESSEL_GUL_008,GH,transit,0.9999893247931678,trawler,0.9999999895905608,0.0,0.0,0.0,0.0,0.0,1.0675206832132371e-05,0.0,0.9999893247931678,0.0,0.002430555555555555,0.0,0.0,0.002430555555555555,Transit,Fishing - Trawler
700050120,VESSEL_GUL_008,GH,transit,0.9999893247931678,trawler,0.999999929842498,0.0,0.0,0.0,0.0,0.0,1.0675206832132371e-05,0.0,0.9999893247931678,0.0,0.002430555555555555,0.0,0.0,0.002430555555555555,Transit,Fishing - Trawler
700050120,VESSEL_GUL_008,GH,transit,0.9999893247931678,trawler,0.9999999298414386,0.0,0.0,0.0,0.0,0.0,1.0675206832132371e-05,0.0,0.9999893247931678,0.0,0.002430555555555555,0.0,0.0,0.002430555555555555,Transit,Fishing - Trawler
700050120,VESSEL_GUL_008,GH,transit,0.9999893247931678,trawler,0.9999999298414386,0.0,0.0,0.0,0.0,0.0,1.0675206832132371e-05,0.0,0.9999893247931678,0.0,0.002430555555555555,0.0,0.0,0.002430555555555555,Transit,Fishing - Trawler
700050120,VESSEL_GUL_008,GH,transit,0.9999893247931678,trawler,0.9999999298414386,0.0,0.0,0.0,0.0,0.0,1.0675206832132371e-05,0.0,0.9999893247931678,0.0,0.002430555555555555,0.0,0.0,0.002430555555555555,Transit,Fishing - Trawler
700050120,VESSEL_GUL_008,GH,transit,0.9999893247931678,trawler,0.9999999298414386,0.0,0.0,0.0,0.0,0.0,1.0675206832132371e-05,0.0,0.9999893247931678,0.0,0.002430555555555555,0.0,0.0,0.002430555555555555,Transit,Fishing - Trawler
700050120,VESSEL_GUL_008,GH,transit,0.9999893247931678,trawler,0.9999999298415372,0.0,0.0,0.0,0.0,0.0,1.0675206832132371e-05,0.0,0.9999893247931678,0.0,0.002430555555555555,0.0,0.0,0.002430555555555555,Transit,Fishing - Trawler
700050120,VESSEL_GUL_008,GH,transit,0.9999893247931678,trawler,0.9999999298422029,0.0,0.0,0.0,0.0,0.0,1.0675206832132371e-05,0.0,0.9999893247931678,0.0,0.002430555555555555,0.0,0.0,0.002430555555555555,Transit,Fishing - Trawler
700050120,VESSEL_GUL_008,GH,transit,0.9999893247931678,trawler,0.9999999298421596,0.0,0.0,0.0,0.0,0.0,1.0675206832132371e-05,0.0,0.9999893247931678,0.0,0.002430555555555555,0.0,0.0,0.002430555555555555,Transit,Fishing - Trawler
700050120,VESSEL_GUL_008,GH,transit,0.9999893247931678,trawler,0.9999999298414386,0.0,0.0,0.0,0.0,0.0,1.0675206832132371e-05,0.0,0.9999893247931678,0.0,0.002430555555555555,0.0,0.0,0.002430555555555555,Transit,Fishing - Trawler
700050120,VESSEL_GUL_008,GH,transit,0.9999893247931678,trawler,0.9999999298414386,0.0,0.0,0.0,0.0,0.0,1.0675206832132371e-05,0.0,0.9999893247931678,0.0,0.002430555555555555,0.0,0.0,0.002430555555555555,Transit,Fishing - Trawler
700050120,VESSEL_GUL_008,GH,transit,0.9999893247931678,trawler,0.999999929875867,0.0,0.0,0.0,0.0,0.0,1.0675206832132371e-05,0.0,0.9999893247931678,0.0,0.002430555555555555,0.0,0.0,0.002430555555555555,Transit,Fishing - Trawler
700050120,VESSEL_GUL_008,GH,transit,0.9999893247931678,trawler,0.9999999298416147,0.0,0.0,0.0,0.0,0.0,1.0675206832132371e-05,0.0,0.9999893247931678,0.0,0.002430555555555555,0.0,0.0,0.002430555555555555,Transit,Fishing - Trawler
700050120,VESSEL_GUL_008,GH,transit,0.9966559914598345,trawler,0.9999999298416884,0.0,0.0,0.0,0.0,0.0,1.0675206832132371e-05,0.0033333333333333335,0.9966559914598345,0.0,0.002430555555555555,0.0,0.0,0.002430555555555555,Transit,Fishing - Trawler
700050120,VESSEL_GUL_008,GH,transit,0.9966559914598345,trawler,0.9999999298427451,0.0,0.0,0.0,0.0,0.0,1.0675206832132371e-05,0.0033333333333333335,0.9966559914598345,0.0,0.002430555555555555,0.0,0.0,0.002430555555555555,Transit,Fishing - Trawler
700050120,VESSEL_GUL_008,GH,transit,0.9999893247931678,trawler,0.9999999298446012,0.0,0.0,0.0,0.0,0.0,1.0675206832132371e-05,0.0,0.9999893247931678,0.0,0.002430555555555555,0.0,0.0,0.002430555555555555,Transit,Fishing - Trawler
700050120,VESSEL_GUL_008,GH,transit,0.9999893247931678,trawler,0.999999929842674,0.0,0.0,0.0,0.0,0.0,1.0675206832132371e-05,0.0,0.9999893247931678,0.0,0.002430555555555555,0.0,0.0,0.002430555555555555,Transit,Fishing - Trawler
700050120,VESSEL_GUL_008,GH,transit,0.9999893247931678,trawler,0.9999999298414386,0.0,0.0,0.0,0.0,0.0,1.0675206832132371e-05,0.0,0.9999893247931678,0.0,0.002430555555555555,0.0,0.0,0.002430555555555555,Transit,Fishing - Trawler
700050120,VESSEL_GUL_008,GH,transit,0.9999893247931678,trawler,0.9999999298431459,0.0,0.0,0.0,0.0,0.0,1.0675206832132371e-05,0.0,0.9999893247931678,0.0,0.002430555555555555,0.0,0.0,0.002430555555555555,Transit,Fishing - Trawler
700050120,VESSEL_GUL_008,GH,transit,0.9999893247931678,trawler,0.999999929842674,0.0,0.0,0.0,0.0,0.0,1.0675206832132371e-05,0.0,0.9999893247931678,0.0,0.002430555555555555,0.0,0.0,0.002430555555555555,Transit,Fishing - Trawler
700050120,VESSEL_GUL_008,GH,transit,0.9999893247931678,trawler,0.9999999298414386,0.0,0.0,0.0,0.0,0.0,1.0675206832132371e-05,0.0,0.9999893247931678,0.0,0.002430555555555555,0.0,0.0,0.002430555555555555,Transit,Fishing - Trawler
700050120,VESSEL_GUL_008,GH,transit,0.9999893247931678,trawler,0.9999999298408164,0.0,0.0,0.0,0.0,0.0,1.0675206832132371e-05,0.0,0.9999893247931678,0.0,0.002430555555555555,0.0,0.0,0.002430555555555555,Transit,Fishing - Trawler
700050120,VESSEL_GUL_008,GH,transit,0.9999893247931678,trawler,0.9999999298415372,0.0,0.0,0.0,0.0,0.0,1.0675206832132371e-05,0.0,0.9999893247931678,0.0,0.002430555555555555,0.0,0.0,0.002430555555555555,Transit,Fishing - Trawler
700050120,VESSEL_GUL_008,GH,transit,0.9999893247931678,trawler,0.9999999298415372,0.0,0.0,0.0,0.0,0.0,1.0675206832132371e-05,0.0,0.9999893247931678,0.0,0.002430555555555555,0.0,0.0,0.002430555555555555,Transit,Fishing - Trawler
700050120,VESSEL_GUL_008,GH,transit,0.9999893247931678,trawler,0.999999929875867,0.0,0.0,0.0,0.0,0.0,1.0675206832132371e-05,0.0,0.9999893247931678,0.0,0.002430555555555555,0.0,0.0,0.002430555555555555,Transit,Fishing - Trawler
700050120,VESSEL_GUL_008,GH,transit,0.9999893247931678,trawler,0.9999999298414386,0.0,0.0,0.0,0.0,0.0,1.0675206832132371e-05,0.0,0.9999893247931678,0.0,0.002430555555555555,0.0,0.0,0.002430555555555555,Transit,Fishing - Trawler
700050120,VESSEL_GUL_008,GH,transit,0.9999893247931678,trawler,0.9999999298421596,0.0,0.0,0.0,0.0,0.0,1.0675206832132371e-05,0.0,0.9999893247931678,0.0,0.002430555555555555,0.0,0.0,0.002430555555555555,Transit,Fishing - Trawler
700050120,VESSEL_GUL_008,GH,transit,0.9999893247931678,trawler,0.9999999298420517,0.0,0.0,0.0,0.0,0.0,1.0675206832132371e-05,0.0,0.9999893247931678,0.0,0.002430555555555555,0.0,0.0,0.002430555555555555,Transit,Fishing - Trawler
700050120,VESSEL_GUL_008,GH,transit,0.9999893247931678,trawler,0.9999999298414386,0.0,0.0,0.0,0.0,0.0,1.0675206832132371e-05,0.0,0.9999893247931678,0.0,0.002430555555555555,0.0,0.0,0.002430555555555555,Transit,Fishing - Trawler
700050120,VESSEL_GUL_008,GH,transit,0.9999893247931678,trawler,0.9999999298414386,0.0,0.0,0.0,0.0,0.0,1.0675206832132371e-05,0.0,0.9999893247931678,0.0,0.002430555555555555,0.0,0.0,0.002430555555555555,Transit,Fishing - Trawler
700050120,VESSEL_GUL_008,GH,transit,0.9999893247931678,trawler,0.9999999298408164,0.0,0.0,0.0,0.0,0.0,1.0675206832132371e-05,0.0,0.9999893247931678,0.0,0.002430555555555555,0.0,0.0,0.002430555555555555,Transit,Fishing - Trawler
700050120,VESSEL_GUL_008,GH,transit,0.9999893247931678,trawler,0.9999999298414386,0.0,0.0,0.0,0.0,0.0,1.0675206832132371e-05,0.0,0.9999893247931678,0.0,0.002430555555555555,0.0,0.0,0.002430555555555555,Transit,Fishing - Trawler
700050120,VESSEL_GUL_008,GH,transit,0.9999893247931678,trawler,0.9999999298414386,0.0,0.0,0.0,0.0,0.0,1.0675206832132371e-05,0.0,0.9999893247931678,0.0,0.002430555555555555,0.0,0.0,0.002430555555555555,Transit,Fishing - Trawler
700050120,VESSEL_GUL_008,GH,transit,0.9999893247931678,trawler,0.9999999298414386,0.0,0.0,0.0,0.0,0.0,1.0675206832132371e-05,0.0,0.9999893247931678,0.0,0.002430555555555555,0.0,0.0,0.002430555555555555,Transit,Fishing - Trawler
700050121,VESSEL_GUL_009,CM,transit,0.9999893247931678,purse_seiner,0.9999999928801933,0.0,0.0,0.0,0.0,0.0,1.0675206832132371e-05,0.0,0.9999893247931678,0.0,0.002430555555555555,0.0,0.0,0.002430555555555555,Transit,Fishing - Purse Seiner
700050121,VESSEL_GUL_009,CM,transit,0.9999893247931678,purse_seiner,0.9999999928322183,0.0,0.0,0.0,0.0,0.0,1.0675206832132371e-05,0.0,0.9999893247931678,0.0,0.002430555555555555,0.0,0.0,0.002430555555555555,Transit,Fishing - Purse Seiner
700050121,VESSEL_GUL_009,CM,transit,0.9999893247931678,purse_seiner,0.9999999928610352,0.0,0.0,0.0,0.0,0.0,1.0675206832132371e-05,0.0,0.9999893247931678,0.0,0.002430555555555555,0.0,0.0,0.002430555555555555,Transit,Fishing - Purse Seiner
700050121,VESSEL_GUL_009,CM,transit,0.9999893247931678,purse_seiner,0.9999999928610352,0.0,0.0,0.0,0.0,0.0,1.0675206832132371e-05,0.0,0.9999893247931678,0.0,0.002430555555555555,0.0,0.0,0.002430555555555555,Transit,Fishing - Purse Seiner
700050121,VESSEL_GUL_009,CM,transit,0.9999893247931678,purse_seiner,0.9999999928610352,0.0,0.0,0.0,0.0,0.0,1.0675206832132371e-05,0.0,0.9999893247931678,0.0,0.002430555555555555,0.0,0.0,0.002430555555555555,Transit,Fishing - Purse Seiner
700050121,VESSEL_GUL_009,CM,transit,0.9983226581265012,purse_seiner,0.9999999928610352,0.0,0.0,0.0,0.0016666666666666668,0.0,1.0675206832132371e-05,0.0,0.9983226581265012,0.0,0.002430555555555555,0.0,0.0,0.002430555555555555,Transit,Fishing - Purse Seiner
700050121,VESSEL_GUL_009,CM,transit,0.9999893247931678,purse_seiner,0.9999999928610352,0.0,0.0,0.0,0.0,0.0,1.0675206832132371e-05,0.0,0.9999893247931678,0.0,0.002430555555555555,0.0,0.0,0.002430555555555555,Transit,Fishing - Purse Seiner
700050121,VESSEL_GUL_009,CM,transit,0.9999893247931678,purse_seiner,0.9999999928610352,0.0,0.0,0.0,0.0,0.0,1.0675206832132371e-05,0.0,0.9999893247931678,0.0,0.002430555555555555,0.0,0.0,0.002430555555555555,Transit,Fishing - Purse Seiner
700050121,VESSEL_GUL_009,CM,transit,0.9999893247931678,purse_seiner,0.999999992861133,0.0,0.0,0.0,0.0,0.0,1.0675206832132371e-05,0.0,0.9999893247931678,0.0,0.002430555555555555,0.0,0.0,0.002430555555555555,Transit,Fishing - Purse Seiner
700050121,VESSEL_GUL_009,CM,transit,0.9999893247931678,purse_seiner,0.9999999928610352,0.0,0.0,0.0,0.0,0.0,1.0675206832132371e-05,0.0,0.9999893247931678,0.0,0.002430555555555555,0.0,0.0,0.002430555555555555,Transit,Fishing - Purse Seiner
700050121,VESSEL_GUL_009,CM,transit,0.9624279212843959,purse_seiner,0.9999999928619854,0.0,0.0,0.0,0.03033918128654971,0.0022222222222222222,0.0038995640957210204,0.0,0.9624279212843959,0.0011111111111111111,0.002430555555555555,0.0,0.0,0.002430555555555555,Transit,Fishing - Purse Seiner
700050121,VESSEL_GUL_009,CM,fishing,0.8845614035087719,purse_seiner,0.9999999931426602,0.0,0.0,0.0,0.8845614035087719,0.0016666666666666668,0.03577777777777779,0.0,0.07632748538011695,0.0016666666666666668,0.002430555555555555,0.6,0.0,0.6,Fishing,Fishing - Purse Seiner
700050121,VESSEL_GUL_009,CM,fishing,0.9922222222222221,purse_seiner,0.9999999376339742,0.0,0.0,0.0,0.9922222222222221,0.0,0.0,0.0,0.007777777777777778,0.0,0.002430555555555555,0.6,0.0,0.6,Fishing,Fishing - Purse Seiner
700050121,VESSEL_GUL_009,CM,fishing,1.0,purse_seiner,0.9999999563010836,0.0,0.0,0.0,1.0,0.0,0.0,0.0,0.0,0.0,0.002430555555555555,0.6,0.0,0.6,Fishing,Fishing - Purse Seiner
700050121,VESSEL_GUL_009,CM,fishing,1.0,purse_seiner,0.9999999563010836,0.0,0.0,0.0,1.0,0.0,0.0,0.0,0.0,0.0,0.002430555555555555,0.6,0.0,0.6,Fishing,Fishing - Purse Seiner
700050121,VESSEL_GUL_009,CM,fishing,1.0,purse_seiner,0.9999999563010836,0.0,0.0,0.0,1.0,0.0,0.0,0.0,0.0,0.0,0.002430555555555555,0.6,0.0,0.6,Fishing,Fishing - Purse Seiner
700050121,VESSEL_GUL_009,CM,fishing,1.0,purse_seiner,0.9999999532746129,0.0,0.0,0.0,1.0,0.0,0.0,0.0,0.0,0.0,0.002430555555555555,0.6,0.0,0.6,Fishing,Fishing - Purse Seiner
700050121,VESSEL_GUL_009,CM,fishing,1.0,purse_seiner,0.9999999563010836,0.0,0.0,0.0,1.0,0.0,0.0,0.0,0.0,0.0,0.002430555555555555,0.6,0.0,0.6,Fishing,Fishing - Purse Seiner
700050121,VESSEL_GUL_009,CM,fishing,1.0,purse_seiner,0.9999999563010836,0.0,0.0,0.0,1.0,0.0,0.0,0.0,0.0,0.0,0.002430555555555555,0.6,0.0,0.6,Fishing,Fishing - Purse Seiner
700050121,VESSEL_GUL_009,CM,fishing,1.0,purse_seiner,0.9999999563010836,0.0,0.0,0.0,1.0,0.0,0.0,0.0,0.0,0.0,0.002430555555555555,0.6,0.0,0.6,Fishing,Fishing - Purse Seiner
700050121,VESSEL_GUL_009,CM,fishing,1.0,purse_seiner,0.9999999563010836,0.0,0.0,0.0,1.0,0.0,0.0,0.0,0.0,0.0,0.002430555555555555,0.6,0.0,0.6,Fishing,Fishing - Purse Seiner
700050121,VESSEL_GUL_009,CM,fishing,1.0,purse_seiner,0.9999999563010836,0.0,0.0,0.0,1.0,0.0,0.0,0.0,0.0,0.0,0.002430555555555555,0.6,0.0,0.6,Fishing,Fishing - Purse Seiner
700050121,VESSEL_GUL_009,CM,fishing,1.0,purse_seiner,0.9999999465700842,0.0,0.0,0.0,1.0,0.0,0.0,0.0,0.0,0.0,0.002430555555555555,0.6,0.0,0.6,Fishing,Fishing - Purse Seiner
700050121,VESSEL_GUL_009,CM,fishing,1.0,purse_seiner,0.9999999466634433,0.0,0.0,0.0,1.0,0.0,0.0,0.0,0.0,0.0,0.002430555555555555,0.6,0.0,0.6,Fishing,Fishing - Purse Seiner
700050121,VESSEL_GUL_009,CM,fishing,1.0,purse_seiner,0.9999999563010836,0.0,0.0,0.0,1.0,0.0,0.0,0.0,0.0,0.0,0.002430555555555555,0.6,0.0,0.6,Fishing,Fishing - Purse Seiner
700050121,VESSEL_GUL_009,CM,fishing,0.9460238095238093,purse_seiner,0.99999989166017,0.0016666666666666668,0.0,0.0,0.9460238095238093,0.0011111111111111111,0.0,0.0,0.046198412698412704,0.004999999999999999,0.002430555555555555,0.6,0.0,0.6,Fishing,Fishing - Purse Seiner
700050121,VESSEL_GUL_009,CM,transit,0.9872115470153902,purse_seiner,0.9999999916731935,0.0016666666666666668,0.0,0.0,0.01111111111111111,0.0,1.0675206832132371e-05,0.0,0.9872115470153902,0.0,0.002430555555555555,0.0,0.0,0.002430555555555555,Transit,Fishing - Purse Seiner
700050121,VESSEL_GUL_009,CM,transit,0.9999893247931678,purse_seiner,0.999999992861133,0.0,0.0,0.0,0.0,0.0,1.0675206832132371e-05,0.0,0.9999893247931678,0.0,0.002430555555555555,0.0,0.0,0.002430555555555555,Transit,Fishing - Purse Seiner
700050121,VESSEL_GUL_009,CM,transit,0.9999893247931678,purse_seiner,0.9999999928610352,0.0,0.0,0.0,0.0,0.0,1.0675206832132371e-05,0.0,0.9999893247931678,0.0,0.002430555555555555,0.0,0.0,0.002430555555555555,Transit,Fishing - Purse Seiner
700050121,VESSEL_GUL_009,CM,transit,0.9999893247931678,purse_seiner,0.9999999928610352,0.0,0.0,0.0,0.0,0.0,1.0675206832132371e-05,0.0,0.9999893247931678,0.0,0.002430555555555555,0.0,0.0,0.002430555555555555,Transit,Fishing - Purse Seiner
700050121,VESSEL_GUL_009,CM,fishing,0.6009563492063492,purse_seiner,0.9999999916698833,0.007261904761904761,0.0,0.0,0.6009563492063492,0.0,0.0,0.002,0.38867063492063497,0.0011111111111111111,0.002430555555555555,0.6,0.0,0.6,Fishing,Fishing - Purse Seiner
700050121,VESSEL_GUL_009,CM,fishing,0.9872222222222221,purse_seiner,0.9999998916540447,0.0,0.0,0.0,0.9872222222222221,0.0019047619047619048,0.0,0.0,0.010873015873015873,0.0,0.002430555555555555,0.6,0.0,0.6,Fishing,Fishing - Purse Seiner
700050121,VESSEL_GUL_009,CM,fishing,0.9977777777777778,purse_seiner,0.9999999563010836,0.0,0.0,0.0,0.9977777777777778,0.0,0.0022222222222222222,0.0,0.0,0.0,0.002430555555555555,0.6,0.0,0.6,Fishing,Fishing - Purse Seiner
700050121,VESSEL_GUL_009,CM,fishing,1.0,purse_seiner,0.9999999563010836,0.0,0.0,0.0,1.0,0.0,0.0,0.0,0.0,0.0,0.002430555555555555,0.6,0.0,0.6,Fishing,Fishing - Purse Seiner
700050121,VESSEL_GUL_009,CM,fishing,1.0,purse_seiner,0.9999999563010836,0.0,0.0,0.0,1.0,0.0,0.0,0.0,0.0,0.0,0.002430555555555555,0.6,0.0,0.6,Fishing,Fishing - Purse Seiner
700050121,VESSEL_GUL_009,CM,fishing,0.9972222222222221,purse_seiner,0.999999948968528,0.0,0.0,0.0,0.9972222222222221,0.0,0.0016666666666666668,0.0,0.0011111111111111111,0.0,0.002430555555555555,0.6,0.0,0.6,Fishing,Fishing - Purse Seiner
700050121,VESSEL_GUL_009,CM,fishing,0.9933333333333333,purse_seiner,0.999999948968528,0.0,0.0016666666666666668,0.0,0.9933333333333333,0.0,0.0,0.0,0.005,0.0,0.002430555555555555,0.6,0.0,0.6,Fishing,Fishing - Purse Seiner
700050121,VESSEL_GUL_009,CM,fishing,1.0,purse_seiner,0.9999999563010836,0.0,0.0,0.0,1.0,0.0,0.0,0.0,0.0,0.0,0.002430555555555555,0.6,0.0,0.6,Fishing,Fishing - Purse Seiner
700050121,VESSEL_GUL_009,CM,fishing,1.0,purse_seiner,0.9999999563010836,0.0,0.0,0.0,1.0,0.0,0.0,0.0,0.0,0.0,0.002430555555555555,0.6,0.0,0.6,Fishing,Fishing - Purse Seiner
700050121,VESSEL_GUL_009,CM,fishing,1.0,purse_seiner,0.9999999563010836,0.0,0.0,0.0,1.0,0.0,0.0,0.0,0.0,0.0,0.002430555555555555,0.6,0.0,0.6,Fishing,Fishing - Purse Seiner
700050121,VESSEL_GUL_009,CM,fishing,1.0,purse_seiner,0.9999999563010836,0.0,0.0,0.0,1.0,0.0,0.0,0.0,0.0,0.0,0.002430555555555555,0.6,0.0,0.6,Fishing,Fishing - Purse Seiner
700050121,VESSEL_GUL_009,CM,fishing,1.0,purse_seiner,0.9999999563010836,0.0,0.0,0.0,1.0,0.0,0.0,0.0,0.0,0.0,0.002430555555555555,0.6,0.0,0.6,Fishing,Fishing - Purse Seiner
700050121,VESSEL_GUL_009,CM,fishing,1.0,purse_seiner,0.9999999563010836,0.0,0.0,0.0,1.0,0.0,0.0,0.0,0.0,0.0,0.002430555555555555,0.6,0.0,0.6,Fishing,Fishing - Purse Seiner
700050121,VESSEL_GUL_009,CM,fishing,1.0,purse_seiner,0.9999999462770237,0.0,0.0,0.0,1.0,0.0,0.0,0.0,0.0,0.0,0.002430555555555555,0.6,0.0,0.6,Fishing,Fishing - Purse Seiner
700050121,VESSEL_GUL_009,CM,transit,0.8820396825396826,purse_seiner,0.9999998999403537,0.0,0.0,0.0,0.08361111111111111,0.014428571428571428,0.0075,0.003333333333333333,0.8820396825396826,0.009087301587301587,0.002430555555555555,0.0,0.0,0.002430555555555555,Transit,Fishing - Purse Seiner
700050121,VESSEL_GUL_009,CM,transit,0.9977671025709456,purse_seiner,0.9999999918275485,0.0,0.0,0.0,0.0022222222222222222,0.0,1.0675206832132371e-05,0.0,0.9977671025709456,0.0,0.002430555555555555,0.0,0.0,0.002430555555555555,Transit,Fishing - Purse Seiner
700050121,VESSEL_GUL_009,CM,transit,0.9999893247931678,purse_seiner,0.9999999928614336,0.0,0.0,0.0,0.0,0.0,1.0675206832132371e-05,0.0,0.9999893247931678,0.0,0.002430555555555555,0.0,0.0,0.002430555555555555,Transit,Fishing - Purse Seiner
700050121,VESSEL_GUL_009,CM,transit,0.9999893247931678,purse_seiner,0.9999999928614336,0.0,0.0,0.0,0.0,0.0,1.0675206832132371e-05,0.0,0.9999893247931678,0.0,0.002430555555555555,0.0,0.0,0.002430555555555555,Transit,Fishing - Purse Seiner
700050121,VESSEL_GUL_009,CM,transit,0.9999893247931678,purse_seiner,0.9999999928610352,0.0,0.0,0.0,0.0,0.0,1.0675206832132371e-05,0.0,0.9999893247931678,0.0,0.002430555555555555,0.0,0.0,0.002430555555555555,Transit,Fishing - Purse Seiner
700050121,VESSEL_GUL_009,CM,transit,0.9999893247931678,purse_seiner,0.9999999928610352,0.0,0.0,0.0,0.0,0.0,1.0675206832132371e-05,0.0,0.9999893247931678,0.0,0.002430555555555555,0.0,0.0,0.002430555555555555,Transit,Fishing - Purse Seiner
700050121,VESSEL_GUL_009,CM,transit,0.9999893247931678,purse_seiner,0.9999999927003302,0.0,0.0,0.0,0.0,0.0,1.0675206832132371e-05,0.0,0.9999893247931678,0.0,0.002430555555555555,0.0,0.0,0.002430555555555555,Transit,Fishing - Purse Seiner
700050121,VESSEL_GUL_009,CM,transit,0.9999893247931678,purse_seiner,0.9999999928610352,0.0,0.0,0.0,0.0,0.0,1.0675206832132371e-05,0.0,0.9999893247931678,0.0,0.002430555555555555,0.0,0.0,0.002430555555555555,Transit,Fishing - Purse Seiner
700050121,VESSEL_GUL_009,CM,transit,0.9999893247931678,purse_seiner,0.9999999928610352,0.0,0.0,0.0,0.0,0.0,1.0675206832132371e-05,0.0,0.9999893247931678,0.0,0.002430555555555555,0.0,0.0,0.002430555555555555,Transit,Fishing - Purse Seiner
700050121,VESSEL_GUL_009,CM,transit,0.9999893247931678,purse_seiner,0.9999999928610352,0.0,0.0,0.0,0.0,0.0,1.0675206832132371e-05,0.0,0.9999893247931678,0.0,0.002430555555555555,0.0,0.0,0.002430555555555555,Transit,Fishing - Purse Seiner
700050121,VESSEL_GUL_009,CM,transit,0.9999893247931678,purse_seiner,0.9999999928610352,0.0,0.0,0.0,0.0,0.0,1.0675206832132371e-05,0.0,0.9999893247931678,0.0,0.002430555555555555,0.0,0.0,0.002430555555555555,Transit,Fishing - Purse Seiner
700050121,VESSEL_GUL_009,CM,transit,0.9999893247931678,purse_seiner,0.9999999928610352,0.0,0.0,0.0,0.0,0.0,1.0675206832132371e-05,0.0,0.9999893247931678,0.0,0.002430555555555555,0.0,0.0,0.002430555555555555,Transit,Fishing - Purse Seiner
700050121,VESSEL_GUL_009,CM,transit,0.9999893247931678,purse_seiner,0.9999999928610352,0.0,0.0,0.0,0.0,0.0,1.0675206832132371e-05,0.0,0.9999893247931678,0.0,0.002430555555555555,0.0,0.0,0.002430555555555555,Transit,Fishing - Purse Seiner
700050121,VESSEL_GUL_009,CM,transit,0.9999893247931678,purse_seiner,0.9999999928610352,0.0,0.0,0.0,0.0,0.0,1.0675206832132371e-05,0.0,0.9999893247931678,0.0,0.002430555555555555,0.0,0.0,0.002430555555555555,Transit,Fishing - Purse Seiner
700050121,VESSEL_GUL_009,CM,transit,0.9999893247931678,purse_seiner,0.9999999927793863,0.0,0.0,0.0,0.0,0.0,1.0675206832132371e-05,0.0,0.9999893247931678,0.0,0.002430555555555555,0.0,0.0,0.002430555555555555,Transit,Fishing - Purse Seiner
700050121,VESSEL_GUL_009,CM,transit,0.9999893247931678,purse_seiner,0.999999992861133,0.0,0.0,0.0,0.0,0.0,1.0675206832132371e-05,0.0,0.9999893247931678,0.0,0.002430555555555555,0.0,0.0,0.002430555555555555,Transit,Fishing - Purse Seiner
700050121,VESSEL_GUL_009,CM,transit,0.9999893247931678,purse_seiner,0.9999999928801933,0.0,0.0,0.0,0.0,0.0,1.0675206832132371e-05,0.0,0.9999893247931678,0.0,0.002430555555555555,0.0,0.0,0.002430555555555555,Transit,Fishing - Purse Seiner
700050121,VESSEL_GUL_009,CM,transit,0.9999893247931678,purse_seiner,0.9999999928610352,0.0,0.0,0.0,0.0,0.0,1.0675206832132371e-05,0.0,0.9999893247931678,0.0,0.002430555555555555,0.0,0.0,0.002430555555555555,Transit,Fishing - Purse Seiner
700050121,VESSEL_GUL_009,CM,transit,0.9999893247931678,purse_seiner,0.9999999928610352,0.0,0.0,0.0,0.0,0.0,1.0675206832132371e-05,0.0,0.9999893247931678,0.0,0.002430555555555555,0.0,0.0,0.002430555555555555,Transit,Fishing - Purse Seiner
700050121,VESSEL_GUL_009,CM,transit,0.9999893247931678,purse_seiner,0.9999999928610352,0.0,0.0,0.0,0.0,0.0,1.0675206832132371e-05,0.0,0.9999893247931678,0.0,0.002430555555555555,0.0,0.0,0.002430555555555555,Transit,Fishing - Purse Seiner
700050121,VESSEL_GUL_009,CM,transit,0.9999893247931678,purse_seiner,0.9999999928606986,0.0,0.0,0.0,0.0,0.0,1.0675206832132371e-05,0.0,0.9999893247931678,0.0,0.002430555555555555,0.0,0.0,0.002430555555555555,Transit,Fishing - Purse Seiner
700050121,VESSEL_GUL_009,CM,transit,0.9999893247931678,purse_seiner,0.9999999928607963,0.0,0.0,0.0,0.0,0.0,1.0675206832132371e-05,0.0,0.9999893247931678,0.0,0.002430555555555555,0.0,0.0,0.002430555555555555,Transit,Fishing - Purse Seiner
700050121,VESSEL_GUL_009,CM,transit,0.9999893247931678,purse_seiner,0.9999999928606986,0.0,0.0,0.0,0.0,0.0,1.0675206832132371e-05,0.0,0.9999893247931678,0.0,0.002430555555555555,0.0,0.0,0.002430555555555555,Transit,Fishing - Purse Seiner
700050121,VESSEL_GUL_009,CM,transit,0.9999893247931678,purse_seiner,0.9999999928610352,0.0,0.0,0.0,0.0,0.0,1.0675206832132371e-05,0.0,0.9999893247931678,0.0,0.002430555555555555,0.0,0.0,0.002430555555555555,Transit,Fishing - Purse Seiner
700050121,VESSEL_GUL_009,CM,transit,0.9999893247931678,purse_seiner,0.9999999928610352,0.0,0.0,0.0,0.0,0.0,1.0675206832132371e-05,0.0,0.9999893247931678,0.0,0.002430555555555555,0.0,0.0,0.002430555555555555,Transit,Fishing - Purse Seiner
700050121,VESSEL_GUL_009,CM,transit,0.9977671025709456,purse_seiner,0.9999999928610352,0.0,0.0,0.0,0.0,0.0,1.0675206832132371e-05,0.0022222222222222222,0.9977671025709456,0.0,0.002430555555555555,0.0,0.0,0.002430555555555555,Transit,Fishing - Purse Seiner
700050121,VESSEL_GUL_009,CM,transit,0.9999893247931678,purse_seiner,0.9999999928610352,0.0,0.0,0.0,0.0,0.0,1.0675206832132371e-05,0.0,0.9999893247931678,0.0,0.002430555555555555,0.0,0.0,0.002430555555555555,Transit,Fishing - Purse Seiner
700050121,VESSEL_GUL_009,CM,transit,0.9999893247931678,purse_seiner,0.9999999928610352,0.0,0.0,0.0,0.0,0.0,1.0675206832132371e-05,0.0,0.9999893247931678,0.0,0.002430555555555555,0.0,0.0,0.002430555555555555,Transit,Fishing - Purse Seiner
700050121,VESSEL_GUL_009,CM,transit,0.9999893247931678,purse_seiner,0.9999999928610352,0.0,0.0,0.0,0.0,0.0,1.0675206832132371e-05,0.0,0.9999893247931678,0.0,0.002430555555555555,0.0,0.0,0.002430555555555555,Transit,Fishing - Purse Seiner
700050121,VESSEL_GUL_009,CM,transit,0.9983226581265012,purse_seiner,0.9999999928610352,0.0,0.0,0.0,0.0016666666666666668,0.0,1.0675206832132371e-05,0.0,0.9983226581265012,0.0,0.002430555555555555,0.0,0.0,0.002430555555555555,Transit,Fishing - Purse Seiner
700050121,VESSEL_GUL_009,CM,transit,0.9999893247931678,purse_seiner,0.9999999906316076,0.0,0.0,0.0,0.0,0.0,1.0675206832132371e-05,0.0,0.9999893247931678,0.0,0.002430555555555555,0.0,0.0,0.002430555555555555,Transit,Fishing - Purse Seiner
700050121,VESSEL_GUL_009,CM,transit,0.9999893247931678,purse_seiner,0.9999999906316076,0.0,0.0,0.0,0.0,0.0,1.0675206832132371e-05,0.0,0.9999893247931678,0.0,0.002430555555555555,0.0,0.0,0.002430555555555555,Transit,Fishing - Purse Seiner
700050121,VESSEL_GUL_009,CM,transit,0.9999893247931678,purse_seiner,0.9999999928607963,0.0,0.0,0.0,0.0,0.0,1.0675206832132371e-05,0.0,0.9999893247931678,0.0,0.002430555555555555,0.0,0.0,0.002430555555555555,Transit,Fishing - Purse Seiner
700050121,VESSEL_GUL_009,CM,transit,0.9999893247931678,purse_seiner,0.999999992861133,0.0,0.0,0.0,0.0,0.0,1.0675206832132371e-05,0.0,0.9999893247931678,0.0,0.002430555555555555,0.0,0.0,0.002430555555555555,Transit,Fishing - Purse Seiner
700050121,VESSEL_GUL_009,CM,transit,0.9999893247931678,purse_seiner,0.9999999928610352,0.0,0.0,0.0,0.0,0.0,1.0675206832132371e-05,0.0,0.9999893247931678,0.0,0.002430555555555555,0.0,0.0,0.002430555555555555,Transit,Fishing - Purse Seiner
700050121,VESSEL_GUL_009,CM,transit,0.9999893247931678,purse_seiner,0.9999999928610352,0.0,0.0,0.0,0.0,0.0,1.0675206832132371e-05,0.0,0.9999893247931678,0.0,0.002430555555555555,0.0,0.0,0.002430555555555555,Transit,Fishing - Purse Seiner
700050121,VESSEL_GUL_009,CM,transit,0.9999893247931678,purse_seiner,0.9999999928610352,0.0,0.0,0.0,0.0,0.0,1.0675206832132371e-05,0.0,0.9999893247931678,0.0,0.002430555555555555,0.0,0.0,0.002430555555555555,Transit,Fishing - Purse Seiner
700050121,VESSEL_GUL_009,CM,transit,0.9977671025709456,purse_seiner,0.9999999928610352,0.0,0.0,0.0,0.0,0.0,1.0675206832132371e-05,0.0022222222222222222,0.9977671025709456,0.0,0.002430555555555555,0.0,0.0,0.002430555555555555,Transit,Fishing - Purse Seiner
700050121,VESSEL_GUL_009,CM,transit,0.9999893247931678,purse_seiner,0.9999999928610352,0.0,0.0,0.0,0.0,0.0,1.0675206832132371e-05,0.0,0.9999893247931678,0.0,0.002430555555555555,0.0,0.0,0.002430555555555555,Transit,Fishing - Purse Seiner
700050121,VESSEL_GUL_009,CM,transit,0.9999893247931678,purse_seiner,0.999999992861133,0.0,0.0,0.0,0.0,0.0,1.0675206832132371e-05,0.0,0.9999893247931678,0.0,0.002430555555555555,0.0,0.0,0.002430555555555555,Transit,Fishing - Purse Seiner
700050121,VESSEL_GUL_009,CM,transit,0.9999893247931678,purse_seiner,0.9999999913129017,0.0,0.0,0.0,0.0,0.0,1.0675206832132371e-05,0.0,0.9999893247931678,0.0,0.002430555555555555,0.0,0.0,0.002430555555555555,Transit,Fishing - Purse Seiner
700050122,VESSEL_GUL_010,CN,transit,0.9974893247931679,trawler,0.9999999898362367,0.0,0.0,0.0,0.0011111111111111111,0.0,1.0675206832132371e-05,0.0013888888888888887,0.9974893247931679,0.0,0.002430555555555555,0.0,0.0,0.002430555555555555,Transit,Fishing - Trawler
700050122,VESSEL_GUL_010,CN,transit,0.9994337692376124,trawler,0.999999990097126,0.0,0.0,0.0,0.0,0.0,1.0675206832132371e-05,0.0005555555555555556,0.9994337692376124,0.0,0.002430555555555555,0.0,0.0,0.002430555555555555,Transit,Fishing - Trawler
700050122,VESSEL_GUL_010,CN,transit,0.9994337692376124,trawler,0.999999990097126,0.0,0.0,0.0,0.0,0.0,1.0675206832132371e-05,0.0005555555555555556,0.9994337692376124,0.0,0.002430555555555555,0.0,0.0,0.002430555555555555,Transit,Fishing - Trawler
700050122,VESSEL_GUL_010,CN,transit,0.9999893247931678,trawler,0.9999999898362354,0.0,0.0,0.0,0.0,0.0,1.0675206832132371e-05,0.0,0.9999893247931678,0.0,0.002430555555555555,0.0,0.0,0.002430555555555555,Transit,Fishing - Trawler
700050122,VESSEL_GUL_010,CN,transit,0.9999893247931678,trawler,0.999999990097126,0.0,0.0,0.0,0.0,0.0,1.0675206832132371e-05,0.0,0.9999893247931678,0.0,0.002430555555555555,0.0,0.0,0.002430555555555555,Transit,Fishing - Trawler
700050122,VESSEL_GUL_010,CN,transit,0.9999893247931678,trawler,0.999999990097126,0.0,0.0,0.0,0.0,0.0,1.0675206832132371e-05,0.0,0.9999893247931678,0.0,0.002430555555555555,0.0,0.0,0.002430555555555555,Transit,Fishing - Trawler
700050122,VESSEL_GUL_010,CN,transit,0.9999893247931678,trawler,0.9999999898362354,0.0,0.0,0.0,0.0,0.0,1.0675206832132371e-05,0.0,0.9999893247931678,0.0,0.002430555555555555,0.0,0.0,0.002430555555555555,Transit,Fishing - Trawler
700050122,VESSEL_GUL_010,CN,transit,0.9983226581265012,trawler,0.9999999898362354,0.0,0.0016666666666666668,0.0,0.0,0.0,1.0675206832132371e-05,0.0,0.9983226581265012,0.0,0.002430555555555555,0.0,0.0,0.002430555555555555,Transit,Fishing - Trawler
700050122,VESSEL_GUL_010,CN,transit,0.8441422069986816,trawler,0.9999999880725009,0.0022222222222222222,0.0,0.006666666666666667,0.12531537176274016,0.005,0.014653532349689276,0.0,0.8441422069986816,0.002,0.43,0.0,0.0,0.43,Transit,Fishing - Trawler
700050122,VESSEL_GUL_010,CN,fishing,0.8497539682539684,trawler,0.9999999880858438,0.0,0.0,0.0011111111111111111,0.8497539682539684,0.0044444444444444444,0.023769841269841267,0.0033333333333333335,0.11592063492063491,0.0016666666666666668,0.43,0.6,0.0,0.6,Fishing,Fishing - Trawler
700050122,VESSEL_GUL_010,CN,fishing,1.0,trawler,0.9999999900465403,0.0,0.0,0.0,1.0,0.0,0.0,0.0,0.0,0.0,0.002430555555555555,0.6,0.0,0.6,Fishing,Fishing - Trawler
700050122,VESSEL_GUL_010,CN,fishing,1.0,trawler,0.9999999902034357,0.0,0.0,0.0,1.0,0.0,0.0,0.0,0.0,0.0,0.002430555555555555,0.6,0.0,0.6,Fishing,Fishing - Trawler
700050122,VESSEL_GUL_010,CN,fishing,1.0,trawler,0.9999999902034357,0.0,0.0,0.0,1.0,0.0,0.0,0.0,0.0,0.0,0.002430555555555555,0.6,0.0,0.6,Fishing,Fishing - Trawler
700050122,VESSEL_GUL_010,CN,fishing,0.893563492063492,trawler,0.9999999895547423,0.0,0.0016666666666666668,0.0,0.893563492063492,0.0027777777777777775,0.0,0.0,0.10199206349206352,0.0,0.002430555555555555,0.6,0.0,0.6,Fishing,Fishing - Trawler
700050122,VESSEL_GUL_010,CN,transit,0.9526190476190476,trawler,0.9999999892943615,0.009166666666666667,0.016388888888888887,0.0,0.0033333333333333335,0.0,0.0,0.01849206349206349,0.9526190476190476,0.0,0.002430555555555555,0.0,0.0,0.002430555555555555,Transit,Fishing - Trawler
700050122,VESSEL_GUL_010,CN,transit,0.9999893247931678,trawler,0.9999999901252269,0.0,0.0,0.0,0.0,0.0,1.0675206832132371e-05,0.0,0.9999893247931678,0.0,0.002430555555555555,0.0,0.0,0.002430555555555555,Transit,Fishing - Trawler
700050122,VESSEL_GUL_010,CN,transit,0.9999893247931678,trawler,0.9999999900971263,0.0,0.0,0.0,0.0,0.0,1.0675206832132371e-05,0.0,0.9999893247931678,0.0,0.002430555555555555,0.0,0.0,0.002430555555555555,Transit,Fishing - Trawler
700050122,VESSEL_GUL_010,CN,transit,0.9999893247931678,trawler,0.9999999900971276,0.0,0.0,0.0,0.0,0.0,1.0675206832132371e-05,0.0,0.9999893247931678,0.0,0.002430555555555555,0.0,0.0,0.002430555555555555,Transit,Fishing - Trawler
700050122,VESSEL_GUL_010,CN,transit,0.9949893247931679,trawler,0.9999999900971278,0.0,0.0011111111111111111,0.0,0.0,0.0,1.0675206832132371e-05,0.0038888888888888883,0.9949893247931679,0.0,0.002430555555555555,0.0,0.0,0.002430555555555555,Transit,Fishing - Trawler
700050122,VESSEL_GUL_010,CN,transit,0.8998782136820569,trawler,0.9999999903590403,0.0033333333333333335,0.0,0.0,0.08705555555555555,0.002916666666666667,0.002510675206832132,0.0,0.8998782136820569,0.004305555555555555,0.002430555555555555,0.0,0.0,0.002430555555555555,Transit,Fishing - Trawler
700050122,VESSEL_GUL_010,CN,fishing,0.9368391812865496,trawler,0.9999999895543786,0.0,0.0,0.0,0.9368391812865496,0.0,0.016777777777777777,0.0,0.04193859649122807,0.0044444444444444444,0.002430555555555555,0.6,0.0,0.6,Fishing,Fishing - Trawler
700050122,VESSEL_GUL_010,CN,fishing,0.9977777777777779,trawler,0.9999999900316913,0.0,0.0,0.0,0.9977777777777779,0.0,0.0,0.0,0.0022222222222222222,0.0,0.002430555555555555,0.6,0.0,0.6,Fishing,Fishing - Trawler
700050122,VESSEL_GUL_010,CN,fishing,1.0,trawler,0.9999999897928541,0.0,0.0,0.0,1.0,0.0,0.0,0.0,0.0,0.0,0.002430555555555555,0.6,0.0,0.6,Fishing,Fishing - Trawler
700050122,VESSEL_GUL_010,CN,fishing,1.0,trawler,0.9999999902034432,0.0,0.0,0.0,1.0,0.0,0.0,0.0,0.0,0.0,0.002430555555555555,0.6,0.0,0.6,Fishing,Fishing - Trawler
700050122,VESSEL_GUL_010,CN,fishing,1.0,trawler,0.9999999902034423,0.0,0.0,0.0,1.0,0.0,0.0,0.0,0.0,0.0,0.002430555555555555,0.6,0.0,0.6,Fishing,Fishing - Trawler
700050122,VESSEL_GUL_010,CN,fishing,1.0,trawler,0.9999999902024007,0.0,0.0,0.0,1.0,0.0,0.0,0.0,0.0,0.0,0.002430555555555555,0.6,0.0,0.6,Fishing,Fishing - Trawler
700050122,VESSEL_GUL_010,CN,fishing,1.0,trawler,0.9999999902034348,0.0,0.0,0.0,1.0,0.0,0.0,0.0,0.0,0.0,0.002430555555555555,0.6,0.0,0.6,Fishing,Fishing - Trawler
700050122,VESSEL_GUL_010,CN,fishing,1.0,trawler,0.9999999902034423,0.0,0.0,0.0,1.0,0.0,0.0,0.0,0.0,0.0,0.002430555555555555,0.6,0.0,0.6,Fishing,Fishing - Trawler
700050122,VESSEL_GUL_010,CN,fishing,1.0,trawler,0.9999999902034357,0.0,0.0,0.0,1.0,0.0,0.0,0.0,0.0,0.0,0.002430555555555555,0.6,0.0,0.6,Fishing,Fishing - Trawler
700050122,VESSEL_GUL_010,CN,fishing,1.0,trawler,0.9999999902034357,0.0,0.0,0.0,1.0,0.0,0.0,0.0,0.0,0.0,0.002430555555555555,0.6,0.0,0.6,Fishing,Fishing - Trawler
700050122,VESSEL_GUL_010,CN,fishing,1.0,trawler,0.9999999900453594,0.0,0.0,0.0,1.0,0.0,0.0,0.0,0.0,0.0,0.002430555555555555,0.6,0.0,0.6,Fishing,Fishing - Trawler
700050122,VESSEL_GUL_010,CN,transit,0.9365555555555557,trawler,0.9999999892970347,0.003,0.0016666666666666668,0.0,0.035055555555555555,0.0013333333333333335,0.0,0.018166666666666668,0.9365555555555557,0.004222222222222222,0.002430555555555555,0.0,0.0,0.002430555555555555,Transit,Fishing - Trawler
700050122,VESSEL_GUL_010,CN,transit,0.9999893247931678,trawler,0.999999990097126,0.0,0.0,0.0,0.0,0.0,1.0675206832132371e-05,0.0,0.9999893247931678,0.0,0.002430555555555555,0.0,0.0,0.002430555555555555,Transit,Fishing - Trawler
700050122,VESSEL_GUL_010,CN,transit,0.9999893247931678,trawler,0.999999990097126,0.0,0.0,0.0,0.0,0.0,1.0675206832132371e-05,0.0,0.9999893247931678,0.0,0.002430555555555555,0.0,0.0,0.002430555555555555,Transit,Fishing - Trawler
700050122,VESSEL_GUL_010,CN,transit,0.9999893247931678,trawler,0.999999990097126,0.0,0.0,0.0,0.0,0.0,1.0675206832132371e-05,0.0,0.9999893247931678,0.0,0.002430555555555555,0.0,0.0,0.002430555555555555,Transit,Fishing - Trawler
700050122,VESSEL_GUL_010,CN,transit,0.9999893247931678,trawler,0.9999999900971263,0.0,0.0,0.0,0.0,0.0,1.0675206832132371e-05,0.0,0.9999893247931678,0.0,0.002430555555555555,0.0,0.0,0.002430555555555555,Transit,Fishing - Trawler
700050122,VESSEL_GUL_010,CN,transit,0.9999893247931678,trawler,0.999999990097126,0.0,0.0,0.0,0.0,0.0,1.0675206832132371e-05,0.0,0.9999893247931678,0.0,0.002430555555555555,0.0,0.0,0.002430555555555555,Transit,Fishing - Trawler
700050122,VESSEL_GUL_010,CN,transit,0.9999893247931678,trawler,0.999999990097126,0.0,0.0,0.0,0.0,0.0,1.0675206832132371e-05,0.0,0.9999893247931678,0.0,0.002430555555555555,0.0,0.0,0.002430555555555555,Transit,Fishing - Trawler
700050122,VESSEL_GUL_010,CN,transit,0.9999893247931678,trawler,0.9999999900971276,0.0,0.0,0.0,0.0,0.0,1.0675206832132371e-05,0.0,0.9999893247931678,0.0,0.002430555555555555,0.0,0.0,0.002430555555555555,Transit,Fishing - Trawler
700050122,VESSEL_GUL_010,CN,transit,0.9999893247931678,trawler,0.999999990097126,0.0,0.0,0.0,0.0,0.0,1.0675206832132371e-05,0.0,0.9999893247931678,0.0,0.002430555555555555,0.0,0.0,0.002430555555555555,Transit,Fishing - Trawler
700050122,VESSEL_GUL_010,CN,transit,0.9983226581265012,trawler,0.999999990097126,0.0,0.0,0.0,0.0,0.0,1.0675206832132371e-05,0.0016666666666666668,0.9983226581265012,0.0,0.002430555555555555,0.0,0.0,0.002430555555555555,Transit,Fishing - Trawler
700050122,VESSEL_GUL_010,CN,transit,0.9999893247931678,trawler,0.9999999900971276,0.0,0.0,0.0,0.0,0.0,1.0675206832132371e-05,0.0,0.9999893247931678,0.0,0.002430555555555555,0.0,0.0,0.002430555555555555,Transit,Fishing - Trawler
700050122,VESSEL_GUL_010,CN,transit,0.9999893247931678,trawler,0.9999999898362367,0.0,0.0,0.0,0.0,0.0,1.0675206832132371e-05,0.0,0.9999893247931678,0.0,0.002430555555555555,0.0,0.0,0.002430555555555555,Transit,Fishing - Trawler
700050122,VESSEL_GUL_010,CN,transit,0.9999893247931678,trawler,0.9999999898362367,0.0,0.0,0.0,0.0,0.0,1.0675206832132371e-05,0.0,0.9999893247931678,0.0,0.002430555555555555,0.0,0.0,0.002430555555555555,Transit,Fishing - Trawler
700050122,VESSEL_GUL_010,CN,transit,0.9999893247931678,trawler,0.999999990097126,0.0,0.0,0.0,0.0,0.0,1.0675206832132371e-05,0.0,0.9999893247931678,0.0,0.002430555555555555,0.0,0.0,0.002430555555555555,Transit,Fishing - Trawler
700050122,VESSEL_GUL_010,CN,transit,0.9999893247931678,trawler,0.999999990097126,0.0,0.0,0.0,0.0,0.0,1.0675206832132371e-05,0.0,0.9999893247931678,0.0,0.002430555555555555,0.0,0.0,0.002430555555555555,Transit,Fishing - Trawler
700050122,VESSEL_GUL_010,CN,transit,0.9949893247931679,trawler,0.999999990097126,0.0016666666666666668,0.0,0.0,0.0,0.0,0.0016773418734987993,0.0016666666666666668,0.9949893247931679,0.0,0.002430555555555555,0.0,0.0,0.002430555555555555,Transit,Fishing - Trawler
700050122,VESSEL_GUL_010,CN,transit,0.9999893247931678,trawler,0.999999990097126,0.0,0.0,0.0,0.0,0.0,1.0675206832132371e-05,0.0,0.9999893247931678,0.0,0.002430555555555555,0.0,0.0,0.002430555555555555,Transit,Fishing - Trawler
700050122,VESSEL_GUL_010,CN,transit,0.9983226581265012,trawler,0.999999990097126,0.0,0.0,0.0,0.0,0.0,1.0675206832132371e-05,0.0016666666666666668,0.9983226581265012,0.0,0.002430555555555555,0.0,0.0,0.002430555555555555,Transit,Fishing - Trawler
700050122,VESSEL_GUL_010,CN,transit,0.9933226581265012,trawler,0.999999990097126,0.0016666666666666668,0.0,0.0,0.0033333333333333335,0.0,1.0675206832132371e-05,0.0016666666666666668,0.9933226581265012,0.0,0.002430555555555555,0.0,0.0,0.002430555555555555,Transit,Fishing - Trawler
700050122,VESSEL_GUL_010,CN,transit,0.9999893247931678,trawler,0.999999990097126,0.0,0.0,0.0,0.0,0.0,1.0675206832132371e-05,0.0,0.9999893247931678,0.0,0.002430555555555555,0.0,0.0,0.002430555555555555,Transit,Fishing - Trawler
700050122,VESSEL_GUL_010,CN,transit,0.9999893247931678,trawler,0.9999999898362367,0.0,0.0,0.0,0.0,0.0,1.0675206832132371e-05,0.0,0.9999893247931678,0.0,0.002430555555555555,0.0,0.0,0.002430555555555555,Transit,Fishing - Trawler
700050122,VESSEL_GUL_010,CN,transit,0.9999893247931678,trawler,0.9999999898362367,0.0,0.0,0.0,0.0,0.0,1.0675206832132371e-05,0.0,0.9999893247931678,0.0,0.002430555555555555,0.0,0.0,0.002430555555555555,Transit,Fishing - Trawler
700050122,VESSEL_GUL_010,CN,transit,0.9999893247931678,trawler,0.9999999898362367,0.0,0.0,0.0,0.0,0.0,1.0675206832132371e-05,0.0,0.9999893247931678,0.0,0.002430555555555555,0.0,0.0,0.002430555555555555,Transit,Fishing - Trawler
700050122,VESSEL_GUL_010,CN,transit,0.9999893247931678,trawler,0.999999990097126,0.0,0.0,0.0,0.0,0.0,1.0675206832132371e-05,0.0,0.9999893247931678,0.0,0.002430555555555555,0.0,0.0,0.002430555555555555,Transit,Fishing - Trawler
700050122,VESSEL_GUL_010,CN,transit,0.9974893247931679,trawler,0.999999990097126,0.0,0.0,0.0,0.0025,0.0,1.0675206832132371e-05,0.0,0.9974893247931679,0.0,0.002430555555555555,0.0,0.0,0.002430555555555555,Transit,Fishing - Trawler
700050122,VESSEL_GUL_010,CN,transit,0.9999893247931678,trawler,0.999999990097126,0.0,0.0,0.0,0.0,0.0,1.0675206832132371e-05,0.0,0.9999893247931678,0.0,0.002430555555555555,0.0,0.0,0.002430555555555555,Transit,Fishing - Trawler
700050122,VESSEL_GUL_010,CN,transit,0.9999893247931678,trawler,0.999999990097126,0.0,0.0,0.0,0.0,0.0,1.0675206832132371e-05,0.0,0.9999893247931678,0.0,0.002430555555555555,0.0,0.0,0.002430555555555555,Transit,Fishing - Trawler
700050122,VESSEL_GUL_010,CN,transit,0.9999893247931678,trawler,0.9999999898362354,0.0,0.0,0.0,0.0,0.0,1.0675206832132371e-05,0.0,0.9999893247931678,0.0,0.002430555555555555,0.0,0.0,0.002430555555555555,Transit,Fishing - Trawler
700050122,VESSEL_GUL_010,CN,transit,0.9999893247931678,trawler,0.999999990097126,0.0,0.0,0.0,0.0,0.0,1.0675206832132371e-05,0.0,0.9999893247931678,0.0,0.002430555555555555,0.0,0.0,0.002430555555555555,Transit,Fishing - Trawler
700050122,VESSEL_GUL_010,CN,transit,0.9999893247931678,trawler,0.999999990097126,0.0,0.0,0.0,0.0,0.0,1.0675206832132371e-05,0.0,0.9999893247931678,0.0,0.002430555555555555,0.0,0.0,0.002430555555555555,Transit,Fishing - Trawler
700050122,VESSEL_GUL_010,CN,transit,0.9999893247931678,trawler,0.9999999898362365,0.0,0.0,0.0,0.0,0.0,1.0675206832132371e-05,0.0,0.9999893247931678,0.0,0.002430555555555555,0.0,0.0,0.002430555555555555,Transit,Fishing - Trawler
700050122,VESSEL_GUL_010,CN,transit,0.9999893247931678,trawler,0.999999990097126,0.0,0.0,0.0,0.0,0.0,1.0675206832132371e-05,0.0,0.9999893247931678,0.0,0.002430555555555555,0.0,0.0,0.002430555555555555,Transit,Fishing - Trawler
700050122,VESSEL_GUL_010,CN,transit,0.9933226581265012,trawler,0.9999999900971278,0.0016666666666666668,0.0,0.0,0.0033333333333333335,0.0,0.0016773418734987993,0.0,0.9933226581265012,0.0,0.002430555555555555,0.0,0.0,0.002430555555555555,Transit,Fishing - Trawler
700050122,VESSEL_GUL_010,CN,transit,0.9999893247931678,trawler,0.999999990097126,0.0,0.0,0.0,0.0,0.0,1.0675206832132371e-05,0.0,0.9999893247931678,0.0,0.002430555555555555,0.0,0.0,0.002430555555555555,Transit,Fishing - Trawler
700050122,VESSEL_GUL_010,CN,transit,0.9977671025709456,trawler,0.999999990097126,0.0,0.0,0.0,0.0,0.0,1.0675206832132371e-05,0.0022222222222222222,0.9977671025709456,0.0,0.002430555555555555,0.0,0.0,0.002430555555555555,Transit,Fishing - Trawler
700050122,VESSEL_GUL_010,CN,transit,0.983100435904279,trawler,0.9999999900971278,0.0016666666666666668,0.0,0.0,0.0033333333333333335,0.0,1.0675206832132371e-05,0.011888888888888888,0.983100435904279,0.0,0.002430555555555555,0.0,0.0,0.002430555555555555,Transit,Fishing - Trawler
700050123,VESSEL_GUL_011,PA,transit,0.9999893247931678,longliner,0.9999999914136507,0.0,0.0,0.0,0.0,0.0,1.0675206832132371e-05,0.0,0.9999893247931678,0.0,0.002430555555555555,0.3,0.0,0.3,Transit,Fishing - Longliner
700050123,VESSEL_GUL_011,PA,transit,0.9999893247931678,longliner,0.9999999914136507,0.0,0.0,0.0,0.0,0.0,1.0675206832132371e-05,0.0,0.9999893247931678,0.0,0.002430555555555555,0.3,0.0,0.3,Transit,Fishing - Longliner
700050123,VESSEL_GUL_011,PA,transit,0.9999893247931678,longliner,0.9999999914136507,0.0,0.0,0.0,0.0,0.0,1.0675206832132371e-05,0.0,0.9999893247931678,0.0,0.002430555555555555,0.3,0.0,0.3,Transit,Fishing - Longliner
700050123,VESSEL_GUL_011,PA,transit,0.9999893247931678,longliner,0.9999999914136507,0.0,0.0,0.0,0.0,0.0,1.0675206832132371e-05,0.0,0.9999893247931678,0.0,0.002430555555555555,0.3,0.0,0.3,Transit,Fishing - Longliner
700050123,VESSEL_GUL_011,PA,transit,0.9999893247931678,longliner,0.9999999914136503,0.0,0.0,0.0,0.0,0.0,1.0675206832132371e-05,0.0,0.9999893247931678,0.0,0.002430555555555555,0.3,0.0,0.3,Transit,Fishing - Longliner
700050123,VESSEL_GUL_011,PA,transit,0.9999893247931678,longliner,0.9999999914136507,0.0,0.0,0.0,0.0,0.0,1.0675206832132371e-05,0.0,0.9999893247931678,0.0,0.002430555555555555,0.3,0.0,0.3,Transit,Fishing - Longliner
700050123,VESSEL_GUL_011,PA,transit,0.9999893247931678,longliner,0.9999999914136507,0.0,0.0,0.0,0.0,0.0,1.0675206832132371e-05,0.0,0.9999893247931678,0.0,0.002430555555555555,0.3,0.0,0.3,Transit,Fishing - Longliner
700050123,VESSEL_GUL_011,PA,transit,0.9977671025709456,longliner,0.9999999915271011,0.0,0.0,0.0,0.0022222222222222222,0.0,1.0675206832132371e-05,0.0,0.9977671025709456,0.0,0.002430555555555555,0.3,0.0,0.3,Transit,Fishing - Longliner
700050123,VESSEL_GUL_011,PA,transit,0.9999893247931678,longliner,0.9999999914136507,0.0,0.0,0.0,0.0,0.0,1.0675206832132371e-05,0.0,0.9999893247931678,0.0,0.002430555555555555,0.3,0.0,0.3,Transit,Fishing - Longliner
700050123,VESSEL_GUL_011,PA,transit,0.9999893247931678,longliner,0.9999999914136507,0.0,0.0,0.0,0.0,0.0,1.0675206832132371e-05,0.0,0.9999893247931678,0.0,0.002430555555555555,0.3,0.0,0.3,Transit,Fishing - Longliner
700050123,VESSEL_GUL_011,PA,transit,0.9999893247931678,longliner,0.9999999914136507,0.0,0.0,0.0,0.0,0.0,1.0675206832132371e-05,0.0,0.9999893247931678,0.0,0.002430555555555555,0.3,0.0,0.3,Transit,Fishing - Longliner
700050123,VESSEL_GUL_011,PA,transit,0.9999893247931678,longliner,0.9999999914136507,0.0,0.0,0.0,0.0,0.0,1.0675206832132371e-05,0.0,0.9999893247931678,0.0,0.002430555555555555,0.3,0.0,0.3,Transit,Fishing - Longliner
700050123,VESSEL_GUL_011,PA,fishing,0.8870793650793649,longliner,0.9999999910763196,0.007388888888888889,0.0,0.0,0.8870793650793649,0.0038888888888888883,0.00861111111111111,0.0,0.09219841269841272,0.0008333333333333334,0.002430555555555555,0.8999999999999999,0.0,0.8999999999999999,Fishing,Fishing - Longliner
700050123,VESSEL_GUL_011,PA,fishing,0.9877777777777779,longliner,0.9999999910750684,0.0,0.0,0.0,0.9877777777777779,0.0016666666666666668,0.0033333333333333335,0.0,0.005555555555555555,0.0016666666666666668,0.002430555555555555,0.8999999999999999,0.0,0.8999999999999999,Fishing,Fishing - Longliner
700050123,VESSEL_GUL_011,PA,fishing,1.0,longliner,0.9999999925404502,0.0,0.0,0.0,1.0,0.0,0.0,0.0,0.0,0.0,0.002430555555555555,0.8999999999999999,0.0,0.8999999999999999,Fishing,Fishing - Longliner
700050123,VESSEL_GUL_011,PA,fishing,1.0,longliner,0.9999999930805576,0.0,0.0,0.0,1.0,0.0,0.0,0.0,0.0,0.0,0.002430555555555555,0.8999999999999999,0.0,0.8999999999999999,Fishing,Fishing - Longliner
700050123,VESSEL_GUL_011,PA,fishing,1.0,longliner,0.9999999930805576,0.0,0.0,0.0,1.0,0.0,0.0,0.0,0.0,0.0,0.002430555555555555,0.8999999999999999,0.0,0.8999999999999999,Fishing,Fishing - Longliner
700050123,VESSEL_GUL_011,PA,fishing,0.9944444444444444,longliner,0.9999999921636501,0.0,0.0,0.0,0.9944444444444444,0.0033333333333333335,0.0,0.0022222222222222222,0.0,0.0,0.002430555555555555,0.8999999999999999,0.0,0.8999999999999999,Fishing,Fishing - Longliner
700050123,VESSEL_GUL_011,PA,fishing,0.9883333333333335,longliner,0.9999999914978116,0.0033333333333333335,0.0,0.0,0.9883333333333335,0.007222222222222222,0.0,0.0,0.0,0.0011111111111111111,0.002430555555555555,0.8999999999999999,0.0,0.8999999999999999,Fishing,Fishing - Longliner
700050123,VESSEL_GUL_011,PA,fishing,1.0,longliner,0.9999999930805576,0.0,0.0,0.0,1.0,0.0,0.0,0.0,0.0,0.0,0.002430555555555555,0.8999999999999999,0.0,0.8999999999999999,Fishing,Fishing - Longliner
700050123,VESSEL_GUL_011,PA,fishing,1.0,longliner,0.9999999927686387,0.0,0.0,0.0,1.0,0.0,0.0,0.0,0.0,0.0,0.002430555555555555,0.8999999999999999,0.0,0.8999999999999999,Fishing,Fishing - Longliner
700050123,VESSEL_GUL_011,PA,fishing,1.0,longliner,0.9999999927689232,0.0,0.0,0.0,1.0,0.0,0.0,0.0,0.0,0.0,0.002430555555555555,0.8999999999999999,0.0,0.8999999999999999,Fishing,Fishing - Longliner
700050123,VESSEL_GUL_011,PA,fishing,1.0,longliner,0.9999999930805576,0.0,0.0,0.0,1.0,0.0,0.0,0.0,0.0,0.0,0.002430555555555555,0.8999999999999999,0.0,0.8999999999999999,Fishing,Fishing - Longliner
700050123,VESSEL_GUL_011,PA,fishing,1.0,longliner,0.9999999930805576,0.0,0.0,0.0,1.0,0.0,0.0,0.0,0.0,0.0,0.002430555555555555,0.8999999999999999,0.0,0.8999999999999999,Fishing,Fishing - Longliner
700050123,VESSEL_GUL_011,PA,fishing,1.0,longliner,0.9999999930805576,0.0,0.0,0.0,1.0,0.0,0.0,0.0,0.0,0.0,0.002430555555555555,0.8999999999999999,0.0,0.8999999999999999,Fishing,Fishing - Longliner
700050123,VESSEL_GUL_011,PA,fishing,1.0,longliner,0.9999999930805576,0.0,0.0,0.0,1.0,0.0,0.0,0.0,0.0,0.0,0.002430555555555555,0.8999999999999999,0.0,0.8999999999999999,Fishing,Fishing - Longliner
700050123,VESSEL_GUL_011,PA,fishing,0.9983333333333333,longliner,0.9999999930805576,0.0,0.0,0.0,0.9983333333333333,0.0016666666666666668,0.0,0.0,0.0,0.0,0.002430555555555555,0.8999999999999999,0.0,0.8999999999999999,Fishing,Fishing - Longliner
700050123,VESSEL_GUL_011,PA,fishing,0.9925,longliner,0.9999999930805576,0.0,0.0,0.0,0.9925,0.0075,0.0,0.0,0.0,0.0,0.002430555555555555,0.8999999999999999,0.0,0.8999999999999999,Fishing,Fishing - Longliner
700050123,VESSEL_GUL_011,PA,fishing,1.0,longliner,0.9999999930805576,0.0,0.0,0.0,1.0,0.0,0.0,0.0,0.0,0.0,0.002430555555555555,0.8999999999999999,0.0,0.8999999999999999,Fishing,Fishing - Longliner
700050123,VESSEL_GUL_011,PA,fishing,1.0,longliner,0.9999999930805576,0.0,0.0,0.0,1.0,0.0,0.0,0.0,0.0,0.0,0.002430555555555555,0.8999999999999999,0.0,0.8999999999999999,Fishing,Fishing - Longliner
700050123,VESSEL_GUL_011,PA,fishing,1.0,longliner,0.9999999930805576,0.0,0.0,0.0,1.0,0.0,0.0,0.0,0.0,0.0,0.002430555555555555,0.8999999999999999,0.0,0.8999999999999999,Fishing,Fishing - Longliner
700050123,VESSEL_GUL_011,PA,fishing,1.0,longliner,0.9999999930805576,0.0,0.0,0.0,1.0,0.0,0.0,0.0,0.0,0.0,0.002430555555555555,0.8999999999999999,0.0,0.8999999999999999,Fishing,Fishing - Longliner
700050123,VESSEL_GUL_011,PA,fishing,1.0,longliner,0.9999999930805576,0.0,0.0,0.0,1.0,0.0,0.0,0.0,0.0,0.0,0.002430555555555555,0.8999999999999999,0.0,0.8999999999999999,Fishing,Fishing - Longliner
700050123,VESSEL_GUL_011,PA,fishing,1.0,longliner,0.9999999927686387,0.0,0.0,0.0,1.0,0.0,0.0,0.0,0.0,0.0,0.002430555555555555,0.8999999999999999,0.0,0.8999999999999999,Fishing,Fishing - Longliner
700050123,VESSEL_GUL_011,PA,fishing,1.0,longliner,0.9999999927689232,0.0,0.0,0.0,1.0,0.0,0.0,0.0,0.0,0.0,0.002430555555555555,0.8999999999999999,0.0,0.8999999999999999,Fishing,Fishing - Longliner
700050123,VESSEL_GUL_011,PA,fishing,1.0,longliner,0.9999999930805576,0.0,0.0,0.0,1.0,0.0,0.0,0.0,0.0,0.0,0.002430555555555555,0.8999999999999999,0.0,0.8999999999999999,Fishing,Fishing - Longliner
700050123,VESSEL_GUL_011,PA,fishing,0.9986666666666667,longliner,0.9999999930805576,0.0,0.0,0.0,0.9986666666666667,0.0,0.0,0.0,0.0,0.0013333333333333335,0.002430555555555555,0.8999999999999999,0.0,0.8999999999999999,Fishing,Fishing - Longliner
700050123,VESSEL_GUL_011,PA,fishing,1.0,longliner,0.9999999930805576,0.0,0.0,0.0,1.0,0.0,0.0,0.0,0.0,0.0,0.002430555555555555,0.8999999999999999,0.0,0.8999999999999999,Fishing,Fishing - Longliner
700050123,VESSEL_GUL_011,PA,fishing,1.0,longliner,0.9999999930805576,0.0,0.0,0.0,1.0,0.0,0.0,0.0,0.0,0.0,0.002430555555555555,0.8999999999999999,0.0,0.8999999999999999,Fishing,Fishing - Longliner
700050123,VESSEL_GUL_011,PA,fishing,0.9983333333333333,longliner,0.9999999913495007,0.0,0.0,0.0,0.9983333333333333,0.0,0.0,0.0,0.0,0.0016666666666666668,0.002430555555555555,0.8999999999999999,0.0,0.8999999999999999,Fishing,Fishing - Longliner
700050123,VESSEL_GUL_011,PA,transit,0.943047619047619,longliner,0.9999999908984468,0.0,0.005,0.009444444444444445,0.028999999999999998,0.006174603174603174,0.0,0.0016666666666666668,0.943047619047619,0.005666666666666667,0.002430555555555555,0.3,0.0,0.3,Transit,Fishing - Longliner
700050123,VESSEL_GUL_011,PA,transit,0.9999893247931678,longliner,0.9999999907788449,0.0,0.0,0.0,0.0,0.0,1.0675206832132371e-05,0.0,0.9999893247931678,0.0,0.002430555555555555,0.3,0.0,0.3,Transit,Fishing - Longliner
700050123,VESSEL_GUL_011,PA,transit,0.9999893247931678,longliner,0.9999999907774101,0.0,0.0,0.0,0.0,0.0,1.0675206832132371e-05,0.0,0.9999893247931678,0.0,0.002430555555555555,0.3,0.0,0.3,Transit,Fishing - Longliner
700050123,VESSEL_GUL_011,PA,transit,0.9999893247931678,longliner,0.9999999914136507,0.0,0.0,0.0,0.0,0.0,1.0675206832132371e-05,0.0,0.9999893247931678,0.0,0.002430555555555555,0.3,0.0,0.3,Transit,Fishing - Longliner
700050123,VESSEL_GUL_011,PA,transit,0.9999893247931678,longliner,0.9999999914136507,0.0,0.0,0.0,0.0,0.0,1.0675206832132371e-05,0.0,0.9999893247931678,0.0,0.002430555555555555,0.3,0.0,0.3,Transit,Fishing - Longliner
700050123,VESSEL_GUL_011,PA,transit,0.9462850641415386,longliner,0.9999999916824153,0.0,0.0,0.0,0.03133918128654971,0.0057777777777777775,0.01659797679413372,0.0,0.9462850641415386,0.0,0.002430555555555555,0.3,0.0,0.3,Transit,Fishing - Longliner
700050123,VESSEL_GUL_011,PA,fishing,0.9872222222222221,longliner,0.9999999910747218,0.0,0.0,0.0,0.9872222222222221,0.005,0.0,0.0,0.0044444444444444444,0.0033333333333333335,0.002430555555555555,0.8999999999999999,0.0,0.8999999999999999,Fishing,Fishing - Longliner
700050123,VESSEL_GUL_011,PA,fishing,1.0,longliner,0.9999999822118711,0.0,0.0,0.0,1.0,0.0,0.0,0.0,0.0,0.0,0.002430555555555555,0.8999999999999999,0.0,0.8999999999999999,Fishing,Fishing - Longliner
700050123,VESSEL_GUL_011,PA,fishing,1.0,longliner,0.9999999913122138,0.0,0.0,0.0,1.0,0.0,0.0,0.0,0.0,0.0,0.002430555555555555,0.8999999999999999,0.0,0.8999999999999999,Fishing,Fishing - Longliner
700050123,VESSEL_GUL_011,PA,fishing,1.0,longliner,0.9999999930805576,0.0,0.0,0.0,1.0,0.0,0.0,0.0,0.0,0.0,0.002430555555555555,0.8999999999999999,0.0,0.8999999999999999,Fishing,Fishing - Longliner
700050123,VESSEL_GUL_011,PA,fishing,1.0,longliner,0.9999999925377941,0.0,0.0,0.0,1.0,0.0,0.0,0.0,0.0,0.0,0.002430555555555555,0.8999999999999999,0.0,0.8999999999999999,Fishing,Fishing - Longliner
700050123,VESSEL_GUL_011,PA,fishing,1.0,longliner,0.9999999925380786,0.0,0.0,0.0,1.0,0.0,0.0,0.0,0.0,0.0,0.002430555555555555,0.8999999999999999,0.0,0.8999999999999999,Fishing,Fishing - Longliner
700050123,VESSEL_GUL_011,PA,fishing,1.0,longliner,0.999999992290666,0.0,0.0,0.0,1.0,0.0,0.0,0.0,0.0,0.0,0.002430555555555555,0.8999999999999999,0.0,0.8999999999999999,Fishing,Fishing - Longliner
700050123,VESSEL_GUL_011,PA,fishing,1.0,longliner,0.9999999922903816,0.0,0.0,0.0,1.0,0.0,0.0,0.0,0.0,0.0,0.002430555555555555,0.8999999999999999,0.0,0.8999999999999999,Fishing,Fishing - Longliner
700050123,VESSEL_GUL_011,PA,fishing,0.9917777777777776,longliner,0.9999999913792558,0.0,0.0,0.0,0.9917777777777776,0.0037777777777777775,0.0,0.0044444444444444444,0.0,0.0,0.002430555555555555,0.8999999999999999,0.0,0.8999999999999999,Fishing,Fishing - Longliner
700050123,VESSEL_GUL_011,PA,fishing,1.0,longliner,0.9999999930805576,0.0,0.0,0.0,1.0,0.0,0.0,0.0,0.0,0.0,0.002430555555555555,0.8999999999999999,0.0,0.8999999999999999,Fishing,Fishing - Longliner
700050123,VESSEL_GUL_011,PA,fishing,1.0,longliner,0.9999999930805576,0.0,0.0,0.0,1.0,0.0,0.0,0.0,0.0,0.0,0.002430555555555555,0.8999999999999999,0.0,0.8999999999999999,Fishing,Fishing - Longliner
700050123,VESSEL_GUL_011,PA,fishing,1.0,longliner,0.9999999930805576,0.0,0.0,0.0,1.0,0.0,0.0,0.0,0.0,0.0,0.002430555555555555,0.8999999999999999,0.0,0.8999999999999999,Fishing,Fishing - Longliner
700050123,VESSEL_GUL_011,PA,fishing,1.0,longliner,0.9999999925377941,0.0,0.0,0.0,1.0,0.0,0.0,0.0,0.0,0.0,0.002430555555555555,0.8999999999999999,0.0,0.8999999999999999,Fishing,Fishing - Longliner
700050123,VESSEL_GUL_011,PA,fishing,0.9983333333333333,longliner,0.9999999925377941,0.0,0.0,0.0,0.9983333333333333,0.0016666666666666668,0.0,0.0,0.0,0.0,0.002430555555555555,0.8999999999999999,0.0,0.8999999999999999,Fishing,Fishing - Longliner
700050123,VESSEL_GUL_011,PA,fishing,0.9933333333333333,longliner,0.9999999927172705,0.0,0.0,0.0,0.9933333333333333,0.006666666666666667,0.0,0.0,0.0,0.0,0.002430555555555555,0.8999999999999999,0.0,0.8999999999999999,Fishing,Fishing - Longliner
700050123,VESSEL_GUL_011,PA,fishing,1.0,longliner,0.9999999927172705,0.0,0.0,0.0,1.0,0.0,0.0,0.0,0.0,0.0,0.002430555555555555,0.8999999999999999,0.0,0.8999999999999999,Fishing,Fishing - Longliner
700050123,VESSEL_GUL_011,PA,fishing,1.0,longliner,0.9999999922903816,0.0,0.0,0.0,1.0,0.0,0.0,0.0,0.0,0.0,0.002430555555555555,0.8999999999999999,0.0,0.8999999999999999,Fishing,Fishing - Longliner
700050123,VESSEL_GUL_011,PA,fishing,1.0,longliner,0.9999999927686387,0.0,0.0,0.0,1.0,0.0,0.0,0.0,0.0,0.0,0.002430555555555555,0.8999999999999999,0.0,0.8999999999999999,Fishing,Fishing - Longliner
700050123,VESSEL_GUL_011,PA,fishing,1.0,longliner,0.9999999930805576,0.0,0.0,0.0,1.0,0.0,0.0,0.0,0.0,0.0,0.002430555555555555,0.8999999999999999,0.0,0.8999999999999999,Fishing,Fishing - Longliner
700050123,VESSEL_GUL_011,PA,fishing,1.0,longliner,0.9999999927686387,0.0,0.0,0.0,1.0,0.0,0.0,0.0,0.0,0.0,0.002430555555555555,0.8999999999999999,0.0,0.8999999999999999,Fishing,Fishing - Longliner
700050123,VESSEL_GUL_011,PA,fishing,0.9963333333333333,longliner,0.9999999913688374,0.0,0.0,0.0,0.9963333333333333,0.0,0.0,0.0,0.0,0.003666666666666667,0.002430555555555555,0.8999999999999999,0.0,0.8999999999999999,Fishing,Fishing - Longliner
700050123,VESSEL_GUL_011,PA,transit,0.8252301587301586,longliner,0.9999999910750684,0.0,0.0033333333333333335,0.0025,0.1299365079365079,0.022833333333333334,0.00561111111111111,0.0033333333333333335,0.8252301587301586,0.007222222222222222,0.002430555555555555,0.3,0.0,0.3,Transit,Fishing - Longliner
700050123,VESSEL_GUL_011,PA,transit,0.9977671025709458,longliner,0.9999999906462388,0.0,0.0022222222222222222,0.0,0.0,0.0,1.0675206832132371e-05,0.0,0.9977671025709458,0.0,0.002430555555555555,0.3,0.0,0.3,Transit,Fishing - Longliner
700050123,VESSEL_GUL_011,PA,transit,0.9983226581265012,longliner,0.9999999914136503,0.0016666666666666668,0.0,0.0,0.0,0.0,1.0675206832132371e-05,0.0,0.9983226581265012,0.0,0.002430555555555555,0.3,0.0,0.3,Transit,Fishing - Longliner
700050123,VESSEL_GUL_011,PA,transit,0.9999893247931678,longliner,0.9999999912901928,0.0,0.0,0.0,0.0,0.0,1.0675206832132371e-05,0.0,0.9999893247931678,0.0,0.002430555555555555,0.3,0.0,0.3,Transit,Fishing - Longliner
700050123,VESSEL_GUL_011,PA,transit,0.9966559914598345,longliner,0.9999999914136507,0.0011111111111111111,0.0,0.0022222222222222222,0.0,0.0,1.0675206832132371e-05,0.0,0.9966559914598345,0.0,0.002430555555555555,0.3,0.0,0.3,Transit,Fishing - Longliner
700050123,VESSEL_GUL_011,PA,transit,0.9999893247931678,longliner,0.9999999914136507,0.0,0.0,0.0,0.0,0.0,1.0675206832132371e-05,0.0,0.9999893247931678,0.0,0.002430555555555555,0.3,0.0,0.3,Transit,Fishing - Longliner
700050123,VESSEL_GUL_011,PA,transit,0.9999893247931678,longliner,0.9999999914136507,0.0,0.0,0.0,0.0,0.0,1.0675206832132371e-05,0.0,0.9999893247931678,0.0,0.002430555555555555,0.3,0.0,0.3,Transit,Fishing - Longliner
700050123,VESSEL_GUL_011,PA,transit,0.9999893247931678,longliner,0.9999999914426182,0.0,0.0,0.0,0.0,0.0,1.0675206832132371e-05,0.0,0.9999893247931678,0.0,0.002430555555555555,0.3,0.0,0.3,Transit,Fishing - Longliner
700050123,VESSEL_GUL_011,PA,transit,0.9999893247931678,longliner,0.9999999914136507,0.0,0.0,0.0,0.0,0.0,1.0675206832132371e-05,0.0,0.9999893247931678,0.0,0.002430555555555555,0.3,0.0,0.3,Transit,Fishing - Longliner
700050123,VESSEL_GUL_011,PA,transit,0.9999893247931678,longliner,0.9999999914426182,0.0,0.0,0.0,0.0,0.0,1.0675206832132371e-05,0.0,0.9999893247931678,0.0,0.002430555555555555,0.3,0.0,0.3,Transit,Fishing - Longliner
700050123,VESSEL_GUL_011,PA,transit,0.9999893247931678,longliner,0.9999999914136507,0.0,0.0,0.0,0.0,0.0,1.0675206832132371e-05,0.0,0.9999893247931678,0.0,0.002430555555555555,0.3,0.0,0.3,Transit,Fishing - Longliner
700050123,VESSEL_GUL_011,PA,transit,0.9999893247931678,longliner,0.9999999914136507,0.0,0.0,0.0,0.0,0.0,1.0675206832132371e-05,0.0,0.9999893247931678,0.0,0.002430555555555555,0.3,0.0,0.3,Transit,Fishing - Longliner
700050123,VESSEL_GUL_011,PA,transit,0.9999893247931678,longliner,0.9999999914136507,0.0,0.0,0.0,0.0,0.0,1.0675206832132371e-05,0.0,0.9999893247931678,0.0,0.002430555555555555,0.3,0.0,0.3,Transit,Fishing - Longliner
700050123,VESSEL_GUL_011,PA,transit,0.9999893247931678,longliner,0.9999999914136507,0.0,0.0,0.0,0.0,0.0,1.0675206832132371e-05,0.0,0.9999893247931678,0.0,0.002430555555555555,0.3,0.0,0.3,Transit,Fishing - Longliner
700050123,VESSEL_GUL_011,PA,transit,0.9999893247931678,longliner,0.9999999914136507,0.0,0.0,0.0,0.0,0.0,1.0675206832132371e-05,0.0,0.9999893247931678,0.0,0.002430555555555555,0.3,0.0,0.3,Transit,Fishing - Longliner
700050123,VESSEL_GUL_011,PA,transit,0.9999893247931678,longliner,0.9999999914426182,0.0,0.0,0.0,0.0,0.0,1.0675206832132371e-05,0.0,0.9999893247931678,0.0,0.002430555555555555,0.3,0.0,0.3,Transit,Fishing - Longliner
700050123,VESSEL_GUL_011,PA,transit,0.9991559914598346,longliner,0.9999999914426182,0.0,0.0,0.0,0.0,0.0,1.0675206832132371e-05,0.0008333333333333334,0.9991559914598346,0.0,0.002430555555555555,0.3,0.0,0.3,Transit,Fishing - Longliner
700050123,VESSEL_GUL_011,PA,transit,0.9999893247931678,longliner,0.9999999914136507,0.0,0.0,0.0,0.0,0.0,1.0675206832132371e-05,0.0,0.9999893247931678,0.0,0.002430555555555555,0.3,0.0,0.3,Transit,Fishing - Longliner
700050124,VESSEL_GUL_012,GH,transit,0.9999893247931678,purse_seiner,0.9999999927442484,0.0,0.0,0.0,0.0,0.0,1.0675206832132371e-05,0.0,0.9999893247931678,0.0,0.002430555555555555,0.0,0.0,0.002430555555555555,Transit,Fishing - Purse Seiner
700050124,VESSEL_GUL_012,GH,transit,0.9999893247931678,purse_seiner,0.9999999927444507,0.0,0.0,0.0,0.0,0.0,1.0675206832132371e-05,0.0,0.9999893247931678,0.0,0.002430555555555555,0.0,0.0,0.002430555555555555,Transit,Fishing - Purse Seiner
700050124,VESSEL_GUL_012,GH,transit,0.9999893247931678,purse_seiner,0.99999999161121,0.0,0.0,0.0,0.0,0.0,1.0675206832132371e-05,0.0,0.9999893247931678,0.0,0.002430555555555555,0.0,0.0,0.002430555555555555,Transit,Fishing - Purse Seiner
700050124,VESSEL_GUL_012,GH,transit,0.9999893247931678,purse_seiner,0.9999999927451779,0.0,0.0,0.0,0.0,0.0,1.0675206832132371e-05,0.0,0.9999893247931678,0.0,0.002430555555555555,0.0,0.0,0.002430555555555555,Transit,Fishing - Purse Seiner
700050124,VESSEL_GUL_012,GH,transit,0.9999893247931678,purse_seiner,0.9999999927444505,0.0,0.0,0.0,0.0,0.0,1.0675206832132371e-05,0.0,0.9999893247931678,0.0,0.002430555555555555,0.0,0.0,0.002430555555555555,Transit,Fishing - Purse Seiner
700050124,VESSEL_GUL_012,GH,transit,0.9988782136820566,purse_seiner,0.9999999927488576,0.0,0.0,0.0,0.0011111111111111111,0.0,1.0675206832132371e-05,0.0,0.9988782136820566,0.0,0.002430555555555555,0.0,0.0,0.002430555555555555,Transit,Fishing - Purse Seiner
700050124,VESSEL_GUL_012,GH,fishing,0.799140768588137,purse_seiner,0.9999999924371902,0.0,0.0,0.0,0.799140768588137,0.005,0.02666666666666667,0.0,0.1672481203007519,0.0019444444444444442,0.002430555555555555,0.6,0.0,0.6,Fishing,Fishing - Purse Seiner
700050124,VESSEL_GUL_012,GH,fishing,0.9036725146198831,purse_seiner,0.9999999923835926,0.0,0.0,0.0,0.9036725146198831,0.0,0.041944444444444444,0.0,0.05438304093567252,0.0,0.002430555555555555,0.6,0.0,0.6,Fishing,Fishing - Purse Seiner
700050124,VESSEL_GUL_012,GH,fishing,0.9718888888888889,purse_seiner,0.9999999921087156,0.0,0.0006666666666666668,0.0,0.9718888888888889,0.0,0.0016666666666666668,0.0,0.025777777777777778,0.0,0.002430555555555555,0.6,0.0,0.6,Fishing,Fishing - Purse Seiner
700050124,VESSEL_GUL_012,GH,fishing,1.0,purse_seiner,0.9999999923963426,0.0,0.0,0.0,1.0,0.0,0.0,0.0,0.0,0.0,0.002430555555555555,0.6,0.0,0.6,Fishing,Fishing - Purse Seiner
700050124,VESSEL_GUL_012,GH,fishing,0.9957777777777779,purse_seiner,0.9999999923963426,0.0,0.0006666666666666668,0.0,0.9957777777777779,0.0,0.0022222222222222222,0.0,0.0013333333333333335,0.0,0.002430555555555555,0.6,0.0,0.6,Fishing,Fishing - Purse Seiner
700050124,VESSEL_GUL_012,GH,fishing,0.9946666666666666,purse_seiner,0.9999999923963426,0.0,0.0006666666666666668,0.0,0.9946666666666666,0.0033333333333333335,0.0,0.0,0.0013333333333333335,0.0,0.002430555555555555,0.6,0.0,0.6,Fishing,Fishing - Purse Seiner
700050124,VESSEL_GUL_012,GH,fishing,0.9944444444444444,purse_seiner,0.9999999909105609,0.0,0.0,0.0,0.9944444444444444,0.005555555555555555,0.0,0.0,0.0,0.0,0.002430555555555555,0.6,0.0,0.6,Fishing,Fishing - Purse Seiner
700050124,VESSEL_GUL_012,GH,fishing,0.995,purse_seiner,0.9999999898688957,0.0,0.0,0.0,0.995,0.005,0.0,0.0,0.0,0.0,0.002430555555555555,0.6,0.0,0.6,Fishing,Fishing - Purse Seiner
700050124,VESSEL_GUL_012,GH,fishing,1.0,purse_seiner,0.999999991241859,0.0,0.0,0.0,1.0,0.0,0.0,0.0,0.0,0.0,0.002430555555555555,0.6,0.0,0.6,Fishing,Fishing - Purse Seiner
700050124,VESSEL_GUL_012,GH,fishing,0.9983333333333333,purse_seiner,0.999999991241859,0.0,0.0,0.0,0.9983333333333333,0.0016666666666666668,0.0,0.0,0.0,0.0,0.002430555555555555,0.6,0.0,0.6,Fishing,Fishing - Purse Seiner
700050124,VESSEL_GUL_012,GH,fishing,1.0,purse_seiner,0.9999999923963426,0.0,0.0,0.0,1.0,0.0,0.0,0.0,0.0,0.0,0.002430555555555555,0.6,0.0,0.6,Fishing,Fishing - Purse Seiner
700050124,VESSEL_GUL_012,GH,fishing,1.0,purse_seiner,0.9999999923963426,0.0,0.0,0.0,1.0,0.0,0.0,0.0,0.0,0.0,0.002430555555555555,0.6,0.0,0.6,Fishing,Fishing - Purse Seiner
700050124,VESSEL_GUL_012,GH,fishing,1.0,purse_seiner,0.9999999923963426,0.0,0.0,0.0,1.0,0.0,0.0,0.0,0.0,0.0,0.002430555555555555,0.6,0.0,0.6,Fishing,Fishing - Purse Seiner
700050124,VESSEL_GUL_012,GH,fishing,1.0,purse_seiner,0.9999999923963426,0.0,0.0,0.0,1.0,0.0,0.0,0.0,0.0,0.0,0.002430555555555555,0.6,0.0,0.6,Fishing,Fishing - Purse Seiner
700050124,VESSEL_GUL_012,GH,fishing,1.0,purse_seiner,0.9999999923963426,0.0,0.0,0.0,1.0,0.0,0.0,0.0,0.0,0.0,0.002430555555555555,0.6,0.0,0.6,Fishing,Fishing - Purse Seiner
700050124,VESSEL_GUL_012,GH,fishing,1.0,purse_seiner,0.9999999923963426,0.0,0.0,0.0,1.0,0.0,0.0,0.0,0.0,0.0,0.002430555555555555,0.6,0.0,0.6,Fishing,Fishing - Purse Seiner
700050124,VESSEL_GUL_012,GH,fishing,1.0,purse_seiner,0.9999999923963426,0.0,0.0,0.0,1.0,0.0,0.0,0.0,0.0,0.0,0.002430555555555555,0.6,0.0,0.6,Fishing,Fishing - Purse Seiner
700050124,VESSEL_GUL_012,GH,fishing,1.0,purse_seiner,0.9999999923963426,0.0,0.0,0.0,1.0,0.0,0.0,0.0,0.0,0.0,0.002430555555555555,0.6,0.0,0.6,Fishing,Fishing - Purse Seiner
700050124,VESSEL_GUL_012,GH,transit,0.8082539682539682,purse_seiner,0.9999999920996269,0.0,0.0,0.0,0.10433333333333332,0.0373015873015873,0.0025,0.03716666666666666,0.8082539682539682,0.010444444444444444,0.002430555555555555,0.0,0.0,0.002430555555555555,Transit,Fishing - Purse Seiner
700050124,VESSEL_GUL_012,GH,transit,0.9999893247931678,purse_seiner,0.999999992204971,0.0,0.0,0.0,0.0,0.0,1.0675206832132371e-05,0.0,0.9999893247931678,0.0,0.002430555555555555,0.0,0.0,0.002430555555555555,Transit,Fishing - Purse Seiner
700050124,VESSEL_GUL_012,GH,transit,0.9999893247931678,purse_seiner,0.9999999927442484,0.0,0.0,0.0,0.0,0.0,1.0675206832132371e-05,0.0,0.9999893247931678,0.0,0.002430555555555555,0.0,0.0,0.002430555555555555,Transit,Fishing - Purse Seiner
700050124,VESSEL_GUL_012,GH,transit,0.9999893247931678,purse_seiner,0.9999999927442484,0.0,0.0,0.0,0.0,0.0,1.0675206832132371e-05,0.0,0.9999893247931678,0.0,0.002430555555555555,0.0,0.0,0.002430555555555555,Transit,Fishing - Purse Seiner
700050124,VESSEL_GUL_012,GH,fishing,0.6742836257309942,purse_seiner,0.9999999922475947,0.0,0.0,0.0,0.6742836257309942,0.0011111111111111111,0.06969841269841269,0.0,0.2537957393483709,0.0011111111111111111,0.002430555555555555,0.6,0.0,0.6,Fishing,Fishing - Purse Seiner
700050124,VESSEL_GUL_012,GH,fishing,0.9582222222222223,purse_seiner,0.9999999923874402,0.0,0.0,0.0,0.9582222222222223,0.004166666666666667,0.012333333333333333,0.0,0.022500000000000003,0.0027777777777777775,0.002430555555555555,0.6,0.0,0.6,Fishing,Fishing - Purse Seiner
700050124,VESSEL_GUL_012,GH,fishing,1.0,purse_seiner,0.9999999923963426,0.0,0.0,0.0,1.0,0.0,0.0,0.0,0.0,0.0,0.002430555555555555,0.6,0.0,0.6,Fishing,Fishing - Purse Seiner
700050124,VESSEL_GUL_012,GH,fishing,0.9850000000000002,purse_seiner,0.9999999923963426,0.0,0.0,0.0,0.9850000000000002,0.007,0.0,0.0,0.005555555555555555,0.002444444444444445,0.002430555555555555,0.6,0.0,0.6,Fishing,Fishing - Purse Seiner
700050124,VESSEL_GUL_012,GH,fishing,1.0,purse_seiner,0.9999999923963426,0.0,0.0,0.0,1.0,0.0,0.0,0.0,0.0,0.0,0.002430555555555555,0.6,0.0,0.6,Fishing,Fishing - Purse Seiner
700050124,VESSEL_GUL_012,GH,fishing,1.0,purse_seiner,0.9999999923963426,0.0,0.0,0.0,1.0,0.0,0.0,0.0,0.0,0.0,0.002430555555555555,0.6,0.0,0.6,Fishing,Fishing - Purse Seiner
700050124,VESSEL_GUL_012,GH,fishing,0.9966666666666667,purse_seiner,0.9999999923963426,0.0,0.0,0.0,0.9966666666666667,0.0033333333333333335,0.0,0.0,0.0,0.0,0.002430555555555555,0.6,0.0,0.6,Fishing,Fishing - Purse Seiner
700050124,VESSEL_GUL_012,GH,fishing,1.0,purse_seiner,0.9999999923963426,0.0,0.0,0.0,1.0,0.0,0.0,0.0,0.0,0.0,0.002430555555555555,0.6,0.0,0.6,Fishing,Fishing - Purse Seiner
700050124,VESSEL_GUL_012,GH,fishing,0.9966666666666667,purse_seiner,0.9999999923963411,0.0,0.0,0.0,0.9966666666666667,0.0033333333333333335,0.0,0.0,0.0,0.0,0.002430555555555555,0.6,0.0,0.6,Fishing,Fishing - Purse Seiner
700050124,VESSEL_GUL_012,GH,fishing,0.9966666666666667,purse_seiner,0.9999999921087143,0.0,0.0,0.0,0.9966666666666667,0.0033333333333333335,0.0,0.0,0.0,0.0,0.002430555555555555,0.6,0.0,0.6,Fishing,Fishing - Purse Seiner
700050124,VESSEL_GUL_012,GH,fishing,0.8863650793650794,purse_seiner,0.9999999921001704,0.0016666666666666668,0.0,0.0,0.8863650793650794,0.0027777777777777775,0.0,0.0,0.09919047619047622,0.01,0.002430555555555555,0.6,0.0,0.6,Fishing,Fishing - Purse Seiner
700050124,VESSEL_GUL_012,GH,transit,0.9966559914598345,purse_seiner,0.999999992206548,0.0,0.0,0.0,0.0033333333333333335,0.0,1.0675206832132371e-05,0.0,0.9966559914598345,0.0,0.002430555555555555,0.0,0.0,0.002430555555555555,Transit,Fishing - Purse Seiner
700050124,VESSEL_GUL_012,GH,transit,0.9999893247931678,purse_seiner,0.9999999927453795,0.0,0.0,0.0,0.0,0.0,1.0675206832132371e-05,0.0,0.9999893247931678,0.0,0.002430555555555555,0.0,0.0,0.002430555555555555,Transit,Fishing - Purse Seiner
700050124,VESSEL_GUL_012,GH,transit,0.9999893247931678,purse_seiner,0.9999999927678314,0.0,0.0,0.0,0.0,0.0,1.0675206832132371e-05,0.0,0.9999893247931678,0.0,0.002430555555555555,0.0,0.0,0.002430555555555555,Transit,Fishing - Purse Seiner
700050124,VESSEL_GUL_012,GH,transit,0.9999893247931678,purse_seiner,0.9999999927443859,0.0,0.0,0.0,0.0,0.0,1.0675206832132371e-05,0.0,0.9999893247931678,0.0,0.002430555555555555,0.0,0.0,0.002430555555555555,Transit,Fishing - Purse Seiner
700050124,VESSEL_GUL_012,GH,transit,0.9999893247931678,purse_seiner,0.9999999927442484,0.0,0.0,0.0,0.0,0.0,1.0675206832132371e-05,0.0,0.9999893247931678,0.0,0.002430555555555555,0.0,0.0,0.002430555555555555,Transit,Fishing - Purse Seiner
700050124,VESSEL_GUL_012,GH,transit,0.9999893247931678,purse_seiner,0.9999999927442484,0.0,0.0,0.0,0.0,0.0,1.0675206832132371e-05,0.0,0.9999893247931678,0.0,0.002430555555555555,0.0,0.0,0.002430555555555555,Transit,Fishing - Purse Seiner
700050124,VESSEL_GUL_012,GH,transit,0.9999893247931678,purse_seiner,0.9999999927442484,0.0,0.0,0.0,0.0,0.0,1.0675206832132371e-05,0.0,0.9999893247931678,0.0,0.002430555555555555,0.0,0.0,0.002430555555555555,Transit,Fishing - Purse Seiner
700050124,VESSEL_GUL_012,GH,transit,0.9999893247931678,purse_seiner,0.9999999927442484,0.0,0.0,0.0,0.0,0.0,1.0675206832132371e-05,0.0,0.9999893247931678,0.0,0.002430555555555555,0.0,0.0,0.002430555555555555,Transit,Fishing - Purse Seiner
700050124,VESSEL_GUL_012,GH,transit,0.9999893247931678,purse_seiner,0.9999999894887138,0.0,0.0,0.0,0.0,0.0,1.0675206832132371e-05,0.0,0.9999893247931678,0.0,0.002430555555555555,0.0,0.0,0.002430555555555555,Transit,Fishing - Purse Seiner
700050124,VESSEL_GUL_012,GH,transit,0.9999893247931678,purse_seiner,0.9999999894887138,0.0,0.0,0.0,0.0,0.0,1.0675206832132371e-05,0.0,0.9999893247931678,0.0,0.002430555555555555,0.0,0.0,0.002430555555555555,Transit,Fishing - Purse Seiner
700050124,VESSEL_GUL_012,GH,transit,0.9999893247931678,purse_seiner,0.9999999927443859,0.0,0.0,0.0,0.0,0.0,1.0675206832132371e-05,0.0,0.9999893247931678,0.0,0.002430555555555555,0.0,0.0,0.002430555555555555,Transit,Fishing - Purse Seiner
700050124,VESSEL_GUL_012,GH,transit,0.9999893247931678,purse_seiner,0.9999999927445062,0.0,0.0,0.0,0.0,0.0,1.0675206832132371e-05,0.0,0.9999893247931678,0.0,0.002430555555555555,0.0,0.0,0.002430555555555555,Transit,Fishing - Purse Seiner
700050124,VESSEL_GUL_012,GH,transit,0.9999893247931678,purse_seiner,0.9999999927445065,0.0,0.0,0.0,0.0,0.0,1.0675206832132371e-05,0.0,0.9999893247931678,0.0,0.002430555555555555,0.0,0.0,0.002430555555555555,Transit,Fishing - Purse Seiner
700050124,VESSEL_GUL_012,GH,transit,0.9999893247931678,purse_seiner,0.9999999927442484,0.0,0.0,0.0,0.0,0.0,1.0675206832132371e-05,0.0,0.9999893247931678,0.0,0.002430555555555555,0.0,0.0,0.002430555555555555,Transit,Fishing - Purse Seiner
700050124,VESSEL_GUL_012,GH,transit,0.9999893247931678,purse_seiner,0.9999999927442484,0.0,0.0,0.0,0.0,0.0,1.0675206832132371e-05,0.0,0.9999893247931678,0.0,0.002430555555555555,0.0,0.0,0.002430555555555555,Transit,Fishing - Purse Seiner
700050124,VESSEL_GUL_012,GH,transit,0.9949893247931679,purse_seiner,0.9999999927442484,0.0011111111111111111,0.0,0.0022222222222222222,0.0,0.0,1.0675206832132371e-05,0.0016666666666666668,0.9949893247931679,0.0,0.002430555555555555,0.0,0.0,0.002430555555555555,Transit,Fishing - Purse Seiner
700050124,VESSEL_GUL_012,GH,transit,0.9949893247931679,purse_seiner,0.9999999927442484,0.0011111111111111111,0.0,0.0022222222222222222,0.0,0.0,1.0675206832132371e-05,0.0016666666666666668,0.9949893247931679,0.0,0.002430555555555555,0.0,0.0,0.002430555555555555,Transit,Fishing - Purse Seiner
700050124,VESSEL_GUL_012,GH,transit,0.9988782136820569,purse_seiner,0.9999999927687604,0.0,0.0,0.0,0.0011111111111111111,0.0,1.0675206832132371e-05,0.0,0.9988782136820569,0.0,0.002430555555555555,0.0,0.0,0.002430555555555555,Transit,Fishing - Purse Seiner
700050124,VESSEL_GUL_012,GH,transit,0.9999893247931678,purse_seiner,0.999999992745122,0.0,0.0,0.0,0.0,0.0,1.0675206832132371e-05,0.0,0.9999893247931678,0.0,0.002430555555555555,0.0,0.0,0.002430555555555555,Transit,Fishing - Purse Seiner
700050124,VESSEL_GUL_012,GH,transit,0.9999893247931678,purse_seiner,0.9999999927442484,0.0,0.0,0.0,0.0,0.0,1.0675206832132371e-05,0.0,0.9999893247931678,0.0,0.002430555555555555,0.0,0.0,0.002430555555555555,Transit,Fishing - Purse Seiner
700050124,VESSEL_GUL_012,GH,transit,0.9999893247931678,purse_seiner,0.9999999927442484,0.0,0.0,0.0,0.0,0.0,1.0675206832132371e-05,0.0,0.9999893247931678,0.0,0.002430555555555555,0.0,0.0,0.002430555555555555,Transit,Fishing - Purse Seiner
700050124,VESSEL_GUL_012,GH,transit,0.9999893247931678,purse_seiner,0.9999999927442484,0.0,0.0,0.0,0.0,0.0,1.0675206832132371e-05,0.0,0.9999893247931678,0.0,0.002430555555555555,0.0,0.0,0.002430555555555555,Transit,Fishing - Purse Seiner
700050124,VESSEL_GUL_012,GH,transit,0.9999893247931678,purse_seiner,0.9999999927442484,0.0,0.0,0.0,0.0,0.0,1.0675206832132371e-05,0.0,0.9999893247931678,0.0,0.002430555555555555,0.0,0.0,0.002430555555555555,Transit,Fishing - Purse Seiner
700050124,VESSEL_GUL_012,GH,transit,0.9999893247931678,purse_seiner,0.9999999927442484,0.0,0.0,0.0,0.0,0.0,1.0675206832132371e-05,0.0,0.9999893247931678,0.0,0.002430555555555555,0.0,0.0,0.002430555555555555,Transit,Fishing - Purse Seiner
700050124,VESSEL_GUL_012,GH,transit,0.9999893247931678,purse_seiner,0.9999999927442484,0.0,0.0,0.0,0.0,0.0,1.0675206832132371e-05,0.0,0.9999893247931678,0.0,0.002430555555555555,0.0,0.0,0.002430555555555555,Transit,Fishing - Purse Seiner
700050124,VESSEL_GUL_012,GH,transit,0.9999893247931678,purse_seiner,0.9999999927442484,0.0,0.0,0.0,0.0,0.0,1.0675206832132371e-05,0.0,0.9999893247931678,0.0,0.002430555555555555,0.0,0.0,0.002430555555555555,Transit,Fishing - Purse Seiner
700050124,VESSEL_GUL_012,GH,transit,0.9949893247931679,purse_seiner,0.9999999927442484,0.0011111111111111111,0.0,0.0022222222222222222,0.0,0.0,1.0675206832132371e-05,0.0016666666666666668,0.9949893247931679,0.0,0.002430555555555555,0.0,0.0,0.002430555555555555,Transit,Fishing - Purse Seiner
700050124,VESSEL_GUL_012,GH,transit,0.9999893247931678,purse_seiner,0.9999999927442484,0.0,0.0,0.0,0.0,0.0,1.0675206832132371e-05,0.0,0.9999893247931678,0.0,0.002430555555555555,0.0,0.0,0.002430555555555555,Transit,Fishing - Purse Seiner
700050124,VESSEL_GUL_012,GH,transit,0.9999893247931678,purse_seiner,0.9999999927442484,0.0,0.0,0.0,0.0,0.0,1.0675206832132371e-05,0.0,0.9999893247931678,0.0,0.002430555555555555,0.0,0.0,0.002430555555555555,Transit,Fishing - Purse Seiner
700050124,VESSEL_GUL_012,GH,transit,0.9999893247931678,purse_seiner,0.9999999927442484,0.0,0.0,0.0,0.0,0.0,1.0675206832132371e-05,0.0,0.9999893247931678,0.0,0.002430555555555555,0.0,0.0,0.002430555555555555,Transit,Fishing - Purse Seiner
700050124,VESSEL_GUL_012,GH,transit,0.9999893247931678,purse_seiner,0.9999999927442484,0.0,0.0,0.0,0.0,0.0,1.0675206832132371e-05,0.0,0.9999893247931678,0.0,0.002430555555555555,0.0,0.0,0.002430555555555555,Transit,Fishing - Purse Seiner
700050124,VESSEL_GUL_012,GH,transit,0.9999893247931678,purse_seiner,0.9999999927442484,0.0,0.0,0.0,0.0,0.0,1.0675206832132371e-05,0.0,0.9999893247931678,0.0,0.002430555555555555,0.0,0.0,0.002430555555555555,Transit,Fishing - Purse Seiner
700050124,VESSEL_GUL_012,GH,transit,0.9999893247931678,purse_seiner,0.9999999927442484,0.0,0.0,0.0,0.0,0.0,1.0675206832132371e-05,0.0,0.9999893247931678,0.0,0.002430555555555555,0.0,0.0,0.002430555555555555,Transit,Fishing - Purse Seiner
700050124,VESSEL_GUL_012,GH,transit,0.9999893247931678,purse_seiner,0.9999999927444507,0.0,0.0,0.0,0.0,0.0,1.0675206832132371e-05,0.0,0.9999893247931678,0.0,0.002430555555555555,0.0,0.0,0.002430555555555555,Transit,Fishing - Purse Seiner
700050124,VESSEL_GUL_012,GH,transit,0.9999893247931678,purse_seiner,0.9999999927454353,0.0,0.0,0.0,0.0,0.0,1.0675206832132371e-05,0.0,0.9999893247931678,0.0,0.002430555555555555,0.0,0.0,0.002430555555555555,Transit,Fishing - Purse Seiner
700050124,VESSEL_GUL_012,GH,transit,0.9999893247931678,purse_seiner,0.999999992746113,0.0,0.0,0.0,0.0,0.0,1.0675206832132371e-05,0.0,0.9999893247931678,0.0,0.002430555555555555,0.0,0.0,0.002430555555555555,Transit,Fishing - Purse Seiner
700050124,VESSEL_GUL_012,GH,transit,0.9999893247931678,purse_seiner,0.9999999927454353,0.0,0.0,0.0,0.0,0.0,1.0675206832132371e-05,0.0,0.9999893247931678,0.0,0.002430555555555555,0.0,0.0,0.002430555555555555,Transit,Fishing - Purse Seiner
700050124,VESSEL_GUL_012,GH,transit,0.9999893247931678,purse_seiner,0.9999999927454353,0.0,0.0,0.0,0.0,0.0,1.0675206832132371e-05,0.0,0.9999893247931678,0.0,0.002430555555555555,0.0,0.0,0.002430555555555555,Transit,Fishing - Purse Seiner
700050124,VESSEL_GUL_012,GH,transit,0.9999893247931678,purse_seiner,0.9999999910756968,0.0,0.0,0.0,0.0,0.0,1.0675206832132371e-05,0.0,0.9999893247931678,0.0,0.002430555555555555,0.0,0.0,0.002430555555555555,Transit,Fishing - Purse Seiner
700050124,VESSEL_GUL_012,GH,transit,0.9999893247931678,purse_seiner,0.9999999927454353,0.0,0.0,0.0,0.0,0.0,1.0675206832132371e-05,0.0,0.9999893247931678,0.0,0.002430555555555555,0.0,0.0,0.002430555555555555,Transit,Fishing - Purse Seiner
700050124,VESSEL_GUL_012,GH,transit,0.9999893247931678,purse_seiner,0.9999999927442484,0.0,0.0,0.0,0.0,0.0,1.0675206832132371e-05,0.0,0.9999893247931678,0.0,0.002430555555555555,0.0,0.0,0.002430555555555555,Transit,Fishing - Purse Seiner
700050124,VESSEL_GUL_012,GH,transit,0.9999893247931678,purse_seiner,0.9999999927442484,0.0,0.0,0.0,0.0,0.0,1.0675206832132371e-05,0.0,0.9999893247931678,0.0,0.002430555555555555,0.0,0.0,0.002430555555555555,Transit,Fishing - Purse Seiner
700050124,VESSEL_GUL_012,GH,transit,0.9999893247931678,purse_seiner,0.9999999927444507,0.0,0.0,0.0,0.0,0.0,1.0675206832132371e-05,0.0,0.9999893247931678,0.0,0.002430555555555555,0.0,0.0,0.002430555555555555,Transit,Fishing - Purse Seiner
700050124,VESSEL_GUL_012,GH,transit,0.9999893247931678,purse_seiner,0.9999999927454353,0.0,0.0,0.0,0.0,0.0,1.0675206832132371e-05,0.0,0.9999893247931678,0.0,0.002430555555555555,0.0,0.0,0.002430555555555555,Transit,Fishing - Purse Seiner
700050124,VESSEL_GUL_012,GH,transit,0.9999893247931678,purse_seiner,0.9999999927444505,0.0,0.0,0.0,0.0,0.0,1.0675206832132371e-05,0.0,0.9999893247931678,0.0,0.002430555555555555,0.0,0.0,0.002430555555555555,Transit,Fishing - Purse Seiner
700050124,VESSEL_GUL_012,GH,transit,0.9999893247931678,purse_seiner,0.9999999927442484,0.0,0.0,0.0,0.0,0.0,1.0675206832132371e-05,0.0,0.9999893247931678,0.0,0.002430555555555555,0.0,0.0,0.002430555555555555,Transit,Fishing - Purse Seiner
700050125,VESSEL_GUL_013,LR,transit,0.9999893247931678,longliner,0.9999999912107894,0.0,0.0,0.0,0.0,0.0,1.0675206832132371e-05,0.0,0.9999893247931678,0.0,0.002430555555555555,0.0,0.0,0.002430555555555555,Transit,Fishing - Longliner
700050125,VESSEL_GUL_013,LR,transit,0.9999893247931678,longliner,0.9999999911032443,0.0,0.0,0.0,0.0,0.0,1.0675206832132371e-05,0.0,0.9999893247931678,0.0,0.002430555555555555,0.0,0.0,0.002430555555555555,Transit,Fishing - Longliner
700050125,VESSEL_GUL_013,LR,transit,0.9983226581265012,longliner,0.9999999909959901,0.0,0.0,0.0016666666666666668,0.0,0.0,1.0675206832132371e-05,0.0,0.9983226581265012,0.0,0.002430555555555555,0.0,0.0,0.002430555555555555,Transit,Fishing - Longliner
700050125,VESSEL_GUL_013,LR,transit,0.9999893247931678,longliner,0.9999999912107892,0.0,0.0,0.0,0.0,0.0,1.0675206832132371e-05,0.0,0.9999893247931678,0.0,0.002430555555555555,0.0,0.0,0.002430555555555555,Transit,Fishing - Longliner
700050125,VESSEL_GUL_013,LR,transit,0.9999893247931678,longliner,0.9999999905595273,0.0,0.0,0.0,0.0,0.0,1.0675206832132371e-05,0.0,0.9999893247931678,0.0,0.002430555555555555,0.0,0.0,0.002430555555555555,Transit,Fishing - Longliner
700050125,VESSEL_GUL_013,LR,transit,0.9999893247931678,longliner,0.9999999912371119,0.0,0.0,0.0,0.0,0.0,1.0675206832132371e-05,0.0,0.9999893247931678,0.0,0.002430555555555555,0.0,0.0,0.002430555555555555,Transit,Fishing - Longliner
700050125,VESSEL_GUL_013,LR,transit,0.9999893247931678,longliner,0.9999999912107892,0.0,0.0,0.0,0.0,0.0,1.0675206832132371e-05,0.0,0.9999893247931678,0.0,0.002430555555555555,0.0,0.0,0.002430555555555555,Transit,Fishing - Longliner
700050125,VESSEL_GUL_013,LR,transit,0.9999893247931678,longliner,0.9999999912107892,0.0,0.0,0.0,0.0,0.0,1.0675206832132371e-05,0.0,0.9999893247931678,0.0,0.002430555555555555,0.0,0.0,0.002430555555555555,Transit,Fishing - Longliner
700050125,VESSEL_GUL_013,LR,transit,0.9999893247931678,longliner,0.9999999912107894,0.0,0.0,0.0,0.0,0.0,1.0675206832132371e-05,0.0,0.9999893247931678,0.0,0.002430555555555555,0.0,0.0,0.002430555555555555,Transit,Fishing - Longliner
700050125,VESSEL_GUL_013,LR,transit,0.9999893247931678,longliner,0.9999999912107892,0.0,0.0,0.0,0.0,0.0,1.0675206832132371e-05,0.0,0.9999893247931678,0.0,0.002430555555555555,0.0,0.0,0.002430555555555555,Transit,Fishing - Longliner
700050125,VESSEL_GUL_013,LR,transit,0.9999893247931678,longliner,0.9999999912107892,0.0,0.0,0.0,0.0,0.0,1.0675206832132371e-05,0.0,0.9999893247931678,0.0,0.002430555555555555,0.0,0.0,0.002430555555555555,Transit,Fishing - Longliner
700050125,VESSEL_GUL_013,LR,fishing,0.9262222222222223,longliner,0.9999999889022383,0.0,0.0,0.0,0.9262222222222223,0.006666666666666666,0.0,0.0,0.06711111111111111,0.0,0.002430555555555555,0.6,0.0,0.6,Fishing,Fishing - Longliner
700050125,VESSEL_GUL_013,LR,fishing,1.0,longliner,0.9999999889117067,0.0,0.0,0.0,1.0,0.0,0.0,0.0,0.0,0.0,0.002430555555555555,0.6,0.0,0.6,Fishing,Fishing - Longliner
700050125,VESSEL_GUL_013,LR,fishing,1.0,longliner,0.9999999888081287,0.0,0.0,0.0,1.0,0.0,0.0,0.0,0.0,0.0,0.002430555555555555,0.6,0.0,0.6,Fishing,Fishing - Longliner
700050125,VESSEL_GUL_013,LR,fishing,1.0,longliner,0.9999999903992584,0.0,0.0,0.0,1.0,0.0,0.0,0.0,0.0,0.0,0.002430555555555555,0.6,0.0,0.6,Fishing,Fishing - Longliner
700050125,VESSEL_GUL_013,LR,fishing,1.0,longliner,0.9999999912095089,0.0,0.0,0.0,1.0,0.0,0.0,0.0,0.0,0.0,0.002430555555555555,0.6,0.0,0.6,Fishing,Fishing - Longliner
700050125,VESSEL_GUL_013,LR,fishing,1.0,longliner,0.9999999912095089,0.0,0.0,0.0,1.0,0.0,0.0,0.0,0.0,0.0,0.002430555555555555,0.6,0.0,0.6,Fishing,Fishing - Longliner
700050125,VESSEL_GUL_013,LR,fishing,0.9666666666666667,longliner,0.9999999912095089,0.0033333333333333335,0.0033333333333333335,0.007777777777777777,0.9666666666666667,0.009095238095238094,0.0,0.0019047619047619048,0.00611111111111111,0.0017777777777777776,0.002430555555555555,0.6,0.0,0.6,Fishing,Fishing - Longliner
700050125,VESSEL_GUL_013,LR,fishing,0.9975,longliner,0.9999999912095089,0.0,0.0,0.0,0.9975,0.0025,0.0,0.0,0.0,0.0,0.002430555555555555,0.6,0.0,0.6,Fishing,Fishing - Longliner
700050125,VESSEL_GUL_013,LR,fishing,1.0,longliner,0.9999999908896661,0.0,0.0,0.0,1.0,0.0,0.0,0.0,0.0,0.0,0.002430555555555555,0.6,0.0,0.6,Fishing,Fishing - Longliner
700050125,VESSEL_GUL_013,LR,fishing,1.0,longliner,0.9999999912095089,0.0,0.0,0.0,1.0,0.0,0.0,0.0,0.0,0.0,0.002430555555555555,0.6,0.0,0.6,Fishing,Fishing - Longliner
700050125,VESSEL_GUL_013,LR,fishing,0.9983333333333333,longliner,0.999999990444944,0.0,0.0,0.0,0.9983333333333333,0.0,0.0,0.0,0.0,0.0016666666666666668,0.002430555555555555,0.6,0.0,0.6,Fishing,Fishing - Longliner
700050125,VESSEL_GUL_013,LR,transit,0.9662698412698412,longliner,0.9999999890417696,0.0,0.0,0.0,0.022166666666666668,0.0020634920634920637,0.0,0.0095,0.9662698412698412,0.0,0.002430555555555555,0.0,0.0,0.002430555555555555,Transit,Fishing - Longliner
700050125,VESSEL_GUL_013,LR,transit,0.9999893247931678,longliner,0.999999990559529,0.0,0.0,0.0,0.0,0.0,1.0675206832132371e-05,0.0,0.9999893247931678,0.0,0.002430555555555555,0.0,0.0,0.002430555555555555,Transit,Fishing - Longliner
700050125,VESSEL_GUL_013,LR,transit,0.9999893247931678,longliner,0.9999999912107892,0.0,0.0,0.0,0.0,0.0,1.0675206832132371e-05,0.0,0.9999893247931678,0.0,0.002430555555555555,0.0,0.0,0.002430555555555555,Transit,Fishing - Longliner
700050125,VESSEL_GUL_013,LR,transit,0.9999893247931678,longliner,0.9999999912107892,0.0,0.0,0.0,0.0,0.0,1.0675206832132371e-05,0.0,0.9999893247931678,0.0,0.002430555555555555,0.0,0.0,0.002430555555555555,Transit,Fishing - Longliner
700050125,VESSEL_GUL_013,LR,transit,0.8206687552213866,longliner,0.9999999908285419,0.009730158730158731,0.0,0.0,0.13433124477861322,0.006944444444444443,0.016880952380952382,0.0,0.8206687552213866,0.011444444444444445,0.002430555555555555,0.0,0.0,0.002430555555555555,Transit,Fishing - Longliner
700050125,VESSEL_GUL_013,LR,fishing,0.9738333333333332,longliner,0.9999999891871659,0.0,0.0016666666666666668,0.0,0.9738333333333332,0.0,0.0,0.0,0.020055555555555556,0.0044444444444444444,0.002430555555555555,0.6,0.0,0.6,Fishing,Fishing - Longliner
700050125,VESSEL_GUL_013,LR,fishing,0.9674444444444444,longliner,0.9999999898876234,0.0008333333333333334,0.0,0.0,0.9674444444444444,0.012499999999999999,0.0,0.0016666666666666668,0.010555555555555556,0.007,0.002430555555555555,0.6,0.0,0.6,Fishing,Fishing - Longliner
700050125,VESSEL_GUL_013,LR,fishing,1.0,longliner,0.9999999903992584,0.0,0.0,0.0,1.0,0.0,0.0,0.0,0.0,0.0,0.002430555555555555,0.6,0.0,0.6,Fishing,Fishing - Longliner
700050125,VESSEL_GUL_013,LR,fishing,1.0,longliner,0.9999999903992584,0.0,0.0,0.0,1.0,0.0,0.0,0.0,0.0,0.0,0.002430555555555555,0.6,0.0,0.6,Fishing,Fishing - Longliner
700050125,VESSEL_GUL_013,LR,fishing,1.0,longliner,0.9999999903992584,0.0,0.0,0.0,1.0,0.0,0.0,0.0,0.0,0.0,0.002430555555555555,0.6,0.0,0.6,Fishing,Fishing - Longliner
700050125,VESSEL_GUL_013,LR,fishing,0.9988888888888887,longliner,0.9999999903992601,0.0,0.0,0.0,0.9988888888888887,0.0011111111111111111,0.0,0.0,0.0,0.0,0.002430555555555555,0.6,0.0,0.6,Fishing,Fishing - Longliner
700050125,VESSEL_GUL_013,LR,fishing,1.0,longliner,0.9999999902707829,0.0,0.0,0.0,1.0,0.0,0.0,0.0,0.0,0.0,0.002430555555555555,0.6,0.0,0.6,Fishing,Fishing - Longliner
700050125,VESSEL_GUL_013,LR,fishing,1.0,longliner,0.9999999868718463,0.0,0.0,0.0,1.0,0.0,0.0,0.0,0.0,0.0,0.002430555555555555,0.6,0.0,0.6,Fishing,Fishing - Longliner
700050125,VESSEL_GUL_013,LR,fishing,0.9953333333333334,longliner,0.9999999890560199,0.0,0.0,0.0,0.9953333333333334,0.004666666666666666,0.0,0.0,0.0,0.0,0.002430555555555555,0.6,0.0,0.6,Fishing,Fishing - Longliner
700050125,VESSEL_GUL_013,LR,fishing,1.0,longliner,0.9999999912095089,0.0,0.0,0.0,1.0,0.0,0.0,0.0,0.0,0.0,0.002430555555555555,0.6,0.0,0.6,Fishing,Fishing - Longliner
700050125,VESSEL_GUL_013,LR,fishing,1.0,longliner,0.9999999912095089,0.0,0.0,0.0,1.0,0.0,0.0,0.0,0.0,0.0,0.002430555555555555,0.6,0.0,0.6,Fishing,Fishing - Longliner
700050125,VESSEL_GUL_013,LR,fishing,1.0,longliner,0.9999999912095089,0.0,0.0,0.0,1.0,0.0,0.0,0.0,0.0,0.0,0.002430555555555555,0.6,0.0,0.6,Fishing,Fishing - Longliner
700050125,VESSEL_GUL_013,LR,fishing,1.0,longliner,0.9999999912095089,0.0,0.0,0.0,1.0,0.0,0.0,0.0,0.0,0.0,0.002430555555555555,0.6,0.0,0.6,Fishing,Fishing - Longliner
700050125,VESSEL_GUL_013,LR,fishing,0.9986666666666667,longliner,0.9999999912095087,0.0,0.0,0.0,0.9986666666666667,0.0,0.0,0.0,0.0,0.0013333333333333335,0.002430555555555555,0.6,0.0,0.6,Fishing,Fishing - Longliner
700050125,VESSEL_GUL_013,LR,fishing,0.9983333333333333,longliner,0.9999999908406957,0.0,0.0,0.0,0.9983333333333333,0.0016666666666666668,0.0,0.0,0.0,0.0,0.002430555555555555,0.6,0.0,0.6,Fishing,Fishing - Longliner
700050125,VESSEL_GUL_013,LR,fishing,1.0,longliner,0.9999999908406957,0.0,0.0,0.0,1.0,0.0,0.0,0.0,0.0,0.0,0.002430555555555555,0.6,0.0,0.6,Fishing,Fishing - Longliner
700050125,VESSEL_GUL_013,LR,fishing,1.0,longliner,0.9999999912095089,0.0,0.0,0.0,1.0,0.0,0.0,0.0,0.0,0.0,0.002430555555555555,0.6,0.0,0.6,Fishing,Fishing - Longliner
700050125,VESSEL_GUL_013,LR,fishing,1.0,longliner,0.9999999912095089,0.0,0.0,0.0,1.0,0.0,0.0,0.0,0.0,0.0,0.002430555555555555,0.6,0.0,0.6,Fishing,Fishing - Longliner
700050125,VESSEL_GUL_013,LR,fishing,0.861889770723104,longliner,0.9999999898568085,0.0027777777777777775,0.017777777777777778,0.0,0.861889770723104,0.02115167548500882,0.0,0.0132363315696649,0.07694444444444445,0.006222222222222223,0.002430555555555555,0.6,0.0,0.6,Fishing,Fishing - Longliner
700050125,VESSEL_GUL_013,LR,transit,0.9804999999999999,longliner,0.9999999889382735,0.0,0.0008333333333333334,0.0,0.012,0.0,0.0,0.006666666666666667,0.9804999999999999,0.0,0.002430555555555555,0.0,0.0,0.002430555555555555,Transit,Fishing - Longliner
700050125,VESSEL_GUL_013,LR,transit,0.9999893247931678,longliner,0.9999999905639848,0.0,0.0,0.0,0.0,0.0,1.0675206832132371e-05,0.0,0.9999893247931678,0.0,0.002430555555555555,0.0,0.0,0.002430555555555555,Transit,Fishing - Longliner
700050125,VESSEL_GUL_013,LR,transit,0.9999893247931678,longliner,0.9999999912107892,0.0,0.0,0.0,0.0,0.0,1.0675206832132371e-05,0.0,0.9999893247931678,0.0,0.002430555555555555,0.0,0.0,0.002430555555555555,Transit,Fishing - Longliner
700050125,VESSEL_GUL_013,LR,transit,0.9999893247931678,longliner,0.9999999912102514,0.0,0.0,0.0,0.0,0.0,1.0675206832132371e-05,0.0,0.9999893247931678,0.0,0.002430555555555555,0.0,0.0,0.002430555555555555,Transit,Fishing - Longliner
700050125,VESSEL_GUL_013,LR,transit,0.9977671025709456,longliner,0.9999999912107894,0.0,0.0,0.0,0.0,0.0,1.0675206832132371e-05,0.0022222222222222222,0.9977671025709456,0.0,0.002430555555555555,0.0,0.0,0.002430555555555555,Transit,Fishing - Longliner
700050125,VESSEL_GUL_013,LR,transit,0.9999893247931678,longliner,0.9999999912107892,0.0,0.0,0.0,0.0,0.0,1.0675206832132371e-05,0.0,0.9999893247931678,0.0,0.002430555555555555,0.0,0.0,0.002430555555555555,Transit,Fishing - Longliner
700050125,VESSEL_GUL_013,LR,transit,0.9999893247931678,longliner,0.9999999912107892,0.0,0.0,0.0,0.0,0.0,1.0675206832132371e-05,0.0,0.9999893247931678,0.0,0.002430555555555555,0.0,0.0,0.002430555555555555,Transit,Fishing - Longliner
700050125,VESSEL_GUL_013,LR,transit,0.9999893247931678,longliner,0.9999999912107892,0.0,0.0,0.0,0.0,0.0,1.0675206832132371e-05,0.0,0.9999893247931678,0.0,0.002430555555555555,0.0,0.0,0.002430555555555555,Transit,Fishing - Longliner
700050125,VESSEL_GUL_013,LR,transit,0.9999893247931678,longliner,0.9999999912107894,0.0,0.0,0.0,0.0,0.0,1.0675206832132371e-05,0.0,0.9999893247931678,0.0,0.002430555555555555,0.0,0.0,0.002430555555555555,Transit,Fishing - Longliner
700050125,VESSEL_GUL_013,LR,transit,0.9999893247931678,longliner,0.9999999905595273,0.0,0.0,0.0,0.0,0.0,1.0675206832132371e-05,0.0,0.9999893247931678,0.0,0.002430555555555555,0.0,0.0,0.002430555555555555,Transit,Fishing - Longliner
700050125,VESSEL_GUL_013,LR,transit,0.9983226581265012,longliner,0.9999999912107892,0.0016666666666666668,0.0,0.0,0.0,0.0,1.0675206832132371e-05,0.0,0.9983226581265012,0.0,0.002430555555555555,0.0,0.0,0.002430555555555555,Transit,Fishing - Longliner
700050125,VESSEL_GUL_013,LR,transit,0.9999893247931678,longliner,0.9999999912107892,0.0,0.0,0.0,0.0,0.0,1.0675206832132371e-05,0.0,0.9999893247931678,0.0,0.002430555555555555,0.0,0.0,0.002430555555555555,Transit,Fishing - Longliner
700050125,VESSEL_GUL_013,LR,transit,0.9999893247931678,longliner,0.9999999912107892,0.0,0.0,0.0,0.0,0.0,1.0675206832132371e-05,0.0,0.9999893247931678,0.0,0.002430555555555555,0.0,0.0,0.002430555555555555,Transit,Fishing - Longliner
700050125,VESSEL_GUL_013,LR,transit,0.9999893247931678,longliner,0.9999999912107892,0.0,0.0,0.0,0.0,0.0,1.0675206832132371e-05,0.0,0.9999893247931678,0.0,0.002430555555555555,0.0,0.0,0.002430555555555555,Transit,Fishing - Longliner
700050125,VESSEL_GUL_013,LR,transit,0.9999893247931678,longliner,0.9999999912371121,0.0,0.0,0.0,0.0,0.0,1.0675206832132371e-05,0.0,0.9999893247931678,0.0,0.002430555555555555,0.0,0.0,0.002430555555555555,Transit,Fishing - Longliner
700050125,VESSEL_GUL_013,LR,transit,0.9999893247931678,longliner,0.9999999912102516,0.0,0.0,0.0,0.0,0.0,1.0675206832132371e-05,0.0,0.9999893247931678,0.0,0.002430555555555555,0.0,0.0,0.002430555555555555,Transit,Fishing - Longliner
700050125,VESSEL_GUL_013,LR,transit,0.9999893247931678,longliner,0.9999999912107892,0.0,0.0,0.0,0.0,0.0,1.0675206832132371e-05,0.0,0.9999893247931678,0.0,0.002430555555555555,0.0,0.0,0.002430555555555555,Transit,Fishing - Longliner
700050125,VESSEL_GUL_013,LR,transit,0.9999893247931678,longliner,0.9999999912107892,0.0,0.0,0.0,0.0,0.0,1.0675206832132371e-05,0.0,0.9999893247931678,0.0,0.002430555555555555,0.0,0.0,0.002430555555555555,Transit,Fishing - Longliner
700050125,VESSEL_GUL_013,LR,transit,0.9999893247931678,longliner,0.9999999912107892,0.0,0.0,0.0,0.0,0.0,1.0675206832132371e-05,0.0,0.9999893247931678,0.0,0.002430555555555555,0.0,0.0,0.002430555555555555,Transit,Fishing - Longliner
700050125,VESSEL_GUL_013,LR,transit,0.9999893247931678,longliner,0.9999999912107892,0.0,0.0,0.0,0.0,0.0,1.0675206832132371e-05,0.0,0.9999893247931678,0.0,0.002430555555555555,0.0,0.0,0.002430555555555555,Transit,Fishing - Longliner
700050125,VESSEL_GUL_013,LR,transit,0.9999893247931678,longliner,0.9999999912102514,0.0,0.0,0.0,0.0,0.0,1.0675206832132371e-05,0.0,0.9999893247931678,0.0,0.002430555555555555,0.0,0.0,0.002430555555555555,Transit,Fishing - Longliner
700050125,VESSEL_GUL_013,LR,transit,0.9999893247931678,longliner,0.9999999912107894,0.0,0.0,0.0,0.0,0.0,1.0675206832132371e-05,0.0,0.9999893247931678,0.0,0.002430555555555555,0.0,0.0,0.002430555555555555,Transit,Fishing - Longliner
700050125,VESSEL_GUL_013,LR,transit,0.9999893247931678,longliner,0.9999999912107892,0.0,0.0,0.0,0.0,0.0,1.0675206832132371e-05,0.0,0.9999893247931678,0.0,0.002430555555555555,0.0,0.0,0.002430555555555555,Transit,Fishing - Longliner
700050125,VESSEL_GUL_013,LR,transit,0.9999893247931678,longliner,0.9999999912107892,0.0,0.0,0.0,0.0,0.0,1.0675206832132371e-05,0.0,0.9999893247931678,0.0,0.002430555555555555,0.0,0.0,0.002430555555555555,Transit,Fishing - Longliner
700050125,VESSEL_GUL_013,LR,transit,0.9999893247931678,longliner,0.9999999912107892,0.0,0.0,0.0,0.0,0.0,1.0675206832132371e-05,0.0,0.9999893247931678,0.0,0.002430555555555555,0.0,0.0,0.002430555555555555,Transit,Fishing - Longliner
700050125,VESSEL_GUL_013,LR,transit,0.9999893247931678,longliner,0.9999999912107892,0.0,0.0,0.0,0.0,0.0,1.0675206832132371e-05,0.0,0.9999893247931678,0.0,0.002430555555555555,0.0,0.0,0.002430555555555555,Transit,Fishing - Longliner
700050125,VESSEL_GUL_013,LR,transit,0.9999893247931678,longliner,0.9999999912107892,0.0,0.0,0.0,0.0,0.0,1.0675206832132371e-05,0.0,0.9999893247931678,0.0,0.002430555555555555,0.0,0.0,0.002430555555555555,Transit,Fishing - Longliner
700050125,VESSEL_GUL_013,LR,transit,0.9999893247931678,longliner,0.9999999912107892,0.0,0.0,0.0,0.0,0.0,1.0675206832132371e-05,0.0,0.9999893247931678,0.0,0.002430555555555555,0.0,0.0,0.002430555555555555,Transit,Fishing - Longliner
700050125,VESSEL_GUL_013,LR,transit,0.9999893247931678,longliner,0.9999999912107892,0.0,0.0,0.0,0.0,0.0,1.0675206832132371e-05,0.0,0.9999893247931678,0.0,0.002430555555555555,0.0,0.0,0.002430555555555555,Transit,Fishing - Longliner
700050125,VESSEL_GUL_013,LR,transit,0.9999893247931678,longliner,0.9999999912103749,0.0,0.0,0.0,0.0,0.0,1.0675206832132371e-05,0.0,0.9999893247931678,0.0,0.002430555555555555,0.0,0.0,0.002430555555555555,Transit,Fishing - Longliner
700050125,VESSEL_GUL_013,LR,transit,0.9999893247931678,longliner,0.9999999912107892,0.0,0.0,0.0,0.0,0.0,1.0675206832132371e-05,0.0,0.9999893247931678,0.0,0.002430555555555555,0.0,0.0,0.002430555555555555,Transit,Fishing - Longliner
700050125,VESSEL_GUL_013,LR,transit,0.9999893247931678,longliner,0.9999999911032443,0.0,0.0,0.0,0.0,0.0,1.0675206832132371e-05,0.0,0.9999893247931678,0.0,0.002430555555555555,0.0,0.0,0.002430555555555555,Transit,Fishing - Longliner
700050125,VESSEL_GUL_013,LR,transit,0.9999893247931678,longliner,0.9999999912107892,0.0,0.0,0.0,0.0,0.0,1.0675206832132371e-05,0.0,0.9999893247931678,0.0,0.002430555555555555,0.0,0.0,0.002430555555555555,Transit,Fishing - Longliner
700050125,VESSEL_GUL_013,LR,transit,0.9999893247931678,longliner,0.9999999912107894,0.0,0.0,0.0,0.0,0.0,1.0675206832132371e-05,0.0,0.9999893247931678,0.0,0.002430555555555555,0.0,0.0,0.002430555555555555,Transit,Fishing - Longliner
700050125,VESSEL_GUL_013,LR,transit,0.9999893247931678,longliner,0.9999999912107892,0.0,0.0,0.0,0.0,0.0,1.0675206832132371e-05,0.0,0.9999893247931678,0.0,0.002430555555555555,0.0,0.0,0.002430555555555555,Transit,Fishing - Longliner
700050125,VESSEL_GUL_013,LR,transit,0.9999893247931678,longliner,0.9999999912107892,0.0,0.0,0.0,0.0,0.0,1.0675206832132371e-05,0.0,0.9999893247931678,0.0,0.002430555555555555,0.0,0.0,0.002430555555555555,Transit,Fishing - Longliner
700050125,VESSEL_GUL_013,LR,transit,0.9999893247931678,longliner,0.9999999912102514,0.0,0.0,0.0,0.0,0.0,1.0675206832132371e-05,0.0,0.9999893247931678,0.0,0.002430555555555555,0.0,0.0,0.002430555555555555,Transit,Fishing - Longliner
700050125,VESSEL_GUL_013,LR,transit,0.9999893247931678,longliner,0.9999999913134668,0.0,0.0,0.0,0.0,0.0,1.0675206832132371e-05,0.0,0.9999893247931678,0.0,0.002430555555555555,0.0,0.0,0.002430555555555555,Transit,Fishing - Longliner
700050125,VESSEL_GUL_013,LR,transit,0.9999893247931678,longliner,0.9999999912107892,0.0,0.0,0.0,0.0,0.0,1.0675206832132371e-05,0.0,0.9999893247931678,0.0,0.002430555555555555,0.0,0.0,0.002430555555555555,Transit,Fishing - Longliner
700050126,VESSEL_GUL_014,PA,transit,0.9999893247931678,longliner,0.9999999909880716,0.0,0.0,0.0,0.0,0.0,1.0675206832132371e-05,0.0,0.9999893247931678,0.0,0.002430555555555555,0.3,0.0,0.3,Transit,Fishing - Longliner
700050126,VESSEL_GUL_014,PA,transit,0.9999893247931678,longliner,0.9999999909880716,0.0,0.0,0.0,0.0,0.0,1.0675206832132371e-05,0.0,0.9999893247931678,0.0,0.002430555555555555,0.3,0.0,0.3,Transit,Fishing - Longliner
700050126,VESSEL_GUL_014,PA,transit,0.9999893247931678,longliner,0.9999999911014387,0.0,0.0,0.0,0.0,0.0,1.0675206832132371e-05,0.0,0.9999893247931678,0.0,0.002430555555555555,0.3,0.0,0.3,Transit,Fishing - Longliner
700050126,VESSEL_GUL_014,PA,transit,0.9999893247931678,longliner,0.9999999909880716,0.0,0.0,0.0,0.0,0.0,1.0675206832132371e-05,0.0,0.9999893247931678,0.0,0.002430555555555555,0.3,0.0,0.3,Transit,Fishing - Longliner
700050126,VESSEL_GUL_014,PA,transit,0.9999893247931678,longliner,0.9999999909880716,0.0,0.0,0.0,0.0,0.0,1.0675206832132371e-05,0.0,0.9999893247931678,0.0,0.002430555555555555,0.3,0.0,0.3,Transit,Fishing - Longliner
700050126,VESSEL_GUL_014,PA,transit,0.9999893247931678,longliner,0.9999999909880716,0.0,0.0,0.0,0.0,0.0,1.0675206832132371e-05,0.0,0.9999893247931678,0.0,0.002430555555555555,0.3,0.0,0.3,Transit,Fishing - Longliner
700050126,VESSEL_GUL_014,PA,fishing,0.940888888888889,longliner,0.9999999906244547,0.009166666666666665,0.0,0.0,0.940888888888889,0.005555555555555555,0.008333333333333333,0.0,0.02883333333333333,0.007222222222222222,0.002430555555555555,0.8999999999999999,0.0,0.8999999999999999,Fishing,Fishing - Longliner
700050126,VESSEL_GUL_014,PA,fishing,0.9966666666666667,longliner,0.999999989739743,0.0,0.0,0.0,0.9966666666666667,0.0,0.0,0.0,0.0033333333333333335,0.0,0.002430555555555555,0.8999999999999999,0.0,0.8999999999999999,Fishing,Fishing - Longliner
700050126,VESSEL_GUL_014,PA,fishing,1.0,longliner,0.9999999921078248,0.0,0.0,0.0,1.0,0.0,0.0,0.0,0.0,0.0,0.002430555555555555,0.8999999999999999,0.0,0.8999999999999999,Fishing,Fishing - Longliner
700050126,VESSEL_GUL_014,PA,fishing,1.0,longliner,0.9999999921078248,0.0,0.0,0.0,1.0,0.0,0.0,0.0,0.0,0.0,0.002430555555555555,0.8999999999999999,0.0,0.8999999999999999,Fishing,Fishing - Longliner
700050126,VESSEL_GUL_014,PA,fishing,1.0,longliner,0.9999999921078248,0.0,0.0,0.0,1.0,0.0,0.0,0.0,0.0,0.0,0.002430555555555555,0.8999999999999999,0.0,0.8999999999999999,Fishing,Fishing - Longliner
700050126,VESSEL_GUL_014,PA,fishing,1.0,longliner,0.9999999913178065,0.0,0.0,0.0,1.0,0.0,0.0,0.0,0.0,0.0,0.002430555555555555,0.8999999999999999,0.0,0.8999999999999999,Fishing,Fishing - Longliner
700050126,VESSEL_GUL_014,PA,fishing,0.995,longliner,0.9999999921078248,0.0,0.0,0.0,0.995,0.005,0.0,0.0,0.0,0.0,0.002430555555555555,0.8999999999999999,0.0,0.8999999999999999,Fishing,Fishing - Longliner
700050126,VESSEL_GUL_014,PA,fishing,1.0,longliner,0.9999999921078248,0.0,0.0,0.0,1.0,0.0,0.0,0.0,0.0,0.0,0.002430555555555555,0.8999999999999999,0.0,0.8999999999999999,Fishing,Fishing - Longliner
700050126,VESSEL_GUL_014,PA,fishing,1.0,longliner,0.9999999917959682,0.0,0.0,0.0,1.0,0.0,0.0,0.0,0.0,0.0,0.002430555555555555,0.8999999999999999,0.0,0.8999999999999999,Fishing,Fishing - Longliner
700050126,VESSEL_GUL_014,PA,fishing,1.0,longliner,0.9999999913178065,0.0,0.0,0.0,1.0,0.0,0.0,0.0,0.0,0.0,0.002430555555555555,0.8999999999999999,0.0,0.8999999999999999,Fishing,Fishing - Longliner
700050126,VESSEL_GUL_014,PA,fishing,1.0,longliner,0.9999999921078248,0.0,0.0,0.0,1.0,0.0,0.0,0.0,0.0,0.0,0.002430555555555555,0.8999999999999999,0.0,0.8999999999999999,Fishing,Fishing - Longliner
700050126,VESSEL_GUL_014,PA,fishing,0.9966666666666667,longliner,0.9999999921078248,0.0,0.0,0.0,0.9966666666666667,0.0033333333333333335,0.0,0.0,0.0,0.0,0.002430555555555555,0.8999999999999999,0.0,0.8999999999999999,Fishing,Fishing - Longliner
700050126,VESSEL_GUL_014,PA,fishing,0.9966666666666667,longliner,0.9999999921078248,0.0,0.0,0.0,0.9966666666666667,0.0033333333333333335,0.0,0.0,0.0,0.0,0.002430555555555555,0.8999999999999999,0.0,0.8999999999999999,Fishing,Fishing - Longliner
700050126,VESSEL_GUL_014,PA,fishing,1.0,longliner,0.9999999921078248,0.0,0.0,0.0,1.0,0.0,0.0,0.0,0.0,0.0,0.002430555555555555,0.8999999999999999,0.0,0.8999999999999999,Fishing,Fishing - Longliner
700050126,VESSEL_GUL_014,PA,fishing,0.9983333333333333,longliner,0.9999999917959682,0.0,0.0,0.0,0.9983333333333333,0.0016666666666666668,0.0,0.0,0.0,0.0,0.002430555555555555,0.8999999999999999,0.0,0.8999999999999999,Fishing,Fishing - Longliner
700050126,VESSEL_GUL_014,PA,fishing,1.0,longliner,0.9999999917959682,0.0,0.0,0.0,1.0,0.0,0.0,0.0,0.0,0.0,0.002430555555555555,0.8999999999999999,0.0,0.8999999999999999,Fishing,Fishing - Longliner
700050126,VESSEL_GUL_014,PA,fishing,0.9966666666666667,longliner,0.9999999905335689,0.0,0.0,0.0,0.9966666666666667,0.0033333333333333335,0.0,0.0,0.0,0.0,0.002430555555555555,0.8999999999999999,0.0,0.8999999999999999,Fishing,Fishing - Longliner
700050126,VESSEL_GUL_014,PA,fishing,1.0,longliner,0.9999999917959682,0.0,0.0,0.0,1.0,0.0,0.0,0.0,0.0,0.0,0.002430555555555555,0.8999999999999999,0.0,0.8999999999999999,Fishing,Fishing - Longliner
700050126,VESSEL_GUL_014,PA,fishing,1.0,longliner,0.9999999921078248,0.0,0.0,0.0,1.0,0.0,0.0,0.0,0.0,0.0,0.002430555555555555,0.8999999999999999,0.0,0.8999999999999999,Fishing,Fishing - Longliner
700050126,VESSEL_GUL_014,PA,fishing,1.0,longliner,0.9999999921078248,0.0,0.0,0.0,1.0,0.0,0.0,0.0,0.0,0.0,0.002430555555555555,0.8999999999999999,0.0,0.8999999999999999,Fishing,Fishing - Longliner
700050126,VESSEL_GUL_014,PA,fishing,1.0,longliner,0.9999999921078248,0.0,0.0,0.0,1.0,0.0,0.0,0.0,0.0,0.0,0.002430555555555555,0.8999999999999999,0.0,0.8999999999999999,Fishing,Fishing - Longliner
700050126,VESSEL_GUL_014,PA,fishing,1.0,longliner,0.9999999921078248,0.0,0.0,0.0,1.0,0.0,0.0,0.0,0.0,0.0,0.002430555555555555,0.8999999999999999,0.0,0.8999999999999999,Fishing,Fishing - Longliner
700050126,VESSEL_GUL_014,PA,fishing,1.0,longliner,0.9999999921078248,0.0,0.0,0.0,1.0,0.0,0.0,0.0,0.0,0.0,0.002430555555555555,0.8999999999999999,0.0,0.8999999999999999,Fishing,Fishing - Longliner
700050126,VESSEL_GUL_014,PA,fishing,0.9988888888888887,longliner,0.9999999917959682,0.0,0.0,0.0,0.9988888888888887,0.0011111111111111111,0.0,0.0,0.0,0.0,0.002430555555555555,0.8999999999999999,0.0,0.8999999999999999,Fishing,Fishing - Longliner
700050126,VESSEL_GUL_014,PA,fishing,0.9111666666666668,longliner,0.9999999892663517,0.005,0.014166666666666666,0.024166666666666666,0.9111666666666668,0.005,0.0,0.011666666666666667,0.011944444444444445,0.016888888888888887,0.002430555555555555,0.8999999999999999,0.0,0.8999999999999999,Fishing,Fishing - Longliner
700050126,VESSEL_GUL_014,PA,transit,0.9663888888888887,longliner,0.9999999894328985,0.0027777777777777775,0.01,0.0,0.01138888888888889,0.0,0.0,0.009444444444444443,0.9663888888888887,0.0,0.002430555555555555,0.3,0.0,0.3,Transit,Fishing - Longliner
700050126,VESSEL_GUL_014,PA,transit,0.9999893247931678,longliner,0.9999999903232734,0.0,0.0,0.0,0.0,0.0,1.0675206832132371e-05,0.0,0.9999893247931678,0.0,0.002430555555555555,0.3,0.0,0.3,Transit,Fishing - Longliner
700050126,VESSEL_GUL_014,PA,transit,0.9999893247931678,longliner,0.9999999909880716,0.0,0.0,0.0,0.0,0.0,1.0675206832132371e-05,0.0,0.9999893247931678,0.0,0.002430555555555555,0.3,0.0,0.3,Transit,Fishing - Longliner
700050126,VESSEL_GUL_014,PA,transit,0.9999893247931678,longliner,0.9999999909880716,0.0,0.0,0.0,0.0,0.0,1.0675206832132371e-05,0.0,0.9999893247931678,0.0,0.002430555555555555,0.3,0.0,0.3,Transit,Fishing - Longliner
700050126,VESSEL_GUL_014,PA,transit,0.8713803022367768,longliner,0.9999999904592584,0.0027777777777777775,0.0,0.0033333333333333335,0.09833918128654971,0.0044444444444444444,0.018613849810006734,0.0,0.8713803022367768,0.0011111111111111111,0.002430555555555555,0.3,0.0,0.3,Transit,Fishing - Longliner
700050126,VESSEL_GUL_014,PA,fishing,0.9829999999999999,longliner,0.9999999897296988,0.0022222222222222222,0.0,0.0,0.9829999999999999,0.003666666666666667,0.0,0.0,0.009444444444444443,0.0016666666666666668,0.002430555555555555,0.8999999999999999,0.0,0.8999999999999999,Fishing,Fishing - Longliner
700050126,VESSEL_GUL_014,PA,fishing,0.9966666666666667,longliner,0.9999999902303897,0.0,0.0,0.0033333333333333335,0.9966666666666667,0.0,0.0,0.0,0.0,0.0,0.002430555555555555,0.8999999999999999,0.0,0.8999999999999999,Fishing,Fishing - Longliner
700050126,VESSEL_GUL_014,PA,fishing,0.9975555555555555,longliner,0.9999999921078248,0.0,0.0,0.0011111111111111111,0.9975555555555555,0.0006666666666666668,0.0,0.0,0.0,0.0006666666666666668,0.002430555555555555,0.8999999999999999,0.0,0.8999999999999999,Fishing,Fishing - Longliner
700050126,VESSEL_GUL_014,PA,fishing,0.9966666666666667,longliner,0.9999999921078248,0.0,0.0,0.0,0.9966666666666667,0.0033333333333333335,0.0,0.0,0.0,0.0,0.002430555555555555,0.8999999999999999,0.0,0.8999999999999999,Fishing,Fishing - Longliner
700050126,VESSEL_GUL_014,PA,fishing,1.0,longliner,0.9999999921078248,0.0,0.0,0.0,1.0,0.0,0.0,0.0,0.0,0.0,0.002430555555555555,0.8999999999999999,0.0,0.8999999999999999,Fishing,Fishing - Longliner
700050126,VESSEL_GUL_014,PA,fishing,1.0,longliner,0.9999999921078248,0.0,0.0,0.0,1.0,0.0,0.0,0.0,0.0,0.0,0.002430555555555555,0.8999999999999999,0.0,0.8999999999999999,Fishing,Fishing - Longliner
700050126,VESSEL_GUL_014,PA,fishing,0.9961111111111113,longliner,0.9999999921078248,0.0,0.0022222222222222222,0.0,0.9961111111111113,0.0016666666666666668,0.0,0.0,0.0,0.0,0.002430555555555555,0.8999999999999999,0.0,0.8999999999999999,Fishing,Fishing - Longliner
700050126,VESSEL_GUL_014,PA,fishing,1.0,longliner,0.9999999921078248,0.0,0.0,0.0,1.0,0.0,0.0,0.0,0.0,0.0,0.002430555555555555,0.8999999999999999,0.0,0.8999999999999999,Fishing,Fishing - Longliner
700050126,VESSEL_GUL_014,PA,fishing,0.8298095238095239,longliner,0.9999999920996464,0.013777777777777776,0.03677777777777777,0.02222222222222222,0.8298095238095239,0.031746031746031744,0.0,0.02744444444444445,0.035111111111111114,0.0031111111111111114,0.002430555555555555,0.8999999999999999,0.0,0.8999999999999999,Fishing,Fishing - Longliner
700050126,VESSEL_GUL_014,PA,fishing,1.0,longliner,0.9999999917959682,0.0,0.0,0.0,1.0,0.0,0.0,0.0,0.0,0.0,0.002430555555555555,0.8999999999999999,0.0,0.8999999999999999,Fishing,Fishing - Longliner
700050126,VESSEL_GUL_014,PA,fishing,1.0,longliner,0.9999999913178065,0.0,0.0,0.0,1.0,0.0,0.0,0.0,0.0,0.0,0.002430555555555555,0.8999999999999999,0.0,0.8999999999999999,Fishing,Fishing - Longliner
700050126,VESSEL_GUL_014,PA,fishing,1.0,longliner,0.9999999921078248,0.0,0.0,0.0,1.0,0.0,0.0,0.0,0.0,0.0,0.002430555555555555,0.8999999999999999,0.0,0.8999999999999999,Fishing,Fishing - Longliner
700050126,VESSEL_GUL_014,PA,fishing,1.0,longliner,0.9999999921078248,0.0,0.0,0.0,1.0,0.0,0.0,0.0,0.0,0.0,0.002430555555555555,0.8999999999999999,0.0,0.8999999999999999,Fishing,Fishing - Longliner
700050126,VESSEL_GUL_014,PA,fishing,0.9955555555555554,longliner,0.9999999921078248,0.0,0.0016666666666666668,0.0011111111111111111,0.9955555555555554,0.0016666666666666668,0.0,0.0,0.0,0.0,0.002430555555555555,0.8999999999999999,0.0,0.8999999999999999,Fishing,Fishing - Longliner
700050126,VESSEL_GUL_014,PA,fishing,1.0,longliner,0.9999999920996464,0.0,0.0,0.0,1.0,0.0,0.0,0.0,0.0,0.0,0.002430555555555555,0.8999999999999999,0.0,0.8999999999999999,Fishing,Fishing - Longliner
700050126,VESSEL_GUL_014,PA,fishing,0.9877777777777779,longliner,0.9999999920996464,0.0,0.005888888888888889,0.0,0.9877777777777779,0.0022222222222222222,0.0,0.0011111111111111111,0.0013333333333333335,0.0016666666666666668,0.002430555555555555,0.8999999999999999,0.0,0.8999999999999999,Fishing,Fishing - Longliner
700050126,VESSEL_GUL_014,PA,fishing,1.0,longliner,0.9999999921078248,0.0,0.0,0.0,1.0,0.0,0.0,0.0,0.0,0.0,0.002430555555555555,0.8999999999999999,0.0,0.8999999999999999,Fishing,Fishing - Longliner
700050126,VESSEL_GUL_014,PA,fishing,1.0,longliner,0.9999999921078248,0.0,0.0,0.0,1.0,0.0,0.0,0.0,0.0,0.0,0.002430555555555555,0.8999999999999999,0.0,0.8999999999999999,Fishing,Fishing - Longliner
700050126,VESSEL_GUL_014,PA,fishing,0.9983333333333333,longliner,0.9999999865830476,0.0,0.0,0.0,0.9983333333333333,0.0016666666666666668,0.0,0.0,0.0,0.0,0.002430555555555555,0.8999999999999999,0.0,0.8999999999999999,Fishing,Fishing - Longliner
700050126,VESSEL_GUL_014,PA,transit,0.9219444444444446,longliner,0.9999999894332349,0.010666666666666668,0.005476190476190476,0.0044444444444444444,0.014999999999999998,0.0008333333333333334,0.0,0.0371904761904762,0.9219444444444446,0.0044444444444444444,0.002430555555555555,0.3,0.0,0.3,Transit,Fishing - Longliner
700050126,VESSEL_GUL_014,PA,transit,0.9999893247931678,longliner,0.9999999903202966,0.0,0.0,0.0,0.0,0.0,1.0675206832132371e-05,0.0,0.9999893247931678,0.0,0.002430555555555555,0.3,0.0,0.3,Transit,Fishing - Longliner
700050126,VESSEL_GUL_014,PA,transit,0.9999893247931678,longliner,0.9999999909880716,0.0,0.0,0.0,0.0,0.0,1.0675206832132371e-05,0.0,0.9999893247931678,0.0,0.002430555555555555,0.3,0.0,0.3,Transit,Fishing - Longliner
700050126,VESSEL_GUL_014,PA,transit,0.9999893247931678,longliner,0.9999999909880716,0.0,0.0,0.0,0.0,0.0,1.0675206832132371e-05,0.0,0.9999893247931678,0.0,0.002430555555555555,0.3,0.0,0.3,Transit,Fishing - Longliner
700050126,VESSEL_GUL_014,PA,transit,0.9999893247931678,longliner,0.9999999909880716,0.0,0.0,0.0,0.0,0.0,1.0675206832132371e-05,0.0,0.9999893247931678,0.0,0.002430555555555555,0.3,0.0,0.3,Transit,Fishing - Longliner
700050126,VESSEL_GUL_014,PA,transit,0.9999893247931678,longliner,0.9999999909880716,0.0,0.0,0.0,0.0,0.0,1.0675206832132371e-05,0.0,0.9999893247931678,0.0,0.002430555555555555,0.3,0.0,0.3,Transit,Fishing - Longliner
700050126,VESSEL_GUL_014,PA,transit,0.9999893247931678,longliner,0.9999999903513878,0.0,0.0,0.0,0.0,0.0,1.0675206832132371e-05,0.0,0.9999893247931678,0.0,0.002430555555555555,0.3,0.0,0.3,Transit,Fishing - Longliner
700050126,VESSEL_GUL_014,PA,transit,0.9988782136820566,longliner,0.9999999903202966,0.0,0.0,0.0,0.0011111111111111111,0.0,1.0675206832132371e-05,0.0,0.9988782136820566,0.0,0.002430555555555555,0.3,0.0,0.3,Transit,Fishing - Longliner
700050126,VESSEL_GUL_014,PA,transit,0.9983226581265012,longliner,0.999999990864704,0.0016666666666666668,0.0,0.0,0.0,0.0,1.0675206832132371e-05,0.0,0.9983226581265012,0.0,0.002430555555555555,0.3,0.0,0.3,Transit,Fishing - Longliner
700050126,VESSEL_GUL_014,PA,transit,0.9999893247931678,longliner,0.9999999909880716,0.0,0.0,0.0,0.0,0.0,1.0675206832132371e-05,0.0,0.9999893247931678,0.0,0.002430555555555555,0.3,0.0,0.3,Transit,Fishing - Longliner
700050126,VESSEL_GUL_014,PA,transit,0.9999893247931678,longliner,0.9999999909877176,0.0,0.0,0.0,0.0,0.0,1.0675206832132371e-05,0.0,0.9999893247931678,0.0,0.002430555555555555,0.3,0.0,0.3,Transit,Fishing - Longliner
700050126,VESSEL_GUL_014,PA,transit,0.9999893247931678,longliner,0.9999999909880716,0.0,0.0,0.0,0.0,0.0,1.0675206832132371e-05,0.0,0.9999893247931678,0.0,0.002430555555555555,0.3,0.0,0.3,Transit,Fishing - Longliner
700050126,VESSEL_GUL_014,PA,transit,0.9999893247931678,longliner,0.9999999909880716,0.0,0.0,0.0,0.0,0.0,1.0675206832132371e-05,0.0,0.9999893247931678,0.0,0.002430555555555555,0.3,0.0,0.3,Transit,Fishing - Longliner
700050126,VESSEL_GUL_014,PA,transit,0.9999893247931678,longliner,0.9999999909880716,0.0,0.0,0.0,0.0,0.0,1.0675206832132371e-05,0.0,0.9999893247931678,0.0,0.002430555555555555,0.3,0.0,0.3,Transit,Fishing - Longliner
700050126,VESSEL_GUL_014,PA,transit,0.9999893247931678,longliner,0.9999999909877176,0.0,0.0,0.0,0.0,0.0,1.0675206832132371e-05,0.0,0.9999893247931678,0.0,0.002430555555555555,0.3,0.0,0.3,Transit,Fishing - Longliner
700050126,VESSEL_GUL_014,PA,transit,0.9999893247931678,longliner,0.9999999909880716,0.0,0.0,0.0,0.0,0.0,1.0675206832132371e-05,0.0,0.9999893247931678,0.0,0.002430555555555555,0.3,0.0,0.3,Transit,Fishing - Longliner
700050126,VESSEL_GUL_014,PA,transit,0.9999893247931678,longliner,0.9999999909880716,0.0,0.0,0.0,0.0,0.0,1.0675206832132371e-05,0.0,0.9999893247931678,0.0,0.002430555555555555,0.3,0.0,0.3,Transit,Fishing - Longliner
700050126,VESSEL_GUL_014,PA,transit,0.9999893247931678,longliner,0.9999999909880716,0.0,0.0,0.0,0.0,0.0,1.0675206832132371e-05,0.0,0.9999893247931678,0.0,0.002430555555555555,0.3,0.0,0.3,Transit,Fishing - Longliner
700050126,VESSEL_GUL_014,PA,transit,0.9908782136820568,longliner,0.9999999909880716,0.008,0.0,0.0011111111111111111,0.0,0.0,1.0675206832132371e-05,0.0,0.9908782136820568,0.0,0.002430555555555555,0.3,0.0,0.3,Transit,Fishing - Longliner
700050126,VESSEL_GUL_014,PA,transit,0.9999893247931678,longliner,0.9999999909880716,0.0,0.0,0.0,0.0,0.0,1.0675206832132371e-05,0.0,0.9999893247931678,0.0,0.002430555555555555,0.3,0.0,0.3,Transit,Fishing - Longliner
700050126,VESSEL_GUL_014,PA,transit,0.9999893247931678,longliner,0.9999999909877176,0.0,0.0,0.0,0.0,0.0,1.0675206832132371e-05,0.0,0.9999893247931678,0.0,0.002430555555555555,0.3,0.0,0.3,Transit,Fishing - Longliner
700050126,VESSEL_GUL_014,PA,transit,0.9999893247931678,longliner,0.9999999909880716,0.0,0.0,0.0,0.0,0.0,1.0675206832132371e-05,0.0,0.9999893247931678,0.0,0.002430555555555555,0.3,0.0,0.3,Transit,Fishing - Longliner
700050126,VESSEL_GUL_014,PA,transit,0.9999893247931678,longliner,0.9999999909880716,0.0,0.0,0.0,0.0,0.0,1.0675206832132371e-05,0.0,0.9999893247931678,0.0,0.002430555555555555,0.3,0.0,0.3,Transit,Fishing - Longliner
700050126,VESSEL_GUL_014,PA,transit,0.9999893247931678,longliner,0.9999999903202966,0.0,0.0,0.0,0.0,0.0,1.0675206832132371e-05,0.0,0.9999893247931678,0.0,0.002430555555555555,0.3,0.0,0.3,Transit,Fishing - Longliner
700050126,VESSEL_GUL_014,PA,transit,0.9999893247931678,longliner,0.9999999909880716,0.0,0.0,0.0,0.0,0.0,1.0675206832132371e-05,0.0,0.9999893247931678,0.0,0.002430555555555555,0.3,0.0,0.3,Transit,Fishing - Longliner
700050126,VESSEL_GUL_014,PA,transit,0.9999893247931678,longliner,0.9999999909880716,0.0,0.0,0.0,0.0,0.0,1.0675206832132371e-05,0.0,0.9999893247931678,0.0,0.002430555555555555,0.3,0.0,0.3,Transit,Fishing - Longliner
700050126,VESSEL_GUL_014,PA,transit,0.9902671025709457,longliner,0.9999999907451079,0.0022222222222222222,0.004166666666666667,0.0033333333333333335,0.0,0.0,1.0675206832132371e-05,0.0,0.9902671025709457,0.0,0.002430555555555555,0.3,0.0,0.3,Transit,Fishing - Longliner
700050126,VESSEL_GUL_014,PA,transit,0.9999893247931678,longliner,0.9999999909880716,0.0,0.0,0.0,0.0,0.0,1.0675206832132371e-05,0.0,0.9999893247931678,0.0,0.002430555555555555,0.3,0.0,0.3,Transit,Fishing - Longliner
700050126,VESSEL_GUL_014,PA,transit,0.9999893247931678,longliner,0.9999999909880716,0.0,0.0,0.0,0.0,0.0,1.0675206832132371e-05,0.0,0.9999893247931678,0.0,0.002430555555555555,0.3,0.0,0.3,Transit,Fishing - Longliner
700050126,VESSEL_GUL_014,PA,transit,0.9999893247931678,longliner,0.9999999909880716,0.0,0.0,0.0,0.0,0.0,1.0675206832132371e-05,0.0,0.9999893247931678,0.0,0.002430555555555555,0.3,0.0,0.3,Transit,Fishing - Longliner
700050127,VESSEL_GUL_015,CM,transit,0.9999893247931678,longliner,0.9999999934302768,0.0,0.0,0.0,0.0,0.0,1.0675206832132371e-05,0.0,0.9999893247931678,0.0,0.002430555555555555,0.0,0.0,0.002430555555555555,Transit,Fishing - Longliner
700050127,VESSEL_GUL_015,CM,transit,0.9999893247931678,longliner,0.9999999934302768,0.0,0.0,0.0,0.0,0.0,1.0675206832132371e-05,0.0,0.9999893247931678,0.0,0.002430555555555555,0.0,0.0,0.002430555555555555,Transit,Fishing - Longliner
700050127,VESSEL_GUL_015,CM,transit,0.9999893247931678,longliner,0.9999999934305595,0.0,0.0,0.0,0.0,0.0,1.0675206832132371e-05,0.0,0.9999893247931678,0.0,0.002430555555555555,0.0,0.0,0.002430555555555555,Transit,Fishing - Longliner
700050127,VESSEL_GUL_015,CM,transit,0.9999893247931678,longliner,0.9999999934305595,0.0,0.0,0.0,0.0,0.0,1.0675206832132371e-05,0.0,0.9999893247931678,0.0,0.002430555555555555,0.0,0.0,0.002430555555555555,Transit,Fishing - Longliner
700050127,VESSEL_GUL_015,CM,transit,0.9999893247931678,longliner,0.9999999934305595,0.0,0.0,0.0,0.0,0.0,1.0675206832132371e-05,0.0,0.9999893247931678,0.0,0.002430555555555555,0.0,0.0,0.002430555555555555,Transit,Fishing - Longliner
700050127,VESSEL_GUL_015,CM,transit,0.9999893247931678,longliner,0.9999999934305595,0.0,0.0,0.0,0.0,0.0,1.0675206832132371e-05,0.0,0.9999893247931678,0.0,0.002430555555555555,0.0,0.0,0.002430555555555555,Transit,Fishing - Longliner
700050127,VESSEL_GUL_015,CM,transit,0.9999893247931678,longliner,0.9999999934305595,0.0,0.0,0.0,0.0,0.0,1.0675206832132371e-05,0.0,0.9999893247931678,0.0,0.002430555555555555,0.0,0.0,0.002430555555555555,Transit,Fishing - Longliner
700050127,VESSEL_GUL_015,CM,transit,0.9999893247931678,longliner,0.9999999934305595,0.0,0.0,0.0,0.0,0.0,1.0675206832132371e-05,0.0,0.9999893247931678,0.0,0.002430555555555555,0.0,0.0,0.002430555555555555,Transit,Fishing - Longliner
700050127,VESSEL_GUL_015,CM,transit,0.9999893247931678,longliner,0.9999999934305595,0.0,0.0,0.0,0.0,0.0,1.0675206832132371e-05,0.0,0.9999893247931678,0.0,0.002430555555555555,0.0,0.0,0.002430555555555555,Transit,Fishing - Longliner
700050127,VESSEL_GUL_015,CM,transit,0.9999893247931678,longliner,0.9999999934305595,0.0,0.0,0.0,0.0,0.0,1.0675206832132371e-05,0.0,0.9999893247931678,0.0,0.002430555555555555,0.0,0.0,0.002430555555555555,Transit,Fishing - Longliner
700050127,VESSEL_GUL_015,CM,transit,0.9999893247931678,longliner,0.9999999934302768,0.0,0.0,0.0,0.0,0.0,1.0675206832132371e-05,0.0,0.9999893247931678,0.0,0.002430555555555555,0.0,0.0,0.002430555555555555,Transit,Fishing - Longliner
700050127,VESSEL_GUL_015,CM,transit,0.9999893247931678,longliner,0.9999999934305595,0.0,0.0,0.0,0.0,0.0,1.0675206832132371e-05,0.0,0.9999893247931678,0.0,0.002430555555555555,0.0,0.0,0.002430555555555555,Transit,Fishing - Longliner
700050127,VESSEL_GUL_015,CM,transit,0.9999893247931678,longliner,0.9999999934302768,0.0,0.0,0.0,0.0,0.0,1.0675206832132371e-05,0.0,0.9999893247931678,0.0,0.002430555555555555,0.0,0.0,0.002430555555555555,Transit,Fishing - Longliner
700050127,VESSEL_GUL_015,CM,transit,0.8509068504594818,longliner,0.9999999935684796,0.0,0.0,0.0,0.10798997493734336,0.011666666666666667,0.029436507936507934,0.0,0.8509068504594818,0.0,0.002430555555555555,0.0,0.0,0.002430555555555555,Transit,Fishing - Longliner
700050127,VESSEL_GUL_015,CM,fishing,0.9682777777777778,longliner,0.9999999936920079,0.0,0.0,0.0,0.9682777777777778,0.007238095238095238,0.0011111111111111111,0.0,0.017817460317460315,0.005555555555555555,0.002430555555555555,0.6,0.0,0.6,Fishing,Fishing - Longliner
700050127,VESSEL_GUL_015,CM,fishing,1.0,longliner,0.9999999923669888,0.0,0.0,0.0,1.0,0.0,0.0,0.0,0.0,0.0,0.002430555555555555,0.6,0.0,0.6,Fishing,Fishing - Longliner
700050127,VESSEL_GUL_015,CM,fishing,1.0,longliner,0.9999999938986885,0.0,0.0,0.0,1.0,0.0,0.0,0.0,0.0,0.0,0.002430555555555555,0.6,0.0,0.6,Fishing,Fishing - Longliner
700050127,VESSEL_GUL_015,CM,fishing,1.0,longliner,0.9999999938986885,0.0,0.0,0.0,1.0,0.0,0.0,0.0,0.0,0.0,0.002430555555555555,0.6,0.0,0.6,Fishing,Fishing - Longliner
700050127,VESSEL_GUL_015,CM,fishing,1.0,longliner,0.9999999938986885,0.0,0.0,0.0,1.0,0.0,0.0,0.0,0.0,0.0,0.002430555555555555,0.6,0.0,0.6,Fishing,Fishing - Longliner
700050127,VESSEL_GUL_015,CM,fishing,1.0,longliner,0.9999999938986885,0.0,0.0,0.0,1.0,0.0,0.0,0.0,0.0,0.0,0.002430555555555555,0.6,0.0,0.6,Fishing,Fishing - Longliner
700050127,VESSEL_GUL_015,CM,fishing,1.0,longliner,0.9999999936134747,0.0,0.0,0.0,1.0,0.0,0.0,0.0,0.0,0.0,0.002430555555555555,0.6,0.0,0.6,Fishing,Fishing - Longliner
700050127,VESSEL_GUL_015,CM,fishing,1.0,longliner,0.9999999936134747,0.0,0.0,0.0,1.0,0.0,0.0,0.0,0.0,0.0,0.002430555555555555,0.6,0.0,0.6,Fishing,Fishing - Longliner
700050127,VESSEL_GUL_015,CM,fishing,1.0,longliner,0.9999999938986885,0.0,0.0,0.0,1.0,0.0,0.0,0.0,0.0,0.0,0.002430555555555555,0.6,0.0,0.6,Fishing,Fishing - Longliner
700050127,VESSEL_GUL_015,CM,fishing,1.0,longliner,0.9999999938986885,0.0,0.0,0.0,1.0,0.0,0.0,0.0,0.0,0.0,0.002430555555555555,0.6,0.0,0.6,Fishing,Fishing - Longliner
700050127,VESSEL_GUL_015,CM,fishing,1.0,longliner,0.9999999938986885,0.0,0.0,0.0,1.0,0.0,0.0,0.0,0.0,0.0,0.002430555555555555,0.6,0.0,0.6,Fishing,Fishing - Longliner
700050127,VESSEL_GUL_015,CM,fishing,0.9988888888888889,longliner,0.9999999936134747,0.0,0.0,0.0,0.9988888888888889,0.0011111111111111111,0.0,0.0,0.0,0.0,0.002430555555555555,0.6,0.0,0.6,Fishing,Fishing - Longliner
700050127,VESSEL_GUL_015,CM,fishing,1.0,longliner,0.9999999938986885,0.0,0.0,0.0,1.0,0.0,0.0,0.0,0.0,0.0,0.002430555555555555,0.6,0.0,0.6,Fishing,Fishing - Longliner
700050127,VESSEL_GUL_015,CM,fishing,0.9977777777777779,longliner,0.9999999938986885,0.0,0.0,0.0,0.9977777777777779,0.0022222222222222222,0.0,0.0,0.0,0.0,0.002430555555555555,0.6,0.0,0.6,Fishing,Fishing - Longliner
700050127,VESSEL_GUL_015,CM,fishing,0.9988888888888887,longliner,0.9999999938986885,0.0,0.0,0.0,0.9988888888888887,0.0011111111111111111,0.0,0.0,0.0,0.0,0.002430555555555555,0.6,0.0,0.6,Fishing,Fishing - Longliner
700050127,VESSEL_GUL_015,CM,fishing,1.0,longliner,0.9999999938986885,0.0,0.0,0.0,1.0,0.0,0.0,0.0,0.0,0.0,0.002430555555555555,0.6,0.0,0.6,Fishing,Fishing - Longliner
700050127,VESSEL_GUL_015,CM,fishing,1.0,longliner,0.9999999936134747,0.0,0.0,0.0,1.0,0.0,0.0,0.0,0.0,0.0,0.002430555555555555,0.6,0.0,0.6,Fishing,Fishing - Longliner
700050127,VESSEL_GUL_015,CM,fishing,0.9991666666666666,longliner,0.9999999936134747,0.0,0.0,0.0,0.9991666666666666,0.0,0.0008333333333333334,0.0,0.0,0.0,0.002430555555555555,0.6,0.0,0.6,Fishing,Fishing - Longliner
700050127,VESSEL_GUL_015,CM,fishing,1.0,longliner,0.9999999938986885,0.0,0.0,0.0,1.0,0.0,0.0,0.0,0.0,0.0,0.002430555555555555,0.6,0.0,0.6,Fishing,Fishing - Longliner
700050127,VESSEL_GUL_015,CM,fishing,1.0,longliner,0.9999999938986885,0.0,0.0,0.0,1.0,0.0,0.0,0.0,0.0,0.0,0.002430555555555555,0.6,0.0,0.6,Fishing,Fishing - Longliner
700050127,VESSEL_GUL_015,CM,fishing,0.9933333333333333,longliner,0.9999999938986885,0.0,0.0,0.0,0.9933333333333333,0.006666666666666667,0.0,0.0,0.0,0.0,0.002430555555555555,0.6,0.0,0.6,Fishing,Fishing - Longliner
700050127,VESSEL_GUL_015,CM,fishing,0.9979999999999999,longliner,0.9999999924114716,0.0,0.0,0.0,0.9979999999999999,0.002,0.0,0.0,0.0,0.0,0.002430555555555555,0.6,0.0,0.6,Fishing,Fishing - Longliner
700050127,VESSEL_GUL_015,CM,transit,0.8258253968253968,longliner,0.9999999935701192,0.0011111111111111111,0.029555555555555564,0.0,0.10895238095238094,0.013055555555555555,0.002,0.015833333333333335,0.8258253968253968,0.003666666666666667,0.002430555555555555,0.0,0.0,0.002430555555555555,Transit,Fishing - Longliner
700050127,VESSEL_GUL_015,CM,transit,0.9919893247931679,longliner,0.9999999934786208,0.0,0.0013333333333333335,0.0,0.0016666666666666668,0.0,0.0033440085401654656,0.0016666666666666668,0.9919893247931679,0.0,0.002430555555555555,0.0,0.0,0.002430555555555555,Transit,Fishing - Longliner
700050127,VESSEL_GUL_015,CM,transit,0.9999893247931678,longliner,0.9999999934305595,0.0,0.0,0.0,0.0,0.0,1.0675206832132371e-05,0.0,0.9999893247931678,0.0,0.002430555555555555,0.0,0.0,0.002430555555555555,Transit,Fishing - Longliner
700050127,VESSEL_GUL_015,CM,fishing,0.9838571428571428,longliner,0.9999999936903394,0.0,0.0,0.0,0.9838571428571428,0.0016666666666666668,0.0016666666666666668,0.0,0.01280952380952381,0.0,0.002430555555555555,0.6,0.0,0.6,Fishing,Fishing - Longliner
700050127,VESSEL_GUL_015,CM,fishing,1.0,longliner,0.9999999936994757,0.0,0.0,0.0,1.0,0.0,0.0,0.0,0.0,0.0,0.002430555555555555,0.6,0.0,0.6,Fishing,Fishing - Longliner
700050127,VESSEL_GUL_015,CM,fishing,1.0,longliner,0.9999999923642459,0.0,0.0,0.0,1.0,0.0,0.0,0.0,0.0,0.0,0.002430555555555555,0.6,0.0,0.6,Fishing,Fishing - Longliner
700050127,VESSEL_GUL_015,CM,fishing,1.0,longliner,0.9999999938986885,0.0,0.0,0.0,1.0,0.0,0.0,0.0,0.0,0.0,0.002430555555555555,0.6,0.0,0.6,Fishing,Fishing - Longliner
700050127,VESSEL_GUL_015,CM,fishing,0.9858333333333333,longliner,0.9999999913335461,0.0,0.0,0.0,0.9858333333333333,0.007777777777777777,0.0016666666666666668,0.0022222222222222222,0.0025,0.0,0.002430555555555555,0.6,0.0,0.6,Fishing,Fishing - Longliner
700050127,VESSEL_GUL_015,CM,fishing,1.0,longliner,0.9999999938986885,0.0,0.0,0.0,1.0,0.0,0.0,0.0,0.0,0.0,0.002430555555555555,0.6,0.0,0.6,Fishing,Fishing - Longliner
700050127,VESSEL_GUL_015,CM,fishing,1.0,longliner,0.9999999938986885,0.0,0.0,0.0,1.0,0.0,0.0,0.0,0.0,0.0,0.002430555555555555,0.6,0.0,0.6,Fishing,Fishing - Longliner
700050127,VESSEL_GUL_015,CM,fishing,1.0,longliner,0.9999999938986885,0.0,0.0,0.0,1.0,0.0,0.0,0.0,0.0,0.0,0.002430555555555555,0.6,0.0,0.6,Fishing,Fishing - Longliner
700050127,VESSEL_GUL_015,CM,fishing,0.9983333333333333,longliner,0.9999999938986885,0.0,0.0,0.0,0.9983333333333333,0.0016666666666666668,0.0,0.0,0.0,0.0,0.002430555555555555,0.6,0.0,0.6,Fishing,Fishing - Longliner
700050127,VESSEL_GUL_015,CM,fishing,1.0,longliner,0.9999999938986885,0.0,0.0,0.0,1.0,0.0,0.0,0.0,0.0,0.0,0.002430555555555555,0.6,0.0,0.6,Fishing,Fishing - Longliner
700050127,VESSEL_GUL_015,CM,fishing,1.0,longliner,0.9999999936134747,0.0,0.0,0.0,1.0,0.0,0.0,0.0,0.0,0.0,0.002430555555555555,0.6,0.0,0.6,Fishing,Fishing - Longliner
700050127,VESSEL_GUL_015,CM,fishing,0.9983333333333333,longliner,0.9999999933116357,0.0,0.0,0.0,0.9983333333333333,0.0,0.0,0.0,0.0,0.0016666666666666668,0.002430555555555555,0.6,0.0,0.6,Fishing,Fishing - Longliner
700050127,VESSEL_GUL_015,CM,transit,0.9027142857142858,longliner,0.9999999936920074,0.0033333333333333335,0.0038888888888888883,0.0,0.06333333333333334,0.01395238095238095,0.0033333333333333335,0.0016666666666666668,0.9027142857142858,0.007777777777777777,0.002430555555555555,0.0,0.0,0.002430555555555555,Transit,Fishing - Longliner
700050127,VESSEL_GUL_015,CM,transit,0.9974893247931679,longliner,0.9999999934786208,0.0,0.0,0.0,0.0025,0.0,1.0675206832132371e-05,0.0,0.9974893247931679,0.0,0.002430555555555555,0.0,0.0,0.002430555555555555,Transit,Fishing - Longliner
700050127,VESSEL_GUL_015,CM,transit,0.9999893247931678,longliner,0.9999999932365589,0.0,0.0,0.0,0.0,0.0,1.0675206832132371e-05,0.0,0.9999893247931678,0.0,0.002430555555555555,0.0,0.0,0.002430555555555555,Transit,Fishing - Longliner
700050127,VESSEL_GUL_015,CM,transit,0.9999893247931678,longliner,0.9999999934305595,0.0,0.0,0.0,0.0,0.0,1.0675206832132371e-05,0.0,0.9999893247931678,0.0,0.002430555555555555,0.0,0.0,0.002430555555555555,Transit,Fishing - Longliner
700050127,VESSEL_GUL_015,CM,transit,0.9999893247931678,longliner,0.9999999934305595,0.0,0.0,0.0,0.0,0.0,1.0675206832132371e-05,0.0,0.9999893247931678,0.0,0.002430555555555555,0.0,0.0,0.002430555555555555,Transit,Fishing - Longliner
700050127,VESSEL_GUL_015,CM,transit,0.9999893247931678,longliner,0.9999999933320534,0.0,0.0,0.0,0.0,0.0,1.0675206832132371e-05,0.0,0.9999893247931678,0.0,0.002430555555555555,0.0,0.0,0.002430555555555555,Transit,Fishing - Longliner
700050127,VESSEL_GUL_015,CM,transit,0.9999893247931678,longliner,0.9999999934305595,0.0,0.0,0.0,0.0,0.0,1.0675206832132371e-05,0.0,0.9999893247931678,0.0,0.002430555555555555,0.0,0.0,0.002430555555555555,Transit,Fishing - Longliner
700050127,VESSEL_GUL_015,CM,transit,0.9999893247931678,longliner,0.9999999934305595,0.0,0.0,0.0,0.0,0.0,1.0675206832132371e-05,0.0,0.9999893247931678,0.0,0.002430555555555555,0.0,0.0,0.002430555555555555,Transit,Fishing - Longliner
700050127,VESSEL_GUL_015,CM,transit,0.9999893247931678,longliner,0.9999999934305595,0.0,0.0,0.0,0.0,0.0,1.0675206832132371e-05,0.0,0.9999893247931678,0.0,0.002430555555555555,0.0,0.0,0.002430555555555555,Transit,Fishing - Longliner
700050127,VESSEL_GUL_015,CM,transit,0.9999893247931678,longliner,0.9999999934305595,0.0,0.0,0.0,0.0,0.0,1.0675206832132371e-05,0.0,0.9999893247931678,0.0,0.002430555555555555,0.0,0.0,0.002430555555555555,Transit,Fishing - Longliner
700050127,VESSEL_GUL_015,CM,transit,0.9999893247931678,longliner,0.9999999934282315,0.0,0.0,0.0,0.0,0.0,1.0675206832132371e-05,0.0,0.9999893247931678,0.0,0.002430555555555555,0.0,0.0,0.002430555555555555,Transit,Fishing - Longliner
700050127,VESSEL_GUL_015,CM,transit,0.9999893247931678,longliner,0.99999999342799,0.0,0.0,0.0,0.0,0.0,1.0675206832132371e-05,0.0,0.9999893247931678,0.0,0.002430555555555555,0.0,0.0,0.002430555555555555,Transit,Fishing - Longliner
700050127,VESSEL_GUL_015,CM,transit,0.9999893247931678,longliner,0.9999999934302768,0.0,0.0,0.0,0.0,0.0,1.0675206832132371e-05,0.0,0.9999893247931678,0.0,0.002430555555555555,0.0,0.0,0.002430555555555555,Transit,Fishing - Longliner
700050127,VESSEL_GUL_015,CM,transit,0.9999893247931678,longliner,0.9999999934305595,0.0,0.0,0.0,0.0,0.0,1.0675206832132371e-05,0.0,0.9999893247931678,0.0,0.002430555555555555,0.0,0.0,0.002430555555555555,Transit,Fishing - Longliner
700050127,VESSEL_GUL_015,CM,transit,0.9999893247931678,longliner,0.9999999934305595,0.0,0.0,0.0,0.0,0.0,1.0675206832132371e-05,0.0,0.9999893247931678,0.0,0.002430555555555555,0.0,0.0,0.002430555555555555,Transit,Fishing - Longliner
700050127,VESSEL_GUL_015,CM,transit,0.9988782136820569,longliner,0.9999999934305595,0.0011111111111111111,0.0,0.0,0.0,0.0,1.0675206832132371e-05,0.0,0.9988782136820569,0.0,0.002430555555555555,0.0,0.0,0.002430555555555555,Transit,Fishing - Longliner
700050127,VESSEL_GUL_015,CM,transit,0.9999893247931678,longliner,0.9999999934282315,0.0,0.0,0.0,0.0,0.0,1.0675206832132371e-05,0.0,0.9999893247931678,0.0,0.002430555555555555,0.0,0.0,0.002430555555555555,Transit,Fishing - Longliner
700050127,VESSEL_GUL_015,CM,transit,0.9983226581265012,longliner,0.9999999934282298,0.0,0.0,0.0,0.0016666666666666668,0.0,1.0675206832132371e-05,0.0,0.9983226581265012,0.0,0.002430555555555555,0.0,0.0,0.002430555555555555,Transit,Fishing - Longliner
700050127,VESSEL_GUL_015,CM,transit,0.9999893247931678,longliner,0.9999999934305595,0.0,0.0,0.0,0.0,0.0,1.0675206832132371e-05,0.0,0.9999893247931678,0.0,0.002430555555555555,0.0,0.0,0.002430555555555555,Transit,Fishing - Longliner
700050127,VESSEL_GUL_015,CM,transit,0.9999893247931678,longliner,0.9999999934305595,0.0,0.0,0.0,0.0,0.0,1.0675206832132371e-05,0.0,0.9999893247931678,0.0,0.002430555555555555,0.0,0.0,0.002430555555555555,Transit,Fishing - Longliner
700050127,VESSEL_GUL_015,CM,transit,0.9999893247931678,longliner,0.9999999934536723,0.0,0.0,0.0,0.0,0.0,1.0675206832132371e-05,0.0,0.9999893247931678,0.0,0.002430555555555555,0.0,0.0,0.002430555555555555,Transit,Fishing - Longliner
700050127,VESSEL_GUL_015,CM,transit,0.9999893247931678,longliner,0.999999993428514,0.0,0.0,0.0,0.0,0.0,1.0675206832132371e-05,0.0,0.9999893247931678,0.0,0.002430555555555555,0.0,0.0,0.002430555555555555,Transit,Fishing - Longliner
700050127,VESSEL_GUL_015,CM,transit,0.9999893247931678,longliner,0.9999999934282304,0.0,0.0,0.0,0.0,0.0,1.0675206832132371e-05,0.0,0.9999893247931678,0.0,0.002430555555555555,0.0,0.0,0.002430555555555555,Transit,Fishing - Longliner
700050127,VESSEL_GUL_015,CM,transit,0.9999893247931678,longliner,0.9999999934302768,0.0,0.0,0.0,0.0,0.0,1.0675206832132371e-05,0.0,0.9999893247931678,0.0,0.002430555555555555,0.0,0.0,0.002430555555555555,Transit,Fishing - Longliner
700050127,VESSEL_GUL_015,CM,transit,0.9999893247931678,longliner,0.9999999934305595,0.0,0.0,0.0,0.0,0.0,1.0675206832132371e-05,0.0,0.9999893247931678,0.0,0.002430555555555555,0.0,0.0,0.002430555555555555,Transit,Fishing - Longliner
700050127,VESSEL_GUL_015,CM,transit,0.9999893247931678,longliner,0.9999999934305595,0.0,0.0,0.0,0.0,0.0,1.0675206832132371e-05,0.0,0.9999893247931678,0.0,0.002430555555555555,0.0,0.0,0.002430555555555555,Transit,Fishing - Longliner
700050127,VESSEL_GUL_015,CM,transit,0.9999893247931678,longliner,0.9999999934305595,0.0,0.0,0.0,0.0,0.0,1.0675206832132371e-05,0.0,0.9999893247931678,0.0,0.002430555555555555,0.0,0.0,0.002430555555555555,Transit,Fishing - Longliner
700050127,VESSEL_GUL_015,CM,transit,0.9999893247931678,longliner,0.9999999934305595,0.0,0.0,0.0,0.0,0.0,1.0675206832132371e-05,0.0,0.9999893247931678,0.0,0.002430555555555555,0.0,0.0,0.002430555555555555,Transit,Fishing - Longliner
700050127,VESSEL_GUL_015,CM,transit,0.9999893247931678,longliner,0.9999999934305595,0.0,0.0,0.0,0.0,0.0,1.0675206832132371e-05,0.0,0.9999893247931678,0.0,0.002430555555555555,0.0,0.0,0.002430555555555555,Transit,Fishing - Longliner
700050127,VESSEL_GUL_015,CM,transit,0.9999893247931678,longliner,0.9999999933957933,0.0,0.0,0.0,0.0,0.0,1.0675206832132371e-05,0.0,0.9999893247931678,0.0,0.002430555555555555,0.0,0.0,0.002430555555555555,Transit,Fishing - Longliner
700050127,VESSEL_GUL_015,CM,transit,0.9999893247931678,longliner,0.9999999934305595,0.0,0.0,0.0,0.0,0.0,1.0675206832132371e-05,0.0,0.9999893247931678,0.0,0.002430555555555555,0.0,0.0,0.002430555555555555,Transit,Fishing - Longliner
700050127,VESSEL_GUL_015,CM,transit,0.9999893247931678,longliner,0.9999999934305595,0.0,0.0,0.0,0.0,0.0,1.0675206832132371e-05,0.0,0.9999893247931678,0.0,0.002430555555555555,0.0,0.0,0.002430555555555555,Transit,Fishing - Longliner
700050127,VESSEL_GUL_015,CM,transit,0.9999893247931678,longliner,0.9999999933957933,0.0,0.0,0.0,0.0,0.0,1.0675206832132371e-05,0.0,0.9999893247931678,0.0,0.002430555555555555,0.0,0.0,0.002430555555555555,Transit,Fishing - Longliner
700050127,VESSEL_GUL_015,CM,transit,0.9999893247931678,longliner,0.9999999934305595,0.0,0.0,0.0,0.0,0.0,1.0675206832132371e-05,0.0,0.9999893247931678,0.0,0.002430555555555555,0.0,0.0,0.002430555555555555,Transit,Fishing - Longliner
700050128,VESSEL_GUL_016,GA,transit,0.9999893247931678,trawler,0.9999999921303492,0.0,0.0,0.0,0.0,0.0,1.0675206832132371e-05,0.0,0.9999893247931678,0.0,0.002430555555555555,0.0,0.0,0.002430555555555555,Transit,Fishing - Trawler
700050128,VESSEL_GUL_016,GA,transit,0.9988782136820569,trawler,0.9999999921303492,0.0011111111111111111,0.0,0.0,0.0,0.0,1.0675206832132371e-05,0.0,0.9988782136820569,0.0,0.002430555555555555,0.0,0.0,0.002430555555555555,Transit,Fishing - Trawler
700050128,VESSEL_GUL_016,GA,transit,0.9999893247931678,trawler,0.9999999920830073,0.0,0.0,0.0,0.0,0.0,1.0675206832132371e-05,0.0,0.9999893247931678,0.0,0.002430555555555555,0.0,0.0,0.002430555555555555,Transit,Fishing - Trawler
700050128,VESSEL_GUL_016,GA,transit,0.9999893247931678,trawler,0.9999999921091943,0.0,0.0,0.0,0.0,0.0,1.0675206832132371e-05,0.0,0.9999893247931678,0.0,0.002430555555555555,0.0,0.0,0.002430555555555555,Transit,Fishing - Trawler
700050128,VESSEL_GUL_016,GA,transit,0.9999893247931678,trawler,0.9999999921303492,0.0,0.0,0.0,0.0,0.0,1.0675206832132371e-05,0.0,0.9999893247931678,0.0,0.002430555555555555,0.0,0.0,0.002430555555555555,Transit,Fishing - Trawler
700050128,VESSEL_GUL_016,GA,transit,0.7651924715489462,trawler,0.9999999903778646,0.0038888888888888883,0.0,0.006666666666666667,0.20090796435533279,0.0008333333333333334,0.0166773418734988,0.0,0.7651924715489462,0.005833333333333334,0.42027777777777775,0.0,0.0,0.42027777777777775,Transit,Fishing - Trawler
700050128,VESSEL_GUL_016,GA,fishing,0.8463650793650795,trawler,0.9999999904500142,0.0,0.0,0.0044444444444444444,0.8463650793650795,0.00988888888888889,0.025547619047619045,0.005,0.1070873015873016,0.0016666666666666668,0.42027777777777775,0.6,0.0,0.6,Fishing,Fishing - Trawler
700050128,VESSEL_GUL_016,GA,fishing,0.9983333333333333,trawler,0.9999999916265608,0.0,0.0,0.0,0.9983333333333333,0.0,0.0,0.0,0.0016666666666666668,0.0,0.002430555555555555,0.6,0.0,0.6,Fishing,Fishing - Trawler
700050128,VESSEL_GUL_016,GA,fishing,0.9777777777777777,trawler,0.9999999916266485,0.0,0.0,0.0033333333333333335,0.9777777777777777,0.0,0.0033333333333333335,0.0,0.013333333333333334,0.0022222222222222222,0.002430555555555555,0.6,0.0,0.6,Fishing,Fishing - Trawler
700050128,VESSEL_GUL_016,GA,transit,0.8379761904761905,trawler,0.999999991478067,0.0005555555555555556,0.003666666666666667,0.0,0.10986507936507933,0.004166666666666667,0.002380952380952381,0.022500000000000003,0.8379761904761905,0.018888888888888886,0.002430555555555555,0.0,0.0,0.002430555555555555,Transit,Fishing - Trawler
700050128,VESSEL_GUL_016,GA,transit,0.9999893247931678,trawler,0.9999999921357262,0.0,0.0,0.0,0.0,0.0,1.0675206832132371e-05,0.0,0.9999893247931678,0.0,0.002430555555555555,0.0,0.0,0.002430555555555555,Transit,Fishing - Trawler
700050128,VESSEL_GUL_016,GA,transit,0.9988782136820569,trawler,0.9999999921390627,0.0011111111111111111,0.0,0.0,0.0,0.0,1.0675206832132371e-05,0.0,0.9988782136820569,0.0,0.002430555555555555,0.0,0.0,0.002430555555555555,Transit,Fishing - Trawler
700050128,VESSEL_GUL_016,GA,transit,0.9999893247931678,trawler,0.9999999921390627,0.0,0.0,0.0,0.0,0.0,1.0675206832132371e-05,0.0,0.9999893247931678,0.0,0.002430555555555555,0.0,0.0,0.002430555555555555,Transit,Fishing - Trawler
700050128,VESSEL_GUL_016,GA,transit,0.9761004359042791,trawler,0.9999999922085493,0.0,0.0,0.0,0.022777777777777775,0.0,0.0011217863179432434,0.0,0.9761004359042791,0.0,0.002430555555555555,0.0,0.0,0.002430555555555555,Transit,Fishing - Trawler
700050128,VESSEL_GUL_016,GA,fishing,0.9386666666666668,trawler,0.999999991619467,0.0,0.0,0.0,0.9386666666666668,0.0,0.011944444444444443,0.0016666666666666668,0.04327777777777777,0.0044444444444444444,0.002430555555555555,0.6,0.0,0.6,Fishing,Fishing - Trawler
700050128,VESSEL_GUL_016,GA,fishing,0.9944444444444446,trawler,0.9999999916256005,0.0,0.0,0.0033333333333333335,0.9944444444444446,0.0,0.0022222222222222222,0.0,0.0,0.0,0.002430555555555555,0.6,0.0,0.6,Fishing,Fishing - Trawler
700050128,VESSEL_GUL_016,GA,fishing,0.9966666666666667,trawler,0.9999999916265608,0.0,0.0,0.0033333333333333335,0.9966666666666667,0.0,0.0,0.0,0.0,0.0,0.002430555555555555,0.6,0.0,0.6,Fishing,Fishing - Trawler
700050128,VESSEL_GUL_016,GA,fishing,0.9894444444444443,trawler,0.9999999904197517,0.0,0.0,0.004666666666666666,0.9894444444444443,0.0022222222222222222,0.0,0.0,0.0,0.003666666666666667,0.002430555555555555,0.6,0.0,0.6,Fishing,Fishing - Trawler
700050128,VESSEL_GUL_016,GA,fishing,0.9966666666666667,trawler,0.999999991632002,0.0,0.0,0.0033333333333333335,0.9966666666666667,0.0,0.0,0.0,0.0,0.0,0.002430555555555555,0.6,0.0,0.6,Fishing,Fishing - Trawler
700050128,VESSEL_GUL_016,GA,fishing,0.9966666666666667,trawler,0.9999999916265608,0.0,0.0,0.0033333333333333335,0.9966666666666667,0.0,0.0,0.0,0.0,0.0,0.002430555555555555,0.6,0.0,0.6,Fishing,Fishing - Trawler
700050128,VESSEL_GUL_016,GA,fishing,0.9966666666666667,trawler,0.9999999916265608,0.0,0.0,0.0033333333333333335,0.9966666666666667,0.0,0.0,0.0,0.0,0.0,0.002430555555555555,0.6,0.0,0.6,Fishing,Fishing - Trawler
700050128,VESSEL_GUL_016,GA,fishing,0.9966666666666667,trawler,0.9999999916265608,0.0,0.0,0.0033333333333333335,0.9966666666666667,0.0,0.0,0.0,0.0,0.0,0.002430555555555555,0.6,0.0,0.6,Fishing,Fishing - Trawler
700050128,VESSEL_GUL_016,GA,fishing,0.9966666666666667,trawler,0.9999999916265604,0.0,0.0,0.0033333333333333335,0.9966666666666667,0.0,0.0,0.0,0.0,0.0,0.002430555555555555,0.6,0.0,0.6,Fishing,Fishing - Trawler
700050128,VESSEL_GUL_016,GA,fishing,0.9966666666666667,trawler,0.9999999916265608,0.0,0.0,0.0033333333333333335,0.9966666666666667,0.0,0.0,0.0,0.0,0.0,0.002430555555555555,0.6,0.0,0.6,Fishing,Fishing - Trawler
700050128,VESSEL_GUL_016,GA,fishing,0.9966666666666667,trawler,0.9999999916265637,0.0,0.0022222222222222222,0.0,0.9966666666666667,0.0,0.0,0.0,0.0011111111111111111,0.0,0.002430555555555555,0.6,0.0,0.6,Fishing,Fishing - Trawler
700050128,VESSEL_GUL_016,GA,fishing,0.9966666666666667,trawler,0.9999999916320058,0.0,0.0,0.0033333333333333335,0.9966666666666667,0.0,0.0,0.0,0.0,0.0,0.002430555555555555,0.6,0.0,0.6,Fishing,Fishing - Trawler
700050128,VESSEL_GUL_016,GA,fishing,0.9811111111111113,trawler,0.9999999916311194,0.0,0.0019444444444444442,0.01,0.9811111111111113,0.0,0.0,0.0,0.006944444444444443,0.0,0.002430555555555555,0.6,0.0,0.6,Fishing,Fishing - Trawler
700050128,VESSEL_GUL_016,GA,transit,0.8801031746031747,trawler,0.9999999913757515,0.0005555555555555556,0.007,0.006666666666666667,0.07222222222222223,0.0033968253968253968,0.0,0.018611111111111113,0.8801031746031747,0.011444444444444445,0.002430555555555555,0.0,0.0,0.002430555555555555,Transit,Fishing - Trawler
700050128,VESSEL_GUL_016,GA,transit,0.9999893247931678,trawler,0.9999999920872805,0.0,0.0,0.0,0.0,0.0,1.0675206832132371e-05,0.0,0.9999893247931678,0.0,0.002430555555555555,0.0,0.0,0.002430555555555555,Transit,Fishing - Trawler
700050128,VESSEL_GUL_016,GA,transit,0.9983226581265012,trawler,0.9999999921091943,0.0,0.0,0.0,0.0016666666666666668,0.0,1.0675206832132371e-05,0.0,0.9983226581265012,0.0,0.002430555555555555,0.0,0.0,0.002430555555555555,Transit,Fishing - Trawler
700050128,VESSEL_GUL_016,GA,transit,0.9999893247931678,trawler,0.9999999921091943,0.0,0.0,0.0,0.0,0.0,1.0675206832132371e-05,0.0,0.9999893247931678,0.0,0.002430555555555555,0.0,0.0,0.002430555555555555,Transit,Fishing - Trawler
700050128,VESSEL_GUL_016,GA,transit,0.9999893247931678,trawler,0.9999999921180144,0.0,0.0,0.0,0.0,0.0,1.0675206832132371e-05,0.0,0.9999893247931678,0.0,0.002430555555555555,0.0,0.0,0.002430555555555555,Transit,Fishing - Trawler
700050128,VESSEL_GUL_016,GA,transit,0.9999893247931678,trawler,0.9999999921180144,0.0,0.0,0.0,0.0,0.0,1.0675206832132371e-05,0.0,0.9999893247931678,0.0,0.002430555555555555,0.0,0.0,0.002430555555555555,Transit,Fishing - Trawler
700050128,VESSEL_GUL_016,GA,transit,0.9999893247931678,trawler,0.9999999921091952,0.0,0.0,0.0,0.0,0.0,1.0675206832132371e-05,0.0,0.9999893247931678,0.0,0.002430555555555555,0.0,0.0,0.002430555555555555,Transit,Fishing - Trawler
700050128,VESSEL_GUL_016,GA,transit,0.9999893247931678,trawler,0.9999999921091952,0.0,0.0,0.0,0.0,0.0,1.0675206832132371e-05,0.0,0.9999893247931678,0.0,0.002430555555555555,0.0,0.0,0.002430555555555555,Transit,Fishing - Trawler
700050128,VESSEL_GUL_016,GA,transit,0.9999893247931678,trawler,0.9999999921091943,0.0,0.0,0.0,0.0,0.0,1.0675206832132371e-05,0.0,0.9999893247931678,0.0,0.002430555555555555,0.0,0.0,0.002430555555555555,Transit,Fishing - Trawler
700050128,VESSEL_GUL_016,GA,transit,0.9999893247931678,trawler,0.9999999921091952,0.0,0.0,0.0,0.0,0.0,1.0675206832132371e-05,0.0,0.9999893247931678,0.0,0.002430555555555555,0.0,0.0,0.002430555555555555,Transit,Fishing - Trawler
700050128,VESSEL_GUL_016,GA,transit,0.9999893247931678,trawler,0.9999999921091952,0.0,0.0,0.0,0.0,0.0,1.0675206832132371e-05,0.0,0.9999893247931678,0.0,0.002430555555555555,0.0,0.0,0.002430555555555555,Transit,Fishing - Trawler
700050128,VESSEL_GUL_016,GA,transit,0.9999893247931678,trawler,0.9999999921091952,0.0,0.0,0.0,0.0,0.0,1.0675206832132371e-05,0.0,0.9999893247931678,0.0,0.002430555555555555,0.0,0.0,0.002430555555555555,Transit,Fishing - Trawler
700050128,VESSEL_GUL_016,GA,transit,0.9999893247931678,trawler,0.9999999921091952,0.0,0.0,0.0,0.0,0.0,1.0675206832132371e-05,0.0,0.9999893247931678,0.0,0.002430555555555555,0.0,0.0,0.002430555555555555,Transit,Fishing - Trawler
700050128,VESSEL_GUL_016,GA,transit,0.9983226581265012,trawler,0.9999999919083037,0.0,0.0016666666666666668,0.0,0.0,0.0,1.0675206832132371e-05,0.0,0.9983226581265012,0.0,0.002430555555555555,0.0,0.0,0.002430555555555555,Transit,Fishing - Trawler
700050128,VESSEL_GUL_016,GA,transit,0.9999893247931678,trawler,0.9999999921044781,0.0,0.0,0.0,0.0,0.0,1.0675206832132371e-05,0.0,0.9999893247931678,0.0,0.002430555555555555,0.0,0.0,0.002430555555555555,Transit,Fishing - Trawler
700050128,VESSEL_GUL_016,GA,transit,0.9977671025709458,trawler,0.9999999921091943,0.0,0.0,0.0,0.0022222222222222222,0.0,1.0675206832132371e-05,0.0,0.9977671025709458,0.0,0.002430555555555555,0.0,0.0,0.002430555555555555,Transit,Fishing - Trawler
700050128,VESSEL_GUL_016,GA,transit,0.9999893247931678,trawler,0.9999999921303492,0.0,0.0,0.0,0.0,0.0,1.0675206832132371e-05,0.0,0.9999893247931678,0.0,0.002430555555555555,0.0,0.0,0.002430555555555555,Transit,Fishing - Trawler
700050128,VESSEL_GUL_016,GA,transit,0.9999893247931678,trawler,0.9999999921573669,0.0,0.0,0.0,0.0,0.0,1.0675206832132371e-05,0.0,0.9999893247931678,0.0,0.002430555555555555,0.0,0.0,0.002430555555555555,Transit,Fishing - Trawler
700050128,VESSEL_GUL_016,GA,transit,0.9999893247931678,trawler,0.9999999921303498,0.0,0.0,0.0,0.0,0.0,1.0675206832132371e-05,0.0,0.9999893247931678,0.0,0.002430555555555555,0.0,0.0,0.002430555555555555,Transit,Fishing - Trawler
700050128,VESSEL_GUL_016,GA,transit,0.9999893247931678,trawler,0.9999999921390633,0.0,0.0,0.0,0.0,0.0,1.0675206832132371e-05,0.0,0.9999893247931678,0.0,0.002430555555555555,0.0,0.0,0.002430555555555555,Transit,Fishing - Trawler
700050128,VESSEL_GUL_016,GA,transit,0.9999893247931678,trawler,0.9999999921390633,0.0,0.0,0.0,0.0,0.0,1.0675206832132371e-05,0.0,0.9999893247931678,0.0,0.002430555555555555,0.0,0.0,0.002430555555555555,Transit,Fishing - Trawler
700050128,VESSEL_GUL_016,GA,transit,0.9999893247931678,trawler,0.9999999921091952,0.0,0.0,0.0,0.0,0.0,1.0675206832132371e-05,0.0,0.9999893247931678,0.0,0.002430555555555555,0.0,0.0,0.002430555555555555,Transit,Fishing - Trawler
700050128,VESSEL_GUL_016,GA,transit,0.9983226581265012,trawler,0.9999999919080697,0.0,0.0016666666666666668,0.0,0.0,0.0,1.0675206832132371e-05,0.0,0.9983226581265012,0.0,0.002430555555555555,0.0,0.0,0.002430555555555555,Transit,Fishing - Trawler
700050128,VESSEL_GUL_016,GA,transit,0.9983226581265012,trawler,0.9999999921091943,0.0,0.0016666666666666668,0.0,0.0,0.0,1.0675206832132371e-05,0.0,0.9983226581265012,0.0,0.002430555555555555,0.0,0.0,0.002430555555555555,Transit,Fishing - Trawler
700050128,VESSEL_GUL_016,GA,transit,0.9999893247931678,trawler,0.9999999921091943,0.0,0.0,0.0,0.0,0.0,1.0675206832132371e-05,0.0,0.9999893247931678,0.0,0.002430555555555555,0.0,0.0,0.002430555555555555,Transit,Fishing - Trawler
700050128,VESSEL_GUL_016,GA,transit,0.9974893247931679,trawler,0.9999999921303492,0.0,0.0,0.0,0.0025,0.0,1.0675206832132371e-05,0.0,0.9974893247931679,0.0,0.002430555555555555,0.0,0.0,0.002430555555555555,Transit,Fishing - Trawler
700050128,VESSEL_GUL_016,GA,transit,0.9999893247931678,trawler,0.9999999921044781,0.0,0.0,0.0,0.0,0.0,1.0675206832132371e-05,0.0,0.9999893247931678,0.0,0.002430555555555555,0.0,0.0,0.002430555555555555,Transit,Fishing - Trawler
700050128,VESSEL_GUL_016,GA,transit,0.9999893247931678,trawler,0.9999999921198458,0.0,0.0,0.0,0.0,0.0,1.0675206832132371e-05,0.0,0.9999893247931678,0.0,0.002430555555555555,0.0,0.0,0.002430555555555555,Transit,Fishing - Trawler
700050128,VESSEL_GUL_016,GA,transit,0.9999893247931678,trawler,0.9999999921303492,0.0,0.0,0.0,0.0,0.0,1.0675206832132371e-05,0.0,0.9999893247931678,0.0,0.002430555555555555,0.0,0.0,0.002430555555555555,Transit,Fishing - Trawler
700050128,VESSEL_GUL_016,GA,transit,0.9999893247931678,trawler,0.9999999921303492,0.0,0.0,0.0,0.0,0.0,1.0675206832132371e-05,0.0,0.9999893247931678,0.0,0.002430555555555555,0.0,0.0,0.002430555555555555,Transit,Fishing - Trawler
700050128,VESSEL_GUL_016,GA,transit,0.9999893247931678,trawler,0.9999999921044781,0.0,0.0,0.0,0.0,0.0,1.0675206832132371e-05,0.0,0.9999893247931678,0.0,0.002430555555555555,0.0,0.0,0.002430555555555555,Transit,Fishing - Trawler
700050128,VESSEL_GUL_016,GA,transit,0.9974893247931679,trawler,0.9999999920830073,0.0,0.0,0.0,0.0025,0.0,1.0675206832132371e-05,0.0,0.9974893247931679,0.0,0.002430555555555555,0.0,0.0,0.002430555555555555,Transit,Fishing - Trawler
700050128,VESSEL_GUL_016,GA,transit,0.9999893247931678,trawler,0.9999999921044781,0.0,0.0,0.0,0.0,0.0,1.0675206832132371e-05,0.0,0.9999893247931678,0.0,0.002430555555555555,0.0,0.0,0.002430555555555555,Transit,Fishing - Trawler
700050128,VESSEL_GUL_016,GA,transit,0.9953226581265013,trawler,0.9999999921091943,0.004666666666666666,0.0,0.0,0.0,0.0,1.0675206832132371e-05,0.0,0.9953226581265013,0.0,0.002430555555555555,0.0,0.0,0.002430555555555555,Transit,Fishing - Trawler
700050128,VESSEL_GUL_016,GA,transit,0.9942115470153903,trawler,0.999999992118015,0.0057777777777777775,0.0,0.0,0.0,0.0,1.0675206832132371e-05,0.0,0.9942115470153903,0.0,0.002430555555555555,0.0,0.0,0.002430555555555555,Transit,Fishing - Trawler
700050128,VESSEL_GUL_016,GA,transit,0.9953226581265013,trawler,0.999999992118015,0.004666666666666666,0.0,0.0,0.0,0.0,1.0675206832132371e-05,0.0,0.9953226581265013,0.0,0.002430555555555555,0.0,0.0,0.002430555555555555,Transit,Fishing - Trawler
700050128,VESSEL_GUL_016,GA,transit,0.9953226581265013,trawler,0.9999999921044781,0.004666666666666666,0.0,0.0,0.0,0.0,1.0675206832132371e-05,0.0,0.9953226581265013,0.0,0.002430555555555555,0.0,0.0,0.002430555555555555,Transit,Fishing - Trawler
700050128,VESSEL_GUL_016,GA,transit,0.9999893247931678,trawler,0.9999999921044781,0.0,0.0,0.0,0.0,0.0,1.0675206832132371e-05,0.0,0.9999893247931678,0.0,0.002430555555555555,0.0,0.0,0.002430555555555555,Transit,Fishing - Trawler
700050128,VESSEL_GUL_016,GA,transit,0.9799893247931679,trawler,0.9999999920829715,0.0013333333333333335,0.007333333333333332,0.0,0.0011111111111111111,0.0013333333333333335,1.0675206832132371e-05,0.008888888888888889,0.9799893247931679,0.0,0.002430555555555555,0.0,0.0,0.002430555555555555,Transit,Fishing - Trawler
700050128,VESSEL_GUL_016,GA,transit,0.9688782136820566,trawler,0.9999999921044426,0.0013333333333333335,0.002888888888888889,0.0,0.0061111111111111106,0.0013333333333333335,1.0675206832132371e-05,0.019444444444444445,0.9688782136820566,0.0,0.002430555555555555,0.0,0.0,0.002430555555555555,Transit,Fishing - Trawler
700050128,VESSEL_GUL_016,GA,transit,0.9983226581265012,trawler,0.9999999921314952,0.0,0.0,0.0,0.0,0.0,0.0016773418734987993,0.0,0.9983226581265012,0.0,0.002430555555555555,0.0,0.0,0.002430555555555555,Transit,Fishing - Trawler
700050128,VESSEL_GUL_016,GA,transit,0.9933226581265012,trawler,0.9999999921091943,0.0,0.0,0.0,0.005,0.0,1.0675206832132371e-05,0.0016666666666666668,0.9933226581265012,0.0,0.002430555555555555,0.0,0.0,0.002430555555555555,Transit,Fishing - Trawler
700050128,VESSEL_GUL_016,GA,transit,0.9999893247931678,trawler,0.9999999921303498,0.0,0.0,0.0,0.0,0.0,1.0675206832132371e-05,0.0,0.9999893247931678,0.0,0.002430555555555555,0.0,0.0,0.002430555555555555,Transit,Fishing - Trawler
700050128,VESSEL_GUL_016,GA,transit,0.9999893247931678,trawler,0.9999999921303492,0.0,0.0,0.0,0.0,0.0,1.0675206832132371e-05,0.0,0.9999893247931678,0.0,0.002430555555555555,0.0,0.0,0.002430555555555555,Transit,Fishing - Trawler
700050129,VESSEL_GUL_017,KR,transit,0.9999893247931678,trawler,0.9999999824716809,0.0,0.0,0.0,0.0,0.0,1.0675206832132371e-05,0.0,0.9999893247931678,0.0,0.002430555555555555,0.0,0.0,0.002430555555555555,Transit,Fishing - Trawler
700050129,VESSEL_GUL_017,KR,transit,0.9999893247931678,trawler,0.9999999824716809,0.0,0.0,0.0,0.0,0.0,1.0675206832132371e-05,0.0,0.9999893247931678,0.0,0.002430555555555555,0.0,0.0,0.002430555555555555,Transit,Fishing - Trawler
700050129,VESSEL_GUL_017,KR,transit,0.9977671025709456,trawler,0.9999999824716809,0.0,0.0,0.0,0.0,0.0,1.0675206832132371e-05,0.0022222222222222222,0.9977671025709456,0.0,0.002430555555555555,0.0,0.0,0.002430555555555555,Transit,Fishing - Trawler
700050129,VESSEL_GUL_017,KR,transit,0.9999893247931678,trawler,0.9999999824716809,0.0,0.0,0.0,0.0,0.0,1.0675206832132371e-05,0.0,0.9999893247931678,0.0,0.002430555555555555,0.0,0.0,0.002430555555555555,Transit,Fishing - Trawler
700050129,VESSEL_GUL_017,KR,transit,0.9983226581265012,trawler,0.9999999816787909,0.0016666666666666668,0.0,0.0,0.0,0.0,1.0675206832132371e-05,0.0,0.9983226581265012,0.0,0.002430555555555555,0.0,0.0,0.002430555555555555,Transit,Fishing - Trawler
700050129,VESSEL_GUL_017,KR,transit,0.9999893247931678,trawler,0.9999999816787909,0.0,0.0,0.0,0.0,0.0,1.0675206832132371e-05,0.0,0.9999893247931678,0.0,0.002430555555555555,0.0,0.0,0.002430555555555555,Transit,Fishing - Trawler
700050129,VESSEL_GUL_017,KR,transit,0.9999893247931678,trawler,0.9999999816787909,0.0,0.0,0.0,0.0,0.0,1.0675206832132371e-05,0.0,0.9999893247931678,0.0,0.002430555555555555,0.0,0.0,0.002430555555555555,Transit,Fishing - Trawler
700050129,VESSEL_GUL_017,KR,transit,0.9999893247931678,trawler,0.9999999816787909,0.0,0.0,0.0,0.0,0.0,1.0675206832132371e-05,0.0,0.9999893247931678,0.0,0.002430555555555555,0.0,0.0,0.002430555555555555,Transit,Fishing - Trawler
700050129,VESSEL_GUL_017,KR,transit,0.9983226581265012,trawler,0.9999999816787909,0.0016666666666666668,0.0,0.0,0.0,0.0,1.0675206832132371e-05,0.0,0.9983226581265012,0.0,0.002430555555555555,0.0,0.0,0.002430555555555555,Transit,Fishing - Trawler
700050129,VESSEL_GUL_017,KR,fishing,0.8941328320802007,trawler,0.99999998687119,0.0,0.0,0.0,0.8941328320802007,0.0016666666666666668,0.017055555555555556,0.0,0.08714494569757728,0.0,0.002430555555555555,0.6,0.0,0.6,Fishing,Fishing - Trawler
700050129,VESSEL_GUL_017,KR,fishing,0.9683888888888889,trawler,0.9999999852550376,0.0,0.0,0.0,0.9683888888888889,0.002666666666666667,0.0022222222222222222,0.0,0.024499999999999997,0.0022222222222222222,0.002430555555555555,0.6,0.0,0.6,Fishing,Fishing - Trawler
700050129,VESSEL_GUL_017,KR,fishing,1.0,trawler,0.9999999901813984,0.0,0.0,0.0,1.0,0.0,0.0,0.0,0.0,0.0,0.002430555555555555,0.6,0.0,0.6,Fishing,Fishing - Trawler
700050129,VESSEL_GUL_017,KR,fishing,1.0,trawler,0.9999999901813984,0.0,0.0,0.0,1.0,0.0,0.0,0.0,0.0,0.0,0.002430555555555555,0.6,0.0,0.6,Fishing,Fishing - Trawler
700050129,VESSEL_GUL_017,KR,fishing,1.0,trawler,0.9999999901813984,0.0,0.0,0.0,1.0,0.0,0.0,0.0,0.0,0.0,0.002430555555555555,0.6,0.0,0.6,Fishing,Fishing - Trawler
700050129,VESSEL_GUL_017,KR,fishing,1.0,trawler,0.9999999901813984,0.0,0.0,0.0,1.0,0.0,0.0,0.0,0.0,0.0,0.002430555555555555,0.6,0.0,0.6,Fishing,Fishing - Trawler
700050129,VESSEL_GUL_017,KR,fishing,1.0,trawler,0.9999999907792653,0.0,0.0,0.0,1.0,0.0,0.0,0.0,0.0,0.0,0.002430555555555555,0.6,0.0,0.6,Fishing,Fishing - Trawler
700050129,VESSEL_GUL_017,KR,fishing,1.0,trawler,0.9999999907796823,0.0,0.0,0.0,1.0,0.0,0.0,0.0,0.0,0.0,0.002430555555555555,0.6,0.0,0.6,Fishing,Fishing - Trawler
700050129,VESSEL_GUL_017,KR,fishing,1.0,trawler,0.9999999907792648,0.0,0.0,0.0,1.0,0.0,0.0,0.0,0.0,0.0,0.002430555555555555,0.6,0.0,0.6,Fishing,Fishing - Trawler
700050129,VESSEL_GUL_017,KR,fishing,0.9952777777777779,trawler,0.999999990779682,0.0,0.0,0.0,0.9952777777777779,0.0,0.004722222222222221,0.0,0.0,0.0,0.002430555555555555,0.6,0.0,0.6,Fishing,Fishing - Trawler
700050129,VESSEL_GUL_017,KR,fishing,1.0,trawler,0.9999999907792648,0.0,0.0,0.0,1.0,0.0,0.0,0.0,0.0,0.0,0.002430555555555555,0.6,0.0,0.6,Fishing,Fishing - Trawler
700050129,VESSEL_GUL_017,KR,fishing,1.0,trawler,0.9999999907796823,0.0,0.0,0.0,1.0,0.0,0.0,0.0,0.0,0.0,0.002430555555555555,0.6,0.0,0.6,Fishing,Fishing - Trawler
700050129,VESSEL_GUL_017,KR,fishing,1.0,trawler,0.9999999907792648,0.0,0.0,0.0,1.0,0.0,0.0,0.0,0.0,0.0,0.002430555555555555,0.6,0.0,0.6,Fishing,Fishing - Trawler
700050129,VESSEL_GUL_017,KR,fishing,0.9638333333333332,trawler,0.9999999891732058,0.0,0.0,0.0,0.9638333333333332,0.002,0.0,0.0,0.034166666666666665,0.0,0.002430555555555555,0.6,0.0,0.6,Fishing,Fishing - Trawler
700050129,VESSEL_GUL_017,KR,transit,0.8927142857142858,trawler,0.9999999825979876,0.0,0.0,0.0,0.08144444444444443,0.005396825396825397,0.0,0.006555555555555555,0.8927142857142858,0.013888888888888886,0.002430555555555555,0.0,0.0,0.002430555555555555,Transit,Fishing - Trawler
700050129,VESSEL_GUL_017,KR,transit,0.9999893247931678,trawler,0.9999999824716809,0.0,0.0,0.0,0.0,0.0,1.0675206832132371e-05,0.0,0.9999893247931678,0.0,0.002430555555555555,0.0,0.0,0.002430555555555555,Transit,Fishing - Trawler
700050129,VESSEL_GUL_017,KR,transit,0.9999893247931678,trawler,0.9999999824716809,0.0,0.0,0.0,0.0,0.0,1.0675206832132371e-05,0.0,0.9999893247931678,0.0,0.002430555555555555,0.0,0.0,0.002430555555555555,Transit,Fishing - Trawler
700050129,VESSEL_GUL_017,KR,transit,0.9144972613011043,trawler,0.99999998276923,0.0,0.0,0.0,0.07144444444444446,0.0,0.007947183143340069,0.0022222222222222222,0.9144972613011043,0.0038888888888888883,0.002430555555555555,0.0,0.0,0.002430555555555555,Transit,Fishing - Trawler
700050129,VESSEL_GUL_017,KR,fishing,0.9820555555555556,trawler,0.9999999868342222,0.0,0.0,0.0,0.9820555555555556,0.0,0.0,0.0,0.017944444444444443,0.0,0.002430555555555555,0.6,0.0,0.6,Fishing,Fishing - Trawler
700050129,VESSEL_GUL_017,KR,fishing,1.0,trawler,0.9999999907792648,0.0,0.0,0.0,1.0,0.0,0.0,0.0,0.0,0.0,0.002430555555555555,0.6,0.0,0.6,Fishing,Fishing - Trawler
700050129,VESSEL_GUL_017,KR,fishing,1.0,trawler,0.9999999901813984,0.0,0.0,0.0,1.0,0.0,0.0,0.0,0.0,0.0,0.002430555555555555,0.6,0.0,0.6,Fishing,Fishing - Trawler
700050129,VESSEL_GUL_017,KR,fishing,1.0,trawler,0.9999999907792648,0.0,0.0,0.0,1.0,0.0,0.0,0.0,0.0,0.0,0.002430555555555555,0.6,0.0,0.6,Fishing,Fishing - Trawler
700050129,VESSEL_GUL_017,KR,fishing,1.0,trawler,0.9999999907796823,0.0,0.0,0.0,1.0,0.0,0.0,0.0,0.0,0.0,0.002430555555555555,0.6,0.0,0.6,Fishing,Fishing - Trawler
700050129,VESSEL_GUL_017,KR,fishing,1.0,trawler,0.9999999907792648,0.0,0.0,0.0,1.0,0.0,0.0,0.0,0.0,0.0,0.002430555555555555,0.6,0.0,0.6,Fishing,Fishing - Trawler
700050129,VESSEL_GUL_017,KR,fishing,0.9983333333333333,trawler,0.9999999899863369,0.0,0.0,0.0,0.9983333333333333,0.0,0.0,0.0,0.0016666666666666668,0.0,0.002430555555555555,0.6,0.0,0.6,Fishing,Fishing - Trawler
700050129,VESSEL_GUL_017,KR,fishing,0.9983333333333333,trawler,0.9999999899867541,0.0,0.0,0.0,0.9983333333333333,0.0,0.0,0.0,0.0016666666666666668,0.0,0.002430555555555555,0.6,0.0,0.6,Fishing,Fishing - Trawler
700050129,VESSEL_GUL_017,KR,fishing,1.0,trawler,0.999999990779682,0.0,0.0,0.0,1.0,0.0,0.0,0.0,0.0,0.0,0.002430555555555555,0.6,0.0,0.6,Fishing,Fishing - Trawler
700050129,VESSEL_GUL_017,KR,fishing,0.9972222222222221,trawler,0.9999999907792648,0.0,0.0,0.0,0.9972222222222221,0.0,0.0,0.0,0.002777777777777778,0.0,0.002430555555555555,0.6,0.0,0.6,Fishing,Fishing - Trawler
700050129,VESSEL_GUL_017,KR,fishing,1.0,trawler,0.9999999907792648,0.0,0.0,0.0,1.0,0.0,0.0,0.0,0.0,0.0,0.002430555555555555,0.6,0.0,0.6,Fishing,Fishing - Trawler
700050129,VESSEL_GUL_017,KR,fishing,1.0,trawler,0.9999999907792653,0.0,0.0,0.0,1.0,0.0,0.0,0.0,0.0,0.0,0.002430555555555555,0.6,0.0,0.6,Fishing,Fishing - Trawler
700050129,VESSEL_GUL_017,KR,fishing,0.9966666666666667,trawler,0.9999999907792653,0.0,0.0,0.0,0.9966666666666667,0.0,0.0,0.0,0.0033333333333333335,0.0,0.002430555555555555,0.6,0.0,0.6,Fishing,Fishing - Trawler
700050129,VESSEL_GUL_017,KR,fishing,1.0,trawler,0.9999999907792648,0.0,0.0,0.0,1.0,0.0,0.0,0.0,0.0,0.0,0.002430555555555555,0.6,0.0,0.6,Fishing,Fishing - Trawler
700050129,VESSEL_GUL_017,KR,fishing,1.0,trawler,0.9999999901813984,0.0,0.0,0.0,1.0,0.0,0.0,0.0,0.0,0.0,0.002430555555555555,0.6,0.0,0.6,Fishing,Fishing - Trawler
700050129,VESSEL_GUL_017,KR,fishing,1.0,trawler,0.9999999907792648,0.0,0.0,0.0,1.0,0.0,0.0,0.0,0.0,0.0,0.002430555555555555,0.6,0.0,0.6,Fishing,Fishing - Trawler
700050129,VESSEL_GUL_017,KR,fishing,1.0,trawler,0.9999999907792653,0.0,0.0,0.0,1.0,0.0,0.0,0.0,0.0,0.0,0.002430555555555555,0.6,0.0,0.6,Fishing,Fishing - Trawler
700050129,VESSEL_GUL_017,KR,fishing,1.0,trawler,0.9999999899300657,0.0,0.0,0.0,1.0,0.0,0.0,0.0,0.0,0.0,0.002430555555555555,0.6,0.0,0.6,Fishing,Fishing - Trawler
700050129,VESSEL_GUL_017,KR,transit,0.9428333333333332,trawler,0.9999999852674373,0.0,0.0,0.0,0.04522222222222222,0.0044444444444444444,0.0,0.0016666666666666668,0.9428333333333332,0.005833333333333333,0.002430555555555555,0.0,0.0,0.002430555555555555,Transit,Fishing - Trawler
700050129,VESSEL_GUL_017,KR,transit,0.9999893247931678,trawler,0.9999999824731639,0.0,0.0,0.0,0.0,0.0,1.0675206832132371e-05,0.0,0.9999893247931678,0.0,0.002430555555555555,0.0,0.0,0.002430555555555555,Transit,Fishing - Trawler
700050129,VESSEL_GUL_017,KR,transit,0.9999893247931678,trawler,0.9999999816787909,0.0,0.0,0.0,0.0,0.0,1.0675206832132371e-05,0.0,0.9999893247931678,0.0,0.002430555555555555,0.0,0.0,0.002430555555555555,Transit,Fishing - Trawler
700050129,VESSEL_GUL_017,KR,transit,0.9999893247931678,trawler,0.9999999816787909,0.0,0.0,0.0,0.0,0.0,1.0675206832132371e-05,0.0,0.9999893247931678,0.0,0.002430555555555555,0.0,0.0,0.002430555555555555,Transit,Fishing - Trawler
700050129,VESSEL_GUL_017,KR,transit,0.9999893247931678,trawler,0.9999999816787911,0.0,0.0,0.0,0.0,0.0,1.0675206832132371e-05,0.0,0.9999893247931678,0.0,0.002430555555555555,0.0,0.0,0.002430555555555555,Transit,Fishing - Trawler
700050129,VESSEL_GUL_017,KR,transit,0.9999893247931678,trawler,0.9999999816787909,0.0,0.0,0.0,0.0,0.0,1.0675206832132371e-05,0.0,0.9999893247931678,0.0,0.002430555555555555,0.0,0.0,0.002430555555555555,Transit,Fishing - Trawler
700050129,VESSEL_GUL_017,KR,transit,0.9999893247931678,trawler,0.9999999824716809,0.0,0.0,0.0,0.0,0.0,1.0675206832132371e-05,0.0,0.9999893247931678,0.0,0.002430555555555555,0.0,0.0,0.002430555555555555,Transit,Fishing - Trawler
700050129,VESSEL_GUL_017,KR,transit,0.9999893247931678,trawler,0.9999999816787909,0.0,0.0,0.0,0.0,0.0,1.0675206832132371e-05,0.0,0.9999893247931678,0.0,0.002430555555555555,0.0,0.0,0.002430555555555555,Transit,Fishing - Trawler
700050129,VESSEL_GUL_017,KR,transit,0.9999893247931678,trawler,0.9999999824716809,0.0,0.0,0.0,0.0,0.0,1.0675206832132371e-05,0.0,0.9999893247931678,0.0,0.002430555555555555,0.0,0.0,0.002430555555555555,Transit,Fishing - Trawler
700050129,VESSEL_GUL_017,KR,transit,0.9999893247931678,trawler,0.9999999824716809,0.0,0.0,0.0,0.0,0.0,1.0675206832132371e-05,0.0,0.9999893247931678,0.0,0.002430555555555555,0.0,0.0,0.002430555555555555,Transit,Fishing - Trawler
700050129,VESSEL_GUL_017,KR,transit,0.9999893247931678,trawler,0.9999999824716809,0.0,0.0,0.0,0.0,0.0,1.0675206832132371e-05,0.0,0.9999893247931678,0.0,0.002430555555555555,0.0,0.0,0.002430555555555555,Transit,Fishing - Trawler
700050129,VESSEL_GUL_017,KR,transit,0.9999893247931678,trawler,0.9999999816787909,0.0,0.0,0.0,0.0,0.0,1.0675206832132371e-05,0.0,0.9999893247931678,0.0,0.002430555555555555,0.0,0.0,0.002430555555555555,Transit,Fishing - Trawler
700050129,VESSEL_GUL_017,KR,transit,0.9999893247931678,trawler,0.9999999824716809,0.0,0.0,0.0,0.0,0.0,1.0675206832132371e-05,0.0,0.9999893247931678,0.0,0.002430555555555555,0.0,0.0,0.002430555555555555,Transit,Fishing - Trawler
700050129,VESSEL_GUL_017,KR,transit,0.9988782136820569,trawler,0.9999999824716809,0.0,0.0011111111111111111,0.0,0.0,0.0,1.0675206832132371e-05,0.0,0.9988782136820569,0.0,0.002430555555555555,0.0,0.0,0.002430555555555555,Transit,Fishing - Trawler
700050129,VESSEL_GUL_017,KR,transit,0.9961004359042791,trawler,0.9999999816787909,0.0011111111111111111,0.0011111111111111111,0.0,0.0,0.0,1.0675206832132371e-05,0.0016666666666666668,0.9961004359042791,0.0,0.002430555555555555,0.0,0.0,0.002430555555555555,Transit,Fishing - Trawler
700050129,VESSEL_GUL_017,KR,transit,0.9999893247931678,trawler,0.9999999816787909,0.0,0.0,0.0,0.0,0.0,1.0675206832132371e-05,0.0,0.9999893247931678,0.0,0.002430555555555555,0.0,0.0,0.002430555555555555,Transit,Fishing - Trawler
700050129,VESSEL_GUL_017,KR,transit,0.9983226581265012,trawler,0.9999999816787909,0.0016666666666666668,0.0,0.0,0.0,0.0,1.0675206832132371e-05,0.0,0.9983226581265012,0.0,0.002430555555555555,0.0,0.0,0.002430555555555555,Transit,Fishing - Trawler
700050129,VESSEL_GUL_017,KR,transit,0.9966559914598345,trawler,0.9999999814085868,0.0016666666666666668,0.0016666666666666668,0.0,0.0,0.0,1.0675206832132371e-05,0.0,0.9966559914598345,0.0,0.002430555555555555,0.0,0.0,0.002430555555555555,Transit,Fishing - Trawler
700050129,VESSEL_GUL_017,KR,transit,0.9999893247931678,trawler,0.9999999824716809,0.0,0.0,0.0,0.0,0.0,1.0675206832132371e-05,0.0,0.9999893247931678,0.0,0.002430555555555555,0.0,0.0,0.002430555555555555,Transit,Fishing - Trawler
700050129,VESSEL_GUL_017,KR,transit,0.9983226581265012,trawler,0.9999999824716809,0.0016666666666666668,0.0,0.0,0.0,0.0,1.0675206832132371e-05,0.0,0.9983226581265012,0.0,0.002430555555555555,0.0,0.0,0.002430555555555555,Transit,Fishing - Trawler
700050129,VESSEL_GUL_017,KR,transit,0.9974893247931679,trawler,0.9999999824716809,0.0,0.0,0.0,0.0025,0.0,1.0675206832132371e-05,0.0,0.9974893247931679,0.0,0.002430555555555555,0.0,0.0,0.002430555555555555,Transit,Fishing - Trawler
700050129,VESSEL_GUL_017,KR,transit,0.9961004359042789,trawler,0.9999999824716809,0.0038888888888888883,0.0,0.0,0.0,0.0,1.0675206832132371e-05,0.0,0.9961004359042789,0.0,0.002430555555555555,0.0,0.0,0.002430555555555555,Transit,Fishing - Trawler
700050129,VESSEL_GUL_017,KR,transit,0.9983226581265012,trawler,0.9999999816787909,0.0016666666666666668,0.0,0.0,0.0,0.0,1.0675206832132371e-05,0.0,0.9983226581265012,0.0,0.002430555555555555,0.0,0.0,0.002430555555555555,Transit,Fishing - Trawler
700050129,VESSEL_GUL_017,KR,transit,0.9983226581265012,trawler,0.9999999817109825,0.0016666666666666668,0.0,0.0,0.0,0.0,1.0675206832132371e-05,0.0,0.9983226581265012,0.0,0.002430555555555555,0.0,0.0,0.002430555555555555,Transit,Fishing - Trawler
700050129,VESSEL_GUL_017,KR,transit,0.9999893247931678,trawler,0.9999999824716809,0.0,0.0,0.0,0.0,0.0,1.0675206832132371e-05,0.0,0.9999893247931678,0.0,0.002430555555555555,0.0,0.0,0.002430555555555555,Transit,Fishing - Trawler
700050129,VESSEL_GUL_017,KR,transit,0.9952671025709457,trawler,0.9999999824716809,0.0,0.0022222222222222222,0.0,0.0025,0.0,1.0675206832132371e-05,0.0,0.9952671025709457,0.0,0.002430555555555555,0.0,0.0,0.002430555555555555,Transit,Fishing - Trawler
700050129,VESSEL_GUL_017,KR,transit,0.9974893247931679,trawler,0.9999999824716809,0.0,0.0,0.0,0.0025,0.0,1.0675206832132371e-05,0.0,0.9974893247931679,0.0,0.002430555555555555,0.0,0.0,0.002430555555555555,Transit,Fishing - Trawler
700050129,VESSEL_GUL_017,KR,transit,0.9999893247931678,trawler,0.9999999824716809,0.0,0.0,0.0,0.0,0.0,1.0675206832132371e-05,0.0,0.9999893247931678,0.0,0.002430555555555555,0.0,0.0,0.002430555555555555,Transit,Fishing - Trawler
700050129,VESSEL_GUL_017,KR,transit,0.9922115470153902,trawler,0.9999999824716809,0.007777777777777778,0.0,0.0,0.0,0.0,1.0675206832132371e-05,0.0,0.9922115470153902,0.0,0.002430555555555555,0.0,0.0,0.002430555555555555,Transit,Fishing - Trawler
700050129,VESSEL_GUL_017,KR,transit,0.9983226581265012,trawler,0.9999999816787909,0.0016666666666666668,0.0,0.0,0.0,0.0,1.0675206832132371e-05,0.0,0.9983226581265012,0.0,0.002430555555555555,0.0,0.0,0.002430555555555555,Transit,Fishing - Trawler
700050129,VESSEL_GUL_017,KR,transit,0.9999893247931678,trawler,0.9999999816787909,0.0,0.0,0.0,0.0,0.0,1.0675206832132371e-05,0.0,0.9999893247931678,0.0,0.002430555555555555,0.0,0.0,0.002430555555555555,Transit,Fishing - Trawler
700050129,VESSEL_GUL_017,KR,transit,0.9983226581265012,trawler,0.9999999824716809,0.0016666666666666668,0.0,0.0,0.0,0.0,1.0675206832132371e-05,0.0,0.9983226581265012,0.0,0.002430555555555555,0.0,0.0,0.002430555555555555,Transit,Fishing - Trawler
700050129,VESSEL_GUL_017,KR,transit,0.9986559914598346,trawler,0.9999999824716809,0.0013333333333333335,0.0,0.0,0.0,0.0,1.0675206832132371e-05,0.0,0.9986559914598346,0.0,0.002430555555555555,0.0,0.0,0.002430555555555555,Transit,Fishing - Trawler
700050129,VESSEL_GUL_017,KR,transit,0.9986559914598346,trawler,0.9999999824716809,0.0013333333333333335,0.0,0.0,0.0,0.0,1.0675206832132371e-05,0.0,0.9986559914598346,0.0,0.002430555555555555,0.0,0.0,0.002430555555555555,Transit,Fishing - Trawler
700050129,VESSEL_GUL_017,KR,transit,0.9942115470153903,trawler,0.9999999824716809,0.0057777777777777775,0.0,0.0,0.0,0.0,1.0675206832132371e-05,0.0,0.9942115470153903,0.0,0.002430555555555555,0.0,0.0,0.002430555555555555,Transit,Fishing - Trawler
700050129,VESSEL_GUL_017,KR,transit,0.9999893247931678,trawler,0.9999999824716809,0.0,0.0,0.0,0.0,0.0,1.0675206832132371e-05,0.0,0.9999893247931678,0.0,0.002430555555555555,0.0,0.0,0.002430555555555555,Transit,Fishing - Trawler
700050129,VESSEL_GUL_017,KR,transit,0.9999893247931678,trawler,0.9999999824716809,0.0,0.0,0.0,0.0,0.0,1.0675206832132371e-05,0.0,0.9999893247931678,0.0,0.002430555555555555,0.0,0.0,0.002430555555555555,Transit,Fishing - Trawler
700050129,VESSEL_GUL_017,KR,transit,0.9999893247931678,trawler,0.9999999824716809,0.0,0.0,0.0,0.0,0.0,1.0675206832132371e-05,0.0,0.9999893247931678,0.0,0.002430555555555555,0.0,0.0,0.002430555555555555,Transit,Fishing - Trawler
700050129,VESSEL_GUL_017,KR,transit,0.9999893247931678,trawler,0.9999999824716809,0.0,0.0,0.0,0.0,0.0,1.0675206832132371e-05,0.0,0.9999893247931678,0.0,0.002430555555555555,0.0,0.0,0.002430555555555555,Transit,Fishing - Trawler
700050129,VESSEL_GUL_017,KR,transit,0.9999893247931678,trawler,0.9999999824716809,0.0,0.0,0.0,0.0,0.0,1.0675206832132371e-05,0.0,0.9999893247931678,0.0,0.002430555555555555,0.0,0.0,0.002430555555555555,Transit,Fishing - Trawler
700050130,VESSEL_GUL_018,GA,transit,0.9999893247931678,longliner,0.9999999912107892,0.0,0.0,0.0,0.0,0.0,1.0675206832132371e-05,0.0,0.9999893247931678,0.0,0.002430555555555555,0.0,0.0,0.002430555555555555,Transit,Fishing - Longliner
700050130,VESSEL_GUL_018,GA,transit,0.9999893247931678,longliner,0.9999999912107892,0.0,0.0,0.0,0.0,0.0,1.0675206832132371e-05,0.0,0.9999893247931678,0.0,0.002430555555555555,0.0,0.0,0.002430555555555555,Transit,Fishing - Longliner
700050130,VESSEL_GUL_018,GA,transit,0.9966559914598345,longliner,0.9999999913138812,0.0,0.0,0.0,0.0,0.0,0.0016773418734987993,0.0016666666666666668,0.9966559914598345,0.0,0.002430555555555555,0.0,0.0,0.002430555555555555,Transit,Fishing - Longliner
700050130,VESSEL_GUL_018,GA,transit,0.9999893247931678,longliner,0.9999999905595273,0.0,0.0,0.0,0.0,0.0,1.0675206832132371e-05,0.0,0.9999893247931678,0.0,0.002430555555555555,0.0,0.0,0.002430555555555555,Transit,Fishing - Longliner
700050130,VESSEL_GUL_018,GA,transit,0.9999893247931678,longliner,0.9999999905595273,0.0,0.0,0.0,0.0,0.0,1.0675206832132371e-05,0.0,0.9999893247931678,0.0,0.002430555555555555,0.0,0.0,0.002430555555555555,Transit,Fishing - Longliner
700050130,VESSEL_GUL_018,GA,transit,0.9999893247931678,longliner,0.9999999905595273,0.0,0.0,0.0,0.0,0.0,1.0675206832132371e-05,0.0,0.9999893247931678,0.0,0.002430555555555555,0.0,0.0,0.002430555555555555,Transit,Fishing - Longliner
700050130,VESSEL_GUL_018,GA,transit,0.9999893247931678,longliner,0.9999999912107892,0.0,0.0,0.0,0.0,0.0,1.0675206832132371e-05,0.0,0.9999893247931678,0.0,0.002430555555555555,0.0,0.0,0.002430555555555555,Transit,Fishing - Longliner
700050130,VESSEL_GUL_018,GA,transit,0.9999893247931678,longliner,0.9999999912107892,0.0,0.0,0.0,0.0,0.0,1.0675206832132371e-05,0.0,0.9999893247931678,0.0,0.002430555555555555,0.0,0.0,0.002430555555555555,Transit,Fishing - Longliner
700050130,VESSEL_GUL_018,GA,transit,0.9999893247931678,longliner,0.9999999912107892,0.0,0.0,0.0,0.0,0.0,1.0675206832132371e-05,0.0,0.9999893247931678,0.0,0.002430555555555555,0.0,0.0,0.002430555555555555,Transit,Fishing - Longliner
700050130,VESSEL_GUL_018,GA,transit,0.9999893247931678,longliner,0.9999999912107892,0.0,0.0,0.0,0.0,0.0,1.0675206832132371e-05,0.0,0.9999893247931678,0.0,0.002430555555555555,0.0,0.0,0.002430555555555555,Transit,Fishing - Longliner
700050130,VESSEL_GUL_018,GA,transit,0.9999893247931678,longliner,0.9999999912107892,0.0,0.0,0.0,0.0,0.0,1.0675206832132371e-05,0.0,0.9999893247931678,0.0,0.002430555555555555,0.0,0.0,0.002430555555555555,Transit,Fishing - Longliner
700050130,VESSEL_GUL_018,GA,transit,0.9993226581265012,longliner,0.9999999911734946,0.0006666666666666668,0.0,0.0,0.0,0.0,1.0675206832132371e-05,0.0,0.9993226581265012,0.0,0.002430555555555555,0.0,0.0,0.002430555555555555,Transit,Fishing - Longliner
700050130,VESSEL_GUL_018,GA,transit,0.9999893247931678,longliner,0.9999999912107892,0.0,0.0,0.0,0.0,0.0,1.0675206832132371e-05,0.0,0.9999893247931678,0.0,0.002430555555555555,0.0,0.0,0.002430555555555555,Transit,Fishing - Longliner
700050130,VESSEL_GUL_018,GA,transit,0.9587056990621738,longliner,0.9999999906746303,0.0,0.0,0.0,0.03461695906432749,0.0,0.0058440085401654665,0.0,0.9587056990621738,0.0008333333333333334,0.002430555555555555,0.0,0.0,0.002430555555555555,Transit,Fishing - Longliner
700050130,VESSEL_GUL_018,GA,fishing,0.9614444444444444,longliner,0.9999999890132952,0.0,0.0,0.0,0.9614444444444444,0.005888888888888889,0.0011111111111111111,0.0,0.029333333333333336,0.0022222222222222222,0.002430555555555555,0.6,0.0,0.6,Fishing,Fishing - Longliner
700050130,VESSEL_GUL_018,GA,fishing,0.9983333333333333,longliner,0.9999999888996643,0.0,0.0,0.0,0.9983333333333333,0.0016666666666666668,0.0,0.0,0.0,0.0,0.002430555555555555,0.6,0.0,0.6,Fishing,Fishing - Longliner
700050130,VESSEL_GUL_018,GA,fishing,0.9953333333333334,longliner,0.9999999912095087,0.0,0.0,0.0,0.9953333333333334,0.004666666666666666,0.0,0.0,0.0,0.0,0.002430555555555555,0.6,0.0,0.6,Fishing,Fishing - Longliner
700050130,VESSEL_GUL_018,GA,fishing,0.9938888888888889,longliner,0.9999999912095087,0.0,0.0016666666666666668,0.0,0.9938888888888889,0.0,0.0,0.0,0.0044444444444444444,0.0,0.002430555555555555,0.6,0.0,0.6,Fishing,Fishing - Longliner
700050130,VESSEL_GUL_018,GA,fishing,1.0,longliner,0.9999999912095089,0.0,0.0,0.0,1.0,0.0,0.0,0.0,0.0,0.0,0.002430555555555555,0.6,0.0,0.6,Fishing,Fishing - Longliner
700050130,VESSEL_GUL_018,GA,fishing,1.0,longliner,0.9999999908896661,0.0,0.0,0.0,1.0,0.0,0.0,0.0,0.0,0.0,0.002430555555555555,0.6,0.0,0.6,Fishing,Fishing - Longliner
700050130,VESSEL_GUL_018,GA,fishing,1.0,longliner,0.9999999908896661,0.0,0.0,0.0,1.0,0.0,0.0,0.0,0.0,0.0,0.002430555555555555,0.6,0.0,0.6,Fishing,Fishing - Longliner
700050130,VESSEL_GUL_018,GA,fishing,1.0,longliner,0.9999999903992581,0.0,0.0,0.0,1.0,0.0,0.0,0.0,0.0,0.0,0.002430555555555555,0.6,0.0,0.6,Fishing,Fishing - Longliner
700050130,VESSEL_GUL_018,GA,fishing,1.0,longliner,0.9999999888996659,0.0,0.0,0.0,1.0,0.0,0.0,0.0,0.0,0.0,0.002430555555555555,0.6,0.0,0.6,Fishing,Fishing - Longliner
700050130,VESSEL_GUL_018,GA,fishing,1.0,longliner,0.9999999888996643,0.0,0.0,0.0,1.0,0.0,0.0,0.0,0.0,0.0,0.002430555555555555,0.6,0.0,0.6,Fishing,Fishing - Longliner
700050130,VESSEL_GUL_018,GA,fishing,1.0,longliner,0.9999999912095089,0.0,0.0,0.0,1.0,0.0,0.0,0.0,0.0,0.0,0.002430555555555555,0.6,0.0,0.6,Fishing,Fishing - Longliner
700050130,VESSEL_GUL_018,GA,fishing,0.9977777777777778,longliner,0.9999999912095089,0.0,0.0,0.0,0.9977777777777778,0.0022222222222222222,0.0,0.0,0.0,0.0,0.002430555555555555,0.6,0.0,0.6,Fishing,Fishing - Longliner
700050130,VESSEL_GUL_018,GA,fishing,1.0,longliner,0.9999999912095089,0.0,0.0,0.0,1.0,0.0,0.0,0.0,0.0,0.0,0.002430555555555555,0.6,0.0,0.6,Fishing,Fishing - Longliner
700050130,VESSEL_GUL_018,GA,fishing,1.0,longliner,0.9999999912095089,0.0,0.0,0.0,1.0,0.0,0.0,0.0,0.0,0.0,0.002430555555555555,0.6,0.0,0.6,Fishing,Fishing - Longliner
700050130,VESSEL_GUL_018,GA,fishing,0.9983333333333333,longliner,0.9999999912095089,0.0,0.0,0.0,0.9983333333333333,0.0016666666666666668,0.0,0.0,0.0,0.0,0.002430555555555555,0.6,0.0,0.6,Fishing,Fishing - Longliner
700050130,VESSEL_GUL_018,GA,fishing,0.9956666666666666,longliner,0.9999999912095087,0.0,0.0,0.0,0.9956666666666666,0.003666666666666667,0.0,0.0,0.0,0.0006666666666666668,0.002430555555555555,0.6,0.0,0.6,Fishing,Fishing - Longliner
700050130,VESSEL_GUL_018,GA,fishing,1.0,longliner,0.9999999912095089,0.0,0.0,0.0,1.0,0.0,0.0,0.0,0.0,0.0,0.002430555555555555,0.6,0.0,0.6,Fishing,Fishing - Longliner
700050130,VESSEL_GUL_018,GA,fishing,1.0,longliner,0.9999999912095087,0.0,0.0,0.0,1.0,0.0,0.0,0.0,0.0,0.0,0.002430555555555555,0.6,0.0,0.6,Fishing,Fishing - Longliner
700050130,VESSEL_GUL_018,GA,fishing,1.0,longliner,0.9999999912095107,0.0,0.0,0.0,1.0,0.0,0.0,0.0,0.0,0.0,0.002430555555555555,0.6,0.0,0.6,Fishing,Fishing - Longliner
700050130,VESSEL_GUL_018,GA,fishing,1.0,longliner,0.9999999912095089,0.0,0.0,0.0,1.0,0.0,0.0,0.0,0.0,0.0,0.002430555555555555,0.6,0.0,0.6,Fishing,Fishing - Longliner
700050130,VESSEL_GUL_018,GA,fishing,1.0,longliner,0.9999999912095089,0.0,0.0,0.0,1.0,0.0,0.0,0.0,0.0,0.0,0.002430555555555555,0.6,0.0,0.6,Fishing,Fishing - Longliner
700050130,VESSEL_GUL_018,GA,fishing,1.0,longliner,0.9999999912095089,0.0,0.0,0.0,1.0,0.0,0.0,0.0,0.0,0.0,0.002430555555555555,0.6,0.0,0.6,Fishing,Fishing - Longliner
700050130,VESSEL_GUL_018,GA,fishing,1.0,longliner,0.9999999903992592,0.0,0.0,0.0,1.0,0.0,0.0,0.0,0.0,0.0,0.002430555555555555,0.6,0.0,0.6,Fishing,Fishing - Longliner
700050130,VESSEL_GUL_018,GA,fishing,0.9468333333333334,longliner,0.9999999888155143,0.014722222222222223,0.005357142857142857,0.0,0.9468333333333334,0.018499999999999996,0.0,0.013476190476190475,0.0,0.0011111111111111111,0.002430555555555555,0.6,0.0,0.6,Fishing,Fishing - Longliner
700050130,VESSEL_GUL_018,GA,fishing,0.7852843915343914,longliner,0.9999999889455374,0.007666666666666666,0.014240740740740741,0.021666666666666667,0.7852843915343914,0.0170436507936508,0.0,0.0031746031746031746,0.13608994708994712,0.01483333333333333,0.002430555555555555,0.6,0.0,0.6,Fishing,Fishing - Longliner
700050130,VESSEL_GUL_018,GA,transit,0.9709444444444445,longliner,0.9999999905804661,0.0,0.0,0.0,0.015722222222222224,0.005555555555555555,0.0,0.007777777777777777,0.9709444444444445,0.0,0.002430555555555555,0.0,0.0,0.002430555555555555,Transit,Fishing - Longliner
700050130,VESSEL_GUL_018,GA,transit,0.9789893247931678,longliner,0.999999991210791,0.0,0.0,0.0,0.020999999999999998,0.0,1.0675206832132371e-05,0.0,0.9789893247931678,0.0,0.002430555555555555,0.0,0.0,0.002430555555555555,Transit,Fishing - Longliner
700050130,VESSEL_GUL_018,GA,fishing,0.9786111111111112,longliner,0.999999990723884,0.0,0.0,0.0,0.9786111111111112,0.0011111111111111111,0.0044444444444444444,0.0,0.015,0.0008333333333333334,0.002430555555555555,0.6,0.0,0.6,Fishing,Fishing - Longliner
700050130,VESSEL_GUL_018,GA,fishing,0.9875,longliner,0.9999999896935717,0.0,0.0,0.0,0.9875,0.004166666666666667,0.0,0.0,0.008333333333333333,0.0,0.002430555555555555,0.6,0.0,0.6,Fishing,Fishing - Longliner
700050130,VESSEL_GUL_018,GA,fishing,0.9972222222222221,longliner,0.9999999912095089,0.0,0.0,0.0,0.9972222222222221,0.002777777777777778,0.0,0.0,0.0,0.0,0.002430555555555555,0.6,0.0,0.6,Fishing,Fishing - Longliner
700050130,VESSEL_GUL_018,GA,fishing,1.0,longliner,0.9999999912095089,0.0,0.0,0.0,1.0,0.0,0.0,0.0,0.0,0.0,0.002430555555555555,0.6,0.0,0.6,Fishing,Fishing - Longliner
700050130,VESSEL_GUL_018,GA,fishing,1.0,longliner,0.9999999912095089,0.0,0.0,0.0,1.0,0.0,0.0,0.0,0.0,0.0,0.002430555555555555,0.6,0.0,0.6,Fishing,Fishing - Longliner
700050130,VESSEL_GUL_018,GA,fishing,1.0,longliner,0.9999999912095087,0.0,0.0,0.0,1.0,0.0,0.0,0.0,0.0,0.0,0.002430555555555555,0.6,0.0,0.6,Fishing,Fishing - Longliner
700050130,VESSEL_GUL_018,GA,fishing,1.0,longliner,0.9999999912095089,0.0,0.0,0.0,1.0,0.0,0.0,0.0,0.0,0.0,0.002430555555555555,0.6,0.0,0.6,Fishing,Fishing - Longliner
700050130,VESSEL_GUL_018,GA,fishing,1.0,longliner,0.9999999908896661,0.0,0.0,0.0,1.0,0.0,0.0,0.0,0.0,0.0,0.002430555555555555,0.6,0.0,0.6,Fishing,Fishing - Longliner
700050130,VESSEL_GUL_018,GA,fishing,0.9966666666666667,longliner,0.9999999895949899,0.0,0.0,0.0,0.9966666666666667,0.0033333333333333335,0.0,0.0,0.0,0.0,0.002430555555555555,0.6,0.0,0.6,Fishing,Fishing - Longliner
700050130,VESSEL_GUL_018,GA,fishing,0.9977777777777778,longliner,0.9999999891788437,0.0,0.0,0.0,0.9977777777777778,0.0022222222222222222,0.0,0.0,0.0,0.0,0.002430555555555555,0.6,0.0,0.6,Fishing,Fishing - Longliner
700050130,VESSEL_GUL_018,GA,fishing,0.9883333333333333,longliner,0.9999999903471294,0.0,0.0,0.008333333333333333,0.9883333333333333,0.0,0.0,0.0,0.0,0.0033333333333333335,0.002430555555555555,0.6,0.0,0.6,Fishing,Fishing - Longliner
700050130,VESSEL_GUL_018,GA,transit,0.9419444444444444,longliner,0.9999999889351202,0.0,0.0027777777777777775,0.0011111111111111111,0.03644444444444444,0.010222222222222221,0.0,0.005,0.9419444444444444,0.0025,0.002430555555555555,0.0,0.0,0.002430555555555555,Transit,Fishing - Longliner
700050130,VESSEL_GUL_018,GA,transit,0.9999893247931678,longliner,0.9999999905639853,0.0,0.0,0.0,0.0,0.0,1.0675206832132371e-05,0.0,0.9999893247931678,0.0,0.002430555555555555,0.0,0.0,0.002430555555555555,Transit,Fishing - Longliner
700050130,VESSEL_GUL_018,GA,transit,0.9999893247931678,longliner,0.9999999911032446,0.0,0.0,0.0,0.0,0.0,1.0675206832132371e-05,0.0,0.9999893247931678,0.0,0.002430555555555555,0.0,0.0,0.002430555555555555,Transit,Fishing - Longliner
700050130,VESSEL_GUL_018,GA,transit,0.9999893247931678,longliner,0.9999999912107892,0.0,0.0,0.0,0.0,0.0,1.0675206832132371e-05,0.0,0.9999893247931678,0.0,0.002430555555555555,0.0,0.0,0.002430555555555555,Transit,Fishing - Longliner
700050130,VESSEL_GUL_018,GA,transit,0.9999893247931678,longliner,0.9999999912107892,0.0,0.0,0.0,0.0,0.0,1.0675206832132371e-05,0.0,0.9999893247931678,0.0,0.002430555555555555,0.0,0.0,0.002430555555555555,Transit,Fishing - Longliner
700050130,VESSEL_GUL_018,GA,transit,0.9999893247931678,longliner,0.9999999912107892,0.0,0.0,0.0,0.0,0.0,1.0675206832132371e-05,0.0,0.9999893247931678,0.0,0.002430555555555555,0.0,0.0,0.002430555555555555,Transit,Fishing - Longliner
700050130,VESSEL_GUL_018,GA,transit,0.9683226581265012,longliner,0.9999999912107892,0.0,0.0,0.0,0.0,0.0,0.005010675206832132,0.02666666666666667,0.9683226581265012,0.0,0.002430555555555555,0.0,0.0,0.002430555555555555,Transit,Fishing - Longliner
700050130,VESSEL_GUL_018,GA,transit,0.9999893247931678,longliner,0.9999999912107892,0.0,0.0,0.0,0.0,0.0,1.0675206832132371e-05,0.0,0.9999893247931678,0.0,0.002430555555555555,0.0,0.0,0.002430555555555555,Transit,Fishing - Longliner
700050130,VESSEL_GUL_018,GA,transit,0.9999893247931678,longliner,0.9999999913134668,0.0,0.0,0.0,0.0,0.0,1.0675206832132371e-05,0.0,0.9999893247931678,0.0,0.002430555555555555,0.0,0.0,0.002430555555555555,Transit,Fishing - Longliner
700050130,VESSEL_GUL_018,GA,transit,0.9999893247931678,longliner,0.9999999912103749,0.0,0.0,0.0,0.0,0.0,1.0675206832132371e-05,0.0,0.9999893247931678,0.0,0.002430555555555555,0.0,0.0,0.002430555555555555,Transit,Fishing - Longliner
700050130,VESSEL_GUL_018,GA,transit,0.9999893247931678,longliner,0.9999999912107892,0.0,0.0,0.0,0.0,0.0,1.0675206832132371e-05,0.0,0.9999893247931678,0.0,0.002430555555555555,0.0,0.0,0.002430555555555555,Transit,Fishing - Longliner
700050130,VESSEL_GUL_018,GA,transit,0.9999893247931678,longliner,0.9999999912107892,0.0,0.0,0.0,0.0,0.0,1.0675206832132371e-05,0.0,0.9999893247931678,0.0,0.002430555555555555,0.0,0.0,0.002430555555555555,Transit,Fishing - Longliner
700050130,VESSEL_GUL_018,GA,transit,0.9999893247931678,longliner,0.9999999912107892,0.0,0.0,0.0,0.0,0.0,1.0675206832132371e-05,0.0,0.9999893247931678,0.0,0.002430555555555555,0.0,0.0,0.002430555555555555,Transit,Fishing - Longliner
700050130,VESSEL_GUL_018,GA,transit,0.9999893247931678,longliner,0.9999999912102514,0.0,0.0,0.0,0.0,0.0,1.0675206832132371e-05,0.0,0.9999893247931678,0.0,0.002430555555555555,0.0,0.0,0.002430555555555555,Transit,Fishing - Longliner
700050130,VESSEL_GUL_018,GA,transit,0.9999893247931678,longliner,0.9999999912107894,0.0,0.0,0.0,0.0,0.0,1.0675206832132371e-05,0.0,0.9999893247931678,0.0,0.002430555555555555,0.0,0.0,0.002430555555555555,Transit,Fishing - Longliner
700050130,VESSEL_GUL_018,GA,transit,0.9999893247931678,longliner,0.9999999912107892,0.0,0.0,0.0,0.0,0.0,1.0675206832132371e-05,0.0,0.9999893247931678,0.0,0.002430555555555555,0.0,0.0,0.002430555555555555,Transit,Fishing - Longliner
700050130,VESSEL_GUL_018,GA,transit,0.9999893247931678,longliner,0.9999999912107892,0.0,0.0,0.0,0.0,0.0,1.0675206832132371e-05,0.0,0.9999893247931678,0.0,0.002430555555555555,0.0,0.0,0.002430555555555555,Transit,Fishing - Longliner
700050130,VESSEL_GUL_018,GA,transit,0.9999893247931678,longliner,0.9999999905595273,0.0,0.0,0.0,0.0,0.0,1.0675206832132371e-05,0.0,0.9999893247931678,0.0,0.002430555555555555,0.0,0.0,0.002430555555555555,Transit,Fishing - Longliner
700050130,VESSEL_GUL_018,GA,transit,0.9999893247931678,longliner,0.9999999905595273,0.0,0.0,0.0,0.0,0.0,1.0675206832132371e-05,0.0,0.9999893247931678,0.0,0.002430555555555555,0.0,0.0,0.002430555555555555,Transit,Fishing - Longliner
700050130,VESSEL_GUL_018,GA,transit,0.9999893247931678,longliner,0.9999999912107894,0.0,0.0,0.0,0.0,0.0,1.0675206832132371e-05,0.0,0.9999893247931678,0.0,0.002430555555555555,0.0,0.0,0.002430555555555555,Transit,Fishing - Longliner
700050130,VESSEL_GUL_018,GA,transit,0.9999893247931678,longliner,0.9999999912365741,0.0,0.0,0.0,0.0,0.0,1.0675206832132371e-05,0.0,0.9999893247931678,0.0,0.002430555555555555,0.0,0.0,0.002430555555555555,Transit,Fishing - Longliner
700050130,VESSEL_GUL_018,GA,transit,0.9999893247931678,longliner,0.9999999912102514,0.0,0.0,0.0,0.0,0.0,1.0675206832132371e-05,0.0,0.9999893247931678,0.0,0.002430555555555555,0.0,0.0,0.002430555555555555,Transit,Fishing - Longliner
700050130,VESSEL_GUL_018,GA,transit,0.9983226581265012,longliner,0.9999999912107892,0.0016666666666666668,0.0,0.0,0.0,0.0,1.0675206832132371e-05,0.0,0.9983226581265012,0.0,0.002430555555555555,0.0,0.0,0.002430555555555555,Transit,Fishing - Longliner
700050130,VESSEL_GUL_018,GA,transit,0.9999893247931678,longliner,0.9999999912107894,0.0,0.0,0.0,0.0,0.0,1.0675206832132371e-05,0.0,0.9999893247931678,0.0,0.002430555555555555,0.0,0.0,0.002430555555555555,Transit,Fishing - Longliner
700050130,VESSEL_GUL_018,GA,transit,0.9999893247931678,longliner,0.999999991172957,0.0,0.0,0.0,0.0,0.0,1.0675206832132371e-05,0.0,0.9999893247931678,0.0,0.002430555555555555,0.0,0.0,0.002430555555555555,Transit,Fishing - Longliner
700050130,VESSEL_GUL_018,GA,transit,0.9999893247931678,longliner,0.9999999912107892,0.0,0.0,0.0,0.0,0.0,1.0675206832132371e-05,0.0,0.9999893247931678,0.0,0.002430555555555555,0.0,0.0,0.002430555555555555,Transit,Fishing - Longliner
700050130,VESSEL_GUL_018,GA,transit,0.9999893247931678,longliner,0.9999999912107892,0.0,0.0,0.0,0.0,0.0,1.0675206832132371e-05,0.0,0.9999893247931678,0.0,0.002430555555555555,0.0,0.0,0.002430555555555555,Transit,Fishing - Longliner
700050130,VESSEL_GUL_018,GA,transit,0.9999893247931678,longliner,0.9999999912107892,0.0,0.0,0.0,0.0,0.0,1.0675206832132371e-05,0.0,0.9999893247931678,0.0,0.002430555555555555,0.0,0.0,0.002430555555555555,Transit,Fishing - Longliner
700050130,VESSEL_GUL_018,GA,transit,0.9886004359042789,longliner,0.9999999909959901,0.0,0.0011111111111111111,0.0,0.0,0.0,1.0675206832132371e-05,0.010277777777777776,0.9886004359042789,0.0,0.002430555555555555,0.0,0.0,0.002430555555555555,Transit,Fishing - Longliner
700050130,VESSEL_GUL_018,GA,transit,0.9983226581265012,longliner,0.9999999912107892,0.0016666666666666668,0.0,0.0,0.0,0.0,1.0675206832132371e-05,0.0,0.9983226581265012,0.0,0.002430555555555555,0.0,0.0,0.002430555555555555,Transit,Fishing - Longliner
700050130,VESSEL_GUL_018,GA,transit,0.9999893247931678,longliner,0.9999999912107892,0.0,0.0,0.0,0.0,0.0,1.0675206832132371e-05,0.0,0.9999893247931678,0.0,0.002430555555555555,0.0,0.0,0.002430555555555555,Transit,Fishing - Longliner
700050130,VESSEL_GUL_018,GA,transit,0.9999893247931678,longliner,0.9999999912107892,0.0,0.0,0.0,0.0,0.0,1.0675206832132371e-05,0.0,0.9999893247931678,0.0,0.002430555555555555,0.0,0.0,0.002430555555555555,Transit,Fishing - Longliner
700050130,VESSEL_GUL_018,GA,transit,0.9999893247931678,longliner,0.9999999912107892,0.0,0.0,0.0,0.0,0.0,1.0675206832132371e-05,0.0,0.9999893247931678,0.0,0.002430555555555555,0.0,0.0,0.002430555555555555,Transit,Fishing - Longliner
700050131,VESSEL_GUL_019,GA,transit,0.9983226581265012,purse_seiner,0.9999999927444505,0.0,0.0,0.0,0.0,0.0,1.0675206832132371e-05,0.0016666666666666668,0.9983226581265012,0.0,0.002430555555555555,0.0,0.0,0.002430555555555555,Transit,Fishing - Purse Seiner
700050131,VESSEL_GUL_019,GA,transit,0.9999893247931678,purse_seiner,0.9999999927444505,0.0,0.0,0.0,0.0,0.0,1.0675206832132371e-05,0.0,0.9999893247931678,0.0,0.002430555555555555,0.0,0.0,0.002430555555555555,Transit,Fishing - Purse Seiner
700050131,VESSEL_GUL_019,GA,transit,0.9999893247931678,purse_seiner,0.999999992745122,0.0,0.0,0.0,0.0,0.0,1.0675206832132371e-05,0.0,0.9999893247931678,0.0,0.002430555555555555,0.0,0.0,0.002430555555555555,Transit,Fishing - Purse Seiner
700050131,VESSEL_GUL_019,GA,transit,0.9999893247931678,purse_seiner,0.9999999927454353,0.0,0.0,0.0,0.0,0.0,1.0675206832132371e-05,0.0,0.9999893247931678,0.0,0.002430555555555555,0.0,0.0,0.002430555555555555,Transit,Fishing - Purse Seiner
700050131,VESSEL_GUL_019,GA,transit,0.9999893247931678,purse_seiner,0.9999999927451779,0.0,0.0,0.0,0.0,0.0,1.0675206832132371e-05,0.0,0.9999893247931678,0.0,0.002430555555555555,0.0,0.0,0.002430555555555555,Transit,Fishing - Purse Seiner
700050131,VESSEL_GUL_019,GA,transit,0.9999893247931678,purse_seiner,0.9999999927454353,0.0,0.0,0.0,0.0,0.0,1.0675206832132371e-05,0.0,0.9999893247931678,0.0,0.002430555555555555,0.0,0.0,0.002430555555555555,Transit,Fishing - Purse Seiner
700050131,VESSEL_GUL_019,GA,transit,0.9999893247931678,purse_seiner,0.999999992745122,0.0,0.0,0.0,0.0,0.0,1.0675206832132371e-05,0.0,0.9999893247931678,0.0,0.002430555555555555,0.0,0.0,0.002430555555555555,Transit,Fishing - Purse Seiner
700050131,VESSEL_GUL_019,GA,transit,0.9834337692376122,purse_seiner,0.9999999927506138,0.0,0.0,0.0,0.016555555555555553,0.0,1.0675206832132371e-05,0.0,0.9834337692376122,0.0,0.002430555555555555,0.0,0.0,0.002430555555555555,Transit,Fishing - Purse Seiner
700050131,VESSEL_GUL_019,GA,fishing,0.9428947368421052,purse_seiner,0.9999999922487285,0.0,0.0,0.0,0.9428947368421052,0.00865079365079365,0.027571428571428573,0.0,0.016438596491228072,0.0044444444444444444,0.002430555555555555,0.6,0.0,0.6,Fishing,Fishing - Purse Seiner
700050131,VESSEL_GUL_019,GA,fishing,0.9906666666666666,purse_seiner,0.9999999923881088,0.0,0.0,0.0,0.9906666666666666,0.0011111111111111111,0.0,0.0,0.006,0.0022222222222222222,0.002430555555555555,0.6,0.0,0.6,Fishing,Fishing - Purse Seiner
700050131,VESSEL_GUL_019,GA,fishing,0.9976190476190476,purse_seiner,0.9999999923963426,0.0,0.0,0.0,0.9976190476190476,0.0,0.0,0.0,0.0,0.002380952380952381,0.002430555555555555,0.6,0.0,0.6,Fishing,Fishing - Purse Seiner
700050131,VESSEL_GUL_019,GA,fishing,1.0,purse_seiner,0.9999999923963426,0.0,0.0,0.0,1.0,0.0,0.0,0.0,0.0,0.0,0.002430555555555555,0.6,0.0,0.6,Fishing,Fishing - Purse Seiner
700050131,VESSEL_GUL_019,GA,fishing,0.9966666666666667,purse_seiner,0.9999999923963426,0.0,0.0,0.0,0.9966666666666667,0.0,0.0,0.0033333333333333335,0.0,0.0,0.002430555555555555,0.6,0.0,0.6,Fishing,Fishing - Purse Seiner
700050131,VESSEL_GUL_019,GA,fishing,0.9983333333333333,purse_seiner,0.9999999921087156,0.0,0.0,0.0,0.9983333333333333,0.0,0.0,0.0,0.0,0.0016666666666666668,0.002430555555555555,0.6,0.0,0.6,Fishing,Fishing - Purse Seiner
700050131,VESSEL_GUL_019,GA,fishing,1.0,purse_seiner,0.9999999923963426,0.0,0.0,0.0,1.0,0.0,0.0,0.0,0.0,0.0,0.002430555555555555,0.6,0.0,0.6,Fishing,Fishing - Purse Seiner
700050131,VESSEL_GUL_019,GA,fishing,1.0,purse_seiner,0.9999999923963426,0.0,0.0,0.0,1.0,0.0,0.0,0.0,0.0,0.0,0.002430555555555555,0.6,0.0,0.6,Fishing,Fishing - Purse Seiner
700050131,VESSEL_GUL_019,GA,fishing,0.9966666666666667,purse_seiner,0.9999999903088165,0.0,0.0,0.0,0.9966666666666667,0.0033333333333333335,0.0,0.0,0.0,0.0,0.002430555555555555,0.6,0.0,0.6,Fishing,Fishing - Purse Seiner
700050131,VESSEL_GUL_019,GA,fishing,0.9977777777777779,purse_seiner,0.9999999921087156,0.0,0.0,0.0,0.9977777777777779,0.0022222222222222222,0.0,0.0,0.0,0.0,0.002430555555555555,0.6,0.0,0.6,Fishing,Fishing - Purse Seiner
700050131,VESSEL_GUL_019,GA,fishing,1.0,purse_seiner,0.9999999923963426,0.0,0.0,0.0,1.0,0.0,0.0,0.0,0.0,0.0,0.002430555555555555,0.6,0.0,0.6,Fishing,Fishing - Purse Seiner
700050131,VESSEL_GUL_019,GA,fishing,0.7838333333333335,purse_seiner,0.9999999919599686,0.0005555555555555556,0.0022222222222222222,0.0,0.7838333333333335,0.0033333333333333335,0.0022222222222222222,0.010833333333333334,0.1953333333333333,0.0016666666666666668,0.002430555555555555,0.6,0.0,0.6,Fishing,Fishing - Purse Seiner
700050131,VESSEL_GUL_019,GA,transit,0.9933226581265012,purse_seiner,0.9999999922055426,0.0,0.0,0.0,0.0033333333333333335,0.0,1.0675206832132371e-05,0.0033333333333333335,0.9933226581265012,0.0,0.002430555555555555,0.0,0.0,0.002430555555555555,Transit,Fishing - Purse Seiner
700050131,VESSEL_GUL_019,GA,transit,0.9999893247931678,purse_seiner,0.9999999927442484,0.0,0.0,0.0,0.0,0.0,1.0675206832132371e-05,0.0,0.9999893247931678,0.0,0.002430555555555555,0.0,0.0,0.002430555555555555,Transit,Fishing - Purse Seiner
700050131,VESSEL_GUL_019,GA,transit,0.9999893247931678,purse_seiner,0.9999999927442484,0.0,0.0,0.0,0.0,0.0,1.0675206832132371e-05,0.0,0.9999893247931678,0.0,0.002430555555555555,0.0,0.0,0.002430555555555555,Transit,Fishing - Purse Seiner
700050131,VESSEL_GUL_019,GA,transit,0.9999893247931678,purse_seiner,0.999999992745122,0.0,0.0,0.0,0.0,0.0,1.0675206832132371e-05,0.0,0.9999893247931678,0.0,0.002430555555555555,0.0,0.0,0.002430555555555555,Transit,Fishing - Purse Seiner
700050131,VESSEL_GUL_019,GA,transit,0.9643723657288404,purse_seiner,0.9999999929665577,0.0,0.0,0.0,0.01539473684210526,0.0035555555555555553,0.0166773418734988,0.0,0.9643723657288404,0.0,0.002430555555555555,0.0,0.0,0.002430555555555555,Transit,Fishing - Purse Seiner
700050131,VESSEL_GUL_019,GA,fishing,0.9458333333333333,purse_seiner,0.9999999922585711,0.0,0.0,0.0,0.9458333333333333,0.01892857142857143,0.0035714285714285713,0.0,0.024444444444444446,0.007222222222222222,0.002430555555555555,0.6,0.0,0.6,Fishing,Fishing - Purse Seiner
700050131,VESSEL_GUL_019,GA,fishing,1.0,purse_seiner,0.9999999923963426,0.0,0.0,0.0,1.0,0.0,0.0,0.0,0.0,0.0,0.002430555555555555,0.6,0.0,0.6,Fishing,Fishing - Purse Seiner
700050131,VESSEL_GUL_019,GA,fishing,1.0,purse_seiner,0.9999999923963426,0.0,0.0,0.0,1.0,0.0,0.0,0.0,0.0,0.0,0.002430555555555555,0.6,0.0,0.6,Fishing,Fishing - Purse Seiner
700050131,VESSEL_GUL_019,GA,fishing,0.9983333333333333,purse_seiner,0.9999999923963426,0.0,0.0,0.0016666666666666668,0.9983333333333333,0.0,0.0,0.0,0.0,0.0,0.002430555555555555,0.6,0.0,0.6,Fishing,Fishing - Purse Seiner
700050131,VESSEL_GUL_019,GA,fishing,0.9851111111111112,purse_seiner,0.9999999898684265,0.0,0.0,0.0027777777777777775,0.9851111111111112,0.006,0.0,0.0,0.0016666666666666668,0.0044444444444444444,0.002430555555555555,0.6,0.0,0.6,Fishing,Fishing - Purse Seiner
700050131,VESSEL_GUL_019,GA,fishing,0.9844444444444446,purse_seiner,0.999999989854519,0.0,0.0,0.0027777777777777775,0.9844444444444446,0.007777777777777777,0.0,0.0,0.0011111111111111111,0.0038888888888888883,0.002430555555555555,0.6,0.0,0.6,Fishing,Fishing - Purse Seiner
700050131,VESSEL_GUL_019,GA,fishing,0.9922222222222221,purse_seiner,0.9999999923963426,0.0011111111111111111,0.0,0.0,0.9922222222222221,0.002,0.0,0.0,0.0,0.004666666666666666,0.002430555555555555,0.6,0.0,0.6,Fishing,Fishing - Purse Seiner
700050131,VESSEL_GUL_019,GA,fishing,0.9983333333333333,purse_seiner,0.9999999923963426,0.0,0.0,0.0,0.9983333333333333,0.0,0.0016666666666666668,0.0,0.0,0.0,0.002430555555555555,0.6,0.0,0.6,Fishing,Fishing - Purse Seiner
700050131,VESSEL_GUL_019,GA,fishing,1.0,purse_seiner,0.9999999912414504,0.0,0.0,0.0,1.0,0.0,0.0,0.0,0.0,0.0,0.002430555555555555,0.6,0.0,0.6,Fishing,Fishing - Purse Seiner
700050131,VESSEL_GUL_019,GA,fishing,1.0,purse_seiner,0.9999999923963426,0.0,0.0,0.0,1.0,0.0,0.0,0.0,0.0,0.0,0.002430555555555555,0.6,0.0,0.6,Fishing,Fishing - Purse Seiner
700050131,VESSEL_GUL_019,GA,fishing,1.0,purse_seiner,0.9999999923963426,0.0,0.0,0.0,1.0,0.0,0.0,0.0,0.0,0.0,0.002430555555555555,0.6,0.0,0.6,Fishing,Fishing - Purse Seiner
700050131,VESSEL_GUL_019,GA,fishing,1.0,purse_seiner,0.9999999923963426,0.0,0.0,0.0,1.0,0.0,0.0,0.0,0.0,0.0,0.002430555555555555,0.6,0.0,0.6,Fishing,Fishing - Purse Seiner
700050131,VESSEL_GUL_019,GA,fishing,1.0,purse_seiner,0.9999999923963426,0.0,0.0,0.0,1.0,0.0,0.0,0.0,0.0,0.0,0.002430555555555555,0.6,0.0,0.6,Fishing,Fishing - Purse Seiner
700050131,VESSEL_GUL_019,GA,fishing,1.0,purse_seiner,0.9999999923963426,0.0,0.0,0.0,1.0,0.0,0.0,0.0,0.0,0.0,0.002430555555555555,0.6,0.0,0.6,Fishing,Fishing - Purse Seiner
700050131,VESSEL_GUL_019,GA,fishing,1.0,purse_seiner,0.9999999912294305,0.0,0.0,0.0,1.0,0.0,0.0,0.0,0.0,0.0,0.002430555555555555,0.6,0.0,0.6,Fishing,Fishing - Purse Seiner
700050131,VESSEL_GUL_019,GA,fishing,0.9357301587301585,purse_seiner,0.9999999921087154,0.0030555555555555553,0.0,0.0,0.9357301587301585,0.0027777777777777775,0.0,0.0,0.056769841269841276,0.0016666666666666668,0.002430555555555555,0.6,0.0,0.6,Fishing,Fishing - Purse Seiner
700050131,VESSEL_GUL_019,GA,transit,0.971388888888889,purse_seiner,0.9999999922200188,0.006666666666666667,0.0,0.0,0.01661111111111111,0.0,0.0,0.005333333333333333,0.971388888888889,0.0,0.002430555555555555,0.0,0.0,0.002430555555555555,Transit,Fishing - Purse Seiner
700050131,VESSEL_GUL_019,GA,transit,0.9999893247931678,purse_seiner,0.999999992746113,0.0,0.0,0.0,0.0,0.0,1.0675206832132371e-05,0.0,0.9999893247931678,0.0,0.002430555555555555,0.0,0.0,0.002430555555555555,Transit,Fishing - Purse Seiner
700050131,VESSEL_GUL_019,GA,transit,0.9999893247931678,purse_seiner,0.9999999928370062,0.0,0.0,0.0,0.0,0.0,1.0675206832132371e-05,0.0,0.9999893247931678,0.0,0.002430555555555555,0.0,0.0,0.002430555555555555,Transit,Fishing - Purse Seiner
700050131,VESSEL_GUL_019,GA,transit,0.9983226581265012,purse_seiner,0.9999999928360213,0.0,0.0,0.0,0.0,0.0,1.0675206832132371e-05,0.0016666666666666668,0.9983226581265012,0.0,0.002430555555555555,0.0,0.0,0.002430555555555555,Transit,Fishing - Purse Seiner
700050131,VESSEL_GUL_019,GA,transit,0.9999893247931678,purse_seiner,0.9999999927442484,0.0,0.0,0.0,0.0,0.0,1.0675206832132371e-05,0.0,0.9999893247931678,0.0,0.002430555555555555,0.0,0.0,0.002430555555555555,Transit,Fishing - Purse Seiner
700050131,VESSEL_GUL_019,GA,transit,0.9999893247931678,purse_seiner,0.9999999927442484,0.0,0.0,0.0,0.0,0.0,1.0675206832132371e-05,0.0,0.9999893247931678,0.0,0.002430555555555555,0.0,0.0,0.002430555555555555,Transit,Fishing - Purse Seiner
700050131,VESSEL_GUL_019,GA,transit,0.9999893247931678,purse_seiner,0.9999999927442484,0.0,0.0,0.0,0.0,0.0,1.0675206832132371e-05,0.0,0.9999893247931678,0.0,0.002430555555555555,0.0,0.0,0.002430555555555555,Transit,Fishing - Purse Seiner
700050131,VESSEL_GUL_019,GA,transit,0.9999893247931678,purse_seiner,0.9999999927442484,0.0,0.0,0.0,0.0,0.0,1.0675206832132371e-05,0.0,0.9999893247931678,0.0,0.002430555555555555,0.0,0.0,0.002430555555555555,Transit,Fishing - Purse Seiner
700050131,VESSEL_GUL_019,GA,transit,0.9999893247931678,purse_seiner,0.9999999927442484,0.0,0.0,0.0,0.0,0.0,1.0675206832132371e-05,0.0,0.9999893247931678,0.0,0.002430555555555555,0.0,0.0,0.002430555555555555,Transit,Fishing - Purse Seiner
700050131,VESSEL_GUL_019,GA,transit,0.9999893247931678,purse_seiner,0.9999999927451779,0.0,0.0,0.0,0.0,0.0,1.0675206832132371e-05,0.0,0.9999893247931678,0.0,0.002430555555555555,0.0,0.0,0.002430555555555555,Transit,Fishing - Purse Seiner
700050131,VESSEL_GUL_019,GA,transit,0.9999893247931678,purse_seiner,0.9999999927454353,0.0,0.0,0.0,0.0,0.0,1.0675206832132371e-05,0.0,0.9999893247931678,0.0,0.002430555555555555,0.0,0.0,0.002430555555555555,Transit,Fishing - Purse Seiner
700050131,VESSEL_GUL_019,GA,transit,0.9999893247931678,purse_seiner,0.9999999927454353,0.0,0.0,0.0,0.0,0.0,1.0675206832132371e-05,0.0,0.9999893247931678,0.0,0.002430555555555555,0.0,0.0,0.002430555555555555,Transit,Fishing - Purse Seiner
700050131,VESSEL_GUL_019,GA,transit,0.9999893247931678,purse_seiner,0.999999992745122,0.0,0.0,0.0,0.0,0.0,1.0675206832132371e-05,0.0,0.9999893247931678,0.0,0.002430555555555555,0.0,0.0,0.002430555555555555,Transit,Fishing - Purse Seiner
700050131,VESSEL_GUL_019,GA,transit,0.9999893247931678,purse_seiner,0.9999999927443126,0.0,0.0,0.0,0.0,0.0,1.0675206832132371e-05,0.0,0.9999893247931678,0.0,0.002430555555555555,0.0,0.0,0.002430555555555555,Transit,Fishing - Purse Seiner
700050131,VESSEL_GUL_019,GA,transit,0.9999893247931678,purse_seiner,0.9999999925615661,0.0,0.0,0.0,0.0,0.0,1.0675206832132371e-05,0.0,0.9999893247931678,0.0,0.002430555555555555,0.0,0.0,0.002430555555555555,Transit,Fishing - Purse Seiner
700050131,VESSEL_GUL_019,GA,transit,0.9999893247931678,purse_seiner,0.999999992746113,0.0,0.0,0.0,0.0,0.0,1.0675206832132371e-05,0.0,0.9999893247931678,0.0,0.002430555555555555,0.0,0.0,0.002430555555555555,Transit,Fishing - Purse Seiner
700050131,VESSEL_GUL_019,GA,transit,0.9999893247931678,purse_seiner,0.9999999927443126,0.0,0.0,0.0,0.0,0.0,1.0675206832132371e-05,0.0,0.9999893247931678,0.0,0.002430555555555555,0.0,0.0,0.002430555555555555,Transit,Fishing - Purse Seiner
700050131,VESSEL_GUL_019,GA,transit,0.9999893247931678,purse_seiner,0.9999999927442484,0.0,0.0,0.0,0.0,0.0,1.0675206832132371e-05,0.0,0.9999893247931678,0.0,0.002430555555555555,0.0,0.0,0.002430555555555555,Transit,Fishing - Purse Seiner
700050131,VESSEL_GUL_019,GA,transit,0.9983226581265012,purse_seiner,0.9999999929601053,0.0,0.0,0.0,0.0016666666666666668,0.0,1.0675206832132371e-05,0.0,0.9983226581265012,0.0,0.002430555555555555,0.0,0.0,0.002430555555555555,Transit,Fishing - Purse Seiner
700050131,VESSEL_GUL_019,GA,transit,0.9999893247931678,purse_seiner,0.9999999927444505,0.0,0.0,0.0,0.0,0.0,1.0675206832132371e-05,0.0,0.9999893247931678,0.0,0.002430555555555555,0.0,0.0,0.002430555555555555,Transit,Fishing - Purse Seiner
700050131,VESSEL_GUL_019,GA,transit,0.9999893247931678,purse_seiner,0.9999999927461125,0.0,0.0,0.0,0.0,0.0,1.0675206832132371e-05,0.0,0.9999893247931678,0.0,0.002430555555555555,0.0,0.0,0.002430555555555555,Transit,Fishing - Purse Seiner
700050131,VESSEL_GUL_019,GA,transit,0.9999893247931678,purse_seiner,0.9999999927454353,0.0,0.0,0.0,0.0,0.0,1.0675206832132371e-05,0.0,0.9999893247931678,0.0,0.002430555555555555,0.0,0.0,0.002430555555555555,Transit,Fishing - Purse Seiner
700050131,VESSEL_GUL_019,GA,transit,0.9999893247931678,purse_seiner,0.9999999927454353,0.0,0.0,0.0,0.0,0.0,1.0675206832132371e-05,0.0,0.9999893247931678,0.0,0.002430555555555555,0.0,0.0,0.002430555555555555,Transit,Fishing - Purse Seiner
700050131,VESSEL_GUL_019,GA,transit,0.9999893247931678,purse_seiner,0.999999992746113,0.0,0.0,0.0,0.0,0.0,1.0675206832132371e-05,0.0,0.9999893247931678,0.0,0.002430555555555555,0.0,0.0,0.002430555555555555,Transit,Fishing - Purse Seiner
700050131,VESSEL_GUL_019,GA,transit,0.9999893247931678,purse_seiner,0.9999999927454353,0.0,0.0,0.0,0.0,0.0,1.0675206832132371e-05,0.0,0.9999893247931678,0.0,0.002430555555555555,0.0,0.0,0.002430555555555555,Transit,Fishing - Purse Seiner
700050131,VESSEL_GUL_019,GA,transit,0.9983226581265012,purse_seiner,0.9999999928367487,0.0,0.0,0.0,0.0016666666666666668,0.0,1.0675206832132371e-05,0.0,0.9983226581265012,0.0,0.002430555555555555,0.0,0.0,0.002430555555555555,Transit,Fishing - Purse Seiner
700050131,VESSEL_GUL_019,GA,transit,0.9999893247931678,purse_seiner,0.9999999928370062,0.0,0.0,0.0,0.0,0.0,1.0675206832132371e-05,0.0,0.9999893247931678,0.0,0.002430555555555555,0.0,0.0,0.002430555555555555,Transit,Fishing - Purse Seiner
700050131,VESSEL_GUL_019,GA,transit,0.9999893247931678,purse_seiner,0.9999999927453795,0.0,0.0,0.0,0.0,0.0,1.0675206832132371e-05,0.0,0.9999893247931678,0.0,0.002430555555555555,0.0,0.0,0.002430555555555555,Transit,Fishing - Purse Seiner
700050131,VESSEL_GUL_019,GA,transit,0.9999893247931678,purse_seiner,0.9999999927442484,0.0,0.0,0.0,0.0,0.0,1.0675206832132371e-05,0.0,0.9999893247931678,0.0,0.002430555555555555,0.0,0.0,0.002430555555555555,Transit,Fishing - Purse Seiner
700050131,VESSEL_GUL_019,GA,transit,0.9972115470153899,purse_seiner,0.9999999927442484,0.0027777777777777775,0.0,0.0,0.0,0.0,1.0675206832132371e-05,0.0,0.9972115470153899,0.0,0.002430555555555555,0.0,0.0,0.002430555555555555,Transit,Fishing - Purse Seiner
700050131,VESSEL_GUL_019,GA,transit,0.9999893247931678,purse_seiner,0.9999999927442484,0.0,0.0,0.0,0.0,0.0,1.0675206832132371e-05,0.0,0.9999893247931678,0.0,0.002430555555555555,0.0,0.0,0.002430555555555555,Transit,Fishing - Purse Seiner
700050131,VESSEL_GUL_019,GA,transit,0.9999893247931678,purse_seiner,0.9999999900244366,0.0,0.0,0.0,0.0,0.0,1.0675206832132371e-05,0.0,0.9999893247931678,0.0,0.002430555555555555,0.0,0.0,0.002430555555555555,Transit,Fishing - Purse Seiner
700050131,VESSEL_GUL_019,GA,transit,0.9999893247931678,purse_seiner,0.9999999894899313,0.0,0.0,0.0,0.0,0.0,1.0675206832132371e-05,0.0,0.9999893247931678,0.0,0.002430555555555555,0.0,0.0,0.002430555555555555,Transit,Fishing - Purse Seiner
700050131,VESSEL_GUL_019,GA,transit,0.9999893247931678,purse_seiner,0.9999999894899313,0.0,0.0,0.0,0.0,0.0,1.0675206832132371e-05,0.0,0.9999893247931678,0.0,0.002430555555555555,0.0,0.0,0.002430555555555555,Transit,Fishing - Purse Seiner
700050131,VESSEL_GUL_019,GA,transit,0.9999893247931678,purse_seiner,0.9999999908562166,0.0,0.0,0.0,0.0,0.0,1.0675206832132371e-05,0.0,0.9999893247931678,0.0,0.002430555555555555,0.0,0.0,0.002430555555555555,Transit,Fishing - Purse Seiner
700050131,VESSEL_GUL_019,GA,transit,0.9999893247931678,purse_seiner,0.9999999928358194,0.0,0.0,0.0,0.0,0.0,1.0675206832132371e-05,0.0,0.9999893247931678,0.0,0.002430555555555555,0.0,0.0,0.002430555555555555,Transit,Fishing - Purse Seiner
700050131,VESSEL_GUL_019,GA,transit,0.9999893247931678,purse_seiner,0.9999999927444505,0.0,0.0,0.0,0.0,0.0,1.0675206832132371e-05,0.0,0.9999893247931678,0.0,0.002430555555555555,0.0,0.0,0.002430555555555555,Transit,Fishing - Purse Seiner
700050131,VESSEL_GUL_019,GA,transit,0.9999893247931678,purse_seiner,0.9999999926453724,0.0,0.0,0.0,0.0,0.0,1.0675206832132371e-05,0.0,0.9999893247931678,0.0,0.002430555555555555,0.0,0.0,0.002430555555555555,Transit,Fishing - Purse Seiner
700050131,VESSEL_GUL_019,GA,transit,0.9999893247931678,purse_seiner,0.9999999927443859,0.0,0.0,0.0,0.0,0.0,1.0675206832132371e-05,0.0,0.9999893247931678,0.0,0.002430555555555555,0.0,0.0,0.002430555555555555,Transit,Fishing - Purse Seiner
700050131,VESSEL_GUL_019,GA,transit,0.9999893247931678,purse_seiner,0.9999999927442484,0.0,0.0,0.0,0.0,0.0,1.0675206832132371e-05,0.0,0.9999893247931678,0.0,0.002430555555555555,0.0,0.0,0.002430555555555555,Transit,Fishing - Purse Seiner
700050131,VESSEL_GUL_019,GA,transit,0.9999893247931678,purse_seiner,0.9999999927443859,0.0,0.0,0.0,0.0,0.0,1.0675206832132371e-05,0.0,0.9999893247931678,0.0,0.002430555555555555,0.0,0.0,0.002430555555555555,Transit,Fishing - Purse Seiner
700050131,VESSEL_GUL_019,GA,transit,0.9999893247931678,purse_seiner,0.9999999927454353,0.0,0.0,0.0,0.0,0.0,1.0675206832132371e-05,0.0,0.9999893247931678,0.0,0.002430555555555555,0.0,0.0,0.002430555555555555,Transit,Fishing - Purse Seiner
700050131,VESSEL_GUL_019,GA,transit,0.9977671025709456,purse_seiner,0.999999992745122,0.0,0.0,0.0,0.0,0.0,1.0675206832132371e-05,0.0022222222222222222,0.9977671025709456,0.0,0.002430555555555555,0.0,0.0,0.002430555555555555,Transit,Fishing - Purse Seiner
700050131,VESSEL_GUL_019,GA,transit,0.9999893247931678,purse_seiner,0.9999999927442484,0.0,0.0,0.0,0.0,0.0,1.0675206832132371e-05,0.0,0.9999893247931678,0.0,0.002430555555555555,0.0,0.0,0.002430555555555555,Transit,Fishing - Purse Seiner
750000113,FISH_GUL_TRANS,KR,fishing,0.9745,trawler,0.9999999633832708,0.0,0.0,0.0,0.9745,0.005555555555555555,0.0033333333333333335,0.0,0.014944444444444444,0.0016666666666666668,0.002430555555555555,0.6,0.0,0.6,Fishing,Fishing - Trawler
750000113,FISH_GUL_TRANS,KR,fishing,1.0,trawler,0.9999999616959913,0.0,0.0,0.0,1.0,0.0,0.0,0.0,0.0,0.0,0.002430555555555555,0.6,0.0,0.6,Fishing,Fishing - Trawler
750000113,FISH_GUL_TRANS,KR,fishing,1.0,trawler,0.9999999616959913,0.0,0.0,0.0,1.0,0.0,0.0,0.0,0.0,0.0,0.002430555555555555,0.6,0.0,0.6,Fishing,Fishing - Trawler
750000113,FISH_GUL_TRANS,KR,fishing,1.0,trawler,0.9999999616959913,0.0,0.0,0.0,1.0,0.0,0.0,0.0,0.0,0.0,0.002430555555555555,0.6,0.0,0.6,Fishing,Fishing - Trawler
750000113,FISH_GUL_TRANS,KR,fishing,1.0,trawler,0.9999999632394689,0.0,0.0,0.0,1.0,0.0,0.0,0.0,0.0,0.0,0.002430555555555555,0.6,0.0,0.6,Fishing,Fishing - Trawler
750000113,FISH_GUL_TRANS,KR,fishing,0.9977777777777779,trawler,0.9999999633935674,0.0,0.0,0.0,0.9977777777777779,0.0022222222222222222,0.0,0.0,0.0,0.0,0.002430555555555555,0.6,0.0,0.6,Fishing,Fishing - Trawler
750000113,FISH_GUL_TRANS,KR,fishing,1.0,trawler,0.9999999616959913,0.0,0.0,0.0,1.0,0.0,0.0,0.0,0.0,0.0,0.002430555555555555,0.6,0.0,0.6,Fishing,Fishing - Trawler
750000113,FISH_GUL_TRANS,KR,fishing,1.0,trawler,0.9999999616959913,0.0,0.0,0.0,1.0,0.0,0.0,0.0,0.0,0.0,0.002430555555555555,0.6,0.0,0.6,Fishing,Fishing - Trawler
750000113,FISH_GUL_TRANS,KR,fishing,0.9621111111111111,trawler,0.9999999722970793,0.0,0.0,0.0,0.9621111111111111,0.0022222222222222222,0.0016666666666666668,0.0,0.031222222222222224,0.0027777777777777775,0.17236111111111113,0.6,0.0,0.6,Fishing,Fishing - Trawler
750000113,FISH_GUL_TRANS,KR,fishing,0.9694444444444442,trawler,0.9999999722970793,0.0,0.0,0.0,0.9694444444444442,0.0027777777777777775,0.007222222222222222,0.0,0.019444444444444445,0.0011111111111111111,0.17236111111111113,0.6,0.0,0.6,Fishing,Fishing - Trawler
750000113,FISH_GUL_TRANS,KR,fishing,1.0,trawler,0.9999999616959913,0.0,0.0,0.0,1.0,0.0,0.0,0.0,0.0,0.0,0.002430555555555555,0.6,0.0,0.6,Fishing,Fishing - Trawler
750000113,FISH_GUL_TRANS,KR,fishing,1.0,trawler,0.9999999633935674,0.0,0.0,0.0,1.0,0.0,0.0,0.0,0.0,0.0,0.002430555555555555,0.6,0.0,0.6,Fishing,Fishing - Trawler
750000113,FISH_GUL_TRANS,KR,fishing,1.0,trawler,0.9999999616959913,0.0,0.0,0.0,1.0,0.0,0.0,0.0,0.0,0.0,0.002430555555555555,0.6,0.0,0.6,Fishing,Fishing - Trawler
750000113,FISH_GUL_TRANS,KR,fishing,1.0,trawler,0.9999999616959913,0.0,0.0,0.0,1.0,0.0,0.0,0.0,0.0,0.0,0.002430555555555555,0.6,0.0,0.6,Fishing,Fishing - Trawler
750000113,FISH_GUL_TRANS,KR,fishing,1.0,trawler,0.9999999633935674,0.0,0.0,0.0,1.0,0.0,0.0,0.0,0.0,0.0,0.002430555555555555,0.6,0.0,0.6,Fishing,Fishing - Trawler
750000113,FISH_GUL_TRANS,KR,fishing,0.995,trawler,0.9999999632394689,0.0,0.0,0.0,0.995,0.0033333333333333335,0.0,0.0,0.0016666666666666668,0.0,0.002430555555555555,0.6,0.0,0.6,Fishing,Fishing - Trawler
750000113,FISH_GUL_TRANS,KR,transit,0.9443333333333336,trawler,0.9999999630610581,0.0016666666666666668,0.0,0.0,0.03427777777777778,0.0035555555555555553,0.0,0.010833333333333332,0.9443333333333336,0.005333333333333334,0.002430555555555555,0.0,0.0,0.002430555555555555,Transit,Fishing - Trawler
750000113,FISH_GUL_TRANS,KR,transit,0.9999893247931678,trawler,0.9999999729660302,0.0,0.0,0.0,0.0,0.0,1.0675206832132371e-05,0.0,0.9999893247931678,0.0,0.002430555555555555,0.0,0.0,0.002430555555555555,Transit,Fishing - Trawler
750000113,FISH_GUL_TRANS,KR,transit,0.9999893247931678,trawler,0.9999999729660302,0.0,0.0,0.0,0.0,0.0,1.0675206832132371e-05,0.0,0.9999893247931678,0.0,0.002430555555555555,0.0,0.0,0.002430555555555555,Transit,Fishing - Trawler
750000113,FISH_GUL_TRANS,KR,transit,0.9908226581265012,trawler,0.9999999729660302,0.009166666666666667,0.0,0.0,0.0,0.0,1.0675206832132371e-05,0.0,0.9908226581265012,0.0,0.002430555555555555,0.0,0.0,0.002430555555555555,Transit,Fishing - Trawler
750000113,FISH_GUL_TRANS,KR,transit,0.9883226581265012,trawler,0.9999999729660302,0.0044444444444444444,0.0,0.0022222222222222222,0.0033333333333333335,0.0,1.0675206832132371e-05,0.0016666666666666668,0.9883226581265012,0.0,0.002430555555555555,0.0,0.0,0.002430555555555555,Transit,Fishing - Trawler
750000213,FISH_GUL_TRANS,KR,fishing,0.9876190476190476,longliner,0.9997374005144491,0.0,0.0,0.0,0.9876190476190476,0.0,0.0,0.0,0.006111111111111111,0.00626984126984127,0.002430555555555555,0.6,0.0,0.6,Fishing,Fishing - Longliner
750000213,FISH_GUL_TRANS,KR,fishing,0.9959523809523809,longliner,0.9996884361880902,0.0,0.0,0.0,0.9959523809523809,0.0,0.0,0.0,0.0,0.004047619047619048,0.002430555555555555,0.6,0.0,0.6,Fishing,Fishing - Longliner
750000213,FISH_GUL_TRANS,KR,fishing,0.9942857142857142,longliner,0.9996884360668936,0.0,0.0,0.0,0.9942857142857142,0.0033333333333333335,0.0,0.0,0.0,0.002380952380952381,0.002430555555555555,0.6,0.0,0.6,Fishing,Fishing - Longliner
750000213,FISH_GUL_TRANS,KR,fishing,0.995,longliner,0.9996884345134888,0.0,0.0,0.0,0.995,0.0033333333333333335,0.0,0.0,0.0,0.0016666666666666668,0.002430555555555555,0.6,0.0,0.6,Fishing,Fishing - Longliner
750000213,FISH_GUL_TRANS,KR,fishing,0.9966666666666667,longliner,0.9996884362000719,0.0016666666666666668,0.0,0.0,0.9966666666666667,0.0016666666666666668,0.0,0.0,0.0,0.0,0.002430555555555555,0.6,0.0,0.6,Fishing,Fishing - Longliner
750000213,FISH_GUL_TRANS,KR,fishing,1.0,longliner,0.9996884361245685,0.0,0.0,0.0,1.0,0.0,0.0,0.0,0.0,0.0,0.002430555555555555,0.6,0.0,0.6,Fishing,Fishing - Longliner
750000213,FISH_GUL_TRANS,KR,fishing,1.0,longliner,0.9996884360668936,0.0,0.0,0.0,1.0,0.0,0.0,0.0,0.0,0.0,0.002430555555555555,0.6,0.0,0.6,Fishing,Fishing - Longliner
750000213,FISH_GUL_TRANS,KR,fishing,1.0,longliner,0.9996884360668936,0.0,0.0,0.0,1.0,0.0,0.0,0.0,0.0,0.0,0.002430555555555555,0.6,0.0,0.6,Fishing,Fishing - Longliner
750000213,FISH_GUL_TRANS,KR,fishing,0.9177777777777777,longliner,0.9997641370034908,0.0,0.0,0.0,0.9177777777777777,0.0044444444444444444,0.026666666666666665,0.0,0.049999999999999996,0.0011111111111111111,0.17236111111111113,0.6,0.0,0.6,Fishing,Fishing - Longliner
750000213,FISH_GUL_TRANS,KR,fishing,0.9109999999999998,longliner,0.9997727323991494,0.0016666666666666668,0.0,0.0,0.9109999999999998,0.0061111111111111106,0.02361111111111111,0.0,0.056499999999999995,0.0011111111111111111,0.17236111111111113,0.6,0.0,0.6,Fishing,Fishing - Longliner
750000213,FISH_GUL_TRANS,KR,fishing,0.9955555555555554,longliner,0.9996884360668936,0.0,0.0,0.0,0.9955555555555554,0.0,0.0016666666666666668,0.0,0.002777777777777778,0.0,0.002430555555555555,0.6,0.0,0.6,Fishing,Fishing - Longliner
750000213,FISH_GUL_TRANS,KR,fishing,0.9972222222222221,longliner,0.9996884360668936,0.0,0.0,0.0,0.9972222222222221,0.0,0.0,0.0,0.002777777777777778,0.0,0.002430555555555555,0.6,0.0,0.6,Fishing,Fishing - Longliner
750000213,FISH_GUL_TRANS,KR,fishing,0.9966666666666667,longliner,0.9996884360668936,0.0,0.0,0.0,0.9966666666666667,0.0033333333333333335,0.0,0.0,0.0,0.0,0.002430555555555555,0.6,0.0,0.6,Fishing,Fishing - Longliner
750000213,FISH_GUL_TRANS,KR,fishing,1.0,longliner,0.9996884360668936,0.0,0.0,0.0,1.0,0.0,0.0,0.0,0.0,0.0,0.002430555555555555,0.6,0.0,0.6,Fishing,Fishing - Longliner
750000213,FISH_GUL_TRANS,KR,fishing,1.0,longliner,0.9996884360997771,0.0,0.0,0.0,1.0,0.0,0.0,0.0,0.0,0.0,0.002430555555555555,0.6,0.0,0.6,Fishing,Fishing - Longliner
750000213,FISH_GUL_TRANS,KR,fishing,1.0,longliner,0.9997374005237772,0.0,0.0,0.0,1.0,0.0,0.0,0.0,0.0,0.0,0.002430555555555555,0.6,0.0,0.6,Fishing,Fishing - Longliner
750000213,FISH_GUL_TRANS,KR,transit,0.6350714285714285,longliner,0.9997496656670479,0.0,0.004666666666666666,0.005833333333333334,0.27786507936507926,0.04531746031746032,0.005992063492063491,0.0075,0.6350714285714285,0.017753968253968255,0.002430555555555555,0.0,0.0,0.002430555555555555,Transit,Fishing - Longliner
750000213,FISH_GUL_TRANS,KR,transit,0.9865448803487236,longliner,0.999814450357366,0.0,0.010666666666666666,0.0,0.0011111111111111111,0.0,1.0675206832132371e-05,0.0016666666666666668,0.9865448803487236,0.0,0.002430555555555555,0.0,0.0,0.002430555555555555,Transit,Fishing - Longliner
750000213,FISH_GUL_TRANS,KR,transit,0.9999893247931678,longliner,0.9998144503179838,0.0,0.0,0.0,0.0,0.0,1.0675206832132371e-05,0.0,0.9999893247931678,0.0,0.002430555555555555,0.0,0.0,0.002430555555555555,Transit,Fishing - Longliner
750000213,FISH_GUL_TRANS,KR,transit,0.9983226581265012,longliner,0.999814450357366,0.0,0.0,0.0,0.0,0.0,0.0016773418734987993,0.0,0.9983226581265012,0.0,0.002430555555555555,0.0,0.0,0.002430555555555555,Transit,Fishing - Longliner
750000213,FISH_GUL_TRANS,KR,transit,0.9999893247931678,longliner,0.9998144510430831,0.0,0.0,0.0,0.0,0.0,1.0675206832132371e-05,0.0,0.9999893247931678,0.0,0.002430555555555555,0.0,0.0,0.002430555555555555,Transit,Fishing - Longliner
750000313,FISH_GUL_TRANS,CN,fishing,0.9796190476190475,trawler,0.9999999898711575,0.0,0.0,0.0,0.9796190476190475,0.0,0.005555555555555555,0.0,0.012444444444444445,0.002380952380952381,0.002430555555555555,0.6,0.0,0.6,Fishing,Fishing - Trawler
750000313,FISH_GUL_TRANS,CN,fishing,1.0,trawler,0.9999999898765085,0.0,0.0,0.0,1.0,0.0,0.0,0.0,0.0,0.0,0.002430555555555555,0.6,0.0,0.6,Fishing,Fishing - Trawler
750000313,FISH_GUL_TRANS,CN,fishing,0.9961111111111113,trawler,0.9999999898715649,0.0,0.0,0.0,0.9961111111111113,0.0022222222222222222,0.0,0.0,0.0,0.0016666666666666668,0.002430555555555555,0.6,0.0,0.6,Fishing,Fishing - Trawler
750000313,FISH_GUL_TRANS,CN,fishing,0.9977777777777779,trawler,0.9999999898715651,0.0,0.0,0.0,0.9977777777777779,0.0022222222222222222,0.0,0.0,0.0,0.0,0.002430555555555555,0.6,0.0,0.6,Fishing,Fishing - Trawler
750000313,FISH_GUL_TRANS,CN,fishing,0.9977777777777779,trawler,0.9999999898715651,0.0,0.0,0.0,0.9977777777777779,0.0022222222222222222,0.0,0.0,0.0,0.0,0.002430555555555555,0.6,0.0,0.6,Fishing,Fishing - Trawler
750000313,FISH_GUL_TRANS,CN,fishing,0.9944444444444446,trawler,0.9999999884317948,0.0,0.0,0.0033333333333333335,0.9944444444444446,0.0022222222222222222,0.0,0.0,0.0,0.0,0.002430555555555555,0.6,0.0,0.6,Fishing,Fishing - Trawler
750000313,FISH_GUL_TRANS,CN,fishing,1.0,trawler,0.9999999898764872,0.0,0.0,0.0,1.0,0.0,0.0,0.0,0.0,0.0,0.002430555555555555,0.6,0.0,0.6,Fishing,Fishing - Trawler
750000313,FISH_GUL_TRANS,CN,fishing,1.0,trawler,0.999999989876509,0.0,0.0,0.0,1.0,0.0,0.0,0.0,0.0,0.0,0.002430555555555555,0.6,0.0,0.6,Fishing,Fishing - Trawler
750000313,FISH_GUL_TRANS,CN,fishing,1.0,trawler,0.9999999898765087,0.0,0.0,0.0,1.0,0.0,0.0,0.0,0.0,0.0,0.002430555555555555,0.6,0.0,0.6,Fishing,Fishing - Trawler
750000313,FISH_GUL_TRANS,CN,fishing,0.5019444444444445,trawler,0.9999999884369594,0.010277777777777778,0.034666666666666665,0.041666666666666664,0.5019444444444445,0.14130158730158732,0.011333333333333334,0.01,0.1724920634920635,0.0763174603174603,0.002430555555555555,0.6,0.0,0.6,Fishing,Fishing - Trawler
750000313,FISH_GUL_TRANS,CN,fishing,0.33022310405643734,trawler,0.9999999873457907,0.03861111111111111,0.08783333333333333,0.08444444444444445,0.33022310405643734,0.24206040564373899,0.007,0.06779982363315697,0.10444444444444442,0.03758333333333334,0.002430555555555555,0.6,0.0,0.6,Fishing,Fishing - Trawler
750000313,FISH_GUL_TRANS,CN,fishing,0.40872222222222226,trawler,0.9999999848258923,0.009833333333333335,0.02222222222222222,0.051666666666666666,0.40872222222222226,0.3550555555555555,0.013000000000000001,0.014166666666666666,0.0895,0.035833333333333335,0.002430555555555555,0.6,0.0,0.6,Fishing,Fishing - Trawler
750000313,FISH_GUL_TRANS,CN,fishing,0.44438888888888894,trawler,0.9999999869192282,0.015,0.026388888888888885,0.07227777777777776,0.44438888888888894,0.28169047619047616,0.011333333333333334,0.0,0.10116666666666665,0.04775396825396825,0.002430555555555555,0.6,0.0,0.6,Fishing,Fishing - Trawler
750000313,FISH_GUL_TRANS,CN,fishing,0.9983333333333333,trawler,0.9999999884370959,0.0,0.0,0.0016666666666666668,0.9983333333333333,0.0,0.0,0.0,0.0,0.0,0.002430555555555555,0.6,0.0,0.6,Fishing,Fishing - Trawler
750000313,FISH_GUL_TRANS,CN,fishing,1.0,trawler,0.9999999898765087,0.0,0.0,0.0,1.0,0.0,0.0,0.0,0.0,0.0,0.002430555555555555,0.6,0.0,0.6,Fishing,Fishing - Trawler
750000313,FISH_GUL_TRANS,CN,fishing,1.0,trawler,0.9999999898765085,0.0,0.0,0.0,1.0,0.0,0.0,0.0,0.0,0.0,0.002430555555555555,0.6,0.0,0.6,Fishing,Fishing - Trawler
750000313,FISH_GUL_TRANS,CN,fishing,1.0,trawler,0.9999999898765085,0.0,0.0,0.0,1.0,0.0,0.0,0.0,0.0,0.0,0.002430555555555555,0.6,0.0,0.6,Fishing,Fishing - Trawler
750000313,FISH_GUL_TRANS,CN,fishing,1.0,trawler,0.9999999898765085,0.0,0.0,0.0,1.0,0.0,0.0,0.0,0.0,0.0,0.002430555555555555,0.6,0.0,0.6,Fishing,Fishing - Trawler
750000313,FISH_GUL_TRANS,CN,fishing,1.0,trawler,0.9999999898715647,0.0,0.0,0.0,1.0,0.0,0.0,0.0,0.0,0.0,0.002430555555555555,0.6,0.0,0.6,Fishing,Fishing - Trawler
750000313,FISH_GUL_TRANS,CN,fishing,0.8136992945326278,trawler,0.9999999898764788,0.011333333333333332,0.020404761904761905,0.007777777777777777,0.8136992945326278,0.0136358024691358,0.0,0.03320458553791887,0.09994444444444446,0.0,0.002430555555555555,0.6,0.0,0.6,Fishing,Fishing - Trawler
750000313,FISH_GUL_TRANS,CN,transit,0.9180555555555556,trawler,0.9999999895748138,0.0055,0.007,0.0,0.03738888888888889,0.0011111111111111111,0.0,0.024833333333333332,0.9180555555555556,0.0061111111111111106,0.002430555555555555,0.0,0.0,0.002430555555555555,Transit,Fishing - Trawler
750000313,FISH_GUL_TRANS,CN,transit,0.9999893247931678,trawler,0.9999999896491897,0.0,0.0,0.0,0.0,0.0,1.0675206832132371e-05,0.0,0.9999893247931678,0.0,0.002430555555555555,0.0,0.0,0.002430555555555555,Transit,Fishing - Trawler
750000313,FISH_GUL_TRANS,CN,transit,0.9999893247931678,trawler,0.9999999896491897,0.0,0.0,0.0,0.0,0.0,1.0675206832132371e-05,0.0,0.9999893247931678,0.0,0.002430555555555555,0.0,0.0,0.002430555555555555,Transit,Fishing - Trawler
750000313,FISH_GUL_TRANS,CN,transit,0.9999893247931678,trawler,0.9999999896491897,0.0,0.0,0.0,0.0,0.0,1.0675206832132371e-05,0.0,0.9999893247931678,0.0,0.002430555555555555,0.0,0.0,0.002430555555555555,Transit,Fishing - Trawler
750000313,FISH_GUL_TRANS,CN,transit,0.9999893247931678,trawler,0.9999999896491897,0.0,0.0,0.0,0.0,0.0,1.0675206832132371e-05,0.0,0.9999893247931678,0.0,0.002430555555555555,0.0,0.0,0.002430555555555555,Transit,Fishing - Trawler
750100113,REEFER_GUL_01,PA,transit,0.9999893247931678,cargo,0.9999999922128987,0.0,0.0,0.0,0.0,0.0,1.0675206832132371e-05,0.0,0.9999893247931678,0.0,0.002430555555555555,0.3,0.0,0.3,Transit,Cargo
750100113,REEFER_GUL_01,PA,transit,0.9999893247931678,cargo,0.9999999922128987,0.0,0.0,0.0,0.0,0.0,1.0675206832132371e-05,0.0,0.9999893247931678,0.0,0.002430555555555555,0.3,0.0,0.3,Transit,Cargo
750100113,REEFER_GUL_01,PA,transit,0.9999893247931678,cargo,0.9999999922128987,0.0,0.0,0.0,0.0,0.0,1.0675206832132371e-05,0.0,0.9999893247931678,0.0,0.002430555555555555,0.3,0.0,0.3,Transit,Cargo
750100113,REEFER_GUL_01,PA,transit,0.9988782136820569,cargo,0.9999999922128987,0.0011111111111111111,0.0,0.0,0.0,0.0,1.0675206832132371e-05,0.0,0.9988782136820569,0.0,0.002430555555555555,0.3,0.0,0.3,Transit,Cargo
750100113,REEFER_GUL_01,PA,transit,0.9983226581265012,cargo,0.9999999922320851,0.0016666666666666668,0.0,0.0,0.0,0.0,1.0675206832132371e-05,0.0,0.9983226581265012,0.0,0.002430555555555555,0.3,0.0,0.3,Transit,Cargo
750100113,REEFER_GUL_01,PA,transit,0.9999893247931678,cargo,0.9999999922128987,0.0,0.0,0.0,0.0,0.0,1.0675206832132371e-05,0.0,0.9999893247931678,0.0,0.002430555555555555,0.3,0.0,0.3,Transit,Cargo
750100113,REEFER_GUL_01,PA,transit,0.9662719298245614,cargo,0.9999999934158279,0.0,0.0,0.0,0.013394736842105263,0.007111111111111111,0.0,0.0,0.9662719298245614,0.01322222222222222,0.002430555555555555,0.3,0.0,0.3,Transit,Cargo
750100113,REEFER_GUL_01,PA,transshipment,0.38844841269841274,cargo,0.9999999940253737,0.02438888888888889,0.0,0.0,0.02861111111111111,0.20965476190476204,0.0,0.06344444444444446,0.2854523809523809,0.38844841269841274,0.002430555555555555,0.3,0.0,0.3,Transshipment at Sea,Cargo
750100113,REEFER_GUL_01,PA,transshipment,0.4688095238095238,cargo,0.9999996627467562,0.05294444444444444,0.019888888888888893,0.0098015873015873,0.04097222222222222,0.27648015873015874,0.0,0.059500000000000004,0.07160317460317459,0.4688095238095238,0.002430555555555555,0.3,0.0,0.3,Transshipment at Sea,Cargo
750100113,REEFER_GUL_01,PA,transshipment,0.5904199134199133,cargo,0.9999998168112727,0.06116666666666666,0.01361111111111111,0.028888888888888895,0.009722222222222222,0.26603968253968235,0.0,0.017929292929292927,0.012222222222222221,0.5904199134199133,0.002430555555555555,0.3,0.0,0.3,Transshipment at Sea,Cargo
750100113,REEFER_GUL_01,PA,transit,0.7004682539682541,cargo,0.9999997777837694,0.015555555555555557,0.0011111111111111111,0.0008333333333333334,0.004833333333333334,0.17239682539682538,0.0,0.02434920634920635,0.7004682539682541,0.08045238095238094,0.002430555555555555,0.3,0.0,0.3,Transit,Cargo
750100113,REEFER_GUL_01,PA,transit,0.9999893247931678,cargo,0.99999961772403,0.0,0.0,0.0,0.0,0.0,1.0675206832132371e-05,0.0,0.9999893247931678,0.0,0.002430555555555555,0.3,0.0,0.3,Transit,Cargo
750100113,REEFER_GUL_01,PA,transit,0.9999893247931678,cargo,0.9999996160447202,0.0,0.0,0.0,0.0,0.0,1.0675206832132371e-05,0.0,0.9999893247931678,0.0,0.002430555555555555,0.3,0.0,0.3,Transit,Cargo
750100113,REEFER_GUL_01,PA,transit,0.9999893247931678,cargo,0.9999996159480845,0.0,0.0,0.0,0.0,0.0,1.0675206832132371e-05,0.0,0.9999893247931678,0.0,0.002430555555555555,0.3,0.0,0.3,Transit,Cargo
750100113,REEFER_GUL_01,PA,transit,0.9999893247931678,cargo,0.9999999922128987,0.0,0.0,0.0,0.0,0.0,1.0675206832132371e-05,0.0,0.9999893247931678,0.0,0.002430555555555555,0.3,0.0,0.3,Transit,Cargo
750100113,REEFER_GUL_01,PA,transit,0.9999893247931678,cargo,0.9999999922128987,0.0,0.0,0.0,0.0,0.0,1.0675206832132371e-05,0.0,0.9999893247931678,0.0,0.002430555555555555,0.3,0.0,0.3,Transit,Cargo
750100113,REEFER_GUL_01,PA,transit,0.9999893247931678,cargo,0.9999999922128987,0.0,0.0,0.0,0.0,0.0,1.0675206832132371e-05,0.0,0.9999893247931678,0.0,0.002430555555555555,0.3,0.0,0.3,Transit,Cargo
750100113,REEFER_GUL_01,PA,transit,0.9983226581265012,cargo,0.9999999922128987,0.0,0.0,0.0,0.0,0.0,0.0016773418734987993,0.0,0.9983226581265012,0.0,0.002430555555555555,0.3,0.0,0.3,Transit,Cargo
750100113,REEFER_GUL_01,PA,transit,0.9999893247931678,cargo,0.9999999922128987,0.0,0.0,0.0,0.0,0.0,1.0675206832132371e-05,0.0,0.9999893247931678,0.0,0.002430555555555555,0.3,0.0,0.3,Transit,Cargo
750100213,REEFER_GUL_01,LR,transit,0.9999893247931678,cargo,0.999998302249753,0.0,0.0,0.0,0.0,0.0,1.0675206832132371e-05,0.0,0.9999893247931678,0.0,0.002430555555555555,0.0,0.0,0.002430555555555555,Transit,Cargo
750100213,REEFER_GUL_01,LR,transit,0.9999893247931678,cargo,0.9999999158642261,0.0,0.0,0.0,0.0,0.0,1.0675206832132371e-05,0.0,0.9999893247931678,0.0,0.002430555555555555,0.0,0.0,0.002430555555555555,Transit,Cargo
750100213,REEFER_GUL_01,LR,transit,0.9999893247931678,cargo,0.9999999158642261,0.0,0.0,0.0,0.0,0.0,1.0675206832132371e-05,0.0,0.9999893247931678,0.0,0.002430555555555555,0.0,0.0,0.002430555555555555,Transit,Cargo
750100213,REEFER_GUL_01,LR,transit,0.9999893247931678,cargo,0.9999999158642265,0.0,0.0,0.0,0.0,0.0,1.0675206832132371e-05,0.0,0.9999893247931678,0.0,0.002430555555555555,0.0,0.0,0.002430555555555555,Transit,Cargo
750100213,REEFER_GUL_01,LR,transit,0.9999893247931678,cargo,0.9999999158642265,0.0,0.0,0.0,0.0,0.0,1.0675206832132371e-05,0.0,0.9999893247931678,0.0,0.002430555555555555,0.0,0.0,0.002430555555555555,Transit,Cargo
750100213,REEFER_GUL_01,LR,transit,0.9999893247931678,cargo,0.9999999158642265,0.0,0.0,0.0,0.0,0.0,1.0675206832132371e-05,0.0,0.9999893247931678,0.0,0.002430555555555555,0.0,0.0,0.002430555555555555,Transit,Cargo
750100213,REEFER_GUL_01,LR,transit,0.9012222222222225,cargo,0.9999999236299065,0.030555555555555548,0.0,0.0016666666666666668,0.025777777777777778,0.014888888888888886,0.004166666666666667,0.01577777777777778,0.9012222222222225,0.005944444444444444,0.002430555555555555,0.0,0.0,0.002430555555555555,Transit,Cargo
750100213,REEFER_GUL_01,LR,transshipment,0.5215992063492065,cargo,0.9999999354761261,0.003611111111111111,0.0008333333333333334,0.0,0.007777777777777777,0.37228968253968264,0.005666666666666666,0.0016666666666666668,0.08655555555555554,0.5215992063492065,0.002430555555555555,0.0,0.0,0.002430555555555555,Transshipment at Sea,Cargo
750100213,REEFER_GUL_01,LR,transshipment,0.559984126984127,cargo,0.999944784358206,0.014865079365079366,0.003666666666666667,0.0019444444444444442,0.012,0.3965952380952381,0.0,0.0033333333333333335,0.007611111111111111,0.559984126984127,0.002430555555555555,0.0,0.0,0.002430555555555555,Transshipment at Sea,Cargo
750100213,REEFER_GUL_01,LR,transshipment,0.49860714285714275,cargo,0.9999175648675392,0.04761111111111112,0.005,0.004722222222222221,0.007166666666666667,0.4218928571428572,0.0,0.007777777777777778,0.007222222222222222,0.49860714285714275,0.002430555555555555,0.0,0.0,0.002430555555555555,Transshipment at Sea,Cargo
750100213,REEFER_GUL_01,LR,transit,0.7220052910052912,cargo,0.9998772072751022,0.01011111111111111,0.0,0.01,0.012333333333333333,0.12286772486772488,0.0,0.02822222222222222,0.7220052910052912,0.09446031746031745,0.002430555555555555,0.0,0.0,0.002430555555555555,Transit,Cargo
750100213,REEFER_GUL_01,LR,transit,0.9999893247931678,cargo,0.9999999159542388,0.0,0.0,0.0,0.0,0.0,1.0675206832132371e-05,0.0,0.9999893247931678,0.0,0.002430555555555555,0.0,0.0,0.002430555555555555,Transit,Cargo
750100213,REEFER_GUL_01,LR,transit,0.9999893247931678,cargo,0.9999999158642261,0.0,0.0,0.0,0.0,0.0,1.0675206832132371e-05,0.0,0.9999893247931678,0.0,0.002430555555555555,0.0,0.0,0.002430555555555555,Transit,Cargo
750100213,REEFER_GUL_01,LR,transit,0.9999893247931678,cargo,0.9999999158642261,0.0,0.0,0.0,0.0,0.0,1.0675206832132371e-05,0.0,0.9999893247931678,0.0,0.002430555555555555,0.0,0.0,0.002430555555555555,Transit,Cargo
750100213,REEFER_GUL_01,LR,transit,0.9999893247931678,cargo,0.9999999158642261,0.0,0.0,0.0,0.0,0.0,1.0675206832132371e-05,0.0,0.9999893247931678,0.0,0.002430555555555555,0.0,0.0,0.002430555555555555,Transit,Cargo
750100213,REEFER_GUL_01,LR,transit,0.9999893247931678,cargo,0.9999999158642261,0.0,0.0,0.0,0.0,0.0,1.0675206832132371e-05,0.0,0.9999893247931678,0.0,0.002430555555555555,0.0,0.0,0.002430555555555555,Transit,Cargo
750100213,REEFER_GUL_01,LR,transit,0.9999893247931678,cargo,0.9999999158642265,0.0,0.0,0.0,0.0,0.0,1.0675206832132371e-05,0.0,0.9999893247931678,0.0,0.002430555555555555,0.0,0.0,0.002430555555555555,Transit,Cargo
750100213,REEFER_GUL_01,LR,transit,0.9999893247931678,cargo,0.9999999158642265,0.0,0.0,0.0,0.0,0.0,1.0675206832132371e-05,0.0,0.9999893247931678,0.0,0.002430555555555555,0.0,0.0,0.002430555555555555,Transit,Cargo
750100213,REEFER_GUL_01,LR,transit,0.9999893247931678,cargo,0.9999999158642265,0.0,0.0,0.0,0.0,0.0,1.0675206832132371e-05,0.0,0.9999893247931678,0.0,0.002430555555555555,0.0,0.0,0.002430555555555555,Transit,Cargo
750100313,REEFER_GUL_01,LR,transit,0.9999893247931678,cargo,0.999999915863941,0.0,0.0,0.0,0.0,0.0,1.0675206832132371e-05,0.0,0.9999893247931678,0.0,0.002430555555555555,0.0,0.0,0.002430555555555555,Transit,Cargo
750100313,REEFER_GUL_01,LR,transit,0.9999893247931678,cargo,0.999999915863941,0.0,0.0,0.0,0.0,0.0,1.0675206832132371e-05,0.0,0.9999893247931678,0.0,0.002430555555555555,0.0,0.0,0.002430555555555555,Transit,Cargo
750100313,REEFER_GUL_01,LR,transit,0.9999893247931678,cargo,0.960973917325966,0.0,0.0,0.0,0.0,0.0,1.0675206832132371e-05,0.0,0.9999893247931678,0.0,0.002430555555555555,0.0,0.0,0.002430555555555555,Transit,Cargo
750100313,REEFER_GUL_01,LR,transit,0.9999893247931678,cargo,0.9999980800852185,0.0,0.0,0.0,0.0,0.0,1.0675206832132371e-05,0.0,0.9999893247931678,0.0,0.002430555555555555,0.0,0.0,0.002430555555555555,Transit,Cargo
750100313,REEFER_GUL_01,LR,transit,0.9999893247931678,cargo,0.999999915863941,0.0,0.0,0.0,0.0,0.0,1.0675206832132371e-05,0.0,0.9999893247931678,0.0,0.002430555555555555,0.0,0.0,0.002430555555555555,Transit,Cargo
750100313,REEFER_GUL_01,LR,transit,0.9999893247931678,cargo,0.999999915863941,0.0,0.0,0.0,0.0,0.0,1.0675206832132371e-05,0.0,0.9999893247931678,0.0,0.002430555555555555,0.0,0.0,0.002430555555555555,Transit,Cargo
750100313,REEFER_GUL_01,LR,transit,0.9018888888888891,cargo,0.9999999159986641,0.023611111111111114,0.0,0.0,0.026166666666666664,0.0015,0.0011111111111111111,0.028777777777777777,0.9018888888888891,0.016944444444444446,0.002430555555555555,0.0,0.0,0.002430555555555555,Transit,Cargo
750100313,REEFER_GUL_01,LR,transshipment,0.6070198412698413,cargo,0.9999999354791181,0.0047777777777777775,0.0,0.003444444444444444,0.0413968253968254,0.20428968253968252,0.008507936507936508,0.0033333333333333335,0.12723015873015875,0.6070198412698413,0.002430555555555555,0.0,0.0,0.002430555555555555,Transshipment at Sea,Cargo
750100313,REEFER_GUL_01,LR,transshipment,0.6922777777777777,cargo,0.9999953492682778,0.022,0.0,0.02811111111111111,0.020555555555555556,0.2176269841269841,0.0,0.0022222222222222222,0.017206349206349208,0.6922777777777777,0.002430555555555555,0.0,0.0,0.002430555555555555,Transshipment at Sea,Cargo
750100313,REEFER_GUL_01,LR,transshipment,0.6425595238095239,cargo,0.9999916813643926,0.02238888888888889,0.0,0.04844444444444444,0.016666666666666666,0.23945634920634926,0.0,0.002888888888888889,0.027595238095238096,0.6425595238095239,0.002430555555555555,0.0,0.0,0.002430555555555555,Transshipment at Sea,Cargo
750100313,REEFER_GUL_01,LR,transit,0.6339973544973547,cargo,0.9999589185222305,0.014499999999999999,0.0013333333333333335,0.005,0.013277777777777777,0.13097883597883597,0.0016666666666666668,0.018666666666666665,0.6339973544973547,0.1805793650793651,0.002430555555555555,0.0,0.0,0.002430555555555555,Transit,Cargo
750100313,REEFER_GUL_01,LR,transit,0.9939893247931678,cargo,0.9603440719512494,0.0033333333333333335,0.0,0.0,0.0,0.0,1.0675206832132371e-05,0.002666666666666667,0.9939893247931678,0.0,0.002430555555555555,0.0,0.0,0.002430555555555555,Transit,Cargo
750100313,REEFER_GUL_01,LR,transit,0.9999893247931678,cargo,0.999999915863941,0.0,0.0,0.0,0.0,0.0,1.0675206832132371e-05,0.0,0.9999893247931678,0.0,0.002430555555555555,0.0,0.0,0.002430555555555555,Transit,Cargo
750100313,REEFER_GUL_01,LR,transit,0.9999893247931678,cargo,0.999999915863941,0.0,0.0,0.0,0.0,0.0,1.0675206832132371e-05,0.0,0.9999893247931678,0.0,0.002430555555555555,0.0,0.0,0.002430555555555555,Transit,Cargo
750100313,REEFER_GUL_01,LR,transit,0.9999893247931678,cargo,0.999999915863941,0.0,0.0,0.0,0.0,0.0,1.0675206832132371e-05,0.0,0.9999893247931678,0.0,0.002430555555555555,0.0,0.0,0.002430555555555555,Transit,Cargo
750100313,REEFER_GUL_01,LR,transit,0.9999893247931678,cargo,0.999999915863941,0.0,0.0,0.0,0.0,0.0,1.0675206832132371e-05,0.0,0.9999893247931678,0.0,0.002430555555555555,0.0,0.0,0.002430555555555555,Transit,Cargo
750100313,REEFER_GUL_01,LR,transit,0.9999893247931678,cargo,0.999999915863941,0.0,0.0,0.0,0.0,0.0,1.0675206832132371e-05,0.0,0.9999893247931678,0.0,0.002430555555555555,0.0,0.0,0.002430555555555555,Transit,Cargo
750100313,REEFER_GUL_01,LR,transit,0.9999893247931678,cargo,0.9999985067711741,0.0,0.0,0.0,0.0,0.0,1.0675206832132371e-05,0.0,0.9999893247931678,0.0,0.002430555555555555,0.0,0.0,0.002430555555555555,Transit,Cargo
750100313,REEFER_GUL_01,LR,transit,0.9999893247931678,cargo,0.9999995991804463,0.0,0.0,0.0,0.0,0.0,1.0675206832132371e-05,0.0,0.9999893247931678,0.0,0.002430555555555555,0.0,0.0,0.002430555555555555,Transit,Cargo
760000113,CARGO_GUL_BNKR,JP,transit,0.9938782136820569,cargo,0.9999999985289536,0.0061111111111111106,0.0,0.0,0.0,0.0,1.0675206832132371e-05,0.0,0.9938782136820569,0.0,0.002430555555555555,0.0,0.0,0.002430555555555555,Transit,Cargo
760000113,CARGO_GUL_BNKR,JP,transit,0.9963782136820568,cargo,0.9999999985289569,0.003611111111111111,0.0,0.0,0.0,0.0,1.0675206832132371e-05,0.0,0.9963782136820568,0.0,0.002430555555555555,0.0,0.0,0.002430555555555555,Transit,Cargo
760000113,CARGO_GUL_BNKR,JP,transit,0.9974893247931679,cargo,0.9999999985289536,0.0025,0.0,0.0,0.0,0.0,1.0675206832132371e-05,0.0,0.9974893247931679,0.0,0.002430555555555555,0.0,0.0,0.002430555555555555,Transit,Cargo
760000113,CARGO_GUL_BNKR,JP,transit,0.9690448803487235,cargo,0.9999999985289536,0.030944444444444445,0.0,0.0,0.0,0.0,1.0675206832132371e-05,0.0,0.9690448803487235,0.0,0.002430555555555555,0.0,0.0,0.002430555555555555,Transit,Cargo
760000113,CARGO_GUL_BNKR,JP,anchored,0.4288730158730158,cargo,0.9999999985411108,0.4288730158730158,0.0011111111111111111,0.0,0.031003968253968252,0.017206349206349208,0.0,0.11734920634920634,0.39667857142857144,0.007777777777777777,0.002430555555555555,0.0,0.0,0.002430555555555555,Anchored/Moored,Cargo
760000113,CARGO_GUL_BNKR,JP,anchored,0.8713888888888888,cargo,0.9999997569160626,0.8713888888888888,0.03227777777777778,0.009166666666666667,0.0025,0.004666666666666666,0.0,0.043611111111111114,0.03638888888888889,0.0,0.002430555555555555,0.0,0.0,0.002430555555555555,Anchored/Moored,Cargo
760000113,CARGO_GUL_BNKR,JP,bunkering,0.4990052910052913,cargo,0.9999997177222222,0.18663492063492065,0.4990052910052913,0.015500000000000002,0.0027777777777777775,0.006333333333333332,0.0,0.27941534391534384,0.010333333333333333,0.0,0.002430555555555555,0.0,0.0,0.002430555555555555,Bunkering,Cargo
760000113,CARGO_GUL_BNKR,JP,bunkering,0.5076124338624339,cargo,0.9999996325131173,0.2562222222222223,0.5076124338624339,0.012638888888888887,0.0013333333333333335,0.010111111111111112,0.0,0.20063756613756617,0.011444444444444445,0.0,0.002430555555555555,0.0,0.0,0.002430555555555555,Bunkering,Cargo
760000113,CARGO_GUL_BNKR,JP,transit,0.6756746031746032,cargo,0.9999999525714502,0.08526984126984126,0.011555555555555557,0.0027777777777777775,0.0038888888888888883,0.05032539682539683,0.0,0.1612222222222222,0.6756746031746032,0.009285714285714286,0.002430555555555555,0.0,0.0,0.002430555555555555,Transit,Cargo
760000113,CARGO_GUL_BNKR,JP,transit,0.9775555555555555,cargo,0.9999999985363022,0.013333333333333334,0.0,0.0,0.004666666666666666,0.0,0.0,0.0044444444444444444,0.9775555555555555,0.0,0.002430555555555555,0.0,0.0,0.002430555555555555,Transit,Cargo
760000113,CARGO_GUL_BNKR,JP,transit,0.9999893247931678,cargo,0.9999999985289569,0.0,0.0,0.0,0.0,0.0,1.0675206832132371e-05,0.0,0.9999893247931678,0.0,0.002430555555555555,0.0,0.0,0.002430555555555555,Transit,Cargo
760000113,CARGO_GUL_BNKR,JP,transit,0.9991559914598346,cargo,0.9999999985289569,0.0,0.0,0.0,0.0008333333333333334,0.0,1.0675206832132371e-05,0.0,0.9991559914598346,0.0,0.002430555555555555,0.0,0.0,0.002430555555555555,Transit,Cargo
760000113,CARGO_GUL_BNKR,JP,transit,0.9991559914598346,cargo,0.9999999985289569,0.0,0.0,0.0,0.0008333333333333334,0.0,1.0675206832132371e-05,0.0,0.9991559914598346,0.0,0.002430555555555555,0.0,0.0,0.002430555555555555,Transit,Cargo
760000113,CARGO_GUL_BNKR,JP,transit,0.9999893247931678,cargo,0.9999999985289536,0.0,0.0,0.0,0.0,0.0,1.0675206832132371e-05,0.0,0.9999893247931678,0.0,0.002430555555555555,0.0,0.0,0.002430555555555555,Transit,Cargo
760000113,CARGO_GUL_BNKR,JP,transit,0.9999893247931678,cargo,0.9999999985289536,0.0,0.0,0.0,0.0,0.0,1.0675206832132371e-05,0.0,0.9999893247931678,0.0,0.002430555555555555,0.0,0.0,0.002430555555555555,Transit,Cargo
760000213,CARGO_GUL_BNKR,JP,transit,0.9958226581265012,cargo,0.9999999954499581,0.004166666666666667,0.0,0.0,0.0,0.0,1.0675206832132371e-05,0.0,0.9958226581265012,0.0,0.002430555555555555,0.0,0.0,0.002430555555555555,Transit,Cargo
760000213,CARGO_GUL_BNKR,JP,transit,0.9841559914598346,cargo,0.999999995543918,0.0025,0.0,0.0,0.008333333333333333,0.005,1.0675206832132371e-05,0.0,0.9841559914598346,0.0,0.002430555555555555,0.0,0.0,0.002430555555555555,Transit,Cargo
760000213,CARGO_GUL_BNKR,JP,transit,0.9991559914598346,cargo,0.9999999954499581,0.0008333333333333334,0.0,0.0,0.0,0.0,1.0675206832132371e-05,0.0,0.9991559914598346,0.0,0.002430555555555555,0.0,0.0,0.002430555555555555,Transit,Cargo
760000213,CARGO_GUL_BNKR,JP,transit,0.9707115470153902,cargo,0.9999999954499581,0.029277777777777778,0.0,0.0,0.0,0.0,1.0675206832132371e-05,0.0,0.9707115470153902,0.0,0.002430555555555555,0.0,0.0,0.002430555555555555,Transit,Cargo
760000213,CARGO_GUL_BNKR,JP,transit,0.5389206349206349,cargo,0.9999999954679835,0.3103253968253968,0.0,0.0,0.023642857142857146,0.01376190476190476,0.0,0.10612698412698413,0.5389206349206349,0.007222222222222222,0.002430555555555555,0.0,0.0,0.002430555555555555,Transit,Cargo
760000213,CARGO_GUL_BNKR,JP,anchored,0.6002222222222222,cargo,0.8973427955156323,0.6002222222222222,0.05218253968253969,0.006666666666666667,0.009563492063492062,0.003833333333333333,0.0,0.13575396825396827,0.1901111111111111,0.0016666666666666668,0.002430555555555555,0.0,0.0,0.002430555555555555,Anchored/Moored,Cargo
760000213,CARGO_GUL_BNKR,JP,sts,0.5339510582010583,cargo,0.9836557527983604,0.19113888888888889,0.14892592592592593,0.06541666666666666,0.0061111111111111106,0.020555555555555553,0.0,0.5339510582010583,0.02390079365079365,0.01,0.002430555555555555,0.0,0.5,0.5,STS Transfer,Cargo
760000213,CARGO_GUL_BNKR,JP,sts,0.3806732804232804,cargo,0.9850068148950148,0.35469444444444437,0.17256481481481478,0.05083333333333333,0.0011111111111111111,0.0175,0.0,0.3806732804232804,0.01928968253968254,0.0033333333333333335,0.002430555555555555,0.0,0.5,0.5,STS Transfer,Cargo
760000213,CARGO_GUL_BNKR,JP,transit,0.584373015873016,cargo,0.9990286220419314,0.1287777777777778,0.020722222222222222,0.009444444444444445,0.004722222222222221,0.03594444444444445,0.0,0.21157142857142855,0.584373015873016,0.0044444444444444444,0.002430555555555555,0.0,0.0,0.002430555555555555,Transit,Cargo
760000213,CARGO_GUL_BNKR,JP,transit,0.9747539682539682,cargo,0.9999999954676928,0.014150793650793652,0.0,0.0,0.004428571428571428,0.0,0.0,0.006666666666666667,0.9747539682539682,0.0,0.002430555555555555,0.0,0.0,0.002430555555555555,Transit,Cargo
760000213,CARGO_GUL_BNKR,JP,transit,0.9974893247931679,cargo,0.9999999954499581,0.0025,0.0,0.0,0.0,0.0,1.0675206832132371e-05,0.0,0.9974893247931679,0.0,0.002430555555555555,0.0,0.0,0.002430555555555555,Transit,Cargo
760000213,CARGO_GUL_BNKR,JP,transit,0.9991559914598346,cargo,0.9999999954499581,0.0008333333333333334,0.0,0.0,0.0,0.0,1.0675206832132371e-05,0.0,0.9991559914598346,0.0,0.002430555555555555,0.0,0.0,0.002430555555555555,Transit,Cargo
760000213,CARGO_GUL_BNKR,JP,transit,0.9978226581265013,cargo,0.9999999954499581,0.0021666666666666666,0.0,0.0,0.0,0.0,1.0675206832132371e-05,0.0,0.9978226581265013,0.0,0.002430555555555555,0.0,0.0,0.002430555555555555,Transit,Cargo
760000213,CARGO_GUL_BNKR,JP,transit,0.9991559914598346,cargo,0.9999999954499581,0.0008333333333333334,0.0,0.0,0.0,0.0,1.0675206832132371e-05,0.0,0.9991559914598346,0.0,0.002430555555555555,0.0,0.0,0.002430555555555555,Transit,Cargo
760000213,CARGO_GUL_BNKR,JP,transit,0.9927671025709456,cargo,0.9999999954499581,0.007222222222222222,0.0,0.0,0.0,0.0,1.0675206832132371e-05,0.0,0.9927671025709456,0.0,0.002430555555555555,0.0,0.0,0.002430555555555555,Transit,Cargo
760000313,CARGO_GUL_BNKR,CN,transit,0.9999893247931678,tanker,0.9999999039667985,0.0,0.0,0.0,0.0,0.0,1.0675206832132371e-05,0.0,0.9999893247931678,0.0,0.002430555555555555,0.0,0.0,0.002430555555555555,Transit,Tanker
760000313,CARGO_GUL_BNKR,CN,transit,0.9999893247931678,tanker,0.8313726447269297,0.0,0.0,0.0,0.0,0.0,1.0675206832132371e-05,0.0,0.9999893247931678,0.0,0.002430555555555555,0.0,0.0,0.002430555555555555,Transit,Tanker
760000313,CARGO_GUL_BNKR,CN,transit,0.9988782136820569,tanker,0.8313726447269297,0.0011111111111111111,0.0,0.0,0.0,0.0,1.0675206832132371e-05,0.0,0.9988782136820569,0.0,0.002430555555555555,0.0,0.0,0.002430555555555555,Transit,Tanker
760000313,CARGO_GUL_BNKR,CN,transit,0.9754337692376123,tanker,0.8313726447269297,0.024555555555555553,0.0,0.0,0.0,0.0,1.0675206832132371e-05,0.0,0.9754337692376123,0.0,0.002430555555555555,0.0,0.0,0.002430555555555555,Transit,Tanker
760000313,CARGO_GUL_BNKR,CN,transit,0.4253690476190476,tanker,0.8332396846743144,0.40903968253968254,0.005833333333333334,0.006666666666666667,0.03267063492063491,0.01746031746031746,0.0,0.09684920634920635,0.4253690476190476,0.0061111111111111106,0.002430555555555555,0.0,0.0,0.002430555555555555,Transit,Tanker
760000313,CARGO_GUL_BNKR,CN,anchored,0.5702777777777778,tanker,0.9999999462530145,0.5702777777777778,0.07507142857142858,0.013,0.01484126984126984,0.0095,0.0,0.19086507936507938,0.11588888888888889,0.010555555555555556,0.002430555555555555,0.0,0.0,0.002430555555555555,Anchored/Moored,Tanker
760000313,CARGO_GUL_BNKR,CN,sts,0.5741732804232804,tanker,0.9999995460793629,0.16149999999999998,0.13620370370370372,0.056666666666666664,0.007777777777777777,0.03188888888888889,0.0,0.5741732804232804,0.019845238095238093,0.011944444444444445,0.002430555555555555,0.0,0.5,0.5,STS Transfer,Tanker
760000313,CARGO_GUL_BNKR,CN,anchored,0.45849999999999996,tanker,0.999999752799996,0.45849999999999996,0.28916798941798944,0.023194444444444445,0.0013333333333333335,0.020722222222222222,0.0,0.19443121693121695,0.010984126984126983,0.0016666666666666668,0.002430555555555555,0.0,0.0,0.002430555555555555,Anchored/Moored,Tanker
760000313,CARGO_GUL_BNKR,CN,transit,0.4247063492063492,tanker,0.9999993457841491,0.2944444444444444,0.056499999999999995,0.018888888888888886,0.015833333333333335,0.020111111111111114,0.0,0.16062698412698412,0.4247063492063492,0.008888888888888889,0.002430555555555555,0.0,0.0,0.002430555555555555,Transit,Tanker
760000313,CARGO_GUL_BNKR,CN,transit,0.7973015873015874,tanker,0.832467622756903,0.05411111111111112,0.0038888888888888883,0.0027777777777777775,0.016611111111111115,0.008015873015873016,0.0,0.1122936507936508,0.7973015873015874,0.005,0.002430555555555555,0.0,0.0,0.002430555555555555,Transit,Tanker
760000313,CARGO_GUL_BNKR,CN,transit,0.9966559914598345,tanker,0.8313726447269297,0.0033333333333333335,0.0,0.0,0.0,0.0,1.0675206832132371e-05,0.0,0.9966559914598345,0.0,0.002430555555555555,0.0,0.005003764295179075,0.005003764295179075,Transit,Tanker
760000313,CARGO_GUL_BNKR,CN,transit,0.9999893247931678,tanker,0.8313726447269297,0.0,0.0,0.0,0.0,0.0,1.0675206832132371e-05,0.0,0.9999893247931678,0.0,0.002430555555555555,0.0,0.012054624006217075,0.012054624006217075,Transit,Tanker
760000313,CARGO_GUL_BNKR,CN,transit,0.9999893247931678,tanker,0.8313726447269297,0.0,0.0,0.0,0.0,0.0,1.0675206832132371e-05,0.0,0.9999893247931678,0.0,0.002430555555555555,0.0,0.019595310208573666,0.019595310208573666,Transit,Tanker
760000313,CARGO_GUL_BNKR,CN,transit,0.9999893247931678,tanker,0.8313726447269297,0.0,0.0,0.0,0.0,0.0,1.0675206832132371e-05,0.0,0.9999893247931678,0.0,0.002430555555555555,0.0,0.026782399380640087,0.026782399380640087,Transit,Tanker
760000313,CARGO_GUL_BNKR,CN,transit,0.9999893247931678,tanker,0.8313726447269297,0.0,0.0,0.0,0.0,0.0,1.0675206832132371e-05,0.0,0.9999893247931678,0.0,0.002430555555555555,0.0,0.03343515946160814,0.03343515946160814,Transit,Tanker
760100113,BARGE_GUL_01,BR,transit,0.9468333333333332,longliner,0.9999999756692267,0.006333333333333333,0.017555555555555557,0.0011111111111111111,0.008166666666666668,0.0,0.0,0.018333333333333333,0.9468333333333332,0.0016666666666666668,0.002430555555555555,0.0,0.0,0.002430555555555555,Transit,Fishing - Longliner
760100113,BARGE_GUL_01,BR,transit,0.944,longliner,0.9999999736355905,0.0025,0.015555555555555553,0.0011111111111111111,0.006944444444444443,0.0,0.0,0.02988888888888889,0.944,0.0,0.002430555555555555,0.0,0.0,0.002430555555555555,Transit,Fishing - Longliner
760100113,BARGE_GUL_01,BR,transit,0.5615198412698412,longliner,0.9999999738124035,0.035666666666666666,0.29188888888888886,0.012361111111111111,0.031563492063492064,0.0060555555555555545,0.0,0.05516666666666667,0.5615198412698412,0.005777777777777778,0.002430555555555555,0.0,0.0,0.002430555555555555,Transit,Fishing - Longliner
760100113,BARGE_GUL_01,BR,bunkering,0.45919708994708996,longliner,0.9999999732307219,0.0726111111111111,0.45919708994708996,0.15910714285714284,0.04331216931216931,0.027976190476190474,0.0,0.08500396825396826,0.1458478835978836,0.006944444444444443,0.002430555555555555,0.0,0.0,0.002430555555555555,Bunkering,Fishing - Longliner
760100113,BARGE_GUL_01,BR,transit,0.45045502645502655,longliner,0.9999999758518582,0.054444444444444455,0.33153439153439157,0.028361111111111115,0.04681216931216931,0.009805555555555555,0.0,0.06947619047619048,0.45045502645502655,0.009111111111111111,0.002430555555555555,0.0,0.0,0.002430555555555555,Transit,Fishing - Longliner
760100113,BARGE_GUL_01,BR,transit,0.9227777777777777,longliner,0.9999999736355905,0.0065,0.016666666666666666,0.0011111111111111111,0.02972222222222222,0.0033333333333333335,0.0,0.016555555555555556,0.9227777777777777,0.0033333333333333335,0.002430555555555555,0.0,0.0,0.002430555555555555,Transit,Fishing - Longliner
760100213,BARGE_GUL_01,NG,transit,0.948722222222222,longliner,0.9999999935289072,0.0,0.01922222222222222,0.0,0.005666666666666666,0.0,0.0,0.0225,0.948722222222222,0.0038888888888888883,0.002430555555555555,0.0,0.0,0.002430555555555555,Transit,Fishing - Longliner
760100213,BARGE_GUL_01,NG,transit,0.9545555555555556,longliner,0.9999999933507016,0.0075,0.019166666666666665,0.0,0.0027777777777777775,0.0,0.0,0.016,0.9545555555555556,0.0,0.002430555555555555,0.0,0.0,0.002430555555555555,Transit,Fishing - Longliner
760100213,BARGE_GUL_01,NG,bunkering,0.5100383597883599,longliner,0.9999999913247005,0.03172222222222223,0.5100383597883599,0.017083333333333332,0.01824074074074074,0.0044444444444444444,0.0,0.03172222222222222,0.38319312169312186,0.0035555555555555553,0.002430555555555555,0.0,0.0,0.002430555555555555,Bunkering,Fishing - Longliner
760100213,BARGE_GUL_01,NG,bunkering,0.6185564757303885,longliner,0.9999999888705721,0.06916666666666667,0.6185564757303885,0.09570410628019324,0.030944444444444445,0.007962962962962963,0.0,0.07115343915343915,0.10262301587301584,0.0038888888888888883,0.002430555555555555,0.0,0.0,0.002430555555555555,Bunkering,Fishing - Longliner
760100213,BARGE_GUL_01,NG,transit,0.4751534391534391,longliner,0.9999999908538205,0.03283333333333334,0.33525264550264555,0.054805555555555566,0.02603439153439153,0.007777777777777777,0.0,0.057365079365079376,0.4751534391534391,0.010777777777777777,0.002430555555555555,0.0,0.0,0.002430555555555555,Transit,Fishing - Longliner
760100213,BARGE_GUL_01,NG,transit,0.8393888888888889,longliner,0.9999999884045537,0.03838888888888889,0.07894444444444443,0.026333333333333334,0.0016666666666666668,0.0,0.0,0.015277777777777777,0.8393888888888889,0.0,0.002430555555555555,0.0,0.0,0.002430555555555555,Transit,Fishing - Longliner
760100313,BARGE_GUL_01,SG,transit,0.9602222222222222,longliner,0.99975878724419,0.0061111111111111106,0.0047777777777777775,0.0027777777777777775,0.0033333333333333335,0.0016666666666666668,0.0,0.017222222222222222,0.9602222222222222,0.0038888888888888883,0.002430555555555555,0.0,0.0,0.002430555555555555,Transit,Fishing - Longliner
760100313,BARGE_GUL_01,SG,transit,0.9322777777777778,longliner,0.9997735359841489,0.015,0.03144444444444445,0.0061111111111111106,0.004722222222222222,0.0,0.0,0.010444444444444444,0.9322777777777778,0.0,0.002430555555555555,0.0,0.0,0.002430555555555555,Transit,Fishing - Longliner
760100313,BARGE_GUL_01,SG,bunkering,0.48663359788359806,longliner,0.9997780182312699,0.0788888888888889,0.48663359788359806,0.04880555555555557,0.02624074074074074,0.007694444444444446,0.0,0.03625,0.30970899470899493,0.005777777777777778,0.002430555555555555,0.0,0.0,0.002430555555555555,Bunkering,Fishing - Longliner
760100313,BARGE_GUL_01,SG,bunkering,0.5634695767195768,longliner,0.9998367713980126,0.05977777777777778,0.5634695767195768,0.1080515873015873,0.03152645502645502,0.02177248677248677,0.0,0.06452248677248676,0.14393518518518522,0.006944444444444443,0.002430555555555555,0.0,0.0,0.002430555555555555,Bunkering,Fishing - Longliner
760100313,BARGE_GUL_01,SG,transit,0.5225264550264549,longliner,0.9997780195793289,0.028944444444444446,0.3385462962962963,0.01736111111111111,0.030462962962962966,0.013174603174603174,0.0,0.039317460317460314,0.5225264550264549,0.009666666666666667,0.002430555555555555,0.0,0.0,0.002430555555555555,Transit,Fishing - Longliner
760100313,BARGE_GUL_01,SG,transit,0.9138333333333333,longliner,0.9997469689935163,0.006666666666666666,0.048666666666666664,0.006666666666666667,0.00611111111111111,0.0022222222222222222,0.0,0.014166666666666666,0.9138333333333333,0.0016666666666666668,0.002430555555555555,0.0,0.0,0.002430555555555555,Transit,Fishing - Longliner
770000113,SURVEY_GUL_00,US,transit,0.5524365079365079,longliner,0.9999995533168738,0.01663888888888889,0.0,0.021666666666666667,0.0963888888888889,0.15317460317460316,0.06861111111111112,0.049166666666666664,0.5524365079365079,0.041916666666666665,0.002430555555555555,0.0,0.0,0.002430555555555555,Transit,Fishing - Longliner
770000113,SURVEY_GUL_00,US,transit,0.37208730158730163,longliner,0.9999994619916378,0.034388888888888886,0.02469047619047619,0.049444444444444444,0.13883333333333334,0.25694841269841273,0.02176984126984127,0.030277777777777775,0.37208730158730163,0.07155952380952381,0.002430555555555555,0.0,0.0,0.002430555555555555,Transit,Fishing - Longliner
770000113,SURVEY_GUL_00,US,transit,0.22274999999999998,longliner,0.9999994863338119,0.17777777777777776,0.17113888888888892,0.1952222222222222,0.04274691358024691,0.02413183421516755,0.0,0.1553672839506173,0.22274999999999998,0.010865079365079366,0.002430555555555555,0.0,0.0,0.002430555555555555,Transit,Fishing - Longliner
770000113,SURVEY_GUL_00,US,loiter,0.32182936507936516,longliner,0.9999993313893992,0.03672222222222222,0.025055555555555557,0.08777777777777777,0.21811111111111112,0.32182936507936516,0.0325,0.020694444444444442,0.17777777777777776,0.07953174603174602,0.002430555555555555,0.0,0.0,0.002430555555555555,Loitering,Fishing - Longliner
770000113,SURVEY_GUL_00,US,loiter,0.2641428571428572,longliner,0.9999993307554715,0.04994444444444445,0.05513492063492064,0.10444444444444445,0.13466666666666668,0.2641428571428572,0.014277777777777778,0.07694444444444444,0.21424603174603174,0.08619841269841269,0.002430555555555555,0.0,0.0,0.002430555555555555,Loitering,Fishing - Longliner
770000113,SURVEY_GUL_00,US,dredging,0.21194444444444446,longliner,0.9999994859001607,0.19366666666666665,0.1540277777777778,0.21194444444444446,0.048108024691358026,0.01857627865961199,0.0,0.1781172839506173,0.17969444444444443,0.015865079365079363,0.002430555555555555,0.0,0.0,0.002430555555555555,Dredging,Fishing - Longliner
770000113,SURVEY_GUL_00,US,loiter,0.3058293650793652,longliner,0.9999993313893992,0.03838888888888889,0.028388888888888887,0.09444444444444444,0.22033333333333333,0.3058293650793652,0.029166666666666667,0.026805555555555555,0.17222222222222222,0.08442063492063492,0.002430555555555555,0.0,0.0,0.002430555555555555,Loitering,Fishing - Longliner
770000113,SURVEY_GUL_00,US,loiter,0.3215793650793652,longliner,0.9999993309502699,0.04005555555555555,0.028388888888888887,0.0786111111111111,0.2192222222222222,0.3215793650793652,0.02361111111111111,0.025555555555555554,0.17305555555555555,0.08992063492063491,0.002430555555555555,0.0,0.0,0.002430555555555555,Loitering,Fishing - Longliner
770000113,SURVEY_GUL_00,US,dredging,0.2,longliner,0.9999994797071206,0.19644444444444442,0.16489814814814813,0.2,0.046441358024691355,0.01857627865961199,0.0,0.18808024691358027,0.16969444444444443,0.015865079365079363,0.002430555555555555,0.0,0.0,0.002430555555555555,Dredging,Fishing - Longliner
770000113,SURVEY_GUL_00,US,loiter,0.3041904761904763,longliner,0.9999993307555959,0.03688888888888889,0.028388888888888887,0.09944444444444445,0.21672222222222223,0.3041904761904763,0.030944444444444445,0.023333333333333334,0.1661111111111111,0.09397619047619048,0.002430555555555555,0.0,0.0,0.002430555555555555,Loitering,Fishing - Longliner
770000113,SURVEY_GUL_00,US,loiter,0.2886349206349207,longliner,0.999999330755472,0.04133333333333333,0.024499999999999997,0.0961111111111111,0.21605555555555556,0.2886349206349207,0.019833333333333335,0.027777777777777773,0.1681666666666667,0.11758730158730162,0.002430555555555555,0.0,0.0,0.002430555555555555,Loitering,Fishing - Longliner
770000113,SURVEY_GUL_00,US,dredging,0.20605555555555555,longliner,0.9999994859001607,0.19355555555555554,0.1530277777777778,0.20605555555555555,0.04894135802469136,0.01857627865961199,0.0,0.1778950617283951,0.18608333333333332,0.015865079365079363,0.002430555555555555,0.0,0.0,0.002430555555555555,Dredging,Fishing - Longliner
770000113,SURVEY_GUL_00,US,loiter,0.29749603174603184,longliner,0.9999993313892753,0.03938888888888889,0.025055555555555557,0.09444444444444444,0.21450000000000002,0.29749603174603184,0.024277777777777777,0.022916666666666665,0.19055555555555553,0.09136507936507936,0.002430555555555555,0.0,0.0,0.002430555555555555,Loitering,Fishing - Longliner
770000113,SURVEY_GUL_00,US,loiter,0.3260238095238096,longliner,0.9999993309502699,0.03755555555555555,0.02588888888888889,0.08277777777777777,0.22255555555555556,0.3260238095238096,0.0225,0.024444444444444442,0.1663888888888889,0.09186507936507937,0.002430555555555555,0.0,0.0,0.002430555555555555,Loitering,Fishing - Longliner
770000113,SURVEY_GUL_00,US,dredging,0.21105555555555555,longliner,0.9999994859001607,0.1918888888888889,0.1530277777777778,0.21105555555555555,0.04894135802469136,0.01857627865961199,0.0,0.17678395061728397,0.18386111111111111,0.015865079365079363,0.002430555555555555,0.0,0.0,0.002430555555555555,Dredging,Fishing - Longliner
770000113,SURVEY_GUL_00,US,transit,0.37799206349206343,longliner,0.9999994696216172,0.013166666666666665,0.007666666666666666,0.20916666666666667,0.08983333333333333,0.1736190476190476,0.034833333333333334,0.030333333333333334,0.37799206349206343,0.06338888888888887,0.002430555555555555,0.0,0.0,0.002430555555555555,Transit,Fishing - Longliner
780000113,PATROL_GUL_00,NG,patrol_sweep,0.7567805164766733,trawler,0.9937992577094757,0.0,0.0,0.0,0.06625396825396826,0.03468253968253968,0.7567805164766733,0.0,0.13676710257094563,0.005515873015873016,0.002430555555555555,0.0,0.0,0.002430555555555555,Patrol / SAR Sweep,Fishing - Trawler
780000113,PATROL_GUL_00,NG,patrol_sweep,0.8177249609211178,trawler,0.9937992577094766,0.0,0.0,0.0,0.03930952380952381,0.025349206349206354,0.8177249609211178,0.0,0.11571154701539006,0.0019047619047619048,0.002430555555555555,0.0,0.0,0.002430555555555555,Patrol / SAR Sweep,Fishing - Trawler
780000113,PATROL_GUL_00,NG,patrol_sweep,0.7963836910798481,trawler,0.9936015103959577,0.0,0.0,0.0,0.061944444444444455,0.020710317460317464,0.7963836910798481,0.0,0.11197345177729484,0.00898809523809524,0.002430555555555555,0.0,0.0,0.002430555555555555,Patrol / SAR Sweep,Fishing - Trawler
780000113,PATROL_GUL_00,NG,patrol_sweep,0.712383691079848,trawler,0.993601510395957,0.0,0.0,0.0,0.09205555555555556,0.011738095238095238,0.712383691079848,0.0,0.1769178962217393,0.006904761904761906,0.002430555555555555,0.0,0.0,0.002430555555555555,Patrol / SAR Sweep,Fishing - Trawler
780000114,PATROL_GUL_01,NG,patrol_sweep,0.61894718314334,longliner,0.9999999405840387,0.0,0.0,0.0,0.08159314954051795,0.04001587301587302,0.61894718314334,0.0022222222222222222,0.24726125461772938,0.009960317460317461,0.002430555555555555,0.0,0.0,0.002430555555555555,Patrol / SAR Sweep,Fishing - Longliner
780000114,PATROL_GUL_01,NG,patrol_sweep,0.65144718314334,longliner,0.9999999405840387,0.0,0.0,0.0,0.07253759398496241,0.03234920634920635,0.65144718314334,0.0,0.23731681017328485,0.006349206349206349,0.002430555555555555,0.0,0.0,0.002430555555555555,Patrol / SAR Sweep,Fishing - Longliner
780000114,PATROL_GUL_01,NG,patrol_sweep,0.6118995640957211,longliner,0.9999999405843711,0.0,0.0,0.0,0.11200584795321636,0.02571031746031746,0.6118995640957211,0.0,0.23695173080820553,0.013432539682539683,0.002430555555555555,0.0,0.0,0.002430555555555555,Patrol / SAR Sweep,Fishing - Longliner
780000114,PATROL_GUL_01,NG,patrol_sweep,0.550558294254451,longliner,0.9999999405840387,0.0,0.0,0.0,0.12656140350877193,0.015626984126984125,0.550558294254451,0.0,0.29312633398280863,0.014126984126984127,0.002430555555555555,0.0,0.0,0.002430555555555555,Patrol / SAR Sweep,Fishing - Longliner
790000113,DREDGER_GUL_00,BE,dredging,0.9616168046928918,purse_seiner,0.9772398024228736,0.005277777777777778,0.012212560386473432,0.9616168046928918,0.0038888888888888883,0.0035317460317460317,0.0,0.009722222222222222,0.0020833333333333333,0.0016666666666666668,0.002430555555555555,0.0,0.0,0.002430555555555555,Dredging,Fishing - Purse Seiner
790000113,DREDGER_GUL_00,BE,dredging,0.9672318840579711,purse_seiner,0.9860710257888864,0.008055555555555555,0.003101449275362319,0.9672318840579711,0.0038888888888888883,0.0061111111111111106,0.0,0.0,0.0016666666666666668,0.009944444444444447,0.002430555555555555,0.0,0.0,0.002430555555555555,Dredging,Fishing - Purse Seiner
790000113,DREDGER_GUL_00,BE,dredging,0.9675652173913045,purse_seiner,0.9834839624854846,0.0025,0.003768115942028985,0.9675652173913045,0.0033333333333333335,0.005,0.0,0.0,0.0033333333333333335,0.014499999999999999,0.002430555555555555,0.0,0.0,0.002430555555555555,Dredging,Fishing - Purse Seiner
790000113,DREDGER_GUL_00,BE,dredging,0.9410612491373361,purse_seiner,0.9772398024228736,0.009166666666666667,0.024157004830917872,0.9410612491373361,0.0038888888888888883,0.0035317460317460317,0.0,0.0125,0.004027777777777778,0.0016666666666666668,0.002430555555555555,0.0,0.0,0.002430555555555555,Dredging,Fishing - Purse Seiner
790000113,DREDGER_GUL_00,BE,dredging,0.9656763285024155,purse_seiner,0.9860710257888864,0.004166666666666667,0.0029347826086956524,0.9656763285024155,0.0074444444444444445,0.005,0.0,0.0,0.0033333333333333335,0.011444444444444445,0.002430555555555555,0.0,0.0,0.002430555555555555,Dredging,Fishing - Purse Seiner
790000113,DREDGER_GUL_00,BE,dredging,0.9711763285024153,purse_seiner,0.9834839282437424,0.0008333333333333334,0.002101449275362319,0.9711763285024153,0.0019444444444444442,0.005,0.0,0.0,0.0075,0.011444444444444445,0.002430555555555555,0.0,0.0,0.002430555555555555,Dredging,Fishing - Purse Seiner
790000113,DREDGER_GUL_00,BE,dredging,0.920227915804003,purse_seiner,0.9771727874675246,0.015277777777777777,0.026268115942028984,0.920227915804003,0.005,0.0035317460317460317,0.0,0.020833333333333332,0.007194444444444444,0.0016666666666666668,0.002430555555555555,0.0,0.0,0.002430555555555555,Dredging,Fishing - Purse Seiner
790000113,DREDGER_GUL_00,BE,dredging,0.9575096618357488,purse_seiner,0.9860710257888864,0.0095,0.006434782608695652,0.9575096618357488,0.005222222222222222,0.006666666666666667,0.0,0.0,0.003611111111111111,0.011055555555555556,0.002430555555555555,0.0,0.0,0.002430555555555555,Dredging,Fishing - Purse Seiner
790000113,DREDGER_GUL_00,BE,dredging,0.9363429951690823,purse_seiner,0.9834839282437424,0.0025,0.0029347826086956524,0.9363429951690823,0.010833333333333332,0.019722222222222224,0.0,0.0,0.0025,0.025166666666666667,0.002430555555555555,0.0,0.0,0.002430555555555555,Dredging,Fishing - Purse Seiner
790000113,DREDGER_GUL_00,BE,dredging,0.9377834713595583,purse_seiner,0.9772924090962167,0.012,0.019768115942028985,0.9377834713595583,0.005,0.0035317460317460317,0.0,0.014277777777777778,0.005972222222222222,0.0016666666666666668,0.002430555555555555,0.0,0.0,0.002430555555555555,Dredging,Fishing - Purse Seiner
790000113,DREDGER_GUL_00,BE,dredging,0.9660374396135266,purse_seiner,0.9868829856126782,0.009777777777777778,0.007518115942028985,0.9660374396135266,0.006333333333333333,0.0,0.0,0.0,0.0016666666666666668,0.008666666666666666,0.002430555555555555,0.0,0.0,0.002430555555555555,Dredging,Fishing - Purse Seiner
790000113,DREDGER_GUL_00,BE,dredging,0.9720652173913044,purse_seiner,0.983483969725309,0.0016666666666666668,0.006823671497584541,0.9720652173913044,0.004722222222222221,0.0025,0.0,0.0,0.006944444444444443,0.005277777777777778,0.002430555555555555,0.0,0.0,0.002430555555555555,Dredging,Fishing - Purse Seiner
790000113,DREDGER_GUL_00,BE,dredging,0.9283945824706694,purse_seiner,0.9771498960295734,0.009222222222222222,0.02332367149758454,0.9283945824706694,0.006666666666666667,0.006865079365079365,0.0,0.015388888888888891,0.008472222222222221,0.0016666666666666668,0.002430555555555555,0.0,0.0,0.002430555555555555,Dredging,Fishing - Purse Seiner
790000113,DREDGER_GUL_00,BE,dredging,0.9596207729468599,purse_seiner,0.9860710605913937,0.008666666666666666,0.010601449275362319,0.9596207729468599,0.006333333333333333,0.0033333333333333335,0.0,0.0,0.005277777777777778,0.006166666666666667,0.002430555555555555,0.0,0.0,0.002430555555555555,Dredging,Fishing - Purse Seiner
790000113,DREDGER_GUL_00,BE,dredging,0.9490096618357488,purse_seiner,0.9834839695368227,0.008333333333333333,0.005157004830917873,0.9490096618357488,0.005277777777777778,0.005833333333333334,0.0,0.0033333333333333335,0.011666666666666667,0.011388888888888888,0.002430555555555555,0.0,0.0,0.002430555555555555,Dredging,Fishing - Purse Seiner
790000113,DREDGER_GUL_00,BE,dredging,0.7755096618357488,purse_seiner,0.977239002652172,0.10038888888888889,0.0716292270531401,0.7755096618357488,0.0038888888888888883,0.0,0.0,0.02361111111111111,0.024972222222222222,0.0,0.002430555555555555,0.0,0.0,0.002430555555555555,Dredging,Fishing - Purse Seiner
790000113,DREDGER_GUL_00,BE,dredging,0.9787318840579711,purse_seiner,0.9860710605913937,0.005,0.00043478260869565214,0.9787318840579711,0.009666666666666667,0.0,0.0,0.0,0.0016666666666666668,0.0045000000000000005,0.002430555555555555,0.0,0.0,0.002430555555555555,Dredging,Fishing - Purse Seiner
790000113,DREDGER_GUL_00,BE,dredging,0.9565096618357487,purse_seiner,0.9834839695368227,0.0033333333333333335,0.005157004830917873,0.9565096618357487,0.009722222222222222,0.005833333333333334,0.0,0.0,0.009444444444444443,0.01,0.002430555555555555,0.0,0.0,0.002430555555555555,Dredging,Fishing - Purse Seiner
790000113,DREDGER_GUL_00,BE,dredging,0.9030652173913042,purse_seiner,0.9772398024228736,0.031222222222222224,0.03801811594202899,0.9030652173913042,0.0038888888888888883,0.0016666666666666668,0.0,0.012722222222222222,0.009416666666666667,0.0,0.002430555555555555,0.0,0.0,0.002430555555555555,Dredging,Fishing - Purse Seiner
800000112,LOITER_GUL_00,SL,transit,0.9999893247931678,cargo,0.9999999972362528,0.0,0.0,0.0,0.0,0.0,1.0675206832132371e-05,0.0,0.9999893247931678,0.0,0.002430555555555555,0.3,0.0,0.3,Transit,Cargo
800000112,LOITER_GUL_00,SL,transit,0.9999893247931678,cargo,0.9999999972362528,0.0,0.0,0.0,0.0,0.0,1.0675206832132371e-05,0.0,0.9999893247931678,0.0,0.002430555555555555,0.3,0.0,0.3,Transit,Cargo
800000112,LOITER_GUL_00,SL,transit,0.9999893247931678,cargo,0.9999999972362528,0.0,0.0,0.0,0.0,0.0,1.0675206832132371e-05,0.0,0.9999893247931678,0.0,0.002430555555555555,0.3,0.0,0.3,Transit,Cargo
800000112,LOITER_GUL_00,SL,transit,0.9999893247931678,cargo,0.9999999972362528,0.0,0.0,0.0,0.0,0.0,1.0675206832132371e-05,0.0,0.9999893247931678,0.0,0.002430555555555555,0.3,0.0,0.3,Transit,Cargo
800000112,LOITER_GUL_00,SL,transit,0.9999893247931678,cargo,0.9999999972362528,0.0,0.0,0.0,0.0,0.0,1.0675206832132371e-05,0.0,0.9999893247931678,0.0,0.002430555555555555,0.3,0.0,0.3,Transit,Cargo
800000112,LOITER_GUL_00,SL,transit,0.9999893247931678,cargo,0.9999999972362528,0.0,0.0,0.0,0.0,0.0,1.0675206832132371e-05,0.0,0.9999893247931678,0.0,0.002430555555555555,0.3,0.0,0.3,Transit,Cargo
800000112,LOITER_GUL_00,SL,transit,0.8448460038986355,cargo,0.9999999975699567,0.002261904761904762,0.0,0.0025,0.03736034530771373,0.046142857142857145,0.05188888888888889,0.0,0.8448460038986355,0.015,0.002430555555555555,0.3,0.0,0.3,Transit,Cargo
800000112,LOITER_GUL_00,SL,loiter,0.7209642857142856,cargo,0.999999997572798,0.00861111111111111,0.0,0.0,0.019166666666666665,0.7209642857142856,0.013555555555555555,0.004126984126984127,0.0660079365079365,0.16756746031746036,0.002430555555555555,0.3,0.0,0.3,Loitering,Cargo
800000112,LOITER_GUL_00,SL,loiter,0.7438174603174603,cargo,0.9999999821921789,0.012142857142857144,0.004722222222222221,0.006388888888888888,0.030333333333333334,0.7438174603174603,0.0016666666666666668,0.004,0.03999206349206349,0.15693650793650799,0.002430555555555555,0.3,0.0,0.3,Loitering,Cargo
800000112,LOITER_GUL_00,SL,loiter,0.6568055555555554,cargo,0.9999999852628088,0.12625396825396826,0.01057936507936508,0.006190476190476191,0.012337301587301588,0.6568055555555554,0.0,0.07552380952380952,0.028420634920634923,0.08388888888888887,0.002430555555555555,0.3,0.0,0.3,Loitering,Cargo
800000112,LOITER_GUL_00,SL,loiter,0.9813333333333333,cargo,0.9999999927602694,0.002,0.0,0.0016666666666666668,0.0,0.9813333333333333,0.0,0.0,0.0,0.015,0.002430555555555555,0.3,0.0,0.3,Loitering,Cargo
800000112,LOITER_GUL_00,SL,loiter,0.9593333333333334,cargo,0.9999999883682037,0.0044444444444444444,0.0011111111111111111,0.0,0.0,0.9593333333333334,0.0,0.011111111111111112,0.0,0.024000000000000004,0.002430555555555555,0.3,0.0,0.3,Loitering,Cargo
800000112,LOITER_GUL_00,SL,loiter,0.9893333333333334,cargo,0.9999999905039844,0.004333333333333333,0.0,0.0,0.0,0.9893333333333334,0.0,0.0,0.0,0.006333333333333333,0.002430555555555555,0.3,0.0,0.3,Loitering,Cargo
800000112,LOITER_GUL_00,SL,loiter,1.0,cargo,0.9999999927602694,0.0,0.0,0.0,0.0,1.0,0.0,0.0,0.0,0.0,0.002430555555555555,0.3,0.0,0.3,Loitering,Cargo
800000112,LOITER_GUL_00,SL,loiter,1.0,cargo,0.9999999927602694,0.0,0.0,0.0,0.0,1.0,0.0,0.0,0.0,0.0,0.002430555555555555,0.3,0.0,0.3,Loitering,Cargo
800000112,LOITER_GUL_00,SL,loiter,1.0,cargo,0.9999999927602694,0.0,0.0,0.0,0.0,1.0,0.0,0.0,0.0,0.0,0.002430555555555555,0.3,0.0,0.3,Loitering,Cargo
800000112,LOITER_GUL_00,SL,loiter,0.9370555555555555,cargo,0.9999999810555574,0.0016666666666666668,0.0,0.0,0.012222222222222221,0.9370555555555555,0.0,0.0,0.0027777777777777775,0.04627777777777778,0.002430555555555555,0.3,0.0,0.3,Loitering,Cargo
800000112,LOITER_GUL_00,SL,loiter,0.9555555555555556,cargo,0.9999999810555574,0.0016666666666666668,0.0,0.0,0.015555555555555553,0.9555555555555556,0.0,0.0016666666666666668,0.0033333333333333335,0.02222222222222222,0.002430555555555555,0.3,0.0,0.3,Loitering,Cargo
800000112,LOITER_GUL_00,SL,loiter,0.986388888888889,cargo,0.9999999927602694,0.0,0.002,0.0,0.0,0.986388888888889,0.0,0.0,0.0,0.01161111111111111,0.002430555555555555,0.3,0.0,0.3,Loitering,Cargo
800000112,LOITER_GUL_00,SL,loiter,1.0,cargo,0.9999999905039701,0.0,0.0,0.0,0.0,1.0,0.0,0.0,0.0,0.0,0.002430555555555555,0.3,0.0,0.3,Loitering,Cargo
800000112,LOITER_GUL_00,SL,loiter,1.0,cargo,0.9999999927602694,0.0,0.0,0.0,0.0,1.0,0.0,0.0,0.0,0.0,0.002430555555555555,0.3,0.0,0.3,Loitering,Cargo
800000112,LOITER_GUL_00,SL,loiter,0.9908333333333333,cargo,0.9999999927602694,0.0,0.0,0.0,0.0033333333333333335,0.9908333333333333,0.0,0.0,0.0,0.005833333333333334,0.002430555555555555,0.3,0.0,0.3,Loitering,Cargo
800000112,LOITER_GUL_00,SL,loiter,0.9676666666666667,cargo,0.9999999909702894,0.0022222222222222222,0.0,0.0,0.0065,0.9676666666666667,0.0,0.0,0.0016666666666666668,0.021944444444444444,0.002430555555555555,0.3,0.0,0.3,Loitering,Cargo
800000112,LOITER_GUL_00,SL,loiter,0.9411349206349208,cargo,0.9999999909702914,0.017777777777777778,0.0,0.0,0.0016666666666666668,0.9411349206349208,0.0,0.0,0.0,0.03942063492063492,0.002430555555555555,0.3,0.0,0.3,Loitering,Cargo
800000112,LOITER_GUL_00,SL,loiter,0.9916666666666667,cargo,0.9999999919903367,0.0,0.0,0.0,0.006666666666666667,0.9916666666666667,0.0,0.0,0.0,0.0016666666666666668,0.002430555555555555,0.3,0.0,0.3,Loitering,Cargo
800000112,LOITER_GUL_00,SL,loiter,0.9991666666666666,cargo,0.9999999927602694,0.0,0.0,0.0,0.0,0.9991666666666666,0.0,0.0,0.0,0.0008333333333333334,0.002430555555555555,0.3,0.0,0.3,Loitering,Cargo
800000112,LOITER_GUL_00,SL,loiter,0.9983333333333333,cargo,0.9999999927602694,0.0,0.0,0.0,0.0,0.9983333333333333,0.0,0.0,0.0,0.0016666666666666668,0.002430555555555555,0.3,0.0,0.3,Loitering,Cargo
800000112,LOITER_GUL_00,SL,loiter,0.8559603174603175,cargo,0.9999999927602694,0.057087301587301575,0.005833333333333334,0.008333333333333333,0.009444444444444443,0.8559603174603175,0.0,0.010515873015873013,0.0044444444444444444,0.048380952380952386,0.002430555555555555,0.3,0.0,0.3,Loitering,Cargo
800000112,LOITER_GUL_00,SL,anchored,0.6650000000000001,cargo,0.9999999546503541,0.6650000000000001,0.015500000000000002,0.01844444444444444,0.018833333333333334,0.09733333333333334,0.0,0.14783333333333332,0.030388888888888885,0.006666666666666666,0.002430555555555555,0.3,0.0,0.3,Anchored/Moored,Cargo
800000112,LOITER_GUL_00,SL,anchored,0.8563928571428572,cargo,0.9999999597862529,0.8563928571428572,0.015,0.0027777777777777775,0.0,0.012666666666666666,0.0,0.10021825396825397,0.010166666666666668,0.0027777777777777775,0.002430555555555555,0.3,0.0,0.3,Anchored/Moored,Cargo
800000112,LOITER_GUL_00,SL,anchored,0.9780555555555556,cargo,0.999999972961153,0.9780555555555556,0.002666666666666667,0.0,0.0,0.0011111111111111111,0.0,0.013888888888888886,0.0031666666666666666,0.0011111111111111111,0.002430555555555555,0.3,0.0,0.3,Anchored/Moored,Cargo
800000112,LOITER_GUL_00,SL,anchored,0.9894444444444443,cargo,0.9999999747190413,0.9894444444444443,0.0016666666666666668,0.0,0.0,0.0016666666666666668,0.0,0.003611111111111111,0.003611111111111111,0.0,0.002430555555555555,0.3,0.0,0.3,Anchored/Moored,Cargo
800000112,LOITER_GUL_00,SL,anchored,0.8328333333333334,cargo,0.9999999919289265,0.8328333333333334,0.01388888888888889,0.0,0.0044444444444444444,0.09603968253968254,0.0,0.0339047619047619,0.0,0.018888888888888886,0.002430555555555555,0.3,0.0,0.3,Anchored/Moored,Cargo
800000112,LOITER_GUL_00,SL,loiter,0.9763333333333333,cargo,0.9999999883681957,0.0065,0.0,0.0016666666666666668,0.005833333333333334,0.9763333333333333,0.0,0.0033333333333333335,0.0,0.006333333333333333,0.002430555555555555,0.3,0.0,0.3,Loitering,Cargo
800000112,LOITER_GUL_00,SL,loiter,0.9947777777777778,cargo,0.9999999919903367,0.0,0.0,0.0016666666666666668,0.0022222222222222222,0.9947777777777778,0.0,0.0,0.0,0.0013333333333333335,0.002430555555555555,0.3,0.0,0.3,Loitering,Cargo
800000112,LOITER_GUL_00,SL,loiter,0.9961666666666668,cargo,0.9999999927602694,0.0,0.0,0.0016666666666666668,0.0,0.9961666666666668,0.0,0.0,0.0,0.0021666666666666666,0.002430555555555555,0.3,0.0,0.3,Loitering,Cargo
800000112,LOITER_GUL_00,SL,loiter,0.9975,cargo,0.9999999927602694,0.0016666666666666668,0.0,0.0,0.0,0.9975,0.0,0.0,0.0,0.0008333333333333334,0.002430555555555555,0.3,0.0,0.3,Loitering,Cargo
800000112,LOITER_GUL_00,SL,loiter,0.9975,cargo,0.9999999919903367,0.0,0.0,0.0,0.0,0.9975,0.0,0.0,0.0,0.0025,0.002430555555555555,0.3,0.0,0.3,Loitering,Cargo
800000112,LOITER_GUL_00,SL,loiter,0.9991666666666666,cargo,0.9999999927602694,0.0,0.0,0.0,0.0008333333333333334,0.9991666666666666,0.0,0.0,0.0,0.0,0.002430555555555555,0.3,0.0,0.3,Loitering,Cargo
800000112,LOITER_GUL_00,SL,loiter,0.9952777777777777,cargo,0.9999999919903367,0.0,0.0,0.0,0.0008333333333333334,0.9952777777777777,0.0,0.0,0.0,0.0038888888888888883,0.002430555555555555,0.3,0.0,0.3,Loitering,Cargo
800000112,LOITER_GUL_00,SL,loiter,1.0,cargo,0.9999999919903367,0.0,0.0,0.0,0.0,1.0,0.0,0.0,0.0,0.0,0.002430555555555555,0.3,0.0,0.3,Loitering,Cargo
800000112,LOITER_GUL_00,SL,loiter,1.0,cargo,0.9999999927602694,0.0,0.0,0.0,0.0,1.0,0.0,0.0,0.0,0.0,0.002430555555555555,0.3,0.0,0.3,Loitering,Cargo
800000112,LOITER_GUL_00,SL,loiter,0.9924444444444445,cargo,0.9999999919903367,0.002666666666666667,0.0,0.0,0.0022222222222222222,0.9924444444444445,0.0,0.0,0.0,0.002666666666666667,0.002430555555555555,0.3,0.0,0.3,Loitering,Cargo
800000112,LOITER_GUL_00,SL,loiter,0.9359444444444444,cargo,0.9999999905039844,0.018444444444444444,0.002666666666666667,0.006190476190476191,0.0,0.9359444444444444,0.0,0.005,0.0035555555555555553,0.028198412698412695,0.002430555555555555,0.3,0.0,0.3,Loitering,Cargo
800000112,LOITER_GUL_00,SL,loiter,0.9966666666666667,cargo,0.9999999927602694,0.0,0.0,0.0,0.0033333333333333335,0.9966666666666667,0.0,0.0,0.0,0.0,0.002430555555555555,0.3,0.0,0.3,Loitering,Cargo
800000112,LOITER_GUL_00,SL,loiter,0.9691111111111111,cargo,0.9999999927640715,0.0,0.0,0.0,0.012222222222222221,0.9691111111111111,0.0,0.0,0.005,0.013666666666666666,0.002430555555555555,0.3,0.0,0.3,Loitering,Cargo
800000112,LOITER_GUL_00,SL,loiter,0.9716349206349207,cargo,0.9999999927602712,0.0061111111111111106,0.0,0.0022222222222222222,0.0,0.9716349206349207,0.0,0.0,0.0011111111111111111,0.018920634920634918,0.002430555555555555,0.3,0.0,0.3,Loitering,Cargo
800000112,LOITER_GUL_00,SL,loiter,0.7885105820105818,cargo,0.9999999932496346,0.0038888888888888883,0.0,0.0016666666666666668,0.019999999999999997,0.7885105820105818,0.008555555555555554,0.009166666666666667,0.09625132275132275,0.07196031746031746,0.002430555555555555,0.3,0.0,0.3,Loitering,Cargo
800000112,LOITER_GUL_00,SL,transit,0.972857142857143,cargo,0.9999999812933736,0.005555555555555555,0.0,0.0,0.016944444444444446,0.0004761904761904762,0.0,0.004166666666666667,0.972857142857143,0.0,0.002430555555555555,0.3,0.0,0.3,Transit,Cargo
800000112,LOITER_GUL_00,SL,transit,0.9999893247931678,cargo,0.9999999972362528,0.0,0.0,0.0,0.0,0.0,1.0675206832132371e-05,0.0,0.9999893247931678,0.0,0.002430555555555555,0.3,0.0,0.3,Transit,Cargo
800000112,LOITER_GUL_00,SL,transit,0.9999893247931678,cargo,0.9999999972362528,0.0,0.0,0.0,0.0,0.0,1.0675206832132371e-05,0.0,0.9999893247931678,0.0,0.002430555555555555,0.3,0.0,0.3,Transit,Cargo
800000112,LOITER_GUL_00,SL,transit,0.9999893247931678,cargo,0.9999999972362528,0.0,0.0,0.0,0.0,0.0,1.0675206832132371e-05,0.0,0.9999893247931678,0.0,0.002430555555555555,0.3,0.0,0.3,Transit,Cargo
800000112,LOITER_GUL_00,SL,transit,0.9999893247931678,cargo,0.9999999972362528,0.0,0.0,0.0,0.0,0.0,1.0675206832132371e-05,0.0,0.9999893247931678,0.0,0.002430555555555555,0.3,0.0,0.3,Transit,Cargo
800000112,LOITER_GUL_00,SL,transit,0.9999893247931678,cargo,0.9999999972362528,0.0,0.0,0.0,0.0,0.0,1.0675206832132371e-05,0.0,0.9999893247931678,0.0,0.002430555555555555,0.3,0.0,0.3,Transit,Cargo
800000113,LOITER_GUL_01,SL,transit,0.9999893247931678,cargo,0.999999996748212,0.0,0.0,0.0,0.0,0.0,1.0675206832132371e-05,0.0,0.9999893247931678,0.0,0.002430555555555555,0.3,0.0,0.3,Transit,Cargo
800000113,LOITER_GUL_01,SL,transit,0.9999893247931678,cargo,0.999999996748212,0.0,0.0,0.0,0.0,0.0,1.0675206832132371e-05,0.0,0.9999893247931678,0.0,0.002430555555555555,0.3,0.0,0.3,Transit,Cargo
800000113,LOITER_GUL_01,SL,transit,0.9999893247931678,cargo,0.999999996748212,0.0,0.0,0.0,0.0,0.0,1.0675206832132371e-05,0.0,0.9999893247931678,0.0,0.002430555555555555,0.3,0.0,0.3,Transit,Cargo
800000113,LOITER_GUL_01,SL,transit,0.9999893247931678,cargo,0.999999996748212,0.0,0.0,0.0,0.0,0.0,1.0675206832132371e-05,0.0,0.9999893247931678,0.0,0.002430555555555555,0.3,0.0,0.3,Transit,Cargo
800000113,LOITER_GUL_01,SL,transit,0.9999893247931678,cargo,0.999999996748212,0.0,0.0,0.0,0.0,0.0,1.0675206832132371e-05,0.0,0.9999893247931678,0.0,0.002430555555555555,0.3,0.0,0.3,Transit,Cargo
800000113,LOITER_GUL_01,SL,transit,0.9999893247931678,cargo,0.999999996748212,0.0,0.0,0.0,0.0,0.0,1.0675206832132371e-05,0.0,0.9999893247931678,0.0,0.002430555555555555,0.3,0.0,0.3,Transit,Cargo
800000113,LOITER_GUL_01,SL,transit,0.9296666666666668,cargo,0.9999999968154767,0.021222222222222222,0.0,0.0,0.01588888888888889,0.009166666666666665,0.0008333333333333334,0.017277777777777777,0.9296666666666668,0.005944444444444444,0.002430555555555555,0.3,0.0,0.3,Transit,Cargo
800000113,LOITER_GUL_01,SL,loiter,0.6147499999999998,cargo,0.9999999970953715,0.010277777777777778,0.0,0.0025,0.03666666666666667,0.6147499999999998,0.0012222222222222224,0.013333333333333334,0.13730952380952383,0.18394047619047624,0.002430555555555555,0.3,0.0,0.3,Loitering,Cargo
800000113,LOITER_GUL_01,SL,loiter,0.8603650793650796,cargo,0.9999999732493849,0.007222222222222222,0.0,0.005,0.0033333333333333335,0.8603650793650796,0.0,0.0,0.0016666666666666668,0.1224126984126984,0.002430555555555555,0.3,0.0,0.3,Loitering,Cargo
800000113,LOITER_GUL_01,SL,loiter,0.9761111111111113,cargo,0.9999999872411899,0.007222222222222222,0.0,0.0,0.0,0.9761111111111113,0.0,0.0,0.0,0.01666666666666667,0.002430555555555555,0.3,0.0,0.3,Loitering,Cargo
800000113,LOITER_GUL_01,SL,loiter,0.9830555555555556,cargo,0.9999999872411865,0.008888888888888889,0.0,0.0,0.0033333333333333335,0.9830555555555556,0.0,0.0016666666666666668,0.0,0.0030555555555555553,0.002430555555555555,0.3,0.0,0.3,Loitering,Cargo
800000113,LOITER_GUL_01,SL,loiter,0.9456111111111111,cargo,0.9999999876630915,0.020388888888888887,0.0037777777777777775,0.0,0.0,0.9456111111111111,0.0,0.014777777777777779,0.0,0.015444444444444443,0.002430555555555555,0.3,0.0,0.3,Loitering,Cargo
800000113,LOITER_GUL_01,SL,loiter,0.9690555555555557,cargo,0.9999999876631097,0.009166666666666667,0.0011111111111111111,0.0,0.0033333333333333335,0.9690555555555557,0.0,0.007555555555555555,0.0,0.009777777777777778,0.002430555555555555,0.3,0.0,0.3,Loitering,Cargo
800000113,LOITER_GUL_01,SL,loiter,0.9957777777777779,cargo,0.9999999876631097,0.0,0.0,0.0,0.0022222222222222222,0.9957777777777779,0.0,0.0,0.0,0.002,0.002430555555555555,0.3,0.0,0.3,Loitering,Cargo
800000113,LOITER_GUL_01,SL,loiter,0.9919444444444444,cargo,0.9999999890248193,0.0025,0.0,0.0,0.0016666666666666668,0.9919444444444444,0.0,0.0005555555555555556,0.0,0.0033333333333333335,0.002430555555555555,0.3,0.0,0.3,Loitering,Cargo
800000113,LOITER_GUL_01,SL,loiter,0.8689484126984128,cargo,0.9999999890248193,0.0644206349206349,0.0033333333333333335,0.010833333333333334,0.0033333333333333335,0.8689484126984128,0.0,0.008055555555555555,0.0,0.04107539682539683,0.002430555555555555,0.3,0.0,0.3,Loitering,Cargo
800000113,LOITER_GUL_01,SL,loiter,0.9947222222222221,cargo,0.9999999890248193,0.0,0.0,0.0,0.0,0.9947222222222221,0.0,0.0,0.0,0.005277777777777778,0.002430555555555555,0.3,0.0,0.3,Loitering,Cargo
800000113,LOITER_GUL_01,SL,loiter,0.995,cargo,0.999999989024822,0.0011111111111111111,0.0,0.0,0.0,0.995,0.0,0.0,0.0,0.0038888888888888883,0.002430555555555555,0.3,0.0,0.3,Loitering,Cargo
800000113,LOITER_GUL_01,SL,loiter,0.9866111111111112,cargo,0.9999999876631097,0.0,0.0,0.0,0.0022222222222222222,0.9866111111111112,0.0,0.0,0.0,0.011166666666666665,0.002430555555555555,0.3,0.0,0.3,Loitering,Cargo
800000113,LOITER_GUL_01,SL,loiter,1.0,cargo,0.9999999890248193,0.0,0.0,0.0,0.0,1.0,0.0,0.0,0.0,0.0,0.002430555555555555,0.3,0.0,0.3,Loitering,Cargo
800000113,LOITER_GUL_01,SL,loiter,0.9968333333333333,cargo,0.9999999890248193,0.0006666666666666668,0.0,0.0,0.0,0.9968333333333333,0.0,0.0,0.0,0.0025,0.002430555555555555,0.3,0.0,0.3,Loitering,Cargo
800000113,LOITER_GUL_01,SL,loiter,0.986,cargo,0.9999999890248193,0.0,0.0,0.0,0.0022222222222222222,0.986,0.0,0.0,0.0,0.011777777777777778,0.002430555555555555,0.3,0.0,0.3,Loitering,Cargo
800000113,LOITER_GUL_01,SL,loiter,0.9905555555555556,cargo,0.9999999890248193,0.006111111111111111,0.0,0.0,0.0033333333333333335,0.9905555555555556,0.0,0.0,0.0,0.0,0.002430555555555555,0.3,0.0,0.3,Loitering,Cargo
800000113,LOITER_GUL_01,SL,loiter,0.9905555555555556,cargo,0.9999999890248193,0.006111111111111111,0.0,0.0,0.0033333333333333335,0.9905555555555556,0.0,0.0,0.0,0.0,0.002430555555555555,0.3,0.0,0.3,Loitering,Cargo
800000113,LOITER_GUL_01,SL,loiter,1.0,cargo,0.9999999890248193,0.0,0.0,0.0,0.0,1.0,0.0,0.0,0.0,0.0,0.002430555555555555,0.3,0.0,0.3,Loitering,Cargo
800000113,LOITER_GUL_01,SL,loiter,0.9931666666666666,cargo,0.9999999884872791,0.0016666666666666668,0.0,0.0,0.002666666666666667,0.9931666666666666,0.0,0.0,0.0,0.0025,0.002430555555555555,0.3,0.0,0.3,Loitering,Cargo
800000113,LOITER_GUL_01,SL,loiter,1.0,cargo,0.9999999884872791,0.0,0.0,0.0,0.0,1.0,0.0,0.0,0.0,0.0,0.002430555555555555,0.3,0.0,0.3,Loitering,Cargo
800000113,LOITER_GUL_01,SL,loiter,0.9927777777777778,cargo,0.9999999884872791,0.005,0.0,0.0,0.0022222222222222222,0.9927777777777778,0.0,0.0,0.0,0.0,0.002430555555555555,0.3,0.0,0.3,Loitering,Cargo
800000113,LOITER_GUL_01,SL,anchored,0.7343888888888889,cargo,0.9999999890248193,0.7343888888888889,0.0011111111111111111,0.0033333333333333335,0.0033333333333333335,0.2021825396825397,0.0,0.015555555555555553,0.0038888888888888883,0.03620634920634919,0.002430555555555555,0.3,0.0,0.3,Anchored/Moored,Cargo
800000113,LOITER_GUL_01,SL,anchored,0.9163333333333332,cargo,0.9999999536943872,0.9163333333333332,0.013333333333333332,0.008888888888888889,0.0,0.003444444444444444,0.0,0.04800000000000001,0.008888888888888889,0.0011111111111111111,0.002430555555555555,0.3,0.0,0.3,Anchored/Moored,Cargo
800000113,LOITER_GUL_01,SL,anchored,0.9656666666666667,cargo,0.9999999742085255,0.9656666666666667,0.010222222222222221,0.0,0.0013333333333333335,0.0,0.0,0.021111111111111112,0.0016666666666666668,0.0,0.002430555555555555,0.3,0.0,0.3,Anchored/Moored,Cargo
800000113,LOITER_GUL_01,SL,anchored,0.9834444444444443,cargo,0.9999999763357982,0.9834444444444443,0.008,0.0,0.0013333333333333335,0.0,0.0,0.007222222222222222,0.0,0.0,0.002430555555555555,0.3,0.0,0.3,Anchored/Moored,Cargo
800000113,LOITER_GUL_01,SL,anchored,0.8818888888888887,cargo,0.9999999926136962,0.8818888888888887,0.0074444444444444445,0.006666666666666667,0.0022222222222222222,0.07620634920634921,0.0,0.013682539682539682,0.0022222222222222222,0.009666666666666667,0.002430555555555555,0.3,0.0,0.3,Anchored/Moored,Cargo
800000113,LOITER_GUL_01,SL,loiter,0.8469444444444446,cargo,0.9999999895965755,0.08005555555555555,0.009999999999999998,0.0,0.017611111111111112,0.8469444444444446,0.0,0.030833333333333334,0.0,0.014555555555555558,0.002430555555555555,0.3,0.0,0.3,Loitering,Cargo
800000113,LOITER_GUL_01,SL,loiter,0.9895555555555556,cargo,0.9999999863113387,0.0037777777777777775,0.0,0.0,0.0033333333333333335,0.9895555555555556,0.0,0.0033333333333333335,0.0,0.0,0.002430555555555555,0.3,0.0,0.3,Loitering,Cargo
800000113,LOITER_GUL_01,SL,loiter,0.9919444444444445,cargo,0.9999999890248193,0.0008333333333333334,0.0008333333333333334,0.0,0.0,0.9919444444444445,0.0,0.0016666666666666668,0.0,0.004722222222222221,0.002430555555555555,0.3,0.0,0.3,Loitering,Cargo
800000113,LOITER_GUL_01,SL,loiter,0.9918333333333333,cargo,0.9999999890248193,0.002333333333333333,0.0,0.0,0.0,0.9918333333333333,0.0,0.0,0.0016666666666666668,0.004166666666666667,0.002430555555555555,0.3,0.0,0.3,Loitering,Cargo
800000113,LOITER_GUL_01,SL,loiter,0.9753333333333334,cargo,0.9999999890256789,0.0,0.0,0.0,0.010222222222222221,0.9753333333333334,0.005,0.0,0.0033333333333333335,0.0061111111111111106,0.002430555555555555,0.3,0.0,0.3,Loitering,Cargo
800000113,LOITER_GUL_01,SL,loiter,0.9818888888888889,cargo,0.9999999890256789,0.0,0.0,0.0,0.008333333333333333,0.9818888888888889,0.0,0.0,0.0011111111111111111,0.008666666666666666,0.002430555555555555,0.3,0.0,0.3,Loitering,Cargo
800000113,LOITER_GUL_01,SL,loiter,0.9980555555555555,cargo,0.9999999890248193,0.0,0.0,0.0,0.0,0.9980555555555555,0.0,0.0,0.0,0.0019444444444444442,0.002430555555555555,0.3,0.0,0.3,Loitering,Cargo
800000113,LOITER_GUL_01,SL,loiter,0.9883333333333333,cargo,0.9999999876630915,0.0016666666666666668,0.0,0.0,0.0033333333333333335,0.9883333333333333,0.0,0.0033333333333333335,0.0,0.0033333333333333335,0.002430555555555555,0.3,0.0,0.3,Loitering,Cargo
800000113,LOITER_GUL_01,SL,loiter,0.9020952380952377,cargo,0.9999999866225542,0.04523809523809524,0.0038888888888888883,0.0,0.009444444444444443,0.9020952380952377,0.0,0.024888888888888887,0.0,0.014444444444444444,0.002430555555555555,0.3,0.0,0.3,Loitering,Cargo
800000113,LOITER_GUL_01,SL,loiter,1.0,cargo,0.9999999884872791,0.0,0.0,0.0,0.0,1.0,0.0,0.0,0.0,0.0,0.002430555555555555,0.3,0.0,0.3,Loitering,Cargo
800000113,LOITER_GUL_01,SL,loiter,1.0,cargo,0.9999999890248193,0.0,0.0,0.0,0.0,1.0,0.0,0.0,0.0,0.0,0.002430555555555555,0.3,0.0,0.3,Loitering,Cargo
800000113,LOITER_GUL_01,SL,loiter,0.9966666666666667,cargo,0.9999999890248193,0.0,0.0,0.0,0.0033333333333333335,0.9966666666666667,0.0,0.0,0.0,0.0,0.002430555555555555,0.3,0.0,0.3,Loitering,Cargo
800000113,LOITER_GUL_01,SL,loiter,1.0,cargo,0.9999999890248193,0.0,0.0,0.0,0.0,1.0,0.0,0.0,0.0,0.0,0.002430555555555555,0.3,0.0,0.3,Loitering,Cargo
800000113,LOITER_GUL_01,SL,loiter,0.9927777777777778,cargo,0.9999999863113387,0.007222222222222222,0.0,0.0,0.0,0.9927777777777778,0.0,0.0,0.0,0.0,0.002430555555555555,0.3,0.0,0.3,Loitering,Cargo
800000113,LOITER_GUL_01,SL,loiter,0.7345304232804232,cargo,0.9999999862653839,0.015138888888888887,0.0,0.0025,0.014888888888888889,0.7345304232804232,0.002333333333333333,0.003611111111111111,0.15593386243386245,0.07106349206349206,0.002430555555555555,0.3,0.0,0.3,Loitering,Cargo
800000113,LOITER_GUL_01,SL,transit,0.9892222222222222,cargo,0.9999999967541842,0.0,0.0,0.0,0.009111111111111111,0.0,0.0,0.0016666666666666668,0.9892222222222222,0.0,0.002430555555555555,0.3,0.0,0.3,Transit,Cargo
800000113,LOITER_GUL_01,SL,transit,0.9999893247931678,cargo,0.999999996748212,0.0,0.0,0.0,0.0,0.0,1.0675206832132371e-05,0.0,0.9999893247931678,0.0,0.002430555555555555,0.3,0.0,0.3,Transit,Cargo
800000113,LOITER_GUL_01,SL,transit,0.9999893247931678,cargo,0.999999996748212,0.0,0.0,0.0,0.0,0.0,1.0675206832132371e-05,0.0,0.9999893247931678,0.0,0.002430555555555555,0.3,0.0,0.3,Transit,Cargo
800000113,LOITER_GUL_01,SL,transit,0.9966559914598345,cargo,0.999999996748212,0.0033333333333333335,0.0,0.0,0.0,0.0,1.0675206832132371e-05,0.0,0.9966559914598345,0.0,0.002430555555555555,0.3,0.0,0.3,Transit,Cargo
800000113,LOITER_GUL_01,SL,transit,0.9999893247931678,cargo,0.999999996748212,0.0,0.0,0.0,0.0,0.0,1.0675206832132371e-05,0.0,0.9999893247931678,0.0,0.002430555555555555,0.3,0.0,0.3,Transit,Cargo
800000113,LOITER_GUL_01,SL,transit,0.9686004359042789,cargo,0.9999999967562316,0.008888888888888889,0.0011111111111111111,0.0,0.0,0.008055555555555555,0.0011217863179432434,0.012222222222222221,0.9686004359042789,0.0,0.002430555555555555,0.3,0.0,0.3,Transit,Cargo
800000114,LOITER_GUL_02,KR,transit,0.9966559914598345,cargo,0.9999999971048936,0.0,0.0,0.0,0.0033333333333333335,0.0,1.0675206832132371e-05,0.0,0.9966559914598345,0.0,0.002430555555555555,0.0,0.0,0.002430555555555555,Transit,Cargo
800000114,LOITER_GUL_02,KR,transit,0.9999893247931678,cargo,0.9999999971048936,0.0,0.0,0.0,0.0,0.0,1.0675206832132371e-05,0.0,0.9999893247931678,0.0,0.002430555555555555,0.0,0.0,0.002430555555555555,Transit,Cargo
800000114,LOITER_GUL_02,KR,transit,0.9999893247931678,cargo,0.9999999971048936,0.0,0.0,0.0,0.0,0.0,1.0675206832132371e-05,0.0,0.9999893247931678,0.0,0.002430555555555555,0.0,0.0,0.002430555555555555,Transit,Cargo
800000114,LOITER_GUL_02,KR,transit,0.9999893247931678,cargo,0.9999999971048936,0.0,0.0,0.0,0.0,0.0,1.0675206832132371e-05,0.0,0.9999893247931678,0.0,0.002430555555555555,0.0,0.0,0.002430555555555555,Transit,Cargo
800000114,LOITER_GUL_02,KR,transit,0.9999893247931678,cargo,0.9999999971048936,0.0,0.0,0.0,0.0,0.0,1.0675206832132371e-05,0.0,0.9999893247931678,0.0,0.002430555555555555,0.0,0.0,0.002430555555555555,Transit,Cargo
800000114,LOITER_GUL_02,KR,transit,0.9999893247931678,cargo,0.9999999971048936,0.0,0.0,0.0,0.0,0.0,1.0675206832132371e-05,0.0,0.9999893247931678,0.0,0.002430555555555555,0.0,0.0,0.002430555555555555,Transit,Cargo
800000114,LOITER_GUL_02,KR,transit,0.8796158451684767,cargo,0.9999999974541451,0.0,0.0,0.0,0.027709551656920073,0.04558730158730159,0.027420634920634915,0.0,0.8796158451684767,0.01966666666666667,0.002430555555555555,0.0,0.0,0.002430555555555555,Transit,Cargo
800000114,LOITER_GUL_02,KR,loiter,0.7856706349206348,cargo,0.9999999974568263,0.006944444444444443,0.0,0.0033333333333333335,0.020555555555555556,0.7856706349206348,0.019301587301587302,0.0019047619047619048,0.05789682539682539,0.10439285714285715,0.002430555555555555,0.0,0.0,0.002430555555555555,Loitering,Cargo
800000114,LOITER_GUL_02,KR,loiter,0.8470079365079364,cargo,0.9999999813442125,0.004642857142857143,0.0008333333333333334,0.0,0.02944444444444444,0.8470079365079364,0.0,0.0006666666666666668,0.02361111111111111,0.09379365079365079,0.002430555555555555,0.0,0.0,0.002430555555555555,Loitering,Cargo
800000114,LOITER_GUL_02,KR,loiter,0.9969444444444444,cargo,0.999999992415772,0.0,0.0,0.0,0.0008333333333333334,0.9969444444444444,0.0,0.0,0.0,0.0022222222222222222,0.002430555555555555,0.0,0.0,0.002430555555555555,Loitering,Cargo
800000114,LOITER_GUL_02,KR,loiter,0.9966666666666667,cargo,0.999999992415772,0.0,0.0,0.0,0.0033333333333333335,0.9966666666666667,0.0,0.0,0.0,0.0,0.002430555555555555,0.0,0.0,0.002430555555555555,Loitering,Cargo
800000114,LOITER_GUL_02,KR,loiter,0.99,cargo,0.999999992415772,0.0,0.0,0.0,0.0033333333333333335,0.99,0.0,0.0,0.0,0.006666666666666667,0.002430555555555555,0.0,0.0,0.002430555555555555,Loitering,Cargo
800000114,LOITER_GUL_02,KR,loiter,0.9556111111111113,cargo,0.999999992415772,0.0,0.0,0.0,0.017333333333333333,0.9556111111111113,0.0025,0.0016666666666666668,0.004166666666666667,0.018722222222222216,0.002430555555555555,0.0,0.0,0.002430555555555555,Loitering,Cargo
800000114,LOITER_GUL_02,KR,loiter,0.9972222222222222,cargo,0.999999992415772,0.002777777777777778,0.0,0.0,0.0,0.9972222222222222,0.0,0.0,0.0,0.0,0.002430555555555555,0.0,0.0,0.002430555555555555,Loitering,Cargo
800000114,LOITER_GUL_02,KR,loiter,0.8571111111111113,cargo,0.9999999845615497,0.03883333333333334,0.006,0.01535714285714286,0.016111111111111114,0.8571111111111113,0.0,0.013833333333333331,0.014833333333333334,0.037920634920634924,0.002430555555555555,0.0,0.0,0.002430555555555555,Loitering,Cargo
800000114,LOITER_GUL_02,KR,loiter,0.9958333333333333,cargo,0.999999992415772,0.0,0.0,0.0,0.0,0.9958333333333333,0.0,0.0016666666666666668,0.0,0.0025,0.002430555555555555,0.0,0.0,0.002430555555555555,Loitering,Cargo
800000114,LOITER_GUL_02,KR,loiter,0.9983333333333333,cargo,0.999999992415772,0.0016666666666666668,0.0,0.0,0.0,0.9983333333333333,0.0,0.0,0.0,0.0,0.002430555555555555,0.0,0.0,0.002430555555555555,Loitering,Cargo
800000114,LOITER_GUL_02,KR,loiter,0.9777777777777779,cargo,0.9999999919903367,0.0016666666666666668,0.0,0.0,0.0016666666666666668,0.9777777777777779,0.0,0.0,0.0,0.01888888888888889,0.002430555555555555,0.0,0.0,0.002430555555555555,Loitering,Cargo
800000114,LOITER_GUL_02,KR,loiter,1.0,cargo,0.999999992415772,0.0,0.0,0.0,0.0,1.0,0.0,0.0,0.0,0.0,0.002430555555555555,0.0,0.0,0.002430555555555555,Loitering,Cargo
800000114,LOITER_GUL_02,KR,loiter,0.9958333333333333,cargo,0.999999992415772,0.0,0.0,0.0,0.004166666666666667,0.9958333333333333,0.0,0.0,0.0,0.0,0.002430555555555555,0.0,0.0,0.002430555555555555,Loitering,Cargo
800000114,LOITER_GUL_02,KR,loiter,0.9859999999999999,cargo,0.999999992415772,0.0,0.0,0.0,0.0,0.9859999999999999,0.0,0.0016666666666666668,0.0,0.012333333333333333,0.002430555555555555,0.0,0.0,0.002430555555555555,Loitering,Cargo
800000114,LOITER_GUL_02,KR,loiter,0.7731503527336862,cargo,0.9999999881296598,0.04566666666666667,0.016203703703703703,0.009166666666666667,0.029056437389770724,0.7731503527336862,0.0,0.07015696649029983,0.014230158730158734,0.04236904761904762,0.002430555555555555,0.0,0.0,0.002430555555555555,Loitering,Cargo
800000114,LOITER_GUL_02,KR,loiter,0.9801666666666667,cargo,0.999999992415772,0.004444444444444445,0.0,0.0,0.0,0.9801666666666667,0.0,0.0,0.0,0.015388888888888891,0.002430555555555555,0.0,0.0,0.002430555555555555,Loitering,Cargo
800000114,LOITER_GUL_02,KR,loiter,0.9927777777777778,cargo,0.9999999919903367,0.0016666666666666668,0.0,0.0,0.0,0.9927777777777778,0.0,0.0,0.0,0.005555555555555555,0.002430555555555555,0.0,0.0,0.002430555555555555,Loitering,Cargo
800000114,LOITER_GUL_02,KR,loiter,0.9966666666666667,cargo,0.999999992415772,0.0,0.0,0.0,0.0016666666666666668,0.9966666666666667,0.0,0.0016666666666666668,0.0,0.0,0.002430555555555555,0.0,0.0,0.002430555555555555,Loitering,Cargo
800000114,LOITER_GUL_02,KR,loiter,1.0,cargo,0.999999992415772,0.0,0.0,0.0,0.0,1.0,0.0,0.0,0.0,0.0,0.002430555555555555,0.0,0.0,0.002430555555555555,Loitering,Cargo
800000114,LOITER_GUL_02,KR,loiter,1.0,cargo,0.9999999919903367,0.0,0.0,0.0,0.0,1.0,0.0,0.0,0.0,0.0,0.002430555555555555,0.0,0.0,0.002430555555555555,Loitering,Cargo
800000114,LOITER_GUL_02,KR,loiter,0.9849722222222222,cargo,0.999999992415772,0.012249999999999999,0.0,0.0,0.0011111111111111111,0.9849722222222222,0.0,0.0,0.0,0.0016666666666666668,0.002430555555555555,0.0,0.0,0.002430555555555555,Loitering,Cargo
800000114,LOITER_GUL_02,KR,anchored,0.7361468253968254,cargo,0.9999999924157738,0.7361468253968254,0.0,0.0033333333333333335,0.0,0.17586904761904762,0.0,0.018833333333333334,0.004999999999999999,0.06081746031746031,0.002430555555555555,0.0,0.0,0.002430555555555555,Anchored/Moored,Cargo
800000114,LOITER_GUL_02,KR,anchored,0.9283333333333336,cargo,0.9999999310052591,0.9283333333333336,0.012944444444444444,0.0,0.0,0.002333333333333333,0.0,0.05011111111111111,0.0054444444444444445,0.0008333333333333334,0.002430555555555555,0.0,0.0,0.002430555555555555,Anchored/Moored,Cargo
800000114,LOITER_GUL_02,KR,anchored,0.9977777777777778,cargo,0.999999972961153,0.9977777777777778,0.0,0.0,0.0,0.0,0.0,0.0011111111111111111,0.0011111111111111111,0.0,0.002430555555555555,0.0,0.0,0.002430555555555555,Anchored/Moored,Cargo
800000114,LOITER_GUL_02,KR,anchored,0.9902777777777777,cargo,0.999999972961153,0.9902777777777777,0.0075,0.0,0.0,0.0,0.0,0.0011111111111111111,0.0011111111111111111,0.0,0.002430555555555555,0.0,0.0,0.002430555555555555,Anchored/Moored,Cargo
800000114,LOITER_GUL_02,KR,anchored,0.9126269841269844,cargo,0.999999991926925,0.9126269841269844,0.0016666666666666668,0.005,0.0027777777777777775,0.043261904761904765,0.0,0.017499999999999998,0.0008333333333333334,0.01633333333333333,0.002430555555555555,0.0,0.0,0.002430555555555555,Anchored/Moored,Cargo
800000114,LOITER_GUL_02,KR,loiter,0.9812777777777779,cargo,0.9999999905040123,0.0065,0.0011111111111111111,0.0,0.0,0.9812777777777779,0.0,0.0033333333333333335,0.0,0.007777777777777777,0.002430555555555555,0.0,0.0,0.002430555555555555,Loitering,Cargo
800000114,LOITER_GUL_02,KR,loiter,0.9966666666666665,cargo,0.999999992415772,0.0011111111111111111,0.0,0.0,0.0,0.9966666666666665,0.0,0.0,0.0,0.0022222222222222222,0.002430555555555555,0.0,0.0,0.002430555555555555,Loitering,Cargo
800000114,LOITER_GUL_02,KR,loiter,0.9933333333333333,cargo,0.9999999924157738,0.0016666666666666668,0.0,0.0,0.0005555555555555556,0.9933333333333333,0.0,0.0,0.0,0.0044444444444444444,0.002430555555555555,0.0,0.0,0.002430555555555555,Loitering,Cargo
800000114,LOITER_GUL_02,KR,loiter,0.958,cargo,0.9999999905039844,0.013277777777777777,0.0008333333333333334,0.0,0.009444444444444445,0.958,0.0,0.006666666666666667,0.0,0.011777777777777778,0.002430555555555555,0.0,0.0,0.002430555555555555,Loitering,Cargo
800000114,LOITER_GUL_02,KR,loiter,0.8880802469135801,cargo,0.999999987463796,0.021333333333333333,0.0,0.0044444444444444444,0.01902469135802469,0.8880802469135801,0.0,0.04633950617283951,0.0015,0.01927777777777778,0.002430555555555555,0.0,0.0,0.002430555555555555,Loitering,Cargo
800000114,LOITER_GUL_02,KR,loiter,0.977638888888889,cargo,0.999999992415772,0.00836111111111111,0.0,0.0016666666666666668,0.0,0.977638888888889,0.0,0.0011111111111111111,0.0,0.011222222222222222,0.002430555555555555,0.0,0.0,0.002430555555555555,Loitering,Cargo
800000114,LOITER_GUL_02,KR,loiter,0.9020555555555556,cargo,0.999999988368193,0.0451111111111111,0.0022222222222222222,0.010357142857142858,0.010277777777777778,0.9020555555555556,0.0,0.0095,0.005,0.015476190476190477,0.002430555555555555,0.0,0.0,0.002430555555555555,Loitering,Cargo
800000114,LOITER_GUL_02,KR,loiter,0.9142222222222224,cargo,0.9999999905039844,0.025777777777777778,0.0030555555555555553,0.007023809523809524,0.011666666666666667,0.9142222222222224,0.0,0.008666666666666666,0.0011111111111111111,0.028476190476190474,0.002430555555555555,0.0,0.0,0.002430555555555555,Loitering,Cargo
800000114,LOITER_GUL_02,KR,loiter,0.9798333333333334,cargo,0.9999999919903367,0.008888888888888889,0.0,0.0016666666666666668,0.0022222222222222222,0.9798333333333334,0.0,0.0,0.0,0.007388888888888889,0.002430555555555555,0.0,0.0,0.002430555555555555,Loitering,Cargo
800000114,LOITER_GUL_02,KR,loiter,0.9966666666666667,cargo,0.9999999919903367,0.0,0.0,0.0,0.0,0.9966666666666667,0.0,0.0016666666666666668,0.0,0.0016666666666666668,0.002430555555555555,0.0,0.0,0.002430555555555555,Loitering,Cargo
800000114,LOITER_GUL_02,KR,loiter,0.9983333333333333,cargo,0.999999992415772,0.0,0.0,0.0,0.0,0.9983333333333333,0.0,0.0,0.0,0.0016666666666666668,0.002430555555555555,0.0,0.0,0.002430555555555555,Loitering,Cargo
800000114,LOITER_GUL_02,KR,loiter,0.9893333333333334,cargo,0.999999992415772,0.0,0.0,0.0,0.0,0.9893333333333334,0.0,0.0,0.0,0.010666666666666668,0.002430555555555555,0.0,0.0,0.002430555555555555,Loitering,Cargo
800000114,LOITER_GUL_02,KR,loiter,1.0,cargo,0.999999992415772,0.0,0.0,0.0,0.0,1.0,0.0,0.0,0.0,0.0,0.002430555555555555,0.0,0.0,0.002430555555555555,Loitering,Cargo
800000114,LOITER_GUL_02,KR,loiter,1.0,cargo,0.999999992415772,0.0,0.0,0.0,0.0,1.0,0.0,0.0,0.0,0.0,0.002430555555555555,0.0,0.0,0.002430555555555555,Loitering,Cargo
800000114,LOITER_GUL_02,KR,loiter,0.503142857142857,cargo,0.9999999921103907,0.025277777777777777,0.0,0.0,0.007833333333333333,0.503142857142857,0.0,0.03433333333333333,0.34915873015873006,0.08025396825396826,0.002430555555555555,0.0,0.0,0.002430555555555555,Loitering,Cargo
800000114,LOITER_GUL_02,KR,transit,0.9903888888888888,cargo,0.9999999971077735,0.0,0.0,0.0,0.00961111111111111,0.0,0.0,0.0,0.9903888888888888,0.0,0.002430555555555555,0.0,0.0,0.002430555555555555,Transit,Cargo
800000114,LOITER_GUL_02,KR,transit,0.9999893247931678,cargo,0.9999999971048936,0.0,0.0,0.0,0.0,0.0,1.0675206832132371e-05,0.0,0.9999893247931678,0.0,0.002430555555555555,0.0,0.0,0.002430555555555555,Transit,Cargo
800000114,LOITER_GUL_02,KR,transit,0.9999893247931678,cargo,0.9999999971048936,0.0,0.0,0.0,0.0,0.0,1.0675206832132371e-05,0.0,0.9999893247931678,0.0,0.002430555555555555,0.0,0.0,0.002430555555555555,Transit,Cargo
800000114,LOITER_GUL_02,KR,transit,0.9999893247931678,cargo,0.9999999971048936,0.0,0.0,0.0,0.0,0.0,1.0675206832132371e-05,0.0,0.9999893247931678,0.0,0.002430555555555555,0.0,0.0,0.002430555555555555,Transit,Cargo
800000114,LOITER_GUL_02,KR,transit,0.9999893247931678,cargo,0.9999999971048936,0.0,0.0,0.0,0.0,0.0,1.0675206832132371e-05,0.0,0.9999893247931678,0.0,0.002430555555555555,0.0,0.0,0.002430555555555555,Transit,Cargo
800000114,LOITER_GUL_02,KR,transit,0.9999893247931678,cargo,0.9999999971048936,0.0,0.0,0.0,0.0,0.0,1.0675206832132371e-05,0.0,0.9999893247931678,0.0,0.002430555555555555,0.0,0.0,0.002430555555555555,Transit,Cargo
800000115,LOITER_GUL_03,LR,transit,0.9999893247931678,cargo,0.999999996748212,0.0,0.0,0.0,0.0,0.0,1.0675206832132371e-05,0.0,0.9999893247931678,0.0,0.002430555555555555,0.0,0.0,0.002430555555555555,Transit,Cargo
800000115,LOITER_GUL_03,LR,transit,0.9999893247931678,cargo,0.999999996748212,0.0,0.0,0.0,0.0,0.0,1.0675206832132371e-05,0.0,0.9999893247931678,0.0,0.002430555555555555,0.0,0.0,0.002430555555555555,Transit,Cargo
800000115,LOITER_GUL_03,LR,transit,0.9999893247931678,cargo,0.999999996748212,0.0,0.0,0.0,0.0,0.0,1.0675206832132371e-05,0.0,0.9999893247931678,0.0,0.002430555555555555,0.0,0.0,0.002430555555555555,Transit,Cargo
800000115,LOITER_GUL_03,LR,transit,0.9999893247931678,cargo,0.999999996748212,0.0,0.0,0.0,0.0,0.0,1.0675206832132371e-05,0.0,0.9999893247931678,0.0,0.002430555555555555,0.0,0.0,0.002430555555555555,Transit,Cargo
800000115,LOITER_GUL_03,LR,transit,0.9999893247931678,cargo,0.999999996748212,0.0,0.0,0.0,0.0,0.0,1.0675206832132371e-05,0.0,0.9999893247931678,0.0,0.002430555555555555,0.0,0.0,0.002430555555555555,Transit,Cargo
800000115,LOITER_GUL_03,LR,transit,0.9999893247931678,cargo,0.999999996748212,0.0,0.0,0.0,0.0,0.0,1.0675206832132371e-05,0.0,0.9999893247931678,0.0,0.002430555555555555,0.0,0.0,0.002430555555555555,Transit,Cargo
800000115,LOITER_GUL_03,LR,transit,0.8836475912002227,cargo,0.9999999970865157,0.0016666666666666668,0.0,0.0,0.03465399610136453,0.016666666666666666,0.03436507936507936,0.0,0.8836475912002227,0.028999999999999998,0.002430555555555555,0.0,0.0,0.002430555555555555,Transit,Cargo
800000115,LOITER_GUL_03,LR,loiter,0.7441031746031744,cargo,0.9999999970953715,0.005,0.0,0.0,0.009166666666666667,0.7441031746031744,0.007833333333333333,0.01,0.0678888888888889,0.15600793650793654,0.002430555555555555,0.0,0.0,0.002430555555555555,Loitering,Cargo
800000115,LOITER_GUL_03,LR,loiter,0.8268611111111112,cargo,0.9999999732955138,0.01833333333333333,0.0027777777777777775,0.0025,0.023333333333333338,0.8268611111111112,0.0011111111111111111,0.022527777777777775,0.02644444444444444,0.07611111111111112,0.002430555555555555,0.0,0.0,0.002430555555555555,Loitering,Cargo
800000115,LOITER_GUL_03,LR,loiter,0.9976666666666667,cargo,0.9999999890248193,0.002333333333333333,0.0,0.0,0.0,0.9976666666666667,0.0,0.0,0.0,0.0,0.002430555555555555,0.0,0.0,0.002430555555555555,Loitering,Cargo
800000115,LOITER_GUL_03,LR,loiter,0.9963333333333333,cargo,0.9999999890248193,0.0016666666666666668,0.0,0.0,0.0,0.9963333333333333,0.0,0.0,0.0,0.002,0.002430555555555555,0.0,0.0,0.002430555555555555,Loitering,Cargo
800000115,LOITER_GUL_03,LR,loiter,0.9977777777777779,cargo,0.9999999890248193,0.0,0.0,0.0,0.0,0.9977777777777779,0.0,0.0,0.0,0.0022222222222222222,0.002430555555555555,0.0,0.0,0.002430555555555555,Loitering,Cargo
800000115,LOITER_GUL_03,LR,loiter,0.9913888888888888,cargo,0.9999999884872791,0.0,0.0,0.0,0.0,0.9913888888888888,0.0,0.0016666666666666668,0.0,0.006944444444444443,0.002430555555555555,0.0,0.0,0.002430555555555555,Loitering,Cargo
800000115,LOITER_GUL_03,LR,loiter,0.9535555555555557,cargo,0.9999999876632396,0.01877777777777778,0.002333333333333333,0.0,0.006666666666666667,0.9535555555555557,0.0,0.015333333333333332,0.0,0.0033333333333333335,0.002430555555555555,0.0,0.0,0.002430555555555555,Loitering,Cargo
800000115,LOITER_GUL_03,LR,loiter,0.99025,cargo,0.9999999890248193,0.008083333333333333,0.0,0.0,0.0,0.99025,0.0,0.0,0.0,0.0016666666666666668,0.002430555555555555,0.0,0.0,0.002430555555555555,Loitering,Cargo
800000115,LOITER_GUL_03,LR,loiter,0.9941666666666666,cargo,0.9999999890248193,0.0016666666666666668,0.0,0.0,0.0025,0.9941666666666666,0.0,0.0,0.0,0.0016666666666666668,0.002430555555555555,0.0,0.0,0.002430555555555555,Loitering,Cargo
800000115,LOITER_GUL_03,LR,loiter,0.99,cargo,0.9999999884872791,0.005,0.0,0.0,0.0,0.99,0.0,0.0,0.0,0.005,0.002430555555555555,0.0,0.0,0.002430555555555555,Loitering,Cargo
800000115,LOITER_GUL_03,LR,loiter,0.9919444444444444,cargo,0.9999999876630915,0.003611111111111111,0.0,0.0,0.0,0.9919444444444444,0.0,0.0005555555555555556,0.0,0.0038888888888888883,0.002430555555555555,0.0,0.0,0.002430555555555555,Loitering,Cargo
800000115,LOITER_GUL_03,LR,loiter,0.9542222222222225,cargo,0.9999999863130675,0.003611111111111111,0.0,0.0,0.0,0.9542222222222225,0.0,0.008888888888888889,0.0,0.033277777777777774,0.002430555555555555,0.0,0.0,0.002430555555555555,Loitering,Cargo
800000115,LOITER_GUL_03,LR,loiter,0.982111111111111,cargo,0.9999999876631728,0.0061111111111111106,0.0,0.0,0.0006666666666666668,0.982111111111111,0.0,0.0011111111111111111,0.0,0.009999999999999998,0.002430555555555555,0.0,0.0,0.002430555555555555,Loitering,Cargo
800000115,LOITER_GUL_03,LR,loiter,0.9993333333333334,cargo,0.9999999876630915,0.0,0.0,0.0,0.0006666666666666668,0.9993333333333334,0.0,0.0,0.0,0.0,0.002430555555555555,0.0,0.0,0.002430555555555555,Loitering,Cargo
800000115,LOITER_GUL_03,LR,loiter,0.9686111111111114,cargo,0.9999999876631097,0.006388888888888888,0.0,0.0,0.0022222222222222222,0.9686111111111114,0.0,0.0033333333333333335,0.0,0.019444444444444445,0.002430555555555555,0.0,0.0,0.002430555555555555,Loitering,Cargo
800000115,LOITER_GUL_03,LR,loiter,0.9977777777777778,cargo,0.9999999890248193,0.0,0.0,0.0,0.0,0.9977777777777778,0.0,0.0,0.0,0.0022222222222222222,0.002430555555555555,0.0,0.0,0.002430555555555555,Loitering,Cargo
800000115,LOITER_GUL_03,LR,loiter,0.9983333333333333,cargo,0.9999999884872791,0.0,0.0,0.0,0.0,0.9983333333333333,0.0,0.0,0.0,0.0016666666666666668,0.002430555555555555,0.0,0.0,0.002430555555555555,Loitering,Cargo
800000115,LOITER_GUL_03,LR,loiter,1.0,cargo,0.9999999890248193,0.0,0.0,0.0,0.0,1.0,0.0,0.0,0.0,0.0,0.002430555555555555,0.0,0.0,0.002430555555555555,Loitering,Cargo
800000115,LOITER_GUL_03,LR,loiter,0.9908333333333333,cargo,0.9999999890248193,0.0,0.0,0.0,0.0,0.9908333333333333,0.0,0.0,0.0,0.009166666666666667,0.002430555555555555,0.0,0.0,0.002430555555555555,Loitering,Cargo
800000115,LOITER_GUL_03,LR,loiter,0.9868333333333333,cargo,0.9999999890248193,0.0006666666666666668,0.0,0.0,0.0,0.9868333333333333,0.0,0.0,0.0,0.0125,0.002430555555555555,0.0,0.0,0.002430555555555555,Loitering,Cargo
800000115,LOITER_GUL_03,LR,loiter,0.9817222222222224,cargo,0.9999999872411865,0.0067777777777777775,0.0,0.0,0.0006666666666666668,0.9817222222222224,0.0,0.0016666666666666668,0.0,0.009166666666666667,0.002430555555555555,0.0,0.0,0.002430555555555555,Loitering,Cargo
800000115,LOITER_GUL_03,LR,anchored,0.6078095238095237,cargo,0.9999999844709164,0.6078095238095237,0.0,0.011388888888888888,0.0008333333333333334,0.26777777777777784,0.0,0.0033333333333333335,0.007333333333333334,0.10152380952380949,0.002430555555555555,0.0,0.0,0.002430555555555555,Anchored/Moored,Cargo
800000115,LOITER_GUL_03,LR,anchored,0.8961111111111112,cargo,0.99999995384725,0.8961111111111112,0.034111111111111106,0.012222222222222221,0.0,0.004833333333333334,0.0,0.04638888888888889,0.006333333333333333,0.0,0.002430555555555555,0.0,0.0,0.002430555555555555,Anchored/Moored,Cargo
800000115,LOITER_GUL_03,LR,anchored,0.9331349206349207,cargo,0.9999999553021051,0.9331349206349207,0.027920634920634922,0.0022222222222222222,0.0,0.005388888888888889,0.0,0.028333333333333332,0.003,0.0,0.002430555555555555,0.0,0.0,0.002430555555555555,Anchored/Moored,Cargo
800000115,LOITER_GUL_03,LR,anchored,0.9512222222222221,cargo,0.9999999744971835,0.9512222222222221,0.02827777777777778,0.0025,0.0,0.0008333333333333334,0.0,0.014166666666666666,0.003,0.0,0.002430555555555555,0.0,0.0,0.002430555555555555,Anchored/Moored,Cargo
800000115,LOITER_GUL_03,LR,anchored,0.895277777777778,cargo,0.9999999926136962,0.895277777777778,0.005999999999999999,0.0061111111111111106,0.0033333333333333335,0.049555555555555554,0.0,0.02666666666666667,0.0030555555555555553,0.01,0.002430555555555555,0.0,0.0,0.002430555555555555,Anchored/Moored,Cargo
800000115,LOITER_GUL_03,LR,loiter,0.9172777777777777,cargo,0.9999999857711497,0.04605555555555556,0.0006666666666666668,0.0,0.0006666666666666668,0.9172777777777777,0.0,0.01894444444444444,0.0,0.01638888888888889,0.002430555555555555,0.0,0.0,0.002430555555555555,Loitering,Cargo
800000115,LOITER_GUL_03,LR,loiter,1.0,cargo,0.9999999884872791,0.0,0.0,0.0,0.0,1.0,0.0,0.0,0.0,0.0,0.002430555555555555,0.0,0.0,0.002430555555555555,Loitering,Cargo
800000115,LOITER_GUL_03,LR,loiter,0.9983333333333333,cargo,0.9999999890248193,0.0,0.0,0.0,0.0,0.9983333333333333,0.0,0.0,0.0,0.0016666666666666668,0.002430555555555555,0.0,0.0,0.002430555555555555,Loitering,Cargo
800000115,LOITER_GUL_03,LR,loiter,1.0,cargo,0.9999999890248193,0.0,0.0,0.0,0.0,1.0,0.0,0.0,0.0,0.0,0.002430555555555555,0.0,0.0,0.002430555555555555,Loitering,Cargo
800000115,LOITER_GUL_03,LR,loiter,0.9872222222222223,cargo,0.9999999890248193,0.008888888888888889,0.0,0.0,0.0,0.9872222222222223,0.0,0.0,0.0,0.0038888888888888883,0.002430555555555555,0.0,0.0,0.002430555555555555,Loitering,Cargo
800000115,LOITER_GUL_03,LR,loiter,0.9983333333333333,cargo,0.9999999890248193,0.0,0.0,0.0,0.0,0.9983333333333333,0.0,0.0,0.0,0.0016666666666666668,0.002430555555555555,0.0,0.0,0.002430555555555555,Loitering,Cargo
800000115,LOITER_GUL_03,LR,loiter,0.9782777777777777,cargo,0.9999999890248193,0.0,0.0,0.0,0.0,0.9782777777777777,0.0016666666666666668,0.0016666666666666668,0.0,0.01838888888888889,0.002430555555555555,0.0,0.0,0.002430555555555555,Loitering,Cargo
800000115,LOITER_GUL_03,LR,loiter,0.9896666666666666,cargo,0.9999999890248193,0.0,0.0,0.0,0.0033333333333333335,0.9896666666666666,0.0,0.0,0.0,0.007,0.002430555555555555,0.0,0.0,0.002430555555555555,Loitering,Cargo
800000115,LOITER_GUL_03,LR,loiter,0.995,cargo,0.9999999890248193,0.0016666666666666668,0.0,0.0,0.0,0.995,0.0,0.0,0.0,0.0033333333333333335,0.002430555555555555,0.0,0.0,0.002430555555555555,Loitering,Cargo
800000115,LOITER_GUL_03,LR,loiter,0.9927777777777779,cargo,0.9999999890248193,0.0,0.0,0.0,0.0,0.9927777777777779,0.0,0.0,0.0,0.007222222222222222,0.002430555555555555,0.0,0.0,0.002430555555555555,Loitering,Cargo
800000115,LOITER_GUL_03,LR,loiter,0.9869444444444446,cargo,0.9999999890248193,0.0,0.0,0.0,0.0,0.9869444444444446,0.0,0.0,0.0013333333333333335,0.011722222222222222,0.002430555555555555,0.0,0.0,0.002430555555555555,Loitering,Cargo
800000115,LOITER_GUL_03,LR,loiter,0.9879444444444444,cargo,0.9999999890248193,0.0051111111111111105,0.0,0.0,0.0,0.9879444444444444,0.0,0.0,0.0,0.006944444444444443,0.002430555555555555,0.0,0.0,0.002430555555555555,Loitering,Cargo
800000115,LOITER_GUL_03,LR,loiter,0.9856666666666666,cargo,0.9999999890248193,0.0033333333333333335,0.0,0.0033333333333333335,0.0006666666666666668,0.9856666666666666,0.0,0.0,0.0,0.007,0.002430555555555555,0.0,0.0,0.002430555555555555,Loitering,Cargo
800000115,LOITER_GUL_03,LR,loiter,0.9675555555555555,cargo,0.9999999890248193,0.0,0.0,0.0,0.0,0.9675555555555555,0.0,0.0,0.0013333333333333335,0.031111111111111114,0.002430555555555555,0.0,0.0,0.002430555555555555,Loitering,Cargo
800000115,LOITER_GUL_03,LR,loiter,0.7429841269841266,cargo,0.9999999680311854,0.009722222222222222,0.0,0.0016666666666666668,0.015499999999999998,0.7429841269841266,0.004555555555555556,0.006666666666666667,0.11933333333333332,0.09957142857142856,0.002430555555555555,0.0,0.0,0.002430555555555555,Loitering,Cargo
800000115,LOITER_GUL_03,LR,transit,0.981111111111111,cargo,0.999999986737562,0.005,0.0,0.0,0.012222222222222221,0.0,0.0,0.0016666666666666668,0.981111111111111,0.0,0.002430555555555555,0.0,0.0,0.002430555555555555,Transit,Cargo
800000115,LOITER_GUL_03,LR,transit,0.9999893247931678,cargo,0.999999996748212,0.0,0.0,0.0,0.0,0.0,1.0675206832132371e-05,0.0,0.9999893247931678,0.0,0.002430555555555555,0.0,0.0,0.002430555555555555,Transit,Cargo
800000115,LOITER_GUL_03,LR,transit,0.9999893247931678,cargo,0.999999996748212,0.0,0.0,0.0,0.0,0.0,1.0675206832132371e-05,0.0,0.9999893247931678,0.0,0.002430555555555555,0.0,0.0,0.002430555555555555,Transit,Cargo
800000115,LOITER_GUL_03,LR,transit,0.9999893247931678,cargo,0.999999996748212,0.0,0.0,0.0,0.0,0.0,1.0675206832132371e-05,0.0,0.9999893247931678,0.0,0.002430555555555555,0.0,0.0,0.002430555555555555,Transit,Cargo
800000115,LOITER_GUL_03,LR,transit,0.9999893247931678,cargo,0.999999996748212,0.0,0.0,0.0,0.0,0.0,1.0675206832132371e-05,0.0,0.9999893247931678,0.0,0.002430555555555555,0.0,0.0,0.002430555555555555,Transit,Cargo
800000115,LOITER_GUL_03,LR,transit,0.9999893247931678,cargo,0.999999996748212,0.0,0.0,0.0,0.0,0.0,1.0675206832132371e-05,0.0,0.9999893247931678,0.0,0.002430555555555555,0.0,0.0,0.002430555555555555,Transit,Cargo
900000112,STS_TANKER_0_1,PA,transit,0.9977671025709458,tanker,0.9999999871093309,0.0,0.0,0.0,0.0,0.0,1.0675206832132371e-05,0.0022222222222222222,0.9977671025709458,0.0,0.002430555555555555,0.3,0.13227696774634198,0.3,Transit,Tanker
900000112,STS_TANKER_0_1,PA,transit,0.9999893247931678,tanker,0.9999999871094231,0.0,0.0,0.0,0.0,0.0,1.0675206832132371e-05,0.0,0.9999893247931678,0.0,0.002430555555555555,0.3,0.1332435652978049,0.3,Transit,Tanker
900000112,STS_TANKER_0_1,PA,transit,0.9839972613011044,tanker,0.9999999870291438,0.0,0.0,0.0,0.0033333333333333335,0.0038888888888888883,0.004613849810006735,0.0016666666666666668,0.9839972613011044,0.0025,0.002430555555555555,0.3,0.13316901182905796,0.3,Transit,Tanker
900000112,STS_TANKER_0_1,PA,transit,0.9961004359042791,tanker,0.9999999871093309,0.0,0.0,0.0,0.0,0.0,0.0022328974290543547,0.0016666666666666668,0.9961004359042791,0.0,0.002430555555555555,0.3,0.1314657436357617,0.3,Transit,Tanker
900000112,STS_TANKER_0_1,PA,transit,0.9999893247931678,tanker,0.9999999871093309,0.0,0.0,0.0,0.0,0.0,1.0675206832132371e-05,0.0,0.9999893247931678,0.0,0.002430555555555555,0.3,0.130060664546881,0.3,Transit,Tanker
900000112,STS_TANKER_0_1,PA,transit,0.9983226581265012,tanker,0.9999999878245555,0.0,0.0,0.0,0.0,0.0,1.0675206832132371e-05,0.0016666666666666668,0.9983226581265012,0.0,0.002430555555555555,0.3,0.12929445975752174,0.3,Transit,Tanker
900000112,STS_TANKER_0_1,PA,transit,0.9986559914598346,tanker,0.9999999871093309,0.0,0.0,0.0,0.0,0.0,1.0675206832132371e-05,0.0013333333333333335,0.9986559914598346,0.0,0.002430555555555555,0.3,0.12761526797207348,0.3,Transit,Tanker
900000112,STS_TANKER_0_1,PA,transit,0.9986559914598346,tanker,0.9999999881763849,0.0,0.0,0.0,0.0,0.0,1.0675206832132371e-05,0.0013333333333333335,0.9986559914598346,0.0,0.002430555555555555,0.3,0.1254530521527484,0.3,Transit,Tanker
900000112,STS_TANKER_0_1,PA,transit,0.9999893247931678,tanker,0.9999999871134747,0.0,0.0,0.0,0.0,0.0,1.0675206832132371e-05,0.0,0.9999893247931678,0.0,0.002430555555555555,0.3,0.12361893651128969,0.3,Transit,Tanker
900000112,STS_TANKER_0_1,PA,sts,0.6958690476190477,tanker,0.9999999863308628,0.02666666666666667,0.0006666666666666668,0.0,0.0027777777777777775,0.019706349206349203,0.0,0.6958690476190477,0.24848015873015872,0.005833333333333334,0.002430555555555555,0.3,0.6225001199941821,0.6225001199941821,STS Transfer,Tanker
900000112,STS_TANKER_0_1,PA,sts,0.900252204585538,tanker,0.9999999847097389,0.018166666666666668,0.015238095238095238,0.0,0.0034215167548500886,0.005024691358024691,0.0,0.900252204585538,0.05267460317460318,0.005222222222222222,0.002430555555555555,0.3,0.6220423925809035,0.6220423925809035,STS Transfer,Tanker
900000112,STS_TANKER_0_1,PA,sts,0.9148117283950616,tanker,0.9999999868260467,0.046,0.02047222222222222,0.0044444444444444444,0.0002469135802469136,0.005246913580246913,0.0,0.9148117283950616,0.008777777777777778,0.0,0.002430555555555555,0.3,0.62192592400855,0.62192592400855,STS Transfer,Tanker
900000112,STS_TANKER_0_1,PA,sts,0.9357283950617282,tanker,0.9999999864788385,0.028555555555555556,0.020777777777777777,0.01,0.0010802469135802468,0.0027469135802469136,0.0,0.9357283950617282,0.0011111111111111111,0.0,0.002430555555555555,0.3,0.6218746745178523,0.6218746745178523,STS Transfer,Tanker
900000112,STS_TANKER_0_1,PA,sts,0.758097442680776,tanker,0.9999999867439782,0.13119444444444445,0.09075396825396825,0.006666666666666667,0.0013580246913580246,0.005485008818342152,0.0,0.758097442680776,0.0064444444444444445,0.0,0.002430555555555555,0.3,0.621821753001243,0.621821753001243,STS Transfer,Tanker
900000112,STS_TANKER_0_1,PA,sts,0.8636649029982363,tanker,0.9999999864785203,0.062333333333333345,0.04245238095238095,0.012166666666666666,0.0002469135802469136,0.003691358024691358,0.0,0.8636649029982363,0.015444444444444446,0.0,0.002430555555555555,0.3,0.6217144219416325,0.6217144219416325,STS Transfer,Tanker
900000112,STS_TANKER_0_1,PA,sts,0.9279783950617284,tanker,0.9999999852650898,0.018888888888888886,0.030186507936507935,0.0016666666666666668,0.001199294532627866,0.005024691358024691,0.0,0.9279783950617284,0.012055555555555555,0.003,0.002430555555555555,0.3,0.6215193461044732,0.6215193461044732,STS Transfer,Tanker
900000112,STS_TANKER_0_1,PA,transit,0.7814722222222223,tanker,0.9999999867640568,0.0038888888888888883,0.0011111111111111111,0.0,0.0,0.01138888888888889,0.0,0.19852777777777778,0.7814722222222223,0.003611111111111111,0.002430555555555555,0.3,0.1208807488832156,0.3,Transit,Tanker
900000112,STS_TANKER_0_1,PA,transit,0.9991559914598346,tanker,0.9999999871141919,0.0008333333333333334,0.0,0.0,0.0,0.0,1.0675206832132371e-05,0.0,0.9991559914598346,0.0,0.002430555555555555,0.3,0.11877082178995234,0.3,Transit,Tanker
900000112,STS_TANKER_0_1,PA,transit,0.9999893247931678,tanker,0.9999999871093309,0.0,0.0,0.0,0.0,0.0,1.0675206832132371e-05,0.0,0.9999893247931678,0.0,0.002430555555555555,0.3,0.11523947323420702,0.3,Transit,Tanker
900000112,STS_TANKER_0_1,PA,transit,0.9999893247931678,tanker,0.9999999871093309,0.0,0.0,0.0,0.0,0.0,1.0675206832132371e-05,0.0,0.9999893247931678,0.0,0.002430555555555555,0.3,0.11133840766242163,0.3,Transit,Tanker
900000112,STS_TANKER_0_1,PA,transit,0.9999893247931678,tanker,0.9999999871093309,0.0,0.0,0.0,0.0,0.0,1.0675206832132371e-05,0.0,0.9999893247931678,0.0,0.002430555555555555,0.3,0.1078446662208062,0.3,Transit,Tanker
900000112,STS_TANKER_0_1,PA,transit,0.9983226581265012,tanker,0.9999999871093309,0.0,0.0,0.0,0.0,0.0,1.0675206832132371e-05,0.0016666666666666668,0.9983226581265012,0.0,0.002430555555555555,0.3,0.10510486762894838,0.3,Transit,Tanker
900000112,STS_TANKER_0_1,PA,transit,0.9983226581265012,tanker,0.9999999871093309,0.0,0.0,0.0,0.0,0.0,1.0675206832132371e-05,0.0016666666666666668,0.9983226581265012,0.0,0.002430555555555555,0.3,0.10352177696637242,0.3,Transit,Tanker
900000112,STS_TANKER_0_1,PA,transit,0.9999893247931678,tanker,0.9999999871093309,0.0,0.0,0.0,0.0,0.0,1.0675206832132371e-05,0.0,0.9999893247931678,0.0,0.002430555555555555,0.3,0.10333425069109235,0.3,Transit,Tanker
900000112,STS_TANKER_0_1,PA,transit,0.9999893247931678,tanker,0.9999999871093309,0.0,0.0,0.0,0.0,0.0,1.0675206832132371e-05,0.0,0.9999893247931678,0.0,0.002430555555555555,0.3,0.10349834646411762,0.3,Transit,Tanker
900000112,STS_TANKER_0_1,PA,transit,0.9999893247931678,tanker,0.9999999871093309,0.0,0.0,0.0,0.0,0.0,1.0675206832132371e-05,0.0,0.9999893247931678,0.0,0.002430555555555555,0.3,0.10359488448010688,0.3,Transit,Tanker
900000112,STS_TANKER_0_1,PA,transit,0.9999893247931678,tanker,0.9999999871093309,0.0,0.0,0.0,0.0,0.0,1.0675206832132371e-05,0.0,0.9999893247931678,0.0,0.002430555555555555,0.3,0.10466851782455772,0.3,Transit,Tanker
900000113,STS_TANKER_0_2,VU,transit,0.9994337692376124,tanker,0.999999969587472,0.0,0.0,0.0,0.0,0.0,1.0675206832132371e-05,0.0005555555555555556,0.9994337692376124,0.0,0.002430555555555555,0.3,0.1477602782342973,0.3,Transit,Tanker
900000113,STS_TANKER_0_2,VU,transit,0.9994337692376124,tanker,0.9999999695897526,0.0,0.0,0.0,0.0,0.0,1.0675206832132371e-05,0.0005555555555555556,0.9994337692376124,0.0,0.002430555555555555,0.3,0.1432516630095367,0.3,Transit,Tanker
900000113,STS_TANKER_0_2,VU,transit,0.9994337692376124,tanker,0.9999999695916328,0.0,0.0,0.0,0.0,0.0,1.0675206832132371e-05,0.0005555555555555556,0.9994337692376124,0.0,0.002430555555555555,0.3,0.1388416251624789,0.3,Transit,Tanker
900000113,STS_TANKER_0_2,VU,transit,0.9994337692376124,tanker,0.9999999695897526,0.0,0.0,0.0,0.0,0.0,1.0675206832132371e-05,0.0005555555555555556,0.9994337692376124,0.0,0.002430555555555555,0.3,0.13482160193483383,0.3,Transit,Tanker
900000113,STS_TANKER_0_2,VU,transit,0.9999893247931678,tanker,0.9999999695874713,0.0,0.0,0.0,0.0,0.0,1.0675206832132371e-05,0.0,0.9999893247931678,0.0,0.002430555555555555,0.3,0.1305174567974747,0.3,Transit,Tanker
900000113,STS_TANKER_0_2,VU,transit,0.9999893247931678,tanker,0.9999999695897526,0.0,0.0,0.0,0.0,0.0,1.0675206832132371e-05,0.0,0.9999893247931678,0.0,0.002430555555555555,0.3,0.12603596764756775,0.3,Transit,Tanker
900000113,STS_TANKER_0_2,VU,transit,0.9999893247931678,tanker,0.9999999695897526,0.0,0.0,0.0,0.0,0.0,1.0675206832132371e-05,0.0,0.9999893247931678,0.0,0.002430555555555555,0.3,0.12181541899295678,0.3,Transit,Tanker
900000113,STS_TANKER_0_2,VU,transit,0.9999893247931678,tanker,0.9999999695897526,0.0,0.0,0.0,0.0,0.0,1.0675206832132371e-05,0.0,0.9999893247931678,0.0,0.002430555555555555,0.3,0.11739916443740371,0.3,Transit,Tanker
900000113,STS_TANKER_0_2,VU,transit,0.9966559914598345,tanker,0.9999999692544174,0.0016666666666666668,0.0,0.0,0.0,0.0,1.0675206832132371e-05,0.0016666666666666668,0.9966559914598345,0.0,0.002430555555555555,0.3,0.1129998191088041,0.3,Transit,Tanker
900000113,STS_TANKER_0_2,VU,sts,0.5993756613756615,tanker,0.9999999659849255,0.009166666666666667,0.003666666666666667,0.0,0.00611111111111111,0.008698412698412698,0.0,0.5993756613756615,0.3556005291005292,0.017380952380952382,0.002430555555555555,0.3,0.6096102221108455,0.6096102221108455,STS Transfer,Tanker
900000113,STS_TANKER_0_2,VU,sts,0.8860220458553792,tanker,0.9999998820868722,0.0044444444444444444,0.0044444444444444444,0.0,0.011358024691358024,0.02574691358024691,0.0,0.8860220458553792,0.035317460317460324,0.03266666666666666,0.002430555555555555,0.3,0.6078912526925005,0.6078912526925005,STS Transfer,Tanker
900000113,STS_TANKER_0_2,VU,sts,0.9263183421516756,tanker,0.9999998166326388,0.025,0.01698148148148148,0.0044444444444444444,0.004691358024691357,0.02002469135802469,0.0,0.9263183421516756,0.0025396825396825397,0.0,0.002430555555555555,0.3,0.6071688373949867,0.6071688373949867,STS Transfer,Tanker
900000113,STS_TANKER_0_2,VU,sts,0.8912627865961201,tanker,0.9999999012480398,0.03838888888888889,0.013814814814814816,0.012888888888888887,0.0013580246913580246,0.024913580246913578,0.0,0.8912627865961201,0.014595238095238093,0.0027777777777777775,0.002430555555555555,0.3,0.6066799908836166,0.6066799908836166,STS Transfer,Tanker
900000113,STS_TANKER_0_2,VU,sts,0.8120485008818342,tanker,0.999999907885722,0.07853968253968255,0.022060846560846562,0.009833333333333335,0.0033580246913580245,0.06000881834215167,0.0,0.8120485008818342,0.00603968253968254,0.00811111111111111,0.002430555555555555,0.3,0.6063617553960201,0.6063617553960201,STS Transfer,Tanker
900000113,STS_TANKER_0_2,VU,sts,0.7978024691358027,tanker,0.9999999118895084,0.09944444444444445,0.06160846560846561,0.011111111111111112,0.0013580246913580246,0.025580246913580247,0.0,0.7978024691358027,0.0014285714285714286,0.0016666666666666668,0.002430555555555555,0.3,0.6061448450565524,0.6061448450565524,STS Transfer,Tanker
900000113,STS_TANKER_0_2,VU,sts,0.9306794532627868,tanker,0.999999914110856,0.020277777777777777,0.019953703703703703,0.01111111111111111,0.0002469135802469136,0.009913580246913582,0.0,0.9306794532627868,0.006706349206349206,0.0011111111111111111,0.002430555555555555,0.3,0.6058836486386651,0.6058836486386651,STS Transfer,Tanker
900000113,STS_TANKER_0_2,VU,transit,0.815031746031746,tanker,0.999999951497896,0.031222222222222217,0.01983333333333333,0.0016666666666666668,0.0006666666666666668,0.011198412698412699,0.0,0.11926984126984126,0.815031746031746,0.0011111111111111111,0.002430555555555555,0.3,0.1048698554202427,0.3,Transit,Tanker
900000113,STS_TANKER_0_2,VU,transit,0.9988782136820566,tanker,0.9999999674359126,0.0,0.0,0.0,0.0,0.0,1.0675206832132371e-05,0.0011111111111111111,0.9988782136820566,0.0,0.002430555555555555,0.3,0.10191035628497949,0.3,Transit,Tanker
900000113,STS_TANKER_0_2,VU,transit,0.9999893247931678,tanker,0.9999999695897492,0.0,0.0,0.0,0.0,0.0,1.0675206832132371e-05,0.0,0.9999893247931678,0.0,0.002430555555555555,0.3,0.09762991564034679,0.3,Transit,Tanker
900000113,STS_TANKER_0_2,VU,transit,0.9999893247931678,tanker,0.9999999695897492,0.0,0.0,0.0,0.0,0.0,1.0675206832132371e-05,0.0,0.9999893247931678,0.0,0.002430555555555555,0.3,0.09375518283691676,0.3,Transit,Tanker
900000113,STS_TANKER_0_2,VU,transit,0.9999893247931678,tanker,0.9999999695897526,0.0,0.0,0.0,0.0,0.0,1.0675206832132371e-05,0.0,0.9999893247931678,0.0,0.002430555555555555,0.3,0.09041717902747831,0.3,Transit,Tanker
900000113,STS_TANKER_0_2,VU,transit,0.9999893247931678,tanker,0.9999999695897526,0.0,0.0,0.0,0.0,0.0,1.0675206832132371e-05,0.0,0.9999893247931678,0.0,0.002430555555555555,0.3,0.08725036907494789,0.3,Transit,Tanker
900000113,STS_TANKER_0_2,VU,transit,0.9999893247931678,tanker,0.9999999695897526,0.0,0.0,0.0,0.0,0.0,1.0675206832132371e-05,0.0,0.9999893247931678,0.0,0.002430555555555555,0.3,0.0833786095583268,0.3,Transit,Tanker
900000113,STS_TANKER_0_2,VU,transit,0.9999893247931678,tanker,0.9999999695897526,0.0,0.0,0.0,0.0,0.0,1.0675206832132371e-05,0.0,0.9999893247931678,0.0,0.002430555555555555,0.3,0.07858747823069942,0.3,Transit,Tanker
900000113,STS_TANKER_0_2,VU,transit,0.9999893247931678,tanker,0.9999999695897526,0.0,0.0,0.0,0.0,0.0,1.0675206832132371e-05,0.0,0.9999893247931678,0.0,0.002430555555555555,0.3,0.07389999275614706,0.3,Transit,Tanker
900000113,STS_TANKER_0_2,VU,transit,0.9999893247931678,tanker,0.9999999695897526,0.0,0.0,0.0,0.0,0.0,1.0675206832132371e-05,0.0,0.9999893247931678,0.0,0.002430555555555555,0.3,0.0692091657837464,0.3,Transit,Tanker
900000113,STS_TANKER_0_2,VU,transit,0.9963226581265011,tanker,0.9999999695897526,0.0,0.0,0.0,0.0,0.0,0.0016773418734987993,0.002,0.9963226581265011,0.0,0.002430555555555555,0.3,0.06470033721188058,0.3,Transit,Tanker
900000122,STS_TANKER_1_1,PA,transit,0.9988782136820569,tanker,0.9999999773793845,0.0,0.0,0.0,0.0011111111111111111,0.0,1.0675206832132371e-05,0.0,0.9988782136820569,0.0,0.002430555555555555,0.3,0.18027858306479577,0.3,Transit,Tanker
900000122,STS_TANKER_1_1,PA,transit,0.9983226581265012,tanker,0.9999999829304366,0.0016666666666666668,0.0,0.0,0.0,0.0,1.0675206832132371e-05,0.0,0.9983226581265012,0.0,0.002430555555555555,0.3,0.17530976481407642,0.3,Transit,Tanker
900000122,STS_TANKER_1_1,PA,transit,0.9954893247931678,tanker,0.9999999829578922,0.0,0.0,0.0,0.0,0.0,1.0675206832132371e-05,0.0045000000000000005,0.9954893247931678,0.0,0.002430555555555555,0.3,0.1702957594691688,0.3,Transit,Tanker
900000122,STS_TANKER_1_1,PA,transit,0.9999893247931678,tanker,0.9999999829758647,0.0,0.0,0.0,0.0,0.0,1.0675206832132371e-05,0.0,0.9999893247931678,0.0,0.002430555555555555,0.3,0.16528127735994422,0.3,Transit,Tanker
900000122,STS_TANKER_1_1,PA,transit,0.9999893247931678,tanker,0.999999983017129,0.0,0.0,0.0,0.0,0.0,1.0675206832132371e-05,0.0,0.9999893247931678,0.0,0.002430555555555555,0.3,0.16025406498380962,0.3,Transit,Tanker
900000122,STS_TANKER_1_1,PA,transit,0.9979893247931678,tanker,0.9999999773793845,0.0,0.0,0.0,0.0,0.0,1.0675206832132371e-05,0.002,0.9979893247931678,0.0,0.002430555555555555,0.3,0.15489952589099548,0.3,Transit,Tanker
900000122,STS_TANKER_1_1,PA,transit,0.9983226581265012,tanker,0.9999999773793845,0.0,0.0,0.0,0.0,0.0,1.0675206832132371e-05,0.0016666666666666668,0.9983226581265012,0.0,0.002430555555555555,0.3,0.14929018509063444,0.3,Transit,Tanker
900000122,STS_TANKER_1_1,PA,transit,0.9999893247931678,tanker,0.9999999830166358,0.0,0.0,0.0,0.0,0.0,1.0675206832132371e-05,0.0,0.9999893247931678,0.0,0.002430555555555555,0.3,0.14361505582105727,0.3,Transit,Tanker
900000122,STS_TANKER_1_1,PA,transit,0.9999893247931678,tanker,0.9999999829609004,0.0,0.0,0.0,0.0,0.0,1.0675206832132371e-05,0.0,0.9999893247931678,0.0,0.002430555555555555,0.3,0.1380411163327102,0.3,Transit,Tanker
900000122,STS_TANKER_1_1,PA,sts,0.6348518518518516,tanker,0.9999999816895851,0.023444444444444445,0.0,0.0,0.0013333333333333335,0.0033333333333333335,0.0,0.6348518518518516,0.32953703703703696,0.0075,0.002430555555555555,0.3,0.6336635013959471,0.6336635013959471,STS Transfer,Tanker
900000122,STS_TANKER_1_1,PA,sts,0.7845696649029983,tanker,0.9999999830236325,0.007222222222222222,0.010555555555555556,0.0,0.011695326278659612,0.049679453262786596,0.0,0.7845696649029983,0.09722222222222221,0.03905555555555556,0.002430555555555555,0.3,0.631306086887246,0.631306086887246,STS Transfer,Tanker
900000122,STS_TANKER_1_1,PA,sts,0.8656649029982365,tanker,0.999999982179787,0.036500000000000005,0.002738095238095238,0.0022222222222222222,0.005088183421516755,0.05606437389770722,0.0,0.8656649029982365,0.0175,0.014222222222222221,0.002430555555555555,0.3,0.6302612604613956,0.6302612604613956,STS Transfer,Tanker
900000122,STS_TANKER_1_1,PA,sts,0.9618672839506176,tanker,0.9999999822054776,0.006944444444444443,0.005694444444444444,0.0033333333333333335,0.0030246913580246914,0.003691358024691358,0.0,0.9618672839506176,0.015444444444444443,0.0,0.002430555555555555,0.3,0.6296792629595573,0.6296792629595573,STS Transfer,Tanker
900000122,STS_TANKER_1_1,PA,sts,0.9770617283950617,tanker,0.9999999821797981,0.006888888888888888,0.0013333333333333335,0.0033333333333333335,0.0030246913580246914,0.0019135802469135803,0.0,0.9770617283950617,0.005333333333333334,0.0011111111111111111,0.002430555555555555,0.3,0.6291948562330012,0.6291948562330012,STS Transfer,Tanker
900000122,STS_TANKER_1_1,PA,sts,0.9760061728395061,tanker,0.9999999820836684,0.009944444444444445,0.010888888888888889,0.0,0.0002469135802469136,0.0002469135802469136,0.0,0.9760061728395061,0.002666666666666667,0.0,0.002430555555555555,0.3,0.6287770420265681,0.6287770420265681,STS Transfer,Tanker
900000122,STS_TANKER_1_1,PA,sts,0.9091418149751481,tanker,0.9999999812433783,0.03555555555555555,0.035,0.0,0.002191358024691358,0.006596119929453262,0.0,0.9091418149751481,0.0075000000000000015,0.004015151515151515,0.002430555555555555,0.3,0.6285630185611383,0.6285630185611383,STS Transfer,Tanker
900000122,STS_TANKER_1_1,PA,transit,0.695281746031746,tanker,0.9999999817694419,0.014722222222222223,0.0047777777777777775,0.0,0.0022222222222222222,0.00788888888888889,0.0,0.27510714285714283,0.695281746031746,0.0,0.002430555555555555,0.3,0.12769172075047622,0.3,Transit,Tanker
900000122,STS_TANKER_1_1,PA,transit,0.9869337692376124,tanker,0.999999982961718,0.0033333333333333335,0.0,0.0,0.0,0.0,0.0016773418734987993,0.008055555555555555,0.9869337692376124,0.0,0.002430555555555555,0.3,0.12469731813993297,0.3,Transit,Tanker
900000122,STS_TANKER_1_1,PA,transit,0.9999893247931678,tanker,0.999999982958706,0.0,0.0,0.0,0.0,0.0,1.0675206832132371e-05,0.0,0.9999893247931678,0.0,0.002430555555555555,0.3,0.11994291218250513,0.3,Transit,Tanker
900000122,STS_TANKER_1_1,PA,transit,0.9983226581265012,tanker,0.9999999829578922,0.0,0.0,0.0,0.0,0.0,1.0675206832132371e-05,0.0016666666666666668,0.9983226581265012,0.0,0.002430555555555555,0.3,0.11482410849971963,0.3,Transit,Tanker
900000122,STS_TANKER_1_1,PA,transit,0.9979893247931678,tanker,0.9999999829578922,0.0,0.0,0.0,0.0,0.0,1.0675206832132371e-05,0.002,0.9979893247931678,0.0,0.002430555555555555,0.3,0.10959805978476296,0.3,Transit,Tanker
900000122,STS_TANKER_1_1,PA,transit,0.9963226581265011,tanker,0.999999983017129,0.0,0.0,0.0,0.0,0.0,1.0675206832132371e-05,0.003666666666666667,0.9963226581265011,0.0,0.002430555555555555,0.3,0.10410963214608089,0.3,Transit,Tanker
900000122,STS_TANKER_1_1,PA,transit,0.9999893247931678,tanker,0.9999999829578922,0.0,0.0,0.0,0.0,0.0,1.0675206832132371e-05,0.0,0.9999893247931678,0.0,0.002430555555555555,0.3,0.09863555438127602,0.3,Transit,Tanker
900000122,STS_TANKER_1_1,PA,transit,0.9999893247931678,tanker,0.9999999829578922,0.0,0.0,0.0,0.0,0.0,1.0675206832132371e-05,0.0,0.9999893247931678,0.0,0.002430555555555555,0.3,0.09350216378953193,0.3,Transit,Tanker
900000122,STS_TANKER_1_1,PA,transit,0.9999893247931678,tanker,0.9999999829578922,0.0,0.0,0.0,0.0,0.0,1.0675206832132371e-05,0.0,0.9999893247931678,0.0,0.002430555555555555,0.3,0.08857647339981231,0.3,Transit,Tanker
900000122,STS_TANKER_1_1,PA,transit,0.9999893247931678,tanker,0.999999983017129,0.0,0.0,0.0,0.0,0.0,1.0675206832132371e-05,0.0,0.9999893247931678,0.0,0.002430555555555555,0.3,0.08359289711656354,0.3,Transit,Tanker
900000122,STS_TANKER_1_1,PA,transit,0.9999893247931678,tanker,0.999999977377595,0.0,0.0,0.0,0.0,0.0,1.0675206832132371e-05,0.0,0.9999893247931678,0.0,0.002430555555555555,0.3,0.07852950628514926,0.3,Transit,Tanker
900000123,STS_TANKER_1_2,VU,transit,0.9988782136820569,bulk_carrier,0.6865028858680449,0.0,0.0,0.0,0.0011111111111111111,0.0,1.0675206832132371e-05,0.0,0.9988782136820569,0.0,0.002430555555555555,0.3,0.0,0.3,Transit,Bulk Carrier
900000123,STS_TANKER_1_2,VU,transit,0.9999893247931678,bulk_carrier,0.6865029208599185,0.0,0.0,0.0,0.0,0.0,1.0675206832132371e-05,0.0,0.9999893247931678,0.0,0.002430555555555555,0.3,0.0,0.3,Transit,Bulk Carrier
900000123,STS_TANKER_1_2,VU,transit,0.9999893247931678,bulk_carrier,0.682031579716565,0.0,0.0,0.0,0.0,0.0,1.0675206832132371e-05,0.0,0.9999893247931678,0.0,0.002430555555555555,0.3,0.0,0.3,Transit,Bulk Carrier
900000123,STS_TANKER_1_2,VU,transit,0.9999893247931678,bulk_carrier,0.6820315528107553,0.0,0.0,0.0,0.0,0.0,1.0675206832132371e-05,0.0,0.9999893247931678,0.0,0.002430555555555555,0.3,0.0,0.3,Transit,Bulk Carrier
900000123,STS_TANKER_1_2,VU,transit,0.9999893247931678,bulk_carrier,0.6820554846862121,0.0,0.0,0.0,0.0,0.0,1.0675206832132371e-05,0.0,0.9999893247931678,0.0,0.002430555555555555,0.3,0.0,0.3,Transit,Bulk Carrier
900000123,STS_TANKER_1_2,VU,transit,0.9983226581265012,bulk_carrier,0.6820554846862121,0.0,0.0,0.0,0.0,0.0,1.0675206832132371e-05,0.0016666666666666668,0.9983226581265012,0.0,0.002430555555555555,0.3,0.0,0.3,Transit,Bulk Carrier
900000123,STS_TANKER_1_2,VU,transit,0.9999893247931678,bulk_carrier,0.6820543129960253,0.0,0.0,0.0,0.0,0.0,1.0675206832132371e-05,0.0,0.9999893247931678,0.0,0.002430555555555555,0.3,0.0,0.3,Transit,Bulk Carrier
900000123,STS_TANKER_1_2,VU,transit,0.9999893247931678,bulk_carrier,0.6865029208599185,0.0,0.0,0.0,0.0,0.0,1.0675206832132371e-05,0.0,0.9999893247931678,0.0,0.002430555555555555,0.3,0.0,0.3,Transit,Bulk Carrier
900000123,STS_TANKER_1_2,VU,transit,0.9999893247931678,bulk_carrier,0.6824718472608062,0.0,0.0,0.0,0.0,0.0,1.0675206832132371e-05,0.0,0.9999893247931678,0.0,0.002430555555555555,0.3,0.0,0.3,Transit,Bulk Carrier
900000123,STS_TANKER_1_2,VU,sts,0.49532936507936504,bulk_carrier,0.681643447273002,0.04694444444444445,0.009087301587301588,0.0025,0.009444444444444445,0.028722222222222225,0.0,0.49532936507936504,0.3826388888888887,0.02533333333333333,0.002430555555555555,0.3,0.5,0.5,STS Transfer,Bulk Carrier
900000123,STS_TANKER_1_2,VU,sts,0.7976450617283952,bulk_carrier,0.6815103196047588,0.06655555555555556,0.018694444444444444,0.06305555555555555,0.0019135802469135803,0.004135802469135802,0.0,0.7976450617283952,0.03855555555555555,0.009444444444444443,0.002430555555555555,0.3,0.5,0.5,STS Transfer,Bulk Carrier
900000123,STS_TANKER_1_2,VU,sts,0.9383950617283952,bulk_carrier,0.6802038025180953,0.03405555555555556,0.007222222222222222,0.007777777777777777,0.0002469135802469136,0.004246913580246913,0.0,0.9383950617283952,0.004722222222222221,0.0033333333333333335,0.002430555555555555,0.3,0.5,0.5,STS Transfer,Bulk Carrier
900000123,STS_TANKER_1_2,VU,sts,0.7902125220458557,bulk_carrier,0.6797915057251143,0.09716666666666668,0.09340476190476192,0.0,0.002691358024691358,0.011858024691358026,0.0,0.7902125220458557,0.0013333333333333335,0.0033333333333333335,0.002430555555555555,0.3,0.5,0.5,STS Transfer,Bulk Carrier
900000123,STS_TANKER_1_2,VU,sts,0.5848236331569668,bulk_carrier,0.719065537309298,0.28394444444444444,0.11273809523809525,0.008888888888888889,0.0013580246913580246,0.005246913580246913,0.0,0.5848236331569668,0.003,0.0,0.002430555555555555,0.3,0.5,0.5,STS Transfer,Bulk Carrier
900000123,STS_TANKER_1_2,VU,sts,0.8779426807760141,bulk_carrier,0.6798572269031388,0.050555555555555555,0.0629920634920635,0.0,0.002691358024691358,0.004485008818342151,0.0,0.8779426807760141,0.0013333333333333335,0.0,0.002430555555555555,0.3,0.5,0.5,STS Transfer,Bulk Carrier
900000123,STS_TANKER_1_2,VU,sts,0.9475465768799103,bulk_carrier,0.6809023846047576,0.018277777777777778,0.014444444444444444,0.0033333333333333335,0.004163580246913581,0.0014969135802469136,0.0,0.9475465768799103,0.0045,0.006237373737373737,0.002430555555555555,0.3,0.5,0.5,STS Transfer,Bulk Carrier
900000123,STS_TANKER_1_2,VU,transit,0.6896468253968253,bulk_carrier,0.6816187142280317,0.15755555555555556,0.015222222222222222,0.007777777777777777,0.0,0.0019444444444444442,0.0,0.1278531746031746,0.6896468253968253,0.0,0.002430555555555555,0.3,0.0,0.3,Transit,Bulk Carrier
900000123,STS_TANKER_1_2,VU,transit,0.9944337692376124,bulk_carrier,0.682471847262367,0.0033333333333333335,0.0,0.0,0.0,0.0,1.0675206832132371e-05,0.0022222222222222222,0.9944337692376124,0.0,0.002430555555555555,0.3,0.0,0.3,Transit,Bulk Carrier
900000123,STS_TANKER_1_2,VU,transit,0.9983226581265012,bulk_carrier,0.6820315797181287,0.0,0.0,0.0,0.0,0.0,1.0675206832132371e-05,0.0016666666666666668,0.9983226581265012,0.0,0.002430555555555555,0.3,0.0,0.3,Transit,Bulk Carrier
900000123,STS_TANKER_1_2,VU,transit,0.9958226581265012,bulk_carrier,0.6820554846862121,0.0,0.0,0.0,0.0,0.0,1.0675206832132371e-05,0.004166666666666667,0.9958226581265012,0.0,0.002430555555555555,0.3,0.0,0.3,Transit,Bulk Carrier
900000123,STS_TANKER_1_2,VU,transit,0.9983226581265012,bulk_carrier,0.6865029208599185,0.0,0.0,0.0,0.0,0.0,1.0675206832132371e-05,0.0016666666666666668,0.9983226581265012,0.0,0.002430555555555555,0.3,0.0,0.3,Transit,Bulk Carrier
900000123,STS_TANKER_1_2,VU,transit,0.9999893247931678,bulk_carrier,0.6865028941585527,0.0,0.0,0.0,0.0,0.0,1.0675206832132371e-05,0.0,0.9999893247931678,0.0,0.002430555555555555,0.3,0.0,0.3,Transit,Bulk Carrier
900000123,STS_TANKER_1_2,VU,transit,0.9999893247931678,bulk_carrier,0.6865029208599185,0.0,0.0,0.0,0.0,0.0,1.0675206832132371e-05,0.0,0.9999893247931678,0.0,0.002430555555555555,0.3,0.0,0.3,Transit,Bulk Carrier
900000123,STS_TANKER_1_2,VU,transit,0.9999893247931678,bulk_carrier,0.682031579716565,0.0,0.0,0.0,0.0,0.0,1.0675206832132371e-05,0.0,0.9999893247931678,0.0,0.002430555555555555,0.3,0.0,0.3,Transit,Bulk Carrier
900000123,STS_TANKER_1_2,VU,transit,0.9955448803487235,bulk_carrier,0.6865029208599185,0.0022222222222222222,0.0,0.0,0.0,0.0,1.0675206832132371e-05,0.0022222222222222222,0.9955448803487235,0.0,0.002430555555555555,0.3,0.0,0.3,Transit,Bulk Carrier
900000123,STS_TANKER_1_2,VU,transit,0.9999893247931678,bulk_carrier,0.682031579716565,0.0,0.0,0.0,0.0,0.0,1.0675206832132371e-05,0.0,0.9999893247931678,0.0,0.002430555555555555,0.3,0.0,0.3,Transit,Bulk Carrier
900000123,STS_TANKER_1_2,VU,transit,0.9999893247931678,bulk_carrier,0.682031579716565,0.0,0.0,0.0,0.0,0.0,1.0675206832132371e-05,0.0,0.9999893247931678,0.0,0.002430555555555555,0.3,0.0,0.3,Transit,Bulk Carrier
900000132,STS_TANKER_2_1,PA,transit,0.9977671025709458,tanker,0.9999999873330873,0.0,0.0,0.0,0.0,0.0,1.0675206832132371e-05,0.0022222222222222222,0.9977671025709458,0.0,0.002430555555555555,0.3,0.1438668358371607,0.3,Transit,Tanker
900000132,STS_TANKER_2_1,PA,transit,0.9999893247931678,tanker,0.9999999873330873,0.0,0.0,0.0,0.0,0.0,1.0675206832132371e-05,0.0,0.9999893247931678,0.0,0.002430555555555555,0.3,0.14894610379551834,0.3,Transit,Tanker
900000132,STS_TANKER_2_1,PA,transit,0.9999893247931678,tanker,0.9999999873127828,0.0,0.0,0.0,0.0,0.0,1.0675206832132371e-05,0.0,0.9999893247931678,0.0,0.002430555555555555,0.3,0.15430192217600613,0.3,Transit,Tanker
900000132,STS_TANKER_2_1,PA,transit,0.9999893247931678,tanker,0.9999999873127828,0.0,0.0,0.0,0.0,0.0,1.0675206832132371e-05,0.0,0.9999893247931678,0.0,0.002430555555555555,0.3,0.1599184704498584,0.3,Transit,Tanker
900000132,STS_TANKER_2_1,PA,transit,0.9999893247931678,tanker,0.9999999873127828,0.0,0.0,0.0,0.0,0.0,1.0675206832132371e-05,0.0,0.9999893247931678,0.0,0.002430555555555555,0.3,0.165515200799044,0.3,Transit,Tanker
900000132,STS_TANKER_2_1,PA,transit,0.9999893247931678,tanker,0.9999999873330873,0.0,0.0,0.0,0.0,0.0,1.0675206832132371e-05,0.0,0.9999893247931678,0.0,0.002430555555555555,0.3,0.1710204374469037,0.3,Transit,Tanker
900000132,STS_TANKER_2_1,PA,transit,0.9999893247931678,tanker,0.9999999873330873,0.0,0.0,0.0,0.0,0.0,1.0675206832132371e-05,0.0,0.9999893247931678,0.0,0.002430555555555555,0.3,0.17625476234188883,0.3,Transit,Tanker
900000132,STS_TANKER_2_1,PA,transit,0.9999893247931678,tanker,0.9999999873127828,0.0,0.0,0.0,0.0,0.0,1.0675206832132371e-05,0.0,0.9999893247931678,0.0,0.002430555555555555,0.3,0.1814258476264294,0.3,Transit,Tanker
900000132,STS_TANKER_2_1,PA,transit,0.9999893247931678,tanker,0.9999999873351101,0.0,0.0,0.0,0.0,0.0,1.0675206832132371e-05,0.0,0.9999893247931678,0.0,0.002430555555555555,0.3,0.1868092512540535,0.3,Transit,Tanker
900000132,STS_TANKER_2_1,PA,sts,0.6921296296296298,tanker,0.9999999838682889,0.022666666666666665,0.0011111111111111111,0.0,0.0013333333333333335,0.009722222222222222,0.0,0.6921296296296298,0.2685925925925926,0.0044444444444444444,0.002430555555555555,0.3,0.691250424412905,0.691250424412905,STS Transfer,Tanker
900000132,STS_TANKER_2_1,PA,sts,0.8605855379188715,tanker,0.9999999622433876,0.05203174603174603,0.026833333333333334,0.0008333333333333334,0.005830246913580248,0.0037191358024691356,0.0,0.8605855379188715,0.042111111111111106,0.008055555555555555,0.002430555555555555,0.3,0.6934137235057624,0.6934137235057624,STS Transfer,Tanker
900000132,STS_TANKER_2_1,PA,sts,0.8103659611992945,tanker,0.9999999319809192,0.07347619047619049,0.10259259259259262,0.0025,0.002691358024691358,0.0032627865961199296,0.0,0.8103659611992945,0.0051111111111111105,0.0,0.002430555555555555,0.3,0.6939617318867356,0.6939617318867356,STS Transfer,Tanker
900000132,STS_TANKER_2_1,PA,sts,0.7725643738977076,tanker,0.9999999469483857,0.08144444444444444,0.13294179894179892,0.0008333333333333334,0.002691358024691358,0.0045246913580246914,0.0,0.7725643738977076,0.005,0.0,0.002430555555555555,0.3,0.6941240765179593,0.6941240765179593,STS Transfer,Tanker
900000132,STS_TANKER_2_1,PA,sts,0.9566358024691358,tanker,0.9999999159697159,0.014888888888888886,0.015092592592592591,0.005277777777777778,0.0002469135802469136,0.00702469135802469,0.0,0.9566358024691358,0.0008333333333333334,0.0,0.002430555555555555,0.3,0.6943587097401098,0.6943587097401098,STS Transfer,Tanker
900000132,STS_TANKER_2_1,PA,sts,0.9605246913580247,tanker,0.9999999159696245,0.014333333333333333,0.010648148148148148,0.006666666666666667,0.0002469135802469136,0.0045246913580246914,0.0,0.9605246913580247,0.0030555555555555553,0.0,0.002430555555555555,0.3,0.6946623559541641,0.6946623559541641,STS Transfer,Tanker
900000132,STS_TANKER_2_1,PA,sts,0.9525095398428732,tanker,0.9999999669349129,0.016555555555555556,0.008981481481481481,0.004666666666666666,0.0002469135802469136,0.003302469135802469,0.0,0.9525095398428732,0.008888888888888889,0.0048484848484848485,0.002430555555555555,0.3,0.6949540350378185,0.6949540350378185,STS Transfer,Tanker
900000132,STS_TANKER_2_1,PA,transit,0.8026190476190476,tanker,0.9999999838902653,0.014222222222222221,0.0016666666666666668,0.0,0.002777777777777778,0.011333333333333334,0.0,0.16460317460317464,0.8026190476190476,0.0027777777777777775,0.002430555555555555,0.3,0.19576502364024162,0.3,Transit,Tanker
900000132,STS_TANKER_2_1,PA,transit,0.9958226581265012,tanker,0.9999999873354893,0.0008333333333333334,0.0,0.0,0.0,0.0,1.0675206832132371e-05,0.0033333333333333335,0.9958226581265012,0.0,0.002430555555555555,0.3,0.19812080062693005,0.3,Transit,Tanker
900000132,STS_TANKER_2_1,PA,transit,0.9999893247931678,tanker,0.9999999873351973,0.0,0.0,0.0,0.0,0.0,1.0675206832132371e-05,0.0,0.9999893247931678,0.0,0.002430555555555555,0.3,0.2,0.3,Transit,Tanker
900000132,STS_TANKER_2_1,PA,transit,0.9999893247931678,tanker,0.9999999873127828,0.0,0.0,0.0,0.0,0.0,1.0675206832132371e-05,0.0,0.9999893247931678,0.0,0.002430555555555555,0.3,0.2,0.3,Transit,Tanker
900000132,STS_TANKER_2_1,PA,transit,0.9999893247931678,tanker,0.9999999867649008,0.0,0.0,0.0,0.0,0.0,1.0675206832132371e-05,0.0,0.9999893247931678,0.0,0.002430555555555555,0.3,0.2,0.3,Transit,Tanker
900000132,STS_TANKER_2_1,PA,transit,0.9999893247931678,tanker,0.9999999825834532,0.0,0.0,0.0,0.0,0.0,1.0675206832132371e-05,0.0,0.9999893247931678,0.0,0.002430555555555555,0.3,0.2,0.3,Transit,Tanker
900000132,STS_TANKER_2_1,PA,transit,0.9999893247931678,tanker,0.9999999825834532,0.0,0.0,0.0,0.0,0.0,1.0675206832132371e-05,0.0,0.9999893247931678,0.0,0.002430555555555555,0.3,0.2,0.3,Transit,Tanker
900000132,STS_TANKER_2_1,PA,transit,0.9999893247931678,tanker,0.9999999873127828,0.0,0.0,0.0,0.0,0.0,1.0675206832132371e-05,0.0,0.9999893247931678,0.0,0.002430555555555555,0.3,0.2,0.3,Transit,Tanker
900000132,STS_TANKER_2_1,PA,transit,0.9999893247931678,tanker,0.9999999873127828,0.0,0.0,0.0,0.0,0.0,1.0675206832132371e-05,0.0,0.9999893247931678,0.0,0.002430555555555555,0.3,0.2,0.3,Transit,Tanker
900000132,STS_TANKER_2_1,PA,transit,0.9954337692376123,tanker,0.9999999863509299,0.002888888888888889,0.0016666666666666668,0.0,0.0,0.0,1.0675206832132371e-05,0.0,0.9954337692376123,0.0,0.002430555555555555,0.3,0.2,0.3,Transit,Tanker
900000132,STS_TANKER_2_1,PA,transit,0.9999893247931678,tanker,0.9999999873330873,0.0,0.0,0.0,0.0,0.0,1.0675206832132371e-05,0.0,0.9999893247931678,0.0,0.002430555555555555,0.3,0.2,0.3,Transit,Tanker
900000133,STS_TANKER_2_2,VU,transit,0.9999893247931678,tanker,0.9999999830235601,0.0,0.0,0.0,0.0,0.0,1.0675206832132371e-05,0.0,0.9999893247931678,0.0,0.002430555555555555,0.3,0.09731963238795999,0.3,Transit,Tanker
900000133,STS_TANKER_2_2,VU,transit,0.9999893247931678,tanker,0.9999999872939397,0.0,0.0,0.0,0.0,0.0,1.0675206832132371e-05,0.0,0.9999893247931678,0.0,0.002430555555555555,0.3,0.09561897760891165,0.3,Transit,Tanker
900000133,STS_TANKER_2_2,VU,transit,0.9999893247931678,tanker,0.9999999872947397,0.0,0.0,0.0,0.0,0.0,1.0675206832132371e-05,0.0,0.9999893247931678,0.0,0.002430555555555555,0.3,0.0941462451619995,0.3,Transit,Tanker
900000133,STS_TANKER_2_2,VU,transit,0.9999893247931678,tanker,0.9999999872939397,0.0,0.0,0.0,0.0,0.0,1.0675206832132371e-05,0.0,0.9999893247931678,0.0,0.002430555555555555,0.3,0.09325620183101285,0.3,Transit,Tanker
900000133,STS_TANKER_2_2,VU,transit,0.9999893247931678,tanker,0.9999999872939397,0.0,0.0,0.0,0.0,0.0,1.0675206832132371e-05,0.0,0.9999893247931678,0.0,0.002430555555555555,0.3,0.09301643897581702,0.3,Transit,Tanker
900000133,STS_TANKER_2_2,VU,transit,0.9999893247931678,tanker,0.9999999872926749,0.0,0.0,0.0,0.0,0.0,1.0675206832132371e-05,0.0,0.9999893247931678,0.0,0.002430555555555555,0.3,0.09322409568381682,0.3,Transit,Tanker
900000133,STS_TANKER_2_2,VU,transit,0.9999893247931678,tanker,0.9999999872927058,0.0,0.0,0.0,0.0,0.0,1.0675206832132371e-05,0.0,0.9999893247931678,0.0,0.002430555555555555,0.3,0.09297323716067342,0.3,Transit,Tanker
900000133,STS_TANKER_2_2,VU,transit,0.9999893247931678,tanker,0.9999999872939397,0.0,0.0,0.0,0.0,0.0,1.0675206832132371e-05,0.0,0.9999893247931678,0.0,0.002430555555555555,0.3,0.09119179343843062,0.3,Transit,Tanker
900000133,STS_TANKER_2_2,VU,transit,0.9999893247931678,tanker,0.999999987298208,0.0,0.0,0.0,0.0,0.0,1.0675206832132371e-05,0.0,0.9999893247931678,0.0,0.002430555555555555,0.3,0.08882435756536979,0.3,Transit,Tanker
900000133,STS_TANKER_2_2,VU,sts,0.6699246031746029,tanker,0.9999999864040108,0.029388888888888888,0.0027777777777777775,0.0,0.007222222222222222,0.014428571428571428,0.0,0.6699246031746029,0.2665357142857143,0.009722222222222222,0.002430555555555555,0.3,0.5869610461603266,0.5869610461603266,STS Transfer,Tanker
900000133,STS_TANKER_2_2,VU,sts,0.8059069664902998,tanker,0.9999999846025451,0.030500000000000003,0.038047619047619045,0.0033333333333333335,0.0031437389770723103,0.006060405643738976,0.0,0.8059069664902998,0.11000793650793649,0.003,0.002430555555555555,0.3,0.5859053342269812,0.5859053342269812,STS Transfer,Tanker
900000133,STS_TANKER_2_2,VU,sts,0.9499744268077601,tanker,0.999999986681698,0.019999999999999997,0.006587301587301587,0.01,0.0019135802469135803,0.006191358024691358,0.0,0.9499744268077601,0.005333333333333334,0.0,0.002430555555555555,0.3,0.5855643607434811,0.5855643607434811,STS Transfer,Tanker
900000133,STS_TANKER_2_2,VU,sts,0.8702244268077599,tanker,0.9999999869416156,0.07230952380952381,0.038138888888888896,0.006666666666666666,0.0002469135802469136,0.0002469135802469136,0.0,0.8702244268077599,0.012166666666666668,0.0,0.002430555555555555,0.3,0.5854429355863182,0.5854429355863182,STS Transfer,Tanker
900000133,STS_TANKER_2_2,VU,sts,0.9485299823633156,tanker,0.9999999866622649,0.024944444444444446,0.017365079365079365,0.0025,0.0002469135802469136,0.0002469135802469136,0.0,0.9485299823633156,0.006166666666666667,0.0,0.002430555555555555,0.3,0.5853393168195891,0.5853393168195891,STS Transfer,Tanker
900000133,STS_TANKER_2_2,VU,sts,0.9717283950617283,tanker,0.999999986589317,0.013888888888888886,0.01,0.0022222222222222222,0.0002469135802469136,0.0019135802469135803,0.0,0.9717283950617283,0.0,0.0,0.002430555555555555,0.3,0.5851943282713926,0.5851943282713926,STS Transfer,Tanker
900000133,STS_TANKER_2_2,VU,sts,0.9302283950617283,tanker,0.9999999852141983,0.026222222222222223,0.014444444444444444,0.0033333333333333335,0.004691358024691358,0.017469135802469136,0.0,0.9302283950617283,0.0008333333333333334,0.0027777777777777775,0.002430555555555555,0.3,0.585050490657222,0.585050490657222,STS Transfer,Tanker
900000133,STS_TANKER_2_2,VU,transit,0.7854484126984126,tanker,0.9999999868605944,0.046166666666666675,0.011055555555555556,0.011666666666666667,0.0031666666666666666,0.007111111111111111,0.0,0.13538492063492064,0.7854484126984126,0.0,0.002430555555555555,0.3,0.08481741929384135,0.3,Transit,Tanker
900000133,STS_TANKER_2_2,VU,transit,0.9894337692376123,tanker,0.9999999873241866,0.005277777777777778,0.0,0.0,0.0,0.0,1.0675206832132371e-05,0.005277777777777778,0.9894337692376123,0.0,0.002430555555555555,0.3,0.0842959608663065,0.3,Transit,Tanker
900000133,STS_TANKER_2_2,VU,transit,0.9999893247931678,tanker,0.9999999872947397,0.0,0.0,0.0,0.0,0.0,1.0675206832132371e-05,0.0,0.9999893247931678,0.0,0.002430555555555555,0.3,0.08342525529529898,0.3,Transit,Tanker
900000133,STS_TANKER_2_2,VU,transit,0.9999893247931678,tanker,0.9999999872939397,0.0,0.0,0.0,0.0,0.0,1.0675206832132371e-05,0.0,0.9999893247931678,0.0,0.002430555555555555,0.3,0.08202927219773933,0.3,Transit,Tanker
900000133,STS_TANKER_2_2,VU,transit,0.9999893247931678,tanker,0.9999999830248035,0.0,0.0,0.0,0.0,0.0,1.0675206832132371e-05,0.0,0.9999893247931678,0.0,0.002430555555555555,0.3,0.07971413677058667,0.3,Transit,Tanker
900000133,STS_TANKER_2_2,VU,transit,0.9999893247931678,tanker,0.9999999830235909,0.0,0.0,0.0,0.0,0.0,1.0675206832132371e-05,0.0,0.9999893247931678,0.0,0.002430555555555555,0.3,0.07690619841805486,0.3,Transit,Tanker
900000133,STS_TANKER_2_2,VU,transit,0.9999893247931678,tanker,0.9999999872939397,0.0,0.0,0.0,0.0,0.0,1.0675206832132371e-05,0.0,0.9999893247931678,0.0,0.002430555555555555,0.3,0.07450823416010709,0.3,Transit,Tanker
900000133,STS_TANKER_2_2,VU,transit,0.9999893247931678,tanker,0.9999999872939397,0.0,0.0,0.0,0.0,0.0,1.0675206832132371e-05,0.0,0.9999893247931678,0.0,0.002430555555555555,0.3,0.07243012354745051,0.3,Transit,Tanker
900000133,STS_TANKER_2_2,VU,transit,0.9977671025709456,tanker,0.9999999872939397,0.0022222222222222222,0.0,0.0,0.0,0.0,1.0675206832132371e-05,0.0,0.9977671025709456,0.0,0.002430555555555555,0.3,0.07045953283214479,0.3,Transit,Tanker
900000133,STS_TANKER_2_2,VU,transit,0.9999893247931678,tanker,0.9999999872939397,0.0,0.0,0.0,0.0,0.0,1.0675206832132371e-05,0.0,0.9999893247931678,0.0,0.002430555555555555,0.3,0.06802061979976191,0.3,Transit,Tanker
900000133,STS_TANKER_2_2,VU,transit,0.9999893247931678,tanker,0.9999999872939397,0.0,0.0,0.0,0.0,0.0,1.0675206832132371e-05,0.0,0.9999893247931678,0.0,0.002430555555555555,0.3,0.06493756456624347,0.3,Transit,Tanker
